NM_MUN;Acauã;Agricolândia;Água Branca;Alagoinha do Piauí;Alegrete do Piauí;Alto Longá;Altos;Alvorada do Gurguéia;Amarante;Angical do Piauí;Anísio de Abreu;Antônio Almeida;Aroazes;Aroeiras do Itaim;Arraial;Assunção do Piauí;Avelino Lopes;Baixa Grande do Ribeiro;Barra D'Alcântara;Barras;Barreiras do Piauí;Barro Duro;Batalha;Bela Vista do Piauí;Belém do Piauí;Beneditinos;Bertolínia;Betânia do Piauí;Boa Hora;Bocaina;Bom Jesus;Bom Princípio do Piauí;Bonfim do Piauí;Boqueirão do Piauí;Brasileira;Brejo do Piauí;Buriti dos Lopes;Buriti dos Montes;Cabeceiras do Piauí;Cajazeiras do Piauí;Cajueiro da Praia;Caldeirão Grande do Piauí;Campinas do Piauí;Campo Alegre do Fidalgo;Campo Grande do Piauí;Campo Largo do Piauí;Campo Maior;Canavieira;Canto do Buriti;Capitão de Campos;Capitão Gervásio Oliveira;Caracol;Caraúbas do Piauí;Caridade do Piauí;Castelo do Piauí;Caxingó;Cocal;Cocal de Telha;Cocal dos Alves;Coivaras;Colônia do Gurguéia;Colônia do Piauí;Conceição do Canindé;Coronel José Dias;Corrente;Cristalândia do Piauí;Cristino Castro;Curimatá;Currais;Curral Novo do Piauí;Curralinhos;Demerval Lobão;Dirceu Arcoverde;Dom Expedito Lopes;Dom Inocêncio;Domingos Mourão;Elesbão Veloso;Eliseu Martins;Esperantina;Fartura do Piauí;Flores do Piauí;Floresta do Piauí;Floriano;Francinópolis;Francisco Ayres;Francisco Macedo;Francisco Santos;Fronteiras;Geminiano;Gilbués;Guadalupe;Guaribas;Hugo Napoleão;Ilha Grande;Inhuma;Ipiranga do Piauí;Isaías Coelho;Itainópolis;Itaueira;Jacobina do Piauí;Jaicós;Jardim do Mulato;Jatobá do Piauí;Jerumenha;João Costa;Joaquim Pires;Joca Marques;José de Freitas;Juazeiro do Piauí;Júlio Borges;Jurema;Lagoa Alegre;Lagoa de São Francisco;Lagoa do Barro do Piauí;Lagoa do Piauí;Lagoa do Sítio;Lagoinha do Piauí;Landri Sales;Luís Correia;Luzilândia;Madeiro;Manoel Emídio;Marcolândia;Marcos Parente;Massapê do Piauí;Matias Olímpio;Miguel Alves;Miguel Leão;Milton Brandão;Monsenhor Gil;Monsenhor Hipólito;Monte Alegre do Piauí;Morro Cabeça no Tempo;Morro do Chapéu do Piauí;Murici dos Portelas;Nazaré do Piauí;Nazária;Nossa Senhora de Nazaré;Nossa Senhora dos Remédios;Nova Santa Rita;Novo Oriente do Piauí;Novo Santo Antônio;Oeiras;Olho D'Água do Piauí;Padre Marcos;Paes Landim;Pajeú do Piauí;Palmeira do Piauí;Palmeirais;Paquetá;Parnaguá;Parnaíba;Passagem Franca do Piauí;Patos do Piauí;Pau D'Arco do Piauí;Paulistana;Pavussu;Pedro II;Pedro Laurentino;Picos;Pimenteiras;Pio IX;Piracuruca;Piripiri;Porto;Porto Alegre do Piauí;Prata do Piauí;Queimada Nova;Redenção do Gurguéia;Regeneração;Riacho Frio;Ribeira do Piauí;Ribeiro Gonçalves;Rio Grande do Piauí;Santa Cruz do Piauí;Santa Cruz dos Milagres;Santa Filomena;Santa Luz;Santa Rosa do Piauí;Santana do Piauí;Santo Antônio de Lisboa;Santo Antônio dos Milagres;Santo Inácio do Piauí;São Braz do Piauí;São Félix do Piauí;São Francisco de Assis do Piauí;São Francisco do Piauí;São Gonçalo do Gurguéia;São Gonçalo do Piauí;São João da Canabrava;São João da Fronteira;São João da Serra;São João da Varjota;São João do Arraial;São João do Piauí;São José do Divino;São José do Peixe;São José do Piauí;São Julião;São Lourenço do Piauí;São Luis do Piauí;São Miguel da Baixa Grande;São Miguel do Fidalgo;São Miguel do Tapuio;São Pedro do Piauí;São Raimundo Nonato;Sebastião Barros;Sebastião Leal;Sigefredo Pacheco;Simões;Simplício Mendes;Socorro do Piauí;Sussuapara;Tamboril do Piauí;Tanque do Piauí;Teresina;União;Uruçuí;Valença do Piauí;Várzea Branca;Várzea Grande;Vera Mendes;Vila Nova do Piauí;Wall Ferraz
Acauã;0,0;20781,7;21173,9;12384,6;11105,1;26646,0;26827,9;20928,6;21975,8;21716,0;17773,7;27655,2;16754,1;11745,5;18761,9;25412,0;33682,9;38397,9;18671,2;34013,6;34982,1;20419,7;35072,1;10803,3;9056,0;26999,6;21105,3;6356,6;31923,2;11615,3;34824,1;39364,9;17644,5;30389,7;32474,0;14710,4;39136,7;26125,0;31802,9;16997,1;42116,5;11690,3;11524,2;6488,8;10184,2;36876,7;28846,1;23664,0;15078,9;31722,4;10989,7;20311,7;39706,3;10437,4;24592,4;40011,2;36005,2;30096,2;37992,3;28248,1;20515,0;16642,5;8056,3;17681,2;35613,5;38238,6;23100,3;33501,4;29080,1;8940,5;24268,4;25253,8;18808,1;12104,8;;34667,2;20316,0;19120,7;37657,6;17977,6;17307,7;14588,4;19555,1;19159,6;20495,5;10955,2;11003,4;13608,3;9914,8;33556,7;24199,3;23620,8;20886,2;41373,4;15644,2;15156,4;11444,6;9288,2;20959,1;5857,1;9513,6;22023,8;31174,2;21518,2;12257,4;38521,1;38647,0;28510,1;29687,2;35985,9;18752,3;32161,9;33282,4;5847,5;23879,0;19376,1;21006,9;27284,6;41525,4;37181,0;37810,5;21115,7;11480,5;26892,3;11137,3;37233,2;33843,2;21465,3;34774,7;22919,9;13269,8;29717,2;30580,5;36588,7;40280,0;17682,9;25825,8;29606,0;34282,0;10548,8;17082,8;29491,9;16741,2;20321,7;10891,0;13667,7;15253,6;24144,9;26162,8;11877,2;36369,3;41097,4;;7802,1;26010,9;6909,5;18237,2;33146,5;12236,2;11114,3;17869,1;13694,8;34390,0;31892,9;35052,9;25740,1;21996,8;3546,8;27579,2;21441,2;37938,4;16747,0;35552,6;17672,3;12951,0;20084,0;42972,1;24240,6;16635,6;12092,1;10931,9;22208,0;14119,9;16870,0;21014,1;7364,3;16121,7;33836,0;21468,0;14302,6;36742,9;24034,1;13082,1;36960,3;9812,7;35449,0;18083,6;12064,0;12707,6;16579,9;13522,7;20103,3;16042,0;24296,2;24656,9;16350,7;38052,3;23248,6;29854,0;10249,4;10690,0;;11396,1;16469,7;16996,5;25563,4;28692,2;26239,1;;17921,6;17803,6;9190,3;11226,1;13763,7
Agricolândia;20767,3;0,0;1849,0;15283,5;14004,0;8100,6;6559,0;18621,0;4663,3;2192,0;25243,1;15988,3;6102,6;12221,9;7777,7;16042,4;32784,9;30049,6;7792,6;13744,6;32674,6;984,4;14803,2;17220,2;13873,1;8855,2;14957,9;20122,7;11654,3;12227,5;32027,4;19096,0;25368,9;10120,8;12205,1;17673,8;18867,8;16698,2;11534,0;9534,8;21847,6;15482,6;17065,1;23406,0;13222,1;16607,8;8577,2;11997,1;15838,7;11453,5;26246,7;27781,1;19437,4;18750,3;14021,6;19742,3;15736,3;9827,3;17723,5;7979,2;18207,5;13623,1;19466,6;27231,3;33306,0;35931,1;20792,8;31193,9;26127,5;21795,3;3999,5;4984,9;26532,5;10050,4;;14398,3;7428,9;18138,5;17388,7;25702,0;15710,1;14910,5;6102,5;7168,5;6672,4;14338,0;12789,2;16507,2;11664,5;31249,2;12532,3;31090,2;2770,5;21104,5;9092,2;10562,1;16985,6;13893,7;15775,2;17551,9;14029,3;3696,7;10912,9;9851,3;23183,2;18252,2;18378,1;8241,2;14747,1;33678,4;26221,7;11893,0;13013,5;24401,4;3610,1;9949,3;825,2;16161,5;21256,5;16912,1;17541,6;18808,1;15272,7;15225,3;16786,4;16964,3;13574,3;1196,4;15295,6;2651,0;14559,0;27409,7;33731,5;16319,8;20011,1;9123,6;5556,9;9337,1;14013,1;21283,5;7481,0;12238,3;13125,1;543,7;15708,1;17097,4;16013,4;21837,4;7642,2;10198,9;34061,8;20828,5;;16888,8;5742,0;20675,5;17040,1;13484,9;19166,3;11460,0;17269,4;14984,0;14121,1;11624,0;14784,0;14073,2;4886,8;22100,7;25271,6;4820,9;35630,8;16312,9;26537,6;15117,5;10420,2;5303,0;33957,1;21933,0;9976,0;11129,5;11919,4;2502,7;13622,3;24339,3;4426,9;19059,1;9133,1;31528,5;2114,5;11527,8;16474,0;9658,2;9812,6;16691,5;20738,4;15180,1;13819,4;9793,6;15606,5;24304,3;13079,3;2993,3;14087,8;14869,4;4154,7;24075,1;35744,8;14233,6;12485,1;18249,0;16638,0;;11213,0;19045,8;7060,8;5294,5;8423,3;17224,1;;25646,0;6810,2;14679,2;14125,0;11232,9
Água Branca;21178,3;1841,0;0,0;15694,5;14415,0;9530,0;7988,5;17908,9;3951,1;1479,9;24531,0;15276,2;6513,6;12633,0;7065,5;16453,4;32072,8;29337,5;8100,4;15174,1;31962,4;2238,9;16232,8;16508,1;14284,1;10284,7;14245,8;20533,7;13083,8;12638,5;31315,2;20525,5;24656,8;11550,3;13634,6;16961,7;20297,3;17109,2;12963,5;8822,6;23277,1;15893,6;17157,8;22693,9;13633,2;18037,3;10006,7;11285,0;15126,6;12883,0;25534,6;27069,0;20866,9;19161,3;15451,1;21171,8;17165,8;11256,8;19153,0;9408,7;17495,3;12911,0;18754,5;26519,2;32593,8;35218,9;20080,7;30481,7;25415,4;22206,3;5429,0;6414,4;25820,4;10461,4;;15827,8;7839,9;17426,3;18818,2;24989,8;14998,0;15321,5;5390,4;6706,3;5960,2;14749,1;13200,3;16918,3;12075,5;30537,0;11820,2;30378,0;1409,3;22534,0;9503,3;10973,2;17396,6;14304,7;15063,1;17962,9;14440,4;2984,6;12342,4;9139,2;22471,1;19681,7;19807,6;9670,7;16176,6;32966,2;25509,5;13322,5;14443,0;24812,4;5039,6;10360,3;1305,7;15449,4;22686,0;18341,6;18971,1;18096,0;15683,7;14513,2;17197,4;18393,8;15003,8;2625,9;16725,1;4080,5;14970,0;26697,5;33019,4;17749,3;21440,6;8411,4;6986,4;10766,6;15442,6;20571,4;7892,0;13667,8;12413,0;1798,2;16119,1;16385,3;15301,3;21125,2;7473,5;10609,9;33349,7;22258,0;;17299,8;7171,5;21086,5;16328,0;14914,4;18454,1;11871,0;17680,4;15395,0;15550,6;13053,5;16213,5;13361,0;5601,2;22511,7;24559,5;4108,8;34918,7;15600,7;25825,5;14405,4;10831,2;6017,3;33245,0;21220,9;9263,9;11540,5;12330,4;1409,2;14033,4;23627,2;5141,2;19470,1;8421,0;30816,4;621,5;11938,8;17903,5;10372,6;10100,5;18121,0;20026,3;16609,6;13107,3;10204,6;16017,5;23592,2;13490,3;3707,6;13375,7;15280,4;5434,6;23363,0;35032,7;13521,5;13914,6;18660,0;15925,9;;11624,1;18333,7;6348,7;6724,0;9852,8;16512,0;;24933,8;7117,9;15090,3;14536,0;11644,0
Alagoinha do Piauí;12379,8;15299,6;15691,9;0,0;2406,0;21164,0;21345,8;24805,9;16493,8;16234,0;23990,2;22173,2;11272,1;6263,5;13279,9;16590,6;38969,8;36234,5;13189,1;28531,5;38859,5;14937,7;29590,1;12510,9;4881,5;21517,6;21142,8;11735,1;26441,1;5395,7;38212,3;33118,9;23861,0;24907,6;26991,9;20926,9;33654,6;18709,2;26320,8;11515,1;35870,5;4645,7;10606,6;15713,1;2860,3;31394,6;23364,1;18182,0;21185,5;26240,4;20213,9;26528,2;34224,3;7913,4;19110,3;34529,1;30523,2;24614,1;31862,9;22766,0;24392,3;11757,2;11363,6;25723,4;39490,9;42116,0;26977,7;37378,8;32312,4;10958,5;18786,3;19771,8;25024,6;6622,8;;29185,2;14834,0;24323,4;32175,6;24194,0;20660,2;11531,5;14073,0;13677,5;15013,5;3501,2;3660,6;4568,3;5206,0;37434,1;18717,2;29837,3;15404,1;35891,3;10162,1;9674,4;10527,0;7435,2;20669,0;9164,3;6302,4;16541,8;25692,2;16036,2;18473,9;33039,0;33165,0;23028,0;24205,2;39863,3;24968,8;26679,9;27800,3;16013,8;18397,0;13541,3;15524,8;22346,5;35279,3;31699,0;32328,5;24993,0;4435,9;21410,2;8345,9;31751,1;28361,2;15983,2;27078,5;17437,9;4448,3;33594,6;36796,9;31106,7;34797,9;12200,8;20343,8;24124,0;28800,0;16574,2;11600,8;24009,9;11259,2;14839,6;5189,9;14988,9;21360,2;28022,3;20680,8;6395,1;40246,7;35615,4;;8695,4;20528,9;10275,8;23225,0;26453,2;16771,0;5632,2;9047,6;4873,4;28908,0;26410,9;29570,9;20258,0;16514,8;13713,2;31456,5;15959,1;41815,7;18273,1;32722,5;21302,4;7468,9;14602,0;40142,0;28117,9;11153,6;6610,0;3861,7;16725,9;10671,1;23086,4;15532,0;10671,5;10639,6;37713,4;15986,0;8756,5;29187,0;18552,1;7600,1;31478,3;16029,1;29967,0;15779,6;6518,0;1115,6;22796,4;7303,1;14621,2;13738,1;18814,1;19174,8;22567,2;41929,7;20418,5;24371,9;7412,2;11890,4;;5850,1;22686,2;11514,4;20081,4;23210,2;23409,0;;24138,0;12321,6;8220,7;3288,2;8281,7
Alegrete do Piauí;11097,8;14017,6;14409,8;2413,1;0,0;19881,9;20063,8;23523,9;15211,8;14951,9;22708,2;20891,2;9990,0;4981,4;11997,8;16787,2;37687,8;34952,4;11907,1;27249,5;37577,4;13655,7;28308,1;11228,9;3092,6;20235,5;19860,8;10453,1;25159,1;4228,4;36930,2;32600,8;22579,0;23625,6;25709,9;19644,8;32372,6;18905,7;25038,8;10233,0;35352,4;2856,9;9324,5;14431,0;1578,3;30112,6;22082,0;16900,0;19903,4;24958,3;18931,9;25246,2;32942,2;6124,6;17828,3;33247,1;29241,1;23332,1;31228,3;21484,0;23110,3;10475,2;10081,6;24441,4;38208,8;40833,9;25695,7;36096,7;31030,4;9169,6;17504,3;18489,7;23742,5;5340,7;;27903,1;13551,9;23041,3;30893,5;22912,0;19378,2;10249,4;12791,0;12395,5;13731,5;1712,3;2378,5;2931,0;3923,9;36152,0;17435,2;28555,2;14122,1;34609,3;8880,1;8392,4;9245,0;6153,1;19387,0;7882,3;5020,4;15259,8;24410,1;14754,1;17191,9;31757,0;31882,9;21746,0;22923,2;38581,2;23686,7;25397,8;26518,3;14731,8;17114,9;12373,9;14242,8;21064,4;34761,3;30416,9;31046,4;23711,0;2647,0;20128,2;7063,9;30469,1;27079,1;14701,2;27275,0;16155,8;4644,9;32312,5;35514,9;29824,7;33515,9;10918,8;19061,7;22841,9;27517,9;15292,1;10318,8;22727,8;9977,2;13557,6;3401,1;13706,9;20078,2;26740,2;19398,7;5113,1;38964,7;34333,3;;7413,3;19246,8;8486,9;21942,9;26382,5;15489,0;4350,2;9244,2;5069,9;27626,0;25128,8;28288,8;18976,0;15232,7;12431,1;30174,5;14677,1;40533,7;16991,1;31440,5;20020,4;6186,9;13319,9;38859,9;26835,9;9871,5;5328,0;2579,7;15443,9;9389,0;21804,4;14250,0;9389,5;9357,6;36431,3;14704,0;7474,5;29383,6;17270,0;6318,0;30196,3;14747,1;28685,0;14497,6;5236,0;2030,2;21514,3;6135,7;13339,2;12456,1;17532,1;17892,8;21285,1;40647,7;19136,5;23089,9;5623,3;10608,3;;4568,0;21404,2;10232,4;18799,3;21928,1;22127,0;;22856,0;11039,5;6938,7;1693,7;6999,6
Alto Longá;26632,3;8094,3;9525,1;21148,5;19869,0;0,0;4674,5;26646,3;12688,5;10217,3;33268,3;24013,5;11955,2;18086,9;15802,9;16713,4;40810,2;38074,8;13657,6;12305,1;40699,8;8582,6;13158,5;23111,6;19738,1;2242,1;22983,2;25987,7;9769,7;18092,5;40052,6;17211,5;33394,2;8236,2;10320,5;25699,1;16983,2;13524,6;10094,5;16763,0;19963,1;21347,6;22930,2;29297,4;19087,2;15168,3;6692,7;20022,3;23863,9;9569,0;32138,1;35806,3;17552,9;24615,3;10139,0;17857,7;13851,8;7942,7;15838,9;6008,5;26232,7;19514,5;25358,0;35256,6;41331,2;43956,3;28818,0;39219,1;34152,8;27660,3;9055,0;4427,2;34557,8;15915,4;;12513,8;13293,9;26163,7;15744,0;33727,2;23735,3;20775,5;14127,8;13033,5;14697,6;20203,0;18654,3;22372,2;17529,5;39274,4;20557,6;39115,4;9943,8;19219,9;14957,3;16427,2;22850,6;19758,7;23800,4;23416,9;19894,3;11722,0;9028,3;17876,5;29074,6;16607,4;16733,4;6808,1;12862,6;41703,6;34246,9;11762,9;11129,0;30266,4;7007,6;15814,3;8501,4;24186,8;19371,9;16894,1;16835,5;26833,4;21137,7;23250,6;22651,4;16946,3;14319,9;8395,6;13411,0;7627,6;20424,0;35434,9;41756,8;14880,3;18126,5;17148,8;7760,1;7452,6;14075,0;27174,9;13346,0;7331,6;19016,5;8145,9;21573,1;23933,9;24038,7;29862,6;9986,7;16063,9;42087,1;18944,0;;22753,8;4453,7;26540,5;25065,3;11600,3;26002,8;17325,0;23134,4;20849,0;12236,6;9739,5;14360,3;22098,4;4720,1;27965,7;33296,9;12846,1;43656,1;24338,1;34562,9;23142,8;16285,2;8444,6;41982,3;29958,3;16401,5;16994,5;17784,4;10527,9;19487,4;32364,6;7568,5;24924,1;17158,3;39553,7;9790,7;17392,8;14589,4;7504,6;15677,7;15251,9;26629,9;13295,6;21844,6;15658,6;21471,5;32329,5;18944,3;6780,7;21495,5;13615,2;10781,9;32100,3;43770,1;22258,8;10600,6;24114,0;22529,5;;17078,0;27071,1;13131,3;6727,7;9168,9;25249,3;;33671,2;12675,2;20544,3;19990,0;17098,0
Altos;26907,4;6632,1;8062,9;21423,6;20144,0;4657,6;0,0;25184,1;11226,3;8755,1;31806,2;22551,4;12242,6;18362,0;14340,7;14370,9;39348,0;36612,6;13932,7;7964,6;39237,6;7124,4;8818,0;23386,7;20013,2;5426,9;21521,0;26262,7;5429,2;18367,5;38590,4;12871,0;31932,0;3895,7;5980,0;24236,9;12642,7;11182,1;5754,0;16097,8;15622,5;21622,7;23205,2;29572,5;19362,2;10827,8;2352,2;18560,2;22401,8;5228,5;32413,2;34344,2;13212,4;24890,3;7796,5;13517,2;9511,3;3602,2;11498,4;2280,2;24770,5;19789,6;25633,0;33794,4;39869,0;42494,1;27355,8;37756,9;32690,6;27935,4;7061,1;3714,5;33095,6;16190,4;;8173,3;13568,9;24701,5;11403,4;32265,0;22273,1;21050,5;12665,6;13308,5;13235,4;20478,1;18929,3;22647,3;17804,6;37812,2;19095,4;37653,2;8984,4;14879,4;15232,3;16702,2;23125,6;20033,8;22338,2;23691,9;20169,4;10259,8;4687,8;16414,3;29349,7;12266,9;12392,9;3251,1;8522,1;40241,4;32784,7;7693,6;6788,4;30541,4;5715,4;16089,3;7039,2;22724,6;15031,4;12553,6;12495,0;25371,2;21412,8;21788,4;22926,5;12605,8;10779,6;6933,4;9070,5;5633,6;20699,1;33972,7;40294,6;10539,8;13786,0;15686,6;5490,2;3112,1;10167,3;27450,0;13621,0;6814,0;19291,6;6683,7;21848,2;23660,4;22576,5;28400,4;7716,8;16339,0;40624,9;14603,5;;23028,8;4471,6;26815,6;23603,1;7259,8;25729,3;17600,0;22371,7;21124,1;7896,1;5399,0;10019,8;20636,2;7904,9;28240,8;31834,7;11384,0;42193,9;22875,9;33100,7;21680,6;16560,2;11443,0;40520,2;28496,1;16539,0;17269,5;18059,4;9065,7;19762,4;30902,4;10566,9;25199,1;15696,1;38091,6;8328,5;17667,8;10248,9;6987,1;15952,7;10911,4;26904,9;8955,1;20382,5;15933,7;21746,5;30867,3;19219,3;9133,3;20650,9;11272,7;8788,0;30638,1;42307,9;20796,7;6260,1;24389,1;22804,5;;17353,1;25608,9;13406,3;3187,4;5628,6;23787,2;;32209,0;12950,2;20819,3;20265,1;17373,0
Alvorada do Gurguéia;20969,5;18628,0;17920,4;24811,8;23532,3;26662,3;25120,7;0,0;15416,1;16521,7;15558,1;11389,1;23015,1;21750,2;15543,9;31730,1;14163,9;17469,3;21358,0;32306,4;14053,5;19371,2;33365,0;16014,9;23401,4;27416,9;3976,6;24325,5;30216,0;21879,8;13895,5;37657,8;15683,9;28682,5;30766,8;7988,8;37429,5;32386,0;30095,7;17301,0;40409,3;25010,9;16910,6;14799,1;22750,4;35169,5;27139,0;8507,8;7051,0;30015,3;17639,9;14622,0;37999,2;27666,3;30853,3;38304,0;34298,1;28389,0;36285,2;26540,9;1780,2;19392,3;18289,9;17546,3;14684,9;17310,0;2171,8;12572,8;8151,5;26909,4;22561,2;23546,6;16847,5;19578,7;;32960,1;23716,8;3414,8;35950,4;16016,9;9279,8;19836,0;12995,3;20185,1;14438,6;23866,3;22317,5;26035,5;21192,8;12628,1;11206,3;13286,7;18613,7;39666,2;21905,2;19572,5;17433,9;20547,9;12931,2;20040,4;23557,6;17078,7;29474,6;8776,3;14252,4;36813,9;36939,9;26802,9;33308,9;15057,3;15789,8;30454,7;31575,2;20336,7;22171,8;25637,0;18437,9;10156,0;39818,2;35473,8;36103,3;2016,5;24801,0;12019,8;26314,7;35526,0;32136,1;19718,5;33857,3;21212,7;24087,3;8788,6;15110,5;34881,6;38572,8;14225,4;22183,4;27898,8;32574,9;19278,3;23343,8;30800,0;18285,4;18930,5;25236,4;13879,2;7225,7;3216,3;19732,7;19727,2;15440,8;39390,2;;20481,6;24303,7;24878,4;9415,0;32046,6;14561,5;20988,3;28686,6;24512,3;32682,9;30185,8;33345,8;10867,6;22991,2;18201,9;6650,6;17587,6;17009,8;11138,9;18424,0;9644,4;19447,5;23407,4;23702,8;3312,0;17742,2;21953,5;21447,6;17400,0;19002,6;14654,3;22531,3;19382,6;14234,9;12907,5;17907,0;24265,5;35035,7;27762,6;17279,5;35253,2;11428,4;33741,9;13400,7;22266,7;25134,8;14619,3;23787,2;21097,7;15539,4;30557,2;21573,8;14390,1;17123,8;6120,0;31046,9;27292,9;15602,7;;21598,7;9360,8;19606,4;23856,2;26985,0;9110,5;;15960,9;20375,6;18964,5;23653,3;20209,2
Amarante;21981,1;4662,5;3954,9;16497,3;15217,7;12696,8;11155,2;15408,4;0,0;2556,2;22030,4;12775,6;10093,4;13435,7;4565,0;20033,2;29572,2;26836,9;7613,7;18340,9;29461,9;5405,7;19399,5;14674,9;15086,8;13451,4;11745,2;21336,4;16250,5;13565,3;28814,7;23692,3;22156,3;14717,0;16801,3;14461,2;23464,0;20689,1;16130,2;6322,1;26443,9;16696,3;15324,6;20860,6;14435,9;21204,0;13173,5;8784,4;12626,0;16049,8;23701,4;24568,4;24033,7;19964,0;18617,8;24338,5;20332,6;14423,5;22319,7;12575,4;14994,8;11077,8;16921,2;24018,7;30093,3;32718,4;17580,1;27981,2;22914,8;23009,1;8595,7;9581,2;23319,8;11264,1;;18994,6;9751,3;14925,8;21985,0;22489,3;12497,4;13801,7;2889,8;6219,6;3459,7;15551,8;14003,0;17721,0;12878,2;28036,5;9319,6;27877,5;4648,3;25700,7;12739,2;11257,9;15847,9;15107,5;12562,5;18671,7;15243,1;3113,2;15509,1;6638,6;20637,9;22848,4;22974,4;12837,4;19343,4;30465,7;23009,0;16489,3;17609,8;25615,1;8206,4;13940,1;4472,4;12948,9;25852,7;21508,4;22137,9;15595,5;16486,5;12012,6;18000,2;21560,5;18170,6;5753,1;19891,8;7247,3;15772,7;24197,0;30518,9;20916,1;24607,3;5910,9;8217,9;13933,4;18609,4;18738,1;10046,2;16834,6;9970,9;4965,0;16921,9;13884,7;12800,8;18624,7;5767,2;11412,7;30849,1;25424,8;;18102,5;10338,3;21889,3;13827,4;18081,1;15953,6;12673,7;20372,0;16197,8;18717,4;16220,3;19380,3;10860,5;9025,8;23314,4;22058,9;3622,1;32418,2;13100,2;23324,9;11904,9;11132,9;9441,9;30744,4;18720,4;6763,3;13639,0;13133,1;3434,5;12473,9;21126,7;8565,8;18013,9;5920,4;28315,8;3941,5;15518,6;21070,2;13797,2;8965,0;21287,7;17900,7;19776,4;10606,7;13784,5;16820,2;21091,6;15472,7;7132,2;10875,1;18860,2;7608,3;20862,4;32532,1;11020,9;17081,4;19462,8;14092,7;;13284,2;15833,1;5862,0;9890,8;13019,6;14011,4;;22433,3;6631,2;15893,0;15338,8;11894,6
Angical do Piauí;21721,7;2191,2;1483,7;16237,9;14958,4;10225,6;8684,0;16514,0;2556,2;0,0;23136,1;13881,3;7622,1;13176,3;5670,6;17562,0;30677,9;27942,5;6705,4;15869,7;30567,5;2934,4;16928,3;15113,2;14827,5;10980,2;12850,9;21077,1;13779,3;13306,0;29920,3;21221,0;23261,9;12245,8;14330,1;15566,8;20992,8;18217,8;13659,0;7427,7;23972,6;16437,0;15762,9;21298,9;14176,5;18732,8;10702,2;9890,1;13731,7;13578,5;24139,7;25674,1;21562,5;19704,7;16146,6;21867,3;17861,3;11952,3;19848,5;10104,2;16100,4;11516,1;17359,5;25124,3;31198,9;33824,0;18685,8;29086,8;24020,5;22749,7;6124,5;7109,9;24425,5;11004,8;;16523,3;8843,0;16031,4;19513,7;23594,9;13603,0;14240,0;3995,5;5311,4;4565,3;15292,4;13743,6;17461,6;12618,9;29142,1;10425,3;28983,1;2249,2;23229,5;10611,9;10998,6;16286,2;14848,1;13668,2;18506,3;14983,7;1589,7;13037,9;7744,2;21076,2;20377,2;20503,1;10366,2;16872,1;31571,3;24114,6;14018,0;15138,5;25355,8;5735,1;11468,9;2001,2;14054,5;23381,5;19037,1;19666,6;16701,1;16227,1;13118,3;17740,8;19089,3;15699,3;3281,8;17420,6;4776,0;15513,4;25302,6;31624,5;18444,8;22136,1;7016,5;7681,9;11462,1;16138,1;19176,4;9000,6;14363,3;11018,1;2493,7;16662,5;14990,3;13906,4;19730,3;6078,6;11153,3;31954,8;22953,5;;17843,1;7867,0;21629,9;14933,0;15609,9;17059,2;12414,4;18789,0;15938,4;16246,1;13749,0;16909,0;11966,1;6554,5;23055,1;23164,6;2713,9;33523,8;14205,8;24430,6;13010,5;10968,6;6970,7;31850,0;19826,0;7868,9;12649,1;12873,8;963,2;12912,2;22232,3;6094,6;18452,2;7026,0;29421,5;1470,2;13047,3;18599,0;11325,9;8705,6;18816,5;18631,4;17305,1;11712,4;11313,2;16560,9;22197,3;14598,9;4661,0;11980,8;16389,0;5137,1;21968,0;33637,8;12126,5;14610,1;19203,4;14531,0;;12732,6;16938,8;4953,8;7419,5;10548,3;15117,1;;23538,9;5723,0;15633,6;15079,4;11730,3
Anísio de Abreu;17780,5;25258,0;24550,5;23967,1;22687,6;33292,3;31750,8;15572,7;22046,1;23151,8;0,0;23162,0;25058,6;20489,9;22174,0;33773,6;16189,2;29982,9;23681,0;38936,4;25634,6;26001,2;39995,0;12826,0;21439,0;34047,0;15749,5;21136,6;36846,1;21286,4;25476,6;44287,8;1223,5;35312,6;37396,9;10124,8;44059,6;34429,5;36725,8;21892,1;47039,4;24073,4;13721,6;11610,2;21905,7;41799,6;33769,0;20280,6;9723,1;36645,3;14450,9;2818,1;44629,2;24477,3;32896,9;44934,1;40928,1;35019,1;42915,2;33171,0;15159,2;18336,2;15101,0;7916,6;24170,1;26318,2;15632,5;17875,9;19732,6;23720,5;29191,3;30176,7;5704,0;21622,2;;39590,1;27238,3;13764,8;42580,5;3877,2;11951,9;16647,1;19625,4;24054,6;21068,7;23021,6;21472,8;25190,8;19338,1;24209,2;22725,2;6127,1;25243,8;46296,2;23948,7;21616,0;14245,0;17359,0;15603,3;16851,5;21425,3;23708,8;36104,7;20044,2;9099,5;43444,0;43569,9;33433,0;37991,7;19777,3;1258,6;37084,8;38205,3;16822,3;28801,9;27680,5;25068,0;21928,8;46448,3;42103,9;42733,4;15759,9;23863,5;23792,6;23520,4;42156,1;38766,1;26348,6;40487,4;27842,8;23242,6;20369,7;13086,8;41511,6;45202,9;20855,5;28813,4;34528,9;39204,9;16089,4;25387,3;37430,1;19136,3;25560,5;23274,0;12804,0;9897,8;15729,9;26362,8;20698,5;20766,3;46020,3;;17292,6;30933,8;21689,4;12881,4;38676,6;11372,6;20785,3;27841,9;23667,6;39312,9;36815,8;39975,8;22640,4;29621,3;15012,9;18231,7;24217,7;23975,6;13811,0;30196,8;12316,5;19200,3;28388,5;36216,4;13723,1;21530,6;21763,1;20602,9;24030,0;15813,7;903,8;29161,3;16193,7;20324,6;24488,5;24537,0;23973,6;41665,8;32338,6;19323,0;41883,2;8507,7;40371,9;16072,8;21735,0;24290,1;4281,0;23193,7;27727,8;15903,9;32600,7;28203,8;3393,4;23904,7;17892,8;37676,9;24104,0;12413,7;;21067,1;8335,0;21891,4;30486,3;33615,1;20883,3;;3933,2;22698,6;15775,6;22808,6;18236,1
Antônio Almeida;27647,8;15980,1;15272,6;22164,0;20884,5;24014,5;22472,9;11384,9;12768,2;13873,9;23143,5;0,0;20367,2;19102,4;12896,1;29082,3;25548,8;18438,5;18710,2;29658,6;25438,5;16723,3;30717,2;20341,6;20753,5;24769,1;7721,8;27003,1;27568,2;19232,0;22337,8;35009,9;23269,3;26034,7;28119,0;15574,3;34781,7;29738,2;27447,9;14653,2;37761,5;22363,0;20991,3;22384,5;20102,6;32521,7;24491,1;7150,7;14636,4;27367,4;25225,3;25681,5;35351,3;25630,7;28205,5;35656,2;31650,2;25741,2;33637,4;23893,1;10971,3;16744,5;22588,0;25131,7;26069,9;28695,0;13556,7;23957,8;16438,0;28675,8;19913,4;20898,8;24432,9;16930,8;;30312,2;21068,9;10902,4;33302,6;23602,3;16587,8;19468,4;10347,5;17537,3;11790,8;21218,5;19669,7;23387,7;18545,0;23330,8;7178,6;24671,6;15965,9;37018,4;19257,3;16924,7;21514,6;20774,2;16653,0;24338,5;20909,8;14430,9;26826,8;6128,4;21837,8;34166,1;34292,0;24155,1;30661,0;26442,2;24122,1;27806,9;28927,4;27922,1;19524,0;22989,2;15790,1;7239,6;37170,4;32826,0;33455,5;11572,0;22153,2;3424,3;23666,9;32878,2;29488,2;17070,7;31209,5;18564,9;21439,5;20173,6;26495,4;32233,8;35925,0;11577,6;19535,5;25251,0;29927,0;24404,8;20696,0;28152,2;15637,6;16282,6;22588,6;19551,4;14811,2;14601,2;17084,9;17079,4;26825,7;36742,4;;23769,2;21655,9;27556,0;17000,5;29398,8;21620,3;18340,5;26038,8;21864,5;30035,0;27537,9;30697,9;3913,9;20343,4;25787,3;18035,5;14939,8;28394,7;18543,3;12145,7;15995,3;16799,7;20759,6;19565,2;14696,9;15094,4;19305,7;18799,8;14752,1;18140,7;22239,7;19883,5;23680,7;11587,1;24292,4;15259,1;21617,7;32387,9;25114,8;14631,7;32605,4;19013,8;31094,0;16273,4;19618,9;22487,0;22204,7;21139,4;18449,9;16541,9;27909,3;18926,0;21975,5;28508,7;5721,5;28399,0;25129,5;19759,4;;18950,9;16946,2;16958,5;21208,4;24337,2;2383,0;;23546,3;17727,8;21559,7;21005,5;17561,3
Aroazes;16757,8;6120,6;6512,8;11274,0;9994,5;11964,9;12166,8;23009,0;10088,8;7617,6;25036,7;20376,3;0,0;8212,4;9931,5;12032,9;37172,9;34437,5;5059,8;19352,4;37062,5;5758,6;20411,0;13557,4;9863,6;12318,5;19345,9;16113,2;17262,0;8217,9;36415,3;24703,8;24907,5;15728,6;17812,8;21973,3;24475,5;12688,7;17141,8;9718,1;27455,4;11473,1;13055,6;19743,1;9212,6;22215,5;14185,0;16385,1;20226,7;17061,3;22583,9;27574,7;25045,2;14740,8;11156,1;25350,0;21344,1;15435,0;23331,2;13587,0;22595,4;9960,3;15515,1;26769,9;37693,9;40319,0;25180,8;35581,8;30515,5;17785,8;9607,2;10592,7;26071,1;6040,9;;20006,1;6055,8;22526,4;22996,5;25240,5;19743,1;10901,0;11528,1;6216,8;11303,9;10328,5;8779,7;12497,7;7655,0;35637,1;16920,3;30883,7;6225,1;26712,2;5082,7;6552,6;12976,0;9884,2;18872,0;13542,4;10019,8;8808,3;16520,6;14239,2;19520,4;23860,0;23985,9;13849,0;16251,0;38066,3;26015,2;17500,8;18621,3;20391,8;9217,9;5939,8;6345,7;20549,5;26864,2;22519,9;23149,4;23196,1;11263,2;19613,3;12776,9;22572,0;19182,1;6804,1;20903,4;8258,8;10549,5;31797,7;37843,4;21927,6;25618,8;10403,9;11164,7;14944,9;19620,9;17620,6;3471,5;14710,9;9462,3;5660,6;11698,6;14379,6;20401,4;26225,3;13282,7;6189,4;38449,8;26436,3;;12879,2;11349,8;16666,0;21428,0;19092,6;16448,5;7450,5;13259,9;10974,5;19728,9;17231,8;20391,8;18461,1;7315,7;18091,2;29659,6;9122,6;40018,8;16476,2;30925,6;19505,5;6410,7;3656,9;38345,1;26321,0;9356,6;7120,0;7909,9;7546,9;9612,8;24132,9;4587,0;15049,6;8842,7;35916,5;6806,9;7518,2;22081,8;7607,0;5803,1;22299,2;17075,6;20787,9;13982,7;5784,1;11597,0;23842,8;9069,8;5442,1;11941,2;10859,9;9995,8;23613,6;40132,8;18621,6;16417,7;14239,5;12975,2;;7203,5;23433,8;6314,6;10902,3;14031,1;21612,1;;25184,5;5494,5;10669,7;10115,5;7223,4
Aroeiras do Itaim;11718,0;12244,8;12637,0;6234,1;4954,6;18109,1;18291,0;21751,0;13438,9;13179,1;20478,8;19118,3;8217,2;0,0;10225,0;16932,2;35914,9;33179,6;10134,3;25476,6;35804,6;11882,8;26535,2;8999,5;4823,7;18462,7;18087,9;11073,3;23386,2;3417,1;35157,4;30828,0;20349,7;21852,8;23937,0;17415,5;30599,7;17588,1;23266,0;8460,2;33579,6;6433,2;7095,2;15051,2;4172,8;28339,7;20309,2;15127,1;17674,1;23185,5;18026,0;23016,8;31169,4;9700,9;16055,5;31474,2;27468,3;21559,2;29455,4;19711,1;21337,5;8702,3;9554,7;22212,0;36436,0;39061,1;23922,8;34323,9;29257,5;12746,0;15731,4;16716,9;21513,2;3567,9;;26130,3;11779,1;21268,5;29120,7;20682,7;17148,8;6662,5;11018,1;10622,6;11958,6;5288,7;3739,9;7457,9;2615,1;34379,2;15662,3;26325,9;12349,3;32836,4;7107,2;6619,5;7015,6;3923,8;17614,1;8502,5;4980,0;13486,9;22637,3;12981,3;14962,5;29984,2;30110,1;19973,2;21150,3;36808,4;21457,4;23625,0;24745,5;15352,0;15342,1;10839,1;12469,9;19291,6;32988,4;28644,1;29273,6;21938,2;6223,4;18355,3;7737,0;28696,2;25306,3;12928,3;26237,8;14383,0;5509,6;30539,7;33285,6;28051,8;31743,0;9146,0;17288,9;21069,1;25745,1;13062,8;8545,9;20955,0;8204,3;11784,8;6658,8;11477,5;17848,8;24967,4;17625,9;3340,2;37191,8;32560,5;;6918,9;17474,0;11626,1;20170,1;24609,6;13259,6;1237,0;10108,9;5934,6;25853,1;23356,0;26516,0;17203,2;13459,9;13051,3;28401,6;12904,2;38760,8;15218,2;29667,6;18247,5;4414,1;11547,1;37087,1;25063,0;8098,7;3734,9;2870,0;13671,0;7616,2;19575,1;12477,1;10009,7;7584,7;34658,5;12931,1;6042,5;28205,9;15497,2;4545,2;28423,4;12517,8;26912,1;12724,8;3804,0;6557,1;19285,0;5324,5;11566,3;10683,2;15759,2;16120,0;19055,8;38874,8;17363,6;21317,0;9199,7;8379,0;;3136,0;19174,8;8459,5;17026,5;20155,3;20354,1;;20626,7;9266,7;4709,3;5075,6;5226,8
Arraial;18750,4;7763,4;7055,8;13266,6;11987,1;15797,7;14256,2;15524,5;4551,5;5657,1;22146,5;12891,7;9917,1;10205,0;0,0;19569,7;29688,4;26953,0;6087,1;21441,8;29578,0;8506,6;22500,4;12141,9;11856,2;16552,4;11861,4;18105,8;19351,5;10334,7;28930,8;26793,2;22272,4;17818,0;19902,2;14577,3;26565,0;20225,5;19231,2;1757,1;29544,8;13465,7;12791,6;18327,7;11205,3;24305,0;16274,4;8900,5;12742,1;19150,7;21168,4;24684,5;27134,6;16733,4;18692,9;27439,5;23433,5;17524,4;25420,6;15676,4;15110,9;8544,8;14388,3;24134,8;30209,4;32834,5;17696,2;28097,3;23031,0;19778,4;11696,7;12682,1;23436,0;8033,5;;22095,5;9377,2;15041,9;25085,9;22605,4;12613,5;11268,7;3005,9;5343,3;1733,7;12321,1;10772,4;14490,4;9647,6;28152,6;9435,8;27993,6;7749,2;28801,6;10360,0;8027,3;13315,0;11876,8;12678,6;15535,0;12012,5;6131,9;18610,0;6754,7;18104,9;25949,4;26075,3;15938,4;22444,3;30581,8;23125,1;19590,2;20710,7;22384,5;11307,3;13476,6;7573,3;13065,0;28953,7;24609,3;25238,8;15711,6;13255,8;12128,8;14769,5;24661,5;21271,5;8854,0;22992,8;10348,2;12542,1;24313,1;30635,0;24017,0;27708,3;6027,0;11318,8;17034,3;21710,3;16205,2;8519,6;19935,5;8046,8;8065,9;13691,2;12964,2;12916,9;18740,8;8868,1;8182,0;30965,2;28525,7;;14871,9;13439,2;18658,6;13943,5;21182,0;15033,0;9443,1;17141,4;12967,1;21818,3;19321,2;22481,2;10976,6;12126,7;20083,8;22175,0;5549,2;32534,3;12673,3;23441,0;12021,0;7997,4;11828,1;30860,5;18836,5;2198,3;10408,4;9902,5;6535,4;9941,0;21242,8;11375,6;15481,0;4834,2;28431,9;7042,4;12720,4;24171,2;15778,2;5734,4;24388,6;15660,1;22877,3;10179,9;10721,5;13589,6;21207,7;12242,0;10233,1;10448,3;18396,7;10709,2;20978,5;32648,2;11137,0;20182,3;16232,1;11559,8;;10053,6;15949,2;4335,4;12991,7;16120,5;14127,5;;22549,4;5104,7;12662,4;12108,1;8759,1
Assunção do Piauí;25411,9;16021,6;16413,9;16594,6;16794,4;16716,3;14388,1;31728,3;19989,9;17518,7;33756,0;29095,6;11994,1;16931,7;19515,5;0,0;45892,2;43156,8;13983,3;19099,6;45781,8;15659,7;19410,1;22276,7;18411,2;17485,5;28065,2;24767,3;16021,3;15668,3;45134,6;23463,1;33626,8;14487,8;16572,1;30692,7;23234,8;8141,8;16889,0;18437,4;26214,6;18273,0;21774,9;28462,4;16012,5;21962,8;12781,3;25104,4;28946,0;15820,6;31303,2;36294,0;23804,5;21540,7;6609,2;24109,3;20103,4;14194,3;22090,5;14507,8;31314,7;18679,6;24234,4;35489,2;46413,2;49038,3;33900,1;44301,1;39234,8;24585,7;19508,3;17768,7;34790,4;14760,2;;18765,4;15628,1;31245,8;21995,5;33959,8;28462,4;19620,3;20995,4;16117,9;20976,2;17128,4;15482,7;17490,9;16374,3;44356,4;25639,6;39603,0;16126,1;25471,5;13802,0;15271,9;21695,3;18603,5;27591,4;22196,5;18739,1;18709,4;13191,0;22958,6;28239,7;22859,0;22984,9;17305,2;11704,1;46785,6;34734,5;18828,6;17019,3;29046,0;19119,0;12749,0;16246,8;29268,8;25623,5;23373,1;23087,1;31915,4;18063,1;28332,6;21378,0;23740,8;22102,9;16705,2;16791,5;18159,9;14109,5;40516,9;46562,7;21173,1;24378,1;19123,2;19544,3;13704,1;21302,3;26339,9;12395,0;11508,7;18181,6;15561,6;18817,2;23098,9;29120,7;34944,6;21770,9;14908,7;47169,1;25195,5;;21598,5;18525,8;23903,0;30147,3;15163,4;25167,8;16169,8;10931,9;12089,5;18488,2;15991,1;21154,8;27180,4;17236,8;26745,3;38378,9;19023,7;48738,1;25195,5;39644,9;28224,8;15130,0;15324,0;47064,4;35040,3;18075,9;15839,3;14786,8;17447,9;18332,1;32852,2;16254,0;23703,7;17562,0;44635,8;16708,0;16237,5;20841,0;12808,9;14522,5;21612,4;25794,9;19547,2;22702,0;14503,4;17193,0;32562,2;17280,9;15343,2;20660,5;6313,0;19896,9;32332,9;48852,1;27340,9;11870,8;21039,4;21694,5;;15922,8;32153,1;15645,1;17241,5;19682,7;30331,4;;33903,8;14418,0;19389,0;16915,4;15942,7
Avelino Lopes;33701,2;32808,3;32100,7;38992,1;37712,6;40842,6;39301,0;14180,3;29596,4;30702,0;16200,7;25569,5;37195,4;35930,5;29724,2;45910,4;0,0;26994,1;35538,3;46486,7;15497,4;33551,5;47545,3;28746,6;37359,7;41597,2;18157,0;37057,2;44396,3;36060,2;17236,5;51838,1;17247,1;42862,8;44947,1;22169,1;51609,8;46566,3;44276,0;31481,3;54589,6;39191,2;29642,3;27530,9;36930,7;49349,8;41319,3;22688,1;21231,3;44195,6;30371,6;13774,1;52179,5;40398,0;45033,7;52484,3;48478,4;42569,3;50465,5;40721,2;15960,5;33572,6;31021,6;23743,9;10564,3;12712,4;12778,6;2610,3;14343,7;39641,1;36741,5;37726,9;20292,7;33758,9;;47140,4;37897,1;17595,0;50130,8;18466,0;23460,1;32567,8;27175,6;34365,4;28618,9;38046,6;36497,8;40215,8;35258,8;14072,0;25386,6;14117,9;32794,0;53846,5;36085,4;33752,8;30165,7;33279,7;27111,5;32772,1;37346,0;31259,0;43654,9;22956,6;25020,2;50994,2;51120,2;40983,2;47489,2;4020,9;14941,8;44635,0;45755,5;30751,8;36352,1;39817,3;32618,2;24336,2;53998,5;49654,1;50283,7;16196,8;38981,3;26200,1;39441,1;49706,3;46316,4;33898,8;48037,6;35393,1;38267,6;10232,5;3102,5;49061,9;52753,1;28405,7;36363,7;42079,2;46755,2;32010,0;37524,1;44980,3;32465,7;33110,8;39194,7;28059,5;21406,0;12876,0;33913,0;33907,5;7160,5;53570,6;;33213,3;38484,1;37610,1;23595,3;46226,9;27293,2;35168,6;42866,9;38692,6;46863,2;44366,1;47526,1;25047,9;37171,5;30933,6;8094,4;31767,9;10369,9;25319,2;28887,6;23824,7;33627,8;37587,7;29761,1;12039,2;31922,5;36133,8;35627,9;31580,3;31734,4;16824,5;36711,6;32114,3;28415,2;11585,0;32087,2;38445,8;49216,0;41942,9;31459,8;49433,5;24428,3;47922,2;27581,0;36447,0;39315,1;19610,4;37967,5;35278,0;29719,7;44737,4;35754,1;18355,7;10299,0;20300,3;45227,2;40024,6;28334,4;;35779,0;23541,1;33786,7;38036,6;41165,3;23290,8;;18521,9;34555,9;31696,3;37833,6;34156,8
Baixa Grande do Ribeiro;38438,8;30025,5;29317,9;36209,3;34929,8;38059,8;36518,2;17469,4;26813,6;27919,2;29997,5;18422,1;34412,6;33147,7;26941,4;43127,6;26991,1;0,0;32755,5;43703,9;25442,6;30768,7;44762,5;33484,3;34798,9;38814,4;18239,4;41048,4;41613,5;33277,3;17913,1;49055,2;31043,9;40080,0;42164,3;25458,2;48827,0;43783,5;41493,2;28698,5;51806,8;36408,4;34380,0;32268,5;34147,9;46567,0;38536,5;19905,3;24520,4;41412,8;35109,2;27570,8;49396,7;39676,1;42250,8;49701,5;45695,6;39786,5;47682,7;37938,4;19249,5;30789,8;35759,3;35015,7;27512,2;30137,3;16067,7;25400,1;16399,2;42721,1;33958,7;34944,1;34316,9;30976,1;;44357,6;35114,2;20884,1;47347,9;33245,2;26749,2;33513,7;24392,8;31582,6;25836,1;35263,8;33715,0;37433,0;32590,3;21873,1;22603,8;26235,5;30011,2;51063,7;33302,6;30970,0;34903,3;34819,5;30400,6;37509,8;34955,1;28476,2;40872,1;20173,8;31721,8;48211,4;48337,3;38200,4;44706,4;27884,6;28738,6;41852,2;42972,7;37806,1;33569,3;37034,5;29835,4;20323,0;51215,7;46871,3;47500,8;18207,2;36198,5;20749,2;37712,2;46923,5;43533,6;31116,0;45254,8;32610,2;35484,8;21615,9;27937,8;46279,1;49970,3;25622,9;33580,9;39296,3;43972,4;36747,7;34741,3;42197,5;29682,9;30328,0;36633,9;31348,6;24695,1;14584,4;31130,2;31124,7;28268,0;50787,7;;37814,5;35701,2;41601,3;26884,4;43444,1;32030,9;32385,8;40084,1;35909,8;44080,4;41583,3;44743,2;21238,8;34388,7;35671,2;19477,8;28985,1;29837,0;28608,3;6326,9;27113,8;30845,0;34804,9;9563,1;16260,8;29139,7;33351,0;32845,1;28797,5;32186,0;30621,2;33928,8;36852,0;25632,4;25734,7;29304,4;35663,0;46433,2;39160,1;28677,0;46650,7;28897,8;45139,4;30318,8;33664,2;36532,3;32088,7;35184,7;32495,2;30587,2;41954,6;32971,3;31859,5;29951,0;16239,0;42444,4;39174,8;33072,1;;32996,2;26830,2;31003,8;35253,8;38382,5;16143,4;;33301,2;31773,1;35605,0;35050,8;31606,7
Barra D'Alcântara;18666,7;7807,5;8097,1;13182,9;11903,4;13671,8;13853,7;21331,4;7622,9;6698,4;23669,2;18698,7;5069,9;10121,3;6079,9;14030,3;35495,3;32760,0;0,0;21039,4;35384,9;7445,6;22098,0;12189,9;11772,5;14025,5;17668,3;18022,0;18949,0;10126,8;34737,8;26390,7;23540,0;17415,5;19499,8;20384,2;26162,5;14686,1;18828,7;5841,2;29142,3;13382,0;12839,6;18375,7;11121,5;23902,5;15872,0;14707,5;18549,1;18748,2;21216,4;26207,2;26732,2;16649,7;13153,5;27037,0;23031,0;17122,0;25018,2;15273,9;20917,8;8592,8;14436,3;25402,4;36016,4;38641,5;23503,2;33904,2;28837,9;19694,7;11294,2;12279,6;24703,6;7949,8;;21693,0;5664,9;20848,9;24683,4;23873,0;18375,7;11316,7;8812,9;3209,1;7540,6;12237,4;10688,6;14406,6;9563,9;33959,6;15242,7;29516,3;7912,0;28399,2;5673,3;8075,3;13362,9;11793,1;17504,6;15451,2;11928,7;7006,2;18207,6;12561,7;18152,9;25546,9;25672,8;15535,9;18248,4;36388,8;24647,8;19187,7;20308,2;22300,7;10904,8;7937,2;8032,7;18872,0;28551,2;24206,8;24836,3;21518,5;13172,1;17935,7;14685,8;24259,0;20869,0;8491,1;22590,3;9945,7;12458,4;30120,1;36441,9;23614,5;27305,8;9036,4;12851,6;16631,8;21307,8;16253,2;2980,2;18053,1;8094,8;7347,5;13607,5;13012,1;18723,8;24547,8;11145,2;8098,3;36772,2;28123,2;;14788,1;13036,7;18574,9;19750,5;20779,6;15081,0;9359,4;15257,3;12883,4;21415,8;18918,8;22078,7;16783,5;9022,6;20000,1;27982,0;6423,6;38341,2;15108,7;29248,0;17827,9;8045,4;8399,9;36667,5;24643,4;5479,8;9028,9;9818,7;7576,6;9989,0;22765,4;8271,0;15529,0;7475,2;34238,9;8083,6;9427,1;23768,7;12350,0;5782,4;23986,2;15708,1;22474,8;12615,2;7693,0;13505,9;22475,4;10978,7;7129,1;10573,7;12857,3;11682,7;22246,2;38455,2;16944,0;18415,1;16148,4;11607,7;;9112,4;21756,2;2209,6;12589,2;15718,0;19934,5;;23817,0;982,4;12578,6;12024,4;8807,1
Barras;34136,4;13861,1;15292,0;28652,6;27373,1;12287,8;7964,2;32413,2;18455,4;15984,1;39035,2;29780,4;19471,7;25591,0;21569,8;19111,2;46577,0;43841,7;21161,7;0,0;46466,7;14353,5;5012,0;30615,7;27242,2;13057,1;28750,0;33491,8;4240,6;25596,6;45819,5;12306,5;39161,1;5988,6;7045,1;31466,0;12050,1;15922,4;3824,0;23326,9;15058,1;28851,7;30434,2;36801,5;26591,3;4762,1;7134,9;25789,2;29630,8;8650,9;39642,2;41573,2;12192,0;32119,4;12536,8;10049,3;8946,8;7624,9;10933,9;8199,3;31999,6;27018,6;32862,1;41023,4;47098,1;49723,2;34584,9;44986,0;39919,6;35164,4;14001,3;10943,6;40324,6;23419,5;;9346,4;20798,0;31930,6;7093,4;39494,1;29502,2;28279,6;19894,6;20537,6;20464,5;27707,1;26158,3;29876,3;25033,6;45041,3;26324,4;44882,3;16213,5;13810,5;22461,4;23931,3;30354,7;27262,8;29567,3;30921,0;27398,4;17488,8;9428,1;23643,4;36578,7;7956,9;7750,1;6802,6;12950,4;47470,5;40013,8;3563,0;7997,9;37770,5;12944,5;23318,4;14268,2;29953,7;14467,0;6488,0;7117,5;32600,3;28641,8;29017,4;30155,5;6540,1;4441,8;14162,5;10445,6;12862,7;27928,1;41201,8;47523,7;4474,2;10173,4;22915,7;11988,6;7395,3;3408,9;34679,0;20850,1;13264,4;26520,6;13912,8;29077,2;30889,5;29805,5;35629,5;14215,1;23568,0;47853,9;13534,5;;30257,9;11700,7;34044,6;30832,2;8634,9;32958,4;24829,1;27112,0;28269,6;6479,8;6774,1;3954,1;27865,3;15535,1;35469,8;39063,7;18613,0;49422,9;30105,0;40329,7;28909,6;23789,3;18672,1;47749,2;35725,2;23768,1;24498,6;25288,5;16294,8;26991,5;38131,4;17796,0;32428,2;22925,2;45320,6;15557,5;24896,9;11422,0;14332,4;23181,8;4845,8;34134,0;8051,1;27611,5;23162,7;28975,6;38096,4;26448,4;16362,4;27879,9;16013,0;15803,4;37867,2;49536,9;28025,7;11000,4;31618,1;30033,6;;24582,2;32837,9;20635,4;9436,2;7077,4;31016,2;;39438,1;20179,3;28048,4;27494,1;24602,0
Barreiras do Piauí;35016,1;32674,6;31967,0;38858,4;37578,9;40708,9;39167,4;14046,6;29462,7;30568,3;25642,2;25435,8;37061,7;35796,8;29590,5;45776,7;15473,6;25443,0;35404,6;46353,0;0,0;33417,8;47411,6;30061,5;37448,0;41463,5;18023,3;38372,1;44262,6;35926,5;11555,4;51704,4;26688,6;42729,1;44813,4;22035,5;51476,1;46432,6;44142,3;31347,6;54456,0;39057,5;30957,2;28845,7;36797,1;49216,1;41185,6;22554,4;21097,6;44061,9;31686,5;23215,5;52045,8;41712,9;44900,0;52350,6;48344,7;42435,6;50331,8;40587,5;15826,8;33438,9;32336,5;31592,9;6704,4;9329,5;12644,9;13882,6;14210,0;40956,0;36607,8;37593,3;30716,7;33625,3;;47006,7;37763,4;17461,4;49997,1;28890,0;23326,4;33882,6;27041,9;34231,7;28485,2;37912,9;36364,1;40082,1;35239,4;3906,0;25253,0;21880,2;32660,4;53712,8;35951,8;33619,1;31480,5;34594,5;26977,8;34087,0;37604,2;31125,3;43521,2;22822,9;28299,0;50860,5;50986,5;40849,5;47355,5;16367,1;24383,3;44501,4;45621,8;34383,3;36218,4;39683,7;32484,5;24202,6;53864,8;49520,5;50150,0;16063,1;38847,6;26066,4;40361,3;49572,6;46182,7;33765,2;47903,9;35259,4;38133,9;7384,9;16420,2;48928,2;52619,4;28272,0;36230,0;41945,5;46621,5;33324,9;37390,4;44846,7;32332,0;32977,1;39283,0;27925,9;21272,4;12742,3;33779,3;33773,8;9103,5;53436,9;;34528,2;38350,4;38925,0;23461,7;46093,2;28608,1;35034,9;42733,2;38558,9;46729,5;44232,4;47392,4;24914,3;37037,8;32248,5;7403,0;31634,2;9205,3;25185,5;23333,5;23691,0;33494,1;37454,0;24045,9;11905,5;31788,8;36000,2;35494,3;31446,6;33049,2;26265,9;36577,9;33429,2;28281,5;4926,9;31953,6;38312,1;49082,3;41809,3;31326,2;49299,8;25475,0;47788,5;27447,3;36313,3;39181,4;28665,9;37833,8;35144,3;29586,0;44603,8;35620,4;28406,2;9143,2;20166,6;45093,5;41339,5;29649,3;;35645,3;23407,4;33653,0;37902,9;41031,7;23157,1;;28946,0;34422,2;33011,2;37699,9;34255,8
Barro Duro;20423,4;1002,4;2252,7;14939,6;13660,1;8582,2;7048,6;19373,8;5416,0;2944,8;25995,9;16741,1;5758,6;11878,0;8530,4;15698,4;33537,7;30802,3;7448,7;14234,2;33427,3;0,0;15292,8;16902,7;13529,2;9336,8;15710,7;19778,7;12143,9;11883,5;32780,1;19585,6;26121,7;10610,4;12694,7;18426,6;19357,4;16354,3;12023,6;10287,5;22337,2;15138,7;16721,2;23088,5;12878,2;17097,4;9066,8;12749,9;16591,5;11943,1;25929,2;28533,9;19927,0;18406,3;14511,1;20231,9;16225,9;10316,8;18213,0;8468,8;18960,2;13305,6;19149,1;27984,1;34058,8;36683,8;21545,6;31946,6;26880,3;21451,4;4489,1;5474,5;27285,3;9706,4;;14887,9;7084,9;18891,3;17878,3;26454,7;16462,8;14566,5;6855,3;6824,5;7425,1;13994,1;12445,3;16163,3;11320,6;32002,0;13285,1;31843,0;3174,2;21594,0;8748,3;10218,2;16641,6;13549,8;16528,0;17207,9;13685,4;4449,5;11402,5;10604,1;22865,7;18741,8;18867,7;8730,8;15236,7;34431,1;26974,5;12382,6;13503,1;24057,4;4099,7;9605,3;1228,9;16914,3;21746,1;17401,7;18031,2;19560,9;14928,8;15978,1;16442,5;17453,8;14063,9;1686,0;15785,2;3140,6;14215,1;28162,5;34484,3;16809,4;20500,7;9876,3;6046,5;9826,7;14502,7;20966,0;7137,0;12727,9;12807,6;542,4;15364,2;17724,9;16766,2;22590,1;8164,6;9855,0;34814,6;21318,1;;16544,8;6231,6;20331,6;17792,9;13974,4;19793,8;11116,0;16925,5;14640,1;14610,7;12113,6;15273,6;14825,9;4542,9;21756,8;26024,4;5573,7;36383,6;17065,6;27290,4;15870,3;10076,2;4959,0;34709,9;22685,8;10192,5;10785,6;11575,4;3255,5;13278,4;25092,1;4082,9;18715,1;9885,9;32281,3;2518,2;11183,8;16963,6;9314,3;9468,7;17181,0;20420,9;15669,7;14572,2;9449,7;15262,5;25057,1;12735,4;2649,3;14840,6;14525,5;4877,6;24827,9;36497,6;14986,4;12974,7;17905,1;16320,5;;10869,1;19798,6;6922,3;5784,1;8912,9;17976,9;;26398,7;6466,3;14335,3;13781,1;10889,0
Batalha;35194,8;14919,5;16350,3;29711,0;28431,4;13254,6;8930,9;33471,5;19513,7;17042,5;40093,6;30838,7;20530,0;26649,4;22628,1;19508,1;47635,4;44900,0;22220,1;4991,4;47525,0;15411,8;0,0;31674,1;28300,5;14023,9;29808,4;34550,1;4133,8;26654,9;46877,8;9163,3;40219,4;5881,9;4513,9;32524,3;8191,7;16319,3;4882,3;24385,2;11528,8;29910,0;31492,6;37859,8;27649,6;3673,2;7986,3;26847,5;30689,1;6670,7;40700,6;42631,6;8333,6;33177,7;12933,7;6190,9;5803,6;6424,4;7790,7;9050,7;33057,9;28077,0;33920,4;42081,8;48156,4;50781,5;35643,2;46044,3;40978,0;36222,8;15059,7;12001,9;41383,0;24477,8;;7077,2;21856,3;32988,9;3235,0;40552,4;30560,5;29337,9;20953,0;21595,9;21522,8;28765,5;27216,7;30934,7;26092,0;46099,6;27382,8;45940,6;17271,8;9952,0;23519,7;24989,6;31413,0;28321,2;30625,6;31979,3;28456,8;18547,2;9458,7;24701,7;37637,1;4098,4;4224,4;7860,9;10870,3;48528,8;41072,1;7115,9;5728,8;38828,8;14002,8;24376,7;15326,6;31012,0;11081,2;4612,5;4326,5;33658,6;29700,2;30075,8;31213,9;6605,7;7613,4;15220,8;8365,6;13921,0;28986,5;42260,1;48582,0;2412,5;6315,0;23974,0;13046,9;6700,6;6178,7;35737,3;21908,4;13661,3;27579,0;14971,1;30135,6;31947,8;30863,9;36687,8;15273,5;24626,4;48912,2;9676,1;;31316,2;12759,0;35103,0;31890,5;6554,8;34016,7;25887,4;27509,0;28443,8;3336,5;4694,0;5043,2;28923,6;16501,9;36528,1;40122,1;19671,3;50481,3;31163,3;41388,1;29968,0;24847,6;19673,9;48807,5;36783,5;24826,4;25556,9;26346,8;17353,1;28049,8;39189,8;18854,3;33486,5;23983,5;46378,9;16615,9;25955,2;8929,1;15183,8;24240,1;2851,8;35192,3;4907,8;28669,8;24221,1;30033,9;39154,7;27506,7;17420,7;28938,3;16410,0;16861,8;38925,5;50595,2;29084,0;11274,7;32676,5;31091,9;;25640,5;33896,3;21693,7;10494,6;10630,2;32074,5;;40496,4;21237,6;29106,7;28552,5;25660,4
Bela Vista do Piauí;10802,9;17217,8;16510,2;12467,6;11188,1;23138,2;23320,0;15974,0;14679,2;15111,5;12819,1;20358,6;13559,1;8990,4;12157,4;22274,1;28728,3;33443,3;12181,5;30505,7;30027,5;16911,9;31564,3;0,0;9939,5;23491,8;16150,7;10158,3;28415,3;9786,9;29869,5;35857,1;12689,9;26881,8;28966,1;9755,8;35628,8;22930,0;28295,0;10392,6;38608,7;12573,9;2222,2;7525,6;10406,2;33368,8;25338,3;16367,5;10124,3;28214,6;10366,3;15357,1;36198,5;12620,3;21397,4;36503,3;32497,4;26588,3;34484,5;24740,2;15560,4;6836,7;3243,9;14552,3;30658,9;33284,0;18145,7;28546,8;24125,5;12742,2;20760,5;21746,0;13853,5;10122,6;;31159,4;15738,8;14166,1;34149,8;13023,0;9757,9;5147,6;12258,5;12555,1;13701,8;11522,1;9973,3;13691,3;7838,6;28602,1;16902,7;18666,2;17203,5;37865,5;12449,1;10116,5;2745,5;5859,5;13909,0;4994,4;9925,9;15419,3;27673,9;14221,6;7302,8;35013,2;35139,2;25002,2;26492,2;31031,3;13797,7;28654,1;29774,5;12297,9;20371,2;16181,0;17027,7;20531,9;38017,5;33673,2;34302,7;16161,1;12364,0;19595,7;12020,9;33725,3;30335,4;17957,4;31579,7;19412,1;11743,1;24762,6;25625,9;33080,9;36772,1;10386,3;21446,5;26098,2;30774,2;4986,4;13887,8;26296,9;7636,8;16813,8;11774,5;4086,6;10299,0;19190,3;18995,9;9199,0;31414,7;37589,6;;5793,1;22503,1;10711,1;13282,6;29951,5;5599,9;9285,8;16342,4;12168,1;30882,2;28385,1;31545,1;18443,5;18489,0;10163,0;22624,5;14836,7;32983,8;8284,0;30598,0;12130,8;7700,8;16889,0;38017,5;19286,0;10031,1;10263,6;9103,4;15989,8;4314,2;11915,3;17737,3;4336,6;8825,1;28881,4;16496,8;12474,1;33235,0;20839,1;7823,5;33452,5;4858,1;31941,2;8277,8;10235,6;12790,6;11625,3;11694,2;16595,4;6236,3;21101,2;20163,6;11396,1;33097,7;18294,0;26658,9;12247,0;884,2;;9567,6;11515,1;10392,0;22055,6;25184,4;21284,5;;12967,0;11199,1;4276,1;11309,1;6736,6
Belém do Piauí;9049,3;13890,2;14282,4;4883,5;3097,7;19754,5;19936,4;23396,5;15084,4;14824,5;21426,4;20763,8;9862,6;4854,1;11870,4;18402,6;37335,6;34825,0;11779,7;27122,1;37450,0;13528,3;28180,7;9947,1;0,0;20108,2;19733,4;8404,7;25031,7;4723,9;36802,8;32473,5;21297,2;23498,2;25582,5;18363,1;32245,2;19233,5;24911,4;10105,6;35225,0;2801,2;8042,8;12382,6;3174,7;29985,2;21954,7;16772,6;18621,7;24831,0;16883,5;23964,4;32814,9;5088,2;17700,9;33119,7;29113,7;23204,7;31100,9;21356,6;22982,9;10347,8;8033,1;23159,6;38081,4;40706,5;25568,2;35969,3;30903,0;8705,9;17376,9;18362,3;22460,8;5213,3;;27775,8;13424,5;22773,3;30766,1;21630,2;18096,4;9598,7;12663,6;12268,1;13604,1;2066,1;3993,9;5600,9;3023,3;36024,6;17307,8;27273,5;13994,7;34481,9;8752,7;8265,0;7963,2;4752,4;19259,5;5833,9;2971,9;15132,4;24282,7;14626,8;15910,1;31629,6;31755,5;21618,6;22795,8;38453,8;22405,0;25270,4;26390,9;12683,4;16987,5;12484,6;14115,4;20937,0;34633,9;30289,5;30919,0;23583,6;2591,4;20000,8;5015,4;30341,7;26951,8;14573,8;27883,3;16028,4;6260,3;32185,2;34233,2;29697,3;33388,5;10791,4;18934,3;22714,5;27390,5;13771,3;10191,4;22600,4;9849,8;13430,2;2001,9;12425,1;18796,4;26612,8;19271,3;4985,7;38837,3;34205,9;;5364,9;19119,4;7450,6;21815,5;26255,1;14207,2;4222,8;10859,6;6685,3;27498,5;25001,5;28161,4;18848,6;15105,3;10382,7;30047,1;14549,7;40406,3;16622,6;31313,1;19893,0;6059,5;13192,5;38732,6;26708,5;9744,1;5200,6;4040,4;15316,5;9261,7;20522,6;14122,6;7341,1;9230,2;36304,0;14576,6;7411,1;29851,4;17142,6;6190,6;30068,9;13465,3;28557,5;14370,2;5172,6;4700,2;20232,6;6631,2;13211,8;12328,7;17404,7;17765,4;20003,4;40520,3;19009,1;22962,5;4587,0;9326,6;;4504,6;20122,4;10105,0;18671,9;21800,7;21999,6;;21574,2;10912,1;5708,9;2248,8;6872,2
Beneditinos;26986,0;8848,9;10279,8;21502,2;20222,6;2242,1;5443,7;27400,9;13443,1;10971,9;34023,0;24768,2;12308,9;18440,6;16557,5;17482,7;41564,8;38829,4;14011,3;13074,4;41454,4;9337,2;13927,8;23465,2;20091,7;0,0;23737,8;26341,3;10539,0;18446,1;40807,2;17980,8;34148,8;9005,5;11089,8;26453,7;17752,5;14293,9;10863,8;17116,6;20732,3;21701,2;23283,8;29651,0;19440,8;15937,5;7462,0;20777,0;24618,6;10338,3;32491,8;36561,0;18322,2;24968,9;10908,3;18627,0;14621,1;8712,0;16608,2;6777,8;26987,3;19868,2;25711,6;36011,2;42085,8;44710,9;29572,7;39973,7;34907,4;28014,0;9809,6;5181,9;35312,4;16269,0;;13283,1;13647,5;26918,4;16513,2;34481,8;24490,0;21129,1;14882,4;13387,1;15452,2;20556,7;19007,9;22725,9;17883,2;40029,1;21312,2;39870,1;10297,4;19989,2;15310,9;16780,8;23204,2;20112,3;24555,1;23770,5;20248,0;12476,6;9797,6;18631,2;29428,3;17376,7;17502,7;7577,4;13631,9;42458,2;35001,6;12532,2;11898,2;30620,0;7762,2;16167,9;9256,0;24941,4;20141,2;17663,4;17604,8;27588,0;21491,4;24005,2;23005,0;17715,6;15089,2;9150,2;14180,3;8382,2;20777,6;36189,6;42511,4;15649,6;18895,8;17903,4;8514,8;8221,9;14844,3;27528,5;13699,6;8100,9;19370,2;8900,5;21926,8;24287,5;24793,3;30617,2;10741,3;16417,5;42841,7;19713,2;;23107,4;5208,4;26894,2;25820,0;12369,6;26356,4;17678,6;23488,0;21202,7;13005,9;10508,8;15129,6;22853,0;5073,8;28319,3;34051,5;13600,8;44410,7;25092,7;35317,5;23897,4;16638,8;8798,2;42737,0;30712,9;16755,1;17348,1;18138,0;11282,6;19841,0;33119,2;7922,1;25277,7;17913,0;40308,4;10545,3;17746,4;15358,7;8273,9;16031,3;16021,2;26983,5;14064,9;22599,3;16012,3;21825,1;33084,2;19297,9;7134,4;21849,1;14384,5;11536,6;32855,0;44524,7;23013,5;11369,9;24467,7;22883,1;;17431,7;27825,7;13484,9;7497,0;9938,1;26004,0;;34425,8;13028,8;20897,9;20343,7;17451,6
Bertolínia;21146,2;14964,5;14256,9;21148,3;19868,8;22998,8;21457,3;3976,3;11752,6;12858,2;15734,9;7725,7;19351,6;18086,8;11880,4;28066,7;18140,2;18272,5;17694,5;28642,9;18029,8;15707,7;29701,5;16191,7;19737,9;23753,5;0,0;24502,3;26552,5;18216,4;17871,8;33994,3;15860,7;25019,1;27103,3;8165,6;33766,0;28722,5;26432,2;13637,5;36745,9;21347,4;17087,4;14975,9;19087,0;31506,0;23475,5;4844,3;7227,8;26351,8;17816,7;18272,9;34335,7;24615,1;27189,9;34640,5;30634,6;24725,5;32621,7;22877,5;3562,7;15728,9;18466,7;17723,1;18661,2;21286,3;6148,1;16549,1;12127,8;27086,2;18897,8;19883,2;17024,3;15915,2;;29296,6;20053,3;3493,7;32287,0;16193,7;9456,6;18452,8;9331,8;16521,7;10775,1;20202,8;18654,1;22372,0;17529,3;16604,4;7542,9;17263,0;14950,3;36002,7;18241,7;15909,0;17610,7;19758,5;13108,0;20217,2;19894,2;13415,3;25811,1;5112,8;14429,2;33150,5;33276,4;23139,5;29645,4;19033,6;16713,4;26791,3;27911,8;20513,5;18508,4;21973,6;14774,4;6492,5;36154,8;31810,4;32439,9;4163,4;21137,5;8356,3;22651,2;31862,5;28472,6;16055,1;30193,9;17549,3;20423,8;12764,9;19086,8;31218,1;34909,3;10562,0;18519,9;24235,4;28911,4;19455,1;19680,4;27136,6;14622,0;15267,0;21572,9;14056,0;7402,5;7192,6;16069,2;16063,7;19417,1;35726,8;;20658,4;20640,3;25055,2;9591,9;28383,1;14738,3;17324,8;25023,1;20848,8;29019,4;26522,3;29682,3;7204,2;19327,8;18378,7;10626,9;13924,1;20986,1;11315,7;14760,5;9821,2;15784,0;19743,9;22180,0;7288,3;14078,8;18290,1;17784,2;13736,5;17125,0;14831,1;18867,8;19559,4;10571,5;16883,8;14243,5;20602,1;31372,2;24099,2;13616,1;31589,7;11605,2;30078,4;13577,5;18603,2;21471,3;14796,1;20123,7;17434,2;15526,2;26893,7;17910,3;14566,9;21100,1;2456,5;27383,4;24113,8;15779,5;;17935,3;9537,6;15942,9;20192,8;23321,6;5447,0;;16137,7;16712,1;19141,3;19989,8;16545,7
Betânia do Piauí;6356,7;20137,1;20529,3;11740,0;10460,5;26001,4;26183,3;24288,0;21331,2;21071,4;21133,2;27010,6;16109,5;11100,9;18117,3;24767,4;37042,4;41071,9;18026,6;33368,9;38341,6;19775,1;34427,5;10158,7;8411,4;26355,0;24464,7;0,0;31278,6;10970,7;38183,5;38720,3;21004,0;29745,1;31829,4;18069,9;38492,1;25480,4;31158,3;16352,5;41471,9;9407,7;10879,6;9848,2;9539,6;36232,1;28201,5;23019,5;18438,4;31077,8;14349,1;23671,2;39061,7;7037,5;23947,8;39366,6;35360,6;29451,5;37347,7;27603,5;23874,5;15997,9;7411,7;21824,4;38973,0;41598,1;26459,8;36860,9;32439,5;5360,6;23623,8;24609,2;22167,6;11460,2;;34022,6;19671,4;22480,1;37013,0;21337,0;18919,0;13943,8;18910,5;18515,0;19851,0;9337,7;10358,8;12113,6;9270,2;36916,2;23554,7;26980,3;20241,6;40728,8;14999,6;14511,8;10800,0;8643,6;23070,2;5212,5;8869,0;21379,2;30529,6;20873,6;15616,9;37876,5;38002,4;27865,5;29042,6;39345,4;22111,8;31517,3;32637,8;9990,7;23234,4;18731,5;20362,3;27183,9;40880,8;36536,4;37165,9;24475,1;8106,8;26247,7;10492,7;36588,6;33198,6;20820,7;34130,1;22275,3;12625,2;33076,7;33939,9;35944,1;39635,4;17038,3;25181,2;28961,4;33637,4;11871,2;16438,2;28847,3;16096,6;19677,1;8311,8;13247,7;18613,1;27504,4;25518,2;11232,5;39728,8;40452,8;;7157,6;25366,3;2465,9;21596,7;32501,9;14801,2;10469,7;17224,5;13050,2;33745,4;31248,3;34408,3;25095,5;21352,2;7690,0;30938,6;20796,6;41297,8;17445,2;37559,9;21031,8;12306,4;19439,4;44979,4;27600,0;15991,0;11447,5;10287,3;21563,4;13475,3;20229,4;20369,5;6719,7;15477,1;37195,5;20823,4;13658,0;36098,3;23389,5;12437,5;36315,7;13172,1;34804,4;17439,0;11419,4;12063,0;19939,4;12878,1;19458,7;15397,4;23651,6;24012,3;19710,2;41411,8;25255,9;29209,3;6849,5;10045,4;;10751,5;19829,2;16351,8;24918,8;28047,6;28246,4;;21281,0;17159,0;8545,7;10581,5;13119,1
Boa Hora;32017,3;11742,0;13172,9;26533,5;25254,0;9767,5;5443,9;30294,0;16336,2;13865,0;36916,1;27661,3;17352,5;23471,9;19450,6;16021,0;44457,9;41722,6;19042,6;4243,1;44347,5;12234,4;4147,0;28496,6;25123,1;10536,8;26630,9;31372,7;0,0;23477,4;43700,3;10840,3;37041,9;1748,1;4010,1;29346,8;10612,1;12832,3;4134,1;21207,8;13591,9;26732,6;28315,1;34682,4;24472,1;7106,2;4499,3;23670,1;27511,7;4754,4;37523,1;39454,1;10970,4;30000,3;9446,7;9688,4;7480,6;3384,3;9467,8;5563,6;29880,4;24899,5;30743,0;38904,3;44978,9;47604,1;32465,8;42866,8;37800,5;33045,3;12171,0;8824,5;38205,5;21300,3;;6311,4;18678,9;29811,5;6732,5;37374,9;27383,0;26160,5;17775,5;18418,4;18345,3;25588,0;24039,2;27757,2;22914,5;42922,2;24205,3;42763,2;14094,4;12848,8;20342,2;21812,1;28235,5;25143,7;27448,2;28801,8;25279,3;15369,7;5971,6;21524,3;34459,6;7595,9;7721,9;6408,6;9915,4;45351,3;37894,6;6367,6;4963,0;35651,3;10825,4;21199,3;12149,1;27834,5;13000,8;8110,0;7824,0;30481,1;26522,7;26898,3;28036,4;8884,2;7246,4;12043,3;7410,7;10743,5;25809,0;39082,7;45404,5;5910,0;9812,5;20796,5;10600,1;3154,8;6445,8;32559,9;18731,0;10174,2;24401,5;11793,6;26958,1;28770,4;27686,4;33510,3;12826,7;21448,9;45734,8;12572,8;;28138,7;9581,6;31925,5;28713,1;5599,9;30839,2;22710,0;24021,9;25179,5;5013,6;3739,1;6298,2;25746,1;13014,8;33350,7;36944,6;16493,9;47303,8;27985,8;38210,6;26790,5;21670,2;16186,8;45630,1;33606,0;21649,0;22379,5;23169,3;14175,7;24872,3;36012,3;15676,8;30309,0;20806,0;43201,5;13438,4;22777,7;8387,0;11696,7;21062,6;6349,3;32014,8;6584,9;25492,4;21043,6;26856,5;35977,3;24329,3;14243,2;25760,8;12922,9;13897,9;35748,1;47417,8;25906,6;7787,7;29499,0;27914,4;;22463,0;30718,8;18516,3;8297,3;9581,9;28897,1;;37318,9;18060,2;25929,2;25375,0;22482,9
Bocaina;11616,5;12230,9;12623,1;5381,6;4229,3;18095,2;18277,1;21873,7;13561,6;13301,7;21297,9;19241,0;8203,3;3391,8;10347,6;15663,4;36037,6;33302,2;10120,4;25462,8;35927,2;11869,0;26521,4;9818,6;4722,2;18448,9;18210,6;10971,8;23372,4;0,0;35280,0;30814,2;21168,7;21838,9;23923,2;18234,5;30585,9;17574,2;23252,1;8582,8;33565,7;5707,9;7914,3;14949,7;3447,5;28325,9;20295,4;15249,8;18493,2;23171,7;18845,1;23835,9;31155,6;8975,6;16041,6;31460,4;27454,5;21545,4;29441,6;19697,3;21460,1;8825,0;10373,7;23031,1;36558,6;39183,7;24045,5;34446,5;29380,2;12020,6;15717,6;16703,0;22332,3;3690,5;;26116,5;11765,2;21391,1;29106,8;21501,7;17967,9;8839,1;11140,8;10745,3;12081,3;4563,4;3014,6;6732,6;2513,6;34501,8;15785,0;27144,9;12335,4;32822,6;7120,8;6742,2;7834,7;4742,8;17736,8;8401,0;4878,4;13609,6;22623,4;13104,0;15781,6;29970,3;30096,2;19959,3;21136,5;36931,0;22276,4;23611,1;24731,6;15250,5;15328,2;8606,2;12456,1;19414,2;32974,6;28630,2;29259,7;22060,8;5498,1;18478,0;7635,5;28682,4;25292,5;12914,5;26151,3;14369,1;3521,2;30662,3;34104,6;28038,0;31729,2;9268,6;17275,0;21055,2;25731,2;13881,8;8532,1;20941,2;8327,0;11770,9;6252,1;12296,6;18667,9;25090,0;17748,5;3462,9;37314,5;32546,6;;7737,9;17460,1;11338,0;20292,7;24595,8;14078,7;2760,5;8120,5;3946,2;25839,3;23342,2;26502,2;17325,8;13446,0;12949,8;28524,3;13026,9;38883,5;15340,9;29790,3;18370,2;4536,7;11533,2;37209,8;25185,7;8221,3;3129,0;1648,7;13657,2;7738,9;20394,1;12463,3;9908,2;7707,4;34781,2;12917,3;4091,3;28192,1;15483,3;4667,8;28409,6;13336,8;26898,3;12847,4;2610,7;5831,8;20104,0;2368,0;11552,5;10805,9;15745,4;16106,1;19874,8;38997,5;17486,3;21303,2;8474,4;9198,0;;1942,7;19993,9;8582,2;17012,6;20141,4;20476,8;;21445,7;9389,3;5528,4;4350,4;5349,4
Bom Jesus;34860,7;32003,2;31295,7;38187,1;36907,6;40037,6;38496,0;13891,3;28791,3;29897,0;25486,9;22354,5;36390,4;35125,5;28919,2;45105,4;17214,9;17913,1;34733,3;45681,7;11555,4;32746,5;46740,3;29906,2;36776,7;40792,2;17867,9;38216,8;43591,3;35255,1;0,0;51033,1;26533,3;42057,8;44142,1;21880,1;50804,8;45761,3;43471,0;30676,3;53784,6;38386,2;30801,9;28690,4;36125,7;48544,8;40514,2;21883,1;20942,3;43390,6;31531,2;23060,2;51374,4;41557,6;44228,6;51679,3;47673,3;41764,3;49660,5;39916,2;15671,5;32767,6;32181,2;31437,6;13815,7;16440,8;12489,6;15623,8;12708,6;40800,7;35936,5;36921,9;30561,4;32953,9;;46335,3;37092,0;17306,0;49325,7;28734,6;23171,1;33727,3;26370,6;33560,4;27813,9;37241,6;35692,8;39410,8;34568,1;7985,9;24581,6;21724,9;31989,0;53041,5;35280,4;32947,8;31325,2;34439,2;26822,5;33931,7;36932,9;30454,0;42849,9;22151,5;28143,7;50189,2;50315,1;40178,2;46684,2;18108,3;24228,0;43830,0;44950,5;34228,0;35547,1;39012,3;31813,2;22300,8;53193,5;48849,1;49478,6;15907,8;38176,3;24681,7;39690,0;48901,3;45511,3;33093,8;47232,6;34588,0;37462,6;11839,7;18161,5;48256,8;51948,1;27600,7;35558,7;41274,1;45950,1;33169,6;36719,1;44175,3;31660,7;32305,7;38611,7;27770,5;21117,0;12587,0;33108,0;33102,5;16214,8;52765,5;;34372,8;37679,0;38769,6;23306,3;45421,9;28452,8;34363,6;42061,9;37887,6;46058,2;43561,1;46721,0;24242,9;36366,5;32093,1;9701,6;30962,9;16316,6;25030,2;18617,7;23535,7;32822,8;36782,7;19491,2;11750,2;31117,5;35328,8;34822,9;30775,2;32893,9;26110,6;35906,6;33273,9;27610,2;12038,2;31282,2;37640,8;48411,0;41137,9;30654,8;48628,5;25319,7;47117,2;27292,0;35642,0;38510,1;28510,6;37162,5;34473,0;29430,7;43932,4;34949,1;28250,9;16254,5;18216,8;44422,2;41152,6;29494,0;;34974,0;23252,1;32981,6;37231,5;40360,3;20075,8;;28790,6;33750,9;32855,8;37028,6;33584,5
Bom Princípio do Piauí;39433,6;19158,3;20589,2;33078,6;32670,3;17183,8;12860,2;37710,3;23752,5;21281,3;44332,4;35077,6;24768,8;30888,2;26867,0;23437,3;51874,2;49138,9;26458,9;12256,4;51763,8;19650,7;9127,3;35912,9;32539,4;17953,1;34047,2;38789,0;10816,4;30893,7;51116,7;0,0;44458,2;11092,9;7418,6;36763,1;1670,2;20248,6;12147,3;28624,1;3549,4;34148,9;35731,4;42098,7;31888,4;11441,9;11915,6;31086,4;34928,0;10599,9;44939,4;46870,4;5977,7;37416,6;16863,0;4216,7;3440,9;10353,7;3248,6;12980,0;37296,7;32315,8;38159,3;46320,6;52395,3;55020,3;39882,1;50283,1;45216,8;40461,6;19587,3;16240,8;45621,8;28716,7;;10544,2;26095,2;37227,8;6988,0;44791,2;34799,4;33576,8;25191,8;25834,8;25761,7;33004,3;31455,5;33974,8;30330,8;50338,4;31621,6;50179,5;21510,7;3614,8;27758,5;29228,4;35651,8;32560,0;34864,5;36218,2;32695,6;22786,0;13388,0;28940,6;41875,9;7851,4;8156,5;15126,0;14799,5;52767,7;45310,9;14380,9;9573,3;43067,7;18241,7;28615,6;19565,4;35250,8;3101,9;9790,3;9144,8;37897,4;33939,0;34314,6;35452,7;11942,7;14148,2;19459,6;12294,8;18159,8;30593,4;46499,0;52820,8;10181,2;4485,5;28212,8;18016,5;10629,9;13947,4;39976,2;26147,3;17590,5;31817,8;19209,9;34374,4;36186,7;35102,7;40926,6;20243,0;28865,2;53151,1;2948,6;;35555,0;16997,9;39341,8;36129,4;10484,1;38255,6;30126,3;27687,9;28573,4;6596,1;8623,2;11824,7;33162,4;20431,2;40767,0;44360,9;23910,2;54720,1;35402,1;45626,9;34206,8;29086,5;23603,1;53046,4;41022,3;29065,3;29795,8;30585,7;21592,0;32288,6;43428,6;23093,2;37725,4;28222,4;50617,8;20854,7;30194,0;9886,6;19113,0;28478,9;10347,6;39431,1;6039,1;32908,7;28459,9;33677,0;43393,6;31745,6;21659,5;33177,1;20339,2;21314,2;43164,4;54834,1;33322,9;15204,0;36915,3;35330,8;;29879,3;38135,1;25932,6;15713,6;17895,2;36313,4;;44735,2;25476,5;33345,5;32791,3;29899,2
Bonfim do Piauí;17640,3;25306,6;24599,1;23826,9;22547,4;33340,9;31799,4;15621,4;22094,7;23200,4;1223,5;23210,6;24918,4;20349,7;22222,6;33633,4;17235,9;31029,6;23540,8;38985,1;26681,3;26049,8;40043,6;12685,8;21298,8;34095,6;15798,0;20996,4;36894,7;21146,2;26523,2;44336,4;0,0;35361,2;37445,5;10173,4;44108,2;34289,3;36774,4;21751,9;47088,0;23933,2;13581,5;11470,0;21765,5;41848,2;33817,6;20329,2;9771,7;36693,9;14310,7;3864,7;44677,8;24337,1;32756,7;44982,7;40976,7;35067,7;42963,8;33219,6;15207,8;18196,0;14960,8;7250,8;25216,7;27364,8;16679,2;18922,6;20779,3;23580,2;29239,9;30225,3;5503,2;21481,9;;39638,7;27098,1;13813,4;42629,1;3319,3;12000,5;16506,9;19674,0;23914,4;21117,3;22881,4;21332,6;25050,6;19197,9;25255,9;22773,8;7173,8;25292,4;46344,9;23808,4;21475,8;14104,8;17218,8;15651,9;16711,3;21285,1;23757,4;36153,3;20092,8;8959,3;43492,6;43618,5;33481,6;37851,5;20824,0;2305,3;37133,4;38253,9;16156,5;28850,5;27540,3;25116,6;21977,4;46496,9;42152,5;42782,0;15808,5;23723,3;23841,2;23380,2;42204,7;38814,7;26397,2;40536,0;27891,4;23102,4;21416,4;14133,5;41560,2;45251,5;20904,1;28862,0;34577,5;39253,5;15949,2;25247,1;37478,7;18996,1;25609,1;23133,8;12663,8;9946,4;16776,6;26411,4;20558,3;21813,0;46068,9;;17152,4;30982,4;21549,2;12930,0;38725,2;11232,4;20645,1;27701,7;23527,4;39361,5;36864,4;40024,4;22689,0;29669,9;14872,7;19278,3;24266,2;25022,2;13859,6;30245,4;12365,1;19060,1;28248,3;37263,1;14769,8;21390,4;21622,9;20462,7;24078,6;15673,5;1658,7;29096,6;16053,5;20184,3;25535,2;24585,6;23833,4;41714,4;32198,4;19182,8;41931,8;8367,5;40420,5;16121,4;21594,8;24149,9;3359,1;23053,5;27776,4;15763,7;32460,5;28252,4;2471,6;24951,4;17941,4;37725,5;23963,8;12273,5;;20926,9;8383,6;21751,2;30534,9;33663,7;20931,9;;3263,3;22558,4;15635,4;22668,4;18095,9
Boqueirão do Piauí;30484,2;10208,9;11639,7;25000,3;23720,8;8234,4;3910,7;28760,9;14803,1;12331,9;35382,9;26128,1;15819,4;21938,8;17917,5;14487,9;42924,8;40189,4;17509,5;5991,1;42814,4;10701,2;5895,0;26963,5;23589,9;9003,7;25097,8;29839,5;1748,1;21944,3;42167,2;11120,0;35508,8;0,0;4229,0;27813,7;10891,7;11299,1;4954,6;19674,6;13871,5;25199,4;26782,0;33149,2;22939,0;8854,3;2966,1;22137,0;25978,5;3477,5;35990,0;37920,9;11461,4;28467,1;7913,5;11436,4;7760,2;1851,2;9747,4;4030,5;28347,3;23366,4;29209,8;37371,2;43445,8;46070,9;30932,6;41333,7;36267,4;31512,2;10637,9;7291,3;36672,3;19767,2;;6422,3;17145,7;28278,3;8480,5;35841,8;25849,9;24627,3;16242,4;16885,3;16812,2;24054,9;22506,1;26224,1;21381,3;41389,0;22672,2;41230,0;12561,2;13128,4;18809,1;20279,0;26702,4;23610,5;25915,0;27268,7;23746,2;13836,6;4438,5;19991,1;32926,5;9344,0;9469,9;6776,0;8516,5;43818,2;36361,5;6966,3;5037,4;34118,2;9292,2;19666,1;10616,0;26301,4;13280,4;9858,1;9572,0;28948,0;24989,6;25365,2;26503,2;10632,3;8994,5;10510,2;7319,5;9210,4;24275,8;37549,5;43871,4;7658,0;11560,5;19263,4;9067,0;1621,6;8193,8;31026,7;17197,8;8641,1;22868,4;10260,5;25425,0;27237,2;26153,3;31977,2;11293,5;19915,8;44201,7;12852,4;;26605,6;8048,4;30392,3;27179,9;5508,8;29306,1;21176,8;22488,8;23646,4;6145,1;3648,0;8046,3;24213,0;11481,7;31817,5;35411,4;14960,7;45770,7;26452,7;36677,4;25257,4;20137,0;14653,7;44096,9;32072,9;20115,8;20846,3;21636,2;12642,5;23339,2;34479,2;14143,7;28775,9;19272,9;41668,3;11905,3;21244,6;8497,9;10163,6;19529,5;8097,3;30481,7;7204,1;23959,2;19510,5;25323,3;34444,1;22796,1;12710,1;24227,7;11389,7;12364,8;34214,9;45884,6;24373,4;6254,5;27965,9;26381,3;;20929,9;29185,7;16983,1;6764,2;9205,3;27363,9;;35785,8;16527,0;24396,1;23841,8;20949,8
Brasileira;32568,0;12292,7;13723,5;27084,1;25804,6;10318,2;5994,5;30844,7;16886,9;14415,6;37466,7;28211,9;17903,2;24022,6;20001,3;16571,7;45008,6;42273,2;19593,2;7026,2;44898,2;12785,0;4513,8;29047,2;25673,7;11087,5;27181,5;31923,3;4012,0;24028,1;44251,0;7443,9;37592,6;4227,3;0,0;29897,5;7215,6;13382,9;6917,2;21758,4;10195,5;27283,2;28865,8;35233,0;25022,8;7537,5;5049,9;24220,7;28062,3;3734,2;38073,8;40004,7;7785,3;30550,9;9997,3;8090,1;4084,2;3488,0;6071,3;6114,3;30431,1;25450,2;31293,6;39455,0;45529,6;48154,7;33016,4;43417,5;38351,2;33595,9;12721,6;9375,1;38756,1;21851,0;;3947,2;19229,5;30362,1;7099,2;37925,6;27933,7;26711,1;18326,2;18969,1;18896,0;26138,7;24589,9;28307,9;23465,1;43472,8;24756,0;43313,8;14645,0;9452,3;20892,9;22362,8;28786,2;25694,3;27998,8;29352,5;25830,0;15920,4;6522,3;22074,9;35010,2;7962,7;8088,7;8911,7;7933,9;45902,0;38445,3;9150,8;2707,6;36202,0;11376,0;21749,9;12699,8;28385,2;9604,3;8476,8;8190,8;31031,8;27073,3;27449,0;28587,0;10470,0;10029,5;12594,0;5429,1;11294,2;26359,6;39633,3;45955,2;6276,8;8358,9;21347,2;11150,8;3764,2;9228,9;33110,5;19281,6;10724,9;24952,2;12344,3;27508,8;29321,0;28237,1;34061,0;13377,3;21999,5;46285,4;9176,4;;28689,4;10132,2;32476,2;29263,7;3618,4;31389,9;23260,6;24572,5;25507,4;2469,0;1757,6;8907,5;26296,8;13565,5;33901,3;37495,2;17044,5;47854,5;28536,5;38761,2;27341,2;22220,8;16737,5;46180,7;34156,7;22199,6;22930,1;23720,0;14726,3;25423,0;36562,9;16227,5;30859,7;21356,7;43752,1;13989,1;23328,4;6022,8;12247,4;21613,3;6716,1;32565,5;3528,0;26043,0;21594,2;27407,1;36527,9;24879,9;14793,9;26311,5;13473,5;14448,6;36298,7;47968,4;26457,2;8338,3;30049,7;28465,1;;23013,7;31269,5;19066,9;8848,0;11289,1;29447,7;;37869,6;18610,8;26479,9;25925,7;23033,6
Brejo do Piauí;14753,2;17681,5;16973,9;20939,8;19660,3;25715,8;24174,3;7996,2;14469,6;15575,2;10124,5;15585,4;22031,3;17462,6;14597,4;30746,3;22160,1;25465,5;20411,5;31359,9;22049,7;18424,7;32418,5;9798,7;18411,7;26470,5;8172,9;18109,3;29269,5;18259,1;21891,7;36711,3;10250,3;27736,0;29820,3;0,0;36483,0;31402,2;29149,2;16354,5;39462,9;21046,1;10694,4;8582,9;18878,4;34223,1;26192,5;12704,1;2146,5;29068,8;11423,6;12662,5;37052,7;21450,0;29869,6;37357,5;33351,6;27442,5;35338,7;25594,5;7582,6;15308,9;12073,7;12112,7;22681,2;25306,2;10168,0;20569,0;16147,7;20693,2;21614,7;22600,2;11413,9;18594,8;;32013,6;22770,3;6188,3;35004,0;10583,3;4375,3;13619,8;12048,8;19238,7;13492,1;19994,3;18445,5;22163,5;16310,8;20624,3;15148,7;15971,5;17667,3;38719,7;20921,3;18588,7;11217,7;14331,7;8026,7;13824,2;18398,0;16132,3;28528,1;12467,6;8036,2;35867,5;35993,4;25856,5;32362,4;23053,5;11103,0;29508,3;30628,8;14120,5;21225,4;24653,2;17491,4;14352,2;38871,8;34527,4;35156,9;8183,3;20836,2;16216,1;20493,1;34579,5;31189,6;18772,1;32910,9;20266,3;20215,3;16784,9;22931,2;33935,1;37626,3;13279,0;21236,9;26952,4;31628,4;13062,1;22360,0;29853,6;16109,0;17984,0;20246,8;8974,8;2321,3;11212,5;18786,2;17671,3;23437,0;38443,8;;14265,3;23357,3;18662,1;5304,9;31100,1;8345,3;17758,0;24814,6;20640,3;31736,4;29239,3;32399,3;15063,9;22044,8;11985,6;14646,8;16641,1;25006,0;6234,5;22620,3;4739,9;16173,0;22460,9;30039,8;11308,2;16795,8;18735,8;17575,6;16453,5;12786,4;9220,7;21584,8;13166,4;13288,5;20903,7;16960,5;20946,3;34089,2;26816,2;16295,7;34306,7;5212,1;32795,4;8496,3;18707,8;21262,8;9185,7;20166,4;20151,2;10634,9;29573,4;20627,3;8956,5;25120,0;10316,2;30100,4;21076,7;9386,4;;18039,8;3927,2;18659,9;22909,8;26038,6;13306,8;;10527,3;19429,1;12748,3;19781,3;15208,8
Buriti dos Lopes;39225,3;18950,1;20380,9;33741,5;32462,0;16975,6;12651,9;37502,1;23544,3;21073,0;44124,1;34869,3;24560,6;30680,0;26658,7;23229,1;51665,9;48930,6;26250,6;12048,1;51555,6;19442,4;8334,5;35704,6;32331,1;17744,9;33838,9;38580,7;10608,1;30685,5;50908,4;1659,6;44250,0;10884,7;7210,3;36554,9;0,0;20040,3;11939,1;28415,8;4043,9;33940,6;35523,2;41890,4;31680,2;10022,6;11707,3;30878,1;34719,7;10391,6;44731,2;46662,1;5110,1;37208,3;16654,7;2797,4;3439,9;10145,4;3999,3;12771,7;37088,5;32107,5;37951,0;46112,3;52187,0;54812,1;39673,8;50074,9;45008,5;40253,3;19379,0;16032,5;45413,5;28508,4;;10335,9;25886,9;37019,5;5568,6;44583,0;34591,1;33368,5;24983,5;25626,5;25553,4;32796,1;31247,3;34742,5;30122,5;50130,2;31413,3;49971,2;21302,4;3352,1;27550,3;29020,2;35443,6;32351,7;34656,2;36009,9;32487,4;22577,8;13179,7;28732,3;41667,6;6432,1;6737,2;14917,7;14591,3;52559,4;45102,7;14172,6;9365,0;42859,4;18033,4;28407,3;19357,2;35042,6;3596,4;8370,9;7725,4;37689,2;33730,8;34106,3;35244,4;10523,4;12728,9;19251,4;12086,5;17951,6;31361,1;46290,7;52612,6;8761,9;3066,2;28004,6;17808,2;10421,6;12528,1;39767,9;25939,0;17382,3;31609,5;19001,7;34166,1;35978,4;34894,5;40718,4;20034,7;28656,9;52942,8;3076,1;;35346,8;16789,6;39133,5;35921,1;10275,8;38047,3;29918,0;28455,6;29341,0;6387,9;8415,0;10405,4;32954,2;20222,9;40558,7;44152,6;23701,9;54511,9;35193,9;45418,6;33998,6;28878,2;23394,9;52838,1;40814,1;28857,0;29587,5;30377,4;21383,7;32080,4;43220,3;22884,9;37517,1;28014,1;50409,5;20646,5;29985,8;10265,3;18904,8;28270,7;8928,3;39222,9;5830,8;32700,4;28251,6;34064,5;43185,3;31537,3;21451,3;32968,8;20130,9;21106,0;42956,1;54625,8;33114,6;14995,7;36707,1;35122,5;;29671,1;37926,8;25724,3;15505,4;16956,9;36105,1;;44527,0;25268,2;33137,3;32583,0;29691,0
Buriti dos Montes;26148,2;16692,7;17085,0;18688,2;18888,0;13515,0;11186,8;32399,4;20661,0;18189,8;34427,1;29766,7;12665,1;17602,8;20186,6;8156,7;46563,3;43827,9;14654,4;15898,4;46452,9;16330,8;16208,8;22947,8;19254,0;14284,3;28736,3;25503,5;12820,1;17608,3;45805,7;20261,8;34297,9;11286,6;13370,8;31363,7;20033,5;0,0;13687,7;19108,5;23013,4;20366,5;22446,0;29133,5;18106,1;18761,5;9580,1;25775,5;29617,1;12619,3;31974,3;36965,1;20603,2;23634,2;3407,9;20908,0;16902,1;10993,0;18889,2;11306,6;31985,8;19350,7;24905,5;36160,3;47084,3;49709,4;34571,1;44972,2;39905,9;26679,3;17913,9;14567,4;35461,4;15431,2;;15564,1;16299,2;31916,8;18794,3;34630,9;29133,5;20291,3;21666,5;16788,9;21647,3;19222,0;17576,3;19584,5;17045,4;45027,5;26310,7;40274,1;16797,2;22270,2;14473,1;15943,0;22366,4;19274,6;28262,4;22932,8;19410,2;19380,5;9989,8;23629,6;28910,8;19657,8;19783,7;14104,0;8502,8;47456,7;35405,6;15627,4;13818,1;29782,2;16568,3;13420,1;16917,9;29939,9;22422,2;20171,8;19885,8;32586,5;20156,7;29003,7;22167,3;20539,5;18901,7;17376,3;13590,3;16486,5;16203,0;41188,0;47233,8;17971,8;21176,8;19794,3;16343,1;10502,9;18101,0;27011,0;13066,0;8307,5;18852,7;16232,7;20910,8;23770,0;29791,8;35615,7;18569,6;15579,8;47840,2;21994,3;;22269,6;15324,5;25996,6;30818,4;11962,1;25838,9;16840,9;13297,5;14183,0;15286,9;12789,8;17953,5;27851,5;16762,3;27481,6;39050,0;19694,8;49409,2;25866,6;40316,0;28895,9;15801,1;14097,7;47735,4;35711,4;18747,0;16510,4;16880,3;18119,0;19003,2;33523,3;15027,8;24440,0;18233,1;45306,8;17379,1;16908,6;16643,4;9607,6;15193,5;18411,1;26466,0;16345,9;23373,1;15174,5;19286,6;33233,2;17952,0;16014,3;21331,6;5058,6;19640,9;33004,0;49523,2;28012,0;8669,5;23133,0;22365,6;;16593,9;32824,2;16316,2;14040,2;16481,4;31002,5;;34574,9;15089,1;20060,1;19009,0;16613,8
Cabeceiras do Piauí;31917,7;11642,5;13073,3;26433,9;25154,4;10069,1;5745,5;30194,5;16236,7;13765,4;36816,5;27561,7;17253,0;23372,3;19351,1;16892,5;44358,3;41623,0;18943,0;3816,0;44248,0;12134,8;4874,6;28397,0;25023,5;10838,4;26531,3;31273,1;4103,1;23377,9;43600,8;12169,1;36942,4;4954,6;6907,6;29247,3;11940,8;13703,7;0,0;21108,2;14920,7;26633,0;28215,5;34582,8;24372,6;6679,1;4916,2;23570,5;27412,1;7750,1;37423,6;39354,5;12299,1;29900,7;10318,1;10416,0;8809,4;6123,8;10796,5;5980,6;29780,9;24800,0;30643,4;38804,7;44879,4;47504,5;32366,2;42767,3;37700,9;32945,7;11782,6;8724,9;38105,9;21200,8;;9208,9;18579,3;29711,9;7460,1;37275,4;27283,5;26060,9;17675,9;18318,9;18245,8;25488,5;23939,7;27657,7;22814,9;42822,6;24105,7;42663,6;13994,8;14177,1;20242,7;21712,6;28136,0;25044,1;27348,6;28702,3;25179,8;15270,1;7209,4;21424,7;34360,0;8323,5;8449,5;4583,9;11043,7;45251,8;37795,1;2575,5;7860,5;35551,8;10725,8;21099,7;12049,6;27735,0;14329,5;8405,0;8551,6;30381,6;26423,1;26798,7;27936,8;8457,1;6563,6;11943,8;10308,2;10644,0;25709,4;38983,1;45305,0;6391,2;10540,0;20697,0;9769,9;5633,7;6000,3;32460,3;18631,4;11045,7;24301,9;11694,1;26858,5;28670,8;27586,8;33410,8;11996,5;21349,3;45635,2;13901,2;;28039,2;9482,0;31825,9;28613,5;8497,5;30739,7;22610,4;24893,3;26050,9;6342,3;6636,7;5871,1;25646,6;13316,5;33251,1;36845,0;16394,3;47204,2;27886,3;38111,0;26690,9;21570,6;16453,4;45530,5;33506,4;21549,4;22279,9;23069,8;14076,1;24772,8;35912,7;15577,3;30209,5;20706,5;43101,9;13338,8;22678,2;11284,6;12113,7;20963,1;6762,8;31915,3;7913,7;25392,8;20944,0;26756,9;35877,7;24229,7;14143,7;25661,2;13794,3;13584,8;35648,5;47318,2;25807,0;8781,7;29399,5;27814,9;;22363,5;30619,2;18416,7;7217,6;7588,7;28797,5;;37219,4;17960,6;25829,7;25275,4;22383,3
Cajazeiras do Piauí;16993,5;9528,4;8820,8;11509,7;10230,2;16805,9;16021,2;17289,5;6316,5;7422,1;21864,3;14656,7;9713,0;8448,1;1765,0;18428,0;31453,3;28718,0;5849,3;23206,8;31343,0;10271,6;24265,4;10385,0;10099,3;17159,5;13626,3;16348,9;21116,4;8577,8;30695,8;28558,2;21735,1;19582,9;21667,2;16342,3;28329,9;19083,9;20996,1;0,0;31309,8;11708,8;11034,7;16570,8;9448,4;26069,9;18039,4;10665,5;14507,1;20915,7;19411,5;24402,3;28899,6;14976,5;17551,3;29204,4;25198,5;19289,4;27185,6;17441,3;16875,9;6787,9;12631,4;23597,5;31974,4;34599,5;19461,2;29862,3;24795,9;18021,5;13461,6;14447,1;22898,7;6276,6;;23860,5;9406,6;16806,9;26850,9;22068,1;14378,5;9511,8;4770,9;6186,7;3498,6;10564,2;9015,4;12733,4;7890,7;29917,6;11200,7;27711,3;9514,2;30566,6;8603,1;6270,4;11558,0;10119,9;14443,6;13778,1;10255,5;7896,9;20375,0;8519,7;16348,0;27714,3;27840,3;17703,3;22646,1;32346,8;22842,8;21355,2;22475,7;20627,5;13072,3;12334,9;9338,3;14830,0;30718,6;26374,3;27003,8;17476,5;11498,9;13893,7;13012,6;26426,4;23036,5;10619,0;24757,7;12113,2;10785,2;26078,1;32400,0;25782,0;29473,2;6313,7;13083,8;18799,3;23475,3;14448,2;8281,8;21700,5;6289,9;9830,9;11934,3;11207,2;14681,8;20505,8;10633,1;6425,1;32730,2;30290,7;;13115,0;15204,2;16901,7;15708,5;22947,0;13276,1;7686,2;15384,5;11210,2;23583,3;21086,2;24246,2;12741,6;12156,7;18326,9;23940,0;7314,2;34299,2;12609,0;25206,0;13785,9;6240,5;11857,5;32625,5;20601,5;441,4;8651,5;8145,6;8300,4;8184,0;20960,5;11405,1;13724,0;4769,8;30196,9;8807,4;10963,4;25936,1;15807,6;3977,4;26153,6;13903,2;24642,3;10115,5;8964,6;11832,7;20670,5;10485,1;10263,2;8768,8;17255,1;12474,2;20441,2;34413,2;12902,0;21947,3;14475,2;9802,8;;8296,6;17714,2;3813,2;14756,7;17885,5;15892,5;;22012,1;4866,9;10905,4;10351,2;7002,1
Cajueiro da Praia;42186,2;21910,9;23341,8;35831,2;35422,9;19936,4;15612,8;40462,9;26505,1;24033,9;47085,0;37830,2;27521,4;33640,8;29619,5;26189,9;54626,8;51891,4;29211,5;15009,0;54516,4;22403,2;11688,5;38665,5;35292,0;20705,7;36799,8;41541,6;13569,0;33646,3;53869,2;3552,8;47210,8;13845,5;10171,2;39515,7;4041,5;23001,2;14899,9;31376,7;0,0;36901,5;38484,0;44851,3;34641,0;13376,6;14668,2;33839,0;37680,6;13352,5;47692,0;49623,0;8558,3;40169,2;19615,6;6151,4;6193,4;13106,3;6001,2;15732,5;40049,3;35068,4;40911,9;49073,2;55147,8;57772,9;42634,7;53035,7;47969,4;43214,2;22339,9;18993,4;48374,4;31469,2;;13296,8;28847,8;39980,4;8922,7;47543,8;37551,9;36329,3;27944,4;28587,3;28514,2;35756,9;34208,1;36727,4;33083,4;53091,1;34374,2;52932,1;24263,3;3244,8;30511,1;31981,0;38404,4;35312,6;37617,1;38970,8;35448,2;25538,6;16140,5;31693,2;44628,5;9786,2;10091,2;17878,5;17552,1;55520,2;48063,6;17133,5;12325,9;45820,2;20994,3;31368,2;22318,0;38003,4;591,2;11725,0;11079,5;40650,0;36691,6;37067,2;38205,3;13449,9;16083,0;22212,2;15047,4;20912,4;33346,0;49251,6;55573,4;12115,9;6420,2;30965,4;20769,0;13382,5;15882,1;42728,8;28899,9;20343,1;34570,4;21962,5;37127,0;38939,3;37855,3;43679,2;22995,6;31617,8;55903,7;2359,2;;38307,6;19750,5;42094,4;38881,9;13236,6;41008,1;32878,9;30440,5;31326,0;9348,7;11375,8;13759,4;35915,0;23183,7;43519,6;47113,5;26662,8;57472,7;38154,7;48379,5;36959,4;31839,1;26355,7;55799,0;43774,9;31817,9;32548,4;33338,2;24344,6;35041,2;46181,2;25845,7;40477,9;30975,0;53370,4;23607,3;32946,6;12639,2;21865,6;31231,5;12282,4;42183,7;8791,7;35661,3;31212,5;36429,6;46146,2;34498,2;24412,1;35929,7;23091,8;24066,8;45917,0;57586,7;36075,5;17956,6;39667,9;38083,3;;32631,9;40887,7;28685,2;18466,2;20310,9;39066,0;;47487,8;28229,1;36098,1;35543,9;32651,8
Caldeirão Grande do Piauí;11679,0;15497,0;15889,3;4642,4;2856,5;21361,4;21543,2;25003,3;16691,2;16431,4;24056,1;22370,6;11469,5;6460,9;13477,2;18266,6;39167,2;36431,9;13386,5;28728,9;39056,9;15135,1;29787,5;12576,8;2796,6;21715,0;21340,2;9409,7;26638,5;5707,8;38409,7;34080,3;23926,9;25105,0;27189,3;20992,8;33852,0;20385,2;26518,2;11712,5;36831,8;0,0;10672,5;15012,3;3057,7;31592,0;23561,5;18379,4;21251,4;26437,8;19513,2;26594,1;34421,7;4830,4;19307,7;34726,5;30720,6;24811,5;32707,7;22963,4;24589,8;11954,6;10662,8;25789,3;39688,3;42313,4;27175,1;37576,2;32509,8;7875,4;18983,7;19969,2;25090,5;6820,2;;29382,6;15031,4;24520,8;32373,0;24259,9;20726,1;11728,9;14270,4;13874,9;15210,9;1492,8;3858,0;4289,0;5403,4;37631,5;18914,6;29903,2;15601,5;36088,7;10359,5;9871,8;10592,9;7382,1;20866,4;8463,6;5601,6;16739,2;25889,6;16233,6;18539,8;33236,4;33362,4;23225,4;24402,6;40060,7;25034,7;26877,3;27997,8;15313,1;18594,3;13853,4;15722,2;22543,8;36240,7;31896,4;32525,9;25190,4;1339,4;21607,6;7645,2;31948,5;28558,6;16180,6;28754,5;17635,3;6124,3;33792,0;36862,9;31304,1;34995,3;12398,2;20541,2;24321,4;28997,4;16401,0;11798,2;24207,3;11456,6;15037,0;2122,3;15054,8;21426,1;28219,7;20878,2;6592,5;40444,1;35812,8;;7994,6;20726,3;7192,8;23422,4;27861,9;16836,9;5829,6;10723,6;6549,4;29105,4;26608,3;29768,3;20455,5;16712,2;13012,4;31653,9;16156,5;42013,1;18470,5;32919,9;21499,8;7666,3;14799,4;40339,4;28315,3;11351,0;6807,4;4059,1;16923,3;10868,5;23152,3;15729,4;9970,8;10837,0;37910,8;16183,4;8954,0;30863,0;18749,5;7797,5;31675,7;16095,0;30164,4;15977,0;6715,4;4459,0;22862,3;7615,2;14818,6;13935,5;19011,5;19372,2;22633,1;42127,1;20615,9;24569,3;4329,1;11956,3;;6047,4;22752,1;11711,8;20278,8;23407,6;23606,4;;24203,9;12519,0;8338,6;3084,2;8479,1
Campinas do Piauí;11522,2;17063,1;17138,0;10577,5;9298,0;22927,4;23109,3;16870,5;15307,0;15739,3;13715,6;20986,4;13035,5;7100,3;12785,2;21750,6;29624,8;34339,8;12809,3;30295,0;30924,0;16701,2;31353,6;2236,3;8049,4;23281,0;17047,2;10877,5;28204,6;7896,8;30766,0;35646,3;13586,5;26671,1;28755,4;10652,3;35418,1;22406,4;28084,3;11020,4;38397,9;10683,8;0,0;8422,1;8516,1;33158,1;25127,5;16995,2;10910,9;28003,8;11262,9;16253,6;35987,8;12248,8;20873,8;36292,6;32286,6;26377,6;34273,8;24529,5;16456,9;7464,5;4307,8;15448,9;31555,4;34180,5;19042,2;29443,3;25022,0;13461,4;20549,8;21535,2;14750,0;8386,2;;30948,6;16366,6;15062,6;33939,0;13919,5;10385,6;4858,1;12886,3;13182,9;14329,6;9632,0;8083,2;11801,2;5948,5;29498,6;17530,4;19562,7;17167,6;37654,8;11925,6;10744,3;855,4;3969,4;14536,8;6058,2;8035,7;16047,1;27455,6;14849,4;8199,4;34802,5;34928,4;24791,5;25968,7;31927,8;14694,2;28443,3;29563,8;13597,0;20160,4;15657,5;17288,3;21159,7;37806,8;33462,4;34091,9;17057,6;10473,9;20223,4;10130,8;33514,6;30124,6;17746,7;31056,2;19201,3;9853,0;25659,1;26522,4;32870,2;36561,4;11014,0;22074,3;25887,4;30563,4;6299,6;13364,3;25773,3;8264,6;16603,1;9884,4;4714,3;11085,7;20086,8;19623,7;8158,6;32311,3;37378,8;;3903,0;22292,3;11430,4;14179,2;29428,0;6496,4;7395,7;14452,3;10278,0;30671,5;28174,3;31334,3;19071,3;18278,2;11462,2;23521,1;15464,5;33880,3;8911,8;31494,5;12758,6;7411,4;16365,4;38914,0;20182,5;10658,9;8373,5;7213,3;16617,5;4024,7;12811,9;17295,5;5400,4;9452,8;29778,0;17124,5;10584,0;33024,3;20315,5;8451,3;33241,8;5754,6;31730,4;8905,6;8345,4;10900,5;12521,8;9804,1;16384,7;6864,1;20577,6;20791,3;12292,6;33994,3;19190,5;26135,4;11875,5;1615,8;;7677,5;12411,6;11019,7;21844,8;24973,6;22181,0;;13863,5;11826,9;2386,0;9419,0;6447,2
Campo Alegre do Fidalgo;6488,8;23410,6;22703,0;15718,9;14439,4;29331,0;29512,9;14758,2;20872,1;21304,3;11603,4;22347,5;19751,9;15079,9;18350,2;28466,9;27512,6;32227,5;18374,3;36698,5;28811,8;23104,7;37757,1;7519,3;12390,3;29684,6;14935,0;9844,8;34608,1;14949,7;28653,7;42049,9;11474,2;33074,7;35158,9;8540,1;41821,6;29122,8;34487,8;16585,4;44801,5;15024,7;8415,0;0,0;13518,5;39561,6;31531,1;19466,1;8908,6;34407,4;4819,3;14141,4;42391,3;13925,6;27590,2;42696,1;38690,2;32781,1;40677,3;30933,0;14344,7;13029,5;6870,1;13336,6;29443,2;32068,3;16930,0;27331,1;22909,8;12428,7;26953,3;27938,8;12637,8;15439,1;;37352,2;21931,7;12950,3;40342,6;11807,2;11137,4;11340,4;18451,3;18747,9;19894,6;14289,5;14337,7;16942,7;13249,1;27386,4;21910,7;17450,5;23396,3;44058,3;18642,0;16309,3;8938,3;12052,3;14788,8;6835,8;12847,9;21612,2;33866,7;19229,7;6087,1;41206,1;41332,0;31195,0;32685,0;29815,6;12582,0;34846,9;35967,4;5856,0;26564,0;22373,8;23220,5;21114,3;44210,3;39866,0;40495,5;14945,4;14814,8;22978,1;14471,6;39918,1;36528,2;24150,2;37772,5;25604,9;16604,1;23546,9;24410,1;39273,7;42964,9;16579,1;27639,4;32291,0;36967,0;5325,6;20080,6;32489,7;13829,6;23006,7;14225,3;7497,3;9083,3;17974,6;25188,7;15211,5;30199,0;43782,4;;9937,3;28695,9;10397,7;12066,9;36144,3;6065,9;14448,6;21203,4;17029,1;37075,0;34577,9;37737,9;21826,0;24681,8;3721,2;21408,8;21029,5;31768,0;10576,7;29382,3;11502,0;13893,6;23081,8;36801,8;18070,2;16223,9;15426,4;14266,2;22182,6;10507,0;10699,6;23930,2;5280,3;15017,9;27665,7;22689,6;17636,9;39427,8;27031,9;14016,4;39645,3;3642,3;38134,0;12638,8;15398,4;16041,9;10409,6;16857,0;22788,2;10597,2;27294,0;26356,4;10180,4;31882,0;17078,3;32851,7;13737,6;7107,1;;14730,4;10299,4;16584,8;28248,4;31377,2;20068,8;;11751,2;17391,9;10468,9;14560,4;12929,4
Campo Grande do Piauí;10177,7;13236,6;13628,8;2858,7;1579,1;19100,9;19282,8;22742,9;14430,8;14170,9;21927,2;20110,2;9209,0;4200,4;11216,8;16006,1;36906,8;34171,4;11126,1;26468,5;36796,4;12874,6;27527,1;10447,9;3176,9;19454,5;19079,8;9533,0;24378,1;3447,4;36149,2;31819,8;21798,0;22844,6;24928,9;18863,8;31591,6;18124,7;24257,8;9452,0;34571,4;3057,7;8543,5;13510,9;0,0;29331,6;21301,0;16119,0;19122,4;24177,3;18011,8;24465,2;32161,2;6325,4;17047,3;32466,1;28460,1;22551,1;30447,3;20703,0;22329,3;9694,2;9161,5;23660,4;37427,8;40052,9;24914,6;35315,7;30249,4;9370,5;16723,3;17708,7;22961,5;4559,7;;27122,1;12770,9;22260,3;30112,5;22131,0;18597,2;9468,4;12010,0;11614,5;12950,5;1913,2;1597,5;4082,4;3142,9;35371,0;16654,2;27774,2;13341,1;33828,3;8099,1;7611,4;8464,0;5372,1;18605,9;6962,2;4100,3;14478,8;23629,1;13973,1;16410,9;30976,0;31101,9;20965,0;22142,2;37800,2;22905,7;24616,8;25737,3;13811,7;16333,9;11592,9;13461,8;20283,4;33980,3;29635,9;30265,4;22930,0;2847,9;19347,2;6143,8;29688,1;26298,1;13920,2;26494,0;15374,8;3863,9;31531,5;34733,9;29043,7;32734,9;10137,8;18280,7;22060,9;26736,9;14511,1;9537,8;21946,8;9196,2;12776,6;3601,9;12925,9;19297,2;25959,2;18617,7;4332,1;38183,7;33552,3;;6493,2;18465,8;8687,8;21161,9;25601,5;14708,0;3569,2;8463,2;4288,9;26845,0;24347,8;27507,8;18195,0;14451,7;11511,0;29393,5;13896,1;39752,7;16210,1;30659,5;19239,4;5405,9;12538,9;38078,9;26054,9;9090,5;4547,0;1798,7;14662,9;8608,0;21023,4;13469,0;8469,4;8576,6;35650,3;13923,0;6693,5;28602,6;16489,0;5537,0;29415,3;13966,1;27903,9;13716,6;4455,0;3181,6;20733,3;5354,7;12558,2;11675,1;16751,1;17111,8;20504,1;39866,7;18355,5;22308,9;5824,2;9827,3;;3787,0;20623,2;9451,4;18018,3;21147,1;21346,0;;22075,0;10258,5;6157,7;1700,2;6218,6
Campo Largo do Piauí;37011,2;16735,9;18166,8;31527,4;30247,9;15162,6;10838,9;35287,9;21330,2;18858,9;41910,0;32655,2;22346,4;28465,8;24444,5;21985,9;49451,8;46716,5;24036,5;4762,1;49341,4;17228,3;3676,6;33490,5;30117,0;15931,9;31624,8;36366,6;7115,3;28471,3;48694,2;11319,3;42035,8;8863,4;7541,0;34340,8;9910,6;18797,2;6698,8;26201,7;13247,7;31726,5;33309,0;39676,3;29466,0;0,0;10009,7;28664,0;32505,6;9697,8;42517,0;44448,0;10052,5;34994,2;15411,6;7909,8;8830,7;9451,6;10817,8;11074,0;34874,3;29893,4;35736,9;43898,2;49972,9;52597,9;37459,7;47860,8;42794,4;38039,2;16876,1;13818,4;43199,4;26294,3;;10104,4;23672,8;34805,4;4953,9;42368,8;32377,0;31154,4;22769,4;23412,3;23339,3;30581,9;29033,1;32751,1;27908,4;47916,1;29199,2;47757,1;19088,3;11671,0;25336,1;26806,0;33229,4;30137,6;32442,1;33795,8;30273,2;20363,6;12302,9;26518,2;39453,5;5817,4;4753,3;9677,4;13897,4;50345,2;42888,6;8063,5;8756,0;40645,2;15819,3;26193,2;17143,0;32828,4;12800,2;3291,1;3920,6;35475,0;31516,6;31892,2;33030,3;4219,7;5733,2;17037,2;11392,7;15737,4;30802,9;44076,6;50398,4;2334,7;8033,9;25790,5;14863,4;9727,8;4298,5;37553,8;23724,9;16139,1;29395,4;16787,5;31952,0;33764,3;32680,3;38504,2;17089,9;26442,8;50728,7;11395,0;;33132,6;14575,5;36919,4;33707,0;9582,0;35833,2;27703,9;29986,8;31144,4;6363,6;7721,1;3163,0;30740,0;18409,9;38344,6;41938,5;21487,8;52297,7;32979,8;43204,5;31784,4;26664,1;21546,8;50624,0;38599,9;26642,9;27373,4;28163,2;19169,6;29866,2;41006,2;20670,8;35302,9;25800,0;48195,4;18432,3;27771,6;11956,2;17207,1;26056,5;1976,7;37008,7;7935,0;30486,3;26037,5;31850,4;40971,2;29323,2;19237,2;30754,7;18887,8;18678,2;40742,0;52411,7;30900,5;13875,1;34492,9;32908,3;;27456,9;35712,7;23510,2;12311,0;9961,2;33891,0;;42312,8;23054,1;30923,1;30368,9;27476,8
Campo Maior;28942,5;8667,3;10098,1;23458,7;22179,2;6692,8;2369,1;27219,3;13261,5;10790,2;33841,3;24586,5;14277,8;20397,2;16375,9;12781,5;41383,2;38647,8;15967,9;7124,0;41272,8;9159,6;7890,3;25421,8;22048,3;7462,1;23556,2;28297,9;4501,6;20402,7;40625,6;11943,3;33967,2;2968,1;5052,3;26272,1;11715,0;9592,7;4913,3;18133,0;14694,9;23657,8;25240,4;31607,6;21397,4;9987,1;0,0;20595,3;24436,9;4300,8;34448,4;36379,3;12284,7;26925,5;6207,1;12589,5;8583,6;2674,5;10570,7;2488,9;26805,7;21824,8;27668,2;35829,6;41904,2;44529,3;29391,0;39792,1;34725,8;29970,5;9096,2;5749,7;35130,8;18225,6;;7245,6;15604,1;26736,7;10475,8;34300,2;24308,3;23085,7;14700,8;15343,7;15270,6;22513,3;20964,5;24682,5;19839,7;39847,4;21130,5;39688,4;11019,6;13951,7;17267,5;18737,4;25160,8;22068,9;24373,4;25727,1;22204,6;12295,0;3760,1;18449,5;31384,8;11339,3;11465,2;5286,3;6932,7;42276,6;34819,9;6853,0;5860,8;32576,6;7750,6;18044,8;9074,4;24759,8;14103,8;11713,0;11567,3;27406,4;23448,0;23823,5;24961,7;11765,1;10127,3;8968,6;8142,9;7668,8;22734,2;36007,9;42329,8;9653,3;12858,4;17721,8;7525,4;2184,4;9326,6;29485,1;15656,2;6934,7;21326,8;8718,9;23883,3;25695,6;24611,7;30435,6;9751,9;18374,2;42660,0;13675,8;;25064,0;6506,8;28850,8;25638,3;6332,1;27764,5;19635,2;20782,3;21940,0;6968,4;4471,3;9179,1;22671,4;9940,1;30275,9;33869,8;13419,1;44229,1;24911,1;35135,8;23715,8;18595,4;13112,1;42555,3;30531,3;18574,2;19304,7;20094,6;11100,9;21797,6;32937,6;12602,1;27234,3;17731,3;40126,7;10363,7;19703,0;9321,2;8622,0;17987,9;10070,8;28940,1;8027,4;22417,6;17968,8;23781,7;32902,5;21254,5;11168,5;22686,1;9683,3;10823,2;32673,3;44343,0;22831,8;4670,7;26424,3;24839,7;;19388,3;27644,0;15441,5;5222,6;7663,7;25822,3;;34244,2;14985,4;22854,5;22300,2;19408,2
Canavieira;23664,9;11997,3;11289,7;18181,1;16901,6;20031,6;18490,0;8501,0;8785,4;9891,0;20259,6;7123,7;16384,4;15119,5;8913,2;25099,4;22664,9;19929,6;14727,3;25675,7;22554,5;12740,5;26734,3;16358,7;16770,7;20786,2;4837,9;23020,3;23585,3;15249,2;21907,4;31027,1;20385,5;22051,8;24136,1;12690,4;30798,8;25755,3;23465,0;10670,3;33778,7;18380,2;17008,4;19500,7;16119,8;28538,8;20508,3;0,0;11752,5;23384,6;22341,4;22797,6;31368,5;21647,9;24222,7;31673,3;27667,4;21758,3;29654,5;19910,2;8087,4;12761,6;18605,1;22247,8;23186,0;25811,1;10672,8;21073,8;16007,5;24692,9;15930,5;16916,0;21549,0;12948,0;;26329,4;17086,1;8018,5;29319,8;20718,5;12605,0;15485,5;6364,6;13554,4;7807,9;17235,6;15686,8;19404,8;14562,1;21129,2;4575,6;21787,7;11983,0;33035,5;15274,5;12941,8;17531,8;16791,3;12670,1;20355,6;16926,9;10448,0;22843,9;2145,6;18953,9;30183,2;30309,2;20172,2;26678,2;23558,4;21238,2;23824,0;24944,5;25038,2;15541,1;19006,3;11807,2;6041,6;33187,5;28843,2;29472,7;8688,1;18170,3;6360,7;19684,0;28895,3;25505,4;13087,9;27226,6;14582,0;17456,6;17289,7;23611,5;28250,9;31942,1;7594,7;15552,7;21268,2;25944,2;20422,0;16713,1;24169,3;11654,7;12299,8;18605,7;15568,6;11927,3;11717,4;13102,0;13096,5;23941,8;32759,6;;19786,3;17673,0;23573,1;13935,0;25415,9;17637,4;14357,6;22055,9;17881,6;26052,2;23555,1;26715,1;5208,5;16360,5;22903,4;15151,6;10956,9;25510,8;14560,4;16417,6;12012,4;12816,8;16776,7;23837,1;11813,0;11111,5;15322,9;14817,0;10769,3;14157,8;19355,8;15900,6;19697,8;7604,2;21408,5;11276,3;17634,8;28405,0;21132,0;10648,8;28622,5;16129,9;27111,2;12290,6;15636,0;18504,1;19320,8;17156,5;14467,0;12559,0;23926,5;14943,1;19091,6;25624,8;4113,6;24416,2;21146,6;15776,6;;14968,0;14062,3;12975,7;17225,6;20354,3;7104,1;;20662,5;13744,9;17576,8;17022,6;13578,5
Canto do Buriti;15121,5;15840,7;15133,1;21147,0;19867,5;23875,0;22333,5;7040,9;12628,8;13734,4;9710,1;14630,1;20227,8;17669,8;12756,6;28942,8;21204,8;24510,2;18570,7;29519,1;21094,4;16583,9;30577,7;10166,9;18619,0;24629,6;7217,6;18477,6;27428,7;18466,3;20936,4;34870,5;9836,0;25895,2;27979,5;2140,9;34642,2;29598,7;27308,4;14513,7;37622,1;21253,3;10901,6;8951,2;19085,6;32382,2;24351,7;11748,7;0,0;27228,0;11791,9;12248,1;35211,9;21818,3;28066,1;35516,7;31510,8;25601,7;33497,9;23753,6;6627,3;13547,0;12442,0;11698,4;21725,8;24350,9;9212,6;19613,7;15192,4;21061,4;19773,9;20759,4;10999,5;16791,4;;30172,8;20929,5;5233,0;33163,2;10169,0;2534,5;13827,0;10208,0;17397,8;11651,3;20201,5;18652,7;22370,7;16518,0;19669,0;13307,9;15557,2;15826,5;36878,9;19117,9;16785,2;11424,9;14538,9;6185,9;14192,5;18605,3;14291,5;26687,3;10626,8;8404,4;34026,7;34152,6;24015,6;30521,6;22098,2;10688,7;27667,5;28788,0;14488,7;19384,6;22849,8;15650,6;13396,9;37030,9;32686,6;33316,1;7228,0;21043,5;15260,7;20700,3;32738,7;29348,8;16931,3;31070,0;18425,5;20422,5;15829,5;22151,4;32094,3;35785,5;11438,2;19396,1;25111,6;29787,6;13430,4;20556,5;28012,8;14347,0;16143,2;20454,0;7134,0;280,2;10257,2;16945,4;16834,8;22481,7;36603,0;;14472,5;21516,5;19030,4;3806,9;29259,3;8713,6;17965,2;25021,8;20847,5;29895,6;27398,5;30558,5;14108,6;20204,0;12353,9;13691,5;14800,3;24050,7;4393,7;21664,9;2899,1;15336,6;20620,1;29084,4;10352,9;14954,9;18943,0;17782,8;14612,7;12907,4;8806,4;19744,0;13534,7;11447,7;19948,3;15119,7;21153,5;32248,4;24975,4;14492,3;32465,9;5580,4;30954,6;6655,4;18915,0;21470,0;8771,3;20373,6;18310,4;8794,1;27769,9;18786,5;8542,1;24164,6;9360,9;28259,6;21445,0;9669,7;;18247,0;3512,8;16819,1;21069,0;24197,8;12351,4;;10113,0;17588,3;12955,5;19988,5;14372,4
Capitão de Campos;31819,3;11544,0;12974,9;26335,5;25056,0;9569,5;5245,9;30096,0;16138,3;13667,0;36718,1;27463,3;17154,5;23273,9;19252,7;15823,0;44259,9;41524,6;18844,6;8642,0;44149,6;12036,4;6575,6;28298,6;24925,1;10338,8;26432,9;31174,7;4755,3;23279,5;43502,4;10628,6;36843,9;3478,7;3737,7;29148,9;10400,4;12634,3;7746,8;21009,8;13380,2;26534,6;28117,1;34484,4;24274,2;9599,3;4301,3;23472,1;27313,7;0,0;37325,1;39256,1;10970,0;29802,3;9248,7;11274,9;7268,9;2739,4;9256,0;5365,7;29682,5;24701,5;30545,0;38706,3;44781,0;47406,1;32267,8;42668,9;37602,5;32847,3;11973,0;8626,5;38007,5;21102,4;;5930,9;18480,9;29613,5;9161,1;37177,0;27185,1;25962,5;17577,5;18220,5;18147,4;25390,0;23841,2;27559,2;22716,5;42724,2;24007,3;42565,2;13896,4;12637,0;20144,3;21614,2;28037,6;24945,7;27250,2;28603,9;25081,3;15171,7;3098,0;21326,3;34261,6;10024,6;10150,5;8163,0;7869,0;45153,4;37696,7;9686,5;4546,1;35453,4;10627,4;21001,3;11951,1;27636,6;12789,1;10538,7;10252,6;30283,2;26324,7;26700,3;27838,4;12531,9;11645,2;11845,4;6828,2;10545,6;25611,0;38884,7;45206,6;8338,6;11543,7;20598,6;10402,2;3015,6;10844,6;32361,9;18533,0;9976,3;24203,5;11595,7;26760,1;28572,4;27488,4;33312,4;12628,7;21250,9;45536,8;12361,1;;27940,8;9383,6;31727,5;28515,1;5017,4;30641,3;22512,0;23823,9;24981,5;5653,7;3156,6;10697,1;25548,2;12816,9;33152,7;36746,6;16295,9;47105,8;27787,9;38012,6;26592,5;21472,2;15988,8;45432,1;33408,0;21451,0;22181,5;22971,4;13977,7;24674,3;35814,3;15478,9;30111,1;20608,1;43003,5;13240,4;22579,8;8006,6;11498,8;20864,7;8777,9;31816,9;6712,7;25294,4;20845,6;26658,5;35779,3;24131,3;14045,3;25562,8;12724,9;13699,9;35550,1;47219,8;25708,6;5607,0;29301,0;27716,5;;22265,0;30520,8;18318,3;8099,3;10540,5;28699,1;;37121,0;17862,2;25731,2;25177,0;22284,9
Capitão Gervásio Oliveira;10981,9;26252,0;25544,4;20212,0;18932,5;32172,4;32354,3;17599,7;23713,5;24145,7;14444,8;25188,9;22593,3;18024,6;21191,6;31308,4;30354,0;35069,0;21215,8;39539,9;31653,2;25946,1;40598,5;10360,7;16883,4;32526,0;17776,4;14337,9;37449,6;18821,1;31495,2;44891,3;14315,6;35916,1;38000,4;11381,5;44663,1;31964,2;37329,3;19426,8;47642,9;19517,8;11256,4;4811,6;18011,6;42403,1;34372,5;22307,5;11750,0;37248,8;0,0;16982,8;45232,7;18418,7;30431,6;45537,6;41531,6;35622,6;43518,7;33774,5;17186,1;15871,0;11363,2;14019,9;32284,6;34909,7;19771,4;30172,5;25751,2;16921,8;29794,8;30780,2;15479,2;19156,9;;40193,6;24773,1;15791,8;43184,0;14648,6;13978,8;14181,8;21292,7;21589,3;22736,0;18782,6;18830,8;21435,7;16872,9;30227,8;24752,1;20291,9;26237,8;46899,8;21483,4;19150,7;11779,7;14893,7;17630,2;11328,9;17341,0;24453,6;36708,2;22071,1;8928,5;44047,5;44173,4;34036,5;35526,5;32657,0;15423,4;37688,3;38808,8;10349,1;29405,4;25215,3;26061,9;23955,7;47051,8;42707,4;43336,9;17786,8;19307,9;25819,5;18964,7;42759,6;39369,6;26991,7;40613,9;28446,3;20777,3;26388,3;27251,6;42115,1;45806,4;19420,5;30480,8;35132,4;39808,4;9290,7;22922,1;35331,1;16671,1;25848,1;18718,4;10338,8;11924,7;20816,0;28030,1;18233,3;33040,4;46623,8;;14430,4;31537,3;14890,8;14908,3;38985,8;8907,3;18320,0;25376,6;21202,3;39916,4;37419,3;40579,3;24667,4;27523,2;8214,3;24250,2;23870,9;34609,5;13418,1;32223,7;14343,4;16735,1;25923,2;39643,2;20911,7;19065,3;19297,8;18137,7;25024,0;13348,4;13541,0;26771,6;9773,4;17859,3;30507,1;25531,0;21508,3;42269,3;29873,3;16857,8;42486,8;6483,8;40975,4;15480,2;19269,8;20535,0;13251,0;20728,5;25629,7;13438,6;30135,4;29197,8;13021,8;34723,4;19919,7;35693,2;18230,7;9948,5;;18601,8;13140,8;19426,2;31089,8;34218,6;22910,2;;14592,6;20233,3;13310,4;19053,5;15770,8
Caracol;20352,7;27830,2;27122,6;26539,2;25259,7;35864,5;34322,9;14669,1;24618,3;25723,9;2852,2;25734,1;27630,7;23062,0;24746,1;36345,8;13824,2;27617,8;26253,2;41508,6;23269,5;28573,4;42567,2;15398,1;24011,2;36619,1;18321,6;23708,7;39418,2;23858,5;23111,5;46860,0;3898,6;37884,7;39969,0;12696,9;46631,7;37001,6;39297,9;24464,2;49611,5;26645,5;16293,8;14182,3;24477,9;44371,7;36341,2;22852,7;12295,2;39217,5;17023,1;0,0;47201,4;27049,5;35469,0;47506,2;43500,2;37591,2;45487,4;35743,1;16449,3;20908,4;17673,1;10395,4;21805,0;23953,1;13267,4;15510,8;17367,5;26292,6;31763,4;32748,8;7926,7;24194,3;;42162,2;29810,5;16337,0;45152,7;6099,9;14524,0;19219,2;22197,5;26626,7;23640,8;25593,7;24045,0;27762,9;21910,3;21844,1;25297,3;3762,1;27815,9;48868,4;26520,8;24188,1;16817,1;19931,1;18175,4;19423,6;23997,5;26280,9;38676,8;22616,3;11671,7;46016,1;46142,1;36005,1;40563,8;17412,2;1593,3;39656,9;40777,4;19301,1;31374,0;30252,7;27640,1;24500,9;49020,4;44676,0;45305,6;16685,6;26435,7;26364,7;26092,5;44728,2;41338,2;28920,8;43059,5;30414,9;25814,7;18004,7;10721,7;44083,8;47775,0;23427,6;31385,6;37101,1;41777,1;18661,5;27959,5;40002,2;21708,5;28132,7;25846,2;15376,1;12469,9;13364,9;28934,9;23270,7;18401,2;48592,4;;19864,8;33505,9;24261,6;15453,5;41248,8;13944,7;23357,4;30414,0;26239,7;41885,1;39388,0;42547,9;25212,6;32193,4;17585,1;15866,6;26789,8;21610,5;16383,1;32664,6;14888,6;21772,5;30960,6;33851,3;11358,0;24102,7;24335,2;23175,1;26602,2;18385,8;3475,9;31733,5;18765,8;22896,7;22123,5;27109,2;26545,7;44237,9;34910,7;21895,2;44455,4;11079,8;42944,1;18644,9;24307,2;26862,2;6503,7;25765,8;30299,9;18476,0;35172,8;30776,0;5616,2;21539,7;20464,9;40249,1;26676,1;14985,9;;23639,2;10907,1;24463,6;33058,4;36187,2;23455,4;;6155,9;25270,7;18347,8;25380,7;20808,2
Caraúbas do Piauí;39795,0;19519,7;20950,6;34311,2;33031,7;17545,2;13221,6;38071,7;24114,0;21642,7;44693,8;35439,0;25130,2;31249,6;27228,3;23798,7;52235,6;49500,3;26820,3;12264,0;52125,2;20012,0;8425,0;36274,3;32900,8;18314,5;34408,6;39150,4;10982,2;31255,1;51478,1;5997,4;44819,6;11454,3;7780,0;37124,6;5129,8;20610,0;12313,2;28985,5;8538,7;34510,3;36092,8;42460,1;32249,8;10113,1;12277,0;31447,8;35289,4;10961,3;45300,8;47231,8;0,0;37778,0;17224,4;4397,8;4394,3;10715,1;5614,0;13341,4;37658,1;32677,2;38520,7;46682,0;52756,7;55381,8;40243,5;50644,6;45578,2;40823,0;19948,7;16602,2;45983,2;29078,1;;10905,6;26456,6;37589,2;6186,6;45152,6;35160,8;33938,2;25553,2;26196,2;26123,1;33365,7;31816,9;35534,9;30692,2;50699,9;31983,0;50540,9;21872,1;6961,9;28119,9;29589,8;36013,2;32921,4;35225,9;36579,6;33057,0;23147,4;13749,4;29302,0;42237,3;6080,7;7488,0;15291,8;15160,9;53129,1;45672,4;14546,8;9934,7;43429,1;18603,1;28977,0;19926,8;35612,2;8091,1;9121,8;8476,3;38258,8;34300,4;34676,0;35814,1;11274,2;13479,8;19821,0;12656,2;18521,2;32975,7;46860,4;53182,2;8852,4;4666,6;28574,2;18377,8;10991,3;12618,6;40337,6;26508,7;17952,0;32179,2;19571,3;34735,8;36548,1;35464,1;41288,1;20604,4;29226,6;53512,5;6686,0;;35916,4;17359,3;39703,2;36490,8;10845,5;38616,9;30487,7;30070,2;30955,7;6762,0;8984,6;11156,2;33523,8;20792,5;41128,4;44722,3;24271,6;55081,5;35763,6;45988,3;34568,2;29447,9;23964,5;53407,8;41383,7;29426,7;30157,2;30947,0;21953,4;32650,0;43790,0;23454,5;38086,8;28583,8;50979,2;21216,1;30555,4;10835,0;19474,4;28840,3;9291,7;39792,5;4585,0;33270,1;28821,3;34634,2;43755,0;32107,0;22021,0;33538,5;20700,6;21675,6;43525,8;55195,5;33684,3;15565,4;37276,7;35692,2;;30240,7;38496,5;26294,0;16075,0;17707,7;36674,8;;45096,6;25837,9;33706,9;33152,7;30260,6
Caridade do Piauí;10432,3;18764,3;19156,5;7909,6;6123,8;24628,6;24810,5;27637,4;19958,4;19698,6;24482,5;25637,8;14736,7;9728,1;16744,5;21533,8;40391,7;39699,1;16653,8;31996,1;41690,9;18402,3;33054,7;12620,8;5084,8;24982,2;24607,4;7039,1;29905,8;8975,0;41532,8;37347,5;24353,3;28372,3;30456,5;21419,2;37119,2;23652,4;29785,5;14979,7;40099,1;4829,9;12251,4;13923,9;6325,0;34859,2;26828,7;21646,6;21787,7;29705,0;18424,7;27020,5;37688,9;0,0;22575,0;37993,8;33987,8;28078,7;35974,9;26230,7;27223,8;15221,8;9873,8;25900,0;42322,3;44947,4;29809,1;40210,2;35777,0;6077,4;22251,0;23236,4;25516,9;10087,4;;32649,8;18298,6;25829,5;35640,2;24686,3;21381,1;14516,7;17537,7;17142,2;18478,1;4760,0;7125,2;7535,9;7941,3;40265,5;22181,8;30329,6;18868,8;39355,9;13626,8;13139,0;12171,8;9670,4;24133,6;7674,5;7889,9;20006,4;29156,8;19500,8;18966,2;36503,7;36629,6;26492,7;27669,8;42694,7;25461,1;30144,5;31265,0;14066,3;21861,6;17120,6;18989,4;25811,1;39507,9;35163,6;35793,1;27824,5;3529,0;24874,8;9933,4;35215,7;31825,8;19447,8;32021,7;20902,5;9391,6;36426,0;37289,3;34571,3;38262,6;15665,5;23808,4;27588,6;32264,6;15611,9;15065,4;27474,5;14723,8;18304,3;3734,1;15709,8;21962,4;30853,7;24145,4;9859,7;43078,1;39080,0;;8529,3;23993,5;4822,1;24946,0;31129,1;17263,3;9096,8;13990,9;9816,6;32372,6;29875,5;33035,5;23722,7;19979,4;11765,6;34287,9;19423,8;44647,2;19907,2;36187,1;23754,0;10933,6;18066,6;43606,6;30949,4;14618,2;10074,6;7326,3;20190,5;14135,7;23578,7;18996,6;9181,7;14104,2;40544,8;19450,6;12221,2;34130,2;22016,7;11064,7;34942,9;16521,4;33431,6;19244,3;9982,6;7726,3;23288,7;10882,4;18085,8;17202,7;22278,8;22639,5;23059,5;44761,1;23883,1;27836,5;501,7;12507,4;;9314,7;23178,5;14979,0;23546,0;26674,8;26873,6;;24630,3;15786,2;9917,4;6347,4;11746,3
Castelo do Piauí;24600,9;14112,1;15537,6;19117,0;17837,5;10142,1;7813,9;30852,1;18706,3;16235,0;32879,7;28219,3;11117,8;16055,5;18639,3;6609,4;45015,9;42280,6;13107,0;12525,5;44905,6;14604,4;12835,9;21400,4;17706,6;10911,4;27188,9;23956,2;9447,1;16061,0;44258,4;16888,9;32750,5;7913,7;9997,9;29816,4;16660,7;3420,7;10314,8;17561,2;19640,5;19316,1;20898,7;27586,2;17055,7;15388,6;6207,1;24228,1;28069,7;9246,4;30426,9;35417,7;17230,3;22583,8;0,0;17535,1;13529,2;7620,1;15516,3;7933,7;30438,5;17803,3;23358,2;34612,9;45537,0;48162,1;33023,8;43424,9;38358,5;25628,8;14541,0;11194,5;33914,1;13883,9;;12191,2;14751,9;30369,5;15421,4;33083,6;27586,2;18744,0;20119,2;15241,6;20099,9;18171,6;16622,8;20340,8;15498,0;43480,2;24763,3;38726,8;15249,9;18897,3;12925,8;14395,7;20819,1;17727,2;26715,1;21385,4;17862,9;17739,8;6616,9;22082,3;27363,4;16284,9;16410,8;10731,0;5129,9;45909,4;33858,3;12254,5;10445,2;28234,9;13195,4;11872,7;14519,2;28392,6;19049,3;16798,9;16512,9;31039,2;19106,3;27456,3;20620,0;17166,6;15528,8;14413,4;10217,4;13113,6;17787,9;39640,7;45686,5;14598,9;17804,0;18247,0;12970,2;7130,0;14728,1;25463,7;11518,7;4934,6;17305,3;14163,7;19541,7;22222,7;28244,5;34068,4;15196,7;14032,5;46292,8;18621,4;;20722,3;11951,6;24509,0;29271,1;8589,2;24291,5;15293,5;14610,3;15767,9;11914,0;9416,9;14580,6;26304,2;13389,4;25934,2;37502,6;18147,4;47861,8;24319,2;38768,6;27348,5;14253,7;10724,8;46188,1;34164,1;17199,7;14963,0;15752,9;16545,7;17455,9;31975,9;11654,8;22892,6;16685,7;43759,5;15808,4;15361,3;14266,9;6234,7;13646,2;15038,2;24918,7;12973,0;21825,8;13627,2;19440,0;31685,9;16404,6;13158,7;19784,2;3511,3;16268,0;31456,7;47975,8;26464,6;5296,6;22082,6;20818,3;;15046,6;31276,8;14768,9;10667,3;13108,5;29455,1;;33027,6;13541,8;18512,8;17958,5;15066,5
Caxingó;40099,8;19824,6;21255,4;34616,0;33336,5;17850,1;13526,4;38376,6;24418,8;21947,5;44998,6;35743,8;25435,1;31554,5;27533,2;24103,6;52540,4;49805,1;27125,1;10167,8;52430,1;20316,9;6328,8;36579,1;33205,6;18619,3;34713,4;39455,2;9813,1;31560,0;51782,9;4201,2;45124,5;11561,2;8084,8;37429,4;2792,6;20914,8;10561,6;29290,3;6129,6;34815,1;36397,7;42764,9;32554,7;8016,9;12581,8;31752,6;35594,2;11266,1;45605,7;47536,6;4395,7;38082,8;17529,2;0,0;4314,4;11019,9;4873,8;13646,2;37963,0;32982,1;38825,5;46986,8;53061,5;55686,6;40548,3;50949,4;45883,0;41127,8;20253,5;16907,0;46288,0;29382,9;;11210,4;26761,4;37894,0;3563,0;45457,5;35465,6;34243,0;25858,0;26501,0;26427,9;33670,6;32121,8;35617,0;30997,0;51004,7;32287,8;50845,7;22176,9;4552,9;28424,8;29894,7;36318,1;33226,2;35530,7;36884,4;33361,9;23452,2;14054,2;29606,8;42542,1;4426,5;4731,5;13540,2;15465,8;53433,9;45977,2;12795,2;10239,5;43733,9;18907,9;29281,8;20231,7;35917,1;5682,1;6365,3;5719,8;38563,7;34605,2;34980,8;36118,9;8517,7;10723,3;20125,9;12961,0;18826,1;32235,5;47165,2;53487,1;6756,2;1125,8;28879,1;18682,7;11296,1;10522,5;40642,4;26813,5;18256,8;32484,0;19876,2;35040,6;36852,9;35768,9;41592,9;20909,2;29531,4;53817,3;4276,9;;36221,3;17664,1;40008,0;36795,6;11150,3;38921,8;30792,5;29330,1;30215,5;7262,4;9289,5;8399,7;33828,7;21097,4;41433,2;45027,1;24576,4;55386,4;36068,4;46293,1;34873,1;29752,7;24269,3;53712,6;41688,6;29731,5;30462,0;31251,9;22258,2;32954,9;44094,8;23759,4;38391,6;28888,6;51284,0;21521,0;30860,3;11139,8;19779,3;29145,2;6922,6;40097,4;6705,3;33574,9;29126,1;34939,0;44059,8;32411,8;22325,8;33843,3;21005,4;21980,5;43830,6;55500,3;33989,1;15870,2;37581,6;35997,0;;30545,6;38801,3;26598,8;16173,9;14951,2;36979,6;;45401,5;26142,7;34011,8;33457,5;30565,5
Cocal;36097,4;15822,2;17253,0;30613,6;29334,1;13847,7;9524,0;34374,2;20416,4;17945,2;40996,2;31741,4;21432,7;27552,0;23530,8;20101,2;48538,1;45802,7;23122,7;8920,2;48427,7;16314,5;5791,1;32576,7;29203,2;14617,0;30711,0;35452,8;7480,2;27557,6;47780,5;3464,4;41122,1;7756,8;4082,4;33427,0;3435,8;16912,4;8811,2;25287,9;6216,0;30812,7;32395,3;38762,5;28552,3;8814,9;8579,4;27750,2;31591,8;7263,8;41603,3;43534,2;4393,0;34080,4;13526,8;4310,3;0,0;7017,5;2091,8;9643,8;33960,6;28979,7;34823,1;42984,4;49059,1;51684,2;36545,9;46947,0;41880,6;37125,4;16251,1;12904,6;42285,6;25380,5;;7208,0;22759,0;33891,6;7081,6;41455,1;31463,2;30240,6;21855,6;22498,6;22425,5;29668,2;28119,4;31837,4;26994,6;47002,3;28285,4;46843,3;18174,5;5672,5;24422,4;25892,3;32315,7;29223,8;31528,3;32882,0;29359,5;19449,9;10051,8;25604,4;38539,8;7945,0;8250,1;11789,8;11463,4;49431,5;41974,8;11044,7;6237,1;39731,5;14905,5;25279,4;16229,3;31914,7;5624,9;9754,2;9238,4;34561,3;30602,8;30978,4;32116,5;11747,4;11923,5;16123,5;8958,6;14823,7;29889,1;43162,8;49484,7;7554,1;4579,1;24876,7;14680,3;7293,7;11122,9;36640,0;22811,1;14254,4;28481,6;15873,8;31038,2;32850,5;31766,6;37590,5;16906,8;25529,0;49814,9;5396,5;;32218,9;13661,7;36005,6;32793,2;7147,9;34919,4;26790,1;27390,6;28276,1;3260,0;5287,1;10184,9;29826,3;17095,0;37430,8;41024,7;20574,0;51384,0;32066,0;42290,7;30870,7;25750,3;20267,0;49710,2;37686,2;25729,1;26459,6;27249,5;18255,8;28952,5;40092,4;19757,0;34389,2;24886,2;47281,6;17518,5;26857,9;7137,4;15776,9;25142,8;7993,4;36095,0;2702,9;29572,5;25123,7;30936,6;40057,4;28409,4;18323,4;29841,0;17003,0;17978,1;39828,2;51497,9;29986,7;11867,8;33579,2;31994,6;;26543,2;34798,9;22596,4;12377,5;14559,0;32977,2;;41399,1;22140,3;30009,4;29455,1;26563,1
Cocal de Telha;30193,0;9917,8;11348,6;24709,2;23429,7;7943,3;3619,6;28469,8;14512,0;12040,8;35091,8;25837,0;15528,3;21647,7;17626,4;14196,8;42633,7;39898,3;17218,3;7629,0;42523,3;10410,1;6328,9;26672,3;23298,8;8712,5;24806,6;29548,4;3385,9;21653,2;41876,1;10381,9;35217,7;1852,4;3490,9;27522,6;10153,6;11008,0;6120,5;19383,5;13133,5;24908,3;26490,9;32858,1;22647,9;9352,6;2675,0;21845,8;25687,4;2739,4;35698,9;37629,8;10723,3;28176,0;7622,4;11028,1;7022,2;0,0;9009,3;3739,4;28056,2;23075,2;28918,7;37080,1;43154,7;45779,8;30641,5;41042,6;35976,2;31221,0;10346,7;7000,2;36381,2;19476,1;;5684,2;16854,6;27987,2;8914,4;35550,7;25558,8;24336,2;15951,2;16594,2;16521,1;23763,8;22215,0;25933,0;21090,2;41097,9;22381,0;40938,9;12270,1;12390,3;18518,0;19987,9;26411,3;23319,4;25623,9;26977,6;23455,1;13545,5;4147,4;19700,0;32635,3;9777,8;9903,8;6536,8;8225,4;43527,1;36070,4;8060,2;4299,4;33827,1;9001,1;19375,0;10324,9;26010,3;12542,3;10291,9;10005,9;28656,9;24698,5;25074,0;26212,1;12270,1;10632,3;10219,1;6581,4;8919,3;23984,7;37258,4;43580,3;8091,9;11296,9;18972,3;8775,9;1389,3;9831,6;30735,6;16906,7;8350,0;22577,2;9969,4;25133,8;26946,1;25862,2;31686,1;11002,4;19624,6;43910,5;12114,4;;26314,5;7757,3;30101,2;26888,8;4770,7;29015,0;20885,7;22197,6;23355,2;5407,0;2909,9;9684,1;23921,9;11190,6;31526,4;35120,3;14669,6;45479,6;26161,6;36386,3;24966,2;19845,9;14362,5;43805,8;31781,8;19824,7;20555,2;21345,1;12351,4;23048,1;34188,1;13852,6;28484,8;18981,8;41377,2;11614,1;20953,5;7759,8;9872,5;19238,4;8531,2;30190,6;6466,0;23668,1;19219,3;25032,2;34153,0;22505,0;12419,0;23936,5;11098,6;12073,7;33923,8;45593,5;24082,3;5963,4;27674,8;26090,2;;20638,8;28894,5;16692,0;6473,0;8914,2;27072,8;;35494,7;16235,9;24105,0;23550,7;20658,7
Cocal dos Alves;38084,6;17809,3;19240,1;31836,7;31321,2;15834,8;11511,1;36361,3;22403,5;19932,3;42983,3;33728,6;23419,8;29539,2;25517,9;22088,3;50525,2;47789,8;25109,9;10907,3;50414,8;18301,6;7778,3;34563,9;31190,3;16604,1;32698,2;37439,9;9467,3;29544,7;49767,6;3265,3;43109,2;9743,9;6069,5;35414,1;3999,1;18899,5;10798,3;27275,0;6016,8;32799,8;34382,4;40749,6;30539,4;10802,0;10566,5;29737,4;33578,9;9250,9;43590,4;45521,3;5598,8;36067,5;15513,9;4873,6;2091,8;9004,6;0,0;11630,9;35947,7;30966,8;36810,2;44971,6;51046,2;53671,3;38533,0;48934,1;43867,8;39112,6;18238,3;14891,7;44272,8;27367,6;;9195,1;24746,1;35878,7;7644,9;43442,2;33450,3;32227,7;23842,8;24485,7;24412,6;31655,3;30106,5;32733,0;28981,8;48989,4;30272,6;48830,4;20161,6;6235,8;26409,5;27879,4;34302,8;31211,0;33515,4;34869,1;31346,6;21437,0;12038,9;27591,5;40526,9;8508,4;8813,4;13776,9;13450,5;51418,6;43961,9;13031,8;8224,2;41718,6;16892,6;27266,5;18216,4;33901,8;5425,7;10447,2;9801,7;36548,4;32590,0;32965,6;34103,7;12599,6;13910,6;18110,6;10945,8;16810,8;29351,5;45149,9;51471,8;9541,3;5142,4;26863,8;16667,4;9280,8;13110,0;38627,1;24798,2;16241,5;30468,8;17860,9;33025,4;34837,6;33753,7;39577,6;18894,0;27516,2;51802,1;5959,9;;34206,0;15648,8;37992,8;34780,3;9135,0;36906,5;28777,2;26446,0;27331,5;5247,1;7274,2;12172,0;31813,4;19082,1;39417,9;43011,9;22561,2;53371,1;34053,1;44277,9;32857,8;27737,4;22254,1;51697,3;39673,3;27716,2;28446,8;29236,6;20242,9;30939,6;42079,6;21744,1;36376,3;26873,3;49268,7;19505,7;28845,0;7690,8;17764,0;27129,9;9980,6;38082,1;4690,1;31559,7;27110,9;32435,1;42044,5;30396,5;20310,5;31828,1;18990,2;19965,2;41815,3;53485,1;31973,8;13854,9;35566,3;33981,7;;28530,3;36786,1;24583,5;14364,6;16546,2;34964,3;;43386,2;24127,4;31996,5;31442,3;28550,2
Coivaras;28328,4;8053,1;9484,0;22844,6;21565,1;6009,2;2280,2;26605,1;12647,4;10176,1;33227,2;23972,4;13663,6;19783,0;15761,8;14508,0;40769,0;38033,7;15353,7;8188,8;40658,7;8545,5;8955,2;24807,7;21434,2;6778,5;22942,0;27683,8;5566,4;19788,5;40011,5;13008,2;33353,0;4032,9;6117,2;25658,0;12779,9;11319,3;5978,2;17518,9;15759,7;23043,7;24626,2;30993,5;20783,2;11052,0;2489,4;19981,2;23822,8;5365,7;33834,2;35765,2;13349,6;26311,4;7933,7;13654,4;9648,5;3739,4;11635,6;0,0;26191,5;21210,6;27054,1;35215,4;41290,1;43915,2;28776,9;39178,0;34111,6;29356,4;8482,1;5135,6;34516,6;17611,5;;8310,5;14990,0;26122,6;11540,6;33686,1;23694,2;22471,6;14086,6;14729,6;14656,5;21899,1;20350,3;24068,3;19225,6;39233,3;20516,4;39074,3;10405,5;15016,6;16653,3;18123,2;24546,7;21454,8;23759,3;25113,0;21590,4;11680,8;4825,0;17835,4;30770,7;12404,1;12530,0;4672,1;8659,3;41662,5;34205,8;7917,8;6925,6;31962,5;7136,5;17510,4;8460,2;24145,7;15168,6;12777,8;12632,2;26792,2;22833,8;23209,4;24347,5;12830,0;11192,1;8354,5;9207,7;7054,6;22120,1;35393,8;41715,6;10718,2;13923,2;17107,7;6911,3;3249,2;10391,5;28871,0;15042,1;6023,6;20712,6;8104,8;23269,2;25081,5;23997,5;29821,5;9137,8;17760,0;42045,9;14740,6;;24449,8;5892,7;28236,6;25024,2;7397,0;27150,4;19021,1;22508,9;22545,1;8033,3;5536,2;10244,0;22057,3;9256,6;29661,8;33255,7;12805,0;43614,9;24297,0;34521,7;23101,6;17981,3;10686,8;41941,2;29917,1;17960,1;18690,6;19480,5;10486,8;21183,4;32323,4;11616,8;26620,2;17117,2;39512,6;9749,5;19088,8;10386,1;6196,7;17373,8;11135,6;28326,0;9092,3;21803,5;17354,7;23167,6;32288,4;20640,4;10554,4;22071,9;11409,9;10209,0;32059,2;43728,9;22217,7;6397,3;25810,1;24225,6;;18774,1;27029,9;14827,4;4608,4;7049,6;25208,2;;33630,1;14371,3;22240,3;21686,1;18794,0
Colônia do Gurguéia;20555,9;18214,4;17506,8;24398,2;23118,7;26248,7;24707,2;1780,2;15002,5;16108,1;15144,5;10975,6;22601,5;21336,6;15130,3;31316,5;15944,0;19249,5;20944,4;31892,8;15833,7;18957,6;32951,4;15601,3;22987,8;27003,3;3563,1;23911,9;29802,4;21466,3;15675,7;37244,2;15270,3;28268,9;30353,2;7575,2;37015,9;31972,4;29682,1;16887,4;39995,8;24597,3;16497,0;14385,5;22336,8;34755,9;26725,4;8094,2;6637,4;29601,7;17226,3;16402,2;37585,6;27252,7;30439,8;37890,4;33884,5;27975,4;35871,6;26127,3;0,0;18978,7;17876,3;17132,7;16465,1;19090,2;3951,9;14353,0;9931,7;26495,8;22147,6;23133,1;16433,9;19165,1;;32546,5;23303,2;3001,2;35536,9;15603,4;8866,2;19422,4;12581,7;19771,5;14025,0;23452,7;21903,9;25621,9;20779,2;14408,3;10792,7;15066,9;18200,2;39252,6;21491,6;19158,9;17020,3;20134,3;12517,6;19626,8;23144,0;16665,1;29061,0;8362,7;13838,8;36400,3;36526,3;26389,3;32895,3;16837,5;16123,1;30041,2;31161,7;19923,1;21758,2;25223,5;18024,3;9742,4;39404,6;35060,3;35689,8;1967,3;24387,4;11606,2;25901,1;35112,4;31722,5;19305,0;33443,7;20799,2;23673,7;10568,8;16890,7;34468,0;38159,2;13811,9;21769,8;27485,3;32161,3;18864,7;22930,2;30386,5;17871,8;18516,9;24822,8;13465,7;6812,1;4996,5;19319,1;19313,6;17220,9;38976,7;;20068,0;23890,2;24464,8;9001,5;31633,0;14147,9;20574,7;28273,0;24098,7;32269,3;29772,2;32932,2;10454,1;22577,7;17788,3;8430,7;17174,0;18790,0;10725,3;18010,4;9230,8;19033,9;22993,8;25429,9;5092,2;17328,6;21540,0;21034,1;16986,4;18589,0;14240,7;22117,7;18969,0;13821,4;14687,6;17493,4;23851,9;34622,1;27349,1;16866,0;34839,6;11014,8;33328,3;12987,1;21853,1;24721,2;14205,7;23373,6;20684,1;15125,8;30143,6;21160,2;13976,5;18903,9;5706,4;30633,3;26879,3;15189,1;;21185,1;8947,2;19192,8;23442,7;26571,5;8696,9;;15547,4;19962,0;18551,0;23239,7;19795,6
Colônia do Piauí;16634,2;13612,8;12905,2;11750,8;10471,3;19533,2;19715,1;19386,4;11074,2;11506,5;18308,1;16753,7;9954,1;8689,2;8552,4;18669,1;33550,3;30814,9;8576,5;26900,7;33439,9;13306,9;27959,3;6828,8;10340,4;19886,8;15723,3;15989,5;24810,3;8818,9;32792,7;32252,1;18179,0;23276,8;25361,1;15244,8;32023,8;19325,0;24690,0;6787,6;35003,7;11949,9;7478,5;13014,6;9689,5;29763,8;21733,3;12762,5;13545,9;24609,6;15855,3;20846,1;32593,5;15217,6;17792,4;32898,3;28892,4;22983,3;30879,5;21135,2;18972,8;0,0;9075,2;20041,3;34071,3;36696,4;21558,1;31959,2;26892,9;18262,6;17155,5;18141,0;19342,5;6517,7;;27554,4;12133,9;18473,2;30544,8;18512,0;13014,6;5955,6;8653,5;8950,1;10096,8;10805,3;9256,5;12974,5;8131,8;32014,5;13297,7;24155,2;13598,5;34260,5;8844,2;6511,5;8001,9;10361,0;12885,4;10825,7;10496,6;11814,4;24068,9;10616,6;12791,8;31408,3;31534,2;21397,2;22887,2;34443,7;19286,7;25049,1;26169,6;18189,5;16766,2;12576,0;13422,7;16926,9;34412,5;30068,2;30697,7;19573,5;11740,0;15990,7;13253,7;30120,3;26730,4;14352,4;27974,7;15807,1;11026,3;28175,0;31114,9;29475,9;33167,1;6781,3;17841,6;22493,2;27169,2;10892,1;10282,8;22691,9;1643,8;13208,9;12175,4;7651,1;13720,6;22602,7;15390,9;6666,2;34827,2;33984,6;;11049,5;18898,1;16542,4;16151,0;26346,5;9720,0;7927,3;15625,6;11451,3;27277,2;24780,1;27940,1;14838,5;14884,0;16054,7;26037,0;11231,7;36396,2;9747,6;27303,0;14228,5;6386,5;13284,0;34722,4;22698,4;6426,1;8892,6;8386,7;12384,8;4627,9;17404,3;14132,4;10167,9;5220,1;32293,8;12891,8;11204,5;29630,0;17234,1;4218,5;29847,5;10347,1;28336,2;7254,2;9205,7;12073,8;17114,3;10726,2;12990,4;5212,6;17496,2;16558,6;16885,1;36510,2;14998,9;23053,9;14716,3;6246,7;;8537,7;16753,0;6787,0;18450,6;21579,4;17989,5;;18456,0;7594,1;9532,5;10592,3;6092,9
Conceição do Canindé;8056,1;19464,2;18756,7;11368,6;10089,1;25384,7;25566,5;18260,6;16925,7;17358,0;15105,8;22605,1;15495,0;9559,8;14403,9;24210,0;31015,0;35729,9;14428,0;32752,2;32314,2;19158,4;33810,8;3244,1;8039,9;25738,3;18437,3;7411,4;30661,8;10356,2;32156,1;38103,6;14976,6;29128,3;31212,6;12042,5;37875,3;24865,9;30541,5;12639,1;40855,1;10674,3;4300,2;6871,8;9168,1;35615,3;27584,8;18613,9;12411,0;30461,1;11372,6;17643,8;38445,0;9873,4;23333,3;38749,8;34743,9;28834,8;36731,0;26986,7;17847,1;9083,2;0,0;16839,0;32945,6;35570,7;20432,4;30833,5;26412,2;9995,3;23007,0;23992,5;16140,2;10845,7;;33405,9;17985,3;16452,7;36396,3;15309,6;12004,3;7394,1;14505,0;14801,5;15948,3;9939,2;9987,4;12592,3;8408,0;30888,8;19149,1;20952,9;19450,0;40112,0;14385,1;12363,0;4220,6;6428,9;16155,5;2247,6;8497,6;17665,8;29915,1;16468,1;9589,5;37259,7;37385,7;27248,7;28428,1;33318,0;16084,4;30900,5;32021,0;11274,2;22617,6;18117,0;19274,2;22778,4;40264,0;35919,7;36549,2;18447,8;10464,4;21842,1;10121,3;35971,8;32581,9;20203,9;33515,6;21658,5;12253,7;27049,3;27912,5;35327,4;39018,6;12632,8;23693,0;28344,7;33020,7;7514,8;15823,7;28232,8;9883,3;19060,3;9875,0;6333,0;12585,7;21477,0;21242,4;10618,0;33701,4;39836,1;;3200,7;24749,5;7964,3;15569,3;31887,4;7886,6;9855,2;16853,0;12678,8;33128,7;30631,6;33791,6;20690,0;20735,5;9139,4;24911,2;17083,2;35270,4;10530,5;32884,7;14377,3;9947,3;18824,9;40304,2;21572,6;12277,6;10833,0;9672,8;18236,2;6560,7;14202,0;19755,0;1589,8;11071,5;31168,1;18743,2;13043,5;35481,5;22775,0;10070,0;35699,0;7144,7;34187,7;10524,3;10804,9;11691,5;13912,0;12263,6;18841,9;8482,8;23037,1;22410,1;13682,8;35384,4;20580,7;28594,8;9500,1;3130,7;;10137,0;13801,8;12638,4;24302,1;27430,8;23571,2;;15253,6;13445,6;4845,5;10210,1;8983,1
Coronel José Dias;17681,2;27160,1;26452,5;25680,4;24400,9;35194,4;33652,9;17474,8;23948,2;25053,9;7851,1;25064,0;26771,9;22203,2;24076,0;35486,9;23736,7;34944,1;25394,3;40838,5;31528,4;27903,3;41897,1;14539,2;23152,3;35949,1;17651,5;21825,7;38748,2;22999,7;31370,3;46189,9;7255,3;37214,7;39299,0;12026,9;45961,7;36142,8;38627,9;23605,4;48941,5;25786,7;15434,9;13323,5;23619,0;43701,7;35671,1;22182,7;11625,2;38547,4;14019,9;10365,5;46531,3;25906,5;34610,1;46836,2;42830,2;36921,1;44817,3;35073,1;17061,3;20049,5;16814,3;0,0;31717,5;33865,6;19646,6;25423,3;25626,4;24409,6;31093,4;32078,8;5805,3;23335,4;;41492,2;28951,6;15666,9;44482,6;7544,3;13854,0;18360,4;21527,5;25767,8;22970,8;24734,9;23186,1;26904,1;21051,4;30103,0;24627,3;13674,6;27145,9;48198,3;25661,9;23329,3;15958,3;19072,3;17505,4;18564,8;23138,6;25610,9;38006,8;21946,3;10812,8;45346,1;45472,0;35335,1;39705,0;27324,8;8806,1;38986,9;40107,4;12282,8;30704,0;29393,8;26970,0;23830,8;48350,4;44006,0;44635,5;17662,0;25576,8;25694,7;25233,7;44058,2;40668,2;28250,7;42389,5;29744,9;24955,9;26263,5;20634,3;43413,7;47105,0;22757,6;30715,5;36431,0;41107,0;17802,7;27100,6;39332,2;20849,6;27462,6;24987,3;14517,3;11799,9;20691,2;28264,9;22411,8;28313,7;47922,4;;19005,9;32835,9;22378,6;14783,5;40578,7;13085,9;22498,6;29555,2;25380,9;41215,0;38717,9;41877,9;24542,5;31523,4;14913,6;24125,4;26119,8;31523,0;15713,1;32098,9;14218,6;20913,6;30101,8;39518,4;20786,8;23243,9;23476,4;22316,2;25932,1;17527,0;6947,3;30950,1;17907,0;22037,8;30382,3;26439,1;25686,9;43567,9;34051,9;21036,3;43785,3;10221,0;42274,0;17974,9;23448,3;26003,3;5900,0;24907,0;29629,8;17617,2;34313,9;30105,9;5961,5;31452,2;19794,9;39579,0;25718,5;14127,0;;22780,4;10237,1;23604,7;32388,4;35517,2;22785,4;;7532,4;24411,9;17488,9;24521,9;19949,4
Corrente;35656,4;33314,9;32607,3;39498,7;38219,2;41349,2;39807,7;14687,0;30103,0;31208,7;24134,9;26076,1;37702,0;36437,2;30230,8;46417,1;10519,3;27500,7;36044,9;46993,3;6712,2;34058,1;48051,9;30701,8;38088,3;42103,9;18663,6;39012,4;44903,0;36566,8;13825,2;52344,7;25181,3;43369,5;45453,8;22675,8;52116,4;47072,9;44782,7;31988,0;55096,3;39697,8;31597,5;29486,1;37437,4;49856,5;41825,9;23194,7;21738,0;44702,2;32326,8;21708,3;52686,1;42353,2;45540,3;52990,9;48985,0;43075,9;50972,1;41227,9;16467,1;34079,3;32976,8;31678,1;0,0;3637,0;13285,2;8928,2;14850,4;41596,3;37248,2;38233,6;29209,5;34265,6;;47647,0;38403,7;18101,7;50637,4;27382,7;23966,7;34523,0;27682,2;34872,1;29125,6;38553,3;37004,5;40722,5;35879,7;6175,8;25893,3;22052,1;33300,7;54353,1;36592,1;34259,4;32120,8;35234,9;27618,2;34727,3;38244,6;31765,7;44161,5;23463,2;28939,3;51500,9;51626,8;41489,9;47995,8;11199,8;22876,0;45141,7;46262,2;35023,6;36858,8;40324,0;33124,8;24842,9;54505,2;50160,8;50790,3;16703,4;39487,9;26706,7;41001,6;50212,9;46823,0;34405,5;48544,3;35899,7;38774,2;8025,2;11837,1;49568,5;53259,8;28912,4;36870,3;42585,8;47261,8;33965,3;38030,8;45487,0;32972,4;33617,4;39923,3;28566,2;21912,7;13382,7;34419,7;34414,1;3452,4;54077,2;;35168,5;38990,7;39565,3;24102,0;46733,5;29248,5;35675,2;43373,5;39199,2;47369,8;44872,7;48032,7;25554,6;37678,2;32888,8;8043,4;32274,5;3633,0;25825,9;25603,3;24331,3;34134,4;38094,3;26315,8;12545,8;32429,2;36640,5;36134,6;32086,9;33689,6;24758,7;37218,2;34069,6;28921,9;2106,3;32593,9;38952,5;49722,7;42449,6;31966,5;49940,1;26115,3;48428,8;28087,7;36953,6;39821,7;27786,5;38474,2;35784,6;30226,3;45244,1;36260,7;26899,0;3492,2;20806,9;45733,8;41979,8;30289,6;;36285,7;24047,7;34293,3;38543,2;41672,0;23797,4;;27438,7;35062,5;33651,5;38340,2;34896,1
Cristalândia do Piauí;38271,2;35929,8;35222,2;42113,6;40834,1;43964,1;42422,5;17301,8;32717,8;33823,5;26312,2;28690,9;40316,9;39052,0;32845,7;49031,9;12696,5;30115,5;38659,8;49608,2;9327,1;36673,0;50666,8;33316,7;40703,2;44718,7;21278,4;41627,3;47517,8;39181,6;16440,1;54959,6;27358,6;45984,3;48068,6;25290,6;54731,3;49687,8;47397,5;34602,8;57711,1;42312,7;34212,4;32100,9;40052,2;52471,3;44440,8;25809,6;24352,8;47317,1;34941,7;23885,6;55300,9;44968,1;48155,1;55605,8;51599,8;45690,8;53587,0;43842,7;19082,0;36694,1;35591,7;33855,4;3652,2;0,0;15900,1;11105,5;17465,2;44211,2;39863,0;40848,4;31386,8;36880,4;;50261,8;41018,5;20716,5;53252,2;29560,0;26581,6;37137,8;30297,1;37486,9;31740,4;41168,1;39619,3;43337,3;38494,6;8790,7;28508,1;24229,4;35915,5;56968,0;39206,9;36874,3;34735,7;37849,7;30233,0;37342,2;40859,4;34380,5;46776,4;26078,0;31554,2;54115,7;54241,6;44104,7;50610,7;13377,1;25053,3;47756,5;48877,0;37638,5;39473,6;42938,8;35739,7;27457,7;57120,0;52775,6;53405,1;19318,3;42102,8;29321,6;43616,5;52827,8;49437,8;37020,3;51159,1;38514,5;41389,1;10640,1;14014,4;52183,4;55874,6;31527,2;39485,2;45200,6;49876,7;36580,1;40645,6;48101,8;35587,2;36232,2;42538,2;31181,0;24527,5;15997,5;37034,5;37029,0;5629,7;56692,0;;37783,3;41605,5;42180,1;26716,8;49348,4;31863,3;38290,1;45988,4;41814,1;49984,7;47487,6;50647,5;28169,4;40293,0;35503,6;10658,2;34889,4;6247,8;28440,7;28218,2;26946,2;36749,3;40709,2;28930,6;15160,7;35044,0;39255,3;38749,4;34701,8;36304,4;26936,0;39833,1;36684,4;31536,7;4721,1;35208,7;41567,3;52337,5;45064,4;34581,3;52555,0;28730,2;51043,7;30702,5;39568,5;42436,6;29963,8;41089,0;38399,5;32841,2;47858,9;38875,6;29076,2;3495,5;23421,8;48348,7;44594,7;32904,4;;38900,5;26662,6;36908,1;41158,0;44286,8;26412,3;;29616,0;37677,4;36266,3;40955,1;37511,0
Cristino Castro;23141,2;20799,7;20092,1;26983,5;25704,0;28834,0;27292,5;2171,8;17587,8;18693,5;15647,0;13560,9;25186,8;23922,0;17715,6;33901,9;12762,2;16067,6;23529,8;34478,1;12651,8;21542,9;35536,7;18186,6;25573,1;29588,7;6148,4;26497,3;32387,8;24051,6;12493,8;39829,5;16693,4;30854,3;32938,6;10160,6;39601,2;34557,7;32267,5;19472,8;42581,1;27182,6;19082,3;16970,9;24922,2;37341,3;29310,7;10679,5;9222,8;32187,0;19811,6;13220,3;40170,9;29838,0;33025,1;40475,8;36469,8;30560,7;38456,9;28712,7;3951,9;21564,1;20461,6;19718,0;13283,2;15908,3;0,0;11171,1;6749,8;29081,1;24733,0;25718,4;19019,2;21750,4;;35131,8;25888,5;5586,5;38122,2;18188,7;11451,5;22007,8;15167,0;22356,9;16610,4;26038,1;24489,3;28207,3;23364,5;11226,4;13378,1;11885,0;20785,5;41837,9;24076,9;21744,2;19605,7;22719,7;15103,0;22212,1;25729,4;19250,5;31646,3;10948,0;16424,1;38985,7;39111,6;28974,7;35480,6;13655,6;14388,1;32626,5;33747,0;22508,4;24343,6;27808,8;20609,6;12327,7;41990,0;37645,6;38275,1;4188,2;26972,8;14191,5;28486,4;37697,7;34307,8;21890,3;36029,1;23384,5;26259,0;7386,9;13708,8;37053,3;40744,6;16397,2;24355,1;30070,6;34746,6;21450,1;25515,6;32971,8;20457,2;21102,2;27408,1;16051,0;9397,5;1814,6;21904,5;21898,9;14039,0;41562,0;;22653,3;26475,5;27050,1;11586,8;34218,3;16733,2;23160,0;30858,3;26684,0;34854,6;32357,5;35517,5;13039,4;25163,0;20373,6;5248,9;19759,3;15608,1;13310,7;20595,7;11816,1;21619,2;25579,1;22301,0;1910,3;19914,0;24125,3;23619,4;19571,7;21174,4;16270,7;24703,0;21554,3;16406,7;11505,7;20078,7;26437,3;37207,4;29934,4;19451,3;37424,9;13600,1;35913,6;15572,5;24438,4;27306,5;16791,0;25959,0;23269,4;17711,1;32728,9;23745,5;16561,8;15722,0;8291,7;33218,6;29464,7;17774,4;;23770,5;11532,5;21778,1;26028,0;29156,8;11282,2;;18132,7;22547,3;21136,3;25825,0;22380,9
Curimatá;33558,8;31217,2;30509,7;37401,1;36121,6;39251,6;37710,0;12589,3;28005,4;29111,0;17882,0;23978,4;35604,4;34339,5;28133,2;44319,4;2610,4;25403,0;33947,3;44895,7;13906,4;31960,5;45954,3;28604,2;35990,7;40006,2;16565,9;36914,8;42805,3;34469,1;15645,5;50247,1;18928,4;41271,8;43356,1;20578,1;50018,8;44975,3;42685,0;29890,3;52998,6;37600,2;29499,9;27388,4;35339,7;47758,8;39728,2;21097,1;19640,3;42604,6;30229,2;15455,4;50588,5;40255,6;43442,6;50893,3;46887,3;40978,3;48874,5;39130,2;14369,5;31981,6;30879,2;25425,2;8973,3;11121,4;11187,6;0,0;12752,7;39498,7;35150,5;36135,9;22478,0;32167,9;;45549,3;36306,0;16004,0;48539,7;20651,2;21869,1;32425,3;25584,6;32774,4;27027,9;36455,6;34906,8;38624,8;33782,1;12481,0;23795,6;15799,2;31203,0;52255,5;34494,4;32161,8;30023,2;33137,2;25520,5;32629,7;36146,9;29668,0;42063,9;21365,5;26701,5;49403,2;49529,1;39392,2;45898,2;2790,3;16623,1;43044,0;44164,5;32926,0;34761,1;38226,3;31027,2;22745,2;52407,5;48063,1;48692,6;14605,8;37390,3;24609,1;38904,0;48115,3;44725,3;32307,8;46446,6;33802,0;36676,6;8641,5;5287,7;47470,9;51162,1;26814,7;34772,7;40488,1;45164,2;31867,6;35933,1;43389,3;30874,7;31519,8;37825,7;26468,5;19815,0;11285,0;32322,0;32316,5;5569,5;51979,5;;33070,9;36893,0;37467,6;22004,3;44635,9;27150,8;33577,6;41275,9;37101,6;45272,2;42775,1;45935,0;23456,9;35580,5;30791,1;6503,4;30176,9;8778,8;23728,2;27296,6;22233,7;32036,8;35996,7;28170,1;10448,2;30331,5;34542,8;34036,9;29989,2;31591,9;18505,8;35120,6;31971,9;26824,2;9994,0;30496,2;36854,8;47625,0;40351,9;29868,8;47842,5;24017,7;46331,2;25990,0;34856,0;37724,1;21533,5;36376,5;33687,0;28128,7;43146,4;34163,1;20540,9;8708,0;18709,3;43636,2;39882,2;28192,0;;34188,0;21950,1;32195,6;36445,5;39574,3;21699,8;;20707,2;32964,9;31553,8;36242,6;32798,5
Currais;29131,9;26103,4;25395,8;32287,2;31007,7;34137,7;32596,2;8162,4;22891,5;23997,1;19758,0;16454,7;30490,5;29225,7;23019,3;39205,6;14350,8;16399,2;28833,4;39781,8;14240,4;26846,6;40840,4;24177,3;30876,8;34892,4;12139,1;32487,9;37691,4;29355,3;12708,6;45133,2;20804,4;36158,0;38242,2;16151,3;44904,9;39861,4;37571,2;24776,5;47884,8;32486,3;25073,0;22961,5;30225,9;42644,9;34614,4;15983,2;15213,4;37490,7;25802,3;17331,3;45474,6;35754,0;38328,8;45779,4;41773,5;35864,4;43760,6;34016,3;9942,6;26867,8;26452,3;25708,7;14871,8;17496,9;6760,7;12759,7;0,0;35071,8;30036,7;31022,1;24832,5;27054,1;;40435,5;31192,2;11577,2;43425,9;23005,8;17442,2;27998,4;20470,7;27660,5;21914,0;31341,8;29793,0;33511,0;28668,2;12815,0;18681,8;15996,0;26089,2;47141,6;29380,6;27047,9;25596,3;28710,3;21093,6;28202,8;31033,0;24554,2;36950,0;16251,7;22414,8;44289,4;44415,3;34278,4;40784,3;15244,2;18499,1;37930,2;39050,7;28499,1;29647,3;33112,5;25913,3;16400,9;47293,7;42949,3;43578,8;10178,9;32276,4;18781,8;33790,1;43001,4;39611,5;27194,0;41332,8;28688,2;31562,7;8975,5;15297,4;42357,0;46048,2;21700,9;29658,8;35374,3;40050,3;27440,7;30819,3;38275,5;25760,9;26405,9;32711,8;22041,7;15388,2;6858,1;27208,1;27202,6;15627,6;46865,7;;28644,0;31779,2;33040,8;17577,5;39522,0;22723,9;28463,7;36162,0;31987,7;40158,3;37661,2;40821,2;18343,1;30466,7;26364,3;6837,4;25063,0;17196,7;19301,3;18390,4;17806,8;26922,9;30882,8;19263,9;6021,3;25217,7;29429,0;28923,1;24875,4;27165,0;20381,7;30006,7;27545,0;21710,4;13094,3;25382,4;31741,0;42511,2;35238,1;24755,0;42728,6;19590,8;41217,3;21563,1;29742,1;32610,2;22781,7;31262,6;28573,1;23701,8;38032,6;29049,2;22522,0;17310,6;12317,0;38522,3;35252,8;23765,1;;29074,2;17523,2;27081,8;31331,7;34460,5;14176,0;;23061,8;27851,0;27127,0;31128,7;27684,6
Curral Novo do Piauí;8933,7;21808,6;22200,8;10953,9;9168,1;27672,9;27854,8;26865,0;23002,8;22742,9;23710,2;28682,2;17781,0;12772,4;19788,8;24578,1;39619,4;42743,4;19698,1;35040,5;40918,6;21446,6;36099,1;12735,7;8700,8;28026,5;27041,8;5360,6;32950,1;12019,4;40760,5;40391,8;23581,0;31416,6;33500,9;20646,9;40163,6;26696,7;32829,8;18024,0;43143,4;7874,3;13456,6;12425,3;9369,3;37903,6;29873,0;24691,0;21015,4;32749,3;16926,1;26248,2;40733,2;6075,8;25619,3;41038,1;37032,1;31123,1;39019,2;29275,0;26451,5;18266,2;9988,7;24401,4;41550,0;44175,1;29036,8;39437,9;35016,6;0,0;25295,3;26280,7;24744,6;13131,7;;35694,1;21342,9;25057,1;38684,5;23914,0;21496,0;16520,8;20582,0;20186,5;21522,5;7804,3;10169,5;10573,0;11557,3;39493,2;25226,2;29557,3;21913,1;42400,3;16671,1;16183,4;13377,0;11220,6;25647,2;7789,5;11446,0;23050,8;32201,1;22545,1;18193,9;39548,0;39673,9;29537,0;30714,2;41922,4;24688,8;33188,8;34309,3;12567,7;24905,9;20164,9;22033,8;28855,4;42552,3;38207,9;38837,4;27052,2;6566,2;27919,2;13069,7;38260,1;34870,1;22492,2;35066,0;23946,8;12435,9;35653,7;36516,9;37615,6;41306,9;18709,8;26852,7;30632,9;35308,9;14448,2;18109,8;30518,8;17768,2;21348,6;7350,1;15824,7;21190,1;30081,4;27189,7;12904,1;42305,8;42124,3;;9734,5;27037,8;3143,6;24173,7;34173,4;17378,2;12141,2;17035,2;12860,9;35416,9;32919,8;36079,8;26767,0;23023,7;10267,0;33515,6;22468,1;43874,8;20022,2;39231,5;23608,8;13977,9;21110,9;46650,9;30177,0;17662,5;13119,0;10370,7;23234,9;16052,3;22806,4;22041,0;9296,7;17148,6;39772,5;22495,0;15265,5;37174,6;25061,0;14109,0;37987,2;15749,1;36475,9;20016,0;13027,0;10770,6;22516,4;13926,7;21130,2;17974,4;25323,1;25683,8;22287,2;43988,8;26927,4;30880,9;5887,8;12622,4;;12359,0;22406,2;18023,4;26590,3;29719,1;29918,0;;23858,0;18830,5;11122,7;9395,8;14790,6
Curralinhos;24205,4;3930,1;5360,9;18721,6;17442,1;9003,4;6995,5;22482,1;8524,3;6053,1;29104,2;19849,4;9540,6;15660,0;11638,7;19480,5;36646,0;33910,7;11230,7;14019,5;36535,6;4422,4;15078,1;20684,7;17311,2;9758,0;18819,0;23560,8;12090,8;15665,5;35888,4;19532,5;29230,0;10557,3;12641,5;21534,9;19304,2;17843,6;11808,9;13395,9;22284,1;18920,7;20503,2;26870,5;16660,2;16882,7;9013,7;15858,2;19699,8;11890,0;29711,2;31642,2;19873,9;22188,4;14458,0;20178,7;16172,8;10263,7;18159,9;8415,6;22068,5;17087,6;22931,1;31092,4;37167,1;39792,1;24653,9;35054,9;29988,6;25233,4;0,0;5421,4;30393,6;13488,5;;14834,8;10867,0;21999,6;17663,6;29563,0;19571,2;18348,5;9963,6;10606,5;10533,5;17776,1;16227,3;19945,3;15102,6;35110,2;16393,4;34951,2;6282,5;21540,9;12530,3;14000,2;20423,6;17331,8;19636,3;20990,0;17467,4;7557,8;11349,3;13712,4;26647,7;18527,1;18653,0;8516,1;15183,6;37539,4;30082,8;12167,9;13450,0;27839,4;4046,6;13387,4;4337,2;20022,6;21693,0;17050,8;17680,3;22669,2;18710,8;19086,4;20224,5;17103,0;13713,0;3357,6;15732,1;1445,9;17997,1;31270,8;37592,6;16594,7;20447,5;12984,6;3487,6;9773,6;14151,8;24748,0;10919,1;12674,8;16589,6;3981,7;19146,2;20958,5;19874,5;25698,4;3736,4;13637,0;37922,9;21265,0;;20326,8;6178,5;24113,6;20901,2;13921,3;23027,3;14898,1;20707,5;18422,1;14557,6;12060,5;14922,7;17934,2;8324,9;25538,8;29132,7;8682,0;39491,9;20173,9;30398,7;18978,6;13858,3;8741,0;37818,2;25794,1;13837,1;14567,6;15357,4;6363,8;17060,4;28200,4;7864,9;22497,2;12994,1;35389,6;5626,5;14965,8;16910,5;12847,8;13250,7;16966,3;24202,9;15616,6;17680,5;13231,7;19044,6;28165,4;16517,4;6431,3;17948,9;17934,2;2701,7;27936,2;39605,9;18094,7;12921,6;21687,1;20102,5;;14651,1;22906,9;10704,4;5354,8;8562,0;21085,2;;29507,0;10248,3;18117,3;17563,1;14671,0
Demerval Lobão;25319,3;5044,0;6474,8;19835,5;18555,9;4427,2;3685,3;23596,0;9638,2;7167,0;30218,0;20963,2;10654,5;16773,9;12752,6;17722,2;37759,9;35024,5;12344,6;10870,9;37649,5;5536,3;11929,5;21798,5;18425,0;5181,8;19932,9;24674,6;8780,6;16779,4;37002,3;16222,3;30343,9;7247,1;9331,4;22648,8;15994,1;14533,5;8660,3;14509,7;18973,9;20034,5;21617,1;27984,3;17774,1;13734,1;5703,5;16972,0;20813,6;8579,8;30825,1;32756,0;16563,7;23302,2;11147,9;16868,6;12862,6;6953,5;14849,7;5105,5;23182,4;18201,5;24044,9;32206,3;38280,9;40906,0;25767,7;36168,8;31102,5;26347,2;5472,9;0,0;31507,5;14602,3;;11524,6;11980,8;23113,4;14515,0;30676,9;20685,0;19462,4;11077,5;11720,4;11647,3;18890,0;17341,2;21059,2;16216,5;36224,1;17507,2;36065,1;7396,3;18230,8;13644,2;15114,1;21537,5;18445,7;20750,1;22103,8;18581,3;8671,7;8039,1;14826,2;27761,6;15378,5;15504,4;5367,5;11873,4;38653,3;31196,6;9019,3;10139,8;28953,3;4127,3;14501,2;5451,1;21136,5;18382,8;14387,4;15016,9;23783,1;19824,7;20200,2;21338,3;14439,5;11049,6;5345,3;12421,9;4045,5;19110,9;32384,6;38706,5;13446,1;17137,4;14098,5;4178,1;6463,4;11331,4;25861,8;12032,9;9364,6;17703,5;5095,6;20260,0;22072,3;20988,4;26812,3;6404,6;14750,9;39036,8;17954,8;;21440,7;757,1;25227,5;22015,0;10611,1;24141,2;16011,9;21821,3;19536,0;11247,4;8750,3;12259,3;19048,1;7659,9;26652,6;30246,5;9795,8;40605,8;21287,8;31512,5;20092,5;14972,1;9854,9;38932,0;26908,0;14950,9;15681,4;16471,3;7477,6;18174,3;29314,3;8978,8;23611,0;14108,0;36503,4;6740,4;16079,7;13600,3;9537,6;14364,6;13817,7;25316,8;12306,4;18794,3;14345,6;20158,4;29279,2;17631,2;7545,2;19062,8;14624,1;7199,9;29050,0;40719,7;19208,5;9611,4;22801,0;21216,4;;15765,0;24020,8;11818,2;3208,4;5898,6;22199,0;;30620,9;11362,1;19231,2;18677,0;15784,9
Dirceu Arcoverde;18795,0;26461,3;25753,7;24981,6;23702,0;34495,6;32954,1;16776,0;23249,4;24355,0;5704,3;24365,2;26073,0;21504,4;23377,2;34788,1;20292,8;34245,3;24695,5;40139,7;30709,5;27204,5;41198,3;13840,4;22453,5;35250,3;16952,7;22151,0;38049,4;22300,8;30551,4;45491,1;5503,8;36515,9;38600,2;11328,0;45262,8;35444,0;37929,1;22906,6;48242,7;25087,9;14736,1;12624,7;22920,2;43002,9;34972,3;21483,9;10926,4;37848,6;15465,4;7892,9;45832,5;25491,8;33911,3;46137,3;42131,4;36222,3;44118,5;34374,3;16362,5;19350,7;16115,5;5805,4;29244,9;31393,0;18947,8;22470,2;24807,5;24734,9;30394,6;31380,0;0,0;22636,6;;40793,4;28252,8;14968,1;43783,8;2477,7;13155,1;17661,6;20828,7;25069,0;22272,0;24036,1;22487,3;26205,3;20352,6;29284,1;23928,5;11202,0;26447,1;47499,5;24963,1;22630,5;15259,5;18373,5;16806,5;17865,9;22439,8;24912,1;37307,9;21247,5;10114,0;44647,3;44773,2;34636,3;39006,2;23880,8;6333,5;38288,1;39408,6;14100,7;30005,2;28695,0;26271,2;23132,0;47651,6;43307,2;43936,7;16963,1;24878,0;24995,9;24534,9;43359,3;39969,4;27551,9;41690,7;29046,1;24257,0;25444,6;17595,9;42714,9;46406,2;22058,8;30016,7;35732,2;40408,2;17103,9;26401,8;38633,4;20150,8;26763,8;24288,5;13818,5;11101,1;19992,3;27566,0;21713,0;25841,1;47223,6;;18307,1;32137,1;22703,9;14084,7;39879,9;12387,0;21799,8;28856,4;24682,1;40516,2;38019,1;41179,1;23843,7;30824,6;16027,4;23306,5;25420,9;29050,4;15014,3;31400,1;13519,7;20214,8;29403,0;38819,6;18797,9;22545,1;22777,6;21617,4;25233,3;16828,2;6248,5;30251,3;17208,2;21339,0;29563,4;25740,3;24988,1;42869,1;33353,1;20337,5;43086,5;9522,1;41575,2;17276,1;22749,5;25304,5;4406,6;24208,2;28931,0;16918,4;33615,1;29407,1;4494,5;28979,6;19096,1;38880,2;25118,5;13428,2;;22081,6;9538,2;22905,9;31689,6;34818,4;22086,6;;2533,7;23713,1;16790,1;23823,1;19250,6
Dom Expedito Lopes;12109,5;10067,5;10459,8;6625,7;5346,2;15931,9;16113,8;19573,9;11261,7;11001,9;21601,5;16941,1;6040,0;3564,1;8047,8;14755,0;33737,8;31002,4;7957,1;23299,4;33627,4;9705,6;24358,0;10122,2;5215,3;16285,5;15910,7;11464,8;21209,0;3693,7;32980,2;28650,8;21472,3;19675,6;21759,8;18538,2;28422,5;15410,9;21088,8;6283,0;31402,4;6824,8;8407,3;15442,8;4564,3;26162,5;18132,0;12949,9;16791,5;21008,3;19148,7;24139,5;28992,2;10092,5;13878,3;29297,0;25291,1;19382,0;27278,2;17534,0;19160,3;6525,1;10866,8;23334,7;34258,8;36883,9;21745,6;32146,7;27080,3;13137,5;13554,2;14539,7;22635,9;0,0;;23953,1;9601,9;19091,3;26943,5;21805,3;16308,0;7170,3;8841,0;8445,4;9781,4;5680,2;4131,4;7849,4;3006,7;32202,0;13485,1;27448,6;10172,1;30659,2;4930,1;4442,3;8327,7;5235,9;15436,9;8894,0;5371,5;11309,7;20460,1;10804,1;16085,2;27807,0;27932,9;17796,0;18973,1;34631,2;22580,1;21447,8;22568,3;15743,5;13164,9;8661,9;10292,7;17114,4;30811,2;26466,9;27096,4;19761,0;6614,9;16178,1;8128,6;26519,0;23129,1;10751,1;24060,6;12205,8;5901,2;28362,5;34408,3;25874,6;29565,8;6968,8;15111,7;18891,9;23567,9;14185,5;6368,7;18777,8;6027,1;9607,6;7050,3;10944,5;16966,2;22790,2;15448,7;2113,4;35014,6;30383,3;;8230,9;15296,8;12017,7;17992,9;22432,4;13013,4;2802,2;10500,5;6326,2;23675,9;21178,8;24338,8;15026,0;11282,7;13442,9;26224,4;10727,1;36583,7;13041,0;27490,4;16070,4;2680,1;9369,9;34909,9;22885,9;5921,5;3356,3;3261,5;11493,9;5882,2;20697,7;10299,9;10401,2;5407,5;32481,3;10753,9;5545,7;26028,8;13320,0;2368,0;26246,2;13640,5;24734,9;10547,6;3307,2;6948,7;20407,7;5601,1;9389,1;8506,0;13582,0;13942,8;20178,5;36697,6;15186,4;19139,8;9591,2;9540,1;;3412,6;19998,6;6282,3;14849,3;17978,1;18176,9;;21749,3;7089,5;6021,4;5467,2;3492,8
Dom Inocêncio;;;;;;;;;;;;;;;;;;;;;;;;;;;;;;;;;;;;;;;;;;;;;;;;;;;;;;;;;;;;;;;;;;;;;;;;;;;;;;;;;;;;;;;;;;;;;;;;;;;;;;;;;;;;;;;;;;;;;;;;;;;;;;;;;;;;;;;;;;;;;;;;;;;;;;;;;;;;;;;;;;;;;;;;;;;;;;;;;;;;;;;;;;;;;;;;;;;;;;;;;;;;;;;;;;;;;;;;;;;;;;;;
Domingos Mourão;34763,9;14488,6;15919,5;29280,1;28000,6;12514,1;8190,5;33040,6;19082,8;16611,6;39662,7;30407,9;20099,1;26218,5;22197,2;18767,6;47204,5;44469,1;21789,2;9354,5;47094,1;14980,9;6984,2;31243,2;27869,7;13283,4;29377,5;34119,2;6340,2;26224,0;46446,9;10567,1;39788,5;6423,2;3944,1;32093,4;10338,8;15578,9;9245,4;23954,3;13318,7;29479,2;31061,7;37429,0;27218,7;10007,9;7245,9;26416,7;30258,3;5930,2;40269,7;42200,7;10908,5;32746,9;12193,3;11213,3;7207,4;5683,9;9194,5;8310,2;32627,0;27646,1;33489,6;41650,9;47725,6;50350,6;35212,4;45613,4;40547,1;35791,9;14917,6;11571,1;40952,1;24046,9;;0,0;21425,5;32558,0;9569,7;40121,5;30129,7;28907,0;20522,1;21165,0;21092,0;28334,6;26785,8;30339,7;25661,1;45668,7;26951,9;45509,8;16841,0;12575,5;23088,8;24558,7;30982,1;27890,3;30194,8;31548,5;28025,9;18116,3;8718,2;24270,9;37206,2;10433,2;10559,1;11107,6;8036,0;48097,9;40641,2;11479,0;4647,5;38397,9;13572,0;23945,8;14895,7;30581,1;12727,5;10947,3;10661,2;33227,7;29269,3;29644,9;30783,0;12940,5;12357,8;14789,9;5531,3;13490,1;26958,3;41829,2;48151,1;8747,2;11482,1;23543,1;13346,7;5960,1;11557,1;35306,5;21477,5;12920,8;27148,1;14540,2;29704,7;31517,0;30433,0;36256,9;15573,3;24195,5;48481,4;12299,6;;30885,3;12328,2;34672,1;31459,7;3720,5;33585,8;25456,6;24052,8;24938,3;5592,2;3953,5;11377,9;28492,7;15761,4;36097,3;39691,2;19240,5;50050,4;30732,4;40957,2;29537,1;24416,8;18933,4;48376,7;36352,6;24395,5;25126,1;25915,9;16922,2;27618,9;38758,9;18423,4;33055,6;23552,6;45948,1;16185,0;25524,3;3634,4;14443,3;23809,2;9186,5;34761,4;6651,2;28239,0;23790,2;29603,1;38723,9;27075,9;16989,8;28507,4;15669,5;16644,5;38494,7;50164,4;28653,2;9880,2;32245,6;30661,0;;25209,6;33465,4;21262,8;11043,9;13485,1;31643,7;;40065,5;20806,8;28675,8;28121,6;25229,5
Elesbão Veloso;20311,5;7457,9;7850,1;14827,7;13548,2;13322,2;13504,1;23725,4;9767,6;8843,1;27219,9;21092,6;6055,8;11766,1;9377,2;15675,1;37889,3;35153,9;5664,9;20689,7;37778,9;7095,9;21748,3;15740,6;13417,3;13675,8;20062,3;19666,9;18599,3;11771,7;37131,7;26041,1;27090,7;17065,9;19150,1;22778,2;25812,8;16331,0;18479,1;9392,0;28792,7;15026,8;16390,3;21926,4;12766,4;23552,8;15522,3;17101,5;20943,0;18398,6;24767,1;29757,9;26382,5;18294,5;14798,4;26687,3;22681,4;16772,3;24668,5;14924,2;23311,8;12143,5;17987,0;28953,1;38410,3;41035,4;25897,1;36298,2;31231,9;21339,5;10944,5;11930,0;28254,3;9594,6;;21343,4;0,0;23242,8;24333,8;27423,7;20814,4;14454,7;11206,9;5662,4;10749,6;13882,2;12333,5;16051,5;11208,7;36353,5;17636,7;33067,0;7562,4;28049,5;7318,1;10106,4;16529,8;13437,9;20879,5;17096,1;13573,5;9151,0;17857,9;14955,6;21703,6;25197,3;25323,2;15186,3;19893,2;38782,7;28198,5;18838,1;19958,6;23945,6;10555,2;9582,0;7683,0;21265,9;28201,5;23857,2;24486,7;23912,5;14816,9;20329,7;16330,6;23909,3;20519,4;8141,4;22240,7;9596,1;14103,2;32514,0;38835,9;23264,9;26956,2;12587,1;12502,0;16282,2;20958,2;19803,9;4625,1;19020,8;11645,5;6997,9;15252,3;16562,9;21117,8;26941,7;13289,9;9743,1;39166,2;27773,6;;16433,0;12687,1;20219,7;22144,4;20429,9;18631,7;11004,2;16902,1;14528,2;21066,2;18569,1;21729,1;19177,5;8673,0;21644,9;30376,0;8568,3;40735,2;18659,4;31642,0;20221,9;9964,4;7966,9;39061,4;27037,4;9030,5;10673,7;11463,6;8884,1;13166,5;26316,1;7921,4;18603,3;11025,9;36632,8;8144,2;11072,0;23419,0;11917,0;9333,1;23636,5;19258,8;22125,2;16166,0;9337,8;15150,7;26026,1;12623,5;6779,4;14124,4;14502,1;11333,1;25796,9;40849,1;19337,9;19430,2;17793,2;15158,5;;10757,2;24150,2;5760,3;12239,6;15368,4;22328,4;;27367,7;5304,2;14223,5;13669,2;10777,1
Eliseu Martins;19161,5;18145,0;17437,4;24328,8;23049,3;26179,3;24637,7;3414,8;14933,1;16038,7;13750,2;10906,2;22532,1;21267,2;15060,9;31247,1;17578,6;20884,0;20875,0;31823,4;17468,3;18888,2;32882,0;14207,0;22820,0;26933,9;3493,7;22517,6;29733,0;21396,9;17310,2;37174,8;13876,0;28199,5;30283,8;6180,9;36946,5;31903,0;29612,7;16818,0;39926,3;24527,9;15102,7;12991,2;22267,4;34686,5;26656,0;8024,8;5243,1;29532,3;15832,0;16288,2;37516,2;25858,3;30370,4;37821,0;33815,1;27906,0;35802,2;26057,9;3001,2;18484,3;16482,0;15738,4;18099,7;20724,8;5586,5;15987,6;11566,3;25101,5;22078,2;23063,7;15039,6;19095,7;;32477,1;23233,8;0,0;35467,5;14209,0;7471,9;18028,1;12512,3;19702,1;13955,6;23383,3;21834,5;25552,5;20709,8;16042,9;10723,3;16701,5;18130,7;39183,2;21422,2;19089,5;15626,0;18740,0;11123,3;18232,5;22806,4;16595,7;28991,6;8293,3;12444,5;36330,9;36456,9;26319,9;32825,9;18472,1;14728,7;29971,7;31092,2;18528,8;21688,8;25154,0;17954,9;9673,0;39335,2;34990,8;35620,4;3601,8;24318,0;11536,8;24901,4;35043,0;31653,1;19235,5;33374,3;20729,8;23604,3;12203,4;18525,2;34398,6;38089,8;13742,4;21700,4;27415,9;32091,9;17470,4;22860,8;30317,0;17802,4;18447,5;24655,1;12071,3;5417,8;6631,1;19249,7;19244,2;18855,5;38907,2;;18673,7;23820,8;23070,5;7607,1;31563,6;12753,6;20505,3;28203,6;24029,3;32199,9;29702,8;32862,8;10384,6;22508,2;16394,0;10065,3;17104,6;20424,5;9331,0;17941,0;7836,5;18964,5;22924,4;25360,5;6726,8;17259,2;21470,5;20964,7;16917,0;17194,7;12846,4;22048,3;17574,7;13751,9;16322,2;17424,0;23782,5;34552,7;27279,6;16796,5;34770,2;9620,5;33258,9;11592,8;21783,7;24651,8;12811,4;23304,2;20614,7;13731,5;30074,2;21090,8;12582,2;20538,5;5637,0;30563,9;25485,0;13794,8;;21115,7;7552,9;19123,4;23373,3;26502,0;8627,5;;14153,0;19892,6;17156,6;23170,3;19309,7
Esperantina;37864,1;17588,8;19019,6;32380,2;31100,7;15923,9;11600,2;36140,8;22183,0;19711,8;42762,8;33508,0;23199,3;29318,7;25297,4;22177,4;50304,7;47569,3;24889,4;7157,8;50194,3;18081,1;3318,8;34343,3;30969,8;16693,2;32477,7;37219,4;6803,1;29324,2;49547,1;6918,4;42888,7;8551,2;7183,2;35193,6;5509,7;18988,6;7551,6;27054,5;8846,8;32579,3;34161,9;40529,1;30318,9;5006,9;10655,6;29516,8;33358,4;9340,0;43369,9;45300,8;6186,6;35847,0;15603,0;3508,9;7031,6;9093,7;7591,0;11720,0;35727,2;30746,3;36589,7;44751,1;50825,7;53450,8;38312,5;48713,6;43647,2;38892,1;17729,0;14671,2;44052,2;27147,1;;9746,5;24525,6;35658,2;0,0;43221,7;33229,8;32007,2;23622,3;24265,2;24192,1;31434,8;29886,0;33604,0;28761,2;48768,9;30052,0;48609,9;19941,1;7270,0;26189,0;27658,9;34082,3;30990,5;33294,9;34648,6;31126,1;21216,5;12128,0;27371,0;40306,4;863,5;3371,4;10530,2;13539,6;51198,1;43741,4;9785,2;8398,1;41498,1;16672,1;27046,0;17995,9;33681,3;8399,3;4725,4;4359,6;36327,9;32369,5;32745,0;33883,2;6877,8;8947,1;17890,1;11034,9;16590,3;31655,7;44929,4;51251,3;3746,2;3633,0;26643,3;15716,2;9369,9;7512,4;38406,6;24577,7;16330,6;30248,3;17640,4;32804,8;34617,1;33533,2;39357,1;17942,8;27295,7;51581,6;6994,1;;33985,5;15428,3;37772,2;34559,8;9224,1;36686,0;28556,7;30178,2;31113,1;6005,8;7363,3;6376,9;31592,9;19171,2;39197,4;42791,3;22340,6;53150,6;33832,6;44057,3;32637,3;27516,9;22343,2;51476,8;39452,8;27495,7;28226,2;29016,1;20022,4;30719,1;41859,1;21523,6;36155,8;26652,8;49048,2;19285,2;28624,5;11598,4;17853,1;26909,4;3912,6;37861,6;6246,5;31339,1;26890,4;32703,2;41824,0;30176,0;20090,0;31607,6;19079,2;19531,1;41594,8;53264,5;31753,3;13944,0;35345,8;33761,2;;28309,8;36565,6;24363,0;13163,9;13175,1;34743,8;;43165,7;23906,9;31776,0;31221,8;28329,7
Fartura do Piauí;17972,9;25639,2;24931,6;24159,4;22879,9;33673,5;32132,0;15953,9;22427,3;23532,9;3877,5;23543,1;25250,9;20682,2;22555,1;33966,0;18465,9;33230,9;23873,4;39317,6;28882,6;26382,4;40376,2;13018,3;21631,4;34428,1;16130,6;21328,9;37227,2;21478,7;28724,6;44669,0;3318,9;35693,8;37778,0;10505,9;44440,7;34621,8;37106,9;22084,5;47420,6;24265,8;13914,0;11802,5;22098,1;42180,7;34150,2;20661,8;10104,2;37026,5;14643,3;6066,1;45010,4;24669,7;33089,2;45315,2;41309,3;35400,2;43296,4;33552,1;15540,3;18528,6;15293,3;7544,3;27418,1;29566,2;18125,7;20643,4;22980,6;23912,8;29572,4;30557,9;2477,7;21814,5;;39971,3;27430,7;14146,0;42961,7;0,0;12333,0;16839,4;20006,5;24246,9;21449,8;23214,0;21665,2;25383,2;19530,5;27457,2;23106,4;9375,2;25625,0;46677,4;24141,0;21808,3;14437,3;17551,3;15984,4;17043,8;21617,7;24090,0;36485,8;20425,3;9291,9;43825,2;43951,1;33814,2;38184,1;22054,0;4506,7;37466,0;38586,5;15839,6;29183,1;27872,9;25449,1;22309,9;46829,4;42485,1;43114,6;16141,0;24055,9;24173,8;23712,8;42537,2;39147,3;26729,8;40868,6;28224,0;23434,9;23617,8;15769,0;41892,8;45584,0;21236,7;29194,6;34910,1;39586,1;16281,7;25579,7;37811,3;19328,7;25941,7;23466,4;12996,4;10279,0;18978,0;26743,9;20890,9;24014,3;46401,5;;17485,0;31315,0;21881,8;13262,6;39057,8;11564,9;20977,6;28034,2;23860,0;39694,1;37197,0;40357,0;23021,6;30002,5;15205,3;21479,7;24598,8;27223,6;14192,2;30578,0;12697,6;19392,7;28580,8;37997,4;16971,1;21723,0;21955,5;20795,3;24411,2;16006,0;4305,4;29429,2;16386,0;20516,9;27736,6;24918,2;24166,0;42046,9;32530,9;19515,4;42264,4;8700,0;40753,1;16454,0;21927,4;24482,4;1929,0;23386,1;28108,9;16096,3;32793,0;28585,0;2016,9;27152,8;18273,9;38058,1;24296,3;12606,1;;21259,5;8716,1;22083,8;30867,5;33996,3;21264,5;;56,0;22891,0;15968,0;23001,0;18428,5
Flores do Piauí;17358,5;15707,1;14999,6;20630,0;19350,4;23741,5;22199,9;9277,9;12495,2;13600,9;11947,2;16630,3;19739,5;17152,8;12623,1;28454,5;23441,8;26747,2;18361,9;29385,5;23331,4;16450,3;30444,1;9734,8;18101,9;24496,1;9454,6;18895,5;27295,2;17949,2;23173,4;34736,9;12073,0;25761,7;27846,0;4377,9;34508,7;29110,4;27174,9;14380,2;37488,5;20736,3;10384,5;11188,2;18568,6;32248,7;24218,1;12639,1;2542,8;27094,4;14029,0;14485,2;35078,3;21357,5;27577,7;35383,2;31377,2;25468,2;33364,3;23620,1;8864,3;13017,1;11981,2;13935,4;23962,8;26587,9;11449,7;21850,7;17429,4;21479,4;19640,4;20625,8;13236,6;16303,0;;30039,2;20795,9;7470,0;33029,6;12406,0;0,0;13310,0;10074,5;17264,3;11517,8;19684,5;18135,7;21853,7;16001,0;21906,0;13174,3;17794,2;15692,9;36745,4;18629,5;16296,9;10907,9;14021,9;6052,4;13731,7;18088,2;14157,9;26553,8;10493,3;10641,5;33893,1;34019,0;23882,1;30388,0;24335,2;12925,7;27533,9;28654,4;16725,8;19251,0;22361,4;15517,1;15633,9;36897,4;32553,0;33182,5;9465,0;20526,4;15867,3;20183,3;32605,2;29215,2;16797,7;30936,5;18291,9;19905,5;18066,6;24388,4;31960,7;35652,0;11304,6;19262,5;24978,0;29654,0;13798,1;20068,2;27879,2;13817,2;16009,6;19936,9;6616,9;2717,5;12494,2;16811,9;16305,0;24718,7;36469,4;;13955,5;21382,9;19448,4;4688,1;29125,7;8427,1;17448,2;24504,8;20330,5;29762,0;27264,9;30424,9;14715,1;20070,4;14591,0;15928,5;14666,8;26287,7;3498,7;23902,0;2765,6;14806,7;20486,5;31321,5;12589,9;14821,4;18426,0;17265,8;14479,1;12377,5;11043,4;19610,5;13073,9;11203,4;22185,4;14986,1;20636,5;32114,9;24841,8;14003,9;32332,3;7817,5;30821,0;5760,5;18397,9;20952,9;11008,4;19856,6;18176,9;7899,2;27281,5;18652,9;10779,2;26401,7;11598,0;28126,0;20984,2;9152,6;;17730,0;5749,9;16572,3;20935,4;24064,2;14588,5;;12350,0;17379,5;12438,5;19471,5;13842,5
Floresta do Piauí;14587,9;14925,1;15317,4;11523,0;10243,4;20789,5;20971,4;19798,9;13798,0;14230,2;16644,0;19477,4;10897,6;6662,5;11276,1;19612,6;32553,2;33538,7;11300,3;28157,0;33852,4;14563,2;29215,6;5164,7;9599,6;21143,1;18447,0;13943,2;26066,6;8842,2;33694,4;33508,4;16514,8;24533,2;26617,4;13580,7;33280,1;20268,5;25946,3;9511,4;36260,0;11722,0;4871,6;11350,5;9461,6;31020,1;22989,6;15486,2;13839,3;25865,9;14191,2;19182,0;33849,8;14521,0;18735,8;34154,6;30148,7;24239,6;32135,8;22391,5;19385,3;5955,5;7411,1;18377,2;34483,8;37108,9;21970,6;32371,7;27950,4;16527,1;18411,8;19397,3;17678,4;7167,3;;28810,7;14459,5;17991,0;31801,1;16847,8;13314,0;0,0;11377,2;11673,8;12820,5;10577,5;9028,7;12746,7;6894,0;32427,0;16021,4;22491,1;15029,7;35516,8;9787,6;9235,2;5394,9;5300,3;13583,5;9161,6;8981,2;14538,1;25317,7;13340,4;11127,7;32664,5;32790,5;22653,5;23830,7;34856,2;17622,6;26305,4;27425,9;16525,4;18022,5;13519,5;15150,3;19650,7;35668,8;31324,5;31954,0;19986,0;11512,2;18714,4;12143,4;31376,6;27986,7;15608,7;28918,2;17063,4;10798,4;28587,5;29450,8;30732,2;34423,4;9505,0;19969,3;23749,5;28425,5;9228,0;11226,3;23635,4;6755,6;14465,2;11434,6;7642,7;14014,0;23015,2;18114,6;6174,5;35239,6;35240,9;;7800,5;20154,4;14496,0;16849,2;27290,0;9424,8;7801,2;15397,8;11223,5;28533,5;26036,4;29196,4;17562,2;16140,3;14390,6;26449,4;13955,4;36808,7;10445,8;30026,7;14926,7;4676,3;14227,5;37446,2;23110,9;9149,9;9096,3;8158,8;15108,5;1327,8;15740,2;15157,5;8503,8;7943,8;32706,3;15611,5;11529,5;30886,3;18177,6;6942,3;31103,8;8682,9;29592,5;7952,4;9290,9;11845,9;15450,2;10749,6;14246,7;5910,8;18439,6;18800,4;15221,0;36922,6;17722,7;23997,4;14019,7;4544,2;;8623,0;15340,0;9510,7;19706,9;22835,7;20713,2;;16791,8;10317,9;5776,4;10364,5;3750,2
Floriano;19560,3;6101,7;5394,2;14076,5;12797,0;14136,1;12594,5;12987,6;2889,8;3995,5;19609,7;10354,9;11532,6;11014,9;3017,7;20994,8;27151,5;24416,1;8831,8;19780,2;27041,1;6844,9;20838,8;12254,1;12666,1;14890,7;9324,5;18915,6;17689,8;11144,5;26393,9;25131,5;19735,5;16156,3;18240,6;12040,4;24903,3;21650,7;17569,5;4774,8;27883,1;14275,6;12903,8;18439,9;12015,1;22643,3;14612,7;6363,7;10205,3;17489,0;21280,6;22147,7;25472,9;17543,3;20057,1;25777,8;21771,8;15862,8;23759,0;14014,7;12574,0;8657,0;14500,5;21597,9;27672,5;30297,6;15159,3;25560,4;20494,1;20588,3;10035,0;11020,4;20899,1;8843,3;;20433,8;11190,5;12505,0;23424,2;20068,5;10076,6;11380,9;0,0;7658,9;1912,4;13131,0;11582,2;15300,2;10457,5;25615,7;6898,9;25456,7;6087,5;27140,0;11169,8;8837,2;13427,1;12686,7;10141,8;16251,0;12822,3;4552,5;16948,4;4217,9;18217,1;24287,7;24413,6;14276,7;20782,6;28044,9;20588,2;17928,5;19049,0;23194,3;9645,6;14901,7;5911,7;10528,1;27292,0;22947,6;23577,1;13174,7;14065,7;9591,9;15579,4;22999,8;19609,8;7192,3;21331,1;8686,5;13352,0;21776,2;28098,1;22355,3;26046,6;3490,1;9657,1;15372,6;20048,6;16317,4;11264,3;18273,8;7550,1;6404,2;14501,1;11463,9;10380,0;16203,9;7206,5;8991,9;28428,4;26864,0;;15681,7;11777,5;19468,5;11406,6;19520,4;13532,8;10253,0;17951,3;13777,0;20156,6;17659,5;20819,5;8439,7;10465,0;20893,7;19638,2;5061,4;29997,4;10679,4;20904,2;9484,1;8712,2;10881,2;28323,7;16299,6;5216,0;11218,2;10712,3;4873,7;10053,2;18705,9;10005,1;15593,2;3499,6;25895,0;5380,7;13530,2;22509,5;15236,4;6544,2;22727,0;15480,0;21215,6;8186,0;11531,4;14399,5;18670,8;13051,9;8571,5;8454,4;19821,8;9047,5;18441,6;30111,4;8600,1;18520,7;17042,0;11671,9;;10863,4;13412,4;7080,1;11330,0;14458,8;11590,7;;20012,5;7849,4;13472,2;12918,0;9473,9
Francinópolis;19165,4;7197,4;6710,2;13681,5;12402,0;13061,8;13243,7;20193,7;6236,0;5311,5;24036,1;17561,0;6202,4;10620,0;5343,3;16142,2;34357,6;31622,3;3223,2;20429,3;34247,3;6835,5;21487,9;12556,8;12271,1;13415,4;16530,6;18520,7;18338,9;10749,6;33600,1;25780,7;23907,0;16805,5;18889,7;19246,6;25552,4;16798,0;18218,6;6178,9;28532,3;13880,6;13206,5;18742,6;11620,2;23292,4;15261,9;13569,8;17411,4;18138,2;21583,3;26574,1;26122,1;17148,3;15265,4;26426,9;22421,0;16511,9;24408,1;14663,8;19780,2;8959,7;14803,2;25769,3;34878,7;37503,8;22365,5;32766,6;27700,2;20193,3;10684,1;11669,6;25070,5;8448,4;;21083,0;5662,4;19711,2;24073,4;24240,0;17282,8;11683,6;7675,2;0,0;6715,7;12736,1;11187,3;14905,3;10062,5;32821,9;14105,0;29883,2;7302,0;27789,1;8348,8;8442,2;13729,9;12291,8;17347,9;15949,9;12427,4;5619,3;17597,5;11424,0;18519,8;24936,8;25062,8;14925,9;20360,3;35251,1;25014,7;18577,7;19698,2;22799,4;10294,8;10049,1;7227,7;17734,3;27941,1;23596,8;24226,3;20380,8;13670,8;16798,0;15184,5;23648,9;20259,0;7881,0;21980,2;9335,7;12957,0;28982,4;35304,2;23004,5;26695,7;9403,4;12209,0;16021,8;20697,8;16620,1;5655,7;18920,5;8461,7;6737,5;14106,1;13379,1;17586,1;23410,1;9758,3;8597,0;35634,5;27513,2;;15286,8;12426,7;19073,5;18612,8;20169,5;15448,0;9858,0;17369,2;13382,1;20805,8;18308,7;21468,7;15645,9;8412,6;20498,7;26844,3;5036,7;37203,5;15475,6;28110,3;16690,2;8412,3;8113,4;35529,8;23505,7;5817,4;10823,3;10317,4;6189,7;10355,9;23132,3;7660,9;15895,9;7842,1;33101,2;6696,7;11627,5;23158,6;12063,5;6149,3;23376,1;16075,1;21864,8;12982,2;9893,4;14004,5;22842,3;12657,0;6519,0;10940,6;14969,2;10363,5;22613,1;37317,5;15806,3;19169,8;16647,1;11974,7;;10468,5;20618,5;2397,4;11979,2;15108,0;18796,8;;24184,0;2240,8;13077,3;12523,0;9174,0
Francisco Ayres;20496,9;6670,0;5962,4;15013,1;13733,6;14704,3;13162,8;14431,1;3458,1;4563,8;21053,1;11798,3;11290,0;11951,5;1746,5;21043,1;28595,0;25859,6;7560,6;20348,4;28484,6;7413,2;21407,0;13697,6;13602,7;15459,0;10768,0;19852,2;18258,1;12081,1;27837,4;25699,8;21179,0;16724,6;18808,8;13483,9;25471,5;21699,0;18137,8;3503,6;28451,4;15212,2;14347,3;19883,3;12951,7;23211,6;15181,0;7807,1;11648,7;18057,3;22724,1;23591,1;26041,2;18479,9;20166,4;26346,0;22340,1;16431,0;24327,2;14583,0;14017,5;10100,5;15944,0;23041,4;29116,0;31741,1;16602,8;27003,9;21937,5;21524,9;10603,2;11588,7;22342,5;9779,9;;21002,1;10750,1;13948,5;23992,5;21512,0;11520,1;12824,4;1912,5;6716,3;0,0;14067,6;12518,8;16236,8;11394,1;27059,2;8342,4;26900,2;6655,8;27708,2;12106,4;9773,8;14870,6;13623,3;11585,2;17281,5;13758,9;5120,8;17516,6;5661,3;19660,6;24856,0;24981,9;14845,0;21350,9;29488,4;22031,7;18496,8;19617,3;24130,9;10213,9;14950,0;6479,9;11971,6;27860,3;23515,9;24145,4;14618,2;15002,3;11035,4;16516,0;23568,0;20178,1;7760,6;21899,4;9254,8;14288,6;23219,7;29541,6;22923,6;26614,8;4933,6;10225,4;15940,9;20616,9;17760,8;9993,0;18842,1;8993,6;6972,5;15437,7;12907,4;11823,5;17647,4;7774,8;9928,5;29871,8;27432,3;;16618,3;12345,8;20405,1;12850,1;20088,6;14976,3;11189,6;18887,9;14713,6;20724,9;18227,8;21387,8;9883,2;11033,3;21830,3;21081,7;5629,6;31440,9;12122,9;22347,6;10927,6;9743,8;11449,4;29767,1;17743,1;3944,8;12154,8;11648,9;5442,0;11496,6;20149,3;10573,3;17036,7;4943,1;27338,5;5949,0;14466,8;23077,8;15804,7;7480,8;23295,2;16923,4;21783,9;9629,4;12468,0;15336,1;20114,3;13988,5;9139,7;9897,9;19870,2;9615,8;19885,1;31554,8;10043,6;19088,9;17978,6;13115,4;;11800,0;14855,9;5808,9;11898,3;15027,1;13034,1;;21456,0;6578,1;14408,8;13854,6;10505,5
Francisco Macedo;10943,9;14352,5;14744,7;3497,8;1712,0;20216,8;20398,7;23858,8;15546,6;15286,8;23043,0;21226,0;10324,9;5316,3;12332,7;17122,0;38022,7;35287,3;12242,0;27584,3;37912,3;13990,5;28642,9;11563,7;2061,4;20570,4;20195,7;9339,8;25494,0;4563,3;37265,1;32935,7;22913,9;23960,5;26044,8;19979,7;32707,5;19240,6;25373,7;10567,9;35687,3;1492,8;9659,4;14277,2;1913,2;30447,5;22416,9;17234,8;20238,3;25293,2;18778,0;25581,0;33277,1;4760,5;18163,2;33582,0;29576,0;23666,9;31563,1;21818,9;23445,2;10810,0;9927,7;24776,2;38543,7;41168,8;26030,5;36431,6;31365,2;7805,5;17839,2;18824,6;24077,4;5675,6;;28238,0;13886,8;23376,2;31228,4;23246,9;19713,0;10584,3;13125,9;12730,4;14066,3;0,0;2713,4;4215,2;4258,8;36486,9;17770,0;28890,1;14457,0;34944,1;9215,0;8727,2;9579,9;6488,0;19721,8;7728,5;4866,5;15594,6;24745,0;15089,0;17526,7;32091,9;32217,8;22080,9;23258,0;38916,1;24021,6;25732,7;26853,2;14577,9;17449,8;12708,8;14577,7;21399,3;35096,2;30751,8;31381,3;24045,9;1282,9;20463,0;6910,0;30804,0;27414,0;15036,1;27609,9;16490,7;4979,8;32647,4;35849,8;30159,5;33850,8;11253,7;19396,6;23176,8;27852,8;15627,0;10653,6;23062,7;10312,0;13892,5;2037,0;14041,7;20413,0;27075,1;19733,6;5447,9;39299,6;34668,2;;7259,5;19581,7;7122,8;22277,8;26717,3;15823,8;4685,1;9579,1;5404,8;27960,8;25463,7;28623,7;19310,9;15567,6;12277,3;30509,3;15012,0;40868,6;17325,9;31775,3;20355,3;6521,8;13654,8;39194,8;27170,8;10206,4;5662,9;2914,5;15778,8;9723,9;22139,3;14584,9;9235,6;9692,5;36766,2;15038,8;7809,4;29718,5;17604,9;6652,9;30531,1;15082,0;29019,8;14832,5;5570,9;3314,5;21849,2;6470,6;13674,1;12791,0;17867,0;18227,7;21620,0;40982,5;19471,3;23424,7;4259,2;10943,2;;4902,9;21739,0;10567,2;19134,2;22263,0;22461,8;;23190,9;11374,4;7273,5;1939,7;7334,5
Francisco Santos;11000,1;12803,7;13195,9;3662,1;2382,5;18668,0;18849,9;22310,0;13997,9;13738,0;21494,2;19677,2;8776,1;3767,5;10783,9;15469,2;36473,9;33738,5;10693,2;26035,5;36363,5;12441,7;27094,1;10014,9;3999,3;19021,6;18646,9;10355,4;23945,2;3014,5;35716,3;31386,9;21365,1;22411,7;24496,0;18430,9;31158,7;17587,8;23824,9;9019,1;34138,5;3861,1;8110,6;14333,4;1600,7;28898,7;20868,1;15686,0;18689,5;23744,4;18834,2;24032,2;31728,3;7128,8;16614,4;32033,2;28027,2;22118,2;30014,3;20270,1;21896,4;9261,2;9983,9;23227,5;36994,9;39620,0;24481,7;34882,8;29816,5;10173,9;16290,4;17275,8;22528,6;4126,8;;26689,2;12338,0;21827,4;29679,6;21698,1;18164,2;9035,5;11577,1;11181,6;12517,5;2716,6;0,0;4885,8;2710,0;34938,1;16221,3;27341,3;12908,2;33395,4;7666,2;7178,4;8031,1;4939,2;18173,0;7784,6;4766,4;14045,8;23196,2;13540,2;15977,9;30543,1;30669,0;20532,1;21709,2;37367,3;22472,8;24183,9;25304,4;14634,1;15901,0;11160,0;13028,9;19850,5;33547,4;29203,0;29832,5;22497,1;3651,3;18914,3;6966,2;29255,2;25865,2;13487,3;25957,1;14941,9;3327,0;31098,6;34301,0;28610,7;32302,0;9704,9;17847,8;21628,0;26304,0;14078,2;9104,9;21513,9;8763,2;12343,7;4405,3;12492,9;18864,3;25526,3;18184,8;3899,2;37750,8;33119,4;;7315,7;18032,9;9491,2;20729,0;25168,5;14275,0;3136,3;7926,3;3752,0;26412,0;23914,9;27074,9;17762,1;14018,8;12333,5;28960,6;13463,2;39319,8;15777,1;30226,6;18806,5;4973,0;12106,0;37646,0;25622,0;8657,6;4114,1;1365,8;14230,0;8175,1;20590,5;13036,1;9291,8;8143,7;35217,4;13490,0;6260,6;28065,7;16056,1;5104,1;28982,3;13533,2;27471,0;13283,7;4022,1;3985,0;20300,4;4921,8;12125,3;11242,2;16318,2;16678,9;20071,2;39433,8;17922,5;21876,0;6627,6;9394,4;;3354,1;20190,2;9018,5;17585,4;20714,2;20913,0;;21642,1;9825,6;5724,8;2503,6;5785,7
Fronteiras;13601,1;16521,0;16913,2;4565,7;2931,1;22385,3;22567,2;26027,3;17715,2;17455,3;25211,5;23394,5;12493,4;7484,8;14501,2;17477,5;40191,2;37455,8;14410,5;29752,8;40080,8;16159,0;30811,4;13732,2;5596,0;22738,9;22364,2;12111,8;27662,5;6731,8;39433,6;34005,8;25082,4;26129,0;28213,3;22148,2;34757,5;19596,1;27542,2;12736,4;36757,4;4289,0;11827,9;16934,4;4081,7;32616,0;24585,4;19403,3;22406,8;27461,7;21435,3;27749,5;35445,6;7532,5;20331,7;35632,0;31744,5;25835,5;32749,8;23987,4;25613,7;12978,5;12585,0;26944,7;40712,2;43337,3;28199,0;38600,1;33533,8;10571,5;20007,7;20993,1;26245,9;7844,1;;30317,8;16055,3;25544,7;33396,9;25415,4;21881,5;12752,8;15294,4;14898,9;16234,9;4215,7;4881,9;0,0;6427,3;38655,4;19938,5;31058,6;16625,5;36994,2;11383,5;10895,7;11748,4;8656,5;21890,3;10385,7;7523,7;17763,1;26913,5;17257,5;19695,2;34260,4;34386,3;24249,4;25426,5;41084,6;26190,1;27901,2;29021,7;17235,2;19618,3;14877,3;16746,2;23567,8;36166,3;32920,3;33549,8;26214,4;4025,9;22631,5;9567,3;32972,5;29582,5;17204,6;27965,4;18659,2;7075,0;34815,9;38018,3;32328,0;35900,8;13422,2;21565,1;25345,3;30021,3;17795,5;12822,1;25231,2;12480,5;16061,0;5904,4;16210,2;22581,5;29243,6;21902,1;7616,4;41468,1;36718,2;;9916,7;21750,2;9894,9;24446,3;27340,1;17992,3;6853,6;9934,6;5760,3;30129,3;27632,2;30792,2;21479,4;17736,1;14934,5;32677,8;17180,5;43037,1;19494,5;33943,8;22523,8;8690,3;15823,3;41363,3;29339,3;12374,9;7831,4;5083,1;17947,3;11892,4;24307,8;16753,4;11892,9;11861,0;38934,7;17207,3;9977,9;30073,9;19773,4;8821,4;32699,6;17250,5;31188,3;17001,0;7739,4;4182,8;24017,7;8639,1;15842,6;14959,5;20035,5;20396,2;23788,5;43151,1;21639,8;25593,2;7031,2;13111,7;;7071,4;23907,5;12735,8;21302,7;24431,5;24630,3;;25359,4;13542,9;9442,0;4197,0;9503,0
Geminiano;9914,8;11676,4;12068,6;5190,7;3911,2;17540,7;17722,6;21182,7;12870,5;12610,7;19346,0;18549,9;7648,8;2640,2;9656,6;16363,8;35255,2;32611,2;9565,9;24908,2;35236,2;11314,4;25966,8;7866,7;3020,6;17894,3;17519,5;9270,2;22817,9;2510,0;34589,0;30259,6;19216,8;21284,4;23368,6;16282,7;30031,3;17019,7;22697,6;7891,8;33011,2;5389,8;5962,4;13248,1;3129,4;27771,4;19740,8;14558,7;16541,3;22617,1;16893,2;21884,0;30601,0;7941,9;15487,1;30905,8;26899,9;20990,8;28887,0;19142,8;20769,1;8133,9;8421,9;21079,2;35867,6;38492,7;23354,4;33755,5;28689,1;11559,6;15163,0;16148,5;20380,4;2999,5;;25561,9;11210,7;20693,0;28552,3;19549,8;16016,0;6887,3;10449,8;10054,2;11390,2;4245,3;2696,5;6414,5;0,0;33810,8;15093,9;25193,1;11780,9;32268,0;6538,9;6051,1;5882,8;2791,0;17045,7;6699,4;3176,8;12918,5;22068,9;12412,9;13829,7;29415,8;29541,7;19404,8;20581,9;36240,0;20324,6;23056,6;24177,1;13548,9;14773,7;10270,7;11901,5;18723,2;32420,0;28075,7;28705,2;21369,8;5179,9;17786,9;5933,9;28127,8;24737,9;12360,0;25669,4;13814,6;4466,2;29971,3;32152,8;27483,4;31174,7;8577,6;16720,5;20500,7;25176,7;11930,0;7977,5;20386,6;7635,9;11216,4;4855,6;10344,7;16716,0;24399,0;17057,5;2771,8;36623,4;31992,1;;5786,0;16905,6;9823,0;19601,7;24041,2;12126,8;2008,9;9065,5;4891,2;25284,7;22787,6;25947,6;16634,8;12891,5;11248,2;27833,2;12335,9;38192,5;14542,2;29099,2;17679,2;3845,7;10978,7;36518,7;24494,7;7530,3;2986,8;1826,6;13102,6;7047,8;18442,2;11908,7;8206,5;7016,4;34090,1;12362,7;5197,2;27637,5;14928,8;3976,8;27855,0;11385,0;26343,7;12156,4;2958,7;5513,7;18152,2;4417,4;10998,0;10114,8;15190,9;15551,6;17923,0;38306,4;16795,2;20748,6;7440,7;7246,2;;2290,7;18042,0;7891,1;16458,1;19586,9;19785,7;;19493,9;8698,3;3576,5;4032,2;4658,4
Gilbués;33591,7;31250,2;30542,7;37434,1;36154,5;39284,5;37743,0;12622,3;28038,3;29144,0;24217,8;23360,8;35637,3;34372,5;28166,2;44352,4;14049,3;21873,5;33980,3;44928,6;3906,0;31993,4;45987,2;28637,1;36023,6;40039,2;16598,9;36947,8;42838,3;34502,1;7985,9;50280,0;25264,2;41304,8;43389,1;20611,1;50051,8;45008,2;42718,0;29923,3;53031,6;37633,1;29532,8;27421,4;35372,7;47791,8;39761,2;21130,0;19673,3;42637,5;30262,1;21791,2;50621,4;40288,5;43475,6;50926,3;46920,3;41011,2;48907,4;39163,2;14402,4;32014,6;30912,2;30168,6;6166,2;8791,3;11220,5;12458,2;12785,7;39531,6;35183,5;36168,9;29292,4;32200,9;;45582,3;36339,0;16037,0;48572,7;27465,6;21902,1;32458,3;25617,6;32807,4;27060,9;36488,6;34939,8;38657,8;33815,1;0,0;23828,6;20455,8;31236,0;52288,4;34527,4;32194,7;30056,2;33170,2;25553,5;32662,7;36179,9;29701,0;42096,8;21398,5;26874,7;49436,2;49562,1;39425,2;45931,1;14942,7;22958,9;43077,0;44197,5;32958,9;34794,1;38259,3;31060,2;22778,2;52440,5;48096,1;48725,6;14638,7;37423,3;24642,0;38936,9;48148,3;44758,3;32340,8;46479,6;33835,0;36709,5;5960,6;14995,9;47503,8;51195,1;26847,7;34805,6;40521,1;45197,1;31900,6;35966,1;43422,3;30907,7;31552,7;37858,7;26501,5;19848,0;11318,0;32355,0;32349,5;8565,3;52012,5;;33103,8;36926,0;37500,6;22037,3;44668,8;27183,8;33610,5;41308,8;37134,6;45305,1;42808,0;45968,0;23489,9;35613,5;30824,1;5978,7;30209,8;8667,2;23761,2;19764,0;22266,7;32069,7;36029,7;20476,5;10481,1;30364,5;34575,8;34069,9;30022,2;31624,9;24841,6;35153,6;32004,9;26857,2;4388,8;30529,2;36887,8;47658,0;40384,9;29901,8;47875,4;24050,6;46364,1;26023,0;34888,9;37757,0;27241,5;36409,5;33719,9;28161,6;43179,4;34196,0;26981,8;8605,1;18742,2;43669,1;39915,2;28224,9;;34221,0;21983,0;32228,6;36478,5;39607,3;21082,1;;27521,6;32997,8;31586,8;36275,6;32831,4
Guadalupe;24195,6;12527,9;11820,4;18711,8;17432,2;20562,2;19020,7;11180,7;9316,0;10421,7;22668,7;7152,2;16915,0;15650,2;9443,9;25630,1;25344,6;22609,2;15258,0;26206,3;25234,2;13271,1;27264,9;16889,3;17301,3;21316,9;7517,6;23550,9;24116,0;15779,8;24587,0;31557,7;22794,5;22582,5;24666,8;15099,4;31329,5;26285,9;23995,7;11201,0;34309,3;18910,8;17539,1;21909,7;16650,4;29069,5;21038,9;4556,8;13264,2;23915,2;24750,4;25206,7;31899,1;22178,5;24753,3;32204,0;28198,0;22288,9;30185,1;20440,9;10767,1;13292,3;19135,7;24656,9;25865,7;28490,7;13352,5;23753,5;18687,2;25223,5;16461,2;17446,6;23958,1;13478,6;;26860,0;17616,7;10698,1;29850,4;23127,5;13135,6;16016,2;6895,3;14085,1;8338,6;17766,3;16217,5;19935,5;15092,8;23808,8;0,0;24467,4;12513,7;33566,1;15805,1;13472,4;18062,4;17322,0;13200,8;20886,2;17457,6;10978,7;23374,5;2676,2;21363,0;30713,9;30839,8;20702,9;27208,8;26238,0;23647,2;24354,7;25475,2;27447,2;16071,8;19537,0;12337,9;8266,2;33718,2;29373,8;30003,3;11367,8;18701,0;6389,2;20214,7;29426,0;26036,0;13618,5;27757,3;15112,7;17987,2;19969,4;26291,2;28781,5;32472,8;8125,4;16083,3;21798,8;26474,8;20952,6;17243,8;24700,0;12185,4;12830,4;19136,3;16099,2;13439,0;14397,0;13632,7;13627,1;26621,5;33290,2;;20317,0;18203,7;24103,8;14465,6;25946,5;18168,1;14888,2;22586,5;18412,3;26582,8;24085,7;27245,7;5237,1;16891,2;25312,4;17831,3;11487,5;28190,5;15091,0;18200,8;12543,1;13347,4;17307,3;25620,2;14492,7;11642,2;15853,5;15347,6;11299,9;14688,4;21764,9;16431,2;20228,4;8134,9;24088,2;11806,9;18165,5;28935,7;21662,6;11179,5;29153,1;18539,0;27641,8;12821,2;16166,6;19034,7;21729,8;17687,2;14997,6;13089,6;24457,1;15473,7;21500,6;28304,5;6793,3;24946,8;21677,3;16307,2;;15498,7;16471,4;13506,3;17756,2;20885,0;8438,0;;23071,5;14275,5;18107,5;17553,2;14109,1
Guaribas;23641,2;31118,7;30411,1;29827,8;28548,2;39153,0;37611,5;13285,8;27906,8;29012,5;6140,7;24675,0;30919,3;26350,6;28034,6;39634,3;14120,1;26234,5;29541,7;44797,1;21886,2;31861,9;45855,7;18686,6;27299,7;39907,7;17262,5;26997,3;42706,8;27147,0;21728,2;50148,5;7187,1;41173,3;43257,6;15985,5;49920,2;40290,2;42586,5;27752,8;52900,1;29934,1;19582,3;17470,9;27766,4;47660,3;39629,7;21793,6;15583,8;42506,0;20311,6;3714,1;50489,9;30338,0;38757,5;50794,8;46788,8;40879,7;48775,9;39031,7;15066,0;24196,9;20961,7;13683,9;22100,9;24249,0;11884,1;15806,7;15984,2;29581,1;35052,0;36037,4;11215,3;27482,8;;45450,8;33099,0;16700,6;48441,2;9388,5;17812,5;22507,8;25486,0;29915,2;26929,4;28882,3;27333,5;31051,5;25198,8;20460,8;24492,2;0,0;31104,5;52156,9;29809,3;27476,7;20105,7;23219,7;21464,0;22712,2;27286,0;29569,5;41965,3;22062,1;14960,2;49304,7;49430,6;39293,7;43852,4;17708,1;4881,8;42945,5;44066,0;22589,7;34662,6;33541,2;30928,6;23441,8;52309,0;47964,6;48594,1;15302,3;29724,2;25305,6;29381,1;48016,8;44626,8;32209,3;46348,1;33703,5;29103,3;16621,4;11017,6;47372,3;51063,6;26716,2;34674,1;40389,6;45065,6;21950,1;31248,0;43290,8;24997,0;31421,2;29134,7;18664,7;15758,5;11981,6;32223,5;26559,2;18697,1;51881,0;;23153,3;36794,5;27550,1;18742,1;44537,3;17233,3;26646,0;33702,6;29528,3;45173,6;42676,5;45836,5;24153,5;35482,0;20873,6;14483,3;30078,3;21906,4;19671,7;31281,3;18177,1;25061,0;34249,2;32468,0;9974,7;27391,3;27623,8;26463,6;29890,7;21674,4;6764,5;35022,0;22054,4;26185,2;20740,2;30397,7;29834,3;47526,4;38199,3;25183,7;47743,9;14368,3;46232,6;21933,5;27595,7;30150,8;9792,3;29054,4;33588,4;21764,6;38461,3;34064,5;8904,8;21835,6;19405,8;43537,6;29964,7;18274,4;;26927,8;14195,7;27752,1;36347,0;39475,8;22396,3;;9444,5;28559,3;21636,3;28669,3;24096,8
Hugo Napoleão;20886,9;2768,6;1407,7;15403,1;14123,5;9958,9;8916,1;18610,2;4652,4;2251,9;25232,3;15977,5;6222,1;12341,5;7766,9;16161,9;32774,1;30038,8;7912,2;16101,7;32663,7;3166,5;17160,3;17209,4;13992,6;10312,5;14947,1;20242,2;14011,4;12347,0;32016,5;21453,1;25358,1;12477,9;14562,1;17663,0;21224,8;16817,8;13891,0;9524,0;24204,7;15602,1;17184,7;23395,2;13341,7;18964,8;10934,3;11986,3;15827,9;13810,6;26235,9;27770,3;21794,5;18869,8;15285,1;22099,3;18093,4;12184,3;20080,5;10336,2;18196,6;13612,3;19455,8;27220,5;33295,2;35920,2;20782,0;31183,0;26116,7;21914,9;6356,5;7342,0;26521,7;10169,9;;16755,4;7548,4;18127,7;19745,8;25691,1;15699,3;15030,0;6091,7;7288,0;6661,6;14457,6;12908,8;16626,8;11784,1;31238,3;12521,5;31079,4;0,0;23461,5;9211,8;10681,7;17105,1;14013,3;15764,4;17671,4;14148,9;2770,7;13269,9;9840,5;23172,4;20609,3;20735,2;10598,2;17104,2;33667,6;26210,8;14250,1;15370,6;24520,9;5967,2;10068,8;2233,2;16150,7;23613,5;19269,2;19898,7;18797,3;15392,3;15214,5;16906,0;19321,3;15931,4;3553,4;17652,7;5008,1;14678,5;27398,9;33720,7;18676,9;22368,1;9112,8;7914,0;11694,2;16370,2;21272,7;7600,5;14595,4;13114,3;2725,8;15827,7;17086,6;16002,6;21826,5;8174,8;10318,5;34051,0;23185,6;;17008,3;8099,1;20795,1;17029,3;15841,9;19155,4;11579,5;17388,9;15103,6;16478,2;13981,1;17141,1;14062,3;5309,7;22220,2;25260,8;4810,1;35620,0;16302,0;26526,8;15106,7;10539,7;5725,9;33946,3;21922,2;9965,2;11249,0;12038,9;2386,4;13741,9;24328,5;4849,7;19178,6;9122,3;31517,7;1701,9;11647,3;18831,0;10081,1;9932,2;19048,5;20727,6;17537,2;13808,6;9913,2;15726,0;24293,5;13198,8;3416,2;14077,0;14989,0;6398,2;24064,3;35734,0;14222,8;14842,2;18368,6;16627,2;;11332,6;19035,0;7050,0;7651,6;10780,4;17213,3;;25635,1;6929,7;14798,8;14244,6;11352,5
Ilha Grande;41501,6;21226,3;22657,1;36017,7;34738,2;19251,8;14928,1;39778,3;25820,5;23349,2;46400,3;37145,5;26836,8;32956,2;28934,9;25505,3;53942,2;51206,8;28526,8;13969,2;53831,8;21718,6;10130,2;37980,8;34607,3;20021,0;36115,1;40856,9;12884,3;32961,7;53184,6;3653,1;46526,2;13160,9;9486,5;38831,1;3401,0;22316,5;14215,3;30692,0;3271,6;36216,8;37799,4;44166,6;33956,4;11818,3;13983,5;33154,3;36995,9;12667,9;47007,4;48938,3;7000,0;39484,5;18930,9;4593,1;5716,1;12421,6;6275,5;15047,9;39364,7;34383,8;40227,2;48388,6;54463,2;57088,3;41950,0;52351,1;47284,7;42529,5;21655,2;18308,7;47689,7;30784,6;;12612,1;28163,1;39295,7;7364,4;46859,2;36867,3;35644,7;27259,7;27902,7;27829,6;35072,3;33523,5;37018,7;32398,7;52406,4;33689,5;52247,4;23578,6;0,0;29826,5;31296,4;37719,8;34627,9;36932,4;38286,1;34763,6;24854,0;15455,9;31008,5;43943,8;8227,9;8532,9;17193,9;16867,5;54835,6;47378,9;16448,8;11641,2;45135,6;20309,6;30683,5;21633,4;37318,8;2824,1;10166,7;9521,2;39965,4;36006,9;36382,5;37520,6;11891,6;14524,7;21527,6;14362,7;20227,8;33637,3;48566,9;54888,8;10557,6;4861,9;30280,8;20084,4;12697,8;14323,9;42044,1;28215,2;19658,5;33885,7;21277,9;36442,3;38254,6;37170,7;42994,6;22310,9;30933,1;55219,0;1418,9;;37623,0;19065,8;41409,7;38197,3;12552,0;40323,5;32194,2;30731,8;31617,2;8664,1;10691,2;12201,1;35230,4;22499,1;42834,9;46428,8;25978,1;56788,1;37470,1;47694,8;36274,8;31154,4;25671,0;55114,3;43090,3;31133,2;31863,7;32653,6;23659,9;34356,6;45496,6;25161,1;39793,3;30290,3;52685,7;22922,7;32262,0;12541,5;21181,0;30546,9;10724,0;41499,1;8107,0;34976,6;30527,8;36340,7;45461,5;33813,5;23727,5;35245,1;22407,1;23382,2;45232,3;56902,0;35390,8;17271,9;38983,2;37398,7;;31947,3;40203,0;28000,5;17781,5;18752,6;38381,3;;46803,2;27544,4;35413,5;34859,2;31967,2
Inhuma;15647,8;9110,3;9502,5;10164,0;8884,5;14974,6;15156,5;21899,0;12748,4;10607,3;23926,7;19266,3;5082,7;7102,4;10372,9;13797,7;36062,9;33327,6;5673,3;22342,1;35952,5;8748,3;23400,7;12447,4;8753,6;15328,2;18235,9;15003,2;20251,8;7129,7;35305,3;27693,5;23797,5;18718,3;20802,5;20863,4;27465,2;14453,6;20131,5;8608,1;30445,1;10363,1;11945,6;18633,2;8102,7;25205,3;17174,7;15275,1;19116,7;20051,0;21473,9;26464,7;28034,9;13630,8;12921,0;28339,8;24333,8;18424,7;26320,9;16576,7;21485,4;8850,3;14405,1;25659,9;36583,9;39209,1;24070,8;34471,8;29405,5;16675,8;12597,0;13582,4;24961,1;4930,9;;22995,8;7318,1;21416,5;25986,2;24130,5;18633,1;9791,0;11166,1;8334,7;12106,6;9218,5;7669,8;11387,7;6545,0;34527,2;15810,3;29773,8;9214,8;29701,9;0,0;5442,6;11866,1;8774,2;17762,1;12432,4;8909,8;11798,0;19502,8;13129,3;18410,4;26849,7;26975,6;16838,7;18015,8;36956,3;24905,2;20490,5;21611,0;19281,9;12207,6;7704,6;9335,4;19439,5;29854,0;25509,6;26139,1;22086,1;10153,2;18503,3;11666,9;25561,7;22171,8;9793,9;23103,3;11248,5;9439,5;30687,7;36733,4;24917,3;28608,5;9293,9;14154,4;17934,6;22610,6;16510,7;4084,9;17820,5;8352,3;8650,3;10588,6;13269,6;19291,4;25115,3;16270,7;5079,4;37339,8;29426,0;;11769,3;14339,5;15556,0;20318,1;21475,1;15338,5;6340,5;14038,8;9864,5;22718,6;20221,5;23381,5;17351,1;10325,4;16981,2;28549,6;11549,1;38908,8;15366,2;29815,6;18395,5;5300,7;8412,6;37235,1;25211,0;8246,6;6031,8;6799,9;10536,5;8502,9;23022,9;9342,6;13939,6;7732,7;34806,5;9796,6;6430,0;25071,5;12362,7;4693,2;25288,9;15965,6;23777,6;12872,7;4695,9;10487,0;22732,8;7981,6;8431,9;10831,2;12624,8;12985,5;22503,6;39022,8;17511,6;18182,5;13129,5;11865,2;;6115,3;22323,8;7335,1;13892,0;17020,8;20502,1;;24074,5;6108,0;9559,8;9005,5;6113,4
Ipiranga do Piauí;15159,1;10589,5;10981,7;9675,3;8395,8;16453,8;16635,7;19567,5;11255,4;10995,5;21595,2;16934,8;6561,9;6613,7;8041,4;15276,9;33731,4;30996,0;8065,6;23821,3;33621,0;10227,5;24879,9;10115,9;8264,9;16807,4;15904,4;14514,5;21731,0;6743,4;32973,8;29172,7;21466,0;20197,5;22281,8;18531,9;28944,5;15932,8;21610,7;6276,6;31924,3;9874,4;10765,6;16301,6;7613,9;26684,5;18653,9;12943,6;16785,2;21530,2;19142,4;24133,2;29514,1;13142,1;14400,2;29819,0;25813,0;19903,9;27800,1;18055,9;19153,9;6518,8;12362,2;23328,4;34252,4;36877,5;21739,3;32140,3;27074,0;16187,1;14076,2;15061,6;22629,6;4442,1;;24475,0;10123,8;19085,0;27465,4;21799,0;16301,6;9242,7;8834,6;8439,1;9775,1;8729,8;7181,0;10899,0;6056,3;32195,7;13478,8;27442,2;10694,0;31181,1;5081,9;0,0;11288,9;8285,5;15430,6;11943,6;8421,1;11303,4;20982,0;10797,8;16078,9;28328,9;28454,8;18317,9;19495,0;34624,8;22573,7;21969,7;23090,2;18793,1;13686,8;9183,9;10814,6;17108,0;31333,2;26988,8;27618,3;19754,6;9664,5;16171,8;11178,2;27041,0;23651,0;11273,1;24582,5;12727,7;8950,8;28356,2;34401,9;26396,5;30087,8;6962,4;15633,6;19413,8;24089,8;14179,1;6890,6;19299,7;6020,8;10129,5;10099,9;10938,1;16959,9;22783,8;15442,4;4590,7;35008,3;30905,2;;11280,5;15818,7;15067,3;17986,5;22954,3;13007,0;5851,8;13550,1;9375,8;24197,8;21700,7;24860,7;15019,6;11804,6;16492,5;26218,1;10720,7;36577,3;13034,7;27484,1;16064,0;4812,0;9891,8;34903,6;22879,5;5915,1;6817,0;6311,1;11873,8;7914,9;20691,4;10821,9;13450,8;5401,2;32475,0;11275,8;7812,4;26550,7;13841,9;2390,5;26768,1;13634,1;25256,8;10541,2;6078,2;9998,3;20401,3;8650,7;9911,1;8499,7;14104,0;14464,7;20172,1;36691,3;15180,1;19661,7;12640,8;9533,7;;6462,2;19992,3;6276,0;15371,2;18500,0;18170,6;;21743,0;7083,1;9071,0;8516,8;5624,7
Isaías Coelho;11442,6;16983,5;17375,7;10497,9;9218,4;22847,8;23029,7;17393,8;15830,4;16262,6;14239,0;21509,7;12955,9;7020,7;13308,5;21671,0;30148,2;34863,1;13332,6;30215,4;31447,3;16621,6;31274,0;2759,7;7969,8;23201,5;17570,5;10798,0;28125,0;7817,2;31289,3;35566,8;14109,8;26591,5;28675,8;11175,7;35338,5;22326,8;28004,7;11543,7;38318,3;10604,2;855,4;8945,4;8436,5;33078,5;25048,0;17518,5;11434,2;27924,3;11786,2;16777,0;35908,2;12169,2;20794,2;36213,0;32207,1;26298,0;34194,2;24449,9;16980,2;7987,8;4228,2;15972,2;32078,8;34703,8;19565,6;29966,6;25545,3;13381,8;20470,2;21455,6;15273,4;8306,6;;30869,1;16517,9;15585,9;33859,4;14442,8;10909,0;5381,5;13409,6;13706,2;14852,9;9552,4;8003,6;11721,6;5868,9;30022,0;18053,8;20086,0;17088,0;37575,2;11846,0;11267,6;0,0;3889,8;15060,1;5978,7;7956,2;16570,5;27376,0;15372,7;8722,7;34722,9;34848,9;24711,9;25889,1;32451,2;15217,5;28363,7;29484,2;14120,4;20080,8;15577,9;17208,7;21683,0;37727,2;33382,8;34012,3;17580,9;10394,4;20746,8;10051,2;33435,0;30045,1;17667,1;30976,6;19121,7;9773,4;26182,5;27045,7;32790,6;36481,8;11537,4;22027,7;25807,8;30483,9;6822,9;13284,7;25693,8;8787,9;16523,5;9804,9;5237,7;11609,0;20610,2;20147,0;8079,0;32834,6;37299,2;;3823,4;22212,7;11350,8;14702,5;29348,4;7019,8;7316,1;14372,7;10198,4;30591,9;28094,8;31254,8;19594,6;18198,7;11985,5;24044,4;15987,8;34403,6;9435,1;32017,9;13281,9;7934,7;16285,8;39437,4;20705,8;11182,2;8293,9;7133,8;17140,9;4548,1;13335,2;17215,9;5320,9;9976,2;30301,3;17647,8;10504,4;32944,7;20235,9;8974,6;33162,2;6277,9;31650,9;9428,9;8265,9;10820,9;13045,1;9724,5;16305,1;7387,4;20498,0;20858,7;12815,9;34517,6;19713,9;26055,8;11795,9;2139,1;;7597,9;12935,0;11543,0;21765,2;24894,0;22704,4;;14386,8;12350,2;2306,4;9339,4;6970,5
Itainópolis;9287,7;13891,7;14283,9;7406,1;6126,5;19756,0;19937,9;20507,8;15085,8;14826,0;17353,0;20765,2;9864,1;3928,8;11871,9;18579,1;33262,2;34826,5;11781,2;27123,5;34561,4;13529,7;28182,1;5873,7;4761,9;20109,6;19734,8;8643,0;25033,2;4725,3;34403,3;32474,9;17223,8;23499,7;25584,0;14289,7;32246,7;19235,0;24912,9;10107,1;35226,5;7396,2;3969,4;12059,5;5344,7;29986,7;21956,1;16774,0;14548,3;24832,4;14900,2;19891,0;32816,3;9683,2;17702,4;33121,2;29115,2;23206,1;31102,3;21358,1;20094,3;10349,2;6428,9;19086,2;35192,8;37817,9;22679,6;33080,7;28659,4;11226,9;17378,4;18363,8;18387,4;5214,8;;27777,2;13426,0;18699,9;30767,6;17556,8;14023,0;5300,3;12665,1;12269,6;13605,5;6460,6;4911,8;8629,8;2777,1;33136,0;17309,2;23200,1;13996,2;34483,3;8754,2;8266,4;3889,8;0,0;18174,1;6072,2;4864,3;15133,8;24284,2;14628,2;11836,7;31631,1;31757,0;21620,1;22797,2;35565,2;18331,6;25271,9;26392,4;12921,7;16989,0;12486,0;14116,9;20938,5;34635,4;30291,0;30920,5;20695,0;7186,4;20002,2;6843,2;30343,2;26953,2;14575,3;27884,7;16029,9;6681,5;29296,5;30159,7;29698,7;33390,0;10792,9;18935,8;22716,0;27392,0;9937,0;10192,8;22601,9;9851,2;13431,7;6596,9;8351,7;14723,0;23724,2;19272,8;4987,1;35948,6;34207,4;;3793,0;19120,9;9195,9;17816,5;26256,5;10133,8;4224,2;11280,8;7106,6;27500,0;25002,9;28162,9;18850,1;15106,8;10621,1;27158,4;14551,2;37517,6;12549,2;31314,5;16395,9;6061,0;13194,0;38734,0;23819,8;9745,6;5202,1;4041,9;15318,0;6310,0;16449,2;14124,0;7579,4;9231,7;33415,3;14578,0;7412,6;29852,9;17144,1;6192,1;30070,3;9391,9;28559,0;12543,0;5174,0;7729,0;16159,2;6632,7;13213,3;10501,4;17406,2;17766,9;15930,0;37631,6;19010,5;22963,9;9182,0;5253,1;;4506,1;16049,0;10106,4;18673,4;21802,2;22001,0;;17500,8;10913,6;1583,5;6247,6;6873,7
Itaueira;20998,4;15773,9;15066,3;20665,9;19386,4;23808,2;22266,6;12917,7;12562,0;13667,6;15587,0;16697,0;18869,2;17604,3;12689,8;27584,2;27081,6;30387,0;17491,7;29452,3;26971,2;16517,0;30510,9;13897,3;19255,5;24562,8;13094,4;23058,0;27361,9;17734,0;26813,2;34803,6;15712,8;25828,4;27912,7;8017,8;34575,4;28240,1;27241,6;14446,9;37555,2;20865,0;14547,0;14828,0;18604,6;32315,4;24284,8;12705,8;6182,6;27161,2;17668,8;18125,0;35145,1;24132,7;26707,5;35449,9;31443,9;25534,9;33431,1;23686,8;12504,1;12887,8;16143,7;17575,2;27602,7;30227,8;15089,5;25490,5;21069,2;25641,9;19707,1;20692,5;16876,4;15432,8;;30105,9;20862,6;11109,8;33096,3;16045,8;6054,0;13576,0;10141,2;17331,0;11584,5;19720,5;18171,7;21889,7;17046,9;25545,9;13241,0;21434,1;15759,6;36812,1;17759,3;15426,6;15070,4;18184,4;0,0;17894,2;19411,7;14224,6;26620,5;10560,0;14281,3;33959,8;34085,7;23948,8;30454,7;27975,1;16565,6;27600,6;28721,1;20365,6;19317,7;21491,2;15583,8;16870,3;36964,1;32619,7;33249,2;13104,8;20655,1;15934,0;22168,8;32671,9;29281,9;16864,4;31003,2;18358,6;19941,4;21706,4;28028,2;32027,5;35718,7;10976,6;19329,2;25044,7;29720,7;17960,6;19198,0;27945,9;13598,1;16076,3;21090,5;10779,4;6357,3;16134,0;16878,6;15581,3;28358,5;36536,1;;18118,0;21449,6;23610,9;7384,0;29192,5;12848,3;16842,4;24540,7;20366,4;29828,8;27331,6;30491,6;14781,9;20137,1;18230,8;19568,3;14733,5;29927,5;8009,4;27246,3;5461,4;14677,5;20553,3;34665,8;16229,7;14888,1;17807,7;17301,8;14545,8;12248,2;14683,2;19677,2;17236,4;10089,1;25825,2;15052,8;20119,7;32181,6;24908,5;13133,7;32399,1;11457,3;30887,7;6924,5;18120,8;20988,9;14648,2;19641,3;18243,6;7769,9;26411,3;18719,7;14419,0;30041,5;14942,3;28192,8;23631,5;13315,2;;17452,8;9389,7;15702,1;21002,1;24130,9;17932,8;;15989,8;16509,2;16601,0;19507,4;13713,2
Jacobina do Piauí;5856,8;17566,4;17958,6;9169,3;7889,8;23430,7;23612,6;20011,1;18676,2;18500,7;16856,3;24355,6;13538,8;8530,2;15546,6;22196,7;32765,5;37480,4;15455,9;30798,3;34064,7;17204,5;31856,9;4994,5;5840,7;23784,3;20187,8;5212,2;28707,9;8400,1;33906,6;36149,6;16727,1;27174,4;29258,7;13793,0;35921,4;22909,7;28587,6;13781,8;38901,2;8475,0;6050,7;6837,5;6968,9;33661,4;25630,8;20364,4;14161,5;28507,1;11338,3;19394,3;36491,1;7674,2;21377,1;36795,9;32789,9;26880,9;34777,1;25032,8;19597,5;10833,7;2247,6;18589,5;34696,1;37321,2;22182,9;32584,0;28162,7;7796,0;21053,1;22038,5;17890,7;8889,5;;31451,9;17100,7;18203,2;34442,3;17060,1;13754,8;9144,6;16255,5;15944,3;17280,3;7739,9;7788,1;10393,0;6699,5;32639,3;20899,6;22703,3;17670,9;38158,1;12428,9;11941,2;5971,1;6072,9;17906,0;0,0;6298,3;18808,6;27958,9;18218,6;11340,0;35305,8;35431,7;25294,8;26472,0;35068,5;17834,8;28946,6;30067,1;9490,9;20663,7;16160,8;17791,6;24528,9;38310,1;33965,7;34595,2;20198,2;8265,2;23592,6;7922,0;34017,9;30627,9;18250,0;31559,5;19704,6;10054,5;28799,8;29663,0;33373,4;37064,7;14383,2;22610,5;26390,7;31066,7;7985,7;13867,6;26276,6;11633,8;17106,4;7675,7;8083,5;14336,2;23227,5;22947,5;8661,9;35451,9;37882,1;;4586,9;22795,6;5765,0;17319,8;29931,2;9637,1;7899,0;14653,8;10479,5;31174,8;28677,6;31837,6;22440,5;18781,5;7190,2;26661,7;18225,9;37020,9;12281,0;34635,2;16127,8;9735,7;16868,7;42054,7;23323,1;13420,3;8876,8;7716,6;18992,7;8311,2;15952,5;17798,8;1555,5;12822,0;32918,6;18252,8;11087,3;33527,6;20818,8;9866,8;33745,1;8895,2;32233,7;12274,8;8848,7;9492,3;15662,5;10307,4;16888,0;10233,3;21080,9;21441,6;15433,2;37134,9;22331,2;26638,7;7300,8;4881,2;;8180,8;15552,3;13781,2;22348,1;25476,9;25321,7;;17004,1;14588,3;5975,0;8010,8;10548,4
Jaicós;9513,6;14043,7;14435,9;6307,2;5027,7;19908,0;20089,9;23550,0;15237,9;14978,0;21433,2;20917,2;10016,1;5007,5;12023,9;18731,2;37342,4;34978,5;11933,2;27275,6;37603,5;13681,8;28334,2;9953,9;2978,6;20261,6;19886,9;8868,9;25185,2;4877,4;36956,3;32626,9;21304,0;23651,7;25736,0;18369,9;32398,7;19387,0;25064,9;10259,1;35378,5;5612,9;8049,6;12846,9;4106,8;30138,7;22108,1;16926,1;18628,5;24984,4;17347,7;23971,2;32968,3;7899,9;17854,4;33273,2;29267,2;23358,2;31254,3;21510,1;23136,4;10501,3;8497,4;23166,4;38234,9;40860,0;25721,7;36122,8;31056,5;11452,8;17530,4;18515,8;22467,6;5366,8;;27929,2;13578,0;22780,2;30919,6;21637,1;18103,2;8974,5;12817,1;12421,6;13757,6;4877,8;4766,4;7530,9;3176,8;36178,1;17461,3;27280,3;14148,2;34635,4;8906,2;8418,5;7970,1;4878,2;19413,0;6298,1;0,0;15285,9;24436,2;14780,2;15916,9;31783,1;31909,0;21772,1;22949,2;38607,3;22411,8;25423,9;26544,4;13147,6;17141,0;12638,1;14268,9;21090,5;34787,4;30443,0;31072,5;23737,1;5403,1;20154,3;5782,7;30495,2;27105,2;14727,3;28036,7;16181,9;6833,6;32338,6;34240,0;29850,7;33542,0;10944,9;19087,8;22868,0;27544,0;14017,2;10344,9;22753,9;10003,2;13583,7;4813,6;12431,9;18803,2;26766,3;19424,8;5139,2;38990,8;34359,4;;5829,2;19272,9;9421,8;21896,8;26408,5;14214,0;4376,3;11432,9;7258,6;27652,0;25154,9;28314,9;19002,1;15258,8;10847,0;30200,6;14703,2;40559,8;16629,4;31466,6;20046,5;6213,0;13346,0;38886,0;26862,0;9897,6;5354,1;4193,9;15470,0;9415,1;20529,5;14276,1;7805,3;9383,7;36457,4;14730,0;7564,6;30004,9;17296,1;6344,1;30222,4;13472,2;28711,0;14523,7;5326,0;6630,2;20239,4;6784,7;13365,3;12482,2;17558,2;17918,9;20010,2;40673,8;19162,5;23116,0;7398,7;9333,4;;4658,1;20129,2;10258,5;18825,4;21954,2;22153,0;;21581,1;11065,6;5663,7;5148,7;7025,7
Jardim do Mulato;22033,9;3696,0;2988,4;16550,1;15270,6;11730,3;10188,7;17071,0;3113,2;1589,7;23693,1;14438,3;8803,3;13488,5;6136,2;18743,1;31234,9;28499,5;7017,7;17374,4;31124,5;4439,2;18433,0;15425,4;15139,7;12484,9;13407,9;21389,3;15284,0;13618,2;30477,3;22725,8;23818,9;13750,5;15834,8;16123,8;22497,5;19399,0;15163,7;7893,3;25477,3;16749,2;16075,1;21611,2;14488,8;20237,5;12207,0;10447,1;14288,7;15083,3;24451,9;26231,1;23067,2;20016,9;17651,3;23372,0;19366,0;13457,0;21353,2;11608,9;16657,4;11828,3;17671,8;25681,3;31756,0;34381,1;19242,8;29643,8;24577,5;23061,9;7629,2;8614,6;24982,5;11317,0;;18028,0;9155,3;16588,5;21018,4;24151,9;14160,1;14552,2;4552,5;5623,6;5122,4;15604,6;14055,9;17773,8;12931,1;29699,2;10982,3;29540,2;2768,6;24734,2;11793,0;11310,8;16598,4;15160,3;14225,2;18818,5;15296,0;0,0;14542,6;8301,3;21388,4;21881,9;22007,8;11870,9;18376,9;32128,3;24671,7;15522,7;16643,2;25668,0;7239,8;12650,1;3505,9;14611,5;24886,2;20541,8;21171,3;17258,1;16539,3;13675,3;18053,0;20594,0;17204,0;4786,5;18925,3;6280,7;15825,6;25859,7;32181,5;19949,6;23640,8;7573,6;9086,2;12966,8;17642,8;19488,7;9450,1;15868,0;11330,3;3998,4;16974,7;15547,4;14463,4;20287,3;6635,6;11465,5;32511,8;24458,2;;18155,4;9371,7;21942,1;15490,1;17114,6;17616,2;12726,6;19970,2;16250,6;17750,9;15253,8;18413,7;12523,1;7890,9;23367,3;23721,6;3026,1;34080,8;14762,8;24987,6;13567,5;11280,9;8307,1;32407,1;20383,0;8334,5;13691,9;13186,0;2467,9;13224,5;22789,3;7431,0;18764,5;7583,1;29978,5;2974,9;14228,5;20103,7;12662,3;9017,9;20321,2;18943,6;18809,8;12269,4;12494,4;16873,1;22754,3;15525,5;5997,4;12537,8;17570,2;6641,8;22525,1;34194,8;12683,6;16114,9;19515,7;14843,2;;13337,0;17495,8;5266,0;8924,2;12053,0;15674,1;;24095,9;6035,2;15945,9;15391,6;12042,6
Jatobá do Piauí;31188,0;11004,0;12434,9;25704,2;24424,7;9029,5;4705,9;29556,0;15598,2;13127,0;36178,1;26923,3;16614,5;22642,6;18712,6;13196,5;43719,9;40984,6;18304,6;9417,4;43609,5;11496,3;9362,8;27758,6;24293,8;9798,8;25892,9;30543,3;5974,1;22648,1;42962,3;13415,8;36303,9;4440,6;6524,9;28608,8;13187,6;10007,8;7206,8;20469,8;16167,4;25903,3;27485,8;33944,4;23642,8;12280,6;3761,2;22932,1;26773,7;3098,0;36785,1;38716,1;13757,2;29171,0;6622,2;14062,1;10056,1;4147,1;12043,2;4825,6;29142,4;24161,5;29945,3;38166,3;44240,9;46866,0;31727,8;42128,8;37062,5;32216,0;11433,0;8086,5;37467,5;20471,0;;8718,1;17940,9;29073,5;11948,3;36636,9;26645,0;25331,1;17037,5;17680,4;17607,3;24758,7;23209,9;26927,9;22085,2;42184,1;23467,3;42025,2;13356,4;15424,3;19512,9;20982,8;27406,2;24314,4;26710,2;27972,5;24450,0;14631,7;0,0;20786,3;33721,6;12811,8;12937,7;7623,0;4771,0;44613,3;37156,6;9146,4;7333,3;34822,0;10087,4;18459,9;11411,1;27096,5;15576,3;13325,9;13039,8;29743,1;25693,4;26160,3;27207,1;14058,6;12420,7;11305,3;9615,4;10005,5;24375,0;38344,7;44666,5;11125,8;14330,9;20058,5;9862,1;3656,9;11620,1;31821,9;17993,0;7362,1;23663,5;11055,6;26128,8;28032,4;26948,4;32772,3;12088,7;20619,6;44996,8;15148,3;;27309,4;8843,6;31096,2;27975,0;7804,6;30101,2;21880,7;21197,4;22355,0;8440,9;5943,8;11472,6;25008,1;12276,8;32521,4;36206,6;15755,9;46565,8;27247,8;37472,6;26052,5;20840,9;15448,8;44892,1;32868,0;20911,0;21550,2;22340,0;13437,6;24043,0;35274,3;14938,8;29479,7;20068,0;42463,5;12700,4;21948,4;10793,8;10958,7;20233,3;11565,1;31276,8;9499,9;24754,4;20214,3;26027,2;35239,3;22991,8;13505,2;25022,8;10098,4;13159,9;35010,1;46679,8;25168,6;2509,0;28669,7;27176,4;;21633,7;29980,8;17778,2;7559,3;10000,5;28159,1;;36580,9;17322,2;25099,9;24545,7;21653,6
Jerumenha;21519,4;9851,7;9144,2;16035,6;14756,0;17886,0;16344,5;8769,8;6639,8;7745,5;19992,5;6137,0;14238,9;12974,0;6767,7;22953,9;22933,7;20198,3;12581,8;23530,2;22823,3;10594,9;24588,8;14213,2;14625,1;18640,7;5106,7;20874,7;21439,8;13103,6;22176,1;28881,5;20118,3;19906,3;21990,6;12423,2;28653,3;23609,8;21319,5;8524,8;31633,1;16234,6;14862,9;19233,5;13974,2;26393,3;18362,7;2145,8;10588,1;21239,0;22074,2;22530,5;29222,9;19502,3;22077,1;29527,8;25521,8;19612,8;27509,0;17764,7;8356,2;10616,1;16459,5;21980,7;23454,7;26079,8;10941,5;21342,6;16276,3;22547,4;13785,0;14770,4;21281,9;10802,4;;24183,8;14940,5;8287,2;27174,2;20451,3;10459,4;13340,0;4219,1;11408,9;5662,4;15090,1;13541,3;17259,3;12416,6;21397,9;2681,1;22056,5;9837,5;30890,0;13128,9;10796,2;15386,2;14645,8;10524,6;18210,0;14781,4;8302,5;20698,4;0,0;18686,8;28037,7;28163,6;18026,7;24532,6;23827,1;20971,0;21678,5;22799,0;24771,1;13395,6;16860,8;9661,7;6310,3;31042,0;26697,6;27327,1;8956,9;16024,8;5374,1;17538,5;26749,8;23359,8;10942,3;25081,1;12436,5;15311,0;17558,4;23880,3;26105,3;29796,6;5449,2;13407,1;19122,6;23798,6;18276,5;14567,6;22023,8;9509,2;10154,2;16460,2;13423,0;10762,8;11986,1;10956,5;10951,0;24210,5;30614,0;;17640,8;15527,5;21427,6;11789,4;23270,3;15491,9;12212,0;19910,4;15736,1;23906,6;21409,5;24569,5;4221,9;14215,0;22636,2;15420,4;8811,4;25779,6;12414,9;16686,3;9866,9;10671,2;14631,2;24105,8;12081,8;8966,0;13177,3;12671,4;8623,7;12012,2;19088,7;13755,1;17552,3;5458,7;21677,2;9130,7;15489,3;26259,5;18986,4;8503,3;26477,0;15862,8;24965,6;10145,0;13490,5;16358,5;19053,7;15011,0;12321,5;10413,5;21780,9;12797,5;18824,5;25893,5;4382,3;22270,6;19001,1;13631,0;;12822,5;13795,2;10830,1;15080,0;18208,8;7372,9;;20395,3;11599,4;15431,3;14877,1;11432,9
João Costa;12260,3;23197,0;22489,4;18446,8;17167,3;29117,4;29299,3;14208,3;20658,5;21090,7;9089,3;21797,5;19538,3;14969,6;18136,6;28253,4;24998,5;31677,6;18160,8;36484,9;28261,8;22891,1;37543,5;7305,7;15918,8;29471,0;14385,0;15616,3;34394,6;15766,1;28103,8;41836,3;8960,1;32861,1;34945,4;7990,1;41608,1;28909,2;34274,3;16371,8;44587,9;18553,2;8201,4;6089,9;16385,5;39348,1;31317,5;18916,2;8358,6;34193,8;8930,7;11627,3;42177,7;18957,1;27376,6;42482,6;38476,6;32567,5;40463,7;30719,5;13794,7;12816,0;9580,7;10822,5;28893,2;31518,3;16380,1;26685,1;22359,8;18200,2;26739,8;27725,2;10123,7;16101,9;;37138,6;21718,1;12400,4;40129,0;9293,1;10587,4;11126,8;18237,7;18534,3;19681,0;17501,3;15952,5;19670,5;13817,9;26836,5;21360,8;14936,4;23182,8;43844,8;18428,4;16095,7;8724,7;11838,7;14238,8;11331,2;15905,1;21398,6;33653,2;18679,7;0,0;40992,5;41118,4;30981,5;32471,5;28586,5;10067,8;34633,3;35753,8;11627,5;26350,4;22160,3;23006,9;20564,3;43996,8;39652,4;40281,9;14395,4;18343,3;22428,2;18000,1;39704,6;36314,6;23936,7;37558,9;25391,3;17722,3;22997,0;21896,0;39060,1;42751,4;16365,5;27425,8;32077,4;36753,4;10569,1;19867,0;32276,1;13616,0;22793,1;17753,8;7283,8;8533,4;17424,6;24975,1;15178,3;29575,5;43568,8;;11772,4;28482,3;16169,2;11517,0;35930,8;5852,3;15265,0;22321,6;18147,3;36861,4;34364,3;37524,3;21276,0;24468,2;9492,7;20858,9;20815,9;31218,1;10026,7;28832,4;10952,0;13680,0;22868,2;36251,8;17520,3;16010,3;16242,8;15082,7;21969,0;10293,4;8185,5;23716,6;10673,4;14804,3;27115,8;22476,0;18453,3;39214,3;26818,3;13802,8;39431,7;2987,4;37920,4;12425,2;16214,8;18769,8;7895,4;17673,5;22574,7;10383,6;27080,4;26142,8;7666,2;31332,1;16528,3;32638,2;18583,7;6893,5;;15546,8;9435,3;16371,2;28034,8;31163,6;19518,9;;9237,1;17178,3;10255,4;17288,3;12715,8
Joaquim Pires;38727,5;18452,2;19883,1;33243,7;31964,2;16787,4;12463,7;37004,2;23046,5;20575,2;43626,3;34371,5;24062,8;30182,1;26160,9;23040,9;51168,1;48432,8;25752,8;8021,3;51057,8;18944,6;4182,3;35206,8;31833,3;17556,6;33341,1;38082,9;7666,6;30187,7;50410,6;7781,9;43752,2;9414,6;8046,7;36057,1;6373,2;19852,1;8415,1;27918,0;9710,2;33442,8;35025,3;41392,6;31182,4;5870,4;11519,1;30380,3;34221,9;10203,4;44233,3;46164,3;6080,7;36710,5;16466,5;4372,4;7895,0;9957,2;8454,5;12583,5;36590,7;31609,7;37453,2;45614,5;51689,2;54314,3;39176,0;49577,1;44510,7;39755,5;18592,4;15534,7;44915,7;28010,6;;10610,0;25389,1;36521,7;863,5;44085,2;34093,3;32870,7;24485,7;25128,7;25055,6;32298,2;30749,5;34467,4;29624,7;49632,4;30915,5;49473,4;20804,6;8133,5;27052,5;28522,4;34945,8;31853,9;34158,4;35512,1;31989,5;22079,9;12991,5;28234,5;41169,8;0,0;4234,8;11393,7;14403,1;52061,6;44604,9;10648,6;9261,6;42361,6;17535,6;27909,5;18859,3;34544,8;9262,7;5588,9;5223,1;37191,4;33232,9;33608,5;34746,6;7741,3;9810,6;18753,6;11898,3;17453,8;32519,2;45792,9;52114,8;4609,7;4496,5;27506,8;16579,7;10233,4;8375,9;39270,1;25441,2;17194,1;31111,7;18503,9;33668,3;35480,6;34396,6;40220,6;18806,2;28159,1;52445,0;7857,6;;34849,0;16291,8;38635,7;35423,3;10087,6;37549,5;29420,2;31041,7;31976,6;6869,3;8226,8;7240,4;32456,4;20034,7;40060,9;43654,8;23204,1;54014,0;34696,1;44920,8;33500,7;28380,4;23206,6;52340,3;40316,2;28359,2;29089,7;29879,6;20885,9;31582,5;42722,5;22387,1;37019,3;27516,3;49911,7;20148,6;29488,0;12167,9;18716,6;27772,9;4776,1;38725,1;5728,2;32202,6;27753,8;33566,7;42687,5;31039,5;20953,5;32471,0;19942,7;20394,5;42458,3;54128,0;32616,8;14807,5;36209,2;34624,7;;29173,2;37429,0;25226,5;14027,3;14038,6;35607,3;;44029,2;24770,4;32639,5;32085,2;29193,1
Joca Marques;38756,4;18481,1;19911,9;33272,6;31993,0;16816,2;12492,5;37033,1;23075,3;20604,1;43655,2;34400,4;24091,6;30211,0;26189,7;23069,7;51197,0;48461,6;25781,7;7745,1;51086,6;18973,4;4211,1;35235,7;31862,2;17585,5;33370,0;38111,7;7695,4;30216,5;50439,4;8133,1;43781,0;9443,5;8075,5;36085,9;6724,4;19881,0;8444,0;27946,8;10061,5;33471,7;35054,2;41421,4;31211,2;4726,9;11547,9;30409,2;34250,8;10232,3;44262,2;46193,2;7480,0;36739,3;16495,3;4723,6;8246,2;9986,0;8805,7;12612,3;36619,5;31638,6;37482,1;45643,4;51718,0;54343,1;39204,8;49605,9;44539,6;39784,4;18621,3;15563,5;44944,6;28039,4;;10638,8;25417,9;36550,5;3369,3;44114,0;34122,1;32899,5;24514,6;25157,5;25084,4;32327,1;30778,3;34496,3;29653,6;49661,2;30944,4;49502,2;20833,4;8484,7;27081,3;28551,2;34974,6;31882,8;34187,2;35540,9;32018,4;22108,8;13020,3;28263,3;41198,7;4232,7;0,0;11422,6;14431,9;52090,4;44633,7;9861,3;9290,4;42390,4;17564,4;27938,3;18888,2;34573,6;9613,9;2165,8;1334,4;37220,2;33261,8;33637,4;34775,5;4318,2;6523,8;18782,4;11927,2;17482,6;32548,0;45821,7;52143,6;3604,0;4847,7;27535,6;16608,5;10262,2;6767,4;39298,9;25470,0;17222,9;31140,6;18532,7;33697,2;35509,4;34425,5;40249,4;18835,1;28188,0;52473,9;8208,8;;34877,8;16320,6;38664,6;35452,1;10116,4;37578,3;29449,0;31070,6;32005,4;6898,1;8255,6;4200,2;32485,2;20063,5;40089,8;43683,7;23233,0;54042,9;34724,9;44949,7;33529,6;28409,2;23235,5;52369,1;40345,1;28388,0;29118,5;29908,4;20914,7;31611,4;42751,4;22415,9;37048,1;27545,1;49940,5;20177,5;29516,8;12490,7;18745,4;27801,7;3271,2;38753,9;8469,5;32231,5;27782,7;33595,5;42716,3;31068,3;20982,3;32499,9;19971,6;20423,4;42487,1;54156,9;32645,7;14836,3;36238,1;34653,5;;29202,1;37457,9;25255,3;13873,9;10751,7;35636,2;;44058,0;24799,2;32668,3;32114,1;29222,0
José de Freitas;28629,7;8354,5;9785,3;23145,9;21866,4;6791,2;3251,1;26906,5;12948,7;10477,4;33528,5;24273,7;13965,0;20084,3;16063,1;17288,0;41070,3;38335,0;15655,0;6790,2;40960,0;8846,8;7848,8;25109,0;21735,5;7560,5;23243,3;27985,1;6404,2;20089,9;40312,8;15143,3;33654,3;6759,5;8897,1;25959,3;14915,0;14099,2;4579,5;17820,2;17894,9;23345,0;24927,5;31294,8;21084,6;9653,3;5269,3;20282,5;24124,1;8145,6;34135,5;36066,5;15273,4;26612,7;10713,6;13390,2;11783,6;6519,3;13770,7;4671,3;26492,9;21511,9;27355,4;35516,7;41591,4;44216,5;29078,2;39479,3;34412,9;29657,7;8494,6;5436,9;34817,9;17912,8;;11090,4;15291,3;26423,9;10434,3;33987,4;23995,5;22772,9;14387,9;15030,9;14957,8;22200,4;20651,7;24369,6;19526,9;39534,6;20817,7;39375,6;10706,8;17151,3;16954,7;18424,5;24848,0;21756,1;24060,6;25414,3;21891,7;11982,1;7604,9;18136,7;31072,0;11297,7;11423,7;0,0;11439,2;41963,8;34507,1;5109,6;9705,6;32263,8;7437,8;17811,7;8761,5;24447,0;17303,8;11333,5;11525,8;27093,5;23135,1;23510,7;24648,8;11385,7;7995,8;8655,8;11987,7;7356,0;22421,4;35695,1;42016,9;9365,4;13514,3;17409,0;6481,9;6029,2;7432,4;29172,3;15343,4;8947,6;21013,9;8406,1;23570,5;25382,8;24298,8;30122,8;8708,5;18061,3;42347,2;16875,4;;24751,2;6194,0;28537,9;25325,5;10176,9;27451,7;19322,4;25131,8;22846,4;9316,5;8316,1;8845,3;22358,6;10038,6;29963,1;33557,0;13106,3;43916,2;24598,3;34823,0;23402,9;18282,6;13165,4;42242,5;30218,5;18261,4;18991,9;19781,8;10788,1;21484,8;32624,7;12289,3;26921,5;17418,5;39813,9;10050,8;19390,2;13166,0;9120,7;17675,1;9737,0;28627,3;10887,9;22104,8;17656,0;23468,9;32589,7;20941,7;10855,7;22373,2;14189,9;10296,7;32360,5;44030,2;22519,0;9177,2;26111,4;24526,9;;19075,4;27331,2;15128,7;3929,5;4652,0;25509,5;;33931,4;14672,6;22541,7;21987,4;19095,3
Juazeiro do Piauí;29695,8;14833,6;16264,5;24212,0;22932,5;12859,1;8535,5;33385,6;19427,9;16956,6;37974,7;30752,9;16212,8;21150,4;22542,3;11704,3;47549,5;44814,2;18202,0;12978,3;47439,2;15326,0;10770,8;26495,3;22801,6;13628,4;29722,5;29051,2;9964,1;21155,9;46792,0;14823,8;37845,5;8519,1;7932,8;32438,5;14595,5;8515,6;11036,4;22656,1;17575,3;24411,1;25993,6;32681,1;22150,6;13794,5;6928,8;26761,7;30603,3;7869,5;35521,9;40512,7;15165,2;27678,8;5130,0;15470,0;11464,0;8225,6;13451,2;8655,3;32972,1;22898,3;28453,1;39707,9;48070,6;50695,7;35557,4;45958,5;40892,1;30723,8;15262,6;11916,1;39009,1;18978,8;;8024,2;19846,8;32903,1;13356,2;38178,5;30474,7;23838,9;20867,1;20336,5;21437,0;23266,5;21717,7;25435,7;20593,0;46013,8;27296,9;43821,7;17186,0;16832,2;18020,7;19490,6;25914,0;22822,2;30539,8;26480,3;22957,8;18461,3;4771,5;24615,9;32458,3;14219,7;14345,6;11452,6;0,0;48443,0;38953,2;12976,1;6201,2;33329,8;13917,0;16967,7;15240,8;30926,2;16984,2;14733,8;14447,8;33572,8;24201,2;29989,9;25714,9;16727,0;15981,6;15135,0;5973,4;13835,2;22882,8;42174,3;48496,2;12533,8;15738,8;23341,9;13691,8;7735,4;15181,0;30558,6;16613,6;6655,9;22400,2;14885,3;24636,6;27317,6;30778,0;36602,0;15918,3;19127,4;48826,4;16556,2;;25817,2;12673,2;29604,0;31804,7;4345,2;29386,5;20388,5;19705,2;20862,8;9848,9;6255,3;15033,5;28837,8;16106,5;31029,2;40036,2;19585,5;50395,4;29414,2;41302,2;29882,1;19348,7;14303,3;48721,7;36697,6;22294,6;20058,0;20847,8;17267,3;22550,8;37070,9;15233,4;27987,5;21780,7;46293,1;16530,0;20456,2;11026,5;9813,2;18741,1;12973,0;30013,6;10907,9;26920,7;18722,1;24535,0;36780,8;21499,6;16737,2;24879,2;8606,2;16989,5;36551,6;50509,4;28998,2;2730,1;27177,5;25913,2;;20141,5;33810,4;19863,8;11388,9;13830,1;31988,7;;38122,5;18636,7;23607,7;23053,5;20161,4
Júlio Borges;36045,4;33703,9;32996,3;39887,7;38608,2;41738,2;40196,7;15075,9;30492,0;31597,6;19796,5;26465,1;38091,0;36826,1;30619,8;46806,0;4020,9;27889,7;36433,9;47382,3;16393,0;34447,1;48440,9;31090,8;38477,3;42492,8;19052,6;39401,4;45291,9;36955,8;18132,2;52733,7;20842,9;43758,4;45842,7;23064,8;52505,4;47461,9;45171,6;32376,9;55485,2;40086,8;31986,5;29875,0;37826,4;50245,4;42214,9;23583,7;22126,9;45091,2;32715,8;17369,8;53075,1;42742,2;45929,3;53379,9;49374,0;43464,9;51361,1;41616,8;16856,1;34468,2;33365,8;27339,7;11243,2;13391,3;13674,2;2790,3;15239,4;41985,3;37637,1;38622,6;23888,5;34654,6;;48036,0;38792,7;18490,7;51026,4;22061,7;24355,7;34911,9;28071,2;35261,0;29514,5;38942,2;37393,4;41111,4;36268,7;14967,6;26282,2;17713,7;33689,7;54742,1;36981,1;34648,4;32509,8;35623,8;28007,1;35116,3;38633,5;32154,6;44550,5;23852,2;28616,0;51889,8;52015,8;41878,8;48384,8;0,0;18537,6;45530,7;46651,2;34657,8;37247,8;40712,9;33513,8;25231,9;54894,1;50549,8;51179,3;17092,4;39876,9;27095,7;41390,6;50601,9;47212,0;34794,5;48933,2;36288,7;39163,2;11128,1;6698,2;49957,5;53648,7;29301,3;37259,3;42974,8;47650,8;34354,2;38419,7;45875,9;33361,3;34006,4;40312,3;28955,2;22301,7;13771,6;34808,6;34803,1;7839,4;54466,2;;35557,5;39379,7;39954,3;24491,0;47122,5;29637,4;36064,2;43762,5;39588,2;47758,8;45261,7;48421,7;25943,6;38067,2;33277,8;8990,0;32663,5;11048,7;26214,8;29783,2;24720,3;34523,4;38483,3;30656,7;12934,8;32818,1;37029,5;36523,6;32475,9;34078,5;20420,2;37607,2;34458,5;29310,8;12263,8;32982,9;39341,4;50111,6;42838,6;32355,5;50329,1;26504,3;48817,8;28476,6;37342,6;40210,7;23206,2;38863,1;36173,6;30615,3;45633,1;36649,7;21951,4;10977,8;21195,9;46122,8;42368,8;30678,6;;36674,6;24436,7;34682,3;38932,2;42061,0;24186,4;;22117,7;35451,5;34040,5;38729,2;35285,1
Jurema;18759,4;26236,9;25529,3;24945,9;23666,4;34271,2;32729,7;15775,6;23025,0;24130,6;1258,9;24140,8;26037,4;21468,8;23152,8;34752,5;14930,6;28724,3;24659,9;39915,3;24376,0;26980,1;40973,9;13804,8;22417,9;35025,8;16728,3;22115,4;37824,9;22265,2;24218,0;45266,7;2305,3;36291,4;38375,7;11103,6;45038,4;35408,3;37704,6;22871,0;48018,3;25052,3;14700,5;12589,0;22884,6;42778,4;34747,9;21259,5;10701,9;37624,2;15429,8;1559,4;45608,1;25456,2;33875,7;45912,9;41907,0;35997,9;43894,1;34149,8;16138,0;19315,1;16079,8;8802,1;22911,5;25059,5;14373,9;16617,3;18474,0;24699,3;30170,1;31155,6;6333,4;22601,0;;40569,0;28217,2;14743,7;43559,4;4506,7;12930,7;17625,9;20604,2;25033,4;22047,5;24000,5;22451,7;26169,7;20317,0;22950,6;23704,0;4868,5;26222,7;47275,1;24927,5;22594,8;15223,8;18337,8;16582,1;17830,3;22404,2;24687,6;37083,5;21023,0;10078,4;44422,8;44548,8;34411,8;38970,6;18518,7;0,0;38063,7;39184,2;17707,9;29780,8;28659,4;26046,8;22907,6;47427,1;43082,8;43712,3;16738,7;24842,4;24771,5;24499,3;43134,9;39745,0;27327,5;41466,2;28821,7;24221,4;19111,1;11828,2;42490,5;46181,7;21834,3;29792,3;35507,8;40183,8;17068,2;26366,2;38409,0;20115,2;26539,4;24252,9;13782,9;10876,7;14471,3;27341,6;21677,4;19507,7;46999,2;;18271,5;31912,7;22668,3;13860,3;39655,5;12351,4;21764,1;28820,7;24646,5;40291,8;37794,7;40954,7;23619,3;30600,2;15991,8;16973,0;25196,5;22717,0;14789,9;31175,7;13295,3;20179,2;29367,3;34957,8;12464,5;22509,5;22742,0;21581,8;25008,9;16792,5;1882,7;30140,2;17172,5;21303,4;23229,9;25515,9;24952,5;42644,6;33317,4;20301,9;42862,1;9486,5;41350,8;17051,6;22713,9;25268,9;4910,4;24172,6;28706,6;16882,8;33579,5;29182,7;4022,9;22646,1;18871,6;38655,8;25082,8;13392,6;;22046,0;9313,8;22870,3;31465,2;34594,0;21862,1;;4562,7;23677,5;16754,5;23787,5;19215,0
Lagoa Alegre;32267,4;11992,1;13422,9;26783,5;25504,0;11795,6;7677,3;30544,1;16586,3;14115,0;37166,1;27911,3;17602,6;23722,0;19700,7;18824,3;44708,0;41972,6;19292,7;3563,0;44597,6;12484,4;7136,5;28746,7;25373,1;12564,9;26881,0;31622,7;6365,1;23727,5;43950,4;14431,0;37292,0;6977,6;9169,6;29596,9;14202,8;15635,5;2575,5;21457,8;17182,6;26982,6;28565,2;34932,4;24722,2;8063,5;6848,0;23920,1;27761,7;9681,9;37773,2;39704,1;14561,1;30250,3;12250,0;12677,9;11071,3;8055,6;13058,4;7912,4;30130,5;25149,6;30993,0;39154,4;45229,0;47854,1;32715,8;43116,9;38050,6;33295,3;12132,2;9074,5;38455,6;21550,4;;11470,9;18928,9;30061,5;9722,0;37625,0;27633,1;26410,5;18025,5;18668,5;18595,4;25838,1;24289,3;28007,3;23164,5;43172,2;24455,3;43013,2;14344,4;16439,0;20592,3;22062,2;28485,6;25393,7;27698,2;29051,9;25529,4;15619,8;9141,2;21774,3;34709,7;10585,5;9870,3;5126,2;12975,5;45601,4;38144,7;0,0;10122,5;35901,4;11075,4;21449,3;12399,2;28084,6;16591,5;8200,1;8829,6;30731,2;26772,8;27148,3;28286,5;8252,3;4862,3;12293,4;12570,2;10993,6;26059,0;39332,7;45654,6;7775,6;12802,0;21046,6;10119,5;7565,5;4299,0;32809,9;18981,0;12977,5;24651,5;12043,7;27208,2;29020,4;27936,5;33760,4;12346,1;21699,0;45984,8;16163,1;;28388,8;9831,6;32175,5;28963,1;10759,4;31089,3;22960,0;26825,2;26484,1;8604,3;8898,6;6072,0;25996,2;15043,0;33600,7;37194,7;16743,9;47553,9;28235,9;38460,6;27040,6;21920,2;16803,0;45880,1;33856,1;21899,0;22629,5;23419,4;14425,7;25122,4;36262,4;15926,9;30559,1;21056,1;43451,5;13688,5;23027,8;13546,5;14045,5;21312,7;8147,2;32264,9;10175,6;25742,4;21293,7;27106,5;36227,3;24579,3;14493,3;26010,9;15726,2;13934,4;35998,1;47667,8;26156,6;10713,5;29749,1;28164,5;;22713,1;30968,8;18766,3;7567,2;5115,7;29147,1;;37569,0;18310,2;26179,3;25625,0;22733,0
Lagoa de São Francisco;33390,9;13115,6;14546,4;27907,0;26627,5;11141,1;6817,4;31667,6;17709,8;15238,5;38289,6;29034,8;18726,1;24845,5;20824,2;17023,2;45831,5;43096,1;20416,2;8018,1;45721,1;13607,9;5647,9;29870,1;26496,6;11910,4;28004,5;32746,2;5003,9;24851,0;45073,9;9608,2;38415,5;5050,2;2717,2;30720,4;9379,9;13834,4;7909,1;22581,3;12359,8;28106,1;29688,7;36055,9;25845,7;8671,6;5872,8;25043,6;28885,2;4557,1;38896,7;40827,6;9949,6;31373,8;10448,8;10254,4;6248,5;4310,9;8235,6;6937,2;31254,0;26273,1;32116,5;40277,9;46352,5;48977,6;33839,3;44240,4;39174,1;34418,8;13544,5;10198,0;39579,0;22673,9;;4643,7;20052,4;31185,0;8233,4;38748,5;28756,6;27534,0;19149,0;19792,0;19718,9;26961,6;25412,8;29130,8;24288,0;44295,7;25578,8;44136,7;15467,9;11616,6;21715,8;23185,7;29609,1;26517,2;28821,7;30175,4;26652,9;16743,3;7345,2;22897,8;35833,2;9096,8;9222,8;9734,6;6204,8;46724,9;39268,2;10142,6;0,0;37024,9;12198,9;22286,5;13522,7;29208,1;11768,6;9610,9;9324,9;31854,7;27896,2;28271,8;29410,0;11604,1;11021,4;13416,9;3700,0;12117,1;25798,3;40456,2;46778,1;7410,9;10523,2;22170,1;11973,7;4587,1;10220,8;33933,4;20104,5;11547,8;25775,0;13167,2;28331,7;30143,9;29060,0;34883,9;14200,2;22822,5;47108,3;11340,7;;29512,3;10955,1;33299,1;30086,6;1889,3;32212,8;24083,5;22892,8;23778,3;4633,3;1555,2;10041,6;27119,7;14388,4;34724,2;38318,1;17867,4;48677,4;29359,4;39584,1;28164,1;23043,7;17560,4;47003,6;34979,6;23022,5;23753,0;24542,9;15549,2;26245,9;37385,8;17050,4;31682,6;22179,6;44575,0;14812,0;24151,3;6986,1;13070,3;22436,2;7850,2;33388,4;5692,3;26865,9;22417,2;28230,0;37350,8;25702,8;15616,8;27134,4;13925,0;15271,5;37121,6;48791,3;27280,1;8048,9;30872,6;29288,0;;23836,6;32092,3;19889,8;9670,9;12112,0;30270,6;;38692,5;19433,7;27302,8;26748,5;23856,5
Lagoa do Barro do Piauí;5847,5;24417,1;24809,4;16020,1;14740,5;30281,5;30463,4;20295,8;25611,3;25351,5;16756,8;27885,0;20389,6;15381,0;22397,4;29047,5;30751,6;37765,1;22306,7;37649,0;34349,3;24055,2;38707,6;12289,1;12691,4;30635,1;20472,5;9992,1;35558,6;15250,8;34191,3;43000,4;16161,1;34025,1;36109,4;14077,6;42772,1;29760,5;35438,3;20632,6;45752,0;15325,8;13574,1;5856,0;13819,6;40512,1;32481,6;25003,7;14446,1;35357,9;10356,9;19271,3;43341,8;14072,9;28227,8;43646,6;39640,7;33731,6;41627,8;31883,5;19882,2;18188,7;11265,5;12282,8;34980,7;37605,8;22467,5;32868,6;28447,3;12575,9;27903,8;28889,3;14100,6;15740,3;;38302,7;23951,5;18487,9;41293,1;15839,5;16674,9;16499,5;23190,5;22795,0;24131,0;14590,7;14638,9;17243,8;13550,3;32923,9;27448,2;22580,3;24521,7;45008,8;19279,6;18791,9;14097,4;12923,7;20326,3;9492,5;13149,0;25659,3;34809,7;24767,2;11624,6;42156,6;42282,5;32145,5;33322,7;34657,6;17711,8;35797,4;36917,9;0,0;27514,5;23011,5;24642,3;26651,8;45160,8;40816,5;41446,0;20482,9;15115,9;28515,7;14772,8;40868,6;37478,7;25100,7;38410,2;26555,4;16905,2;29084,4;29022,3;40224,2;43915,4;21318,3;29461,3;33241,5;37917,5;9916,0;20718,3;33127,4;18988,8;23957,2;14526,4;13034,9;14620,9;23512,1;29798,3;15512,6;35736,6;44732,9;;11437,6;29646,4;10544,9;17604,5;36782,0;11603,4;14749,7;21504,5;17330,2;38025,5;35528,4;38688,4;27363,5;25632,3;3079,9;26946,4;25076,7;37305,6;16114,2;34919,8;17039,5;16586,4;23719,5;42339,3;23607,8;20271,1;15727,5;14567,4;25843,4;15666,1;15853,0;24649,5;9675,7;19757,1;33203,2;25103,5;17938,0;40378,3;27669,6;16717,6;40595,8;9179,9;39084,5;18176,3;15699,5;16343,0;14805,7;17158,2;23738,7;16134,8;27931,6;28292,4;14867,2;37419,6;22615,8;33489,4;13884,9;12236,2;;15031,5;15836,9;20631,9;29198,9;32327,7;25606,3;;15895,5;21439,1;12825,8;14861,6;17399,2
Lagoa do Piauí;23877,5;3602,2;5033,0;18393,7;17114,2;7007,5;5634,4;22154,2;8196,4;5725,2;28776,3;19521,5;9212,7;15332,1;11310,8;19152,5;36318,1;33582,7;10902,8;12820,1;36207,7;4094,5;13878,7;20356,8;16983,2;7762,1;18491,1;23232,8;10729,7;15337,6;35560,5;18171,5;28902,1;9196,2;11280,5;21207,0;17943,2;16482,6;10609,4;13067,9;20923,0;18592,8;20175,3;26542,5;16332,3;15683,2;7652,7;15530,3;19371,9;10529,0;29383,3;31314,3;18512,9;21860,4;13097,0;18817,7;14811,8;8902,7;16798,9;7054,6;21740,6;16759,7;22603,2;30764,5;36839,1;39464,2;24325,9;34727,0;29660,7;24905,5;4031,2;4060,3;30065,7;13160,5;;13473,8;10539,0;21671,6;16464,2;29235,1;19243,2;18020,6;9635,7;10278,6;10205,5;17448,2;15899,4;19617,4;14774,7;34782,3;16065,5;34623,3;5954,5;20179,9;12202,4;13672,3;20095,7;17003,9;19308,4;20662,0;17139,5;7229,9;9988,3;13384,5;26319,8;17327,6;17453,6;7316,6;13822,6;37211,5;29754,8;10968,5;12089,0;27511,5;0,0;13059,4;4009,3;19694,7;20331,9;15987,5;16617,1;22341,3;18382,9;18758,5;19896,6;16039,7;12649,8;3903,5;14371,0;2603,7;17669,2;30942,8;37264,7;15395,3;19086,5;12656,7;5190,1;8412,6;13088,6;24420,0;10591,1;11313,8;16261,7;3653,8;18818,3;20630,5;19546,6;25370,5;7416,6;13309,1;37595,0;19904,0;;19998,9;4817,5;23785,7;20573,2;12560,3;22699,4;14570,1;20379,5;18094,2;13196,6;10699,5;13859,5;17606,3;7997,0;25210,9;28804,8;8354,1;39164,0;19846,0;30070,8;18650,7;13530,4;8413,1;37490,2;25466,2;13509,1;14239,7;15029,5;6035,8;16732,5;27872,5;7537,0;22169,2;12666,2;35061,7;5298,6;14637,9;15549,4;11486,8;12922,8;15766,9;23875,0;14255,6;17352,6;12903,8;18716,7;27837,5;16189,5;6103,4;17621,0;16573,2;5758,1;27608,2;39278,0;17766,8;11560,6;21359,2;19774,6;;14323,2;22579,0;10376,4;4370,0;7498,8;20757,3;;29179,1;9920,4;17789,4;17235,2;14343,1
Lagoa do Sítio;19393,8;9938,4;10330,6;13528,3;12376,0;15802,7;15984,6;25645,0;13906,6;11435,4;27672,7;23012,3;5910,8;10848,5;13432,3;12758,8;39808,9;37073,6;7900,0;23170,2;39698,6;9576,4;24228,8;16193,4;12499,6;16156,3;21981,9;18749,2;21079,9;8607,4;39051,4;28521,6;27543,5;19546,4;21630,7;24609,4;28293,4;13414,7;20959,6;12354,2;31273,2;13854,6;15691,7;22379,2;11594,2;26033,4;18002,8;19021,1;22862,7;20879,1;25219,9;30210,7;28863,0;17122,3;11882,0;29167,9;25161,9;19252,8;27149,0;17404,8;25231,5;12596,3;18151,2;29405,9;40330,0;42955,1;27816,8;38217,9;33151,5;20167,4;13425,1;14410,5;28707,1;8676,9;;23823,9;9544,9;25162,5;26814,3;27876,5;22379,2;13537,0;14912,1;10034,6;14892,9;12710,1;11161,3;14879,3;10291,0;38273,2;19556,3;33519,8;10042,9;30530,0;7718,8;9188,7;15612,1;12520,2;21508,1;16178,4;12655,9;12626,2;18463,9;16875,3;22156,4;27677,8;27803,7;17666,8;16976,9;40702,4;28651,3;21318,6;22292,2;23027,9;13035,7;0,0;10163,6;23185,6;30682,1;26337,7;26967,2;25832,2;13644,8;22249,3;15413,0;26389,9;22999,9;10622,0;22064,4;12076,6;11667,9;34433,7;40479,5;25745,4;29436,7;13040,0;14982,5;18762,7;23438,7;20256,7;6311,7;16781,6;12098,3;9478,4;14334,6;17015,7;23037,4;28861,4;17100,5;8825,5;41085,8;30254,1;;15515,3;15167,6;19302,0;24064,1;20436,2;19084,5;10086,5;13111,5;12092,9;23546,7;21049,6;24209,6;21097,2;11153,5;20727,2;32295,6;12940,4;42654,8;19112,2;33561,6;22141,5;9046,7;9240,7;40981,1;28957,0;11992,7;9504,7;9795,4;11364,7;12248,9;26768,9;10170,8;17685,6;11478,7;38552,5;10624,7;9518,2;25899,6;13190,8;8439,2;26117,0;19711,6;24605,7;16618,8;8168,8;13978,5;26478,9;8710,5;9260,0;14577,2;11585,8;13813,6;26249,7;42768,8;21257,6;17143,6;16621,1;15611,2;;9588,2;26069,8;9561,9;14720,1;17848,9;24248,1;;27820,5;8334,7;13305,8;12497,1;9859,5
Lagoinha do Piauí;21001,5;820,6;1309,0;15517,7;14238,2;8509,7;6968,1;18430,2;4472,4;2001,2;25052,3;15797,5;6336,8;12456,1;7586,8;16276,6;32594,1;29858,7;8026,8;14153,8;32483,7;1218,6;15212,4;17029,4;14107,3;9264,3;14767,1;20356,9;12063,4;12461,6;31836,5;19505,2;25178,1;10529,9;12614,2;17483,0;19276,9;16932,4;11943,1;9343,9;22256,7;15716,8;17299,3;23215,1;13456,4;17016,9;8986,4;11806,3;15647,9;11862,7;26055,9;27590,3;19846,6;18984,5;14430,7;20151,4;16145,5;10236,4;18132,6;8388,3;18016,6;13432,3;19275,7;27040,5;33115,1;35740,2;20601,9;31003,0;25936,7;22029,5;4408,6;5394,0;26341,7;10284,6;;14807,5;7663,1;17947,6;17797,8;25511,1;15519,2;15144,7;5911,7;7227,6;6481,5;14572,2;13023,5;16741,4;11898,7;31058,3;12341,5;30899,3;2230,5;21513,6;9326,5;10796,4;17219,8;14127,9;15584,4;17786,1;14263,5;3505,9;11322,0;9660,4;22992,4;18661,3;18787,3;8650,3;15156,3;33487,5;26030,8;12302,1;13422,6;24635,6;4019,2;10183,5;0,0;15970,7;21665,6;17321,2;17950,8;18617,3;15506,9;15034,5;17020,6;17373,4;13983,5;1605,5;15704,7;3060,1;14793,2;27218,8;33540,7;16729,0;20420,2;8932,7;5966,0;9746,2;14422,3;21092,6;7715,2;12647,4;12934,3;777,9;15942,3;16906,5;15822,6;21646,5;7962,6;10433,1;33871,0;21237,6;;17123,0;6151,1;20909,7;16849,2;13894,0;18975,4;11694,2;17503,6;15218,2;14530,3;12033,2;15193,1;13882,3;5121,0;22334,9;25080,8;4630,1;35440,0;16122,0;26346,8;14926,7;10654,4;5537,2;33766,2;21742,2;9785,1;11363,7;12153,6;2311,8;13856,5;24148,5;4661,1;19293,3;8942,2;31337,6;1574,6;11762,0;16883,1;9892,4;10046,9;17100,6;20547,6;15589,3;13628,5;10027,8;15840,7;24113,5;13313,5;3227,5;13897,0;15103,6;4475,1;23884,2;35554,0;14042,8;12894,3;18483,2;16447,2;;11447,2;18855,0;6870,0;5703,6;8832,4;17033,3;;25455,1;7044,4;14913,5;14359,2;11467,1
Landri Sales;27315,2;16185,9;15478,3;22369,7;21090,2;24220,2;22678,7;10145,2;12974,0;14079,6;21903,8;7236,7;20573,0;19308,1;13101,8;29288,0;24309,1;20344,4;18915,9;29864,3;24198,8;16929,1;30922,9;20547,3;20959,3;24974,8;6482,1;27208,9;27773,9;19437,8;22322,2;35215,7;22029,7;26240,5;28324,7;14334,6;34987,4;29943,9;27653,7;14858,9;37967,3;22568,8;21197,0;21144,9;20308,4;32727,4;24696,9;6065,7;13396,7;27573,2;23985,6;24441,8;35557,1;25836,5;28411,3;35861,9;31856,0;25946,9;33843,1;24098,8;9731,7;16950,2;22793,7;23892,0;24830,2;27455,3;12317,0;22718,1;16422,3;28881,5;20119,1;21104,6;23193,2;17136,6;;30518,0;21274,7;9662,7;33508,4;22362,7;15625,5;19674,2;10553,2;17743,0;11996,5;21424,2;19875,5;23593,5;18750,7;22773,4;8262,2;23432,0;16171,7;37224,1;19463,1;17130,4;21720,4;20979,9;16858,7;24544,2;21115,5;14636,7;27032,5;6334,2;20598,1;34371,9;34497,8;24360,8;30866,8;25202,6;22882,4;28012,7;29133,2;26682,4;19729,8;23195,0;15995,8;0,0;37376,1;33031,8;33661,3;10332,4;22358,9;6473,7;23872,6;33083,9;29694,0;17276,5;31415,2;18770,7;21645,2;18933,9;25255,7;32439,5;36130,7;11783,4;19741,3;25456,8;30132,8;24610,6;20901,8;28358,0;15843,4;16488,4;22794,3;19757,2;13571,5;13361,6;17290,6;17285,1;25586,0;36948,2;;23975,0;21861,7;27761,7;15760,8;29604,5;20907,2;18546,2;26244,5;22070,2;30240,8;27743,7;30903,7;5321,6;20549,2;24547,6;16795,8;15145,5;27155,0;17484,7;16832,4;15990,1;17005,4;20965,3;24251,9;13457,2;15300,1;19511,5;19005,6;14957,9;18346,4;21000,0;20089,2;23886,4;11792,9;23052,7;15464,9;21823,5;32593,6;25320,6;14837,5;32811,1;17774,1;31299,8;16479,2;19824,6;22692,7;20965,0;21345,1;18655,6;16747,6;28115,1;19131,7;20735,8;27269,0;4083,9;28604,8;25335,2;19965,2;;19156,7;15706,5;17164,3;21414,2;24543,0;7518,9;;22306,7;17933,5;21765,5;21211,2;17767,1
Luís Correia;41595,1;21319,8;22750,6;35240,0;34831,7;19345,3;15021,6;39871,8;25914,0;23442,8;46493,9;37239,1;26930,3;33049,7;29028,4;25598,8;54035,7;51300,3;28620,4;14417,8;53925,3;21812,1;11243,3;38074,4;34700,8;20114,6;36208,7;40950,4;12977,8;33055,2;53278,1;3107,6;46619,7;13254,4;9580,0;38924,6;3596,3;22410,0;14308,8;30785,5;591,2;36310,3;37892,9;44260,1;34049,9;12931,4;14077,0;33247,9;37089,4;12761,4;47100,9;49031,8;8113,1;39578,0;19024,4;5706,2;5602,3;12515,1;5410,1;15141,4;39458,2;34477,3;40320,7;48482,1;54556,7;57181,8;42043,5;52444,6;47378,3;42623,1;21748,8;18402,2;47783,3;30878,1;;12705,6;28256,6;39389,2;8477,5;46952,7;36960,8;35738,2;27353,3;27996,2;27923,1;35165,8;33617,0;36136,3;32492,3;52499,9;33783,1;52340,9;23672,1;2799,6;29920,0;31389,9;37813,3;34721,5;37025,9;38379,6;34857,1;24947,5;15549,4;31102,0;44037,4;9341,0;9646,0;17287,4;16961,0;54929,1;47472,4;16542,3;11734,7;45229,1;20403,1;30777,0;21726,9;37412,3;0,0;11279,8;10634,3;40058,9;36100,5;36476,1;37614,2;13004,7;15637,8;21621,1;14456,3;20321,3;32754,9;48660,4;54982,3;11670,8;5975,1;30374,3;20177,9;12791,3;15437,0;42137,6;28308,7;19752,0;33979,3;21371,4;36535,9;38348,1;37264,2;43088,1;22404,5;31026,7;55312,6;1914,0;;37716,5;19159,3;41503,3;38290,8;12645,5;40417,0;32287,7;29849,4;30734,8;8757,6;10784,7;13314,2;35323,9;22592,6;42928,4;46522,4;26071,7;56881,6;37563,6;47788,4;36368,3;31247,9;25764,6;55207,8;43183,8;31226,7;31957,2;32747,1;23753,4;34450,1;45590,1;25254,6;39886,8;30383,8;52779,2;23016,2;32355,5;12048,0;21274,5;30640,4;11837,2;41592,6;8200,6;35070,2;30621,4;35838,4;45555,1;33907,0;23821,0;35338,6;22500,7;23475,7;45325,8;56995,6;35484,3;17365,4;39076,8;37492,2;;32040,8;40296,6;28094,0;17875,1;19865,8;38474,8;;46896,7;27638,0;35507,0;34952,8;32060,7
Luzilândia;37260,2;16984,9;18415,7;31776,4;30496,8;16893,3;12569,7;35536,9;21579,1;19107,9;42159,0;32904,2;22595,4;28714,8;24693,5;23453,2;49700,8;46965,4;24285,5;6492,9;49590,4;17477,2;4594,6;33739,5;30366,0;17662,6;31873,8;36615,5;8078,9;28720,3;48943,2;9767,5;42284,8;9827,0;8459,0;34589,7;8358,8;20264,4;8429,5;26450,6;11695,9;31975,5;33558,0;39925,2;29715,0;3289,6;11740,4;28913,0;32754,6;10615,8;42766,0;44697,0;9114,5;35243,1;16878,8;6358,0;9748,6;10369,5;10440,1;12804,8;35123,3;30142,4;35985,8;44147,2;50221,8;52846,9;37708,6;48109,7;43043,4;38288,2;17115,5;14444,7;43448,4;26543,2;;11022,3;23921,7;35054,3;4715,9;42617,8;32625,9;31403,3;23018,4;23661,3;23588,2;30830,9;29282,1;33000,1;28157,4;48165,0;29448,2;48006,0;19337,2;10119,2;25585,1;27055,0;33478,4;30386,6;32691,0;34044,7;30522,2;20612,6;13403,8;26767,2;39702,5;5579,4;2174,3;11344,5;14815,4;50594,2;43137,5;8199,6;9673,9;40894,2;16068,2;26442,1;17392,0;33077,4;11248,4;0,0;1133,6;35724,0;31765,6;32141,2;33279,3;2656,5;4862,1;17286,2;12310,6;15986,4;31051,9;44325,5;50647,4;3981,2;6482,1;26039,4;15102,8;10645,7;5105,7;37802,8;23973,8;17606,4;29644,4;17036,5;32201,0;34013,2;32929,3;38753,2;17329,4;26691,8;50977,7;9843,2;;33381,6;15201,8;37168,4;33955,9;10499,9;36082,1;27952,8;31454,0;31476,9;7281,6;8639,1;2538,5;30989,0;20140,7;38593,6;42187,5;21736,8;52546,7;33228,7;43453,5;32033,4;26913,0;21795,8;50872,9;38848,9;26891,8;27622,4;28412,2;19418,5;30115,2;41255,2;20919,7;35551,9;26048,9;48444,3;18681,3;28020,6;12874,2;18937,9;26305,5;3565,7;37257,7;8852,9;30735,3;26286,5;32099,3;41220,2;29572,2;19486,1;31003,7;20355,0;18917,7;40990,9;52660,7;31149,5;15219,8;34741,9;33157,3;;27705,9;35961,7;23759,1;12212,2;9090,0;34140,0;;42561,8;23303,0;31172,1;30617,9;27725,8
Madeiro;37889,7;17614,4;19045,2;32405,9;31126,4;16913,6;12590,0;36166,4;22208,6;19737,4;42788,5;33533,7;23224,9;29344,3;25323,0;23167,1;50330,3;47594,9;24915,0;7122,4;50219,9;18106,7;4308,5;34369,0;30995,5;17682,9;32503,3;37245,0;7792,9;29349,8;49572,7;9121,4;42914,3;9540,9;8172,9;35219,2;7712,7;19978,4;8541,4;27080,1;11049,7;32605,0;34187,5;40554,8;30344,5;3919,1;11645,4;29542,5;33384,1;10329,7;43395,5;45326,5;8468,3;35872,7;16592,8;5711,8;9234,5;10083,5;9793,9;12709,8;35752,8;30771,9;36615,4;44776,7;50851,3;53476,4;38338,2;48739,2;43672,9;38917,7;17745,0;15074,2;44077,9;27172,7;;10736,3;24551,2;35683,8;4357,5;43247,3;33255,4;32032,8;23647,9;24290,8;24217,7;31460,4;29911,6;33629,6;28786,9;48794,5;30077,7;48635,5;19966,7;9473,0;26214,6;27684,5;34107,9;31016,1;33320,6;34674,2;31151,7;21242,1;13117,8;27396,7;40332,0;5221,0;1334,4;11520,0;14529,4;51223,7;43767,0;8829,1;9387,9;41523,7;16697,8;27071,6;18021,5;33706,9;10602,2;1133,6;0,0;36353,5;32395,1;32770,7;33908,8;3286,0;5491,6;17915,7;12024,6;16615,9;31681,4;44955,0;51276,9;3701,5;5835,9;26668,9;15732,3;10359,7;5735,2;38432,2;24603,3;17320,4;30273,9;17666,0;32830,5;34642,8;33558,8;39382,7;17958,9;27321,3;51607,2;9197,0;;34011,1;15831,3;37797,9;34585,4;10213,9;36711,6;28582,3;31168,0;32102,8;6995,6;8353,1;3168,0;31618,5;20161,0;39223,1;42817,0;22366,3;53176,2;33858,2;44083,0;32662,9;27542,5;22425,3;51502,4;39478,4;27521,3;28251,9;29041,7;20048,0;30744,7;41884,7;21549,2;36181,4;26678,4;49073,9;19310,8;28650,1;12588,2;18842,8;26935,0;3368,7;37887,2;8566,9;31364,8;26916,0;32728,8;41849,7;30201,7;20115,6;31633,2;20069,0;19547,2;41620,4;53290,2;31779,0;14933,8;35371,4;33786,8;;28335,4;36591,2;24388,6;12841,7;9719,5;34769,5;;43191,3;23932,6;31801,6;31247,4;28355,3
Manoel Emídio;21156,6;18815,1;18107,5;24998,9;23719,4;26849,4;25307,8;2016,5;15603,2;16708,8;15745,2;11576,3;23202,2;21937,3;15731,0;31917,2;16180,4;18207,2;21545,1;32493,5;16070,0;19558,3;33552,1;16202,0;23588,5;27604,0;4163,8;24512,6;30403,1;22067,0;15912,0;37844,9;15871,0;28869,6;30953,9;8175,9;37616,6;32573,1;30282,8;17488,1;40596,4;25198,0;17097,7;14986,2;22937,5;35356,6;27326,1;8694,9;7238,1;30202,4;17827,0;16638,5;38186,3;27853,4;31040,5;38491,1;34485,2;28576,1;36472,3;26728,0;1967,3;19579,4;18477,0;17733,4;16701,4;19326,5;4188,2;14589,3;10168,0;27096,5;22748,3;23733,8;17034,6;19765,8;;33147,2;23903,9;3601,8;36137,6;16204,0;9466,9;20023,1;13182,4;20372,2;14625,7;24053,4;22504,6;26222,6;21379,9;14644,6;11393,4;15303,2;18800,8;39853,3;22092,3;19759,6;17621,0;20735,0;13118,3;20227,5;23744,7;17265,8;29661,7;8963,4;14439,5;37001,0;37127,0;26990,0;33496,0;17073,8;16723,8;30641,8;31762,3;20523,8;22358,9;25824,1;18625,0;10343,1;40005,3;35660,9;36290,5;0,0;24988,1;12206,9;26501,8;35713,1;32323,2;19905,7;34044,4;21399,8;24274,4;10805,1;17127,0;35068,7;38759,9;14412,5;22370,5;28086,0;32762,0;19465,4;23530,9;30987,1;18472,5;19117,6;25423,5;14066,4;7412,8;5232,8;19919,8;19914,3;17457,3;39577,3;;20668,7;24490,8;25065,5;9602,2;32233,7;14748,6;21175,4;28873,7;24699,4;32870,0;30372,9;33532,9;11054,8;23178,3;18389,0;8667,1;17774,7;19026,3;11326,0;18611,1;9831,5;19634,6;23594,5;25719,3;5328,5;17929,3;22140,7;21634,8;17587,1;19189,7;14841,4;22718,4;19569,7;14422,0;14923,9;18094,1;24452,6;35222,8;27949,8;17466,6;35440,3;11615,5;33929,0;13587,8;22453,8;25321,9;14806,4;23974,3;21284,8;15726,5;30744,3;21760,9;14577,2;19140,2;6307,1;31234,0;27480,0;15789,8;;21785,8;9547,9;19793,5;24043,4;27172,2;9297,6;;16148,0;20562,7;19151,7;23840,4;20396,3
Marcolândia;11466,9;15284,9;15677,1;4430,2;2644,4;21149,2;21331,1;24791,2;16479,1;16219,2;23844,0;22158,5;11257,3;6248,8;13265,1;18054,5;38955,1;36219,7;13174,4;28516,8;38844,7;14923,0;29575,4;12364,7;2584,4;21502,9;21128,1;8106,6;26426,4;5495,7;38197,5;33868,2;23714,8;24892,9;26977,2;20780,7;33639,9;20173,0;26306,1;11500,3;36619,7;1344,2;10460,4;14800,2;2845,6;31379,9;23349,3;18167,3;21039,2;26225,7;19301,0;26382,0;34209,6;3527,2;19095,6;34514,4;30508,4;24599,4;32495,6;22751,3;24377,6;11742,5;10450,7;25577,2;39476,1;42101,2;26963,0;37364,0;32297,7;6566,3;18771,6;19757,0;24878,4;6608,0;;29170,5;14819,2;24308,6;32160,8;24047,8;20514,0;11516,7;14058,3;13662,8;14998,8;1280,6;3645,8;4030,6;5191,2;37419,3;18702,5;29691,0;15389,4;35876,6;10147,4;9659,7;10380,8;7170,0;20654,2;8251,5;5389,5;16527,1;25677,4;16021,5;18327,7;33024,3;33150,2;23013,3;24190,5;39848,5;24822,5;26665,1;27785,6;15100,9;18382,2;13641,2;15510,1;22331,7;36028,6;31684,2;32313,7;24978,3;0,0;21395,5;7433,0;31736,4;28346,5;15968,5;28542,3;17423,1;5912,2;33579,8;36650,7;31092,0;34783,2;12186,1;20329,0;24109,2;28785,2;16188,9;11586,1;23995,1;11244,5;14824,9;1910,1;14842,7;21214,0;28007,5;20666,0;6380,4;40232,0;35600,6;;7782,5;20514,1;5889,6;23210,2;27649,8;16624,8;5617,5;10511,5;6337,2;28893,3;26396,2;29556,1;20243,3;16500,0;12800,3;31441,8;15944,4;41801,0;18258,4;32707,8;21287,7;7454,2;14587,2;40127,3;28103,2;11138,8;6595,3;3847,0;16711,2;10656,4;22940,2;15517,3;9758,6;10624,9;37698,7;15971,3;8741,8;30650,9;18537,3;7585,3;31463,6;15882,9;29952,2;15764,9;6503,3;4246,9;22650,2;7403,0;14606,5;13723,4;18799,4;19160,1;22420,9;41915,0;20403,8;24357,2;3026,0;11744,1;;5835,3;22540,0;11499,7;20066,6;23195,4;23394,3;;23991,8;12306,8;8126,4;2872,1;8267,0
Marcos Parente;26884,8;15217,2;14509,6;21401,0;20121,5;23251,5;21709,9;11990,3;12005,3;13110,9;23748,9;3424,3;19604,3;18339,4;12133,1;28319,3;26154,2;20765,7;17947,2;28895,6;26043,8;15960,4;29954,2;19578,6;19990,6;24006,1;8327,2;26240,1;26805,2;18469,0;24665,0;34246,9;23874,8;25271,7;27356,0;16179,7;34018,7;28975,2;26684,9;13890,2;36998,5;21600,1;20228,3;22990,0;19339,6;31758,7;23728,2;6387,7;15241,8;26604,5;25830,7;26286,9;34588,4;24867,8;27442,5;34893,2;30887,2;24978,2;32874,4;23130,1;11576,8;15981,5;21825,0;25737,1;26675,3;29300,4;14162,1;24563,2;18765,1;27912,8;19150,4;20135,8;25038,3;16167,8;;29549,2;20305,9;11507,8;32539,6;24207,8;15824,9;18705,4;9584,5;16774,3;11027,8;20455,5;18906,7;22624,7;17782,0;24618,5;6415,6;25277,0;15202,9;36255,4;18494,3;16161,7;20751,6;20011,2;15890,0;23575,5;20146,8;13667,9;26063,8;5365,4;22443,2;33403,1;33529,1;23392,1;29898,1;27047,7;24727,5;27043,9;28164,4;28527,5;18761,0;22226,2;15027,1;6476,6;36407,4;32063,0;32692,5;12177,4;21390,2;0,0;22903,9;32115,2;28725,2;16307,7;30446,5;17801,9;20676,5;20779,0;27100,8;31470,8;35162,0;10814,6;18772,6;24488,0;29164,0;23641,9;19933,0;27389,2;14874,6;15519,6;21825,6;18788,4;15416,6;15206,6;16321,9;16316,4;27431,1;35979,4;;23006,2;20892,9;26793,0;17154,9;28635,8;20857,3;17577,5;25275,8;21101,5;29272,1;26775,0;29935,0;3150,9;19580,4;26392,7;18640,9;14176,8;29000,1;17780,3;14472,9;15232,3;16036,7;19996,6;21892,3;15302,3;14331,4;18542,7;18036,8;13989,1;17377,7;22845,1;19120,5;22917,7;10824,1;24897,8;14496,1;20854,7;31624,9;24351,8;13868,7;31842,4;19619,2;30331,0;15510,5;18855,9;21724,0;22810,1;20376,4;17686,9;15778,9;27146,3;18163,0;22580,9;29114,1;7602,9;27636,1;24366,5;18996,4;;18187,9;17551,6;16195,5;20445,4;23574,2;4710,1;;24151,8;16964,8;20796,7;20242,5;16798,4
Massapê do Piauí;11137,3;16790,5;17182,7;8344,1;7064,6;22654,8;22836,7;26296,8;17984,7;17724,8;23514,4;23664,0;12762,9;7754,3;14770,7;21371,5;39423,6;37725,3;14680,0;30022,3;40350,3;16428,5;31080,9;12035,1;5015,4;23008,4;22633,7;10492,7;27932,0;7624,1;39703,1;35373,7;23385,2;26398,5;28482,8;20451,1;35145,5;22133,8;27811,7;13005,9;38125,3;7649,8;10130,8;14470,6;6143,6;32885,5;24854,9;19672,8;20709,7;27731,2;18971,5;26052,4;35715,1;9936,8;20601,2;36020,0;32014,0;26105,0;34001,1;24256,9;25883,2;13248,0;10121,1;25247,6;40981,7;43606,8;28468,5;38869,6;33803,3;13076,5;20277,2;21262,6;24548,8;8113,6;;30676,0;16324,8;24861,3;33666,4;23718,2;20184,4;12140,6;15563,9;15168,4;16504,3;6914,7;6962,9;9567,8;5923,6;38924,9;20208,0;29361,5;16895,0;37382,2;11653,0;11165,2;10051,2;6840,4;22159,8;7921,9;5776,1;18032,6;27183,0;17527,0;17998,1;34529,9;34655,8;24518,9;25696,0;41354,1;24493,0;28170,7;29291,2;14771,4;19887,8;15384,9;17015,7;23837,3;37534,2;33189,8;33819,3;26483,9;7440,0;22901,0;0,0;33242,0;29852,0;17474,1;30783,5;18928,7;9229,3;35085,4;36321,1;32597,5;36288,8;13691,7;21834,6;25614,8;30290,8;15859,3;13091,6;25500,7;12750,0;16330,5;6850,5;14513,1;20884,4;29513,1;22171,6;7885,9;41737,6;37106,2;;7452,9;22019,7;11045,5;23977,9;29155,3;16295,2;7123,1;13828,6;9654,3;30398,8;27901,7;31061,7;21748,9;18005,6;12470,7;32947,3;17450,0;43306,6;18710,6;34213,3;22557,3;8959,8;16092,8;41632,8;29608,8;12644,4;8100,9;6940,7;18216,8;12161,9;22610,6;17022,9;9429,1;12130,5;39204,2;17476,8;10311,4;32751,7;20042,9;9090,9;32969,1;15553,3;31457,8;17270,5;8072,8;8667,1;22320,6;9531,5;16112,1;15229,0;20305,0;20665,7;22091,4;43420,6;21909,3;25862,8;9435,6;11414,6;;7404,9;22210,4;13005,2;21572,2;24701,0;24899,8;;23662,2;13812,4;7796,9;7185,6;9772,5
Matias Olímpio;37316,3;17041,0;18471,9;31832,5;30553,0;16949,5;12625,8;35593,0;21635,2;19164,0;42215,1;32960,3;22651,5;28770,9;24749,7;23772,8;49756,9;47021,6;24341,6;6549,0;49646,5;17533,3;6611,2;33795,6;30422,1;17718,7;31929,9;36671,7;8902,2;28776,4;48999,3;11922,9;42340,9;10650,3;10475,6;34645,8;10514,2;20584,0;8485,6;26506,8;13439,4;32031,6;33614,1;39981,4;29771,1;4219,4;11796,5;28969,1;32810,7;12632,4;42822,1;44753,1;11269,9;35299,3;17198,4;8513,4;11765,3;12286,5;12595,5;12860,9;35179,4;30198,5;36042,0;44203,3;50278,0;52903,1;37764,8;48165,8;43099,5;38344,3;17171,7;14500,9;43504,5;26599,3;;13038,9;23977,9;35110,5;6871,3;42673,9;32682,1;31459,5;23074,5;23717,5;23644,4;30887,0;29338,2;33056,2;28213,5;48221,2;29504,3;48062,2;19393,4;11862,7;25641,2;27111,1;33534,6;30442,7;32747,2;34100,9;30578,3;20668,7;14089,7;26823,3;39758,6;7734,7;4329,6;11400,6;16832,0;50650,3;43193,7;8255,7;11690,5;40950,3;16124,4;26498,3;17448,1;33133,5;12991,9;2659,4;3288,9;35780,1;31821,7;32197,3;33335,4;0,0;4918,2;17342,3;14327,3;16042,5;31108,0;44381,7;50703,5;5269,3;8637,5;26095,5;15158,9;12057,0;5161,8;37858,9;24030,0;17926,0;29700,5;17092,6;32257,1;34069,4;32985,4;38809,3;17385,5;26747,9;51033,8;11586,7;;33437,7;15258,0;37224,5;34012,1;12516,5;36138,2;28009,0;31773,7;31533,0;9298,2;10655,7;2594,6;31045,1;20196,8;38649,7;42243,6;21792,9;52602,8;33284,8;43509,6;32089,5;26969,2;21852,0;50929,1;38905,0;26948,0;27678,5;28468,3;19474,7;30171,3;41311,3;20975,8;35608,1;26105,1;48500,5;18737,4;28076,7;14890,8;18994,0;26361,6;4853,7;37313,8;10869,6;30791,4;26342,6;32155,5;41276,3;29628,3;19542,2;31059,8;20674,6;18973,8;41047,1;52716,8;31205,6;15662,0;34798,0;33213,4;;27762,0;36017,8;23815,3;12268,3;9146,1;34196,1;;42617,9;23359,2;31228,2;30674,0;27781,9
Miguel Alves;33922,9;13647,6;15078,5;28439,1;27159,6;14399,5;10876,6;32199,6;18241,8;15770,6;38821,7;29566,9;19258,1;25377,5;21356,2;22114,5;46363,5;43628,2;20948,2;4441,8;46253,1;14140,0;7605,7;30402,2;27028,7;15168,8;28536,5;33278,2;7243,9;25383,0;45605,9;14126,0;38947,5;8991,9;10048,4;31252,4;12717,3;18925,7;6563,6;23113,3;16054,4;28638,2;30220,7;36588,0;26377,7;5733,5;10138,2;25575,7;29417,3;11654,1;39428,7;41359,7;13473,0;31905,9;15540,1;10716,5;11950,1;10628,2;13937,2;11202,6;31786,0;26805,1;32648,6;40809,9;46884,6;49509,7;34371,4;44772,4;39706,1;34950,9;13778,2;11107,5;40111,1;23206,0;;12349,7;20584,5;31717,1;8883,0;39280,5;29288,7;28066,0;19681,1;20324,0;20251,0;27493,6;25944,8;29662,8;24820,1;44827,8;26110,9;44668,8;16000,0;14477,7;22247,8;23717,7;30141,1;27049,3;29353,8;30707,5;27184,9;17275,3;12431,4;23429,9;36365,2;9746,4;6532,8;8007,2;15953,7;47256,9;39800,2;4862,3;11001,2;37556,9;12731,0;23104,9;14054,7;29740,1;15606,9;4862,6;5492,1;32386,7;28428,3;28803,9;29942,0;4914,7;0,0;13948,9;13449,0;12649,1;27714,6;40988,3;47310,1;6263,7;10840,6;22702,2;11765,5;10398,6;2855,9;34465,5;20636,6;16267,7;26307,1;13699,2;28863,7;30676,0;29592,0;35415,9;13992,1;23354,5;47640,4;14201,7;;30044,3;11864,5;33831,1;30618,7;11638,2;32744,8;24615,6;30115,3;28139,6;9483,0;9777,4;2734,5;27651,7;17646,8;35256,3;38850,2;18399,5;49209,4;29891,4;40116,2;28696,1;23575,8;18458,5;47535,7;35511,6;23554,6;24285,1;25075,0;16081,3;26777,9;37917,9;17582,4;32214,7;22711,7;45107,1;15344,0;24683,3;14425,3;16729,0;22968,2;6635,4;33920,4;11054,4;27398,0;22949,2;28762,1;37882,9;26234,9;16148,9;27666,4;19016,3;15580,4;37653,7;49323,4;27812,2;14003,7;31404,6;29820,0;;24368,6;32624,4;20421,9;8874,9;5752,8;30802,7;;39224,5;19965,8;27834,8;27280,6;24388,5
Miguel Leão;21463,5;1188,2;2619,0;15979,7;14700,1;8393,7;6852,1;19711,5;5753,8;3282,5;26333,6;17078,8;6798,7;12918,1;8868,1;16738,5;33875,4;31140,1;8488,8;14037,8;33765,1;1680,5;15096,4;17942,8;14569,2;9148,3;16048,4;20818,8;11947,4;12923,6;33117,8;19389,2;26459,4;10413,9;12498,2;18764,3;19160,9;17394,4;11827,1;10625,3;22140,7;16178,8;17761,3;24128,5;13918,3;16900,9;8870,4;13087,6;16929,2;11746,7;26969,3;28871,6;19730,6;19446,5;14314,7;20035,4;16029,5;10120,4;18016,6;8272,3;19297,9;14345,7;20189,2;28321,8;34396,5;37021,6;21883,3;32284,3;27218,0;22491,5;3418,8;5278,1;27623,0;10746,5;;14691,5;8125,0;19229,0;17681,9;26792,4;16800,6;15606,6;7193,0;7864,6;7762,9;15034,2;13485,4;17203,4;12360,7;32339,7;13622,8;32180,7;3540,5;21397,6;9788,4;11258,3;17681,7;14589,9;16865,7;18248,0;14725,5;4787,2;11206,0;10941,8;23905,8;18545,3;18671,3;8534,3;15040,3;34768,9;27312,2;12186,1;13306,6;25097,5;3903,2;10645,4;1595,3;17252,0;21549,6;17205,2;17834,8;19898,6;15968,9;16315,8;17482,6;17257,4;13867,5;0,0;15588,7;2944,2;15255,2;28500,2;34822,0;16613,0;20304,2;10214,0;5850,1;9630,3;14306,3;22006,0;8177,1;12531,4;13847,7;1239,8;16404,3;18187,9;17103,9;22927,8;7155,1;10895,1;35152,3;21121,7;;17584,9;6035,1;21371,7;18130,6;13778,0;20256,8;12156,1;17965,5;15680,2;14414,3;11917,2;15077,2;15163,6;5583,0;22796,9;26362,1;5911,4;36721,3;17403,3;27628,1;16208,0;11116,4;5999,1;35047,6;23023,5;11066,5;11825,7;12615,5;3593,2;14318,5;25429,8;5123,0;19755,2;10223,6;32619,0;2884,6;12223,9;16767,1;10354,4;10508,8;16984,6;21461,0;15473,3;14909,9;10489,8;16302,6;25394,8;13775,5;3689,4;15178,3;15565,6;3807,3;25165,6;36835,3;15324,1;12778,3;18945,2;17360,6;;11909,2;20136,3;7962,4;5587,7;8716,5;18314,6;;26736,4;7506,4;15375,4;14821,2;11929,1
Milton Brandão;34783,1;15421,2;16852,0;27047,0;27246,7;13446,7;9123,0;33973,2;20015,4;17544,2;40595,2;31340,4;21031,7;26237,7;23129,8;16791,6;48137,1;45401,7;22721,8;10471,3;48026,7;15913,5;8263,8;31582,6;27888,8;14216,0;30310,1;34138,4;7457,1;26120,7;47379,5;12316,8;40721,1;7355,8;5425,8;33026,0;12088,5;13602,8;10362,3;24886,9;15068,3;28725,3;31080,9;37768,4;26464,9;11287,5;8178,4;27349,2;31190,8;6862,8;40609,1;43133,2;12658,1;31993,0;10217,2;12963,0;8957,0;6616,5;10944,2;9242,8;33559,6;27985,5;33540,4;42583,5;48658,1;51283,2;36144,9;46546,0;41479,7;35038,0;15850,1;12503,6;41884,7;24066,1;;5517,2;22358,0;33490,6;10849,2;41054,1;31062,2;28926,2;21454,7;22097,6;22024,5;27580,7;25935,0;27943,2;25680,2;46601,3;27884,5;46442,3;17773,5;14325,2;23108,0;24577,9;31001,3;27909,4;31127,3;31567,6;28045,1;19048,9;9650,8;25203,4;37545,6;11712,7;11838,6;12040,2;5973,2;49030,5;41573,8;12595,8;3694,2;38417,1;14504,5;22054,9;15828,3;31513,7;14477,2;12226,8;11940,8;34160,3;28515,4;30577,5;30802,2;14220,0;13474,6;15722,5;0,0;14422,7;24561,8;42761,8;49083,7;10026,8;13231,8;24475,7;14279,3;6892,7;12674,0;35645,9;21700,9;11743,1;27487,5;15472,8;29269,5;32404,9;31365,6;37189,5;16505,8;24214,7;49413,9;14049,2;;30904,5;13260,7;34355,3;32392,2;1838,2;34473,8;25475,7;21656,3;22541,8;7341,9;3748,3;12526,5;29425,3;16694,0;36116,4;40623,8;20173,0;50983,0;31665,0;41889,8;30469,7;24435,9;19390,6;49309,2;37285,2;25328,1;25145,2;25239,1;17854,8;27638,1;39691,5;19356,0;33074,8;24485,2;46880,6;17117,6;25543,5;8291,2;14900,5;23828,4;10466,0;35100,8;8400,9;29171,5;23809,3;27645,4;39656,4;26586,8;17922,4;29440,0;13693,5;17577,1;39427,2;51096,9;29585,7;7817,4;31491,7;31000,5;;25228,8;34397,9;22195,4;11976,5;14417,6;32576,2;;40998,1;21739,3;28695,0;27367,7;25248,7
Monsenhor Gil;22911,3;2636,0;4066,8;17427,5;16148,0;7571,5;5563,6;21188,0;7230,2;4759,0;27810,1;18555,3;8246,5;14365,9;10344,6;18186,3;35351,9;32616,5;9936,6;12749,2;35241,5;3128,3;13807,8;19390,6;16017,0;8326,1;17524,9;22266,6;10658,8;14371,4;34594,3;18100,6;27935,9;9125,3;11209,6;20240,8;17872,3;16411,7;10538,5;12101,7;20852,2;17626,5;19209,1;25576,3;15366,1;15612,3;7581,8;14564,1;18405,7;10458,1;28417,1;30348,1;18442,0;20894,2;13026,1;18746,8;14740,9;8831,8;16728,0;6983,7;20774,4;15793,5;21637,0;29798,3;35872,9;38498,0;23359,7;33760,8;28694,5;23939,3;1441,4;3989,5;29099,5;12194,3;;13402,9;9572,8;20705,4;16393,3;28268,9;18277,0;17054,4;8669,5;9312,4;9239,3;16482,0;14933,2;18651,2;13808,5;33816,1;15099,3;33657,1;4988,3;20109,0;11236,2;12706,1;19129,5;16037,7;18342,2;19695,8;16173,3;6263,7;9917,4;12418,2;25353,6;17256,8;17382,7;7245,7;13751,7;36245,3;28788,6;10897,6;12018,0;26545,3;2614,7;12093,2;3043,1;18728,5;20261,0;15916,7;16546,2;21375,1;17416,7;17792,3;18930,4;15968,8;12578,9;2937,3;14300,1;0,0;16703,0;29976,6;36298,5;15324,4;19015,6;11690,5;3257,7;8341,7;13017,7;23453,8;9624,9;11242,9;15295,5;2687,6;17852,1;19664,3;18580,4;24404,3;5037,9;12342,9;36628,8;19833,1;;19032,7;4746,6;22819,5;19607,0;12489,4;21733,2;13604,0;19413,3;17128,0;13125,7;10628,6;13788,6;16640,1;7030,8;24244,7;27838,6;7387,9;38197,8;18879,8;29104,6;17684,5;12564,1;7446,9;36524,1;24500,0;12542,9;13273,5;14063,3;5069,6;15766,3;26906,3;6570,8;21203,0;11700,0;34095,4;4332,4;13671,7;15478,5;11415,9;11956,6;15696,0;22908,8;14184,7;16386,4;11937,6;17750,5;26871,2;15223,2;5137,2;16654,8;16502,3;3168,3;26642,0;38311,8;16800,5;11489,7;20393,0;18808,4;;13357,0;21612,8;9410,2;4299,1;7427,9;19791,1;;28212,9;8954,1;16823,2;16269,0;13376,9
Monsenhor Hipólito;13265,6;14574,4;14966,6;4448,3;4648,0;20438,7;20620,6;24080,7;15768,5;15508,7;23264,9;21447,9;10546,8;5538,2;12554,6;14105,4;38244,5;35509,2;12463,9;27806,2;38134,2;14212,4;28864,8;11785,6;6264,8;20792,3;20417,5;12620,9;25715,8;3522,0;37487,0;30633,7;23135,7;24182,3;26266,6;20201,6;31385,3;16224,0;25595,5;10789,8;33385,2;6126,6;9881,3;16598,8;3866,2;30669,3;22638,8;17456,7;20460,2;25515,1;20812,1;25802,9;32985,0;9394,3;17783,6;32259,8;29797,9;23888,8;29377,6;22040,7;23667,1;11031,9;12249,4;24998,1;38765,6;41390,7;26252,4;36653,5;31587,1;12439,3;18061,0;19046,5;24299,3;5897,5;;26945,7;14108,7;23598,1;31450,3;23468,7;19934,9;10806,2;13347,8;12952,2;14288,2;4982,1;3336,3;7081,9;4480,7;36708,8;17991,9;29112,0;14678,9;33622,0;9436,9;8949,1;9801,7;6709,9;19943,7;10050,1;6845,5;15816,5;24365,4;15310,9;17748,6;32313,8;32439,7;22302,8;22878,5;39138,0;24243,5;25954,6;25823,9;16899,6;17671,7;11667,5;14799,5;21621,2;32794,1;30973,7;31603,2;24267,8;5916,8;20684,9;9231,7;31025,8;27635,9;15257,9;24593,3;16712,6;0,0;32869,3;36071,7;30381,4;32528,6;11475,5;19618,5;23398,7;28074,7;15848,9;10875,5;22683,1;10533,9;14114,4;6670,8;14263,6;20634,9;27297,0;19955,5;5669,8;39521,4;33346,1;;9581,1;19803,6;11756,7;22499,7;23967,9;16045,7;4906,9;6562,4;2388,1;28182,7;25685,6;28845,6;19532,8;15789,5;14598,9;30731,2;15233,9;41090,4;17547,8;31997,2;20577,1;6743,6;13876,7;39416,7;27392,7;10428,3;5884,7;2640,4;16000,6;9945,8;22361,1;14806,7;11557,3;9914,3;36988,1;15260,7;7152,6;26701,8;17826,8;6874,8;30753,0;15303,9;29241,7;15054,4;5538,5;5322,1;22071,1;5429,3;13895,9;13012,8;17487,4;18449,6;21841,9;41204,4;19693,2;23045,2;8893,0;11165,1;;4870,5;21960,9;10789,1;19356,1;22484,9;22683,7;;23412,8;11596,3;7495,4;4769,0;7556,4
Monte Alegre do Piauí;29751,2;27409,7;26702,1;33593,5;32314,0;35444,0;33902,5;8781,7;24197,8;25303,4;20377,3;20170,9;31796,8;30532,0;24325,6;40511,9;10208,8;21595,5;30139,7;41088,1;7384,9;28152,9;42146,7;24796,6;32183,1;36198,7;12758,4;33107,2;38997,8;30661,6;11838,0;46439,5;21423,7;37464,3;39548,5;16770,6;46211,2;41167,7;38877,4;26082,7;49191,1;33792,6;25692,3;23580,9;31532,2;43951,2;35920,7;17289,5;15832,7;38797,0;26421,6;17950,7;46780,9;36448,0;39635,1;47085,7;43079,8;37170,7;45066,9;35322,7;10561,9;28174,0;27071,6;26328,0;8016,3;10641,4;7380,0;8617,7;8945,2;35691,1;31343,0;32328,4;25451,9;28360,4;;41741,8;32498,5;12196,5;44732,2;23625,1;18061,5;28617,8;21777,0;28966,8;23220,3;32648,0;31099,3;34817,3;29974,5;5959,5;19988,1;16615,3;27395,5;48447,9;30686,9;28354,2;26215,7;29329,7;21712,9;28822,1;32339,3;25860,5;38256,3;17558,0;23034,1;45595,7;45721,6;35584,7;42090,6;11102,2;19118,4;39236,5;40357,0;29118,4;30953,6;34418,8;27219,6;18937,7;48599,9;44255,6;44885,1;10798,2;33582,7;20801,5;35096,4;44307,7;40917,8;28500,3;42639,1;29994,5;32869,0;0,0;11155,4;43663,3;47354,6;23007,2;30965,1;36680,6;41356,6;28060,0;32125,6;39581,8;27067,2;27712,2;34018,1;22661,0;16007,5;7477,5;28514,4;28508,9;10415,4;48172,0;;29263,3;33085,5;33660,1;18196,8;40828,3;23343,2;29770,0;37468,3;33294,0;41464,6;38967,5;42127,5;19649,4;31773,0;26983,6;2138,1;26369,3;10517,2;19920,7;23489,0;18426,1;28229,2;32189,1;24362,5;6640,6;26524,0;30735,3;30229,4;26181,7;27784,4;21001,1;31313,0;28164,3;23016,7;6238,9;26688,7;33047,3;43817,4;36544,4;26061,3;44034,9;20210,1;42523,6;22182,5;31048,4;33916,5;23401,0;32568,9;29879,4;24321,1;39338,9;30355,5;23141,3;10455,2;14901,7;39828,6;36074,6;24384,4;;30380,5;18142,5;28388,1;32638,0;35766,8;17892,2;;23681,1;29157,3;27746,3;32435,0;28990,9
Morro Cabeça no Tempo;30598,7;33732,0;33024,4;36785,3;35505,8;41766,3;40224,8;15104,0;30520,1;31625,7;13098,3;26493,2;37876,8;33308,1;30647,9;46591,8;3102,4;27917,8;36462,0;47410,4;16421,1;34475,2;48469,0;25644,2;34257,2;42520,9;19080,7;33954,8;45320,0;34104,6;18160,3;52761,8;14144,6;43786,5;45870,8;22943,0;52533,5;47247,7;45199,7;32405,0;55513,3;36891,6;26539,9;24428,4;34723,9;50273,5;42243,0;23611,8;22155,0;45119,3;27269,1;10671,6;53103,2;37295,5;45715,1;53408,0;49402,1;43493,0;51389,2;41644,9;16884,2;31154,4;27919,2;20641,5;11888,4;14036,5;13702,3;5279,9;15267,5;36538,7;37665,2;38650,7;17595,8;34440,4;;48064,1;38820,8;18518,8;51054,5;15769,0;24383,8;29465,3;28099,3;35289,1;29542,6;35839,8;34291,0;38009,0;32156,3;14995,7;26310,3;11015,5;33717,8;54770,2;36766,9;34434,2;27063,2;30177,2;28035,2;29669,7;34243,6;32182,7;44578,6;23880,3;21917,7;51917,9;52043,9;41906,9;48412,9;6690,5;11839,4;45558,8;46679,2;29017,8;37275,8;40498,7;33541,9;25260,0;54922,2;50577,9;51207,4;17120,5;36681,8;27123,8;36338,6;50630,0;47240,1;34822,6;48961,3;36316,8;36060,8;11156,2;0,0;49985,6;53676,8;29329,4;37287,4;43002,9;47678,9;28907,6;38205,5;45904,1;31954,5;34034,5;36092,3;25622,2;22329,8;13799,7;34836,7;33516,8;8484,6;54494,3;;30110,8;39407,8;34507,6;24519,1;47150,6;24190,8;33603,5;40660,1;36485,8;47786,9;45289,8;48449,8;25971,7;38095,2;27831,1;9018,1;32691,6;11693,9;26242,9;29811,3;24748,4;32018,5;38511,4;30684,8;12962,9;32846,2;34581,3;33421,1;32504,0;28631,9;13722,0;37635,3;29011,9;29339,0;12909,0;33011,0;36791,8;50139,7;42866,7;32141,2;50357,2;21325,9;48845,9;28504,7;34553,3;37108,3;16749,8;36011,9;36201,7;28722,1;45418,9;36677,8;15658,8;11623,0;21224,0;46150,9;36922,2;25231,9;;33885,3;21153,2;34709,7;38960,3;42089,1;24214,5;;15825,0;35479,6;28593,8;35626,8;31054,3
Morro do Chapéu do Piauí;36723,0;16447,7;17878,6;31239,2;29959,7;14874,4;10550,8;34999,7;21042,0;18570,7;41621,8;32367,0;22058,2;28177,6;24156,4;21262,9;49163,6;46428,3;23748,3;4473,9;49053,3;16940,1;2404,3;33202,3;29828,8;15643,7;31336,6;36078,4;5888,6;28183,2;48406,1;10047,0;41747,6;7636,7;6268,7;34052,6;8638,3;18074,1;6410,6;25913,5;11975,4;31438,3;33020,8;39388,1;29177,9;2323,0;9721,5;28375,8;32217,4;8425,5;42228,8;44159,8;8780,2;34706,0;14688,5;6637,5;7558,3;8179,2;9545,5;10785,9;34586,2;29605,2;35448,7;43610,0;49684,7;52309,8;37171,5;47572,6;42506,2;37751,0;16587,9;13530,2;42911,2;26006,1;;8832,0;23384,6;34517,2;3681,6;42080,7;32088,8;30866,2;22481,2;23124,2;23051,1;30293,7;28745,0;32462,9;27620,2;47627,9;28911,0;47468,9;18800,1;10398,6;25048,0;26517,8;32941,3;29849,4;32153,9;33507,6;29985,0;20075,4;11213,5;26230,0;39165,3;4545,0;3608,9;9389,2;12625,1;50057,1;42600,4;7775,3;7483,6;40357,1;15531,1;25905,0;16854,8;32540,3;11527,8;3969,1;3711,1;35186,8;31228,4;31604,0;32742,1;5255,6;6263,2;16749,1;10120,3;15449,3;30514,7;43788,4;50110,2;0,0;6761,6;25502,3;14575,2;8455,4;4828,6;37265,6;23436,7;15416,1;29107,2;16499,4;31663,8;33476,1;32392,1;38216,1;16801,7;26154,6;50440,5;10122,7;;32844,5;14287,3;36631,2;33418,8;8309,6;35545,0;27415,7;29263,7;30198,6;5091,3;6448,8;3693,0;30451,9;18121,7;38056,4;41650,3;21199,6;52009,5;32691,6;42916,3;31496,2;26375,9;21258,7;50335,8;38311,7;26354,7;27085,2;27875,1;18881,4;29578,0;40718,0;20382,6;35014,8;25511,8;47907,2;18144,1;27483,5;10683,9;16919,0;25768,4;439,4;36720,6;6662,6;30198,1;25749,3;31562,2;40683,0;29035,0;18949,0;30466,5;18164,7;18390,0;40453,8;52123,5;30612,3;13029,5;34204,7;32620,2;;27168,7;35424,5;23222,0;12022,8;10491,2;33602,8;;42024,7;22765,9;30635,0;30080,7;27188,6
Murici dos Portelas;40368,7;20093,4;21524,2;34884,8;33605,3;18118,9;13795,2;38645,4;24687,6;22216,3;45267,4;36012,6;25703,9;31823,2;27802,0;24372,4;52809,2;50073,9;27394,0;10291,9;52698,9;20585,7;6452,9;36847,9;33474,4;18888,2;34982,2;39724,0;9937,2;31828,8;52051,7;4470,1;45393,3;11685,3;8353,6;37698,2;3061,3;21183,6;10685,7;29559,1;6398,4;35083,9;36666,5;43033,7;32823,5;8141,0;12850,6;32021,4;35863,0;11535,0;45874,5;47805,4;4664,5;38351,6;17798,0;1125,8;4583,2;11288,7;5142,6;13915,0;38231,8;33250,9;39094,3;47255,7;53330,3;55955,4;40817,1;51218,2;46151,8;41396,6;20522,3;17175,8;46556,8;29651,7;;11479,2;27030,2;38162,8;3687,1;45726,3;35734,4;34511,8;26126,8;26769,8;26696,7;33939,4;32390,6;35885,8;31265,8;51273,5;32556,6;51114,5;22445,7;4821,7;28693,6;30163,5;36586,9;33495,0;35799,5;37153,2;33630,7;23721,1;14323,0;29875,6;42810,9;4550,6;4855,6;13664,4;15734,6;53702,7;46246,0;12919,3;10508,3;44002,7;19176,7;29550,6;20500,5;36185,9;5950,9;6489,4;5843,9;38832,5;34874,1;35249,6;36387,7;8641,8;10847,4;20394,7;13229,8;19094,9;32504,4;47434,0;53755,9;6880,3;0,0;29147,9;18850,3;11564,9;10646,5;40911,2;27082,3;18525,6;32752,8;20145,0;35309,4;37121,7;36037,8;41861,7;21076,9;29800,2;54086,1;4545,7;;36490,1;17932,9;40276,8;37064,4;11419,1;39190,6;31061,3;29598,9;30484,3;7531,2;9558,3;8523,8;34097,5;21366,2;41702,0;45295,9;24845,2;55655,2;36337,2;46561,9;35141,9;30021,5;24538,2;53981,4;41957,4;30000,3;30730,8;31520,7;22527,0;33223,7;44363,7;24028,2;38660,4;29157,4;51552,8;21789,8;31129,1;11408,6;20048,1;29414,0;7046,8;40366,2;6974,1;33843,7;29395,0;35207,8;44328,6;32680,6;22594,6;34112,2;21274,2;22249,3;44099,4;55769,1;34257,9;16139,0;37850,4;36265,8;;30814,4;39070,1;26867,6;16298,0;15075,4;37248,4;;45670,3;26411,5;34280,6;33726,3;30834,3
Nazaré do Piauí;17685,5;9120,2;8412,6;12201,7;10922,2;17154,5;15613,0;14220,5;5908,3;7013,9;20842,5;11587,7;10405,0;9140,1;6036,1;19120,0;28384,3;25649,0;9027,5;22798,6;28274,0;9863,4;23857,2;10379,3;10791,3;17909,2;10557,3;17040,9;20708,3;9269,8;27626,8;28150,0;20968,3;19174,8;21259,0;13273,3;27921,8;19775,9;20588,0;6305,8;30901,6;12400,8;11029,0;16565,1;10140,4;25661,8;17631,2;7596,5;11438,1;20507,5;19405,8;23380,5;28491,4;15668,5;18243,3;28796,2;24790,3;18881,2;26777,4;17033,2;13806,9;6782,2;12625,7;22830,7;28905,4;31530,5;16392,2;26793,3;21726,9;18713,5;13053,5;14038,9;22131,9;6968,6;;23452,3;12584,8;13737,9;26442,7;21301,4;11309,5;9506,1;3487,6;9401,0;4930,9;11256,2;9707,4;13425,4;8582,7;26848,6;8131,7;26689,6;9106,0;30158,4;9295,1;6962,4;11552,4;10811,9;10977,5;14376,2;10947,5;7571,0;19966,8;5450,7;16342,3;27306,2;27432,1;17295,2;23338,1;29277,8;21821,1;20947,0;22067,5;21319,6;12664,1;13027,0;8930,1;11761,0;30310,5;25966,1;26595,6;14407,6;12190,9;10824,7;13704,6;26018,2;22628,3;10210,8;24349,6;11705,0;11477,2;23009,1;29331,0;25373,8;29065,1;0,0;12675,6;18391,1;23067,1;14442,6;10733,7;21292,3;5675,4;9422,7;12626,3;9589,2;11612,8;17436,8;10225,0;7117,1;29661,2;29882,5;;13807,0;14796,0;17593,7;12639,5;22538,8;11658,0;8378,2;16076,5;11902,2;23175,1;20678,0;23838,0;9672,6;13483,5;19018,9;20871,0;8079,8;31230,2;8804,6;22137,0;10716,9;6837,4;13734,9;29556,5;17532,5;6747,0;9343,5;8837,6;7892,2;8178,4;19938,7;13023,5;13718,4;1624,8;27127,9;8399,2;11655,5;25528,0;17685,0;4669,4;25745,4;13897,6;24234,1;6311,2;9656,6;12524,7;19903,7;11177,1;11589,9;6579,6;17947,1;12066,0;19674,5;31344,2;9833,0;21539,1;15167,2;9797,2;;8988,6;14645,2;7237,9;14348,5;17477,3;12823,5;;21245,4;8045,0;11597,5;11043,2;7599,1
Nazária;25815,2;5540,0;6970,8;20331,4;19051,9;7775,2;5463,9;22175,2;8217,4;7662,9;28797,3;19542,5;11150,5;17269,8;11331,8;19500,8;36339,1;33603,8;12840,5;12005,5;36228,7;6032,3;13064,0;21441,7;18921,0;8529,8;18512,1;25170,6;10559,1;17275,4;35581,5;18000,9;28923,1;9025,6;11109,9;21228,0;17772,6;16312,0;9794,8;13089,0;20752,5;20530,5;22091,4;27627,5;18270,1;14868,6;7482,1;15551,3;19392,9;10358,4;30468,2;31335,3;18342,3;23798,2;12926,4;18605,4;14641,2;8732,1;16628,3;6884,0;21761,6;17844,6;23688,1;30785,5;36860,2;39485,2;24347,0;34748,0;29681,7;26843,2;3487,6;4193,2;30086,7;15098,3;;13303,2;12476,8;21692,7;15649,5;29256,1;19264,3;19958,4;9656,7;12192,5;10226,6;19386,0;17837,2;21555,2;16712,4;34803,3;16086,5;34644,4;7892,3;20009,3;14140,2;15610,1;22033,5;18941,6;19329,4;22599,8;19077,2;9086,1;9817,7;13405,5;27404,7;16513,0;16638,9;6502,0;13652,0;37232,6;29775,8;10153,8;11918,3;29449,3;5063,8;14997,2;5947,1;19715,7;20161,3;15036,7;15666,2;22362,3;20320,6;18779,5;21834,3;15088,9;11699,0;5841,3;14200,4;3257,7;19606,9;30963,9;37285,7;14580,6;18729,5;12677,8;0,0;8242,0;12137,8;25505,0;12528,9;11143,1;16737,8;5591,6;20756,0;20651,6;19567,6;25391,5;2578,3;15246,8;37616,0;19733,4;;21936,7;4950,3;25723,4;20594,3;12389,7;22720,4;16507,9;22317,3;20031,9;13026,0;10528,9;12908,6;17627,3;9934,7;27148,6;28825,8;9594,9;39185,0;19867,0;30091,8;18671,7;15468,1;10350,9;37511,3;25487,2;13530,2;16177,4;16967,3;7973,6;18670,3;27893,5;9474,8;24107,0;12687,2;35082,7;7236,4;16575,7;15378,8;11316,2;14860,6;14952,3;24667,6;14085,0;17373,6;14841,5;20654,4;27858,5;18127,2;8041,2;17642,0;16402,6;5069,4;27629,3;39299,0;17787,8;11390,0;23297,0;20859,6;;16261,0;22600,0;11834,9;3340,8;6547,9;20778,3;;29200,1;11858,1;19727,2;19172,9;16280,9
Nossa Senhora de Nazaré;29702,9;9427,6;10858,5;24219,1;22939,6;7453,1;3129,5;27979,6;14021,9;11550,6;34601,7;25346,9;15038,1;21157,5;17136,2;13706,6;42143,5;39408,2;16728,2;7398,2;42033,2;9920,0;6605,1;26182,2;22808,7;8222,4;24316,5;29058,3;3155,1;21163,0;41385,9;10658,1;34727,5;1621,6;3767,1;27032,5;10429,8;10517,9;5630,4;18893,4;13409,6;24418,2;26000,7;32368,0;22157,7;9628,8;2184,9;21355,7;25197,3;3015,6;35208,7;37139,7;10999,5;27685,9;7132,3;11304,3;7298,4;1389,3;9285,5;3249,2;27566,0;22585,1;28428,6;36589,9;42664,6;45289,7;30151,4;40552,4;35486,1;30730,9;9856,6;6510,1;35891,1;18986,0;;5960,4;16364,5;27497,1;9190,5;35060,5;25068,7;23846,0;15461,1;16104,0;16031,0;23273,6;21724,8;25442,8;20600,1;40607,8;21890,9;40448,8;11780,0;12666,5;18027,8;19497,7;25921,2;22829,3;25133,8;26487,5;22964,9;13055,3;3657,3;19209,9;32145,2;10054,0;10180,0;6046,6;7735,3;43036,9;35580,2;7570,0;4575,6;33336,9;8511,0;18884,9;9834,7;25520,1;12818,5;10568,1;10282,1;28166,7;24208,3;24583,9;25722,0;12039,3;10401,5;9728,9;6857,6;8429,1;23494,6;36768,3;43090,1;8368,1;11573,1;18482,2;8285,8;0,0;9600,9;30245,5;16416,6;7859,9;22087,1;9479,2;24643,7;26456,0;25372,0;31196,0;10512,3;19134,5;43420,4;12390,6;;25824,3;7267,2;29611,1;26398,7;5046,9;28524,8;20395,6;21707,5;22865,1;5683,2;3186,1;9453,3;23431,8;10700,5;31036,3;34630,2;14179,5;44989,4;25671,5;35896,2;24476,1;19355,8;13872,4;43315,7;31291,6;19334,6;20065,1;20855,0;11861,3;22557,9;33697,9;13362,5;27994,7;18491,7;40887,1;11124,0;20463,3;8036,0;9382,3;18748,2;8807,4;29700,4;6742,2;23178,0;18729,2;24542,1;33662,9;22014,9;11928,9;23446,4;10608,5;11583,5;33433,7;45103,4;23592,2;5473,3;27184,6;25600,0;;20148,6;28404,4;16201,9;5982,9;8424,1;26582,7;;35004,5;15745,8;23614,8;23060,6;20168,5
Nossa Senhora dos Remédios;34361,7;14086,4;15517,3;28877,9;27598,4;14107,8;10166,8;32638,4;18680,7;16209,4;39260,5;30005,7;19696,9;25816,3;21795,0;21313,8;46802,3;44067,0;21387,0;3408,9;46691,9;14578,8;6170,9;30841,0;27467,5;14877,1;28975,3;33717,1;6443,2;25821,8;46044,8;13813,6;39386,3;8191,3;9247,7;31691,2;12404,9;18125,1;6000,3;23552,2;15741,9;29077,0;30659,5;37026,8;26816,5;4298,6;9337,5;26014,5;29856,1;10853,5;39867,5;41798,5;12546,8;32344,7;14739,5;10404,0;11149,5;9827,5;13136,6;10401,9;32224,8;27243,9;33087,4;41248,7;47323,4;49948,4;34810,2;45211,2;40144,9;35389,7;14217,1;11386,7;40549,9;23644,8;;11549,0;21023,3;32155,9;7448,1;39719,3;29727,5;28504,8;20119,9;20762,8;20689,8;27932,4;26383,6;30101,6;25258,9;45266,6;26549,7;45107,6;16438,8;14165,2;22686,6;24156,5;30580,0;27488,1;29792,6;31146,3;27623,7;17714,1;11630,8;23868,7;36804,0;8311,6;6771,4;7443,9;15153,0;47695,8;40239,1;4299,0;10200,6;37995,8;13169,8;23543,7;14493,5;30178,9;15294,4;5101,1;5730,6;32825,5;28867,1;29242,7;30380,8;5153,3;2855,9;14387,7;12648,3;13087,9;28153,4;41427,1;47748,9;4828,9;10528,1;23141,0;12204,3;9598,0;0,0;34904,3;21075,4;15467,0;26745,9;14138,0;29302,5;31114,8;30030,8;35854,7;14430,9;23793,3;48079,2;13889,2;;30483,1;12143,8;34269,9;31057,5;10837,6;33183,6;25054,4;29314,7;28578,4;8682,4;8976,8;2567,3;28090,5;17355,1;35695,1;39289,0;18838,3;49648,2;30330,2;40555,0;29134,9;24014,6;18897,3;47974,5;35950,4;23993,4;24723,9;25513,8;16520,1;27216,7;38356,7;18021,2;32653,5;23150,5;45545,9;15782,8;25122,1;13624,7;16437,2;23407,0;5200,5;34359,2;10253,8;27836,8;23388,0;29200,9;38321,7;26673,7;16587,7;28105,2;18215,7;16019,2;38092,5;49762,2;28251,0;13203,0;31843,4;30258,8;;24807,4;33063,2;20860,7;9313,7;6191,6;31241,5;;39663,3;20404,6;28273,6;27719,4;24827,3
Nova Santa Rita;10552,0;21294,4;20586,8;16544,2;15264,7;27214,8;27396,7;19237,4;18755,9;19188,2;16082,6;24435,3;17635,7;13067,0;16234,0;26350,8;31991,8;36706,7;16258,2;34582,3;33290,9;20988,5;35640,9;4986,5;13778,1;27568,4;19414,1;11864,0;32492,0;13863,5;33132,9;39933,7;15953,4;30958,5;33042,8;13019,3;39705,5;27006,6;32371,7;14469,2;42685,3;16412,4;6298,8;5325,6;14482,9;37445,5;29414,9;20444,1;13387,8;32291,2;9298,5;18620,6;40275,1;15611,6;25474,0;40580,0;36574,0;30665,0;38561,1;28816,9;18823,8;10913,4;7514,7;17815,8;33922,4;36547,5;21409,2;31810,2;27389,0;14447,9;24837,2;25822,6;17117,0;14199,3;;35236,0;19815,5;17429,5;38226,4;16286,4;13834,5;9224,2;16335,1;16631,7;17778,4;15598,8;14050,0;17768,0;11915,3;31865,6;20979,3;21929,7;21280,2;41942,2;16525,8;14193,1;6822,1;9936,1;17985,7;7985,7;14002,5;19496,0;31750,6;18298,3;10566,3;39089,9;39215,8;29078,9;30568,9;34294,8;17061,1;32730,7;33851,2;9919,2;24447,8;20257,7;21104,3;24608,5;42094,2;37749,8;38379,3;19424,5;16202,6;23672,3;15859,4;37802,0;34412,0;22034,1;35656,4;23488,7;15819,7;28026,1;28889,3;37157,5;40848,8;14462,9;25523,2;30174,8;34850,8;0,0;17964,5;30373,5;11713,5;20890,5;15613,1;8163,2;13562,5;22453,8;23072,5;13275,7;34678,2;41666,2;;9869,8;26579,7;12416,9;16546,1;34028,2;9475,1;13362,4;20419,0;16244,8;34958,8;32461,7;35621,7;22520,1;22565,6;7784,4;25888,0;18913,3;36247,2;12360,7;33861,5;15981,1;11777,5;20965,6;41281,0;22549,4;14107,8;14340,2;13180,1;20066,4;8390,8;15178,8;21814,0;6436,8;12901,7;32144,9;20573,4;16550,7;37311,7;24915,7;11900,2;37529,2;8121,5;36017,8;12354,5;14312,2;16867,2;14888,8;15770,9;20672,1;10313,0;25177,8;24240,2;14659,5;36361,2;21557,5;30735,6;15238,2;4990,9;;13644,2;14778,6;14468,6;26132,2;29261,0;24548,0;;16230,4;15275,8;8352,8;15385,7;10813,2
Novo Oriente do Piauí;17078,4;7509,2;7901,4;11594,5;10315,0;13373,5;13555,4;23329,5;10055,4;9006,2;25357,2;20696,8;3481,6;8533,0;8512,4;12441,9;37493,4;34758,1;2980,2;20741,0;37383,1;7147,2;21799,6;13877,9;10184,1;13727,1;19666,4;16433,7;18650,7;8538,5;36735,9;26092,4;25228,0;17117,2;19201,5;22293,9;25864,2;13097,8;18530,4;8273,8;28844,0;11793,6;13376,2;20063,7;9533,2;23604,2;15573,6;16705,6;20547,2;18449,9;22904,4;27895,2;26433,8;15061,3;11565,2;26738,7;22732,7;16823,7;24719,8;14975,6;22916,0;10280,8;15835,6;27090,4;38014,5;40639,6;25501,3;35902,4;30836,0;18106,3;10995,9;11981,3;26391,6;6361,4;;21394,7;4625,1;22847,0;24385,1;25561,0;20063,7;11221,5;11245,4;5641,6;9973,1;10649,1;9100,3;12818,3;7975,5;35957,7;17240,8;31204,3;7613,7;28100,9;4084,9;6873,2;13296,6;10204,7;19192,6;13862,9;10340,4;9438,7;17909,3;14559,8;19840,9;25248,6;25374,5;15237,6;16660,0;38386,9;26335,8;18889,4;20009,9;20712,4;10606,5;6348,9;7734,4;20870,1;28252,9;23908,5;24538,0;23516,7;11583,8;19933,8;13097,5;23960,7;20570,7;8192,8;21747,5;9647,4;10870,0;32118,2;38164,0;23316,2;27007,5;10724,5;12553,3;16333,5;21009,5;17941,2;0,0;16464,7;9782,8;7049,2;12019,1;14700,2;20721,9;26545,9;13577,7;6509,9;38770,3;27824,9;;13199,8;12738,4;16986,5;21748,6;20119,3;16769,0;7771,0;13669,0;11295,0;21117,5;18620,4;21780,4;18781,7;8724,3;18411,7;29980,1;8856,0;40339,3;16796,7;31246,1;19826,0;6731,2;6811,5;38665,6;26641,5;7912,2;7440,5;8230,4;8935,5;9933,4;24453,4;7741,6;15370,1;9163,2;36237,0;8195,5;7838,8;23470,4;10761,6;6123,7;23687,8;17396,1;22176,5;14303,3;6104,6;11917,5;24163,4;9390,3;6830,8;12261,7;11269,0;11384,4;23934,2;40453,3;18942,1;16826,7;14560,1;13295,8;;7524,1;23754,3;4642,0;12290,9;15419,7;21932,6;;25505,0;3414,9;10990,3;10436,0;7544,0
Novo Santo Antônio;29500,4;12320,6;13751,5;24016,6;22737,0;7334,1;6822,7;30872,6;16914,8;14443,6;37494,7;28239,9;14723,2;20955,0;20029,2;11508,9;45036,5;42301,2;18006,5;13253,0;44926,1;12813,0;13563,5;26299,9;22606,1;8103,4;27209,5;28855,7;10174,7;20960,5;44278,9;17616,5;37620,5;8641,2;10725,5;29925,4;17388,2;8320,2;11042,4;21786,4;20368,0;24215,6;25798,2;32485,7;21955,2;16116,1;6934,7;24248,7;28090,3;9974,0;35326,4;40032,7;17957,9;27483,3;4934,6;18262,7;14256,8;8347,7;16243,9;6024,4;30459,0;22702,8;28257,7;39482,9;45557,6;48182,7;33044,4;43445,4;38379,1;30528,4;12749,6;9403,1;38784,1;18783,4;;12918,8;19035,8;30390,1;16148,9;37953,5;27961,7;23643,5;18354,1;18894,7;18924,0;23071,1;21522,3;25240,3;20397,6;43500,8;24783,9;43341,8;14673,0;19624,9;17825,3;19295,2;25718,6;22626,8;28026,8;26284,9;22762,4;15948,3;7356,8;22102,9;32262,9;17012,4;17138,3;8956,3;6655,8;45929,9;38473,2;12982,0;11533,9;33134,4;11404,0;16772,2;12727,7;28413,1;19776,9;17526,5;17240,5;31059,7;24005,8;27476,9;25519,5;17894,2;16256,3;12621,9;11743,3;11322,1;22687,4;39661,3;45983,1;15326,5;18531,5;21375,2;11178,8;7857,5;15455,7;30363,2;16418,2;0,0;22204,8;12372,2;24441,2;27122,2;28265,0;34088,9;13405,3;18932,0;46313,4;19348,9;;25621,8;9833,7;29408,6;29291,7;10115,1;29191,1;20193,0;19509,8;20667,4;12641,6;10144,5;15308,2;26324,7;10581,4;30833,8;37523,2;17072,5;47882,4;28564,4;38789,2;27369,1;19153,2;11601,8;46208,7;34184,6;22099,2;19862,5;20652,4;14754,3;22355,4;36590,9;12531,9;27792,1;21384,7;43780,1;14017,0;20260,8;14994,4;7111,7;18545,7;15765,8;29818,2;13700,5;26071,0;18526,7;24339,5;36555,9;21304,1;12642,0;24683,7;8410,8;14476,5;36326,7;47996,4;26485,2;6337,3;26982,1;25717,8;;19946,1;31297,4;18992,5;8875,9;11317,1;29475,7;;37897,5;18441,3;23412,3;22858,1;19966,0
Oeiras;16736,7;13114,9;12407,3;11252,9;9973,4;19035,2;19217,1;18280,5;9968,3;11008,6;19108,2;15647,7;9456,2;8191,3;8054,5;18171,2;32444,3;29709,0;8078,6;26402,8;32334,0;12809,0;27461,4;7628,9;9842,5;19388,9;14617,3;16092,0;24312,4;8320,9;31686,8;31754,2;18979,0;22778,9;24863,2;16044,9;31525,9;18827,1;24192,1;6289,7;34505,7;11452,0;8278,6;13814,7;9191,5;29265,9;21235,4;11656,5;14346,0;24111,7;16655,4;21646,2;32095,6;14719,6;17294,4;32400,4;28394,5;22485,4;30381,6;20637,3;17866,9;1643,8;9875,3;20841,4;32965,4;35590,5;20452,2;30853,3;25786,9;17764,7;16657,6;17643,0;20142,6;6019,7;;27056,5;11635,9;17797,9;30046,9;19312,0;13814,7;6755,7;7547,6;8452,1;8990,9;10307,4;8758,6;12476,6;7633,9;30908,6;12191,7;24955,3;13100,6;33762,6;8346,2;6013,6;8802,0;9863,1;13598,2;11625,8;9998,7;11316,4;23571,0;9510,7;13591,9;30910,3;31036,3;20899,3;22389,3;33337,8;20086,8;24551,1;25671,6;18989,6;16268,2;12078,1;12924,8;15821,0;33914,6;29570,2;30199,8;18467,5;11242,1;14884,7;12755,8;29622,4;26232,5;13854,5;27476,8;15309,1;10528,4;27069,1;31915,0;28978,0;32669,2;5675,4;16735,6;21995,2;26671,3;11692,2;9784,9;22194,0;0,0;12710,9;11677,5;8451,2;14520,7;21496,8;14285,0;6168,3;33721,2;33486,7;;11849,6;18400,2;16644,9;16699,5;25848,6;10520,0;7429,4;15127,7;10953,4;26779,3;24282,2;27442,2;13732,6;14386,1;16854,8;24931,0;10733,8;35290,2;10547,7;26197,0;14776,9;5888,6;12786,1;33616,5;21592,5;5928,2;8394,6;7888,7;11886,8;5428,0;18204,4;13634,4;10968,0;4114,1;31187,9;12393,8;10706,6;29132,1;16736,2;3720,6;29349,6;11147,1;27838,3;8054,3;8707,8;11575,9;17914,4;10228,3;12492,5;6012,7;16998,2;16060,6;17685,2;35404,2;13893,0;22556,0;14218,4;7046,8;;8039,8;17553,1;6289,0;17952,7;21081,4;16883,5;;19256,0;7096,2;10332,6;10094,4;6650,3
Olho D'Água do Piauí;20325,3;561,7;1811,9;14841,5;13562,0;8149,4;6607,9;18933,1;4975,3;2504,1;25555,2;16300,4;5660,6;11780,0;8089,7;15600,4;33097,0;30361,6;7350,6;13793,5;32986,6;542,4;14852,1;16804,6;13431,1;8904,1;15270,0;19680,7;11703,2;11785,5;32339,4;19144,9;25681,0;10169,7;12254,0;17985,9;18916,7;16256,2;11582,9;9846,8;21896,5;15040,6;16623,2;22990,4;12780,2;16656,7;8626,1;12309,2;16150,8;11502,4;25831,2;28093,2;19486,3;18308,3;14070,4;19791,2;15785,2;9876,1;17772,3;8028,1;18519,5;13207,5;19051,0;27543,4;33618,0;36243,1;21104,8;31505,9;26439,6;21353,3;4048,3;5033,8;26844,6;9608,4;;14447,2;6986,9;18450,5;17437,6;26014,0;16022,1;14468,5;6414,6;6726,5;6984,4;13896,0;12347,3;16065,2;11222,5;31561,2;12844,4;31402,2;2733,4;21153,3;8650,3;10120,2;16543,6;13451,7;16087,3;17109,9;13587,4;4008,8;10961,7;10163,4;22767,6;18301,1;18427,0;8290,1;14796,0;33990,4;26533,7;11941,9;13062,4;23959,4;3659,0;9507,3;788,2;16473,6;21305,4;16961,0;17590,5;19120,2;14830,7;15537,4;16344,4;17013,1;13623,2;1245,2;15344,5;2699,9;14117,0;27721,8;34043,6;16368,7;20060,0;9435,6;5605,8;9386,0;14062,0;20867,9;7039,0;12287,2;12709,5;0,0;15266,1;17409,5;16325,5;22149,4;7723,8;9756,9;34373,9;20877,4;;16446,8;5790,9;20233,5;17352,1;13533,7;19478,3;11018,0;16827,4;14542,0;14170,0;11672,9;14832,9;14385,2;4444,8;21658,7;25583,7;5133,0;35942,9;16624,9;26849,7;15429,6;9978,2;4861,0;34269,2;22245,1;10094,5;10687,5;11477,4;2814,8;13180,4;24651,4;3984,9;18617,1;9445,1;31840,6;2077,5;11085,8;16522,8;9216,2;9370,7;16740,3;20322,9;15229,0;14131,5;9351,6;15164,5;24616,4;12637,3;2551,3;14399,9;14427,4;4436,9;24387,2;36056,9;14545,7;12534,0;17807,0;16222,5;;10771,0;19357,9;6824,3;5343,4;8472,2;17536,2;;25958,0;6368,2;14237,3;13683,0;10791,0
Padre Marcos;10882,1;15723,0;16115,2;5186,6;3400,7;21587,3;21769,2;25229,3;16917,2;16657,3;23259,2;22596,6;11695,4;6686,9;13703,2;18810,8;39168,4;36657,8;13612,5;28954,9;39282,8;15361,1;30013,5;11779,9;1999,7;21941,0;21566,2;8314,6;26864,5;6252,0;38635,6;34306,2;23130,0;25331,0;27415,3;20195,9;34078,0;20929,4;26744,2;11938,4;37057,8;2122,3;9875,6;14215,4;3601,9;31818,0;23787,5;18605,4;20454,5;26663,8;18716,3;25797,2;34647,7;3735,3;19533,7;34952,5;30946,5;25037,5;32933,7;23189,4;24815,7;12180,6;9865,9;24992,4;39914,2;42539,3;27401,1;37802,1;32735,8;7353,0;19209,7;20195,1;24293,6;7046,1;;29608,5;15257,4;24606,1;32599,0;23463,0;19929,2;11431,5;14496,4;14100,9;15436,9;2037,0;4402,1;5904,0;4856,1;37857,4;19140,6;29106,3;15827,5;36314,7;10585,5;10097,8;9796,0;6585,2;21092,4;7666,7;4804,7;16965,2;26115,5;16459,6;17742,9;33462,4;33588,3;23451,4;24628,6;40286,6;24237,8;27103,2;28223,7;14516,2;18820,3;14317,4;15948,2;22769,8;36466,7;32122,3;32751,8;25416,4;1912,4;21833,6;6848,3;32174,5;28784,5;16406,6;29298,7;17861,2;6668,5;34017,9;36065,9;31530,1;35221,3;12624,2;20767,1;24547,3;29223,4;15604,1;12024,2;24433,2;11682,6;15263,0;0,0;14257,9;20629,2;28445,6;21104,2;6818,5;40670,1;36038,7;;7197,7;20952,2;6097,7;23648,3;28087,9;16040,0;6055,6;11267,8;7093,6;29331,4;26834,3;29994,2;20681,4;16938,2;12215,5;31879,9;16382,5;42239,1;18455,4;33145,9;21725,8;7892,3;15025,3;40565,4;28541,3;11576,9;7033,4;4603,3;17149,3;11094,5;22355,4;15955,4;9173,9;11063,0;38136,8;16409,4;9243,9;31407,2;18975,4;8023,4;31901,7;15298,1;30390,4;16203,0;7005,4;5003,2;22065,4;8159,4;15044,6;14161,5;19237,5;19598,2;21836,2;42353,1;20841,9;24795,3;3234,1;11159,4;;6337,4;21955,2;11937,8;20504,7;23633,5;23832,4;;23407,0;12745,0;7541,7;3262,2;8705,1
Paes Landim;13670,0;17074,6;16367,0;14958,7;13679,1;23948,8;23567,4;13881,9;13862,7;14968,4;12793,2;19542,1;14369,7;11481,5;12968,1;23084,8;28045,8;31351,2;12992,2;30753,0;27935,4;17722,5;31811,6;4063,5;12430,6;24302,5;14058,6;13224,2;28662,7;12277,9;27777,4;36104,4;12664,0;27129,2;29213,5;8981,9;35876,2;23740,6;28542,4;11203,3;38856,0;15065,0;4713,2;7499,7;12897,3;33616,2;25585,6;15550,9;7146,8;28461,9;10340,4;15331,2;36445,8;15686,2;22208,0;36750,7;32744,7;26835,6;34731,8;24987,6;13468,3;7647,4;6309,9;14526,4;28566,8;31191,9;16053,6;26454,7;22033,4;15808,1;21007,9;21993,3;13827,6;10933,3;;31406,7;16549,5;12074,0;34397,1;12997,0;6621,5;7638,6;11442,0;13365,7;12885,3;14013,2;12464,4;16182,4;10329,7;26510,0;16086,1;18640,3;17060,4;38112,8;13259,8;10927,1;5236,5;8350,6;10772,6;8060,4;12416,9;15525,4;27921,2;13405,1;7276,9;35260,6;35386,5;25249,6;27302,9;28939,2;13771,8;28901,4;30021,9;13037,2;20618,5;16991,7;16884,5;19715,4;38264,9;33920,5;34550,0;14069,0;14855,1;18779,1;14512,0;33972,7;30582,7;18165,2;32304,0;19659,4;14234,1;22670,5;25600,0;33328,2;37019,5;9569,8;20630,0;26345,5;31021,5;8126,8;14698,5;27107,5;8447,5;17377,1;14265,6;0,0;7321,5;17098,2;18179,4;10935,2;29322,7;37836,9;;8284,2;22750,4;13777,1;10647,9;30493,2;2068,9;11776,9;18833,5;14659,2;31129,5;28632,4;31792,4;17627,0;19299,6;10902,4;20532,5;15647,3;30891,7;5147,6;28506,0;8994,4;9437,0;17699,6;35925,4;17193,9;10841,8;12754,7;11594,5;15846,6;6805,2;11889,4;18548,0;7402,6;8682,2;26789,3;16353,6;14965,2;33482,4;21649,7;8634,2;33699,8;4832,1;32188,5;5141,4;12726,6;15281,6;11599,4;14185,3;17406,1;3099,9;21911,8;20020,4;11370,2;31005,7;16201,9;27469,6;15312,9;3481,3;;12058,7;10353,9;11202,6;22302,9;25431,7;19192,4;;12941,0;12009,8;6767,2;13800,2;8472,8
Pajeú do Piauí;15296,2;16015,4;15307,9;21321,7;20042,2;24049,7;22508,2;7215,6;12803,5;13909,2;9884,9;14804,8;20402,5;17844,5;12931,4;29117,6;21379,5;24684,9;18745,5;29693,8;21269,1;16758,6;30752,4;10341,7;18793,7;24804,4;7392,3;18652,3;27603,5;18641,0;21111,1;35045,2;10010,7;26070,0;28154,3;2315,6;34817,0;29773,4;27483,2;14688,5;37796,8;21428,1;11076,3;9125,9;19260,4;32557,0;24526,4;11923,5;280,2;27402,7;11966,6;12422,9;35386,6;21993,0;28240,8;35691,5;31685,5;25776,5;33672,6;23928,4;6802,0;13721,7;12616,7;11873,1;21900,5;24525,6;9387,4;19788,4;15367,1;21236,2;19948,7;20934,1;11174,3;16966,1;;30347,5;21104,2;5407,7;33337,9;10343,7;2709,3;14001,7;10382,8;17572,6;11826,1;20376,3;18827,5;22545,5;16692,8;19843,7;13482,6;15731,9;16001,2;37053,7;19292,6;16959,9;11599,6;14713,6;6360,7;14367,2;18780,0;14466,2;26862,0;10801,6;8579,2;34201,4;34327,3;24190,4;30696,3;22272,9;10863,4;27842,2;28962,7;14663,5;19559,3;23024,5;15825,4;13571,6;37205,7;32861,3;33490,8;7402,7;21218,2;15435,5;20875,0;32913,5;29523,5;17106,0;31244,8;18600,2;20597,2;16004,2;22326,1;32269,0;35960,3;11612,9;19570,8;25286,3;29962,3;13605,1;20731,3;28187,5;14521,8;16317,9;20628,7;7308,7;0,0;10431,9;17120,2;17009,6;22656,4;36777,7;;14647,3;21691,2;19205,1;3981,6;29434,0;8888,3;18139,9;25196,5;21022,2;30070,3;27573,2;30733,2;14283,3;20378,7;12528,6;13866,2;14975,0;24225,4;4568,4;21839,7;3073,8;15511,3;20794,8;29259,1;10527,6;15129,7;19117,8;17957,6;14787,4;13082,1;8981,1;19918,7;13709,4;11622,4;20123,1;15294,4;21328,2;32423,2;25150,1;14667,0;32640,6;5755,2;31129,3;6830,2;19089,7;21644,7;8946,1;20548,4;18485,2;8968,8;27944,6;18961,2;8716,9;24339,4;9535,6;28434,3;21619,7;9844,4;;18421,7;3687,6;16993,8;21243,7;24372,5;12526,2;;10287,7;17763,0;13130,3;20163,2;14547,1
Palmeira do Piauí;24185,9;21844,4;21136,8;28028,2;26748,7;29878,7;28337,2;3216,4;18632,5;19738,1;15744,5;14605,6;26231,5;24966,6;18760,3;34946,5;12859,7;14584,4;24574,4;35522,8;12749,3;22587,6;36581,4;19231,3;26617,8;30633,3;7193,1;27541,9;33432,4;25096,3;12591,3;40874,2;16790,9;31898,9;33983,2;11205,2;40645,9;35602,4;33312,1;20517,4;43625,8;28227,3;20127,0;18015,5;25966,8;38385,9;30355,4;11724,2;10267,4;33231,7;20856,3;13317,9;41215,6;30882,7;34069,8;41520,4;37514,5;31605,4;39501,6;29757,3;4996,6;22608,7;21506,3;20762,7;13380,8;16005,9;1814,7;11268,6;6847,3;30125,8;25777,6;26763,1;20063,9;22795,1;;36176,5;26933,2;6631,2;39166,9;18992,3;12496,2;23052,4;16211,7;23401,5;17655,0;27082,7;25533,9;29251,9;24409,2;11324,0;14422,7;11982,5;21830,2;42882,6;25121,6;22788,9;20650,3;23764,3;16147,6;23256,8;26774,0;20295,1;32691,0;11992,7;17468,8;40030,3;40156,3;30019,3;36525,3;13753,1;14485,6;33671,2;34791,7;23553,1;25388,2;28853,5;21654,3;13372,4;43034,6;38690,3;39319,8;5232,9;28017,4;15236,2;29531,1;38742,4;35352,5;22935,0;37073,7;24429,2;27303,7;7484,5;13806,3;38098,0;41789,2;17441,8;25399,8;31115,3;35791,3;22494,7;26560,2;34016,4;21501,8;22146,9;28452,8;17095,7;10442,1;0,0;22949,1;22943,6;14136,6;42606,7;;23698,0;27520,2;28094,8;12631,5;35263,0;17777,9;24204,7;31903,0;27728,7;35899,3;33402,2;36562,2;14084,1;26207,7;21418,3;5346,4;20804,0;15705,6;14355,3;19631,2;12860,8;22663,9;26623,8;20817,9;2007,8;20958,6;25170,0;24664,1;20616,4;22219,0;16368,2;25747,7;22599,0;17451,3;11603,3;21123,4;27481,9;38252,1;30979,1;20496,0;38469,6;14644,8;36958,3;16617,1;25483,1;28351,2;17835,7;27003,6;24314,1;18755,8;33773,6;24790,2;17606,5;15819,6;9336,4;34263,3;30509,3;18819,1;;24815,1;12577,2;22822,8;27072,7;30201,5;12326,9;;19048,3;23592,0;22181,0;26869,7;23425,6
Palmeirais;26152,1;7642,1;7477,1;20668,3;19388,8;10001,7;7690,4;19724,5;5766,8;6078,4;26346,6;17091,8;13270,5;17606,7;8881,2;21727,3;33888,4;31153,1;11135,8;14232,0;33778,1;8152,3;15290,6;18991,0;19257,9;10756,4;16061,4;25507,5;12785,7;17736,4;33130,9;20227,4;26472,5;11252,2;13336,5;18777,4;19999,2;18538,5;12021,3;10638,3;22979,0;20867,4;19640,8;25176,8;18607,0;17095,1;9708,6;13100,6;16942,2;12584,9;28017,6;28884,6;20568,8;24135,1;15153,0;20832,0;16867,7;10958,6;18854,8;9110,6;19311,0;15394,0;21237,4;28334,8;34409,5;37034,6;21896,3;32297,4;27231,0;27180,1;3736,4;6419,7;27636,0;15435,2;;15529,7;13273,4;19242,0;17876,1;26805,5;16813,6;18117,9;7206,0;9741,8;7775,9;19722,8;18174,0;21892,0;17049,3;32352,7;13635,8;32193,7;8170,4;22235,8;16260,2;15429,0;20164,1;19278,5;16878,7;22936,7;19414,1;6635,4;12044,2;10954,8;24954,0;18739,5;18865,5;8728,5;15878,5;34781,9;27325,2;12380,4;14144,9;29786,2;7290,3;17117,2;7964,0;17265,1;22387,9;17263,3;17892,8;19911,7;20657,5;16328,8;22171,2;17315,4;13925,5;7094,0;16427,0;5037,9;19943,8;28513,2;34835,1;16807,2;20956,1;10227,1;2578,3;10468,5;14364,3;23054,3;13568,3;13369,7;14287,1;7711,6;21092,9;18200,9;17117,0;22940,9;0,0;15583,7;35165,3;21959,9;;22273,5;7176,8;26060,3;18143,6;14616,2;20269,8;16844,8;24437,3;20368,8;15252,5;12755,4;15135,2;15176,7;12054,7;27485,5;26375,1;7144,3;36734,3;17416,4;27641,1;16221,0;15399,1;12470,9;35060,6;23036,5;11079,5;17810,1;17304,2;6956,6;16790,1;25442,8;11594,8;22330,1;10236,6;32632,0;7463,6;18695,7;17605,4;13542,7;13136,0;17178,8;22216,9;16311,5;14922,9;16961,5;20991,3;25407,8;19643,7;10161,2;15191,3;18629,2;4007,7;25178,6;36848,3;15337,1;13616,5;23633,8;18408,9;;17455,2;20149,3;9384,2;5567,3;8774,5;18327,6;;26749,5;10153,4;20064,0;19509,8;16160,8
Paquetá;11879,5;10216,9;10609,1;6395,7;5116,2;16081,2;16263,1;19723,2;11411,1;11151,2;20702,2;17090,5;6189,3;3334,1;8197,1;14904,4;33887,1;31151,8;8106,4;23448,8;33776,7;9855,0;24507,4;9222,9;4985,3;16434,9;16060,1;11234,9;21358,4;3463,8;33129,5;28800,2;20573,0;19824,9;21909,2;17638,9;28571,9;15560,2;21238,1;6432,4;31551,7;6594,8;8177,3;15212,8;4334,4;26311,9;18281,4;13099,3;16849,0;21157,7;18249,4;23240,2;29141,6;9862,5;14027,6;29446,4;25440,5;19531,4;27427,6;17683,3;19309,6;6674,5;10636,8;22435,4;34408,2;37033,2;21895,0;32296,0;27229,7;12907,5;13703,6;14689,0;21736,6;2109,0;;24102,5;9751,3;19240,7;27092,9;20906,0;16317,7;6179,8;8990,3;8594,8;9930,8;5450,2;3901,4;7619,4;2776,7;32351,3;13634,5;26549,3;10321,4;30808,6;5079,4;4591,7;8097,8;5005,9;15586,3;8664,1;5141,5;11459,1;20609,5;10953,5;15185,9;27956,3;28082,3;17945,3;19122,5;34780,6;21680,8;21597,1;22717,6;15513,5;13314,2;8811,3;10442,1;17263,7;30960,6;26616,2;27245,8;19910,3;6384,9;16327,5;7898,6;26668,4;23278,5;10900,5;24210,0;12355,1;5671,2;28511,9;33508,9;26024,0;29715,2;7118,1;15261,0;19041,2;23717,3;13286,2;6518,1;18927,2;6176,5;9756,9;6820,3;10954,2;17023,7;22939,5;15598,1;0,0;35164,0;30532,7;;8000,9;15446,1;11787,7;18142,3;22581,8;13023,0;2572,2;10270,5;6096,2;23825,3;21328,2;24488,2;15175,3;11432,1;13212,9;26373,8;10876,4;36733,0;13050,7;27639,8;16219,7;1689,5;9519,2;35059,3;23035,2;6070,9;3537,5;3031,6;11643,2;4891,6;19798,4;10449,3;10171,3;5556,9;32630,7;10903,3;6089,1;26178,1;13469,3;2517,4;26395,6;12741,1;24884,3;10557,3;3850,6;6718,7;19508,4;5371,1;9538,5;8515,7;13731,4;14092,1;19279,2;36847,0;15335,8;19289,2;9361,2;8602,4;;3182,6;19398,2;6431,7;14998,7;18127,4;18326,3;;20850,0;7238,9;5791,4;5237,2;2502,2
Parnaguá;36396,3;34054,8;33347,3;40238,7;38959,2;42089,2;40547,6;15426,9;30842,9;31948,6;20760,3;26816,0;38441,9;37177,1;30970,8;47157,0;7144,6;28240,6;36784,9;47733,3;9108,2;34798,1;48791,9;31441,8;38828,2;42843,8;19403,5;39752,4;45642,9;37306,7;16221,2;53084,6;21806,7;44109,4;46193,7;23415,7;52856,4;47812,9;45522,6;32727,9;55836,2;40437,8;32337,5;30226,0;38177,3;50596,4;42565,8;23934,7;22477,9;45442,1;33066,7;18333,7;53426,1;43093,1;46280,2;53730,9;49724,9;43815,9;51712,1;41967,8;17207,0;34819,2;33716,8;28303,5;3481,6;5629,7;14025,1;5553,6;15590,3;42336,3;37988,1;38973,5;25834,9;35005,5;;48386,9;39143,6;18841,6;51377,3;24008,1;24706,7;35262,9;28422,2;35612,0;29865,5;39293,2;37744,4;41462,4;36619,7;8571,8;26633,2;18677,5;34040,6;55093,1;37332,0;34999,4;32860,8;35974,8;28358,1;35467,3;38984,5;32505,6;44901,5;24203,1;29579,8;52240,8;52366,7;42229,8;48735,7;7825,2;19501,4;45881,6;47002,1;35763,6;37598,7;41063,9;33864,8;25582,8;55245,1;50900,7;51530,2;17443,4;40227,9;27446,7;41741,6;50952,9;47562,9;35145,4;49284,2;36639,6;39514,2;10421,2;8462,5;50308,4;53999,7;29652,3;37610,2;43325,7;48001,7;34705,2;38770,7;46226,9;33712,3;34357,3;40663,3;29306,1;22652,6;14122,6;35159,6;35154,1;0,0;54817,1;;35908,4;39730,6;40305,2;24841,9;47473,5;29988,4;36415,1;44113,5;39939,2;48109,8;45612,6;48772,6;26294,5;38418,1;33628,7;9341,0;33014,5;5535,8;26565,8;27999,3;25071,3;34874,4;38834,3;28711,8;13285,8;33169,1;37380,4;36874,5;32826,8;34429,5;21384,1;37958,2;34809,5;29661,8;4502,2;33333,8;39692,4;50462,6;43189,5;32706,4;50680,1;26855,2;49168,7;28827,6;37693,6;40561,7;24411,8;39214,1;36524,6;30966,2;45984,0;37000,7;23524,3;3216,3;21546,8;46473,8;42719,8;31029,5;;37025,6;24787,7;35033,2;39283,1;42411,9;24537,4;;24064,1;35802,4;34391,4;39080,2;35636,1
Parnaíba;41209,5;20934,2;22365,0;35725,7;34446,2;18959,7;14636,0;39486,2;25528,4;23057,2;46108,3;36853,5;26544,7;32664,1;28642,8;25213,2;53650,1;50914,7;28234,8;13677,2;53539,7;21426,5;9838,1;37688,8;34315,3;19729,0;35823,1;40564,8;12592,2;32669,6;52892,5;2954,4;46234,1;12868,8;9194,5;38539,0;3108,9;22024,5;13923,2;30399,9;2361,5;35924,8;37507,3;43874,6;33664,3;11526,3;13691,5;32862,3;36703,9;12375,8;46715,3;48646,3;6708,0;39192,5;18638,9;4301,1;5424,0;12129,5;5983,5;14755,8;39072,6;34091,7;39935,2;48096,5;54171,1;56796,2;41658,0;52059,0;46992,7;42237,5;21363,2;18016,7;47397,7;30492,5;;12320,1;27871,0;39003,7;7072,4;46567,1;36575,2;35352,6;26967,7;27610,6;27537,5;34780,2;33231,4;36726,6;32106,7;52114,3;33397,5;51955,3;23286,5;1394,4;29534,4;31004,3;37427,7;34335,9;36640,4;37994,1;34471,5;24561,9;15163,8;30716,5;43651,8;7935,8;8240,9;16901,8;16575,4;54543,5;47086,8;16156,8;11349,1;44843,5;20017,6;30391,5;21341,3;37026,7;1914,0;9874,6;9229,1;39673,3;35714,9;36090,5;37228,6;11599,5;14232,6;21235,5;14070,7;19935,7;33345,2;48274,8;54596,7;10265,6;4569,9;29988,7;19792,3;12405,8;14031,8;41752,1;27923,2;19366,4;33593,7;20985,8;36150,3;37962,6;36878,6;42702,5;22018,9;30641,1;54927,0;0,0;;37330,9;18773,8;41117,7;37905,2;12260,0;40031,4;31902,2;30439,7;31325,2;8372,0;10399,1;11909,0;34938,3;22207,0;42542,9;46136,8;25686,1;56496,0;37178,0;47402,8;35982,7;30862,4;25379,0;54822,3;42798,2;30841,2;31571,7;32361,5;23367,8;34064,5;45204,5;24869,0;39501,2;29998,2;52393,7;22630,6;31969,9;12249,4;20888,9;30254,8;10432,0;41207,0;7815,0;34684,6;30235,8;36048,7;45169,5;33521,5;23435,4;34953,0;22115,1;23090,1;44940,3;56610,0;35098,8;16979,8;38691,2;37106,6;;31655,2;39911,0;27708,5;17489,5;18460,6;38089,3;;46511,1;27252,4;35121,4;34567,2;31675,1
Passagem Franca do Piauí;;;;;;;;;;;;;;;;;;;;;;;;;;;;;;;;;;;;;;;;;;;;;;;;;;;;;;;;;;;;;;;;;;;;;;;;;;;;;;;;;;;;;;;;;;;;;;;;;;;;;;;;;;;;;;;;;;;;;;;;;;;;;;;;;;;;;;;;;;;;;;;;;;;;;;;;;;;;;;;;;;;;;;;;;;;;;;;;;;;;;;;;;;;;;;;;;;;;;;;;;;;;;;;;;;;;;;;;;;;;;;;;
Patos do Piauí;7800,1;16886,7;17278,9;8700,0;7420,5;22751,0;22932,9;20441,5;18080,9;17821,0;17286,6;23760,3;12859,1;6923,9;14866,9;21574,2;33195,8;37821,6;14776,2;30118,6;34495,0;16524,8;31177,2;5807,3;5371,4;23104,7;20618,2;7155,5;28028,2;7720,4;34337,0;35470,0;17157,5;26494,7;28579,0;14223,3;35241,7;22230,0;27907,9;13102,1;38221,5;8005,8;3903,0;9935,9;6499,6;32981,7;24951,2;19769,1;14481,9;27827,5;14436,7;19824,6;35811,4;8526,8;20697,4;36116,2;32110,2;26201,2;34097,4;24353,1;20027,9;11035,5;3200,7;19019,8;35126,4;37751,5;22613,2;33014,3;28593,0;9739,4;20373,4;21358,8;18321,0;8209,9;;30772,3;16421,1;18633,6;33762,7;17490,5;13956,6;7800,5;15660,1;15264,6;16600,6;7270,6;7318,8;9923,7;5772,1;33069,6;20304,3;23133,7;16991,2;37478,4;11749,2;11261,5;3823,4;3793,0;18107,8;4584,7;5829,0;18128,9;27279,2;17623,3;11770,3;34626,1;34752,1;24615,1;25792,3;35498,8;18265,2;28266,9;29387,4;11434,2;19984,0;15481,1;17111,9;23933,5;37630,4;33286,0;33915,6;20628,6;7795,9;22997,3;7452,7;33338,2;29948,3;17570,3;30879,8;19024,9;9585,2;29230,1;30093,4;32693,8;36385,0;13787,9;21930,8;25711,0;30387,1;9870,6;13187,9;25597,0;11835,6;16426,7;7206,4;8285,3;14656,6;23657,8;22267,8;7982,2;35882,3;37202,4;;0,0;22115,9;7708,3;17750,2;29251,6;10067,4;7219,3;14184,5;10010,2;30495,1;27998,0;31158,0;21845,1;18101,8;9133,5;27092,1;17546,2;37451,3;12482,8;34309,6;16329,6;9056,0;16189,0;41729,1;23753,5;12740,6;8197,1;7036,9;18313,0;7595,7;16382,9;17119,1;4730,1;12226,7;33348,9;17573,1;10407,6;32847,9;20139,1;9187,1;33065,4;9325,6;31554,1;12476,6;8169,1;9023,0;16092,8;9627,7;16208,3;10435,1;20401,2;20761,9;15863,6;37565,2;22005,6;25959,0;8153,4;5186,8;;7501,1;15982,6;13101,5;21668,5;24797,2;24996,1;;17434,5;13908,6;2209,6;7541,5;9868,8
Pau D'Arco do Piauí;26076,4;5801,1;7231,9;20592,5;19313,0;4453,7;4442,4;24353,1;10395,3;7924,1;30975,1;21720,3;11411,6;17531,0;13509,7;18479,3;38517,0;35781,6;13101,7;11628,0;38406,6;6293,4;12686,6;22555,7;19182,1;5208,3;20690,0;25431,7;9537,7;17536,5;37759,4;16979,4;31101,0;8004,2;10088,5;23405,9;16751,2;15290,5;9417,4;15266,8;19731,0;20791,6;22374,2;28741,4;18531,2;14491,2;6460,6;17729,1;21570,7;9336,9;31582,2;33513,1;17320,8;24059,3;11905,0;17625,7;13619,7;7710,6;15606,8;5862,6;23939,5;18958,6;24802,0;32963,4;39038,0;41663,1;26524,8;36925,9;31859,5;27104,3;6230,1;757,1;32264,5;15359,4;;12281,7;12737,9;23870,5;15272,1;31434,0;21442,1;20219,5;11834,5;12477,5;12404,4;19647,1;18098,3;21816,3;16973,5;36981,2;18264,3;36822,2;8153,4;18987,8;14401,3;15871,2;22294,6;19202,8;21507,2;22860,9;19338,4;9428,8;8796,2;15583,3;28518,7;16135,6;16261,5;6124,6;12630,5;39410,4;31953,7;9776,4;10896,9;29710,4;4884,4;15258,3;6208,2;21893,6;19139,9;15144,5;15774,0;24540,2;20581,8;20957,3;22095,5;15196,6;11806,7;6102,4;13179,0;4802,6;19868,0;33141,7;39463,6;14203,2;17894,5;14855,6;4935,2;7220,5;12088,5;26618,9;12790,0;9830,6;18460,6;5852,7;21017,2;22829,4;21745,5;27569,4;7161,7;15508,0;39793,8;18711,9;;22197,8;0,0;25984,5;22772,1;11368,2;24898,3;16769,0;22578,4;20293,1;12004,5;9507,4;13016,4;19805,2;7686,3;27409,7;31003,7;10552,9;41362,9;22044,9;32269,7;20849,6;15729,2;10612,0;39689,1;27665,1;15708,0;16438,5;17228,4;8234,7;18931,4;30071,4;9735,9;24368,1;14865,1;37260,5;7497,5;16836,8;14357,4;10003,7;15121,7;14574,8;26073,9;13063,5;19551,4;15102,7;20915,5;30036,3;18388,3;8302,3;19819,9;15381,2;7957,0;29807,1;41476,8;19965,6;10368,5;23558,1;21973,5;;16522,1;24777,8;12575,3;3965,5;6655,7;22956,1;;31378,0;12119,2;19988,3;19434,0;16542,0
Paulistana;6902,6;20683,1;21075,3;10270,3;8484,5;26547,4;26729,3;24834,0;21877,2;21617,4;21679,2;27556,6;16655,5;11646,9;18663,3;23894,5;37588,4;41617,9;18572,6;33914,9;38887,5;20321,1;34973,5;10704,7;7445,5;26901,0;25010,7;2465,8;31824,5;11335,7;38729,5;39266,3;21550,0;30291,1;32375,3;18615,8;39038,1;26013,1;31704,2;16898,5;42017,9;7190,6;11425,6;10394,2;8685,7;36778,1;28747,5;23565,4;18984,3;31623,8;14895,1;24217,2;39607,7;4820,4;24493,8;39912,5;35906,6;29997,5;37893,7;28149,5;24420,4;16543,8;7957,7;22370,3;39518,9;42144,0;27005,8;37406,8;32985,5;3143,6;24169,8;25155,2;22713,5;12006,2;;34568,6;20217,4;23026,1;37559,0;21883,0;19465,0;14489,7;19456,5;19061,0;20396,9;7120,7;9485,9;9896,6;9816,2;37462,1;24100,6;27526,2;20787,6;41274,7;15545,5;15057,8;11346,0;9189,6;23616,1;5758,4;9415,0;21925,2;31075,6;21419,6;16162,9;38422,5;38548,4;28411,5;29588,6;39891,3;22657,7;32063,3;33183,8;10536,7;23780,4;19277,4;20908,2;27729,9;41426,8;37082,4;37711,9;25021,1;5889,7;26793,6;11038,7;37134,5;33744,6;21366,7;34382,4;22821,3;11752,2;33622,7;34485,9;36490,1;40181,3;17584,3;25727,2;29507,4;34183,4;12417,2;16984,2;29393,3;16642,6;20223,1;6094,8;13793,7;19159,1;28050,3;26064,2;11778,5;40274,8;40998,8;;7703,5;25912,3;0,0;22142,7;33047,9;15347,2;11015,6;16351,5;12177,3;34291,4;31794,3;34954,3;25641,5;21898,2;8236,0;31484,6;21342,6;41843,8;17991,2;38105,9;21577,7;12852,4;19985,4;45525,4;28146,0;16537,0;11993,5;9687,0;22109,3;14021,3;20775,4;20915,4;7265,6;16023,0;37741,5;21369,4;14203,9;36490,9;23935,5;12983,5;36861,7;13718,1;35350,4;17984,9;11965,4;10086,9;20485,3;13243,1;20004,7;15943,4;24197,5;24558,3;20256,1;41957,8;25801,9;29755,3;4632,4;10591,4;;11297,4;20375,2;16897,8;25464,8;28593,6;28792,4;;21827,0;17705,0;9091,7;8708,1;13665,1
Pavussu;18162,6;17047,0;16339,5;23230,9;21951,4;25081,4;23539,8;9415,0;13835,1;14940,8;12751,2;17004,3;21434,2;20169,3;13963,0;30149,2;23578,9;26884,3;19777,1;30725,5;23468,6;17790,2;31784,1;13208,0;21820,5;25836,0;9591,8;21518,6;28635,1;20298,9;23310,5;36076,8;12877,0;27101,6;29185,9;5181,9;35848,6;30805,1;28514,8;15720,1;38828,4;23430,0;14103,7;11992,2;21169,5;33588,6;25558,0;13979,0;4244,1;28434,3;14833,0;15289,2;36418,2;24859,4;29272,4;36723,1;32717,1;26808,1;34704,3;24960,0;9001,5;16160,8;15483,0;14739,4;24100,0;26725,1;11586,8;21987,9;17566,6;24102,5;20980,3;21965,7;14040,6;17997,7;;31379,1;22135,8;7607,1;34369,5;13210,0;4687,0;16849,0;11414,4;18604,2;12857,7;22285,4;20736,6;24454,6;19611,9;22043,2;14514,2;18598,3;17032,8;38085,3;20324,2;17991,6;14627,0;17741,0;7392,3;17233,5;21807,4;15497,8;27893,7;11833,2;11445,5;35233,0;35358,9;25222,0;31728,0;24472,4;13729,8;28873,8;29994,3;17529,8;20590,9;24056,1;16857,0;15771,1;38237,3;33892,9;34522,4;9602,2;23220,1;17207,2;23902,4;33945,1;30555,1;18137,6;32276,4;19631,8;22506,4;18203,7;24525,6;33300,7;36991,9;12644,5;20602,5;26317,9;30994,0;16471,4;21762,9;29219,1;16704,5;17349,5;23655,5;10913,4;4418,8;12631,4;18151,8;18146,3;24855,8;37809,3;;17674,7;22722,8;22071,5;0,0;30465,7;11754,6;19407,3;27105,7;22931,4;31102,0;28604,8;31764,8;16055,1;21410,3;15395,0;16065,6;16006,7;26424,8;6642,4;24039,1;2665,7;17866,6;21826,5;31458,6;12727,0;16161,3;20372,6;19866,7;15819,0;15521,2;11847,4;20950,4;16575,7;12654,0;22322,5;16326,0;22684,6;33454,8;26181,7;15698,6;33672,3;8621,5;32161,0;8904,2;20685,8;23553,9;11812,4;22206,3;19516,8;11042,9;28976,2;19992,9;11583,2;26538,8;11735,1;29466,0;24486,0;12795,8;;20017,8;6553,9;18025,4;22275,3;25404,1;14725,6;;13154,0;18794,7;16157,6;22072,4;16986,2
Pedro II;33152,8;13610,4;15041,3;26421,7;26389,5;11635,9;7312,3;32162,4;18204,7;15733,4;38784,5;29529,7;19221,0;24607,4;21319,1;15161,4;46326,3;43591,0;20911,0;8660,6;46215,9;14102,8;6453,0;29952,4;26258,6;12405,2;28499,3;32508,2;5646,4;24613,0;45568,8;10506,0;38910,3;5545,1;3615,0;31215,2;10277,8;11972,6;8551,5;23076,2;13257,6;27868,1;29450,6;36138,2;25607,7;9476,7;6367,7;25538,5;29380,1;5052,0;38978,9;41322,5;10847,4;31135,8;8587,0;11152,2;7146,3;4805,8;9133,4;7432,1;31748,8;26355,3;31910,1;40772,7;46847,4;49472,5;34334,2;44735,2;39668,9;34180,8;14039,4;10692,9;40073,9;22435,9;;3706,4;20547,3;31679,9;9038,5;39243,3;29251,5;27296,0;19643,9;20286,9;20213,8;26723,5;25174,7;27317,9;24050,0;44790,6;26073,7;44631,6;15962,8;12514,4;21477,8;22947,7;29371,1;26279,2;29316,6;29937,4;26414,8;17238,1;7840,1;23392,7;35915,4;9902,0;10027,9;10229,4;4343,0;47219,8;39763,1;10785,1;1883,5;36786,9;12693,8;20424,7;14017,5;29703,0;12666,5;10416,0;10130,0;32349,5;27658,2;28766,7;29171,9;12409,2;11663,9;13911,8;1838,2;12612,0;23936,5;40951,1;47272,9;8216,0;11421,0;22665,0;12468,5;5082,0;10863,2;34015,7;20070,7;10112,9;25857,3;13662,0;28093,6;30638,8;29554,8;35378,8;14695,1;22584,4;47603,2;12238,5;;29274,3;11450,0;33061,0;30581,5;0,0;32707,7;23845,5;21031,0;21916,5;5531,1;1937,5;10715,7;27614,5;14883,3;34486,2;38813,0;18362,3;49172,2;29854,2;40079,0;28658,9;22805,7;17760,3;47498,5;35474,4;23517,4;23515,0;24304,9;16044,1;26007,8;37880,7;17545,2;31444,6;22674,5;45069,9;15306,8;23913,2;6708,7;13270,3;22198,2;8655,3;33470,6;6590,1;27360,8;22179,1;27020,0;37845,7;24956,6;16111,7;27629,2;12063,2;15766,3;37616,5;49286,2;27775,0;6187,1;30634,5;29370,2;;23598,5;32587,2;20384,7;10165,7;12606,9;30765,5;;39187,3;19928,6;27064,8;26510,5;23618,4
Pedro Laurentino;12232,7;19151,0;18443,5;16756,6;15477,0;26025,2;25643,8;14510,7;15939,1;17044,8;11355,9;21618,5;16446,1;13279,4;15044,5;25161,2;27265,1;31980,0;15068,6;32829,4;28564,2;19799,0;33888,0;5615,4;14228,5;26378,8;14687,4;14804,8;30739,1;14075,9;28406,2;38180,8;11226,7;29205,6;31289,8;8292,5;37952,6;25817,0;30618,8;13279,7;40932,4;16862,9;6511,1;6062,3;14695,2;35692,6;27662,0;17627,3;8661,0;30538,3;8903,1;13893,9;38522,2;17266,8;24284,4;38827,1;34821,1;28912,0;36808,2;27064,0;14097,1;9723,8;7890,4;13089,1;29195,7;31820,8;16682,5;27083,5;22662,2;17388,7;23084,3;24069,7;12390,3;13009,7;;33483,1;18625,9;12702,8;36473,5;11559,7;8432,4;9436,6;13518,4;15442,1;14961,7;15811,1;14262,3;17980,3;12127,6;27138,8;18162,5;17202,9;19136,8;40189,2;15336,2;13003,5;7034,5;10148,5;12849,0;9640,9;14214,8;17601,8;29997,6;15481,5;5839,6;37337,0;37462,9;27326,0;29379,3;29568,0;12334,4;30977,8;32098,3;11599,9;22694,9;19068,1;18961,0;20866,7;40341,3;35996,9;36626,4;14697,8;16653,0;20855,5;16309,9;36049,1;32659,1;20241,6;34380,4;21735,8;16032,0;23299,4;24162,6;35404,6;39095,9;11646,1;22706,4;28421,9;33097,9;9490,6;16774,9;29184,0;10523,9;19453,5;16063,5;2076,4;8835,8;17727,0;20255,8;13011,6;29951,5;39913,3;;10082,1;24826,8;15357,6;11819,4;32569,6;0,0;13574,8;20631,4;16457,1;33205,9;30708,8;33868,8;19703,4;21376,0;9465,1;21161,3;17723,7;31520,5;6958,6;29134,8;10805,4;11513,4;19776,0;36554,2;17822,7;12918,2;14552,6;13392,4;17923,0;8603,2;10452,1;20624,4;8983,1;10758,6;27418,2;18430,0;16763,1;35558,8;23726,1;10710,6;35776,2;3394,8;34264,9;7217,8;14524,5;17079,5;10162,0;15983,2;19482,5;5176,3;23988,2;22096,8;9932,8;31634,5;16830,8;29546,0;16893,5;5203,2;;13856,6;10051,9;13279,0;24379,3;27508,1;19821,3;;11503,7;14086,2;8565,1;15598,1;10549,2
Picos;11086,7;11478,0;11870,2;5602,9;4323,4;17342,3;17524,2;20984,3;12672,2;12412,3;20768,1;18351,6;7450,4;1237,0;9458,2;16165,5;35148,2;32412,8;9367,5;24709,9;35037,8;11116,0;25768,5;9288,8;4192,5;17696,0;17321,2;10442,0;22619,5;2761,6;34390,6;30061,2;20638,9;21086,0;23170,3;17704,8;29833,0;16821,3;22499,2;7693,4;32812,8;5801,9;7384,5;14420,0;3541,5;27573,0;19542,4;14360,4;17963,4;22418,7;18315,3;23306,1;30402,7;9069,6;15288,7;30707,5;26701,5;20792,5;28688,7;18944,4;20570,7;7935,6;9844,0;22501,3;35669,2;38294,3;23156,0;33557,1;28490,8;12114,7;14964,7;15950,1;21802,5;2801,1;;25363,5;11012,3;20501,7;28353,9;20971,9;17438,1;7801,2;10251,4;9855,9;11191,9;4657,4;3108,6;6826,6;1983,9;33612,4;14895,6;26615,2;11582,5;32069,7;6340,5;5852,8;7304,9;4213,1;16847,3;7871,2;4348,7;12720,2;21870,5;12214,5;15251,8;29217,4;29343,3;19206,4;20383,6;36041,6;21746,7;22858,2;23978,7;14720,7;14575,3;10072,4;11703,2;18524,8;32221,7;27877,3;28506,8;21171,4;5592,1;17588,6;7105,8;27929,5;24539,5;12161,6;25471,0;13616,2;4878,4;29772,9;33574,9;27285,0;30976,3;8379,2;16522,1;20302,3;24978,3;13352,1;7779,2;20188,2;7437,6;11018,0;6027,5;11766,8;18138,1;24200,6;16859,1;2573,5;36425,1;31793,7;;7208,1;16707,2;10994,9;19403,3;23842,8;13548,9;0,0;9477,7;5303,4;25086,3;22589,2;25749,2;16436,4;12693,1;12420,1;27634,9;12137,5;37994,1;14451,5;28900,9;17480,8;3647,3;10780,3;36320,3;24296,3;7331,9;3079,3;2238,7;12904,3;6849,4;19864,3;11710,4;9378,4;6818,0;33891,8;12164,4;5386,9;27439,2;14730,4;3778,4;27656,7;12807,0;26145,3;11958,0;3148,4;5925,9;19574,3;4668,9;10799,6;9916,5;14992,5;15353,2;19345,1;38108,1;16596,8;20550,3;8568,4;8668,3;;2480,4;19464,1;7692,8;16259,7;19388,5;19587,4;;20915,9;8499,9;4998,6;4444,4;4460,0
Pimenteiras;17864,9;17258,5;17650,7;9047,6;9247,3;23122,8;22389,0;28680,0;20367,8;18755,5;27864,2;26047,2;13230,9;10137,5;17153,9;10932,0;42843,8;40108,5;15220,1;27100,6;42733,5;16896,5;27411,0;16384,9;10864,1;23476,4;25016,8;17220,2;24022,3;8121,3;42086,3;27731,4;27735,0;22488,8;24573,1;24800,9;28483,0;13321,7;24889,9;15389,1;30482,9;10725,9;14480,6;21198,1;8465,5;29963,7;20782,3;22056,0;25059,5;23821,5;25411,4;30402,2;30082,7;13993,6;14610,2;29357,5;27414,4;22195,3;26475,3;22508,8;28266,4;15631,2;16848,7;29597,4;43364,9;45990,0;30851,7;41252,8;36186,4;17038,7;20745,2;21730,6;28898,6;10496,8;;24043,4;16865,0;28197,4;29996,5;28068,0;24534,2;15405,5;17947,1;17354,7;18887,5;9581,4;7935,6;9943,8;9080,0;41308,1;22591,2;33711,3;17363,0;30719,7;14036,2;13548,4;14401,0;11309,2;24543,0;14649,4;11444,8;19946,3;21192,0;19910,2;22347,9;30860,0;30985,9;24986,9;19705,0;43737,3;28842,8;26829,6;22921,6;21498,9;20355,8;13111,5;17483,7;26220,5;29891,8;31374,1;31088,0;28867,1;10516,0;25284,2;13831,0;31741,7;30103,9;17942,1;21691,0;19396,7;6562,4;37468,6;40671,0;29174,0;29626,3;16074,9;22302,6;21705,1;29303,3;20448,2;13631,8;19509,7;15133,2;16798,5;11270,1;18862,9;25234,2;31896,3;24420,7;10269,1;44120,7;30443,8;;14180,5;22487,7;16356,0;27099,0;21065,6;20645,0;9506,2;0,0;4542,4;26489,1;22975,7;29155,7;24132,1;18473,6;19198,2;35330,5;19833,2;45689,8;22147,1;36596,5;25176,5;11343,0;16560,8;44016,0;31992,0;15027,6;10484,0;7239,7;18684,8;14545,1;26960,4;17490,9;16156,6;14513,6;41587,4;17944,8;11751,9;23799,5;20510,9;11474,1;29613,3;19903,2;27548,1;19653,7;10137,8;9646,0;26670,4;10028,6;16580,1;17612,1;14314,0;21133,7;26441,2;45803,7;24292,5;19871,8;13492,4;15764,4;;9469,8;26560,2;15388,4;22040,2;25169,0;27283,0;;28012,0;15654,9;12094,7;9368,4;12155,7
Pio IX;13690,6;14999,4;15391,6;4873,3;5073,0;20863,7;21045,6;24505,7;16193,5;15933,7;23689,9;21872,9;10971,8;5963,2;12979,6;12085,4;38669,6;35934,2;12888,9;28231,2;38559,2;14637,4;28373,4;12210,6;6689,8;21217,3;20842,6;13045,9;25175,7;3947,0;37912,0;28613,7;23560,8;23642,2;25535,5;20626,6;29365,3;14204,0;26020,6;11214,8;31365,2;6551,6;10306,3;17023,8;4291,2;31094,4;21935,7;17881,7;20885,2;24974,9;21237,2;26227,9;30965,0;9819,3;15763,6;30239,8;28296,7;23348,7;27357,6;22465,8;24092,1;11456,9;12674,4;25423,1;39190,6;41815,7;26677,4;37078,5;32012,2;12864,4;18486,1;19471,5;24724,3;6322,5;;24925,7;14533,7;24023,1;30958,9;23893,8;20359,9;11231,2;13772,8;13377,3;14713,2;5407,1;3761,3;5769,6;4905,7;37133,8;18417,0;29537,0;15103,9;31602,0;9861,9;9374,1;10226,8;7134,9;20368,7;10475,1;7270,5;16241,5;22345,4;15735,9;18173,6;31822,4;31948,3;22727,8;20858,5;39563,0;24668,5;26379,6;23803,9;17324,6;18096,7;12092,5;15224,6;22046,2;30774,1;31398,7;32028,2;24692,8;6341,8;21110,0;9656,7;31450,8;28060,9;15683,0;22573,2;17137,6;2388,1;33294,3;36496,7;30136,4;30508,6;11900,6;20043,5;22858,5;28499,7;16273,9;11300,5;20663,1;10958,9;14539,4;7095,8;14688,6;21060,0;27722,0;20380,5;6094,9;39946,4;31326,0;;10006,2;20228,6;12181,7;22924,7;21947,9;16470,7;5331,9;4542,4;0,0;27451,5;23858,0;29270,6;19957,8;16214,5;15024,0;31156,2;15658,9;41515,5;17972,8;32422,2;21002,2;7168,7;14301,7;39841,7;27817,7;10853,3;6309,8;3065,4;16425,7;10370,8;22786,2;15231,8;11982,3;10339,4;37413,1;15685,7;7577,6;24681,8;18251,8;7299,8;30575,7;15728,9;28510,5;15479,4;5963,5;5471,7;22496,1;5854,4;14321,0;13437,9;15467,4;18874,6;22266,9;41629,4;20118,2;21025,2;9318,1;11590,1;;5295,5;22385,9;11214,1;19781,1;22909,9;23108,7;;23837,8;12021,3;7920,4;5194,1;7981,4
Piracuruca;34484,0;14208,7;15639,6;29000,2;27720,7;12234,2;7910,6;32760,7;18803,0;16331,7;39382,8;30128,0;19819,2;25938,6;21917,4;18487,8;46924,6;44189,3;21509,3;6465,4;46814,3;14701,1;3336,4;30963,3;27589,8;13003,5;29097,6;33839,4;5025,4;25944,2;46167,1;6632,0;39508,6;6143,4;2469,0;31813,6;6403,7;15299,0;6356,4;23674,5;9383,5;29199,3;30781,8;37149,1;26938,9;6360,1;6966,0;26136,8;29978,4;5650,3;39989,8;41920,8;6762,0;32467,0;11913,4;7278,2;3272,2;5404,1;5259,4;8030,4;32347,2;27366,2;33209,7;41371,0;47445,7;50070,8;34932,5;45333,6;40267,2;35512,0;14637,7;11291,2;40672,2;23767,1;;5594,6;21145,6;32278,2;5921,9;39841,7;29849,8;28627,2;20242,2;20885,2;20812,1;28054,7;26505,9;30223,9;25381,2;45388,9;26672,0;45229,9;16561,1;8640,4;22809,0;24278,8;30702,3;27610,4;29914,9;31268,6;27746,0;17836,4;8438,4;23991,0;36926,3;6785,3;6911,3;9335,0;9850,0;47818,1;40361,4;8589,9;4623,7;38118,1;13292,1;23666,0;14615,8;30301,3;8792,4;7299,4;7013,4;32947,8;28989,4;29365,0;30503,1;9292,6;9468,7;14510,0;7345,2;13210,2;28275,7;41549,4;47871,2;5099,4;7547,0;23263,3;13066,9;5680,3;8668,1;35026,6;21197,7;12641,0;26868,2;14260,4;29424,8;31237,1;30153,1;35977,1;15293,4;23915,6;48201,5;8364,4;;30605,5;12048,3;34392,2;31179,8;5534,5;33306,0;25176,7;26488,6;27423,5;0,0;3673,7;7730,1;28212,9;15481,6;35817,4;39411,3;18960,6;49770,5;30452,6;40677,3;29257,2;24136,9;18653,5;48096,8;36072,7;24115,7;24846,2;25636,1;16642,4;27339,0;38479,0;18143,6;32775,8;23272,8;45668,2;15905,1;25244,5;6397,8;14163,5;23529,3;5538,7;34481,6;2376,5;27959,1;23510,3;29323,2;38444,0;26796,0;16710,0;28227,5;15389,6;16364,6;38214,8;49884,5;28373,3;10254,4;31965,7;30381,2;;24929,7;33185,5;20983,0;10764,0;12104,3;31363,8;;39785,7;20526,9;28396,0;27841,7;24949,6
Piripiri;32022,6;11747,3;13178,1;26538,8;25259,2;9772,8;5449,1;30299,3;16341,5;13870,3;36921,3;27666,5;17357,8;23477,2;19455,9;16026,3;44463,2;41727,8;19047,9;6797,4;44352,8;12239,6;4589,9;28501,9;25128,3;10542,1;26636,2;31377,9;3783,2;23482,7;43705,6;8642,9;37047,2;3681,9;1751,9;29352,1;8414,6;12837,5;6688,4;21213,0;11394,4;26737,8;28320,4;34687,6;24477,4;7613,6;4504,5;23675,3;27517,0;3188,9;37528,4;39459,3;8984,3;30005,5;9451,9;9289,1;5283,1;2942,6;7270,3;5568,9;29885,7;24904,8;30748,2;38909,6;44984,2;47609,3;32471,0;42872,1;37805,8;33050,6;12176,3;8829,7;38210,8;21305,6;;3945,2;18684,1;29816,7;7175,3;37380,2;27388,3;26165,7;17780,8;18423,7;18350,6;25593,3;24044,5;27762,5;22919,8;42927,4;24210,6;42768,4;14099,6;10651,3;20347,5;21817,4;28240,8;25149,0;27453,4;28807,1;25284,6;15375,0;5976,9;21529,5;34464,9;8038,8;8164,7;8366,3;6250,7;45356,6;37899,9;8921,9;1555,2;35656,6;10830,6;21204,5;12154,4;27839,8;10803,3;8552,9;8266,9;30486,4;26528,0;26903,6;28041,7;10546,1;9800,7;12048,6;3746,0;10748,8;25814,2;39087,9;45409,8;6352,9;9557,9;20801,8;10605,4;3218,8;9000,1;32565,1;18736,2;10179,5;24406,8;11798,9;26963,4;28775,6;27691,7;33515,6;12832,0;21454,2;45740,1;10375,3;;28144,0;9586,8;31930,8;28718,3;1935,2;30844,5;22715,2;22938,7;23824,2;3668,0;0,0;8852,6;25751,4;13020,1;33355,9;36949,9;16499,2;47309,1;27991,1;38215,9;26795,8;21675,4;16192,1;45635,3;33611,3;21654,2;22384,7;23174,6;14180,9;24877,6;36017,6;15682,1;30314,3;20811,3;43206,7;13443,7;22783,0;6020,8;11702,0;21067,9;6792,1;32020,1;4727,0;25497,6;21048,9;26861,7;35982,5;24334,5;14248,5;25766,1;12928,1;13903,2;35753,3;47423,1;25911,8;7792,9;29504,3;27919,7;;22468,3;30724,1;18521,5;8302,6;10743,8;28902,3;;37324,2;18065,4;25934,5;25380,3;22488,2
Porto;35154,0;14878,7;16309,5;29670,2;28390,7;14354,9;10031,2;33430,7;19472,9;17001,7;40052,8;30798,0;20489,2;26608,6;22587,3;21178,2;47594,6;44859,2;22179,3;3954,4;47484,2;15371,0;5035,5;31633,3;28259,8;15124,1;29767,6;34509,3;6307,6;26614,1;46837,0;11797,3;40178,6;8055,7;8899,9;32483,5;10388,6;17989,5;5891,1;24344,4;13725,7;29869,2;31451,8;37819,1;27608,8;3163,3;9201,9;26806,8;30648,4;10717,9;40659,8;42590,8;11144,3;33136,9;14603,8;8387,8;10189,5;9691,9;12176,7;10266,3;33017,1;28036,2;33879,7;42041,0;48115,6;50740,7;35602,4;46003,5;40937,2;36182,0;15009,3;12338,5;41342,2;24437,0;;11413,4;21815,5;32948,1;6312,8;40511,6;30519,7;29297,1;20912,2;21555,1;21482,0;28724,7;27175,9;30893,9;26051,2;46058,8;27342,0;45899,8;17231,0;12149,0;23478,9;24948,8;31372,2;28280,4;30584,8;31938,5;28416,0;18506,4;11495,1;24660,9;37596,3;7176,2;4204,1;8869,7;15017,4;48488,0;41031,3;6093,4;10065,0;38788,0;13962,0;24335,9;15285,8;30971,2;13278,2;2533,9;3163,4;33617,8;29659,4;30035,0;31173,1;2586,0;2755,8;15180,0;12512,7;13880,2;28945,7;42219,3;48541,2;3693,5;8511,9;23933,2;12996,6;9462,4;2567,2;35696,6;21867,6;15331,4;27538,2;14930,3;30094,8;31907,0;30823,1;36647,0;15223,1;24585,6;48871,5;11873,0;;31275,4;13095,6;35062,2;31849,7;10702,0;33975,9;25846,6;29179,1;29370,7;7722,5;8841,1;0,0;28882,8;17602,2;36487,4;40081,3;19630,6;50440,5;31122,5;41347,3;29927,2;24806,8;19689,6;48766,8;36742,7;24785,6;25516,2;26306,0;17312,3;28009,0;39149,0;18813,5;33445,7;23942,7;46338,2;16575,1;25914,4;13315,1;16399,4;24199,3;4065,2;35151,5;9293,8;28629,1;24180,3;29993,2;39113,9;27465,9;17379,9;28897,5;18080,0;16811,4;38884,7;50554,5;29043,2;13067,4;32635,7;31051,1;;25599,7;33855,5;21652,9;10106,0;6983,8;32033,8;;40455,6;21196,8;29065,9;28511,7;25619,6
Porto Alegre do Piauí;25743,7;14076,0;13368,4;20259,8;18980,3;22110,3;20568,8;10849,2;10864,1;11969,8;22607,8;3904,1;18463,1;17198,3;10991,9;27178,2;25013,1;21245,4;16806,0;27754,4;24902,7;14819,2;28813,0;18437,4;18849,4;22865,0;7186,1;25099,0;25664,1;17327,9;24255,5;33105,8;22733,6;24130,6;26214,8;15038,5;32877,6;27834,0;25543,8;12749,0;35857,4;20458,9;19087,2;21848,8;18198,5;30617,6;22587,0;5246,6;14100,7;25463,3;24689,5;25145,8;33447,2;23726,6;26301,4;33752,1;29746,1;23837,0;31733,2;21989,0;10435,6;14840,4;20683,8;24596,0;25534,1;28159,2;13020,9;23422,0;18355,7;26771,6;18009,3;18994,7;23897,2;15026,7;;28408,1;19164,8;10366,6;31398,5;23066,6;14683,7;17564,3;8443,4;15633,2;9886,7;19314,4;17765,6;21483,6;16640,8;23477,3;5274,5;24135,9;14061,8;35114,2;17353,2;15020,5;19610,5;18870,0;14748,8;22434,3;19005,7;12526,8;24922,6;4224,3;21302,1;32262,0;32387,9;22251,0;28756,9;25906,5;23586,3;25902,8;27023,3;27386,4;17619,9;21085,1;13885,9;5335,5;35266,3;30921,9;31551,4;11036,3;20249,0;3141,1;21762,7;30974,0;27584,1;15166,6;29305,4;16660,8;19535,3;19637,8;25959,7;30329,6;34020,8;9673,5;17631,4;23346,9;28022,9;22500,7;18791,9;26248,1;13733,5;14378,5;20684,4;17647,3;14275,4;14065,5;15180,8;15175,2;26290,0;34838,3;;21865,1;19751,8;25651,8;16013,7;27494,6;19716,2;16436,3;24134,6;19960,3;28130,9;25633,8;28793,8;0,0;18439,3;25251,5;17499,8;13035,6;27859,0;16639,1;14952,6;14091,2;14895,5;18855,4;22372,0;14161,2;13190,3;17401,6;16895,7;12848,0;16236,5;21704,0;17979,3;21776,5;9683,0;23756,6;13355,0;19713,6;30483,8;23210,7;12727,6;30701,2;18478,1;29189,9;14369,3;17714,7;20582,8;21669,0;19235,2;16545,7;14637,7;26005,2;17021,8;21439,8;27973,0;6461,7;26494,9;23225,4;17855,3;;17046,8;16410,5;15054,4;19304,3;22433,1;5189,8;;23010,6;15823,6;19655,6;19101,3;15657,2
Prata do Piauí;21983,2;4886,1;5582,3;16499,3;15219,8;4720,1;7921,8;22965,5;9007,8;6536,5;29587,6;20332,8;7306,0;13437,8;12099,0;17258,2;37129,4;34394,1;9008,4;15552,5;37019,1;4524,1;16405,8;18462,4;15088,9;5073,8;19302,4;21338,5;13017,0;13443,3;36371,9;20458,8;29713,4;11483,6;13567,8;22018,3;20230,5;16772,0;13341,8;12113,8;23210,4;16698,4;18281,0;24648,2;14438,0;18415,6;9940,0;16341,6;20183,2;12816,3;27489,0;32125,6;20800,2;19966,1;13386,4;21105,0;17099,1;11190,0;19086,2;9255,8;22552,0;14865,4;20708,8;31575,8;37650,5;40275,6;25137,3;35538,3;30472,0;23011,1;8372,8;7659,9;30877,0;11266,2;;15761,1;8644,7;22483,0;18991,3;30046,5;20054,6;16126,3;10447,0;8384,3;11016,9;15553,9;14005,1;17723,1;12880,3;35593,7;16876,8;35434,7;5294,6;22467,2;10308,1;11778,0;18201,4;15109,5;20119,7;18767,7;15245,2;7877,8;12275,6;14195,8;24425,4;19854,8;19980,7;10055,4;16109,9;38022,9;30566,2;15010,2;14376,3;25617,2;7983,4;11165,1;5111,3;20506,0;22619,2;20141,5;20082,8;23152,6;16488,5;19569,8;18002,2;20193,6;17567,2;5569,7;16658,4;7024,3;15774,8;31754,2;38076,0;18127,6;21373,8;13468,1;9930,2;10699,9;17322,3;22525,7;8696,8;10578,9;14367,3;4426,1;16923,9;19284,7;20357,9;26181,8;12048,3;11414,7;38406,3;22191,3;;18104,6;7686,4;21891,3;21384,6;14847,6;21353,6;12675,8;18485,2;16199,9;15483,9;12986,8;17607,6;18417,7;0,0;23316,5;29616,1;9165,4;39975,3;20657,3;30882,1;19462,0;11636,0;3795,4;38301,6;26277,5;11752,3;12345,3;13135,2;6616,4;14838,2;28683,8;2919,3;20274,9;13477,6;35873,0;5876,4;12743,6;17836,8;8150,6;11028,5;18499,3;21980,7;16542,9;18163,9;11009,4;16822,3;28648,8;14295,1;2131,5;16846,3;16085,2;8761,3;28419,6;40089,3;18578,1;13847,9;19464,9;17880,3;;12428,9;23390,3;8482,1;9667,8;12416,2;21568,6;;29990,5;8026,0;15895,1;15340,8;12448,8
Queimada Nova;3546,8;22116,5;22508,7;13719,4;12439,9;27980,8;28162,7;18161,0;23310,7;23050,8;15006,1;25750,2;18088,9;13080,3;20096,7;26746,8;30915,3;35630,3;20006,0;35348,3;32214,5;21754,5;36406,9;10154,3;10390,8;28334,4;18337,7;7691,4;33258,0;12950,1;32056,5;40699,7;14876,9;31724,5;33808,8;11942,8;40471,5;27459,8;33137,7;18331,9;43451,3;13025,1;11439,3;3721,2;11519,0;38211,5;30180,9;22868,8;12311,3;33057,2;8222,1;17544,1;41041,1;11772,2;25927,2;41346,0;37340,0;31431,0;39327,2;29582,9;17747,4;16053,9;9130,7;14913,6;32845,9;35471,0;20332,7;30733,8;26312,5;10275,3;25603,2;26588,6;16040,5;13439,6;;36002,0;21650,8;16353,1;38992,4;15210,0;14540,1;14364,7;20889,9;20494,4;21830,4;12290,0;12338,2;14943,1;11249,6;30789,1;25313,4;20853,2;22221,0;42708,2;16979,0;16491,2;11962,6;10623,0;18191,5;7191,9;10848,4;23358,7;32509,0;22632,4;9489,8;39855,9;39981,8;29844,9;31022,0;33218,3;15984,7;33496,7;34617,2;3079,9;25213,8;20710,9;22341,7;24517,0;42860,2;38515,8;39145,3;18348,1;12815,3;26380,8;12472,1;38568,0;35178,0;22800,1;36109,5;24254,7;14604,6;26949,6;27812,9;37923,5;41614,8;19017,7;27160,6;30940,8;35616,8;7781,1;18417,7;30826,7;16854,0;21656,5;12225,8;10900,0;12486,0;21377,3;27497,6;13212,0;33601,8;42432,2;;9137,0;27345,7;8244,3;15469,6;34481,3;9468,6;12449,1;19203,9;15029,6;35724,8;33227,7;36387,7;25228,7;23331,6;0,0;24811,5;22776,0;35170,8;13979,4;32785,0;14904,7;14285,8;21418,8;40204,5;21473,0;17970,4;13426,9;12266,7;23542,8;13531,3;14102,3;22348,9;7540,9;17456,5;31068,4;22802,8;15637,4;38077,7;25368,9;14416,9;38295,2;7045,1;36783,8;16041,5;13398,8;14042,4;13812,3;14857,5;21438,1;14000,0;25631,0;25991,7;13583,1;35284,7;20481,0;31188,8;11584,2;10101,4;;12730,9;13702,1;18331,2;26898,2;30027,0;23471,5;;15154,0;19138,4;10525,1;12560,9;15098,5
Redenção do Gurguéia;27613,1;25271,6;24564,1;31455,5;30176,0;33305,9;31764,4;6643,7;22059,7;23165,4;18239,2;18032,8;29658,8;28393,9;22187,6;38373,8;8070,7;19457,4;28001,7;38950,1;7403,0;26014,8;40008,7;22658,6;30045,0;34060,6;10620,3;30969,2;36859,7;28523,5;9699,9;44301,4;19285,7;35326,2;37410,5;14632,5;44073,2;39029,7;36739,4;23944,7;47053,0;31654,5;23554,3;21442,8;29394,1;41813,2;33782,6;15151,5;13694,7;36658,9;24283,5;15812,6;44642,8;34309,9;37497,0;44947,7;40941,7;35032,7;42928,8;33184,6;8423,8;26036,0;24933,6;24190,0;8034,4;10659,5;5241,9;6479,6;6807,1;33553,1;29204,9;30190,3;23313,8;26222,3;;39603,7;30360,4;10058,4;42594,1;21487,0;15923,5;26479,7;19639,0;26828,8;21082,3;30510,0;28961,2;32679,2;27836,5;5977,6;17850,0;14477,3;25257,4;46309,9;28548,8;26216,2;24077,6;27191,6;19574,9;26684,1;30201,3;23722,4;36118,3;15419,9;20896,1;43457,6;43583,5;33446,6;39952,5;8964,1;16980,3;37098,4;38218,9;26980,3;28815,5;32280,7;25081,6;16799,6;46461,9;42117,5;42747,0;8660,2;31444,7;18663,5;32958,4;42169,7;38779,7;26362,2;40501,0;27856,4;30731,0;2138,1;9017,3;41525,2;45216,5;20869,1;28827,0;34542,5;39218,5;25922,0;29987,5;37443,7;24929,1;25574,1;31880,1;20522,9;13869,4;5339,4;26376,4;26370,9;9347,6;46033,9;;27125,2;30947,4;31522,0;16058,7;38690,2;21205,2;27631,9;35330,3;31156,0;39326,5;36829,4;39989,4;17511,3;29634,9;24845,5;0,0;24231,3;10535,4;17782,6;21351,0;16288,1;26091,2;30051,1;22224,5;4502,6;24385,9;28597,2;28091,3;24043,6;25646,3;18863,0;29175,0;26026,3;20878,6;6256,9;24550,6;30909,2;41679,4;34406,3;23923,2;41896,9;18072,0;40385,5;20044,4;28910,4;31778,5;21263,0;30430,9;27741,4;22183,0;37200,8;28217,5;21003,3;10473,3;12763,6;37690,6;33936,6;22246,3;;28242,4;16004,5;26250,0;30499,9;33628,7;15754,2;;21543,0;27019,2;25608,2;30297,0;26852,8
Regeneração;21447,0;4820,2;4112,6;15963,2;14683,6;12854,5;11313,0;17596,2;3638,4;2713,9;24218,3;14963,5;9108,2;12901,6;5549,2;19048,0;31760,1;29024,7;6430,7;18498,6;31649,7;5563,4;19557,2;14838,4;14552,8;13609,2;13933,1;20802,3;16408,3;13031,2;31002,5;23850,0;24344,1;14874,8;16959,0;16649,0;23621,8;19703,9;16288,0;7306,3;26601,6;16162,2;15488,1;21024,2;13901,8;21361,8;13331,2;10972,3;14813,9;16207,5;23865,0;26756,3;24191,4;19429,9;18171,2;24496,2;20490,3;14581,2;22477,4;12733,2;17182,6;11241,4;17084,8;26206,5;32281,2;34906,2;19768,0;30169,0;25102,7;22475,0;8753,5;9738,9;25507,7;10730,0;;19152,3;8568,3;17113,7;22142,7;24677,1;14685,2;13965,3;5077,7;5036,7;5647,6;15017,7;13468,9;17186,9;12344,2;30224,3;11507,5;30065,3;4806,0;25858,4;11556,3;10723,9;16011,5;14573,4;14750,4;18231,5;14709,0;3021,8;15666,8;8826,5;20801,4;23006,2;23132,1;12995,2;19501,1;32653,5;25196,8;16647,0;17767,5;25081,0;8364,1;12954,9;4630,1;15136,7;26010,5;21666,1;22295,6;17783,3;15952,4;14200,5;17466,1;21718,2;18328,3;5910,8;20049,6;7405,0;15238,7;26384,8;32706,7;21073,8;24765,0;8098,7;9611,4;14091,1;18767,1;18901,7;8863,2;16992,3;10743,3;5122,7;16387,8;15660,7;14988,6;20812,5;7160,8;10878,6;33037,0;25582,5;;17568,4;10496,0;21355,2;16015,2;18238,8;17729,6;12139,6;19838,0;15663,7;18875,1;16378,0;19538,0;13048,3;9183,5;22780,4;24246,8;0,0;34606,0;15288,0;25512,8;14092,7;10693,9;9599,6;32932,3;20908,2;7747,6;13104,9;12599,0;3592,2;12637,5;23314,5;8723,5;18177,5;8108,2;30503,7;4099,2;14533,4;21228,0;13954,9;8430,9;21445,4;18356,7;19934,1;12794,6;12799,3;16286,1;23279,5;14938,6;7289,9;13063,0;17875,0;7766,0;23050,3;34720,0;13208,8;17239,1;18928,7;14256,3;;12750,1;18021,0;4679,1;10048,5;13177,3;16199,3;;24621,1;5448,3;15358,9;14804,7;11455,6
Riacho Frio;38028,7;35687,2;34979,6;41871,0;40591,5;43721,5;42180,0;17059,2;32475,3;33580,9;24036,5;28448,4;40074,3;38809,4;32603,1;48789,4;10420,9;29873,0;38417,2;49365,6;9251,4;36430,4;50424,2;33074,1;40460,6;44476,2;21035,9;41384,8;47275,3;38939,1;16364,4;54717,0;25083,0;45741,8;47826,1;25048,1;54488,8;49445,2;47155,0;34360,2;57468,6;42070,1;33969,8;31858,4;39809,7;52228,8;44198,2;25567,0;24110,2;47074,5;34699,1;21609,9;55058,4;44725,5;47912,6;55363,2;51357,3;45448,2;53344,4;43600,2;18839,4;36451,6;35349,1;31579,8;3716,4;6341,5;15657,5;8829,8;17222,7;43968,6;39620,4;40605,9;29111,1;36637,9;;50019,3;40776,0;20474,0;53009,7;27284,3;26339,0;36895,2;30054,5;37244,4;31497,9;40925,6;39376,8;43094,8;38252,0;8715,0;28265,6;21953,8;35673,0;56725,4;38964,4;36631,7;34493,2;37607,2;29990,5;37099,6;40616,9;34138,0;46533,8;25835,5;31311,6;53873,2;53999,1;43862,2;50368,1;11101,4;22777,7;47514,0;48634,5;37395,9;39231,1;42696,3;35497,1;27215,2;56877,4;52533,1;53162,6;19075,7;41860,2;29079,0;43373,9;52585,2;49195,3;36777,8;50916,6;38272,0;41146,5;10564,4;11738,7;51940,8;55632,1;31284,7;39242,6;44958,1;49634,1;36337,6;40403,1;47859,3;35344,7;35989,7;42295,6;30938,5;24285,0;15755,0;36791,9;36786,4;5583,8;56449,5;;37540,8;41363,0;41937,6;26474,3;49105,8;31620,8;38047,5;45745,8;41571,6;49742,1;47245,0;50405,0;27926,9;40050,5;35261,1;10582,5;34646,8;0,0;28198,2;28142,5;26703,6;36506,7;40466,6;28855,0;14918,1;34801,5;39012,8;38506,9;34459,2;36061,9;24660,3;39590,5;36441,8;31294,2;4413,0;34966,2;41324,8;52094,9;44821,9;34338,8;52312,4;28487,6;50801,1;30460,0;39325,9;42194,0;27688,1;40846,4;38156,9;32598,6;47616,4;38633,0;26800,6;6010,1;23179,2;48106,1;44352,2;32661,9;;38658,0;26420,0;36665,6;40915,5;44044,3;26169,7;;27340,3;37434,8;36023,8;40712,5;37268,4
Ribeira do Piauí;16789,8;16328,8;15621,2;18269,2;16989,6;24363,1;22821,5;11140,2;13116,9;14222,5;13809,4;18577,3;16472,4;15207,6;12689,5;25187,5;25304,1;28609,5;15094,9;30007,2;25193,7;17072,0;31065,8;8261,0;16628,1;25117,7;11316,9;17421,7;27916,8;15337,2;25035,7;35358,6;13935,3;26383,3;28467,6;6240,2;35130,3;25843,3;27796,5;12617,3;38110,2;18468,2;8910,7;10619,5;16207,8;32870,3;24839,8;14586,1;4405,0;27716,1;13460,2;16347,4;35700,0;19883,7;24310,7;36004,8;31998,9;26089,8;33986,0;24241,7;10726,6;9750,1;10507,4;15797,7;25825,1;28450,2;13311,9;23713,0;19291,7;20005,6;20262,0;21247,5;15098,9;13036,0;;30660,9;18652,2;9332,3;33651,3;14268,3;3498,7;10438,3;10696,1;15468,4;12139,4;17323,7;15774,9;19492,9;14527,2;23768,3;15121,3;19656,5;16314,5;37367,0;15362,5;13029,8;9434,0;12548,0;7999,4;12257,9;16614,4;14779,5;27175,4;12440,3;10072,8;34514,7;34640,7;24503,7;29405,6;26197,5;14788,0;28155,6;29276,0;16157,0;19872,7;19094,4;16138,7;17496,2;37519,0;33174,7;33804,2;11327,3;18258,4;17814,3;18709,5;33226,8;29836,9;17419,4;31558,1;18913,6;17544,7;19928,8;26250,7;32582,4;36273,6;8823,9;19884,2;25599,7;30275,7;12324,3;16801,2;28500,8;10550,2;16631,3;18463,1;5143,1;4579,8;14356,5;17433,5;13038,0;26581,0;37091,1;;12481,7;22004,6;17974,6;6635,1;29747,4;6953,3;14445,6;22144,0;17969,7;30383,7;27886,6;31046,6;16662,1;20692,0;14022,2;17790,8;15288,4;28150,0;0,0;25764,2;4712,6;11539,7;19802,3;33183,7;14452,2;12944,5;15410,9;14905,0;15100,8;9110,5;12905,7;20232,1;11600,1;7936,3;24047,6;15607,8;17722,9;32736,5;23752,4;10736,9;32954,0;7248,7;31442,7;2493,5;15724,0;18592,1;12870,6;17244,6;18798,5;4632,1;24014,5;19274,6;12641,4;28264,0;13460,2;28747,7;19510,4;7678,8;;15056,1;7612,1;13305,3;21557,1;24685,9;16450,7;;14212,3;14112,5;10964,7;17110,7;10575,5
Ribeiro Gonçalves;35563,8;26516,8;25809,3;32700,7;31421,2;34551,2;33009,6;18393,9;23305,0;24410,6;30152,5;12129,3;30904,0;29639,1;23432,8;39619,0;28887,0;6326,9;29246,9;40195,3;23333,1;27260,0;41253,9;30609,3;31290,3;35305,8;14730,8;37539,8;38104,9;29768,7;18620,0;45546,6;30278,3;36571,4;38655,7;22583,2;45318,4;40274,9;37984,6;25189,9;48298,2;32899,8;31505,0;29393,5;30639,3;43058,4;35027,8;16396,7;21645,4;37904,2;32234,3;32617,6;45888,1;36167,4;38742,2;46192,9;42186,9;36277,9;44174,1;34429,8;17980,3;27281,2;32884,3;32140,7;25593,3;28218,4;20565,6;27295,9;18392,8;39212,5;30450,1;31435,5;31441,9;27467,5;;40848,9;31605,6;17911,3;43839,3;30611,3;23874,2;30005,1;20884,2;28074,0;22327,5;31755,2;30206,4;33924,4;29081,7;19763,6;18210,7;31282,3;26502,6;47555,1;29794,0;27461,4;32028,3;31310,9;27189,7;34634,8;31446,5;24967,6;37363,5;16665,1;28846,8;44702,8;44828,7;34691,8;41197,8;29780,4;31131,0;38343,6;39464,1;34931,1;30060,7;33525,9;26326,8;16814,3;47707,1;43362,7;43992,2;18581,0;32689,9;14456,4;34203,6;43414,9;40024,9;27607,4;41746,2;29101,6;31976,2;23511,8;29833,6;42770,4;46461,7;22114,3;30072,2;35787,7;40463,7;33872,7;31232,7;38688,9;26174,3;26819,3;33125,3;28473,6;21820,1;19631,2;27621,6;27616,1;27992,4;47279,1;;34305,9;32192,6;38092,7;24009,4;39935,5;29155,9;28877,2;36575,5;32401,2;40571,8;38074,6;41234,6;14946,0;30880,1;32796,2;21373,7;25476,5;28094,3;25733,3;0,0;24238,8;27336,4;31296,3;7453,6;21307,6;25631,1;29842,4;29336,5;25288,8;28677,3;29248,7;30420,2;33977,0;22123,8;23815,9;25795,8;32154,4;42924,6;35651,5;25168,4;43142,1;26022,8;41630,8;26810,1;30155,6;33023,7;29213,7;31676,1;28986,6;27078,6;38446,0;29462,7;28984,5;28032,2;12730,4;38935,8;35666,2;30197,1;;29487,6;23955,2;27495,2;31745,1;34873,9;9850,6;;30555,3;28264,5;32096,4;31542,2;28098,0
Rio Grande do Piauí;17711,3;15127,0;14419,4;21310,8;20031,3;23161,3;21619,8;9630,7;11915,1;13020,7;12300,0;16050,2;19514,1;18249,2;12042,9;28229,2;23794,6;27100,0;17857,0;28805,4;23684,2;15870,2;29864,0;12111,2;19900,4;23916,0;9807,4;21067,4;26715,0;18378,9;23526,2;34156,8;12425,8;25181,5;27265,8;4730,7;33928,5;28885,0;26594,8;13800,0;36908,4;21509,9;12760,9;11541,0;19249,5;31668,5;23638,0;12059,0;2895,6;26514,3;14381,7;14838,0;34498,2;23734,0;27352,4;34803,0;30797,1;24888,0;32784,2;23040,0;9217,1;14240,7;14357,6;14288,2;24315,6;26940,7;11802,5;22203,5;17782,2;23651,3;19060,2;20045,7;13589,4;16077,7;;29459,1;20215,8;7822,8;32449,5;12758,8;2766,9;14928,9;9494,3;16684,2;10937,6;20365,3;18816,6;22534,5;17691,8;22258,8;12594,2;18147,0;15112,8;36165,2;18404,2;16071,5;13284,3;16398,3;5472,2;16108,1;20056,7;13577,8;25973,6;9913,1;10994,3;33313,0;33438,9;23302,0;29807,9;24688,0;13278,5;26953,8;28074,3;17078,5;18670,9;22136,1;14936,9;15986,7;36317,2;31972,9;32602,4;9817,8;21300,0;15287,2;22559,7;32025,0;28635,1;16217,6;30356,4;17711,8;20586,3;18419,3;24741,2;31380,6;35071,8;10724,5;18682,4;24397,9;29073,9;16020,2;19842,8;27299,1;14784,5;15429,5;21735,4;8993,4;3070,3;12847,0;16231,7;16226,2;25071,5;35889,3;;16331,9;20802,8;21620,2;2668,2;28545,6;10803,6;17487,3;25185,6;21011,3;29181,9;26684,8;29844,8;14135,0;19490,3;14943,7;16281,3;14086,6;26640,5;4722,4;24254,8;0,0;15946,5;19906,4;31674,2;12942,7;14241,2;18452,6;17946,7;13899,0;13601,2;11396,2;19030,3;15450,3;10734,0;22538,2;14406,0;20764,6;31534,7;24261,7;13778,6;31752,2;8170,2;30240,9;6984,1;18765,7;21633,8;11361,1;20286,2;17596,7;9122,8;27056,2;18072,8;11131,9;26754,5;11950,7;27545,9;23360,6;11529,1;;18097,8;6102,7;16105,4;20355,3;23484,1;14941,2;;12702,8;16874,6;14814,9;20152,3;15066,1
Santa Cruz do Piauí;12951,4;10438,2;10830,4;7467,6;6188,1;16302,5;16484,4;19443,5;11131,3;10967,3;19199,6;16810,7;6410,6;4406,0;8013,2;15125,7;33607,4;30872,0;8037,4;23670,1;33497,0;10076,2;24728,7;7720,3;6057,2;16656,2;15780,4;12306,8;21579,7;4535,7;32849,8;29021,4;19070,5;20046,2;22130,5;16136,3;28793,2;15781,5;21459,4;6248,4;31773,0;7666,7;7427,2;13906,1;5406,2;26533,2;18502,6;12819,5;15346,4;21379,0;16746,8;21737,6;29362,8;10934,4;14248,9;29667,7;25661,7;19752,7;27648,9;17904,6;19029,9;6394,7;9966,7;20932,8;34128,4;36753,5;21615,2;32016,3;26950,0;13979,4;13924,9;14910,3;20234,0;2680,4;;24323,7;9972,5;18960,9;27314,1;19403,5;14815,1;4677,2;8710,6;8410,9;9746,9;6522,1;4973,3;8691,3;3848,6;32071,6;13354,7;25046,7;10542,7;31029,9;5300,7;4813,0;7950,5;6077,8;14685,9;9736,0;6213,4;11275,2;20830,7;10673,7;13683,3;28177,6;28303,5;18166,6;19343,8;34500,8;20178,2;21818,4;22938,9;16585,5;13535,5;9032,6;10663,4;16984,0;31181,9;26837,5;27467,0;19630,6;7456,8;16047,7;8970,5;26889,7;23499,7;11121,8;24431,2;12576,4;6743,1;28232,1;32006,4;26245,2;29936,5;6838,4;15482,3;19262,5;23938,5;11783,6;6739,4;19148,4;5896,7;9978,2;7892,2;9451,6;15521,2;22659,8;15414,1;1687,6;34884,2;30753,9;;9072,9;15667,4;12859,6;17862,5;22803,0;11520,5;3644,1;11342,4;7168,1;24046,5;21549,4;24709,4;14895,6;11653,3;14284,8;26094,0;10692,5;36453,3;11548,1;27360,0;15940,0;0,0;9740,5;34779,5;22755,5;5886,9;4609,4;4103,5;11845,6;3389,1;18295,8;10670,6;11059,4;5277,1;32350,9;11124,5;7161,0;26399,4;13690,6;2738,6;26616,9;11238,6;25105,5;9054,7;4922,5;7790,6;18005,8;6443,0;9759,8;7013,2;13952,7;14313,4;17776,6;36567,2;15056,0;19510,5;10433,1;7099,8;;4254,5;17895,6;6247,8;15219,9;18348,7;18046,5;;19347,5;7054,9;6863,3;6309,1;999,7
Santa Cruz dos Milagres;20079,1;5323,5;6019,7;14595,3;13315,8;8443,0;11369,7;23402,9;9445,2;6973,9;28358,0;20770,2;3645,7;11533,7;11833,9;15354,1;37566,8;34831,5;8381,1;18555,4;37456,4;4961,6;19586,6;16878,6;13184,9;8796,7;19739,8;19434,4;16197,8;11539,2;36809,2;23639,6;28228,8;14664,3;16748,6;22455,8;23411,3;14113,8;16344,7;11848,7;26391,2;14794,4;16376,9;23064,4;12533,9;21418,5;13120,8;16779,0;20620,6;15997,1;25905,2;30896,0;23981,0;18062,0;10728,2;24285,8;20279,9;14370,8;22267,0;10695,0;22989,3;13281,5;18836,4;30091,2;38087,9;40713,0;25574,7;35975,8;30909,4;21107,1;8810,2;9795,6;29392,3;9362,1;;18941,9;7958,2;22920,4;22172,1;28561,8;20492,0;14222,2;10884,4;8119,2;11454,3;13649,8;12101,0;15819,0;10976,3;36031,1;17314,2;34205,0;5732,0;25648,0;8404,0;9873,9;16297,3;13205,5;20557,1;16863,6;13341,1;8315,2;15456,4;14633,2;22841,7;23035,5;23161,5;13051,9;14306,6;38460,3;29336,5;16703,7;17557,1;23713,1;8420,8;9261,0;5548,7;20943,5;25800,0;21722,8;22352,3;23590,0;14584,5;20007,2;16098,2;21775,0;18385,0;6007,1;19394,1;7461,7;13870,8;32191,6;38513,4;21130,5;24554,6;13725,2;10367,6;13880,7;18823,8;20941,9;6792,8;11594,2;12783,5;4863,5;15019,9;17700,9;20795,3;26619,2;12485,7;9510,7;38843,7;25372,1;;16200,5;10552,7;19987,3;21822,0;17765,9;19769,8;10771,8;16581,2;14295,8;18664,7;16167,6;19594,7;18855,0;3793,8;21412,5;30053,5;9602,8;40412,7;19797,5;31319,5;19899,4;9732,0;0,0;38739,0;26714,9;11487,2;10441,3;11231,1;7053,8;12934,1;27454,2;1065,1;18370,8;12164,0;36310,4;6313,8;10839,5;21017,5;4490,3;9124,4;21502,2;20396,9;19723,7;17304,0;9105,4;14918,3;27164,1;12391,1;2568,9;15262,5;14181,2;9198,7;26934,9;40526,7;19015,5;14473,3;17560,8;16296,5;;10524,8;23827,7;8217,0;10105,2;13234,0;22006,0;;28505,8;7760,9;13991,0;13436,8;10544,7
Santa Filomena;42981,0;33934,0;33226,4;40117,8;38838,3;41968,3;40426,8;23702,9;30722,1;31827,7;36231,0;19546,4;38321,1;37056,2;30849,9;47036,1;29758,2;9560,8;36664,0;47612,4;24047,6;34677,2;48671,0;38026,4;38707,4;42722,9;22147,9;44957,0;45522,0;37185,9;19491,2;52963,8;37277,4;43988,5;46072,8;30000,4;52735,5;47692,0;45401,7;32607,0;55715,3;40316,9;38922,1;36810,7;38056,4;50475,5;42445,0;23813,8;29062,5;45321,3;39651,4;33804,3;53305,2;43584,6;46159,4;53610,0;49604,1;43695,0;51591,2;41846,9;25397,5;34698,3;40301,4;39557,8;26307,8;28932,9;22301,1;28167,1;19263,9;46629,6;37867,2;38852,7;38859,0;34884,7;;48266,1;39022,8;25328,5;51256,5;38028,5;31291,3;37422,2;28301,3;35491,1;29744,6;39172,3;37623,5;41341,5;36498,8;20478,1;25627,8;32469,0;33919,8;54972,2;37211,2;34878,5;39445,4;38728,0;34606,8;42051,9;38863,6;32384,7;44780,6;24082,3;36263,9;52119,9;52245,9;42108,9;48614,9;30651,6;34972,1;45760,8;46881,2;42348,2;37477,8;40943,1;33743,9;24231,5;55124,2;50779,9;51409,4;25719,3;40107,0;21873,5;41620,7;50832,0;47442,1;35024,6;49163,3;36518,8;39393,3;24382,9;30704,8;50187,6;53878,8;29531,5;37489,4;43204,9;47880,9;41289,8;38649,8;46106,1;33591,4;34236,5;40542,4;35890,8;29237,3;20817,9;35038,7;35033,2;28706,9;54696,3;;41723,1;39609,8;45509,8;31426,6;47352,6;36573,0;36294,3;43992,6;39818,3;47988,9;45491,8;48651,8;22363,1;38297,2;40213,4;22244,8;32893,6;28808,8;33150,4;7451,3;31655,9;34753,5;38713,4;0,0;22494,3;33048,2;37259,6;36753,7;32706,0;36094,5;36665,8;37837,3;41394,1;29541,0;24530,3;33213,0;39571,5;50341,7;43068,7;32585,5;50559,2;33439,9;49047,9;34227,3;37572,7;40440,8;36630,8;39093,2;36403,7;34495,7;45863,2;36879,8;36401,6;28746,7;20147,6;46352,9;43083,3;37614,2;;36904,7;31372,3;34912,4;39162,3;42291,1;17267,7;;37972,5;35681,6;39513,5;38959,3;35515,2
Santa Luz;24280,6;21939,1;21231,5;28122,9;26843,4;29973,4;28431,9;3311,1;18727,2;19832,8;13736,7;14700,3;26326,2;25061,3;18855,0;35041,3;12021,9;16259,8;24669,1;35617,5;11911,5;22682,3;36676,1;19326,0;26712,5;30728,0;7287,8;27636,6;33527,2;25191,0;11753,5;40968,9;14783,1;31993,7;34077,9;11300,0;40740,6;35697,1;33406,8;20612,1;43720,5;28322,0;20221,7;18110,3;26061,6;38480,7;30450,1;11818,9;10362,1;33326,4;20951,0;11310,1;41310,3;30977,4;34164,5;41615,1;37609,2;31700,1;39596,3;29852,0;5091,3;22703,5;21601,0;20857,4;12543,0;15168,0;1909,4;10430,8;6009,5;30220,5;25872,3;26857,8;18811,2;22889,8;;36271,2;27027,9;6725,9;39261,6;16984,5;12590,9;23147,2;16306,4;23496,2;17749,8;27177,5;25628,7;29346,7;24503,9;10486,1;14517,5;9974,7;21924,9;42977,3;25216,3;22883,6;20745,0;23859,1;16242,3;23351,5;26868,8;20389,9;32785,7;12087,4;17563,5;40125,1;40251,0;30114,0;36620,0;12915,4;12477,8;33765,9;34886,4;23647,8;25483,0;28948,2;21749,0;13467,1;43129,3;38785,0;39414,5;5327,6;28112,1;15330,9;29625,8;38837,1;35447,2;23029,7;37168,5;24523,9;27398,4;6646,7;12968,5;38192,7;41883,9;17536,6;25494,5;31210,0;35886,0;22589,5;26655,0;34111,2;21596,6;22241,6;28547,5;17190,4;10536,9;2006,9;23043,8;23038,3;13298,8;42701,4;;23792,7;27614,9;28189,5;12726,2;35357,7;17872,6;24299,4;31997,7;27823,4;35994,0;33496,9;36656,9;14178,8;26302,4;21513,0;4508,6;20898,7;14867,8;14450,1;21306,6;12955,5;22758,6;26718,5;22493,3;0,0;21053,3;25264,7;24758,8;20711,1;22313,8;14360,5;25842,4;22693,7;17546,1;10765,5;21218,1;27576,7;38346,8;31073,8;20590,7;38564,3;14739,5;37053,0;16711,9;25577,8;28445,9;17388,2;27098,3;24408,8;18850,5;33868,3;24884,9;16500,7;14981,8;9431,1;34358,0;30604,0;18913,8;;24909,9;12671,9;22917,5;27167,4;30296,2;12421,6;;17040,5;23686,7;22275,7;26964,4;23520,3
Santa Rosa do Piauí;16632,0;9969,6;9262,0;11148,2;9868,7;16444,4;16462,4;17730,7;6757,7;7863,3;21502,8;15097,9;9351,5;8086,6;2206,2;18066,5;31894,5;29159,2;5487,8;23648,0;31784,2;10218,1;24706,6;10023,5;9737,8;16798,0;14067,5;15987,4;21557,6;8216,2;31137,0;28999,4;21373,6;20024,2;22108,4;16783,5;28771,1;18722,4;21437,3;441,4;31751,0;11347,3;10673,2;16209,2;9086,8;26511,1;18480,6;11106,7;14948,3;21356,9;19050,0;24040,8;29340,8;14615,0;17189,8;29645,6;25639,7;19730,6;27626,8;17882,5;17317,1;6426,4;12269,8;23236,0;32415,6;35040,7;19902,4;30303,5;25237,1;17660,0;13902,8;14888,3;22537,2;5915,1;;24301,7;9045,1;17248,1;27292,1;21706,6;14819,7;9150,3;5212,1;5825,2;3939,8;10202,7;8653,9;12371,9;7529,2;30358,8;11641,9;27349,8;9955,4;31007,8;8241,5;5908,9;11196,5;9758,4;14884,8;13416,6;9894,0;8338,1;20816,2;8960,9;15986,5;28155,6;28281,5;18144,5;22284,6;32788,0;22481,3;21796,4;22916,9;20266,0;13513,5;11973,4;9779,5;15271,2;31159,8;26815,5;27445,0;17917,8;11137,4;14334,9;12651,1;26867,6;23477,7;11060,2;25199,0;12554,4;10423,7;26519,3;32841,2;26223,2;29914,4;6754,9;13525,0;19240,5;23916,5;14086,7;7920,3;22089,3;5928,4;10120,1;11572,8;10845,7;15123,0;20947,0;11074,3;6063,6;33171,4;30731,9;;12753,4;15645,4;16540,2;16149,7;23388,2;12914,6;7324,7;15023,0;10848,7;24024,5;21527,4;24687,4;13182,8;11795,2;17965,4;24381,2;7755,4;34740,4;12942,3;25647,2;14227,1;5878,9;11496,0;33066,7;21042,7;0,0;8290,0;7784,1;8741,6;7822,5;20599,0;11043,6;13362,5;5211,0;30638,1;9248,6;10601,9;26377,3;15446,1;3615,9;26594,8;13541,7;25083,5;10448,8;8603,1;11471,2;20309,0;10123,6;9901,7;8407,3;16893,5;12915,4;20079,7;34854,4;13343,2;22388,5;14113,7;9441,3;;7935,1;18155,4;3451,7;15197,9;18326,7;16333,7;;21650,6;4505,4;10543,9;9989,7;6640,6
Santana do Piauí;12096,1;11148,7;11540,9;6612,3;5332,8;17013,0;17194,9;21946,5;13634,4;12645,7;21777,5;19313,8;7121,1;3706,8;10420,4;15836,2;36110,4;33375,0;9038,2;24380,6;36000,0;10786,8;25439,2;10298,2;5201,9;17366,7;18283,4;11451,4;22290,2;3129,0;35352,8;29732,0;21648,3;20756,7;22841,0;18714,2;29503,7;16492,0;22169,9;8655,6;32483,5;6811,4;8393,9;15429,4;4550,9;27243,7;19213,2;15322,6;18972,8;22089,5;19324,7;24315,5;30073,4;10079,1;14959,4;30378,2;26372,2;20463,2;28359,4;18615,1;21532,9;8897,8;10853,4;23510,7;36631,4;39256,5;24118,2;34519,3;29453,0;13124,1;14635,4;15620,8;22811,9;3356,3;;25034,3;10683,1;21464,0;28024,7;21981,3;18447,5;9099,8;11213,6;10818,1;12154,1;5666,8;4118,0;7836,0;2993,3;34574,6;15857,8;27624,6;11253,2;31740,4;6038,6;6815,0;8314,3;5222,5;17809,5;8880,6;5358,1;13682,4;21541,2;13176,8;16261,2;28888,1;29014,0;18877,1;20054,3;37003,8;22756,1;22528,9;23649,4;15730,1;14246,0;9514,6;11373,9;19487,0;31892,4;27548,0;28177,5;22133,6;6601,5;18550,8;8115,2;27600,2;24210,3;11832,3;25141,8;13286,9;5887,8;30735,2;34584,3;26955,8;30647,0;9341,4;16192,8;19973,0;24649,1;14361,5;7449,9;19859,0;8399,8;10688,7;7036,9;12776,2;19147,5;25162,8;17821,3;3535,7;37387,3;31464,4;;8217,5;16377,9;12004,3;20365,5;23513,6;14558,3;3075,5;10487,1;6312,8;24757,1;22260,0;25420,0;17398,6;12363,9;13429,5;28597,1;13099,7;38956,3;15413,7;29863,1;18443,0;4609,5;10451,0;37282,6;25258,5;8294,1;0,0;3248,1;12575,0;7811,7;20873,7;11381,1;10387,8;7780,2;34854,0;11835,1;3767,0;27109,9;14401,1;4740,6;27327,4;13816,5;25816,1;12920,2;1528,5;6935,3;20583,7;4970,6;10470,3;10878,7;14663,2;15023,9;20354,5;39070,3;17559,1;20221,0;9577,8;9677,7;;2211,3;20473,5;8655,0;15930,5;19059,2;20549,6;;21925,3;9462,1;6008,0;5453,8;5422,2
Santo Antônio de Lisboa;10943,1;11934,0;12326,2;3860,2;2580,7;17798,3;17980,2;21440,3;13128,1;12868,3;20624,5;18807,5;7906,4;2897,8;9914,2;14781,9;35604,2;32868,8;9823,5;25165,8;35493,8;11572,0;26224,4;9145,2;4048,9;18151,9;17777,2;10298,5;23075,5;1648,7;34846,6;30517,2;20495,3;21542,0;23626,2;17561,2;30289,0;16900,5;22955,2;8149,4;33268,8;4059,3;7240,9;14276,4;1798,8;28029,0;19998,4;14816,3;17819,8;22874,7;18171,7;23162,5;30858,6;7327,0;15744,7;31163,5;27157,5;21248,4;29144,6;19400,4;21026,7;8391,5;9700,4;22357,7;36125,2;38750,3;23612,0;34013,1;28946,8;10372,0;15420,7;16406,1;21658,9;3257,1;;25819,5;11468,3;20957,7;28809,9;20828,4;17294,5;8165,8;10707,4;10311,9;11647,8;2914,7;1365,9;5083,9;1840,3;34068,4;15351,5;26471,6;12038,5;32525,6;6796,5;6308,7;7161,4;4069,5;17303,3;7727,7;4205,1;13176,1;22326,5;12670,5;15108,2;29673,4;29799,3;19662,4;20839,5;36497,6;21603,1;23314,2;24434,7;14577,1;15031,3;9794,3;12159,1;18980,8;32677,7;28333,3;28962,8;21627,4;3849,4;18044,5;6962,2;28385,5;24995,5;12617,6;25269,8;14072,2;2639,7;30228,9;33431,3;27741,0;31432,3;8835,2;16978,1;20758,3;25434,3;13208,5;8235,1;20644,2;7893,5;11474,0;4603,5;11623,2;17994,5;24656,6;17315,1;3029,4;36881,0;32249,7;;7064,5;17163,2;9689,3;19859,3;24298,8;13405,3;2266,6;7239,0;3064,7;25542,3;23045,2;26205,2;16892,4;13149,1;12276,5;28090,8;12593,5;38450,1;14907,4;29356,8;17936,8;4103,3;11236,3;36776,3;24752,3;7787,9;3244,4;0,0;13360,3;7305,4;19720,8;12166,4;9234,9;7274,0;34347,7;12620,3;5279,4;27378,3;15186,4;4234,4;28112,6;12663,5;26601,3;12414,0;3152,3;4183,2;19430,7;3556,1;11255,6;10372,5;15448,5;15809,2;19201,5;38564,0;17052,8;21006,2;6825,7;8524,7;;2484,4;19320,5;8148,7;16715,7;19844,5;20043,3;;20772,4;8955,9;4855,0;2701,7;4916,0
Santo Antônio dos Milagres;22217,8;2506,8;1414,6;16734,0;15454,5;10541,1;8999,6;17392,3;3434,5;963,2;24014,3;14759,5;7553,1;13672,5;6548,9;17492,9;31556,1;28820,8;7583,7;16185,2;31445,8;3250,0;17243,8;15991,4;15323,6;11295,8;13729,1;21573,2;14094,9;13678,0;30798,6;21536,6;24140,2;12561,4;14645,6;16445,1;21308,3;18148,8;13974,6;8306,0;24288,2;16933,1;16641,1;22177,2;14672,7;19048,3;11017,8;10768,3;14609,9;13894,1;25017,9;26552,3;21878,0;20200,8;16462,1;22182,8;18176,9;12267,8;20164,0;10419,8;16978,7;12394,3;18237,8;26002,5;32077,2;34702,3;19564,0;29965,1;24898,7;23245,8;6440,1;7425,5;25303,7;11500,9;;16838,9;8879,4;16909,7;19829,3;24473,2;14481,3;15118,2;4873,7;6189,6;5443,6;15788,6;14239,8;17957,8;13115,0;30020,4;11303,5;29861,4;2386,4;23545,0;10542,8;11876,8;17164,5;15344,2;14546,4;19002,4;15479,9;2467,9;13353,4;8622,5;21954,4;20692,8;20818,7;10681,8;17187,7;32449,6;24992,9;14333,6;15454,1;25851,9;6050,7;11399,8;2316,7;14932,8;23697,0;19352,7;19982,2;17579,4;16723,2;13996,5;18236,9;19404,8;16014,9;3597,4;17736,2;5091,6;16009,5;26180,9;32502,8;18760,4;22451,7;7894,8;7997,5;11777,7;16453,7;20054,7;8931,5;14678,9;11896,3;2809,3;17158,6;15868,6;14784,6;20608,6;6956,8;11649,4;32833,0;23269,1;;18339,3;8182,6;22126,0;15811,3;15925,4;17937,5;12910,5;18719,9;16434,5;16561,7;14064,6;17224,6;12844,4;6640,7;23551,2;24042,8;3592,1;34402,1;15084,1;25308,8;13888,7;11846,9;7056,8;32728,3;20704,3;8747,2;12580,0;13369,9;0,0;13790,5;23110,5;6180,7;19330,5;7904,3;30299,7;1401,2;12978,3;18914,5;11412,1;9583,9;19132,0;19509,7;17620,7;12590,6;11244,1;17057,0;23075,5;14529,8;4747,1;12859,0;16319,9;5452,6;22846,3;34516,0;13004,8;14925,7;19699,6;15409,3;;12663,6;17817,0;5832,0;7735,1;10863,9;15995,3;;24417,2;6601,3;16129,8;15575,5;12608,6
Santo Inácio do Piauí;14136,6;13635,5;14027,7;10664,9;9385,4;19499,8;19681,7;18965,4;12470,2;12902,5;15810,6;18149,6;9607,9;7603,3;9948,4;18323,0;31719,8;32210,9;9972,5;26867,4;33018,9;13273,6;27926,0;4331,3;9254,5;19853,5;17119,2;13492,0;24777,0;7733,0;32860,9;32218,8;15681,4;23243,5;25327,8;12747,3;31990,5;18978,8;24656,7;8183,6;34970,3;10864,0;4038,1;10517,0;8603,6;29730,5;21700,0;14158,4;12916,3;24576,3;13357,8;18348,6;32560,2;14131,7;17446,2;32865,0;28859,0;22950,0;30846,2;21101,9;18551,8;4627,7;6577,6;17543,8;33650,4;36275,4;21137,2;31538,2;27116,9;16075,9;17122,2;18107,6;16845,0;5877,7;;27521,1;13169,9;17157,5;30511,5;16014,4;12385,0;1327,8;10049,4;10346,0;11492,7;9719,5;8170,7;11888,6;7045,9;31593,5;14693,6;21657,6;13740,0;34227,2;8498,0;7907,4;4561,5;6310,0;12255,8;8328,1;9410,8;13210,3;24028,0;12012,6;10294,3;31374,9;31500,8;21363,9;22541,1;34022,8;16789,1;25015,7;26136,2;15692,0;16732,8;12229,9;13860,7;18322,8;34379,2;30034,8;30664,3;19152,5;10654,1;17386,6;12167,8;30087,0;26697,1;14319,1;27628,6;15773,7;9940,4;27754,1;28617,3;29442,6;33133,8;8177,2;18679,6;22459,8;27135,9;8394,5;9936,7;22345,8;5427,8;13175,5;11089,5;6809,3;13091,0;22181,8;16786,8;4884,9;34406,2;33951,2;;7609,1;18864,7;14044,8;15521,4;26000,4;8591,4;6841,4;14539,7;10365,4;27243,9;24746,8;27906,8;16234,5;14850,6;13557,1;25616,0;12627,6;35975,2;9118,0;28698,9;13598,9;3386,6;12937,8;36118,4;22277,4;7822,1;7806,7;7300,8;13780,7;0,0;14906,8;13867,9;7670,4;6616,0;31872,9;14287,7;10358,4;29596,7;16887,9;5614,5;29814,2;7849,5;28302,9;6624,6;8119,8;10987,9;14616,8;9640,3;12957,1;4583,0;17150,0;17510,7;14387,5;36089,2;16394,9;22707,8;13630,5;3710,7;;7451,9;14506,6;8182,9;18417,2;21546,0;19385,4;;15958,4;8990,1;6092,1;9506,4;2422,4
São Braz do Piauí;16876,8;24354,2;23646,7;23063,3;21783,8;32388,6;30847,0;14669,0;21142,3;22248,0;903,8;22258,2;24154,8;19586,1;21270,2;32869,8;16813,0;30606,6;22777,2;38032,7;26258,3;25097,5;39091,3;11922,2;20535,2;33143,2;14845,7;20232,8;35942,3;20382,6;26100,3;43384,0;1658,7;34408,8;36493,1;9221,0;43155,8;33525,7;35822,0;20988,3;46135,6;23169,6;12817,9;10706,4;21002,0;40895,8;32865,2;19376,8;8819,3;35741,6;13547,1;3441,8;43725,4;23573,5;31993,1;44030,3;40024,3;34115,3;42011,5;32267,2;14255,4;17432,4;14197,2;7012,8;24793,8;26941,9;16256,2;18499,6;20356,3;22816,7;28287,5;29272,9;6314,0;20718,4;;38686,3;26334,6;12861,0;41676,7;4307,9;11048,1;15743,3;18721,6;23150,8;20164,9;22117,8;20569,0;24287,0;18434,3;24832,9;21821,4;6750,9;24340,0;45392,5;23044,9;20712,2;13341,2;16455,2;14699,5;15947,7;20521,6;22805,0;35200,9;19140,4;8195,8;42540,2;42666,1;32529,2;37087,9;20401,0;1882,3;36181,0;37301,5;15918,6;27898,1;26776,8;24164,2;21025,0;45544,5;41200,1;41829,6;14856,1;22959,8;22888,8;22616,6;41252,3;37862,3;25444,8;39583,6;26939,0;22338,8;20993,5;13710,5;40607,8;44299,1;19951,7;27909,7;33625,1;38301,1;15185,6;24483,5;36526,3;18232,5;24656,7;22370,3;11900,2;8994,0;16353,6;25459,0;19794,8;21390,0;45116,5;;16388,9;30030,0;20785,6;11977,6;37772,9;10468,8;19881,5;26938,1;22763,8;38409,2;35912,1;39072,0;21736,7;28717,5;14109,1;18855,4;23313,9;24599,3;12907,2;29293,0;11412,7;18296,5;27484,7;36712,5;14346,8;20626,8;20859,3;19699,2;23126,2;14909,9;0,0;28257,6;15289,9;19420,8;25112,3;23633,2;23069,8;40762,0;31434,8;18419,2;40979,5;7603,9;39468,1;15169,0;20831,3;23386,3;4064,4;22289,9;26824,0;15000,1;31696,9;27300,0;3460,2;24528,5;16989,0;36773,2;23200,2;11510,0;;20163,3;7431,2;20987,7;29582,5;32711,3;19979,5;;4251,9;21794,8;14871,8;21904,8;17332,3
São Félix do Piauí;21009,2;4447,4;5143,6;15525,3;14245,8;7566,9;10493,6;22526,8;8569,0;6097,8;29148,9;19894,1;4575,8;12463,8;11365,7;16284,2;36690,7;33955,4;8275,2;17679,3;36580,3;4085,4;18737,8;17729,2;14114,9;7920,6;18863,7;20364,5;15588,9;12469,3;35933,2;23030,6;29079,3;14055,4;16139,7;21579,7;22802,4;15043,8;15468,6;11380,5;25782,2;15724,4;17307,0;23914,9;13464,0;20542,4;12511,8;15902,9;19744,5;15388,1;26755,7;31686,9;23372,0;18992,1;11658,2;23676,9;19670,9;13761,9;21658,0;11625,1;22113,2;14132,1;19766,5;30941,7;37211,8;39836,9;24698,6;35099,7;30033,3;22037,1;7934,1;8919,5;30242,9;10292,2;;18332,9;7911,4;22044,3;21323,3;29412,3;19615,9;15152,3;10008,3;7651,0;10578,2;14579,9;13031,1;16749,1;11906,3;35155,0;16438,1;34996,0;4855,9;25039,1;9334,1;10804,0;17227,4;14135,5;19681,0;17793,7;14271,2;7439,1;14847,5;13757,1;23692,2;22186,8;22312,7;12175,8;15236,7;37584,2;30127,5;15827,6;16948,1;24643,2;7544,7;10191,1;4672,6;20067,3;25191,1;20846,7;21476,2;22713,9;15514,5;19131,1;17028,2;20898,9;17508,9;5131,0;19230,2;6585,6;14800,8;31315,5;37637,3;20254,4;23945,7;13029,4;9491,5;13271,7;17947,7;21792,4;7722,8;12524,2;13634,1;3987,4;15950,0;18551,4;19919,2;25743,2;11609,6;10440,8;37967,6;24763,1;;17130,6;9676,6;20917,3;20945,9;17419,5;20620,3;11701,8;17511,2;15225,9;18055,7;15558,6;18718,6;17979,0;2917,7;22342,5;29177,4;8726,7;39536,6;20218,7;30443,4;19023,3;10662,0;1065,1;37862,9;25838,8;11019,0;11371,3;12161,2;6177,6;13864,2;28245,1;0,0;19300,9;13014,5;35434,3;5437,7;11769,6;20408,6;5420,4;10054,5;20626,0;21247,4;19114,7;17725,2;10035,5;15848,3;28014,7;13321,1;1692,8;16113,0;15111,2;8322,6;27785,4;39650,6;18139,4;15403,4;18490,9;17147,0;;11454,9;22951,6;7748,8;9229,1;12357,9;21129,9;;29356,3;7292,8;14921,1;14366,8;11474,8
São Francisco de Assis do Piauí;7364,0;19073,6;19465,8;10676,5;9397,0;24937,9;25119,8;19353,3;18018,4;18450,7;16198,5;23697,8;15046,0;10037,4;15496,6;23703,9;32107,7;36822,6;15520,7;32305,5;33406,9;18711,6;33364,1;4336,8;7347,9;25291,5;19530,0;6719,4;30215,1;9907,2;33248,8;37656,8;16069,3;28681,6;30765,9;13135,2;37428,6;24416,9;30094,8;13731,8;40408,4;9982,2;5392,9;5282,0;8476,1;35168,6;27138,0;19706,6;13503,7;30014,3;9782,9;18736,5;37998,2;9181,4;22884,3;38303,1;34297,1;28388,1;36284,2;26540,0;18939,8;10175,9;1589,8;17931,7;34038,3;36663,4;21525,1;31926,2;27504,9;9303,2;22560,3;23545,7;17232,9;10396,7;;32959,1;18607,9;17545,4;35949,5;16402,3;13097,0;8486,8;15597,7;15894,3;17041,0;9247,1;9295,3;11900,2;8206,7;31981,5;20241,8;22045,6;19178,1;39665,3;13936,1;13448,4;5313,3;7580,1;17248,2;1555,5;7805,5;18758,5;29466,1;17560,8;10682,2;36813,0;36938,9;26802,0;27979,2;34410,7;17177,1;30453,8;31574,3;9684,5;22170,9;17668,0;19298,8;23871,1;39817,3;35472,9;36102,4;19540,5;9772,4;22934,8;9429,2;35525,1;32135,1;19757,2;33066,6;21211,8;11561,7;28142,0;29005,2;34880,6;38571,9;13725,5;24117,7;27897,9;32573,9;6436,8;15374,8;27783,8;10976,0;18613,6;9182,9;7425,8;13678,4;22569,7;22335,1;10169,1;34794,1;39389,3;;4728,9;24302,8;7272,2;16662,0;31438,5;8979,3;9406,2;16161,0;11986,7;32681,9;30184,8;33344,8;21782,7;20288,7;7549,6;26003,9;18175,9;36363,1;11623,2;33977,4;15470,0;11040,0;18375,9;41396,9;22665,3;13370,3;10384,0;9223,8;19329,0;7653,4;15294,7;19306,0;0,0;12164,2;32260,8;19759,9;12594,5;35034,8;22326,0;11162,7;35252,2;8237,4;33740,9;11617,0;10355,9;10999,5;15004,7;11814,6;18395,2;9575,5;22588,1;22948,8;14775,5;36477,1;21673,4;28145,9;8808,0;4223,4;;9688,0;14894,5;13731,1;23855,3;26984,1;24663,9;;16346,3;14538,3;6007,3;9518,0;10075,8
São Francisco do Piauí;16124,3;9129,7;8422,1;10640,5;9361,0;17164,0;15622,5;14230,0;5917,8;7023,5;20297,4;11597,2;8843,8;7578,9;4834,2;17558,8;28393,8;25658,5;7466,2;22808,1;28283,5;9872,9;23866,7;8818,1;9230,1;17918,7;10566,8;15479,7;20717,8;7708,6;27636,3;28159,5;20168,2;19184,3;21268,6;13282,8;27931,3;18214,7;20597,5;4762,0;30911,1;10839,6;9467,8;15003,9;8579,1;25671,3;17640,7;7606,0;11447,6;20517,0;17844,6;22835,4;28500,9;14107,3;16682,1;28805,8;24799,8;18890,7;26786,9;17042,7;13816,4;5221,0;11064,5;22030,6;28914,9;31540,0;16401,7;26802,8;21736,4;17152,3;13063,0;14048,4;21331,8;5407,4;;23461,8;11023,5;13747,4;26452,2;20501,2;11187,1;7944,9;3497,1;7839,8;4940,4;9695,0;8146,2;11864,2;7021,5;26858,1;8141,2;26144,5;9115,5;30168,0;7733,9;5401,2;9991,1;9250,7;10093,0;12815,0;9386,3;7580,5;19976,3;5460,2;14781,1;27315,7;27441,6;17304,7;21776,9;29287,3;21276,0;20956,5;22077,0;19758,3;12673,6;11465,7;8939,6;11770,5;30320,0;25975,6;26605,1;14417,1;10629,7;10834,2;12143,4;26027,8;22637,8;10220,3;24359,1;11714,5;9916,0;23018,6;29340,5;25383,3;29074,6;1624,8;12685,1;18400,6;23076,6;12881,4;9172,5;21301,8;4114,1;9432,2;11065,1;8704,7;11622,4;17446,3;10234,5;5555,9;29670,7;29892,0;;12245,7;14805,5;16032,5;12649,0;22548,3;10773,5;6817,0;14515,3;10341,0;23184,6;20687,5;23847,5;9682,1;13493,0;17457,7;20880,5;8089,3;31239,8;7920,1;22146,5;10726,4;5276,2;12173,7;29566,0;17542,0;5203,2;7782,2;7276,4;7901,7;6617,2;19393,6;13022,0;12157,2;0,0;27137,4;8408,7;10094,2;25537,5;16123,8;3108,2;25754,9;12336,4;24243,6;5426,7;8095,4;10963,5;19103,6;9615,9;11599,5;5695,1;16385,9;12075,5;18874,4;31353,7;9842,5;21548,6;13606,0;8236,0;;7427,4;14654,7;5676,6;14358,0;17486,8;12833,0;;20445,2;6483,8;10036,2;9482,0;6037,9
São Gonçalo do Gurguéia;33870,0;31528,5;30821,0;37712,3;36432,8;39562,8;38021,3;12900,5;28316,6;29422,2;24496,1;24289,7;35915,6;34650,8;28444,5;44630,7;11563,3;25714,3;34258,6;45206,9;4925,8;32271,7;46265,5;28915,4;36301,9;40317,5;16877,2;37226,1;43116,6;34780,4;12038,8;50558,3;25542,5;41583,1;43667,3;20889,4;50330,1;45286,5;42996,3;30201,5;53309,9;37911,4;29811,1;27699,7;35651,0;48070,1;40039,5;21408,3;19951,5;42915,8;30540,4;22069,5;50899,7;40566,8;43753,9;51204,6;47198,6;41289,5;49185,7;39441,5;14680,7;32292,9;31190,5;30446,9;2097,4;4722,4;11498,8;9972,2;13064,0;39809,9;35461,8;36447,2;29570,7;32479,2;;45860,6;36617,3;16315,3;48851,0;27743,9;22180,3;32736,6;25895,8;33085,7;27339,2;36766,9;35218,1;38936,1;34093,3;4389,4;24106,9;20734,1;31514,3;52566,7;34805,7;32473,0;30334,5;33448,5;25831,8;32940,9;36458,2;29979,3;42375,1;21676,8;27152,9;49714,5;49840,4;39703,5;46209,4;12243,8;23237,2;43355,3;44475,8;33237,2;35072,4;38537,6;31338,5;23056,5;52718,8;48374,4;49003,9;14917,0;37701,6;24920,3;39215,2;48426,6;45036,6;32619,1;46757,9;34113,3;36987,8;6238,9;12881,1;47782,1;51473,4;27126,0;35083,9;40799,4;45475,4;32178,9;36244,4;43700,6;31186,0;31831,0;38136,9;26779,8;20126,3;11596,3;32633,2;32627,8;4496,5;52290,8;;33382,1;37204,3;37778,9;22315,6;44947,1;27462,0;33888,8;41587,1;37412,9;45583,4;43086,3;46246,3;23768,2;35891,8;31102,4;6256,9;30488,1;4406,2;24039,5;23816,9;22544,9;32348,0;36307,9;24529,4;10759,4;30642,8;34854,1;34348,2;30300,5;31903,2;25119,9;35431,8;32283,2;27135,5;0,0;30807,5;37166,1;47936,3;40663,2;30180,1;48153,7;24328,9;46642,4;26301,3;35167,2;38035,3;27519,8;36687,8;33998,2;28439,9;43457,7;34474,3;27260,1;4536,2;19020,5;43947,4;40193,4;28503,2;;34499,3;22261,3;32506,9;36756,8;39885,6;22011,0;;27799,9;33276,1;31865,1;36553,8;33109,7
São Gonçalo do Piauí;21472,5;2106,6;621,5;15988,7;14709,1;9795,6;8254,1;17895,5;3937,7;1466,5;24517,5;15262,7;6807,7;12927,1;7052,1;16747,5;32059,4;29324,0;8086,9;15439,7;31949,0;2504,5;16498,3;16494,6;14578,2;10550,2;14232,4;20827,8;13349,3;12932,6;31301,8;20791,1;24643,4;11815,8;13900,1;16948,3;20562,8;17403,4;13229,0;8809,2;23542,7;16187,8;17144,4;22680,4;13927,3;18302,8;10272,3;11271,5;15113,1;13148,6;25521,2;27055,5;21132,5;19455,4;15716,6;21437,3;17431,4;11522,3;19418,5;9674,2;17481,9;12897,5;18741,0;26505,8;32580,4;35205,5;20067,2;30468,3;25402,0;22500,5;5694,5;6680,0;25807,0;10755,5;;16093,4;8134,0;17412,9;19083,8;24976,4;14984,5;15615,6;5376,9;6692,9;5946,8;15043,2;13494,4;17212,4;12369,7;30523,6;11806,8;30364,6;1703,5;22799,5;9797,4;11267,3;17667,7;14598,9;15049,6;18257,0;14734,5;2971,2;12607,9;9125,7;22457,6;19947,2;20073,2;9936,2;16442,2;32952,8;25496,1;13588,1;14708,6;25106,5;5305,2;10654,4;1571,2;15436,0;22951,5;18607,2;19236,7;18082,6;15977,9;14499,8;17491,6;18659,3;15269,4;2891,4;16990,6;4346,1;15264,1;26684,1;33006,0;18014,9;21706,1;8398,0;7252,0;11032,2;15708,2;20557,9;8186,1;13933,4;12399,5;2063,8;16413,3;16371,8;15287,9;21111,8;7460,0;10904,1;33336,2;22523,6;;17593,9;7437,1;21380,7;16314,5;15179,9;18440,7;12165,1;17974,5;15689,2;15816,2;13319,1;16479,1;13347,6;5895,3;22805,8;24546,0;4095,3;34905,3;15587,3;25812,0;14392,0;11125,3;6311,4;33231,5;21207,5;9250,4;11834,6;12624,5;1395,7;14293,7;23613,8;5435,4;19764,2;8407,5;30802,9;0,0;12232,9;18169,0;10666,7;10087,1;18386,5;20012,9;16875,2;13093,8;10498,8;16311,6;23578,7;13784,4;4001,8;13362,3;15574,5;5562,8;23349,5;35019,2;13508,0;14180,2;18954,2;15912,5;;11918,2;18320,2;6335,3;6989,6;10118,4;16498,5;;24920,4;7104,5;15384,4;14830,2;11938,1
São João da Canabrava;14309,5;11537,0;11929,2;8760,7;7481,2;17401,3;17583,2;24260,2;15505,3;13034,0;23990,9;21627,4;7509,4;6023,0;12734,1;16224,5;38424,1;35688,7;9426,5;24768,9;38313,7;11175,1;25827,5;12511,6;7415,2;17755,0;20597,1;13664,8;22678,5;4092,4;37666,5;30120,3;23861,7;21145,0;23229,3;20927,6;29892,0;16880,3;22558,2;10969,3;32871,8;8959,8;10607,3;17642,8;6699,3;27632,0;19601,5;17636,2;21186,2;22477,8;21538,1;26528,9;30461,7;12227,5;15347,7;30766,5;26760,6;20851,5;28747,7;19003,4;23846,6;11211,4;13066,8;25724,1;38945,1;41570,2;26431,9;36833,0;31766,7;15272,5;15023,7;16009,1;25025,3;5529,8;;25422,6;11071,4;23777,6;28413,0;24194,7;20660,9;11532,2;13527,3;11633,2;14467,8;7815,2;6266,4;9984,4;5206,7;36888,3;18171,5;29838,0;11641,5;32128,7;6426,9;7803,8;10527,7;7435,9;20123,2;11094,0;7571,5;14224,8;21929,5;15490,4;18474,6;29276,4;29402,4;19265,4;20442,6;39317,5;24969,5;22917,2;24037,7;17943,5;14634,3;9518,2;11762,2;21800,7;32280,7;27936,3;28565,8;24447,3;8749,9;20864,5;10328,6;27988,5;24598,6;12220,6;25530,1;13675,2;7153,0;33048,8;36797,7;27344,1;31035,3;11655,1;16581,2;20361,3;25037,4;16574,9;7838,2;20247,3;10713,4;11077,0;9250,3;14989,6;21360,9;27476,5;18699,2;6094,1;39700,9;31852,8;;10430,9;16766,2;14217,7;22679,2;23901,9;16771,7;5391,7;11752,3;7578,0;25145,4;22648,3;25808,3;19712,3;12752,1;15642,9;30910,8;14539,1;41270,0;17727,3;32176,8;20756,7;7167,9;10839,3;39596,2;27572,2;10607,8;3757,1;5280,5;12963,3;10370,0;23087,1;11769,4;12601,2;10093,9;37167,6;12223,4;0,0;27498,2;14789,4;7054,3;27715,7;16029,8;26204,4;15233,9;2421,2;9083,7;22797,1;4275,4;10858,6;13192,4;15051,5;15412,2;22567,9;41383,9;19872,7;20609,3;11726,2;11891,1;;3840,6;22686,9;10968,6;16318,8;19447,5;22863,2;;24138,7;9861,2;8221,4;7602,2;7980,6
São João da Fronteira;36840,5;16565,2;17996,0;29151,9;29351,6;14590,7;10267,0;35117,2;21159,4;18688,2;41739,3;32484,5;22175,7;28295,1;24273,8;20844,2;49281,1;46545,7;23865,8;11431,0;49170,7;17057,5;8919,5;33319,8;29946,3;15360,0;31454,1;36195,8;8416,8;28225,6;48523,5;9885,3;41865,1;8499,8;6020,6;34170,0;10266,3;16607,3;11322,0;26030,9;12636,9;30830,2;33138,3;39505,6;28569,8;11943,2;9322,4;28493,3;32334,9;8006,8;42346,3;44277,3;10836,0;34097,9;14269,9;11140,8;7134,8;7760,5;7690,8;10386,8;34703,6;29722,7;35566,2;43727,5;49802,1;52427,2;37288,9;47690,0;42623,7;37142,9;16994,2;13647,6;43028,7;26123,5;;3622,0;23502,0;34634,6;11505,0;42198,1;32206,2;30983,6;22598,7;23241,6;23168,5;29685,7;28039,9;30048,1;27737,7;47745,3;29028,5;47586,3;18917,5;12503,0;25165,4;26635,3;33058,7;29966,9;32271,4;33625,0;30102,5;20192,9;10794,8;26347,5;39282,8;12176,2;12494,4;13184,2;11025,9;50174,5;42717,8;13555,5;6980,1;40474,5;15648,5;26022,4;16972,3;32657,7;12045,8;12882,5;12596,5;35304,3;30620,3;31721,5;32859,6;14875,7;14434,3;16866,5;8292,0;15566,7;26666,7;43905,8;50227,7;10682,5;11409,6;25619,7;15423,3;8036,7;13633,7;37383,1;23554,1;14997,4;29224,7;16616,8;31374,4;33593,6;32509,6;38333,5;17649,9;26272,1;50558,0;12227,0;;32961,9;14404,8;36460,3;33536,2;6710,4;35662,4;27533,2;23761,2;24646,7;6388,3;6030,1;13313,2;30569,3;17838,0;38173,9;41767,8;21317,1;52127,0;32809,0;43033,8;31613,7;26493,3;21010,0;50453,2;38429,2;26472,1;27202,7;27344,0;18998,8;29695,5;40835,5;20500,0;35132,2;25629,2;48024,7;18261,6;27600,9;0,0;16519,9;25885,8;11121,8;36838,0;6647,5;30315,6;25866,8;29750,3;40800,5;29152,5;19066,4;30584,0;17746,1;18721,1;40571,2;52241,0;30729,8;12610,8;33596,7;32737,6;;27286,2;35542,0;23339,4;13120,5;15561,7;33720,3;;42142,1;22883,4;30752,4;29472,6;27306,1
São João da Serra;24045,2;9678,9;10375,0;18561,4;17281,9;7514,7;7003,3;27758,3;13800,5;11329,3;32324,1;25125,6;7611,8;15499,8;15800,0;12812,5;41922,2;39186,8;12347,2;14330,3;41811,8;9316,9;15096,6;20844,8;17151,0;8284,0;24095,2;23400,6;11707,9;15505,4;41164,6;19149,6;32194,9;10174,4;12258,6;26811,1;18921,4;9623,8;12119,6;15814,8;21901,2;18760,5;20343,0;27030,5;16500,1;17193,4;8630,8;21134,4;24976,0;11507,1;29871,3;34862,1;19491,0;22028,2;6238,2;19795,9;15789,9;9880,8;17777,0;6205,1;27344,7;17247,7;22802,5;34057,3;42443,2;45068,3;29930,0;40331,1;35264,8;25073,2;12930,2;9583,7;33358,5;13328,3;;14451,9;11924,4;27275,7;17682,1;32527,9;24847,3;18188,4;15239,8;12085,3;15809,6;17615,9;16067,1;19785,1;14942,4;40386,4;21669,6;38171,2;10087,3;21158,0;12370,2;13840,0;20263,5;17171,6;24912,5;20829,8;17307,2;12670,6;10966,5;18988,5;26807,8;18545,6;18671,5;9137,0;9816,7;42815,6;33302,6;14059,3;13067,1;27679,3;11584,6;13227,2;9904,0;25298,8;21310,1;18919,3;18773,6;27945,4;18550,6;24362,6;20064,3;18971,4;16648,8;10362,4;14904,1;11502,8;17836,9;36546,9;42868,8;16859,6;20064,7;17691,3;11359,4;9390,7;16403,9;24908,0;10758,9;7104,2;16749,7;9218,9;18986,0;21667,0;25150,7;30974,6;13585,9;13476,8;43199,1;20882,1;;20166,7;10014,3;23953,4;26177,3;13276,0;23735,9;14737,9;20547,3;18261,9;14174,7;11677,6;16385,4;23210,4;8149,2;25378,6;34408,9;13958,2;44768,1;23763,6;35674,9;24254,8;13698,1;4490,4;43094,3;31070,3;15453,3;14407,4;15197,3;11409,1;16900,2;31420,3;5420,5;22337,0;16130,1;40665,8;10669,2;14805,6;16527,6;0,0;13090,5;17277,1;24363,0;15233,7;21270,1;13071,5;18884,4;31130,2;16357,2;6924,3;19228,6;9714,4;13554,1;30901,0;44882,1;23370,8;9983,4;21526,9;20262,6;;14490,9;28183,1;12183,1;9056,6;11497,7;26361,4;;32471,9;11727,0;17957,2;17402,9;14510,8
São João da Varjota;13084,8;9831,8;10101,3;7601,0;6321,4;15696,1;15878,0;17274,6;8962,4;8702,6;19302,2;14641,8;5804,2;4539,4;5748,5;14519,3;31438,5;28703,1;5772,6;23063,7;31328,1;9469,9;24122,3;7822,9;6190,6;16049,8;13611,5;12440,1;20973,3;4669,0;30680,9;28415,1;19173,0;19439,8;21524,1;16238,9;28186,8;15175,2;20853,0;3983,7;31166,7;7800,1;8472,6;14008,7;5539,6;25926,8;17896,3;10650,6;14492,2;20772,6;16849,4;21840,2;28756,5;11067,7;13642,5;29061,3;25055,4;19146,3;27042,5;17298,2;16861,0;4225,8;10069,3;21035,4;31959,5;34584,6;19446,3;29847,4;24781,0;14112,8;13318,5;14304,0;20336,6;2367,8;;23717,4;9329,9;16792,0;26707,8;19506,1;14008,7;6949,8;6541,7;6146,2;7482,1;6655,5;5106,7;8824,7;3982,0;29902,7;11185,9;25149,3;9936,3;30423,5;4694,3;2390,5;8996,0;6211,2;13137,6;9869,3;6346,8;9010,4;20224,4;8504,8;13785,9;27571,2;27697,2;17560,2;18737,4;32331,9;20280,8;21212,0;22332,5;16718,8;12929,1;8426,2;10057,0;14815,1;30575,5;26231,2;26860,7;17461,7;7590,2;13878,8;9103,9;26283,3;22893,4;10515,4;23824,9;11970,0;6876,5;26063,2;32109,0;25638,9;29330,1;4669,5;14876,0;18656,2;23332,2;11886,2;6133,0;18542,1;3727,8;9371,8;8025,6;8645,2;14667,0;20490,9;13149,4;2516,4;32715,3;30147,6;;9206,2;15061,0;12993,0;15693,6;22196,7;10714,1;3777,4;11475,8;7301,5;23440,2;20943,1;24103,1;12726,7;11047,0;14418,2;23925,1;8427,8;34284,4;10741,7;25191,1;13771,1;2737,7;9134,1;32610,6;20586,6;3622,2;4742,7;4236,8;9580,8;5622,0;18398,5;10064,2;11162,0;3108,3;30182,0;10087,8;7054,7;25793,0;13084,2;0,0;26010,5;11341,2;24499,2;8248,3;5055,9;7923,9;18108,4;6576,4;9153,4;6206,8;13346,3;13707,0;17879,2;34398,3;12887,1;18904,1;10566,5;7240,8;;4387,9;17699,3;3983,0;14613,6;17742,3;15877,6;;19450,1;4790,2;6996,7;6442,5;3550,4
São João do Arraial;37083,4;16808,1;18239,0;31599,6;30320,1;15234,8;10911,1;35360,1;21402,3;18931,1;41982,2;32727,4;22418,6;28538,0;24516,7;21702,2;49524,0;46788,7;24108,7;4834,3;49413,6;17300,4;2843,6;33562,7;30189,2;16004,1;31697,0;36438,8;6327,9;28543,5;48766,4;10213,4;42108,0;8076,0;6708,0;34412,9;8804,7;18513,4;6771,0;26273,8;12141,8;31798,7;33381,2;39748,5;29538,2;1965,0;10081,9;28736,2;32577,8;8864,7;42589,2;44520,2;9219,5;35066,4;15127,8;6803,9;7997,6;8618,5;9984,8;11146,2;34946,5;29965,6;35809,1;43970,4;50045,1;52670,1;37531,9;47932,9;42866,6;38111,4;16948,3;13890,6;43271,6;26366,5;;9271,3;23745,0;34877,6;3848,0;42441,0;32449,2;31226,5;22841,6;23484,5;23411,5;30654,1;29105,3;32823,3;27980,6;47988,2;29271,4;47829,2;19160,5;10565,0;25408,3;26878,2;33301,6;30209,8;32514,3;33867,9;30345,4;20435,8;11652,8;26590,4;39525,7;4711,5;3276,1;9749,6;13064,4;50417,4;42960,7;8135,7;7922,9;40717,4;15891,5;26265,4;17215,2;32900,6;11694,3;3544,1;3378,3;35547,2;31588,8;31964,4;33102,5;4830,6;6623,6;17109,4;10559,6;15809,6;30875,1;44148,8;50470,6;439,4;6928,0;25862,6;14935,6;8894,7;5188,9;37626,0;23797,0;15855,4;29467,6;16859,7;32024,2;33836,5;32752,5;38576,4;17162,1;26515,0;50800,9;10289,1;;33204,8;14647,7;36991,6;33779,2;8748,9;35905,3;27776,1;29703,0;30637,9;5530,6;6888,1;4053,4;30812,2;18482,1;38416,8;42010,7;21560,0;52369,9;33051,9;43276,7;31856,6;26736,3;21619,0;50696,2;38672,1;26715,1;27445,6;28235,4;19241,8;29938,4;41078,4;20742,9;35375,1;25872,2;48267,6;18504,5;27843,8;11123,2;17279,3;26128,7;0,0;37080,9;7101,9;30558,5;26109,7;31922,6;41043,4;29395,4;19309,3;30826,9;18604,0;18750,4;40814,2;52483,9;30972,7;13468,8;34565,1;32980,5;;27529,1;35784,9;23582,3;12383,2;10851,6;33963,2;;42385,0;23126,3;30995,3;30441,1;27549,0
São João do Piauí;9850,1;20786,9;20079,3;16036,7;14757,2;26707,3;26889,2;11434,8;17908,2;18680,6;8525,3;19024,0;17128,2;12559,5;15726,5;25843,2;24434,5;28904,1;15750,7;34074,8;25488,4;20481,0;35133,4;4895,6;13508,6;27060,9;11611,5;13206,2;31984,5;13356,0;25330,3;39426,2;8396,1;30451,0;32535,2;5216,7;39197,9;26499,1;31864,2;13961,7;42177,8;16143,0;5791,3;3679,8;13975,4;36937,9;28907,4;16142,7;5585,2;31783,7;6520,6;11063,3;39767,6;16547,0;24966,5;40072,4;36066,5;30157,4;38053,6;28309,3;11021,3;10405,8;7170,6;10258,5;26119,8;28744,9;13606,6;24007,7;19586,4;15790,1;24329,7;25315,1;9559,7;13691,8;;34728,5;19308,0;9626,9;37718,9;8729,1;7814,0;8716,7;15487,5;16124,2;16930,8;15091,2;13542,4;17260,4;11407,8;24063,0;18587,3;14372,4;20772,7;41434,6;16018,3;13685,6;6314,6;9428,6;11465,4;8921,1;13495,0;18988,5;31243,0;15906,3;3009,0;38582,4;38708,3;28571,4;30061,3;26492,2;9503,9;32223,2;33343,7;9217,4;23940,3;19750,2;20596,8;17790,9;41586,7;37242,3;37871,8;11622,0;15933,2;19654,7;15590,0;37294,4;33904,5;21526,5;35148,8;22981,2;15312,2;20223,5;21332,0;36650,0;40341,2;13955,4;24675,5;29667,3;34343,3;8159,0;17456,9;29866,0;11205,9;20383,0;15343,7;4873,6;5759,9;14651,2;22224,9;12768,2;26875,6;41158,7;;9362,3;26072,2;13759,0;8743,5;33520,6;3442,2;12854,9;19911,5;15737,2;34451,3;31954,2;35114,2;18502,5;22058,1;7082,6;18085,4;18405,8;28444,6;7253,3;26058,9;8178,6;11269,9;20458,1;33478,4;14746,8;13600,2;13832,7;12672,6;19558,9;7883,3;7621,5;21306,5;8263,3;12394,2;24342,3;20065,9;16043,2;36804,2;24408,2;11392,6;37021,6;0,0;35510,3;9718,8;13804,7;16359,7;7331,5;15263,3;20164,5;7973,5;24670,3;23732,7;7102,2;28558,6;13754,9;30228,0;16173,6;4483,4;;13136,7;6976,0;13961,1;25624,7;28753,5;16745,4;;8673,1;14768,2;7845,2;14878,2;10305,7
São José do Divino;35543,0;15267,7;16698,6;30059,2;28779,7;13293,2;8969,6;33819,7;19862,0;17390,7;40441,8;31187,0;20878,2;26997,6;22976,4;19546,7;47983,6;45248,3;22568,3;8036,8;47873,2;15760,1;4907,7;32022,3;28648,8;14062,5;30156,6;34898,4;6596,8;27003,2;47226,1;6070,8;40567,6;7202,4;3528,0;32872,6;5842,6;16358,0;7927,7;24733,5;8822,4;30258,3;31840,8;38208,1;27997,8;7931,4;8025,0;27195,8;31037,4;6709,3;41048,8;42979,8;4585,0;33526,0;12972,4;6717,1;2711,1;6463,1;4698,2;9089,4;33406,2;28425,2;34268,7;42430,0;48504,7;51129,8;35991,5;46392,6;41326,2;36571,0;15696,7;12350,2;41731,2;24826,1;;6653,6;22204,6;33337,2;6246,5;40900,7;30908,8;29686,2;21301,2;21944,2;21871,1;29113,7;27564,9;31282,9;26440,2;46447,9;27731,0;46288,9;17620,1;8079,3;23868,0;25337,8;31761,3;28669,4;30973,9;32327,6;28805,0;18895,4;9497,4;25050,0;37985,3;5728,2;8482,6;10906,4;10909,0;48877,1;41420,4;10161,3;5682,7;39177,1;14351,1;24725,0;15674,8;31360,2;8231,3;8870,8;8584,7;34006,8;30048,4;30424,0;31562,1;10864,0;11040,1;15569,0;8404,2;14269,2;29334,7;42608,4;48930,2;6670,7;6985,9;24322,3;14125,9;6739,3;10239,4;36085,6;22256,7;13700,0;27927,2;15319,4;30483,8;32296,1;31212,1;37036,1;16352,4;24974,6;49260,5;7803,3;;31664,5;13107,3;35451,2;32238,8;6593,5;34364,9;26235,7;27547,6;28482,4;2376,5;4732,6;9301,4;29271,8;16540,6;36876,4;40470,3;20019,6;50829,5;31511,5;41736,3;30316,2;25195,9;19712,5;49155,8;37131,7;25174,7;25905,2;26695,1;17701,4;28398,0;39538,0;19202,5;33834,8;24331,8;46727,2;16964,1;26303,4;6639,2;15222,4;24588,3;7110,0;35540,6;0,0;29018,1;24569,3;30382,2;39503,0;27855,0;17769,0;29286,5;16448,6;17423,6;39273,8;50943,5;29432,3;11313,4;33024,7;31440,2;;25988,7;34244,5;22042,0;11823,0;13675,6;32422,8;;40844,7;21585,9;29454,9;28900,7;26008,6
São José do Peixe;18071,5;13835,3;13127,8;15775,7;14496,2;21869,6;20328,1;13402,0;10623,4;11729,1;16071,2;16302,8;13979,0;12714,1;10196,1;22694,0;27565,9;30364,1;12601,4;27513,7;27455,5;14578,5;28572,3;8266,1;14365,3;22624,3;13578,7;17426,8;25423,4;12843,8;27297,5;32865,1;16197,1;23889,9;25974,2;8502,0;32636,9;23349,9;25303,1;10123,8;35616,7;15974,8;8915,9;12647,9;13714,3;30376,9;22346,3;12311,6;6666,8;25222,6;15488,6;18609,2;33206,5;19242,5;21817,3;33511,4;29505,4;23596,3;31492,5;21748,3;12988,4;7256,6;10512,5;18059,5;28086,9;30712,0;15573,7;25974,8;21553,5;20010,7;17768,6;18754,0;17360,7;10542,6;;28167,4;16158,8;11594,1;31157,8;16530,1;5760,5;7944,8;8202,7;12975,0;9646,0;14830,2;13281,4;16999,4;12156,7;26030,1;12846,8;21918,3;13821,1;34873,6;12869,1;10536,4;9439,2;12553,2;6924,5;12263,0;14521,5;12286,1;24682,0;10165,8;12425,1;32021,3;32147,2;22010,3;26912,1;28459,3;17049,8;25662,1;26782,6;18185,5;17379,2;16600,9;13645,2;16476,1;35025,6;30681,2;31310,7;13589,1;15764,9;15539,8;17278,6;30733,4;27343,4;14925,9;29064,7;16420,1;15051,2;22190,6;28512,5;30088,9;33780,2;6330,5;17390,7;23106,2;27782,2;12329,4;14307,7;26007,4;8056,7;14137,8;16200,3;5148,2;6841,6;16618,3;14940,1;10544,5;28842,8;34597,6;;12486,8;19511,1;17979,7;8896,9;27253,9;7217,1;11952,2;19650,5;15476,2;27890,2;25393,1;28553,1;14387,7;18198,6;16050,6;20052,5;12795,0;30411,8;2493,5;26852,1;6974,4;9046,3;17308,9;34271,6;16714,0;10451,0;12917,5;12411,5;12607,3;6617,1;15167,5;17738,6;11605,2;5442,9;26309,4;13114,3;15229,4;30243,1;21259,0;8243,4;30460,5;9714,3;28949,2;0,0;13230,6;16098,7;15132,4;14751,1;16305,0;2138,7;21521,1;16781,1;14903,2;30525,7;14548,1;26254,2;18741,2;7684,0;;12562,6;9874,0;10811,9;19063,6;22192,4;17538,6;;16474,1;11619,0;10969,8;14617,2;8082,0
São José do Piauí;12070,9;9802,9;10195,1;6522,1;5242,6;15667,2;15849,1;22266,3;13771,2;11299,9;21752,4;19633,6;5775,3;3784,4;10740,3;14490,4;36430,2;33694,9;7692,4;23034,8;36319,9;9441,0;24093,3;10273,1;5176,7;16020,8;18603,2;11426,3;20944,4;2616,5;35672,7;28386,1;21623,2;19410,9;21495,2;18689,0;28157,9;15146,2;20824,1;8975,5;31137,7;6721,2;8368,8;15404,2;4460,8;25897,9;17867,3;15642,4;18947,6;20743,6;19299,6;24290,4;28727,5;9988,9;13613,6;29032,4;25026,4;19117,4;27013,5;17269,3;21852,8;9217,6;10828,2;23485,6;36951,3;39576,4;24438,1;34839,2;29772,8;13034,0;13289,6;14275,0;22786,8;3291,2;;23688,4;9337,2;21783,8;26678,8;21956,2;18422,4;9293,6;11533,5;9899,1;12473,9;5576,7;4027,9;7745,9;2968,1;34894,5;16177,6;27599,4;9907,4;30394,6;4692,8;6069,7;8289,2;5197,3;18129,4;8855,5;5332,9;12490,7;20195,4;13496,6;16236,1;27542,3;27668,2;17531,3;18708,5;37323,7;22730,9;21183,1;22303,6;15705,0;12900,2;8168,8;10028,1;19806,9;30546,6;26202,2;26831,7;22453,5;6511,4;18870,6;8090,0;26254,4;22864,4;10486,5;23795,9;11941,1;5543,5;31055,0;34559,1;25609,9;29301,2;9661,2;14847,0;18627,2;23303,2;14336,3;6104,1;18513,1;8719,6;9342,9;7011,7;12751,0;19122,4;25482,7;16965,1;3855,5;37707,1;30118,6;;8192,4;15032,1;11979,1;20685,4;22167,8;14533,2;3153,2;10142,8;5968,5;23411,2;20914,1;24074,1;17718,5;11018,0;13404,3;28916,9;12804,9;39276,1;15733,5;30182,9;18762,8;4929,4;9105,2;37602,4;25578,3;8614,0;1518,6;3158,0;11229,2;8131,5;20848,6;10035,3;10362,7;8100,0;35173,8;10489,2;2421,2;25764,1;13055,3;5060,5;25981,6;13791,3;24470,2;13240,1;0,0;6845,1;20558,5;3490,1;9124,5;11198,5;13317,4;13678,1;20329,3;39390,1;17878,9;18875,2;9487,7;9652,5;;1602,1;20448,4;8974,8;14584,6;17713,4;20869,4;;21900,2;8127,1;5982,9;5363,6;5742,1
São Julião;12693,1;15613,0;16005,2;1115,6;2023,1;21477,3;21659,2;25119,2;16807,1;16547,3;24303,5;22486,5;11585,4;6576,8;13593,2;17186,5;39283,1;36547,8;13502,5;28844,8;39172,8;15251,0;29903,4;12824,2;4688,0;21830,9;21456,1;12048,5;26754,4;5823,7;38525,6;33714,8;24174,3;25221,0;27305,2;21240,2;33967,9;19305,1;26634,1;11828,4;36466,4;4452,2;10919,9;16026,4;3173,7;31707,9;23677,4;18495,3;21498,8;26553,7;20527,2;26841,5;34537,6;7719,9;19423,7;34842,4;30836,5;24927,4;32458,8;23079,3;24705,7;12070,5;11676,9;26036,7;39804,2;42429,3;27291,0;37692,1;32625,7;10764,9;19099,6;20085,1;25337,9;6936,1;;29498,5;15147,3;24636,7;32488,9;24507,3;20973,5;11844,8;14386,4;13990,8;15326,8;3307,7;3973,9;4185,5;5519,3;37747,4;19030,5;30150,6;15717,5;36204,6;10475,4;9987,7;10840,3;7748,5;20982,3;9477,7;6615,7;16855,1;26005,5;16349,5;18787,2;33352,4;33478,3;23341,3;24518,5;40176,6;25282,1;26993,2;28113,7;16327,1;18710,3;13969,3;15838,1;22659,8;35875,3;32012,3;32641,8;25306,4;4242,3;21723,5;8659,2;32064,4;28674,5;16296,5;27674,4;17751,2;5323,0;33907,9;37110,3;31420,0;35111,2;12514,1;20657,1;24437,3;29113,3;16887,5;11914,1;24323,2;11572,5;15153,0;4996,4;15302,2;21673,5;28335,6;20994,1;6708,4;40560,0;35928,7;;9008,7;20842,2;10082,2;23538,3;27049,1;17084,3;5945,5;9643,6;5469,3;29221,3;26724,2;29884,2;20571,4;16828,1;14026,5;31769,8;16272,5;42129,0;18586,4;33035,8;21615,7;7782,2;14915,3;40455,3;28431,2;11466,9;6923,3;4175,0;17039,2;10984,4;23399,7;15845,3;10984,9;10952,9;38026,7;16299,3;9069,9;29783,0;18865,4;7913,4;31791,6;16342,4;30280,3;16093,0;6831,3;0,0;23109,7;7731,1;14934,5;14051,4;19127,5;19488,2;22880,5;42243,0;20731,8;24685,2;7218,6;12203,7;;6163,4;22999,5;11827,7;20394,7;23523,5;23722,3;;24451,3;12634,9;8534,0;3289,0;8595,0
São Lourenço do Piauí;16575,2;24241,5;23534,0;22761,8;21482,3;32275,8;30734,3;14556,2;21029,6;22135,3;4280,2;22145,5;23853,3;19284,6;21157,5;32568,3;19610,4;32025,5;22475,7;37920,0;28609,8;24984,7;38978,6;11620,7;20233,7;33030,5;14733,0;19931,3;35829,6;20081,1;28451,7;43271,3;3358,6;34296,1;36380,4;9108,3;43043,1;33224,2;35709,3;20686,8;46022,9;22868,1;12516,4;10404,9;20700,4;40783,1;32752,5;19264,1;8706,6;35628,8;13245,6;6468,8;43612,7;23272,0;31691,5;43917,6;39911,6;34002,6;41898,8;32154,5;14142,7;17130,9;13895,7;5900,0;27820,8;29968,9;16728,0;21526,6;22707,8;22515,2;28174,8;29160,2;4406,6;20416,8;;38573,6;26033,0;12748,3;41564,0;1929,0;10935,4;15441,8;18608,9;22849,3;20052,2;21816,3;20267,5;23985,5;18132,8;27184,4;21708,7;9777,9;24227,3;45279,8;22743,3;20410,7;13039,7;16153,7;14586,8;15646,2;20220,0;22692,3;35088,2;19027,7;7894,2;42427,5;42553,4;32416,5;36786,4;23198,4;4909,4;36068,3;37188,8;14805,7;27785,4;26475,2;24051,5;20912,3;45431,8;41087,4;41716,9;14743,4;22658,2;22776,1;22315,1;41139,6;37749,6;25332,1;39470,9;26826,3;22037,3;23344,9;16737,6;40495,1;44186,4;19839,0;27796,9;33512,4;38188,4;14884,1;24182,0;36413,6;17931,0;24544,0;22068,8;11598,7;8881,3;17772,6;25346,3;19493,2;24417,0;45003,8;;16087,3;29917,3;20484,1;11864,9;37660,2;10167,3;19580,0;26636,6;22462,3;38296,4;35799,3;38959,3;21624,0;28604,8;13807,6;21206,8;23201,2;27626,3;12794,5;29180,3;11300,0;17995,0;27183,2;36599,8;17373,8;20325,3;20557,8;19397,6;23013,5;14608,4;4028,7;28031,5;14988,4;19119,3;27463,7;23520,5;22768,3;40649,3;31133,3;18117,7;40866,8;7302,4;39355,4;15056,3;20529,8;23084,8;0,0;21988,4;26711,3;14698,6;31395,3;27187,3;1531,2;27555,5;16876,3;36660,4;22898,7;11208,4;;19861,8;7318,5;20686,1;29469,8;32598,6;19866,8;;1873,0;21493,3;14570,3;21603,3;17030,8
São Luis do Piauí;13524,3;13088,6;13480,8;7289,4;6137,2;18952,9;19134,8;23781,6;15469,4;14585,6;23205,7;21148,8;9061,0;5299,6;12255,5;17291,2;37945,4;35210,1;10978,1;26320,4;37835,1;12726,6;27379,0;11726,4;6630,1;19306,5;20118,4;12879,6;24230,0;2368,5;37187,9;31671,8;23076,5;22696,6;24780,8;20142,4;31443,5;17947,0;24109,8;10490,7;34423,4;7615,8;9822,1;16857,6;5355,4;29183,5;21153,0;17157,6;20401,0;24029,3;20752,9;25743,7;32013,2;10883,5;16414,4;32318,0;28312,1;22403,0;30299,2;20555,0;23368,0;10732,8;12281,6;24938,9;38466,5;41091,6;25953,3;36354,4;31288,0;13928,5;16575,2;17560,7;24240,1;5598,4;;26974,1;12622,9;23299,0;29964,5;23409,5;19875,7;10747,0;13048,7;12653,1;13989,1;6471,2;4922,4;8640,4;4421,5;36409,7;17692,8;29052,8;13193,1;33680,2;7978,4;8650,0;9742,5;6650,7;19644,6;10308,9;6786,3;15517,4;22996,2;15011,8;17689,4;30828,0;30953,9;20817,0;21509,3;38838,9;24184,3;24468,8;25589,3;17158,3;16185,9;8711,0;13313,7;21322,1;33832,2;29487,9;30117,4;23968,7;7405,9;20385,8;9543,4;29540,0;26150,1;13772,1;26596,7;15226,8;5429,0;32570,2;36012,5;28895,6;32586,8;11176,5;18132,7;21912,9;26588,9;15789,7;9389,7;21313,9;10234,8;12628,6;8160,0;14204,4;20575,7;26997,9;19656,4;5370,7;39222,3;33404,3;;9645,7;18317,8;13245,8;22200,6;24968,5;15986,5;4668,4;10028,3;5854,1;26696,9;24199,8;27359,8;19233,7;14303,7;14857,7;30432,1;14934,8;40791,3;17248,7;31698,1;20278,0;6444,6;12390,9;39117,6;27093,6;10129,2;4958,7;3556,5;14514,9;9646,7;22301,9;13320,9;11816,0;9615,2;36689,0;13774,9;4275,4;29049,8;16341,0;6575,7;29267,2;15244,7;27755,9;14755,3;3488,2;7739,7;22011,9;0,0;12410,1;12713,7;16118,2;16963,8;21782,7;40905,3;19394,1;21676,0;10382,2;11105,9;;3850,6;21901,7;10490,0;17870,3;20999,1;22384,6;;23353,6;11297,2;7436,2;6258,2;7257,3
São Miguel da Baixa Grande;20107,4;3010,4;3706,6;14623,6;13344,1;6798,6;9056,6;21089,8;7132,1;4660,8;27711,9;18457,1;5442,7;11562,0;10223,3;15382,5;35253,7;32518,4;7132,7;16242,2;35143,3;2648,4;17300,8;16586,7;13213,2;7152,2;17426,7;19462,8;14151,9;11567,6;34496,1;21593,6;27837,7;12618,4;14702,7;20142,6;21365,4;16038,3;14031,6;10238,1;24345,2;14822,7;16405,2;22772,5;12562,3;19105,4;11074,8;14465,9;18307,5;13951,1;25613,2;30249,9;21935,0;18090,4;13158,6;22239,9;18233,9;12324,9;20221,0;10476,8;20676,2;12989,6;18833,1;29700,1;35774,8;38399,8;23261,6;33662,6;28596,3;21135,4;6497,1;7482,5;29001,3;9390,5;;16895,9;6769,0;20607,3;19886,3;28170,7;18178,9;14250,6;8571,3;6508,6;9141,2;13678,1;12129,4;15847,4;11004,6;33717,9;15001,1;33559,0;3418,9;23602,1;8432,4;9902,3;16325,7;13233,8;18244,0;16892,0;13369,5;6002,1;13410,5;12320,1;22549,7;20749,8;20875,7;10738,8;16737,1;36147,2;28690,5;14390,6;15511,1;23741,5;6107,7;9289,4;3235,6;18630,3;23754,1;19409,7;20039,2;21276,9;14612,8;17694,1;16126,5;19461,9;16071,9;3694,0;17793,2;5148,6;13899,1;29878,5;36200,3;18817,4;22508,7;11592,4;8054,5;11834,7;16510,7;20650,0;6821,1;12657,3;12491,6;2550,4;15048,2;17409,0;18482,2;24306,1;10172,6;9539,0;36530,6;23326,1;;16228,9;8239,6;20015,6;19508,9;15982,5;19477,9;10800,1;16609,5;14324,1;16618,7;14121,6;17281,6;16541,9;2149,4;21440,8;27740,4;7289,7;38099,6;18781,6;29006,4;17586,3;9760,3;2565,5;36425,9;24401,8;9876,6;10469,6;11259,5;4740,6;12962,5;26808,1;1689,4;18399,2;11601,9;33997,3;4000,7;10867,9;18971,6;6920,8;9152,8;19189,0;20105,0;17677,7;16288,2;9133,7;14946,6;26773,1;12419,4;0,0;14970,5;14209,5;6885,6;26543,9;38213,6;16702,4;14982,7;17589,2;16004,6;;10553,1;21514,6;6606,4;7792,1;10920,9;19692,9;;28114,7;6150,3;14019,4;13465,1;10573,0
São Miguel do Fidalgo;16026,9;14068,8;13361,2;13731,1;12451,5;21513,4;20561,5;15537,5;10856,9;11962,5;15896,8;16536,3;11934,3;10669,5;10429,5;20649,4;29701,4;30597,5;10556,8;27747,2;29591,0;14812,0;28805,8;6221,5;12320,6;21867,0;15505,9;15382,2;25656,8;10799,1;29433,0;33098,6;15767,6;24123,3;26207,6;10637,5;32870,3;21305,2;25536,5;8767,9;35850,1;13930,1;6871,2;10603,3;11669,7;30610,3;22579,8;12545,1;8802,4;25456,1;13444,0;18434,8;33440,0;17197,8;19772,6;33744,8;29738,9;23829,8;31726,0;21981,7;15123,9;5212,0;8467,9;17630,0;30222,5;32847,5;17709,3;28110,3;23689,0;17966,1;18002,0;18987,4;16931,2;8497,9;;28400,9;14114,1;13729,6;31391,2;16100,6;7896,0;5900,2;8436,1;10930,3;9879,4;12785,6;11236,8;14954,8;10112,1;28165,6;13080,3;21743,9;14054,5;35107,0;10824,4;8491,7;7394,5;10508,5;7766,8;10218,4;12476,9;12519,5;24915,4;10399,2;10380,5;32254,7;32380,7;22243,7;24867,5;30594,8;16875,4;25895,5;27016,0;16140,8;17612,6;14556,3;13878,7;16709,5;35259,0;30914,6;31544,2;15724,6;13720,3;15773,3;15234,0;30966,8;27576,9;15159,4;29298,1;16653,5;13006,5;24326,2;28703,5;30322,4;34013,6;6563,9;17624,2;23339,7;28015,7;10284,8;12263,1;24672,2;6012,1;14371,3;14155,7;3103,6;8977,1;18753,8;15173,5;8499,9;30978,3;34831,1;;10442,2;19744,5;15935,0;11032,4;27487,4;5172,5;9907,5;17605,8;13431,6;28123,7;25626,6;28786,5;14621,1;16864,2;14006,0;22188,1;13028,4;32547,3;4629,0;27085,6;9109,9;7001,6;15264,2;34505,1;18849,5;8406,4;10872,8;10366,9;12840,8;4572,4;14993,0;16112,6;9560,6;5676,3;28445,0;13347,8;13184,8;30476,5;19214,3;6198,8;30694,0;7935,7;29182,7;2135,6;11186,0;14054,0;14703,0;12706,5;14970,7;0,0;19476,4;17014,6;14473,8;32661,3;14781,5;25034,2;16696,6;5639,3;;10518,0;12009,5;8767,2;19297,0;22425,8;17772,1;;16044,6;9574,4;8925,2;12572,6;6037,4
São Miguel do Tapuio;24304,6;14849,1;15241,3;18820,8;17541,3;13618,3;11290,1;30555,8;18817,4;16346,1;32583,5;27923,0;10821,5;15759,2;18343,0;6313,1;44719,7;41984,3;12810,8;16001,7;44609,3;14487,2;16312,1;21104,1;17410,4;14387,6;26892,7;23659,9;12923,4;15764,7;43962,1;20365,1;32454,3;11389,9;13474,1;29520,1;20136,9;5043,9;13791,0;17264,9;23116,7;19019,9;20602,4;27289,9;16759,4;18864,8;9683,4;23931,8;27773,4;12722,6;30130,7;35121,4;20706,5;22287,5;3511,3;21011,3;17005,4;11096,3;18992,5;11409,9;30142,2;17507,0;23061,9;34316,7;45240,7;47865,8;32727,5;43128,6;38062,3;25332,6;18017,2;14670,7;33617,8;13587,6;;15667,4;14455,6;30073,2;18897,6;32787,3;27289,9;18447,7;19822,9;14945,3;19803,7;17875,3;16326,5;20044,5;15201,8;43183,9;24467,1;38430,5;14953,6;22373,5;12629,5;14099,4;20522,8;17431,0;26418,8;21089,1;17566,6;17536,9;10093,1;21786,0;27067,1;19761,1;19887,0;14207,2;8606,1;45613,1;33562,0;15730,7;13921,4;27938,6;16671,6;11576,5;15074,3;28096,3;22525,6;20275,2;19989,1;30742,9;18810,0;27160,1;20323,7;20642,8;19005,0;15532,7;13693,6;16589,8;17491,6;39344,4;45390,2;18075,1;21280,2;17950,7;16446,4;10606,2;18204,3;25167,4;11222,4;8410,8;17009,0;14389,1;19245,4;21926,4;27948,2;33772,1;18672,9;13736,2;45996,6;22097,6;;20426,0;15427,8;24212,8;28974,8;12065,4;23995,3;14997,2;14314,0;15471,6;15390,2;12893,1;18056,8;26007,9;16064,2;25638,0;37206,4;17851,2;47565,6;24023,0;38472,4;27052,3;13957,5;14151,4;45891,8;33867,8;16903,4;14666,8;15456,6;16275,4;17159,6;31679,7;15081,5;22596,3;16389,5;43463,2;15535,5;15065,0;17743,1;9710,9;13349,9;18514,4;24622,4;16449,2;21529,5;13330,9;19143,8;31389,6;16108,4;14170,7;19488,0;0,0;18724,3;31160,4;47679,6;26168,3;8772,8;21786,3;20522,0;;14750,3;30980,6;14472,6;14143,5;16584,7;29158,8;;32731,3;13245,5;18216,5;17662,3;14770,2
São Pedro do Piauí;24655,1;4154,6;5430,4;19171,3;17891,8;10721,7;8713,8;21566,8;7609,0;5137,7;28188,8;18934,0;9990,3;16109,7;10723,4;19930,2;35730,6;32995,3;11680,4;15817,5;35620,3;4872,1;16876,1;20165,9;17760,9;11476,4;17903,6;24010,5;13809,1;16115,2;34973,1;21250,9;28314,7;12275,6;14359,9;20619,6;21022,6;19562,0;13606,9;12480,5;24002,4;19370,4;20815,6;26351,7;17109,9;18680,7;10732,1;14942,8;18784,4;13608,4;29192,4;30726,8;21592,3;22638,1;16176,4;21897,1;17891,2;11982,1;19878,3;10134,0;21153,2;16568,8;22412,3;30177,0;36251,7;38876,8;23738,5;34139,6;29073,2;25683,1;2762,9;7139,7;29478,2;13938,2;;16553,2;11316,7;21084,2;19461,6;28647,7;18655,8;18798,2;9048,2;10364,1;9618,1;18225,8;16677,0;20395,0;15552,3;34194,9;15478,0;34035,9;6399,0;23259,3;12980,0;14449,9;20873,3;17781,5;18720,9;21439,7;17917,1;6642,4;13067,7;12797,0;26128,9;20325,1;20451,0;10314,1;16902,0;36624,1;29167,4;13965,9;15168,3;28289,2;5764,9;13837,1;4476,6;19107,3;23411,3;18848,8;19478,3;21753,9;19160,5;18171,0;20674,2;18901,0;15511,0;3807,3;17450,4;3164,2;18446,8;30355,4;36677,3;18392,7;22165,9;12069,3;5069,4;11492,0;15949,8;24229,2;11368,8;14393,1;16070,8;4431,4;19595,9;20043,1;18959,1;24783,1;4007,7;14086,7;37007,5;22983,3;;20776,5;7896,8;24563,3;19985,8;15639,7;22112,0;15347,8;21157,2;18871,8;16276,0;13778,9;16720,7;17018,9;8774,6;25988,5;28217,3;7766,6;38576,5;19258,6;29483,3;18063,2;14308,0;9190,8;36902,8;24878,8;12921,7;15017,3;15807,1;5448,4;17510,1;27285,0;8314,6;22946,8;12078,8;34474,2;5564,7;15415,5;18628,8;13546,0;13700,4;18764,3;23684,2;17335,0;16765,1;13681,4;19494,3;27250,0;16967,1;6881,1;17033,5;18757,2;0,0;27020,8;38690,5;17179,3;14640,0;22136,8;19583,8;;15100,8;21991,5;10006,5;7152,8;10360,0;20169,8;;28591,7;10698,0;18567,0;18012,8;15120,7
São Raimundo Nonato;16346,0;24012,3;23304,8;22532,6;21253,1;32046,6;30505,1;14327,0;20800,4;21906,1;3392,7;21916,2;23624,1;19055,4;20928,3;32339,1;18355,7;31796,3;22246,5;37690,8;28380,6;24755,5;38749,3;11391,5;20004,5;32801,3;14503,8;19702,1;35600,4;19851,9;28222,5;43042,1;2471,1;34066,9;36151,2;8879,1;42813,9;32995,0;35480,1;20457,6;45793,7;22638,9;12287,1;10175,7;20471,2;40553,9;32523,3;19034,9;8477,4;35399,6;13016,4;5581,3;43383,5;23042,8;31462,3;43688,4;39682,4;33773,3;41669,5;31925,3;13913,5;16901,7;13666,5;5956,4;26933,3;29081,4;16498,8;20533,1;22478,6;22285,9;27945,6;28931,0;4494,5;20187,6;;38344,4;25803,8;12519,1;41334,8;2016,9;10706,2;15212,6;18379,7;22620,0;19823,0;21587,1;20038,3;23756,3;17903,6;26955,2;21479,5;8890,4;23998,1;45050,6;22514,1;20181,5;12810,5;15924,5;14357,6;15417,0;19990,8;22463,1;34858,9;18798,5;7665,0;42198,3;42324,2;32187,3;36557,2;21943,7;4021,9;35839,1;36959,6;14862,2;27556,2;26246,0;23822,3;20683,0;45202,6;40858,2;41487,7;14514,1;22429,0;22546,9;22085,9;40910,4;37520,4;25102,9;39241,7;26597,1;21808,1;23115,7;15658,8;40265,9;43957,2;19609,8;27567,7;33283,2;37959,2;14654,9;23952,8;36184,4;17701,8;24314,8;21839,5;11369,5;8652,1;17543,4;25117,1;19264,0;23529,5;44774,6;;15858,1;29688,1;20254,9;11635,7;37430,9;9938,1;19350,8;26407,4;22233,1;38067,2;35570,1;38730,1;21394,7;28375,6;13578,4;20977,6;22972,0;26738,8;12565,3;28951,1;11070,8;17765,8;26954,0;36370,6;16486,3;20096,1;20328,6;19168,4;22784,3;14379,2;3457,6;27802,3;14759,2;18890,0;27234,5;23291,3;22539,1;40420,1;30904,1;17888,5;40637,6;7073,1;39126,2;14827,1;20300,5;22855,5;1531,2;21759,2;26482,0;14469,4;31166,1;26958,1;0,0;26668,0;16647,1;36431,2;22669,5;10979,2;;19632,6;7089,3;20456,9;29240,6;32369,4;19637,6;;1960,9;21264,1;14341,1;21374,1;16801,6
Sebastião Barros;38092,0;35750,5;35042,9;41934,3;40654,8;43784,8;42243,2;17122,5;32538,6;33644,2;23898,8;28511,7;40137,6;38872,7;32666,4;48852,6;10283,1;29936,3;38480,5;49428,9;9147,8;36493,7;50487,5;33137,4;40523,9;44539,4;21099,2;41448,0;47338,5;39002,4;16260,8;54780,3;24945,2;45805,0;47889,3;25111,4;54552,0;49508,5;47218,2;34423,5;57531,9;42133,4;34033,1;31921,7;39873,0;52292,0;44261,5;25630,3;24173,5;47137,8;34762,4;21472,1;55121,7;44788,8;47975,9;55426,5;51420,6;45511,5;53407,7;43663,4;18902,7;36514,8;35412,4;31442,0;3521,2;3495,5;15720,8;8692,0;17286,0;44031,9;39683,7;40669,2;28973,3;36701,2;;50082,6;40839,3;20537,3;53073,0;27146,5;26402,3;36958,5;30117,8;37307,6;31561,1;40988,8;39440,0;43158,0;38315,3;8611,4;28328,8;21816,0;35736,3;56788,7;39027,7;36695,0;34556,4;37670,4;30053,7;37162,9;40680,1;34201,2;46597,1;25898,8;31374,9;53936,4;54062,4;43925,4;50431,4;10963,6;22639,9;47577,3;48697,8;37459,2;39294,4;42759,6;35560,4;27278,5;56940,7;52596,4;53225,9;19139,0;41923,5;29142,3;43437,2;52648,5;49258,6;36841,1;50979,8;38335,3;41209,8;10460,8;11600,9;52004,1;55695,3;31348,0;39305,9;45021,4;49697,4;36400,8;40466,3;47922,6;35407,9;36053,0;42358,9;31001,8;24348,3;15818,2;36855,2;36849,7;3216,3;56512,8;;37604,1;41426,3;42000,9;26537,6;49169,1;31684,0;38110,8;45809,1;41634,8;49805,4;47308,3;50468,3;27990,2;40113,8;35324,4;10478,9;34710,1;5941,9;28261,5;28038,9;26766,9;36570,0;40529,9;28751,3;14981,4;34864,7;39076,1;38570,2;34522,5;36125,1;24522,5;39653,8;36505,1;31357,5;4541,9;35029,5;41388,1;52158,2;44885,2;34402,1;52375,7;28550,9;50864,4;30523,2;39389,2;42257,3;27550,3;40909,7;38220,2;32661,9;47679,7;38696,3;26662,8;0,0;23242,5;48169,4;44415,4;32725,2;;38721,2;26483,3;36728,9;40978,8;44107,6;26233,0;;27202,5;37498,1;36087,1;40775,8;37331,7
Sebastião Leal;23279,2;14232,2;13524,6;20416,0;19136,5;22266,5;20725,0;6109,3;11020,3;12126,0;17867,8;5713,7;18619,3;17354,5;11148,1;27334,4;20273,2;16260,5;16962,2;27910,6;20162,8;14975,4;28969,2;18324,6;19005,6;23021,2;2446,1;25255,2;25820,3;17484,1;18238,3;33262,0;17993,7;24286,8;26371,0;10298,6;33033,8;27990,2;25700,0;12905,2;36013,6;20615,1;19220,3;17108,9;18354,7;30773,8;22743,2;4112,0;9360,8;25619,5;19949,6;20405,8;33603,4;23882,8;26457,6;33908,2;29902,3;23993,2;31889,4;22145,2;5695,7;14996,6;20599,7;19856,1;20794,2;23419,3;8281,0;18682,1;12338,4;26927,8;18165,5;19150,9;19157,2;15182,9;;28564,3;19321,0;5626,7;31554,7;18326,7;11589,5;17720,5;8599,5;15789,4;10042,9;19470,6;17921,8;21639,8;16797,0;18737,4;6810,6;19396,0;14218,0;35270,4;17509,4;15176,7;19743,7;19026,2;14905,0;22350,2;19161,9;12683,0;25078,8;4380,5;16562,1;32418,2;32544,1;22407,2;28913,1;21166,6;18846,4;26059,0;27179,5;22646,4;17776,1;21241,3;14042,1;4083,9;35422,4;31078,1;31707,6;6296,4;20405,2;7624,0;21918,9;31130,2;27740,3;15322,8;29461,6;16817,0;19691,5;14897,9;21219,8;30485,8;34177,1;9829,7;17787,6;23503,1;28179,1;21588,1;18948,1;26404,3;13889,7;14534,7;20840,6;16189,0;9535,5;9325,6;15337,0;15331,4;21550,0;34994,5;;22021,3;19908,0;25808,0;11724,8;27650,8;16871,3;16592,5;24290,8;20116,5;28287,1;25790,0;28950,0;6471,9;18595,5;20511,6;12759,8;13191,8;23119,0;13448,7;12748,5;11954,1;15051,7;19011,6;20168,0;9421,3;13346,5;17557,8;17051,9;13004,2;16392,7;16964,1;18135,5;21692,4;9839,2;19016,7;13511,2;19869,8;30640,0;23366,9;12883,8;30857,4;13738,1;29346,1;14525,5;17870,9;20739,0;16929,0;19391,5;16701,9;14793,9;26161,4;17178,0;16699,8;23233,0;0,0;26651,1;23381,6;17912,4;;17203,0;11670,5;15210,6;19460,5;22589,3;3435,0;;18270,7;15979,8;19811,8;19257,5;15813,4
Sigefredo Pacheco;29862,4;12571,7;14002,5;24378,6;23099,1;10597,2;6273,5;31123,7;17165,9;14694,6;37745,7;28490,9;16379,4;21317,0;20280,3;11871,0;45287,6;42552,2;18368,6;10985,1;45177,2;13064,0;11179,4;26662,0;22968,2;11366,5;27460,5;29217,8;7790,6;21322,5;44530,0;15232,4;37871,6;6257,1;8341,4;30176,5;15004,1;8682,2;8774,4;22037,4;17983,9;24577,7;26160,2;32847,7;22317,2;13848,2;4666,8;24499,7;28341,3;5607,5;35688,5;40283,7;15573,8;27845,4;5296,6;15878,6;11872,6;5963,6;13859,8;6393,3;30710,1;23064,9;28619,7;39733,9;45808,6;48433,7;33295,4;43696,5;38630,1;30890,4;13000,6;9654,1;39035,1;19145,5;;9868,3;19508,5;30641,1;13764,8;38204,6;28212,7;24005,6;18605,1;19248,1;19175,0;23433,1;21884,3;25602,3;20759,6;43751,8;25034,9;43592,8;14924,0;17240,8;18187,3;19657,2;26080,7;22988,8;28277,8;26647,0;23124,4;16199,4;2509,5;22353,9;32625,0;14628,3;14754,2;9190,6;2730,1;46181,0;38724,3;10714,1;8045,4;33496,4;11655,0;17134,3;12978,8;28664,2;17392,8;15142,4;14856,4;31310,8;24367,8;27727,9;25881,5;15626,2;13988,4;12873,0;7817,6;11573,2;23049,5;39912,3;46234,2;12942,4;16147,4;21626,2;11429,8;5473,4;13187,7;30725,2;16780,2;6343,1;22566,9;12623,3;24803,2;27484,2;28516,1;34340,0;13656,3;19294,0;46564,4;16964,8;;25983,8;10411,2;29770,6;29542,7;6189,4;29553,1;20555,1;19871,8;21029,4;10257,5;7760,4;13040,2;26575,8;13844,5;31195,8;37774,2;17323,5;48133,5;28815,5;39040,2;27620,2;19515,3;14469,9;46459,7;34435,7;22461,2;20224,6;21014,5;15005,3;22717,4;36841,9;15400,0;28154,2;21635,7;44031,1;14268,0;20622,8;12610,3;9979,9;18907,8;13381,6;30180,2;11316,5;26322,0;18888,7;24701,6;36806,9;21666,2;15072,9;25045,8;8772,8;14727,6;36577,7;48247,4;26736,2;0,0;27344,1;26079,8;;20308,1;31548,4;19345,9;9127,0;11568,1;29726,7;;38148,6;18803,3;23774,3;23220,1;20328,0
Simões;10244,3;18263,0;18655,2;7408,3;5622,5;24127,3;24309,2;27264,0;19457,2;19197,3;24109,2;25136,6;14235,4;9226,9;16243,2;21032,6;40018,3;39197,8;16152,5;31494,9;41317,5;17901,1;32553,5;12247,4;4583,6;24481,0;24106,2;6851,1;29404,5;8473,8;41159,5;36846,2;23980,0;27871,0;29955,3;21045,8;36618,0;23151,2;29284,2;14478,4;39597,8;4328,7;11878,0;13735,9;5823,7;34358,0;26327,5;21145,4;21414,3;29203,8;18236,7;26647,2;37187,7;501,7;22073,7;37492,5;33486,6;27577,5;35473,7;25729,4;26850,4;14720,6;9500,4;25712,0;41948,9;44574,0;29435,8;39836,8;35275,8;5889,4;21749,7;22735,1;25143,5;9586,1;;32148,5;17797,3;25456,1;35138,9;24313,0;21007,7;14015,4;17036,4;16640,9;17976,9;4258,8;6623,9;7034,6;7440,0;39892,1;21680,6;29956,2;18367,5;38854,7;13125,5;12637,8;11798,4;9169,1;23632,4;7301,2;7388,6;19505,2;28655,5;18999,6;18592,8;36002,4;36128,3;25991,4;27168,6;42321,3;25087,7;29643,2;30763,7;13878,3;21360,3;16619,3;18488,2;25309,8;39006,7;34662,3;35291,8;27451,1;3027,8;24373,6;9432,1;34714,5;31324,5;18946,6;31520,4;20401,2;8890,3;36052,6;36915,9;34070,1;37761,3;15164,2;23307,1;27087,3;31763,3;15238,6;14564,2;26973,2;14222,6;17803,0;3232,9;15336,4;21589,1;30480,3;23644,1;9358,5;42704,8;38578,7;;8155,9;23492,2;4634,1;24572,7;30627,9;16890,0;8595,6;13489,6;9315,3;31871,4;29374,2;32534,2;23221,4;19478,1;11577,6;33914,6;18922,5;44273,8;19533,9;35685,9;23380,7;10432,3;17565,3;43105,4;30576,0;14116,9;9573,4;6825,1;19689,3;13634,5;23205,4;18495,4;8808,4;13603,0;40171,4;18949,4;11719,9;33629,0;21515,4;10563,4;34441,7;16148,1;32930,3;18743,0;9481,4;7225,0;22915,3;10381,1;17584,6;16701,5;21777,5;22138,2;22686,1;44387,8;23381,9;27335,3;0,0;12134,1;;8813,4;22805,2;14477,8;23044,7;26173,5;26372,4;;24257,0;15284,9;9544,1;5846,1;11245,0
Simplício Mendes;10689,6;16641,6;15934,0;11860,4;10580,9;22562,0;22743,9;15561,8;14103,1;14535,3;12406,9;19782,5;12982,9;8383,2;11581,2;21698,0;28316,1;33031,0;11605,4;29929,5;29615,3;16335,7;30988,1;884,2;9332,4;22915,6;15738,5;10045,0;27839,2;9179,7;29457,2;35280,9;12277,7;26305,7;28390,0;9343,6;35052,7;22353,8;27718,9;9816,4;38032,5;11966,7;1615,0;7113,4;9799,0;32792,7;24762,1;15791,3;9707,0;27638,4;9954,1;14944,9;35622,3;12507,0;20821,2;35927,2;31921,2;26012,1;33908,3;24164,1;15148,2;6260,6;3130,6;14140,1;30246,7;32871,8;17733,5;28134,6;23713,3;12628,8;20184,4;21169,8;13441,3;9546,5;;30583,2;15162,7;13753,8;33573,6;12610,7;9181,7;4540,4;11682,3;11978,9;13125,6;10914,9;9366,1;13084,1;7231,5;28189,9;16326,5;18254,0;16627,4;37289,3;11873,0;9540,3;2138,3;5252,3;13332,9;4881,1;9318,7;14843,2;27097,7;13645,5;6890,6;34437,1;34563,0;24426,1;25916,0;30619,1;13385,5;28077,9;29198,4;12244,9;19795,0;15604,9;16451,5;19955,7;37441,4;33097,0;33726,5;15748,9;11756,9;19019,5;11413,7;33149,2;29759,2;17381,3;31003,5;18835,9;11135,9;24350,4;25213,7;32504,7;36196,0;9810,1;20870,4;25522,0;30198,0;4990,9;13311,6;25720,7;7060,6;16237,7;11167,4;3510,4;9881,7;18778,1;18419,7;8591,9;31002,5;37013,4;;5186,0;21926,9;10597,8;12870,4;29375,3;5187,7;8678,6;15735,2;11560,9;30306,0;27808,9;30968,9;17867,3;17912,8;10110,1;22212,3;14260,5;32571,5;7707,9;30185,8;11554,6;7093,6;16312,8;37605,3;18873,8;9454,9;9656,4;8496,3;15413,6;3707,0;11503,1;17161,2;4223,3;8248,9;28469,2;15920,6;11866,9;32658,9;20262,9;7247,4;32876,3;4445,8;31365,0;7701,7;9628,4;12183,4;11213,1;11087,0;16019,3;5660,1;20525,0;19587,4;10983,9;32685,5;17881,8;26082,8;12133,6;0,0;;8960,4;11102,9;9815,8;21479,4;24608,2;20872,3;;12554,7;10622,9;3668,9;10701,9;6129,4
Socorro do Piauí;;;;;;;;;;;;;;;;;;;;;;;;;;;;;;;;;;;;;;;;;;;;;;;;;;;;;;;;;;;;;;;;;;;;;;;;;;;;;;;;;;;;;;;;;;;;;;;;;;;;;;;;;;;;;;;;;;;;;;;;;;;;;;;;;;;;;;;;;;;;;;;;;;;;;;;;;;;;;;;;;;;;;;;;;;;;;;;;;;;;;;;;;;;;;;;;;;;;;;;;;;;;;;;;;;;;;;;;;;;;;;;;
Sussuapara;11397,2;11216,5;11608,7;5848,4;4568,9;17080,8;17262,7;21592,6;13280,4;12713,5;21078,6;18959,8;7188,9;3110,7;10066,5;15904,0;35756,5;33021,1;9106,0;24448,4;35646,1;10854,5;25507,0;9599,3;4502,9;17434,5;17929,5;10752,5;22358,0;1942,7;34998,9;29799,7;20949,4;20824,5;22908,8;18015,3;29571,5;16559,8;22237,7;8301,7;32551,3;6047,4;7695,0;14730,4;3787,0;27311,5;19280,9;14968,6;18273,9;22157,2;18625,8;23616,6;30141,2;9315,1;15027,2;30446,0;26440,0;20531,0;28427,2;18682,9;21179,0;8543,8;10154,5;22811,8;36277,5;38902,6;23764,3;34165,4;29099,0;12360,2;14703,2;15688,6;22113,0;3409,4;;25102,0;10750,8;21110,0;28092,4;21282,4;17748,6;8619,9;10859,7;10464,2;11800,1;4902,9;3354,1;7072,1;2294,3;34220,7;15503,9;26925,7;11321,0;31808,2;6106,4;6461,0;7615,4;4523,6;17455,6;8181,7;4659,2;13328,4;21609,0;12822,8;15562,3;28955,9;29081,8;18944,9;20122,1;36649,9;22057,2;22596,7;23717,2;15031,2;14313,8;9582,4;11441,7;19133,1;31960,2;27615,8;28245,3;21779,7;5837,6;18196,8;7416,3;27668,0;24278,0;11900,1;25209,5;13354,7;4869,7;30381,2;33885,3;27023,5;30714,8;8987,5;16260,6;20040,8;24716,8;13662,6;7517,7;19926,7;8045,8;10756,5;6338,0;12077,3;18448,6;24808,9;17467,4;3181,7;37033,3;31532,2;;7518,6;16445,7;11305,4;20011,6;23581,3;13859,4;2479,4;9469,0;5294,7;24824,8;22327,7;25487,7;17044,7;12431,6;12730,5;28243,1;12745,8;38602,4;15059,7;29509,1;18089,1;4255,6;10518,8;36928,6;24904,6;7940,2;2211,3;2484,2;12642,8;7457,7;20174,8;11448,9;9688,9;7426,3;34500,0;11902,9;3834,8;27177,7;14468,9;4386,7;27395,2;13117,5;25883,8;12566,3;1596,3;6171,4;19884,8;3850,1;10538,1;10524,8;14731,0;15091,7;19655,5;38716,3;17205,1;20288,8;8813,9;8978,8;;0,0;19774,6;8301,0;15998,2;19127,0;20195,6;;21226,4;9108,2;5309,1;4689,9;5068,3
Tamboril do Piauí;16516,2;19064,2;18356,6;22702,8;21423,3;27098,5;25556,9;9378,9;15852,3;16957,9;8317,3;16968,1;23451,3;19225,6;15980,1;32166,3;23542,8;26848,2;21794,2;32742,6;23432,4;19807,4;33801,2;11561,7;20174,7;27853,1;9555,6;19872,3;30652,2;20022,1;23274,4;38093,9;8443,1;29118,7;31203,0;3930,9;37865,7;32822,2;30531,9;17737,2;40845,5;22809,1;12457,4;10345,9;20641,4;35605,7;27575,2;14086,7;3529,2;30451,5;13186,6;10855,3;38435,4;23213,0;31289,5;38740,2;34734,2;28825,2;36721,4;26977,1;8965,3;16770,4;13836,7;10305,5;24063,8;26688,9;11550,6;21951,7;17530,4;22456,2;22997,4;23982,8;9606,7;20014,8;;33396,2;24152,9;7571,0;36386,6;8776,1;5758,0;15382,8;13431,5;20621,3;14874,8;21757,3;20208,5;23926,5;18073,8;22007,0;16531,3;14164,3;19049,9;40102,4;22341,3;20008,7;12980,7;16094,7;9409,4;15587,2;20161,1;17514,9;29910,8;13850,3;9424,9;37250,1;37376,1;27239,1;33745,1;24436,2;9295,8;30890,9;32011,4;15883,5;22608,0;26073,2;18874,1;15734,9;40254,4;35910,0;36539,5;9566,0;22599,2;17598,7;22256,1;35962,2;32572,2;20154,7;34293,5;21648,9;21978,3;18167,5;21124,0;35317,8;39009,0;14661,6;22619,6;28335,0;33011,1;14825,1;23780,0;31236,2;17570,5;19366,7;22009,8;10357,4;3703,9;12595,2;20168,9;19434,3;24819,6;39826,4;;16028,4;24739,9;20425,1;6687,5;32482,8;10108,3;19521,0;26577,6;22403,3;33119,1;30622,0;33781,9;16446,6;23427,4;13748,6;16029,4;18023,8;26388,7;7617,1;24002,9;6122,6;17936,0;23843,6;31422,4;12690,9;18178,4;20498,8;19338,7;17836,2;14549,4;7413,5;22967,5;14929,4;14671,1;22286,3;18343,1;22709,3;35471,9;28198,8;17715,7;35689,4;6975,2;34178,1;9878,9;20470,8;23025,8;7378,5;21929,4;21533,9;12017,6;30993,3;22010,0;7149,2;26502,6;11698,9;31483,1;22839,7;11149,5;;19802,8;0,0;20042,5;24292,4;27421,2;14689,4;;8720,1;20811,8;14511,3;21544,3;16971,8
Tanque do Piauí;17002,2;7060,1;6352,6;11518,4;10238,9;13148,9;13330,8;19586,9;5878,4;4953,9;21873,0;16954,2;6289,5;8456,9;4335,4;15674,9;33750,8;31015,5;2192,3;20516,5;33640,5;6922,6;21575,1;10393,7;10108,0;13502,5;15923,8;16357,6;18426,1;8586,5;32993,3;25867,8;21743,8;16892,6;18976,9;18639,8;25639,6;16330,7;18305,8;3813,2;28619,4;11717,5;11043,4;16579,5;9457,1;23379,6;15349,0;12963,0;16804,6;18225,3;19420,2;24411,0;26209,2;14985,2;14798,1;26514,1;22508,1;16599,1;24495,3;14751,0;19173,4;6796,6;12640,1;23606,2;34271,9;36897,0;21758,7;32159,8;27093,4;18030,2;10771,3;11756,7;22907,4;6285,3;;21170,1;5749,6;19104,4;24160,5;22076,8;16579,5;9520,5;7068,4;2397,4;5796,1;10573,0;9024,2;12742,2;7899,4;32215,1;13498,2;27720,1;7045,9;27876,3;7317,9;6279,1;11566,8;10128,6;15708,4;13786,8;10264,3;5261,7;17684,7;10817,2;16356,7;25024,0;25149,9;15013,0;19893,0;34644,3;22851,6;18664,8;19785,3;20636,3;10381,9;9581,8;6870,1;17127,5;28028,3;23683,9;24313,4;19774,0;11507,6;16191,2;13021,3;23736,1;20346,1;7968,2;22067,4;9422,8;10793,9;28375,6;34679,8;23091,7;26782,9;7240,2;11851,4;16108,9;20784,9;14457,0;4624,8;19007,7;6298,6;6824,6;11943,0;11216,0;16979,3;22803,3;9400,7;6433,8;35027,7;27600,3;;13123,7;12513,8;16910,4;18006,0;20256,7;13284,8;7694,9;15393,2;11219,0;20893,0;18395,8;21555,8;15039,1;8499,7;18335,6;26237,5;4679,1;36596,7;13312,5;27503,5;16083,4;6249,2;8200,5;34923,0;22898,9;3451,7;8660,2;8154,3;5832,1;8192,8;20969,2;7748,1;13732,8;5679,0;32494,4;6339,1;10972,2;23245,8;12150,6;3986,2;23463,3;13912,0;21952,0;10819,1;8973,3;11841,4;20679,2;10493,8;6606,2;8777,5;14501,9;10006,0;20450,0;36710,7;15199,5;19257,0;14484,0;9811,5;;8305,4;20011,7;0,0;12066,3;15195,1;18190,0;;22020,8;1209,9;10914,2;10359,9;7010,9
Teresina;25542,2;5266,9;6697,7;20058,4;18778,9;6763,0;3240,1;23818,9;9861,1;7389,9;30441,0;21186,2;10877,4;16996,8;12975,5;17277,0;37982,8;35247,4;12567,5;9426,7;37872,4;5759,2;10485,3;22021,5;18648,0;7532,2;20155,8;24897,5;8335,3;17002,3;37225,2;15777,1;30566,8;6801,9;8886,1;22871,7;15548,8;14088,2;7216,1;14732,6;18528,7;20257,5;21840,0;28207,2;17997,0;12289,9;5258,3;17195,0;21036,6;8134,6;31048,0;32979,0;16118,5;23525,2;10702,6;16026,7;12417,4;6508,3;14404,5;4660,2;23405,3;18424,4;24267,9;32429,2;38503,8;41128,9;25990,7;36391,7;31325,4;26570,2;5334,5;3206,8;31730,4;14825,2;;11079,4;12203,7;23336,3;13070,8;30899,8;20907,9;19685,3;11300,4;11943,3;11870,2;19112,9;17564,1;21282,1;16439,4;36447,0;17730,2;36288,0;7619,2;17785,5;13867,1;15337,0;21760,4;18668,6;20973,1;22326,7;18804,2;8894,6;7593,9;15049,1;27984,5;13934,3;13871,7;3923,3;11428,2;38876,2;31419,5;7575,1;9694,6;29176,2;4350,2;14724,1;5674,0;21359,4;17937,5;12201,5;12831,0;24006,0;20047,6;20423,2;21561,3;12253,7;8863,7;5568,2;11976,6;4268,4;19333,9;32607,5;38929,4;12001,9;16150,8;14321,4;3321,8;6018,2;9302,5;26084,8;12255,8;8919,4;17926,4;5318,5;20483,0;22295,2;21211,3;27035,2;5548,3;14973,8;39259,7;17509,6;;21663,6;3963,9;25450,4;22237,9;10165,9;24364,1;16234,9;22044,2;19758,9;10802,2;8305,1;10073,4;19271,0;9661,7;26875,6;30469,5;10018,8;40828,7;21510,7;31735,5;20315,4;15195,0;10077,8;39154,9;27130,9;15173,8;15904,4;16694,2;7700,5;18397,2;29537,2;9201,7;23833,9;14330,9;36726,3;6963,3;16302,6;13155,0;9092,4;14587,5;12373,5;25539,7;11861,2;19017,3;14568,5;20381,3;29502,2;17854,2;7768,1;19285,7;14178,8;7136,6;29273,0;40942,7;19431,5;9166,2;23023,9;21439,3;;15987,9;24243,7;12041,1;0,0;3712,7;22422,0;;30843,8;11585,1;19454,1;18899,9;16007,8
União;28742,0;8466,8;9897,6;23258,2;21978,7;9218,7;5695,8;27018,8;13061,0;10589,8;33640,8;24386,0;14077,3;20196,7;16175,4;19732,7;41182,7;38447,3;15767,4;7025,9;41072,3;8959,1;10599,4;25221,3;21847,8;9988,0;23355,7;28097,4;9571,7;20202,2;40425,1;17893,9;33766,7;9257,6;11341,8;26071,6;16915,5;16543,9;7537,2;17932,5;20252,5;23457,3;25039,9;31407,1;21196,9;9931,6;7714,0;20394,8;24236,4;10590,3;34247,9;36178,8;17671,1;26725,0;13158,3;14914,6;14534,2;8964,0;16521,3;7115,9;26605,2;21624,3;27467,7;35629,1;41703,7;44328,8;29190,5;39591,6;34525,2;29770,0;8597,4;5926,6;34930,2;18025,1;;13535,1;15403,6;26536,2;13081,1;34099,7;24107,8;22885,2;14500,2;15143,2;15070,1;22312,8;20764,0;24482,0;19639,2;39646,9;20930,0;39487,9;10819,1;18675,8;17067,0;18536,9;24960,3;21868,4;24172,9;25526,6;22004,1;12094,5;10049,6;18249,0;31184,3;13944,6;10730,9;4630,0;13883,9;42076,1;34619,4;5064,2;12150,3;32376,1;7550,1;17924,0;8873,9;24559,3;19805,0;9060,7;9690,2;27205,9;23247,5;23623,0;24761,1;9112,8;5722,9;8768,1;14432,4;7468,3;22533,7;35807,4;42129,3;10461,9;15038,7;17521,3;6584,7;8473,9;6161,7;29284,6;15455,7;11375,1;21126,2;8518,4;23682,8;25495,1;24411,2;30235,1;8811,2;18173,6;42459,5;18399,8;;24863,5;6683,7;28650,2;25437,8;12621,6;27564,0;19434,7;25244,1;22958,8;12067,1;10760,8;6932,6;22470,9;12466,0;30075,4;33669,3;13218,6;44028,6;24710,6;34935,3;23515,2;18394,9;13277,7;42354,8;30330,8;18373,7;19104,2;19894,1;10900,4;21597,1;32737,0;12401,6;27033,8;17530,8;39926,2;10163,1;19502,5;15610,7;11548,1;17787,4;10833,5;28739,6;13638,5;22217,1;17768,3;23581,2;32702,0;21054,0;10968,0;22485,5;16634,5;10399,5;32472,8;44142,5;22631,3;11621,9;26223,8;24639,2;;19187,8;27443,5;15241,0;3694,1;0,0;25621,8;;34043,7;14784,9;22654,0;22099,7;19207,7
Uruçuí;26276,2;17229,2;16521,6;23413,0;22133,5;25263,5;23722,0;9106,3;14017,3;15123,0;20864,8;2383,0;21616,3;20351,5;14145,1;30331,4;23270,2;16159,9;19959,2;30907,6;23159,8;17972,4;31966,2;21321,6;22002,6;26018,2;5443,1;28252,2;28817,3;20481,1;20059,2;36259,0;20990,7;27283,8;29368,0;13295,6;36030,8;30987,2;28697,0;15902,2;39010,6;23612,1;22217,3;20105,9;21351,7;33770,8;25740,2;7109,0;12357,8;28616,5;22946,6;23402,8;36600,4;26879,8;29454,6;36905,2;32899,3;26990,2;34886,4;25142,2;8692,7;17993,6;23596,7;22853,1;23791,2;26416,3;11278,0;21679,1;14159,3;29924,8;21162,5;22147,9;22154,2;18179,9;;31561,3;22318,0;8623,7;34551,7;21323,7;14586,5;20717,5;11596,5;18786,4;13039,9;22467,6;20918,8;24636,8;19794,0;21052,1;8464,4;22393,0;17215,0;38267,4;20506,4;18173,7;22740,7;22023,2;17902,0;25347,2;22158,9;15680,0;28075,8;7377,5;19559,1;35415,2;35541,1;25404,2;31910,1;24163,6;21843,4;29056,0;30176,5;25643,4;20773,1;24238,3;17039,1;7526,7;38419,4;34075,1;34704,6;9293,4;23402,2;4710,1;24915,9;34127,2;30737,3;18319,8;32458,6;19814,0;22688,5;17894,9;24216,8;33482,8;37174,1;12826,7;20784,6;26500,1;31176,1;24585,1;21945,1;29401,3;16886,7;17531,7;23837,6;19186,0;12532,5;12322,6;18334,0;18328,4;24547,0;37991,5;;25018,3;22905,0;28805,0;14721,8;30647,8;19868,3;19589,5;27287,8;23113,5;31284,1;28787,0;31947,0;5199,7;21592,5;23508,6;15756,8;16188,8;26116,0;16445,7;9867,0;14951,1;18048,7;22008,6;17286,5;12418,3;16343,5;20554,8;20048,9;16001,2;19389,7;19961,1;21132,5;24689,4;12836,2;22013,7;16508,2;22866,8;33636,9;26363,9;15880,8;33854,4;16735,1;32343,1;17522,5;20867,9;23736,0;19926,0;22388,5;19698,9;17790,9;29158,4;20175,0;19696,8;26230,0;3442,8;29648,1;26378,6;20909,4;;20200,0;14667,5;18207,6;22457,5;25586,3;0,0;;21267,7;18976,8;22808,8;22254,5;18810,4
Valença do Piauí;;;;;;;;;;;;;;;;;;;;;;;;;;;;;;;;;;;;;;;;;;;;;;;;;;;;;;;;;;;;;;;;;;;;;;;;;;;;;;;;;;;;;;;;;;;;;;;;;;;;;;;;;;;;;;;;;;;;;;;;;;;;;;;;;;;;;;;;;;;;;;;;;;;;;;;;;;;;;;;;;;;;;;;;;;;;;;;;;;;;;;;;;;;;;;;;;;;;;;;;;;;;;;;;;;;;;;;;;;;;;;;;
Várzea Branca;17916,9;25583,2;24875,6;24103,5;22823,9;33617,5;32076,0;15897,9;22371,3;23476,9;3933,5;23487,1;25194,9;20626,2;22499,1;33910,0;18521,9;33286,9;23817,4;39261,6;28938,6;26326,4;40320,2;12962,3;21575,4;34372,1;16074,6;21272,9;37171,2;21422,7;28780,6;44613,0;3262,9;35637,8;37722,0;10449,9;44384,7;34565,8;37050,9;22028,5;47364,6;24209,8;13858,0;11746,5;22042,1;42124,7;34094,2;20605,8;10048,2;36970,5;14587,3;6122,1;44954,4;24613,7;33033,2;45259,2;41253,3;35344,2;43240,4;33496,1;15484,3;18472,6;15237,3;7527,3;27474,1;29622,2;18069,7;20699,4;23036,6;23856,8;29516,4;30501,9;2533,7;21758,5;;39915,3;27374,7;14090,0;42905,7;56,0;12277,0;16783,4;19950,5;24190,9;21393,8;23158,0;21609,2;25327,2;19474,5;27513,2;23050,4;9431,2;25569,0;46621,4;24085,0;21752,3;14381,3;17495,3;15928,4;16987,8;21561,7;24034,0;36429,8;20369,3;9235,9;43769,2;43895,1;33758,2;38128,1;22110,0;4562,7;37410,0;38530,5;15895,6;29127,1;27816,9;25393,1;22253,9;46773,4;42429,1;43058,6;16085,0;23999,9;24117,8;23656,8;42481,2;39091,3;26673,8;40812,6;28168,0;23378,9;23673,8;15825,0;41836,8;45528,0;21180,7;29138,6;34854,1;39530,1;16225,7;25523,7;37755,3;19272,7;25885,7;23410,4;12940,4;10223,0;19034,0;26687,9;20834,9;24070,3;46345,5;;17429,0;31259,0;21825,8;13206,6;39001,8;11508,9;20921,7;27978,2;23804,0;39638,1;37141,0;40301,0;22965,6;29946,5;15149,3;21535,7;24542,8;27279,6;14136,2;30522,0;12641,6;19336,7;28524,8;37941,4;17027,1;21667,0;21899,5;20739,3;24355,2;15950,0;4249,4;29373,2;16330,0;20460,9;27792,6;24862,2;24110,0;41990,9;32474,9;19459,4;42208,4;8644,0;40697,1;16398,0;21871,4;24426,4;1873,0;23330,1;28052,9;16040,3;32737,0;28529,0;1960,9;27208,8;18218,0;38002,1;24240,3;12550,1;;21203,5;8660,1;22027,8;30811,5;33940,3;21208,5;;0,0;22835,0;15912,0;22945,0;18372,5
Várzea Grande;17816,0;6825,1;7114,6;12332,2;11052,7;12689,4;12871,3;20349,0;6640,4;5715,9;22686,8;17716,3;5504,7;9270,6;5097,5;14465,0;34512,9;31777,5;982,4;20056,9;34402,5;6463,1;21115,5;11207,5;10921,8;13043,0;16685,9;17171,3;17966,6;9400,2;33755,3;25408,3;22557,6;16433,1;18517,4;19401,8;25180,1;15120,9;17846,3;4858,8;28159,9;12531,3;11857,2;17393,2;10270,8;22920,1;14889,5;13725,1;17566,7;17765,8;20234,0;25224,8;25749,7;15799,0;13588,2;26054,6;22048,6;16139,5;24035,7;14291,5;19935,4;7610,4;13453,8;24420,0;35033,9;37659,0;22520,8;32921,8;27855,5;18844,0;10311,8;11297,2;23721,2;7099,1;;20710,6;5290,1;19866,5;23701,0;22890,6;17393,2;10334,3;7830,5;2226,7;6558,2;11386,7;9837,9;13555,9;8713,2;32977,1;14260,3;28533,8;6929,6;27416,8;6108,0;7092,9;12380,5;10942,4;16522,2;14600,6;11078,0;6023,8;17225,2;11579,3;17170,5;24564,5;24690,4;14553,5;18683,1;35406,3;23665,3;18205,3;19325,8;21450,0;9922,4;8371,9;7050,3;17889,5;27568,8;23224,4;23853,9;20536,1;12321,4;16953,3;13835,1;23276,5;19886,6;7508,7;21607,9;8963,3;11607,7;29137,7;35459,5;22632,1;26323,4;8054,0;11869,2;15649,4;20325,4;15270,7;3414,9;18487,8;7112,4;6365,1;12756,8;12029,7;17741,4;23565,3;10162,8;7247,6;35789,8;27140,8;;13937,4;12054,3;17724,2;18768,0;19797,1;14098,6;8508,7;15692,0;12032,7;20433,4;17936,3;21096,3;15801,1;8040,2;19149,4;26999,6;5441,1;37358,8;14126,3;28265,6;16845,5;7062,9;7741,0;35685,1;23661,0;4497,3;9463,6;8968,0;6594,2;9006,5;21783,0;7288,6;14546,5;6492,8;33256,5;7101,2;9861,8;22786,3;11691,1;4799,9;23003,7;14725,7;21492,4;11632,8;8127,7;12655,2;21492,9;11307,6;6146,7;9591,3;13292,0;10700,3;21263,7;37472,8;15961,6;18797,4;15297,7;10625,3;;9119,1;20773,8;1227,1;11606,8;14735,6;18952,1;;22834,6;0,0;11727,9;11173,7;7824,6
Vera Mendes;9188,3;14677,2;15069,4;8191,6;6912,1;20541,5;20723,4;18924,5;15871,4;15611,5;15769,6;21550,8;10649,6;4714,4;12657,4;19364,7;31678,8;35612,0;12566,7;27909,1;32978,0;14315,3;28967,7;4290,3;5715,5;20895,2;19101,2;8543,6;25818,7;5510,9;32820,0;33260,4;15640,4;24285,2;26369,5;12706,3;33032,2;20020,5;25698,4;10892,6;36012,0;8349,9;2386,0;10476,1;6130,2;30772,2;22741,7;17559,6;12964,9;25618,0;13316,8;18307,6;33601,9;9914,9;18487,9;33906,7;29900,7;23991,7;31887,9;22143,6;18510,9;9518,5;4845,5;17502,8;33609,4;36234,5;21096,2;31497,3;27076,0;11127,5;18163,9;19149,3;16804,0;6000,3;;28562,8;14211,5;17116,5;31553,1;15973,4;12439,6;5776,4;13450,6;13055,1;14391,1;7246,1;5697,3;9415,3;3562,6;31552,6;18094,8;21616,7;14781,7;35268,9;9539,7;9052,0;2306,4;1583,5;16590,8;5972,8;5649,8;15919,4;25069,7;15413,8;10253,3;32416,6;32542,5;22405,6;23582,8;33981,8;16748,2;26057,4;27177,9;12822,3;17774,5;13271,6;14902,4;21724,0;35420,9;31076,5;31706,0;19111,6;8140,0;20787,8;7796,9;31128,7;27738,8;15360,8;28670,3;16815,4;7467,1;27713,1;28576,4;30484,3;34175,5;11578,4;19721,3;23501,5;28177,5;8353,6;10978,4;23387,5;10318,6;14217,2;7550,5;6768,3;13139,6;22140,8;20058,3;5772,7;34365,2;34992,9;;2209,6;19906,4;9096,5;16233,1;27042,1;8550,4;5009,8;12066,4;7892,1;28285,6;25788,5;28948,4;19635,6;15892,3;10521,7;25575,0;15336,7;35934,3;10965,8;32100,1;14812,6;6846,5;13979,5;39519,6;22236,5;10531,1;5987,6;4827,4;16103,5;6078,7;14865,8;14909,6;6014,9;10017,2;31831,9;15363,6;8198,1;30638,4;17929,6;6977,6;30855,9;7808,5;29344,5;10959,6;5959,6;8514,6;14575,8;7418,2;13998,8;8918,0;18191,7;18552,4;14346,6;36048,2;19796,1;23749,5;9541,5;3669,8;;5291,6;14465,6;10892,0;19458,9;22587,7;22786,6;;15917,4;11699,1;0,0;7033,1;7659,2
Vila Nova do Piauí;11219,6;14139,5;14531,7;3284,8;1694,5;20003,8;20185,7;23645,8;15333,6;15073,8;22830,0;21013,0;10111,9;5103,3;12119,7;16909,0;37809,6;35074,3;12029,0;27371,3;37699,3;13777,5;28429,9;11350,7;2248,8;20357,4;19982,6;10575,0;25281,0;4350,2;37052,1;32722,7;22700,8;23747,5;25831,7;19766,7;32494,4;19027,6;25160,7;10354,9;35474,3;3084,2;9446,4;14552,9;1700,2;30234,5;22203,9;17021,8;20025,3;25080,2;19053,8;25368,0;33064,1;6345,4;17950,2;33368,9;29363,0;23453,9;31350,1;21605,8;23232,2;10597,0;10203,4;24563,2;38330,7;40955,8;25817,5;36218,6;31152,2;9397,0;17626,2;18611,6;23864,4;5462,6;;28025,0;13673,8;23163,2;31015,4;23033,8;19500,0;10371,3;12912,9;12517,3;13853,3;1939,7;2500,4;4197,7;4045,8;36273,9;17557,0;28677,1;14244,0;34731,1;9002,0;8514,2;9366,8;6275,0;19508,8;8004,2;5142,2;15381,6;24532,0;14876,0;17313,7;31878,9;32004,8;21867,9;23045,0;38703,1;23808,6;25519,7;26640,2;14853,6;17236,8;12495,8;14364,6;21186,3;34883,1;30538,8;31168,3;23832,9;2874,4;20250,0;7185,7;30590,9;27201,0;14823,0;27396,9;16277,7;4766,8;32434,4;35636,8;29946,5;33637,7;11040,6;19183,6;22963,8;27639,8;15414,0;10440,6;22849,7;10099,0;13679,5;3259,0;13828,7;20200,0;26862,1;19520,6;5234,9;39086,5;34455,2;;7535,2;19368,7;8707,7;22064,8;26504,3;15610,8;4472,0;9366,1;5191,8;27747,8;25250,7;28410,7;19097,9;15354,6;12553,0;30296,3;14799,0;40655,6;17112,9;31562,3;20142,2;6308,8;13441,8;38981,8;26957,8;9993,4;5449,9;2701,5;15565,7;9510,9;21926,2;14371,8;9511,4;9479,4;36553,2;14825,8;7596,4;29505,4;17391,9;6439,9;30318,1;14869,0;28806,8;14619,5;5357,8;3297,0;21636,2;6257,6;13461,0;12577,9;17654,0;18014,7;21407,0;40769,5;19258,3;23211,7;5844,1;10730,2;;4689,9;21526,0;10354,2;18921,2;22050,0;22248,8;;22977,8;11161,4;7060,5;0,0;7121,5
Wall Ferraz;13760,8;11247,6;11639,8;8277,0;6997,5;17111,9;17293,8;20206,2;11894,0;11730,0;18234,5;17573,4;7220,0;5215,4;8775,9;15935,0;34143,7;31634,7;8800,0;24479,4;34259,7;10885,6;25538,0;6755,1;6866,6;17465,5;16543,0;13116,1;22389,1;5345,0;33612,5;29830,8;18105,3;20855,6;22939,8;15171,1;29602,6;16590,9;22268,8;7011,1;32582,4;8476,1;6462,0;12940,9;6215,6;27342,6;19312,0;13582,2;14381,3;22188,3;15781,7;20772,5;30172,2;11743,8;15058,3;30477,1;26471,1;20562,0;28458,2;18714,0;19792,6;6092,6;9001,5;19967,7;34891,1;37516,2;22377,9;32779,0;27712,6;14788,8;14734,3;15719,7;19268,8;3489,7;;25133,1;10781,9;19308,5;28123,5;18438,3;13849,9;3751,6;9473,2;9173,6;10509,5;7331,5;5782,7;9500,7;4658,0;32834,3;14117,4;24081,5;11352,1;31839,2;6110,1;5622,3;6985,3;6887,2;13720,7;10545,4;7022,8;12037,8;21640,1;11436,4;12718,1;28987,0;29112,9;18976,0;20153,1;35263,5;19213,0;22627,8;23748,3;17394,8;14344,9;9842,0;11472,8;17746,7;31991,3;27646,9;28276,4;20393,3;8266,2;16810,4;9779,9;27699,0;24309,1;11931,2;25240,6;13385,8;7552,5;28994,8;31041,2;27054,6;30745,9;7601,1;16291,7;20071,9;24747,9;10818,4;7548,7;19957,8;6659,4;10787,6;8701,6;8486,4;14556,0;23422,5;16176,8;2496,9;35646,9;31563,3;;9882,2;16476,8;13669,0;16986,4;23612,4;10555,3;4453,5;12151,8;7977,5;24855,9;22358,8;25518,8;15658,3;12462,7;15094,2;26856,7;11455,2;37215,9;10583,0;28122,7;15063,8;998,7;10549,9;35542,2;23518,2;6649,6;5418,7;4912,8;12608,3;2423,9;17330,7;11480,0;10094,2;6039,8;33113,6;11933,9;7970,4;27208,8;14500,0;3548,0;27426,2;10273,4;25914,9;8089,5;5731,9;8600,0;17040,6;7252,4;10569,2;6048,0;14762,1;15122,8;16811,4;37329,9;15818,7;20319,8;11242,5;6134,6;;5063,9;16930,5;7010,4;16029,3;19158,1;18809,2;;18382,3;7817,6;7672,7;7118,5;0,0
