NM_MUN;Acauã;Agricolândia;Água Branca;Alagoinha do Piauí;Alegrete do Piauí;Alto Longá;Altos;Alvorada do Gurguéia;Amarante;Angical do Piauí;Anísio de Abreu;Antônio Almeida;Aroazes;Aroeiras do Itaim;Arraial;Assunção do Piauí;Avelino Lopes;Baixa Grande do Ribeiro;Barra D'Alcântara;Barras;Barreiras do Piauí;Barro Duro;Batalha;Bela Vista do Piauí;Belém do Piauí;Beneditinos;Bertolínia;Betânia do Piauí;Boa Hora;Bocaina;Bom Jesus;Bom Princípio do Piauí;Bonfim do Piauí;Boqueirão do Piauí;Brasileira;Brejo do Piauí;Buriti dos Lopes;Buriti dos Montes;Cabeceiras do Piauí;Cajazeiras do Piauí;Cajueiro da Praia;Caldeirão Grande do Piauí;Campinas do Piauí;Campo Alegre do Fidalgo;Campo Grande do Piauí;Campo Largo do Piauí;Campo Maior;Canavieira;Canto do Buriti;Capitão de Campos;Capitão Gervásio Oliveira;Caracol;Caraúbas do Piauí;Caridade do Piauí;Castelo do Piauí;Caxingó;Cocal;Cocal de Telha;Cocal dos Alves;Coivaras;Colônia do Gurguéia;Colônia do Piauí;Conceição do Canindé;Coronel José Dias;Corrente;Cristalândia do Piauí;Cristino Castro;Curimatá;Currais;Curral Novo do Piauí;Curralinhos;Demerval Lobão;Dirceu Arcoverde;Dom Expedito Lopes;Dom Inocêncio;Domingos Mourão;Elesbão Veloso;Eliseu Martins;Esperantina;Fartura do Piauí;Flores do Piauí;Floresta do Piauí;Floriano;Francinópolis;Francisco Ayres;Francisco Macedo;Francisco Santos;Fronteiras;Geminiano;Gilbués;Guadalupe;Guaribas;Hugo Napoleão;Ilha Grande;Inhuma;Ipiranga do Piauí;Isaías Coelho;Itainópolis;Itaueira;Jacobina do Piauí;Jaicós;Jardim do Mulato;Jatobá do Piauí;Jerumenha;João Costa;Joaquim Pires;Joca Marques;José de Freitas;Juazeiro do Piauí;Júlio Borges;Jurema;Lagoa Alegre;Lagoa de São Francisco;Lagoa do Barro do Piauí;Lagoa do Piauí;Lagoa do Sítio;Lagoinha do Piauí;Landri Sales;Luís Correia;Luzilândia;Madeiro;Manoel Emídio;Marcolândia;Marcos Parente;Massapê do Piauí;Matias Olímpio;Miguel Alves;Miguel Leão;Milton Brandão;Monsenhor Gil;Monsenhor Hipólito;Monte Alegre do Piauí;Morro Cabeça no Tempo;Morro do Chapéu do Piauí;Murici dos Portelas;Nazaré do Piauí;Nazária;Nossa Senhora de Nazaré;Nossa Senhora dos Remédios;Nova Santa Rita;Novo Oriente do Piauí;Novo Santo Antônio;Oeiras;Olho D'Água do Piauí;Padre Marcos;Paes Landim;Pajeú do Piauí;Palmeira do Piauí;Palmeirais;Paquetá;Parnaguá;Parnaíba;Passagem Franca do Piauí;Patos do Piauí;Pau D'Arco do Piauí;Paulistana;Pavussu;Pedro II;Pedro Laurentino;Picos;Pimenteiras;Pio IX;Piracuruca;Piripiri;Porto;Porto Alegre do Piauí;Prata do Piauí;Queimada Nova;Redenção do Gurguéia;Regeneração;Riacho Frio;Ribeira do Piauí;Ribeiro Gonçalves;Rio Grande do Piauí;Santa Cruz do Piauí;Santa Cruz dos Milagres;Santa Filomena;Santa Luz;Santa Rosa do Piauí;Santana do Piauí;Santo Antônio de Lisboa;Santo Antônio dos Milagres;Santo Inácio do Piauí;São Braz do Piauí;São Félix do Piauí;São Francisco de Assis do Piauí;São Francisco do Piauí;São Gonçalo do Gurguéia;São Gonçalo do Piauí;São João da Canabrava;São João da Fronteira;São João da Serra;São João da Varjota;São João do Arraial;São João do Piauí;São José do Divino;São José do Peixe;São José do Piauí;São Julião;São Lourenço do Piauí;São Luis do Piauí;São Miguel da Baixa Grande;São Miguel do Fidalgo;São Miguel do Tapuio;São Pedro do Piauí;São Raimundo Nonato;Sebastião Barros;Sebastião Leal;Sigefredo Pacheco;Simões;Simplício Mendes;Socorro do Piauí;Sussuapara;Tamboril do Piauí;Tanque do Piauí;Teresina;União;Uruçuí;Valença do Piauí;Várzea Branca;Várzea Grande;Vera Mendes;Vila Nova do Piauí;Wall Ferraz
Acauã;0,0;438753,3;432469,5;221854,6;209091,2;490433,8;557397,9;373075,2;464902,7;425077,4;292674,1;562276,1;336196,2;231037,9;364744,2;412107,2;504208,8;588720,4;351984,9;676047,0;654949,1;426312,7;697665,4;174076,9;172370,1;493504,1;382358,8;97006,9;660594,3;227186,1;596529,9;802888,2;289872,8;635145,9;683880,9;231930,6;804515,6;497139,2;635297,5;335977,9;846866,2;211826,2;175772,5;99051,9;187116,1;711246,9;597078,3;501206,3;250910,2;646826,8;148231,7;333931,2;773410,8;141806,2;471296,1;814423,2;747548,8;628111,8;768132,8;579682,8;352870,5;264237,8;130731,9;190942,5;711493,2;750540,8;418471,2;626807,7;506203,1;114297,5;478008,6;517281,1;311959,9;236607,7;;723964,2;354975,2;330377,5;747167,0;293195,0;283481,2;193076,6;415202,1;362335,2;389850,4;203895,0;205591,4;245969,2;195332,8;656324,8;507722,5;366750,6;425343,7;848862,9;290280,6;280088,2;173531,1;148881,4;330787,3;96248,2;166111,4;415972,4;581623,1;465179,8;184915,2;760358,9;766062,6;581812,7;546729,1;649317,5;309901,0;623651,6;696806,1;69918,2;485922,3;340605,4;437362,5;453058,6;838468,2;723688,9;734491,6;360637,8;218578,5;536120,6;151373,9;716346,1;659029,9;449264,5;610200,4;479969,7;233447,0;563649,4;453334,8;709415,0;818739,8;365620,3;512607,4;617641,1;666768,4;135825,3;328776,9;526508,9;317068,1;430533,2;197586,8;222712,4;252339,7;440352,9;502249,3;235308,2;675818,4;847797,5;;125083,5;521998,8;97418,9;276059,8;599582,6;196259,5;217619,9;316364,4;257260,8;713060,0;678649,9;689190,7;532272,7;451526,1;44001,8;529411,6;406752,3;631074,6;258221,3;641314,4;297228,8;257573,1;390711,2;728931,5;447007,2;329619,9;229876,4;221590,2;445843,9;231846,5;279646,3;405412,9;116209,3;337139,5;674702,6;434646,6;248369,2;761828,0;423143,3;265464,7;714257,3;154152,5;730070,8;285782,1;233836,6;227010,0;270932,3;249816,0;419823,7;257896,4;452278,5;481052,2;271468,5;749003,4;428069,5;540273,5;149563,2;172972,0;;220079,7;266659,1;338160,5;525441,2;575024,1;483029,8;;292417,2;349035,4;136849,3;209267,3;274138,9
Agricolândia;438805,4;0,0;24101,5;317080,8;304317,4;76310,9;126006,5;421062,4;87512,4;39576,4;478988,7;318187,4;123547,7;256632,9;154245,0;277347,3;704498,1;546232,2;147011,6;244655,6;702936,2;15024,1;266274,0;304269,1;299284,2;83005,1;338963,2;435040,5;229202,9;246241,1;583439,0;371496,8;478676,7;203754,5;252489,5;332645,2;373124,2;328327,2;203906,1;183020,7;415474,9;333697,6;348141,8;415831,4;286289,0;279855,6;165686,9;257117,6;313822,8;215435,4;426488,0;520245,8;342019,4;384434,2;266624,9;383031,9;316157,4;196720,4;336741,4;148291,3;400857,7;229188,5;343435,0;493660,8;759480,4;798528,0;466458,4;674794,9;528483,8;424683,2;46617,2;85889,7;500763,8;213003,8;;292572,9;117137,1;399451,7;315775,6;481998,8;302788,0;268700,2;128952,0;122714,4;134586,6;316067,8;270237,1;341195,4;250448,4;704312,0;263633,8;553065,2;36628,7;417471,5;176395,0;201975,1;345900,5;289149,5;283716,8;385375,8;287071,5;59373,0;210274,0;221091,1;398319,1;328967,5;334671,2;150421,3;265399,6;697304,7;496215,6;192260,2;265414,8;499063,9;54530,9;171793,4;10885,8;306115,4;407076,9;292297,5;303100,2;408625,0;340449,9;292031,9;312554,9;284954,7;227638,5;17873,1;301074,6;48578,3;303321,2;611636,6;724874,9;278023,6;387348,4;194907,5;81216,0;186249,7;235377,1;339652,5;157353,6;202214,8;218984,1;8518,8;324500,8;326783,9;315252,3;488340,1;68784,9;210733,3;723805,6;416406,1;;329978,2;90607,5;435452,5;323765,5;286223,7;358653,4;240364,3;254024,1;327135,0;281668,6;247258,5;257799,3;288184,0;92221,9;473147,4;577398,8;77628,9;679061,8;294151,0;530115,6;296732,4;226115,8;98676,2;617732,8;494994,4;190041,4;218846,1;261618,0;34913,2;282810,6;465960,9;83935,3;405336,9;203513,5;722689,8;25910,0;212498,3;330436,6;136953,6;216873,2;282865,9;367556,4;298679,4;272823,0;205902,3;322236,2;459736,1;234216,2;60519,6;282043,8;283466,5;39722,6;460272,3;796990,6;316870,8;236687,5;380680,3;297145,2;;222946,7;367031,4;127847,3;94049,9;143632,8;371831,1;;481221,1;134667,0;308280,4;304493,6;242681,6
Água Branca;432450,6;24059,1;0,0;310726,1;297962,7;95815,3;145510,9;404789,5;71239,5;23303,5;462715,7;301914,4;117192,9;250278,2;137972,1;270992,6;688225,2;529959,2;137750,7;264160,0;686663,3;32629,6;285778,4;287996,2;292929,4;102509,5;322690,2;428685,8;248707,3;239886,4;567166,1;391001,2;462403,8;223258,9;271993,9;316372,3;392628,6;321972,4;223410,5;166747,7;434979,2;327342,9;302216,3;399558,4;279934,2;299359,9;185191,3;240844,7;297549,9;234939,8;410215,0;503972,8;361523,8;378079,4;286129,3;402536,2;335661,8;216224,8;356245,8;167795,7;384584,7;212915,6;327162,1;477387,8;743207,4;782255,1;450185,5;658521,9;512210,9;418328,4;66121,6;105394,1;484490,8;206649,0;;312077,2;110782,3;383178,7;335280,0;465725,9;286515,0;262345,5;112679,1;104691,2;118313,6;309713,0;263882,3;334840,7;244093,6;688039,1;247360,9;536792,2;16935,2;436975,9;170040,2;195620,3;339545,8;282794,8;267443,8;379021,1;280716,8;43100,1;229778,4;204818,2;382046,2;348471,9;354175,6;169925,7;284903,9;681031,8;479942,6;211764,6;284919,1;492709,1;74035,3;165438,6;14677,5;289842,5;426581,2;311801,9;322604,6;392352,0;334095,1;275758,9;306200,1;304459,0;247142,9;37377,5;320579,0;68082,7;296966,5;595363,7;708601,9;297528,0;406852,8;178634,5;100720,4;205754,1;254881,4;323379,5;150998,8;221719,2;202711,2;26124,3;318146,0;310511,0;298979,3;472067,1;136581,9;204378,5;707532,6;435910,5;;323623,5;110111,8;429097,8;307492,6;305728,1;342380,5;234009,5;247669,3;320780,2;301173,0;266762,9;277303,7;271911,0;93450,7;466792,7;561125,8;61356,0;662788,8;277878,1;513842,7;280459,5;219761,0;99904,9;601459,8;478721,5;173768,5;212491,4;255263,2;16440,8;276455,8;449687,9;85164,0;398982,2;187240,5;706416,9;4774,6;206143,5;349941,0;138182,4;182904,9;302370,3;351283,5;318183,8;256550,1;199547,6;315881,5;443463,2;227861,5;61748,3;265770,8;277111,7;49166,6;443999,4;780717,7;300597,8;256191,8;374325,6;280872,3;;216591,9;350758,5;111574,3;113554,3;163137,1;355558,1;;464948,1;125406,1;301925,7;298138,8;236326,8
Alagoinha do Piauí;221825,9;317030,1;310746,3;0,0;23877,0;368710,5;435674,7;543427,9;343179,5;303354,2;418374,4;440552,9;214473,0;109314,7;243021,0;225626,9;826863,6;668597,7;230261,7;554323,8;825301,8;304589,5;575942,2;216565,6;74441,5;371780,9;461328,6;218061,0;538871,1;71302,2;705804,5;590044,5;415573,2;513422,7;562157,7;357630,9;682792,4;323788,8;513574,3;214254,7;634022,6;73627,4;186629,2;268790,3;37435,5;589523,8;475355,1;379483,1;356892,9;525103,6;317970,1;459631,6;651687,6;124364,0;349572,9;692700,1;625825,6;506388,6;561808,5;457959,5;523223,1;205549,3;202880,0;430557,3;881845,9;920893,5;588823,9;797160,4;650849,3;164613,0;356285,4;395557,9;437660,3;114884,5;;602241,1;233252,1;521817,2;625443,8;418895,3;338550,1;160413,7;293478,9;240612,0;268127,2;55997,6;54799,4;54612,2;88935,7;826677,5;385999,3;492450,9;303620,5;727139,8;168557,4;158365,0;184387,9;127636,9;328393,8;168396,3;84349,4;294249,2;459899,9;343456,6;310615,6;638635,8;644339,4;460089,5;425005,9;819670,2;435601,3;501928,4;575082,9;282084,4;364199,1;146892,5;315639,3;428480,9;625624,6;601965,7;612768,4;530990,4;80379,7;414397,4;94977,8;594622,9;537306,7;327541,3;403690,6;358246,5;46966,8;734002,1;579035,1;587691,8;697016,6;243897,1;390884,2;495917,9;545045,2;251948,9;207053,8;404785,7;195344,9;308810,0;84518,6;261750,3;358322,3;610705,6;380526,1;113585,0;846171,0;726074,3;;140232,7;400275,7;171321,3;446131,0;408505,8;292447,2;95896,7;129884,1;70780,5;591336,8;556926,8;567467,5;410549,5;329802,9;256167,9;699764,2;285029,1;801427,2;302423,9;652481,1;419097,9;135849,9;268988,1;740098,2;617359,9;207896,7;108153,2;67170,4;324120,7;192544,7;405346,6;283689,7;188357,4;215416,3;845055,3;312923,4;125135,5;471359,8;301420,2;143741,5;592534,1;279852,9;608347,6;281095,9;110602,9;9257,8;396632,6;93932,1;298100,5;253210,2;330555,3;359328,9;397168,8;919356,1;439236,2;418550,3;120610,1;209152,8;;96845,9;392359,5;216437,3;403718,1;453300,9;494196,6;;418117,6;227312,2;146767,8;44423,3;152415,7
Alegrete do Piauí;209048,3;304252,5;297968,7;23891,8;0,0;355933,0;422897,1;530650,3;330401,9;290576,6;405596,8;427775,3;201695,4;96537,1;230243,4;248537,6;814086,1;655820,1;217484,1;541546,2;812524,1;291811,9;563164,6;203788,0;49696,3;359003,3;448551,1;205283,4;526093,5;83761,1;693026,9;668387,4;402795,6;500645,1;549380,1;344853,3;670014,8;346699,5;500796,7;201477,1;712365,5;48882,3;173851,6;256012,7;24657,9;576746,1;462577,5;366705,5;344115,3;512326,0;305192,5;446854,0;638910,0;99618,8;336795,3;679922,5;613048,0;493611,0;633632,0;445181,9;510445,5;192771,7;190102,4;417779,7;869068,3;908115,9;576046,3;784382,8;638071,8;139867,8;343507,8;382780,3;424882,7;102106,9;;589463,5;220474,5;509039,6;612666,2;406117,7;325772,5;147636,1;280701,3;227834,4;255349,6;31252,4;42021,8;39660,4;76158,2;813899,9;373221,7;479673,3;290842,9;714362,1;155779,8;145587,4;171610,3;114859,3;315616,2;155618,8;71571,8;281471,7;447122,3;330679,0;297838,0;625858,1;631561,9;447311,9;412228,3;806892,6;422823,8;489150,8;562305,3;269306,8;351421,5;159351,4;302861,7;415703,3;703967,5;589188,1;599990,8;518212,9;55634,5;401619,8;82200,2;581845,2;524529,1;314763,7;426601,2;345468,9;69877,4;721224,6;566257,5;574914,2;684239,0;231119,5;378106,6;483140,3;532267,7;239171,3;194276,2;392008,1;182567,3;296032,4;59773,4;248972,7;345544,8;597928,0;367748,5;100807,4;833393,4;713296,7;;127455,1;387498,1;146576,1;433353,4;465081,8;279669,6;83119,1;152794,8;93691,2;578559,2;544149,1;554689,9;397771,9;317025,3;243390,3;686986,6;272251,5;788649,7;289646,3;639703,6;406320,3;123072,3;256210,5;727320,6;604582,3;195119,1;95375,6;54392,8;311343,1;179767,1;392569,1;270912,1;175579,8;202638,7;832277,7;300145,8;112357,9;494270,4;288642,6;130963,9;579756,5;267075,3;595570,0;268318,3;97825,3;20701,2;383855,0;106391,0;285322,9;240432,6;317777,7;346551,4;384391,2;906578,5;426458,7;405772,8;95864,9;196375,2;;84068,4;379581,9;203659,7;390940,5;440523,3;481419,0;;405340,0;214534,6;133990,2;24268,2;139638,1
Alto Longá;490436,8;76313,9;95773,1;368712,2;355948,8;0,0;71287,1;497409,4;163859,5;115923,5;555335,7;394534,4;161637,6;308264,3;230592,1;225201,2;780845,2;622579,2;198643,0;205130,2;779283,3;59329,2;248710,9;363108,1;350915,6;18499,1;415310,2;486671,9;174483,5;297872,5;659786,1;316777,4;555023,8;149035,1;197770,1;408992,3;318404,8;185469,9;164380,7;252746,4;360755,5;385329,1;399773,3;474670,3;337920,4;240330,2;110967,6;333464,7;390169,9;160716,0;485326,9;596592,9;287300,0;436065,6;126763,4;328312,5;261438,0;142001,0;282022,0;61307,3;477204,7;288027,5;402273,9;570007,9;835827,4;874875,1;542805,4;751141,9;604830,9;476314,6;137676,9;53063,2;577110,9;264635,2;;237853,5;168768,5;475798,7;298212,5;558345,9;379135,0;320331,6;205299,0;174345,8;210933,6;367699,2;321868,5;392826,8;302079,8;780659,1;339980,9;629412,2;125235,0;362752,2;228026,4;253606,5;397531,9;340781,0;360063,8;437007,2;338703,0;135720,1;155554,6;297438,2;457158,1;311404,4;317108,2;90288,4;210680,2;773651,8;572562,6;175808,2;210695,4;550695,3;49746,4;223424,8;82557,5;382462,5;352357,5;282486,0;316368,9;484972,0;392081,3;368378,9;364186,3;275143,1;231572,7;77837,7;246355,2;117212,6;354952,6;687983,7;801221,9;238498,2;332629,0;271254,5;111131,6;131530,3;210648,1;398491,4;208985,0;86147,8;277823,0;77526,6;376132,2;375509,0;391599,3;564687,1;151626,0;262364,7;800152,6;361686,7;;381609,7;50139,8;487083,9;400112,5;231504,3;407378,4;291995,7;305655,5;378766,4;226949,2;192539,1;241335,5;364531,0;39203,3;524778,9;653745,8;153976,0;755408,8;370498,1;606462,7;373079,5;277747,2;99282,3;694079,8;571341,5;246388,4;270477,5;313249,4;111260,3;334442,0;542307,9;84541,3;456968,3;279860,5;799036,9;97581,6;264129,7;275717,2;97166,9;268504,6;243340,5;426395,4;243960,0;349170,1;257533,7;373867,7;536083,2;285847,6;72730,7;335688,4;173879,1;151919,4;536619,4;873337,7;393217,8;181968,1;432311,7;355984,2;;274578,1;443378,4;193049,9;106980,9;147567,0;448178,1;;557568,1;186298,5;359911,8;356125,0;294313,0
Altos;558451,3;126952,1;146411,3;436726,8;423963,4;71287,4;0,0;548047,6;214497,7;166561,6;605973,9;445172,6;243193,7;376278,9;281230,2;241839,0;831483,4;673217,4;266657,6;136625,9;829921,4;134670,0;180206,6;431122,6;418930,1;78205,4;465948,4;554686,5;105979,2;365887,1;710424,2;248273,1;605661,9;80530,8;129265,8;459630,5;249900,5;202107,7;95876,4;310005,9;292251,2;453343,6;467787,8;542684,9;405934,9;171825,9;42463,2;384102,8;440808,1;92211,7;553341,5;647231,1;218795,7;504080,1;143401,2;259808,2;192933,7;73496,7;213517,7;35810,3;527842,9;356042,0;470288,5;620646,1;886465,6;925513,2;593443,6;801780,1;655469,1;544329,1;129444,9;62054,6;627749,0;332649,8;;169349,2;236783,0;526436,9;229708,2;608984,1;429773,2;388346,2;255937,2;242360,3;261571,8;435713,7;389883,1;460841,4;370094,3;831297,2;390619,1;680050,4;158938,5;294247,8;296040,9;321621,0;465546,5;408795,5;410702,0;505021,8;406717,5;186358,3;87050,3;348076,3;525172,6;242900,1;248603,9;40285,1;142175,9;824289,9;623200,8;109365,7;142191,0;618709,8;89050,9;291439,3;133195,7;433100,7;283853,2;213981,7;247864,6;535610,2;460095,8;419017,1;432200,8;206638,8;181964,2;128475,9;177850,9;108980,6;422967,2;738621,9;851860,1;169993,9;264124,7;321892,7;94412,8;63026,0;159859,4;466506,0;276999,5;97899,8;345837,6;128164,7;444146,8;453769,2;442237,5;615325,3;134907,2;330379,2;850790,8;293182,4;;449624,2;66772,4;555098,5;450750,7;163000,0;485638,7;360010,2;310350,8;446780,9;158444,9;124034,8;172831,2;415169,2;98909,6;592793,4;704384,0;204614,2;806047,0;421136,2;657100,9;423717,7;345761,7;218322,2;744717,9;621979,7;317026,6;338492,1;381263,9;161898,5;402456,5;592946,1;203581,2;524982,9;330498,7;849675,1;148219,8;332144,2;207212,9;108918,9;336519,2;174836,2;494409,9;175455,7;399808,3;325548,3;441882,2;586721,4;353862,2;180165,6;409029,0;190516,9;143687,4;587257,6;923975,9;443856,0;113463,8;500326,2;423998,7;;342592,6;494016,6;261064,4;57372,4;97958,5;498816,3;;608206,3;254313,0;427926,4;424139,5;362327,5
Alvorada do Gurguéia;373133,8;421248,2;404962,3;543519,1;530755,6;497637,7;547333,2;0,0;345820,2;382340,5;289858,1;220022,6;514093,8;483071,1;342036,0;624056,9;283435,8;215645,2;402625,8;665982,3;281873,8;434451,9;687600,7;295556,7;525722,4;504331,8;83998,2;421751,5;650529,6;486458,2;223454,8;792823,5;289546,2;625081,2;673816,2;143514,7;794450,9;675036,8;625232,8;370811,7;836801,6;560135,9;313593,1;275738,3;512727,2;701182,2;587013,6;179095,0;142286,0;636762,1;286394,9;217821,5;763346,1;458582,8;649193,8;804358,6;737484,1;618047,1;758068,1;569618,1;31593,0;413923,6;335489,1;304530,3;338418,0;377465,6;45396,0;253732,5;133127,9;439042,1;467943,9;507216,4;311633,3;439442,0;;713899,6;465138,1;54723,8;737102,3;292868,3;174857,0;354987,8;296119,7;427469,0;322377,6;542506,0;496675,3;567633,6;476886,6;283249,6;236271,2;169552,4;407522,8;838798,2;468178,2;414398,5;320920,5;376074,8;222163,2;366233,1;513509,8;379760,8;631600,7;200125,0;254570,0;750294,2;755997,9;571748,0;686726,2;276242,3;237867,2;613586,9;686741,4;357888,0;475857,6;518503,0;416499,8;154698,1;828403,6;713624,2;724426,9;30757,0;566888,1;224762,9;538993,1;706281,4;648965,2;429872,2;722401,3;469905,0;529759,4;190574,3;303812,5;699350,3;808675,1;319788,6;470907,3;607576,4;656703,8;311576,9;506674,6;623541,5;382618,8;427946,6;550939,0;250329,1;143715,5;67277,7;429917,8;437171,5;302743,2;837732,8;;361433,3;511934,2;422163,5;136755,4;707550,4;269620,2;466802,5;612676,8;553573,2;702995,3;668585,2;679126,0;220915,0;502442,7;334567,3;156336,4;384133,7;257999,4;203078,2;342953,9;188604,6;429941,2;508897,0;262855,2;73932,1;377832,4;469647,9;488056,2;392741,9;348409,3;276830,3;494156,0;351788,5;328394,5;301627,4;401725,5;501337,5;751763,3;547174,4;400376,2;704192,6;220528,9;720006,1;221377,4;492042,1;548674,5;270605,6;509088,1;470740,4;249830,2;630176,1;433671,2;271141,8;375928,2;129709,0;658014,2;461836,9;290847,9;;478285,2;177900,9;376449,5;515376,6;564959,4;184669,3;;292090,5;390281,2;352077,7;530931,8;446022,8
Amarante;464938,3;87516,2;71230,3;343213,8;330450,4;163905,6;213601,2;345638,2;0,0;48608,4;403564,5;242763,2;185356,8;282765,9;78820,8;339156,4;629073,9;470808,0;126796,4;332250,3;627512,1;100719,9;353868,7;288698,9;325417,1;170599,8;263538,9;461173,5;316797,6;286152,9;508014,8;459091,5;403252,5;291349,2;340084,2;257221,0;460718,9;390136,2;291500,8;107596,5;503069,6;359830,6;302919,1;400261,2;312421,9;367450,2;253281,6;181693,4;238398,6;303030,1;410917,8;444821,6;429614,1;410567,1;354219,6;470626,6;403752,1;284315,1;424336,1;235886,0;325433,4;213618,3;327864,8;418236,6;684056,2;723103,8;391034,2;599370,7;453059,6;450816,1;134211,9;173484,4;425339,6;239136,8;;380167,6;131406,1;324027,5;403370,3;406574,6;227363,8;267326,8;53527,8;93737,0;59162,4;342200,7;296370,1;367328,4;276581,3;628887,8;188209,6;477641,0;73790,7;505066,2;180111,3;214093,3;310246,4;315282,5;208292,6;358608,7;313204,5;46028,8;297868,7;145666,9;382748,9;416562,2;422265,9;238016,0;352994,2;621880,5;420791,4;279854,9;353009,4;525196,8;142125,6;233602,4;82767,8;230691,2;494671,6;379892,2;390694,9;333200,8;366582,8;216607,7;338687,8;372549,3;315233,2;96140,1;388669,3;136173,0;329454,2;536212,4;649450,7;365618,3;474943,1;119483,3;137175,3;273844,4;322971,8;324082,3;155136,0;289809,5;182313,5;94214,6;350633,8;251359,8;239828,1;412915,9;96185,8;236866,2;648381,3;504000,8;;356111,2;178202,2;461585,5;248341,3;373818,4;283229,2;266497,2;412371,5;353267,9;369263,3;334853,2;345394,0;212759,8;168710,7;499280,4;501974,6;50401,7;603637,6;218726,8;454691,4;221308,2;229635,9;175165,0;542308,5;419570,2;114617,2;269342,6;287750,9;59009,9;252821,4;390536,7;160424,0;344164,2;128089,3;647265,6;67993,5;274307,4;418031,3;213442,4;200071,0;370460,6;334235,3;386274,1;197398,8;267711,4;348369,2;384311,9;308782,8;137008,4;206619,6;345275,5;99939,2;384848,2;721566,4;241446,6;324282,2;406813,2;281575,1;;277979,9;291607,2;100620,1;181644,6;231227,4;296406,8;;405796,9;114451,8;334413,4;330626,5;245717,5
Angical do Piauí;425141,2;39580,2;23294,2;303416,7;290653,2;115969,6;165665,2;382158,4;48608,4;0,0;440084,7;279283,4;137420,7;242968,8;115341,0;291220,3;665594,1;507328,2;115119,6;284314,3;664032,2;52783,9;305932,7;265365,2;285620,0;122663,8;300059,2;421376,4;268861,6;246355,8;544535,1;411155,5;439772,7;243413,2;292148,2;293741,2;412782,9;342200,2;243564,8;144116,7;455133,5;320033,5;279585,3;376927,4;272624,8;319514,2;205345,6;218213,6;274918,8;255094,1;387584,0;481341,8;381678,1;370770,0;306283,6;422690,6;355816,1;236379,0;376400,1;187950,0;361953,7;190284,5;304531,0;454756,8;720576,4;759624,0;427554,4;635890,9;489579,8;411019,0;86275,9;125548,4;461859,8;199339,6;;332231,6;119729,3;360547,7;355434,2;443094,8;263884,0;243993,1;90048,0;82060,2;95682,6;302403,6;256573,0;327531,2;236784,2;665408,0;224729,8;514161,2;27559,5;457130,2;190268,0;174296,2;286912,7;275485,4;244812,8;371711,7;273407,4;20469,0;249932,7;182187,1;359415,2;368626,2;374329,9;190080,0;305058,2;658400,7;457311,6;231918,9;305073,4;485399,7;94189,6;185666,4;34831,7;267211,4;446735,5;331956,2;342758,8;369721,0;326785,7;253127,9;298890,7;324613,3;267297,2;48204,1;340733,2;88237,0;289657,1;572732,6;685970,9;317682,3;427007,0;156003,5;120874,6;225908,4;275035,7;300748,5;171226,6;241873,5;180080,1;46278,6;310836,6;287880,0;276348,3;449436,1;113950,9;197069,1;684901,6;456064,8;;316314,1;130266,1;421788,4;284861,5;325882,4;319749,4;226700,1;267897,1;313470,8;321327,2;286917,2;297458,0;249280,0;120774,7;459483,3;538494,8;38724,9;640157,8;255247,0;491211,7;257828,5;192083,5;127228,9;578828,8;456090,4;151137,4;232719,2;247953,8;11073,9;229487,6;427056,9;112488,0;320830,4;164609,5;683785,8;20057,5;226371,3;370095,2;165506,4;160273,9;322524,6;328652,4;338338,1;233919,1;219775,3;308572,1;420832,1;248089,2;89072,3;243139,8;297339,5;52003,2;421368,4;758086,6;277966,8;276346,1;367016,2;258241,3;;236819,7;328127,4;88943,3;133708,5;183291,4;332927,1;;442317,1;102775,1;294616,3;290829,4;208165,1
Anísio de Abreu;292700,8;479088,7;462802,7;418148,9;405385,5;555478,1;605173,6;289912,9;403660,7;440180,9;0,0;435220,8;453088,0;324293,7;399876,4;563051,2;213256,2;365697,5;403502,0;723822,8;409907,2;492292,3;745441,1;215123,8;347189,7;562172,2;299196,4;341318,5;708370,1;368282,0;351488,0;850663,9;10195,6;682921,6;731656,6;161885,2;852291,4;614031,1;683073,2;378099,9;894642,0;386645,8;233160,1;195305,3;387357,1;759022,7;644854,1;394293,2;167747,9;694602,6;205961,9;42978,6;821186,5;378149,8;588188,0;862199,0;795324,6;675887,5;815908,6;627458,4;269708,1;300367,5;255056,2;107037,2;353243,0;360999,0;217811,1;240550,9;261161,2;358609,1;525784,4;565056,8;87026,9;378436,3;;771740,0;442968,8;247215,2;794942,8;50037,4;200318,8;274554,9;353960,1;404457,2;380218,0;417135,8;371305,2;442263,5;334130,1;411282,9;411319,8;75798,0;465363,2;896638,7;407172,5;353392,8;240487,5;295641,8;247625,0;285800,1;335115,4;437601,2;689441,1;368777,1;139746,4;808134,7;813838,4;629588,4;663620,9;251614,4;18948,4;671427,3;744581,9;245814,7;533698,0;457497,3;474340,2;369896,3;886244,0;771464,6;782267,3;277475,5;393398,0;439961,0;326193,5;764121,8;706805,6;487712,6;780241,7;527745,4;404389,3;318607,6;162382,2;757190,8;866515,5;377629,0;528747,8;665416,9;714544,2;231143,9;445668,8;681381,9;305672,3;485787,0;372406,3;215640,1;169177,3;217330,0;487758,3;349472,0;297481,7;895573,2;;281000,3;569774,6;341730,5;192897,5;765390,8;189187,2;358715,8;487306,7;428203,1;760835,8;726425,7;736966,4;436113,2;560283,1;254134,3;284369,7;441974,2;310598,0;228540,0;558152,1;214066,4;325279,6;507603,2;412907,5;182859,5;371741,9;370972,2;362686,1;450582,4;267976,3;13027,9;551996,4;271355,5;362807,4;429660,7;459565,9;389465,1;809603,8;540035,2;339370,5;762033,1;142758,0;777846,5;246839,3;374932,5;423304,4;60402,3;390911,9;528580,8;260950,9;569170,4;491511,6;45583,3;331320,2;344907,2;715854,6;381403,9;210414,9;;361175,5;133713,9;380282,5;573217,0;622799,9;399867,5;;50815,2;391157,4;271644,7;405561,7;308380,4
Antônio Almeida;562273,2;318277,9;301992,0;440548,8;427785,3;394667,3;444362,9;219924,2;242849,9;279370,2;435077,9;0,0;411123,5;380100,8;239065,7;521086,6;503360,0;272505,4;299655,5;563012,0;501798,1;331481,6;584630,4;386033,9;422752,1;401361,5;137825,0;558508,4;547559,3;383487,9;339581,6;689853,2;434765,9;522110,9;570845,9;288734,4;691480,6;572066,5;522262,5;267841,4;733831,2;457165,6;400254,0;420958,0;409756,9;598211,9;484043,3;110334,7;287505,8;533791,8;431614,7;476335,0;660375,8;507902,1;546223,4;701388,2;634513,8;515076,8;655097,8;466647,7;199719,5;310953,3;425199,8;449750,0;558342,2;597389,8;265320,2;473656,7;284626,4;548151,1;364973,6;404246,1;456853,0;336471,7;;610929,2;362167,8;198313,5;634132,0;438088,1;289155,2;364661,8;193149,3;324498,7;219407,3;439535,7;393705,0;464663,3;373916,3;428638,2;113825,8;389476,6;304552,4;735827,9;365207,9;311428,2;407581,4;412617,5;270084,0;455943,7;410539,5;276790,5;528630,4;97154,7;399789,8;647323,9;653027,6;468777,7;583755,9;496166,5;452304,8;510616,6;583771,1;503107,8;372887,3;415532,7;313529,5;84821,2;725433,2;610653,9;621456,6;207486,8;463917,8;37244,5;436022,8;603311,1;545994,9;326901,8;619431,0;366934,7;426789,1;410498,5;523736,7;596380,0;705704,8;216818,2;367937,0;504606,1;553733,4;421417,2;403704,2;520571,2;279648,5;324976,3;447968,7;348694,7;288935,2;287201,9;326947,5;334201,2;522667,4;734762,5;;453446,2;408963,8;558920,4;281975,2;604580,1;380564,2;363832,2;509706,5;450602,9;600025,0;565614,9;576155,7;60254,6;399472,4;479787,0;376260,6;281163,4;477923,6;320121,0;201662,3;283099,6;326970,9;405926,7;289279,4;293856,2;274862,1;366677,6;385085,9;289771,6;350156,3;422050,1;391185,7;441499,1;225424,2;521551,6;298755,2;398367,2;648793,0;444204,1;297405,9;601222,3;365748,7;617035,8;294733,8;389071,8;445704,2;415825,3;406117,8;367770,1;303954,5;527205,8;330700,9;416361,6;595852,4;93121,1;555043,9;504148,2;378910,0;;375314,8;323120,6;273479,2;412406,3;461989,1;35914,1;;437310,3;287310,9;431748,3;427961,5;343052,4
Aroazes;336207,8;123494,1;117210,3;214483,3;201719,9;161708,0;242138,8;513962,1;185383,4;137447,3;452972,9;411087,0;0,0;154035,4;146390,9;174749,8;797397,8;639131,8;77964,0;360787,8;795835,9;111053,6;382406,2;251164,1;196686,6;164778,4;431862,8;332443,0;345335,1;143643,6;676338,7;487629,0;450171,7;319886,7;368621,8;392229,4;489256,5;225729,7;320038,3;184788,8;531607,1;231100,1;245544,3;362726,3;183691,5;395987,8;281819,2;350017,2;406722,5;331567,7;373382,9;494230,1;458151,6;281836,7;199886,6;499164,1;432289,7;312852,6;452873,6;264423,6;493757,3;176083,5;249346,3;465155,8;852380,1;891427,6;559358,1;767694,5;621383,5;322085,7;162749,5;202021,9;472258,8;110406,3;;408705,1;62124,5;492351,3;431907,8;453493,8;315362,9;166102,7;226822,9;83139,1;165275,4;213470,2;167639,6;238597,9;147850,9;797211,6;356533,5;527049,4;110084,5;533603,8;73797,5;99377,6;243303,0;186552,0;298927,9;282778,3;184474,0;133775,8;326406,2;313990,8;345214,1;445099,8;450803,5;266553,5;275319,6;790204,4;470199,8;308392,4;381547,0;396466,4;170663,1;69195,9;122103,3;399015,1;523209,1;408429,8;419232,4;501524,6;237852,4;384931,5;209957,4;401086,9;343770,7;134005,3;417206,8;164710,5;200723,7;704536,3;613633,6;394155,8;503480,6;214431,3;197348,2;302381,9;351509,3;286547,4;54756,1;193582,6;165879,1;115274,1;221903,3;263565,0;408151,9;581239,8;230305,1;108135,8;816705,2;532538,3;;227380,7;206739,7;332855,0;416665,2;402355,9;295434,5;137766,8;151426,6;224537,5;397800,8;363390,8;373931,5;381083,6;122800,4;370549,9;670298,4;132170,9;771961,4;272958,1;623015,3;389632,1;123518,3;63546,7;710632,4;587894,1;178430,8;116248,6;159020,5;130584,7;180213,1;439945,2;78248,4;302739,4;185950,4;815589,4;119387,4;109900,8;446568,8;95978,8;114275,7;398998,1;314451,4;414811,6;251630,1;103304,8;219638,8;431231,1;131618,7;104564,6;223744,4;180869,0;165793,0;431767,3;889890,2;409770,4;268864,0;278082,8;244040,2;;120349,2;459931,1;101843,1;210182,1;259765,0;464730,7;;452716,1;87750,1;205682,9;201896,0;140084,1
Aroeiras do Itaim;230522,8;256659,2;250375,4;108798,3;96034,9;308339,7;375303,8;483057,0;282808,7;242983,3;324232,6;380182,0;154102,1;0,0;182650,0;264065,2;766492,8;608226,8;169890,8;493952,9;764930,8;244218,6;515571,3;122423,7;91001,6;311410,0;400957,8;226758,0;478500,2;52908,9;645433,6;620794,1;321431,3;453051,8;501786,8;263489,1;622421,5;315045,1;453203,4;153883,8;664772,2;125415,1;92487,4;277487,3;78006,5;529152,8;414984,2;319112,2;262751,0;464732,7;244642,6;365489,7;591316,7;176151,6;289202,0;632329,2;565454,7;446017,7;586038,7;397588,6;462852,2;145178,4;96289,3;336415,4;821475,0;860522,6;528453,0;736789,4;590478,4;216400,7;295914,5;335187,0;343518,4;54513,6;;541870,2;172881,2;461446,3;565072,9;324753,5;244408,2;55748,5;233108,0;180241,1;207756,3;107785,2;61954,6;132912,9;42165,9;766306,6;325628,4;398309,1;243249,6;666768,8;108186,5;97994,1;90246,0;33495,1;268022,8;177093,3;78789,0;233878,3;399529,1;283085,7;216473,7;578264,8;583968,6;399718,6;364635,0;759299,3;341459,5;441557,5;514712,0;290781,3;303828,2;158511,3;255268,4;368110,0;656374,2;541594,8;552397,5;470619,6;132167,4;354026,5;104272,4;534251,9;476935,8;267170,4;428106,3;297875,6;95038,7;673631,2;484893,2;527320,9;636645,7;183526,2;330513,3;435547,0;484674,3;157807,1;146682,9;344414,8;134974,0;248439,1;116218,3;167608,5;264180,5;550334,7;320155,2;53214,1;785800,1;665703,4;;74323,7;339904,8;227170,0;385760,1;417488,5;198305,4;17222,2;177956,1;118852,4;530965,9;496555,8;507096,6;350178,6;269432,0;264864,9;639393,3;224658,2;741056,4;242053,0;592110,2;358727,0;75479,0;208617,2;679727,3;556989,0;147525,8;50788,4;53335,5;263749,8;132173,8;311204,8;223318,8;197054,4;155045,4;784684,4;252552,5;73025,4;579733,9;241049,3;83370,6;532163,2;185711,0;547976,7;220725,0;58492,8;113953,7;302490,8;75538,8;237729,6;192839,3;270184,4;298958,1;303027,0;858985,2;378865,3;358179,4;172397,8;115011,0;;44735,8;298217,6;156066,4;343347,2;392930,0;433825,7;;323975,7;166941,3;52625,9;96211,0;92044,8
Arraial;364690,0;154195,9;137910,0;242965,4;230202,0;230585,3;280280,9;341842,5;78767,9;115288,1;399768,8;238967,5;146340,6;182517,5;0,0;253824,7;625278,2;467012,2;65039,4;398930,0;623716,3;167399,6;420548,4;204913,9;225168,8;237279,5;259743,2;360925,1;383477,3;185904,5;504219,1;525771,2;399456,8;358028,9;406763,9;253425,3;527398,6;304804,6;358180,5;28775,7;569749,2;259582,2;219134,0;316476,2;212173,6;434129,9;319961,3;177897,7;234602,9;369709,8;327132,8;441025,9;496293,8;310318,8;278961,5;537306,2;470431,8;350994,8;491015,8;302565,7;321637,7;129833,3;244079,8;414440,9;680260,4;719308,1;387238,5;595574,9;449263,9;350567,8;200891,6;240164,1;421543,9;138888,4;;446847,2;115550,5;320231,8;470050,0;402778,9;223568,1;183541,8;49732,1;68895,6;25106,3;241952,3;196121,7;267080,0;176333,0;625092,1;184413,9;473845,2;140470,4;571745,9;167624,6;113844,9;226461,4;215034,1;204496,9;311260,4;212956,1;85367,4;364548,4;141871,2;298963,9;483241,9;488945,6;304695,7;419673,9;618084,8;416995,7;346534,6;419689,1;424948,5;208805,3;148270,8;149447,5;226895,5;561351,2;446571,9;457374,6;329405,1;266334,5;212812,0;238439,5;439229,0;381912,9;162819,8;455349,0;202852,7;229205,8;532416,7;645655,0;432298,0;541622,8;115687,6;203855,0;340524,1;389651,4;240297,3;93379,1;356489,2;119628,9;160894,3;250385,4;217314,8;236032,4;409120,2;162865,5;136617,9;644585,6;570680,5;;255862,8;244881,8;361337,1;244545,6;440498,1;249184,3;166248,9;312123,2;253019,6;435943,0;401532,9;412073,7;208964,0;235390,4;399032,1;498178,8;76147,3;599841,9;149530,0;450895,7;217512,5;131632,3;181216,4;538512,8;415774,5;35796,4;169094,2;187502,6;125689,6;169036,4;386741,0;148268,0;260379,1;50183,5;643469,9;134673,2;200783,8;484711,0;213648,5;99822,6;437140,3;268201,2;452953,8;128202,0;191488,5;248120,9;380516,2;208534,4;203688,1;137422,7;259943,8;166618,9;381052,4;717770,7;237650,8;390961,8;306564,9;197790,0;;177731,5;287811,5;38863,1;248324,3;297907,1;292611,1;;402001,2;52694,8;234165,0;230378,1;147713,9
Assunção do Piauí;412094,1;277034,1;270750,3;225627,6;248567,4;225223,6;241951,3;623914,3;338923,3;290987,3;562925,2;521039,3;174476,9;263987,7;253535,5;0,0;907350,1;749084,1;191074,3;309392,5;905788,1;264593,5;342173,1;361116,3;271070,9;232141,6;541815,1;408329,2;267945,7;231579,0;786290,9;410239,6;560123,9;242497,3;291232,3;502181,7;411867,0;124488,6;268643,0;294741,1;454217,6;277947,6;355496,6;472678,6;230538,9;344592,5;198851,9;459969,5;516674,7;254178,2;483335,2;604182,3;380762,2;328684,1;98645,5;421774,7;354900,2;235463,1;375484,2;236127,4;603709,6;286035,7;359298,5;575108,1;962332,3;1001379,9;669310,3;877646,8;731335,8;368933,1;316289,4;301223,1;582211,1;220358,5;;331315,7;194064,7;602303,6;391674,7;563446,1;425315,1;276055,0;373965,3;236679,0;274192,3;260317,7;223852,4;249664,2;257803,1;907163,9;466485,7;637001,7;263624,5;456214,3;183749,7;209329,8;353255,2;296504,3;408880,2;358664,6;294426,3;287315,8;208972,5;423943,0;455166,3;404866,6;410570,3;279453,5;174078,4;900156,6;580152,1;282132,3;256135,5;472352,6;324203,1;141240,1;275643,2;508967,3;445819,6;415686,8;409831,1;611476,9;284699,8;494883,8;285246,0;379405,4;372102,1;287545,2;237549,8;318250,5;189999,1;814488,6;723585,8;372171,6;426091,1;324383,5;333581,2;224992,5;332626,0;396499,7;167866,4;153858,3;275831,3;268814,0;288838,7;373517,2;518104,2;691192,0;374075,6;218088,0;926657,4;455148,9;;337333,0;305940,8;375641,4;526617,4;226932,0;405386,7;247719,0;90972,6;154894,9;320411,4;286001,3;345597,8;491035,9;289806,8;446436,2;780250,6;285710,8;881913,7;382910,3;732967,6;499584,3;233470,5;228992,0;820584,6;697846,3;288383,1;226200,9;220323,8;284124,7;290165,3;549897,4;243693,7;378625,6;295902,7;925541,7;272927,4;219853,0;369179,3;169258,3;224227,9;375771,1;424403,6;337422,2;361582,3;213257,0;213693,4;541183,4;173963,3;258104,5;333696,6;79627,8;319332,9;541719,6;999842,5;519722,7;167622,9;324930,2;353992,4;;230301,4;569883,3;220068,9;296540,9;337126,9;574682,9;;562668,3;200860,5;315635,2;248743,5;250036,3
Avelino Lopes;504242,9;704743,4;688457,5;827014,3;814250,9;781132,9;830828,4;283495,2;629315,4;665835,7;213263,6;503517,8;797589,0;766566,4;625531,2;907552,2;0,0;356292,1;686121,1;949477,6;265875,8;717947,1;971095,9;426665,9;558731,8;787827,1;367493,4;552860,6;934024,8;769953,4;252252,4;1076318,8;220858,1;908576,4;957311,4;427009,9;1077946,1;958532,0;908728,0;654306,9;1120296,8;843631,1;444702,2;406847,4;796222,4;984677,4;870508,9;462590,2;425781,2;920257,3;417504,0;174265,1;1046841,3;589691,9;932688,9;1087853,8;1020979,3;901542,3;1041563,3;853113,2;315088,2;697418,8;466598,3;322119,1;177867,7;185623,7;244516,0;33447,4;228791,7;570151,2;751439,1;790711,6;231406,2;722937,2;;997394,8;748633,3;338219,1;1020597,5;194416,7;458352,2;486097,0;579614,9;710964,2;605872,8;826001,2;780170,6;851128,9;545672,2;267251,6;519766,4;148786,6;691017,9;1122293,5;751673,4;697893,8;452029,6;507183,9;505658,4;497342,2;546657,5;663256,0;915095,9;483620,2;351288,5;1033789,4;1039493,2;855243,2;970221,5;44787,5;194310,8;897082,1;970236,6;415702,7;759352,8;801998,2;699995,0;438193,3;1111898,8;997119,4;1007922,1;314252,2;850383,3;508258,1;537735,6;989776,6;932460,4;713367,4;1005896,5;753400,2;813254,7;174576,2;50874,3;982845,6;1092170,2;603283,8;754402,5;891071,6;940199,0;442686,1;790169,8;907036,7;666114,0;711441,8;583948,4;533824,3;427210,7;244034,9;713413,1;720666,7;122106,4;1121228,0;;492542,4;795429,4;553272,6;420250,6;991045,6;400729,3;750297,8;896172,0;837068,4;986490,5;952080,4;962621,2;504410,2;785937,9;465676,4;140338,3;667628,9;135222,7;486573,4;418439,3;472099,8;713436,4;792392,2;381374,9;228670,3;661327,6;753143,1;771551,4;676237,2;479518,4;224570,0;777651,2;482897,6;611889,8;206812,3;685220,7;784832,7;1035258,5;830669,6;683871,4;987687,8;354300,1;1003501,3;504872,7;775537,3;832169,7;218982,8;792583,2;754235,6;533325,4;913671,3;717166,4;201846,4;155945,0;413204,2;941509,4;592946,1;421957,1;;761780,4;461396,1;659944,7;798871,8;848454,7;468164,5;;195194,5;673776,5;483186,8;814427,0;519922,5
Baixa Grande do Ribeiro;588780,1;546169,1;529883,2;668439,9;655676,5;622558,6;672254,1;215646,4;470741,1;507261,3;365728,5;272428,7;639014,7;607992,0;466956,9;748977,8;356287,7;0,0;527546,7;790903,2;324147,9;559372,8;812521,6;511203,1;650643,2;629252,8;276670,0;786399,6;775450,5;611379,1;147282,3;917744,4;373322,9;750002,1;798737,1;359161,1;919371,8;799957,7;750153,7;495732,6;961722,4;685056,8;529239,5;491384,7;637648,1;826103,1;711934,5;304015,9;357932,4;761683,0;502041,3;326730,0;888267,0;735793,3;774114,6;929279,4;862405,0;742967,9;882989,0;694538,9;247239,4;538844,5;551135,5;520176,7;411269,9;450317,6;176667,2;326584,4;189250,3;776042,3;592864,8;632137,2;527279,7;564362,9;;838820,5;590059,0;270370,2;862023,2;408313,8;390503,4;592553,0;421040,5;552389,9;447298,5;667426,9;621596,2;692554,5;601807,5;287450,9;361192,1;278460,8;532443,6;963719,1;593099,1;539319,4;536566,9;640508,6;437809,6;581879,4;638430,6;504681,7;756521,6;325045,9;470216,4;875215,1;880918,8;696668,9;811647,1;349094,3;346775,7;738507,8;811662,3;573534,4;600778,5;643423,9;541420,7;257354,8;953324,4;838545,1;849347,8;187852,9;691809,0;297776,1;663914,0;831202,2;773886,1;554793,0;847322,2;594825,9;654680,3;263426,2;376664,5;824271,2;933595,9;444709,4;595828,2;732497,3;781624,6;527223,3;631595,4;748462,4;507539,7;552867,5;675859,9;465975,5;359361,9;151129,3;554838,8;562092,4;375595,1;962653,7;;681337,3;636855,1;786811,6;352401,8;832471,3;485266,6;591723,4;737597,7;678494,1;827916,2;793506,1;804046,9;320786,1;627363,6;550213,7;229188,3;509054,6;330851,3;418724,6;71317,1;404251,0;554862,1;633817,9;74766,6;182840,5;502753,3;594568,8;612977,1;517662,8;578047,6;377034,8;619076,9;567434,9;453315,4;374479,4;526646,4;626258,3;876684,2;672095,3;525297,1;829113,5;436175,3;844927,0;522625,0;616963,0;673595,4;486252,0;634008,9;595661,2;531845,8;755097,0;558592,1;486788,2;448780,2;231966,2;782935,1;732039,4;506494,3;;603206,0;393547,3;501370,4;640297,5;689880,3;237075,3;;409091,6;515202,2;659639,6;655852,7;570943,6
Barra D'Alcântara;351943,5;146939,8;137648,1;230219,0;217455,6;198620,2;265584,4;402412,6;126855,7;115026,2;403420,2;299537,6;77970,2;169771,1;65019,7;191343,8;685848,4;527582,4;0,0;384233,5;684286,4;134499,2;405851,9;201611,3;212422,3;201690,6;320313,4;348178,7;368780,8;159379,3;564789,2;511074,7;400618,9;343332,4;392067,4;313995,4;512702,1;242323,7;343484,0;91249,7;555052,8;246835,8;215831,5;313173,6;199427,2;419433,4;305264,8;238467,8;295173,0;355013,3;323830,2;444677,3;481597,3;297572,3;216480,6;522609,8;455735,3;336298,2;476319,3;287869,2;382207,9;126530,7;240777,2;415603,0;740830,6;779878,2;447808,6;656145,1;509834,0;337821,3;186195,1;225467,6;422706,0;126142,0;;432150,8;49905,0;380801,9;455353,5;403941,1;265810,1;180239,2;110302,2;33847,9;85676,5;229205,9;183375,3;254333,6;163586,5;685662,2;244984,0;477496,7;133530,2;557049,4;55873,4;110542,3;223158,8;202287,7;249375,1;298514,0;200209,7;105921,3;349851,9;202441,3;295661,3;468545,4;474249,1;289999,2;291913,6;678654,9;420647,1;331838,1;404992,6;412202,0;194108,8;85789,9;145549,0;287465,6;546654,8;431875,4;442678,1;389975,2;253588,0;273382,1;225693,0;424532,5;367216,4;157451,0;440652,5;188156,2;216459,4;592986,9;706225,1;417601,5;526926,2;164878,5;220793,9;325827,6;374954,9;236994,7;30898,2;271693,4;116326,3;138719,7;237639,0;214012,2;296602,5;469690,3;192198,1;123871,4;705155,8;555984,0;;243116,4;230185,3;348590,7;305115,7;425801,6;245881,7;153502,5;168020,6;240273,1;421246,5;386836,4;397377,2;269534,2;159712,5;386285,6;558749,0;96701,1;660412,0;223405,3;511465,9;278082,7;128329,7;132485,3;599082,9;476344,7;84891,7;131984,3;174756,1;125427,7;165733,8;390392,4;109254,7;257076,5;136397,7;704040,0;134411,3;125636,4;470014,5;164917,4;96520,0;422443,8;264898,6;438257,2;202077,3;119040,5;235374,4;381678,3;147354,4;128010,2;174191,6;197463,0;189238,6;382214,6;778340,8;298221,0;285458,0;293818,5;194487,4;;136084,8;348381,6;31553,1;233627,8;283210,6;353181,3;;403163,3;12344,7;221418,6;217631,7;144411,3
Barras;672461,9;240962,7;260421,9;550737,4;537973,9;204914,0;136409,4;662058,2;328508,2;280572,2;719984,4;559183,2;357204,2;490289,4;395240,8;309382,2;945493,9;787228,0;380668,1;0,0;943932,0;248680,6;80480,2;545133,2;532940,7;211832,0;579958,9;668697,1;66895,0;479897,6;824434,8;202739,4;719672,5;94149,2;110059,6;573641,0;193387,6;269650,9;52080,2;424016,5;246717,5;567354,1;581798,4;656695,4;519945,5;52631,4;110713,6;498113,4;554818,6;114904,8;667352,1;761241,6;137301,1;618090,7;210944,5;154432,5;147400,0;119809,9;167984,0;132416,1;641853,4;470052,6;584299,1;734656,6;1000476,2;1039523,8;707454,2;915790,7;769479,6;658339,7;223673,0;176065,2;741759,6;446660,3;;152517,8;350793,6;640447,5;103156,6;722994,6;543783,8;502356,7;369947,8;356370,9;375582,4;549724,2;503893,6;574851,9;484104,9;945307,8;504629,6;794060,9;272949,1;225813,6;410051,5;435631,6;579557,0;522806,1;524712,6;619032,4;520728,1;300368,8;154593,5;462086,9;639183,2;116348,5;115143,4;112048,7;202505,0;938300,5;737211,4;35160,0;126319,2;732720,4;203061,4;405449,9;247206,2;547111,2;238319,5;94787,2;105589,9;649620,8;574106,4;533027,7;546211,4;87444,4;74697,3;242486,4;163712,6;222991,1;536977,8;852632,4;965870,7;50799,5;158759,1;435903,3;199308,4;110537,2;28407,6;580516,5;391010,1;176627,1;459848,2;242175,3;558157,3;567779,8;556248,1;729335,9;239802,7;444389,8;964801,3;224748,2;;563634,8;180782,9;669109,1;564761,3;148861,7;599649,2;474020,8;377894,0;441816,4;102707,3;109896,6;53636,8;529179,8;232536,2;706803,9;818394,6;318624,7;920057,6;535146,8;771111,4;537728,2;459772,3;332332,7;858728,5;735990,2;431037,2;452502,6;495274,5;275909,0;516467,1;706956,7;317591,8;638993,4;444509,2;963685,6;262230,4;446154,8;190381,5;210631,5;450529,7;55641,8;608420,5;128257,2;513818,8;439558,8;555892,8;700731,9;467872,7;294176,1;523039,6;258060,1;244285,1;701268,1;1037986,4;557866,6;181007,0;614336,8;538009,3;;456603,2;608027,2;375074,9;156786,9;96224,9;612826,9;;722216,9;368323,6;541936,9;538150,1;476338,1
Barreiras do Piauí;654998,2;703112,8;686826,8;825383,6;812620,2;779502,2;829197,8;281864,5;627684,8;664205,0;409927,6;501887,2;795958,3;764935,7;623900,5;905921,4;265797,1;324123,4;684490,4;947846,9;0,0;716316,4;969465,2;577421,2;807586,9;786196,4;365862,8;703616,0;932394,1;768322,7;114666,6;1074688,0;417522,1;906945,7;955680,8;425379,2;1076315,5;956901,3;907097,3;652676,2;1118666,1;842000,4;595457,6;557602,8;794591,8;983046,8;868878,2;460959,5;424150,6;918626,6;568259,4;370929,1;1045210,6;740447,2;931058,2;1086223,1;1019348,6;899911,6;1039932,6;851482,6;313457,5;695788,1;617353,6;586394,8;103055,2;142102,8;242885,3;236093,9;227161,0;720906,6;749808,4;789080,9;489502,4;721306,6;;995764,1;747002,6;336588,3;1018966,8;452513,0;456721,5;636852,4;577984,2;709333,5;604242,1;824370,5;778539,9;849498,2;758751,1;37905,4;518135,7;322659,9;689387,2;1120662,8;750042,8;696263,1;602785,0;657939,3;504027,7;648097,6;795374,3;661625,3;913465,2;481989,5;536434,5;1032158,8;1037862,5;853612,6;968590,8;258603,7;390974,8;895451,4;968605,9;639752,5;757722,1;800367,5;698364,3;436562,6;1110268,1;995488,8;1006291,4;312621,6;848752,6;506627,4;820857,6;988145,9;930829,7;711736,7;1004265,8;751769,5;811623,9;108867,2;286173,9;981214,9;1090539,6;601653,1;752771,8;889440,9;938568,3;593441,4;788539,1;905406,0;664483,3;709811,1;832803,6;532193,6;425580,0;242404,2;711782,4;719036,0;148887,9;1119597,4;;643297,8;793798,7;704028,0;418619,9;989414,9;551484,7;748667,1;894541,3;835437,7;984859,8;950449,8;960990,6;502779,5;784307,2;616431,8;125539,2;665998,2;147339,0;484942,7;337447,9;470469,1;711805,8;790761,5;303410,2;227039,6;659696,9;751512,4;769920,8;674606,4;630273,8;421234,0;776020,6;633653,0;610259,1;66264,6;683590,0;783202,0;1033627,8;829038,9;682240,8;986057,1;502393,5;1001870,6;503242,0;773906,6;830539,0;552470,1;790952,6;752604,9;531694,7;912040,6;715535,7;448058,8;140565,4;411573,5;939878,7;743701,4;572712,4;;760149,7;459765,4;658314,0;797241,1;846823,9;466533,8;;453290,7;672145,8;633942,2;812796,3;727887,2
Barro Duro;426311,2;14970,5;32702,7;304586,7;291823,3;59323,5;133615,1;434339,1;100789,1;52853,1;492265,3;331464,0;111053,6;244138,8;167521,7;264853,2;717774,8;559508,8;134517,5;252264,2;716212,9;0,0;273882,6;298982,5;286790,0;66017,7;352239,8;422546,4;236811,5;233747,0;596715,7;379105,4;491953,3;211363,1;260098,1;345921,9;380732,8;315833,0;211514,7;196297,3;423083,5;321203,5;335647,7;410544,8;273794,8;287464,2;173295,5;270394,2;327099,5;223044,0;421201,4;533522,4;349628,0;371940,0;274233,5;390640,5;323766,0;204329,0;344350,0;155899,9;414134,3;223901,9;338148,4;506937,5;772757,1;811804,6;479735,1;688071,5;541760,5;412189,0;54225,8;93498,3;514040,4;200509,7;;300181,5;104642,9;412728,3;323384,2;495275,5;316064,6;256206,1;142228,7;110220,2;147863,2;303573,6;257743,0;328701,3;237954,2;717588,6;276910,5;566341,8;45229,9;425080,2;163900,8;189480,9;333406,4;276655,4;296993,4;372881,7;274577,4;72649,7;217882,6;234367,8;393032,5;336576,2;342279,9;158029,9;273008,2;710581,4;509492,2;199868,8;273023,3;486569,7;62139,5;159299,2;19487,1;319392,1;414685,5;299906,1;310708,8;421901,6;327955,7;305308,5;300060,8;292563,2;235247,1;25481,7;308683,2;56186,9;290827,1;624913,3;738151,6;285632,2;394957,0;208184,1;88824,6;193858,3;242985,7;334365,9;144859,4;209823,4;213697,5;6750,4;312006,7;311383,4;328528,9;501616,7;121781,5;198239,1;737082,2;424014,7;;317484,1;98216,1;422958,4;337042,2;293832,3;343252,9;227870,1;241529,9;314640,8;289277,2;254867,1;265407,9;301460,6;79727,8;460653,3;590675,4;90905,6;692338,4;307427,7;543392,3;310009,1;213621,6;86182,1;631009,4;508271,1;182262,9;206352,0;249123,8;48189,9;270316,4;479237,5;71441,1;392842,8;216790,1;735966,4;34511,2;200004,2;338045,2;124459,5;204379,0;290474,5;362269,8;306288,0;286099,7;193408,2;309742,1;473012,8;221722,0;48025,5;295320,4;270972,3;57269,4;473549,0;810267,2;330147,4;244296,1;368186,2;291858,6;;210452,5;380308,1;128924,3;101658,5;151241,4;385107,7;;494497,7;122172,9;295786,3;291999,4;230187,4
Batalha;694081,2;262582,1;282041,2;572356,8;559593,3;248747,6;180243,0;683677,6;350127,6;302191,6;741603,9;580802,6;378823,6;511908,8;416860,2;342156,1;967113,3;808847,4;402287,5;80379,3;965551,4;270300,0;0,0;566752,6;554560,1;255665,6;601578,3;690316,4;68420,1;501517,0;846054,2;150307,7;741291,9;95674,2;59118,3;595260,4;145145,1;302424,8;73699,6;445635,9;221786,5;588973,6;603417,8;678314,8;541564,9;51151,5;152716,6;519732,8;576438,0;105455,2;688971,4;782861,0;89058,6;639710,1;243718,3;106190,1;94968,3;115942,6;115552,3;174419,1;663472,8;491672,0;605918,4;756276,0;1022095,6;1061143,1;729073,6;937410,1;791099,0;679959,1;245292,4;197684,5;763379,0;468279,7;;121307,2;372412,9;662066,9;54914,1;744614,0;565403,2;523976,1;391567,2;377990,3;397201,8;571343,6;525513,0;596471,3;505724,3;966927,2;526249,0;815680,4;294568,5;177571,1;431670,9;457251,0;601176,4;544425,4;546332,0;640651,8;542347,4;321988,2;178206,7;483706,3;660802,6;68106,0;73809,7;133668,1;176377,8;959919,9;758830,8;103551,6;95108,6;754339,8;224680,8;427069,3;268825,6;568730,6;216909,5;78926,2;73070,5;671240,2;595725,8;554647,1;567830,8;84102,6;106964,0;264105,8;137585,3;244610,5;558597,1;874251,8;987490,1;35411,0;110516,7;457522,7;220927,8;124630,4;88325,9;602135,9;412629,5;209401,0;481467,5;263794,7;579776,7;589399,1;577867,5;750955,2;261422,1;466009,2;986420,8;176505,7;;585254,1;202402,3;690728,4;586380,7;122734,5;621268,6;495640,2;410667,9;460190,3;50275,6;83769,3;78580,1;550799,2;276369,8;728423,4;840013,9;340244,1;941676,9;556766,2;792730,8;559347,6;481391,7;292031,2;880347,9;757609,6;452656,6;474122,0;516893,9;297528,4;538086,5;728576,1;339211,2;660612,8;466128,7;985305,0;283849,8;467774,2;137414,9;252634,4;472149,1;39010,5;630039,9;75825,5;535438,2;461178,2;577512,2;722351,3;489492,1;315795,5;544658,9;290834,0;265904,5;722887,6;1059605,8;579485,9;205094,1;635956,2;559628,7;;478222,6;629646,6;396694,3;178406,3;164616,4;634446,2;;743836,2;389942,9;563556,3;559769,4;497957,5
Bela Vista do Piauí;174063,3;304213,6;287927,7;216255,4;203492,0;363158,4;430122,6;295482,1;288677,1;265305,9;215080,9;386050,5;251194,5;122400,2;204972,6;361157,7;426615,7;511127,2;201608,4;548771,7;577355,9;299037,4;570390,1;0,0;145296,1;366228,8;304765,6;170298,5;533318,9;166388,4;518936,8;675612,9;212279,7;507870,6;556605,6;154337,4;677240,3;412137,5;508022,2;176206,3;719590,9;184752,2;31266,6;124834,3;185463,5;583971,6;469803,0;324980,7;173317,0;519551,5;135490,9;256338,1;646135,4;170572,5;386294,5;687147,9;620273,5;500836,4;640857,4;452407,4;275277,3;98473,9;47478,9;227263,8;633900,1;672947,6;340878,1;549214,5;428609,9;187589,1;350733,3;390005,8;234366,8;176542,7;;596688,9;241075,3;252784,3;619891,6;215601,8;139146,4;72661,3;238976,5;202563,6;265234,5;215242,3;169411,6;240370,0;132236,5;578731,6;331496,9;289157,4;290488,2;721587,6;205279,0;151499,2;38593,9;93748,2;168141,5;78222,8;133221,8;256200,9;514390,1;288954,2;107322,1;633083,6;638787,3;454537,4;461727,4;571724,4;232307,8;496376,2;569530,8;139956,1;358646,9;255603,7;299465,2;373978,5;711192,9;596413,6;607216,2;283044,6;191504,5;359894,9;124299,9;589070,7;531754,6;321989,1;525198,7;352694,3;202495,8;486056,3;375741,6;582139,7;691464,4;189394,7;413764,2;490365,8;539493,1;37182,3;243775,3;441507,2;103778,7;303257,9;170512,8;62346,6;174746,5;362759,7;372774,7;147578,4;598225,2;720522,2;;79106,7;394723,5;170710,5;198466,7;514580,9;89153,7;156822,2;285413,1;226309,5;585784,6;551374,6;561915,4;356047,1;324250,7;116635,4;451818,4;246980,8;553481,4;123976,7;563721,2;186136,1;123386,1;305709,6;651338,3;369414,1;169848,3;169078,7;160792,5;275707,3;66082,7;202053,1;273792,8;63778,3;160913,9;597109,4;284690,9;187571,5;634552,6;338141,7;137477,0;586981,9;76559,4;602795,4;120018,3;173038,9;221410,8;193339,1;189018,3;292548,4;92132,6;367276,8;316636,6;193875,3;671410,2;350476,3;455271,8;173826,7;7208,2;;159282,0;189066,0;178388,9;398165,9;447748,8;405436,7;;214824,1;189263,9;69751,2;203668,1;106486,8
Belém do Piauí;172342,0;299234,5;292950,7;74420,4;49701,8;350914,9;417879,1;525632,2;325383,9;285558,6;347125,6;422757,2;196677,3;91519,1;225225,3;271047,2;558660,3;650802,1;212466,1;536528,2;807506,1;286793,9;558146,6;145316,7;0,0;353985,3;443533,0;168577,2;521075,5;87667,3;688008,9;663369,4;344324,3;495627,1;544362,1;286382,1;664996,8;357620,4;495778,7;196459,1;707347,4;40743,6;115380,4;219306,5;46056,0;571728,1;457559,5;361687,5;285644,0;507308,0;268486,3;388382,7;633892,0;62029,0;331777,3;674904,4;608030,0;488592,9;628614,0;440163,9;505427,5;187753,7;153396,2;359308,4;864050,2;903097,9;571028,3;779364,8;633053,7;115474,0;338489,8;377762,3;366411,4;97088,9;;584445,4;215456,5;384829,0;607648,2;347646,5;267301,2;133998,9;275683,3;222816,3;250331,6;32812,4;64531,4;86579,8;55814,0;808881,9;368203,7;421202,1;285824,8;709344,1;150761,8;140569,4;113139,0;64997,3;310598,1;118912,5;34865,6;276453,6;442104,3;325661,0;239366,7;620840,1;626543,8;442293,9;407210,2;801874,6;364352,5;484132,8;557287,3;232600,6;346403,5;201086,6;297843,7;410685,3;698949,4;584170,1;594972,8;513194,8;47495,9;396601,8;45493,9;576827,2;519511,1;309745,7;470681,6;340450,9;92387,0;716206,5;507786,2;569896,2;679220,9;226101,5;373088,6;478122,3;527249,6;190271,1;189258,1;386990,1;177549,3;291014,4;26504,2;190501,5;287073,5;592909,9;362730,5;95789,4;828375,4;708278,7;;90748,9;382480,0;108986,4;428335,4;460063,8;221198,4;78101,1;175304,4;116200,7;573541,2;539131,1;549671,9;392753,8;312007,2;206684,1;681968,6;267233,5;783631,6;252131,5;634685,5;401302,3;118054,3;251192,5;722302,6;599564,3;190101,0;90357,6;82071,4;306325,1;174749,1;334097,8;265894,1;138873,6;197620,7;827259,7;295127,8;108850,4;622309,2;283624,6;125945,9;574738,5;208604,0;590551,9;263300,3;94317,8;67620,7;325383,8;110297,2;280304,9;235414,6;312759,7;341533,3;325920,0;901560,5;421440,6;400754,7;58275,2;137904,0;;80560,9;321110,6;198641,7;385922,5;435505,3;476400,9;;346868,7;209516,6;76457,2;18169,6;134620,1
Beneditinos;493507,1;83008,1;102467,3;371782,6;359019,2;18499,1;78205,1;504103,7;170553,7;122617,7;562029,9;401228,6;164708,0;311334,7;237286,2;232119,2;787539,4;629273,4;201713,4;212048,2;785977,5;66023,4;255628,9;366178,4;353985,9;0,0;422004,4;489742,3;181401,5;300942,9;666480,2;323695,4;561717,9;155953,1;204688,1;415686,5;325322,8;192387,8;171298,7;255816,8;367673,5;388399,4;402843,6;477740,7;340990,8;247248,1;117885,5;340158,8;396864,1;167634,0;488397,3;603287,1;294218,0;439135,9;133681,4;335230,5;268356,0;148919,0;288940,0;68225,3;483898,9;291097,8;405344,3;576702,1;842521,6;881569,2;549499,6;757836,1;611525,1;479385,0;144371,1;59757,4;583805,1;267705,6;;244771,5;171838,8;482492,9;305130,5;565040,1;385829,2;323402,0;211993,2;177416,2;217627,8;370769,5;324938,9;395897,2;305150,2;787353,2;346675,1;636106,4;128305,4;369670,1;231096,8;256676,8;400602,3;343851,3;366758,0;440077,6;341773,3;142414,3;162472,6;304132,3;460228,4;318322,4;324026,2;97206,4;217598,2;780345,9;579256,8;182726,2;217613,3;553765,6;56440,6;226495,1;89251,7;389156,7;359275,5;289404,0;323286,9;491666,2;395151,7;375073,1;367256,7;282061,1;238490,7;84531,9;253273,2;123906,8;358023,0;694677,9;807916,1;245416,2;339547,0;277948,7;117825,8;138448,3;217566,1;401561,8;212055,4;93065,8;280893,4;84220,8;379202,6;378579,3;398293,5;571381,3;158320,2;265435,0;806846,8;368604,7;;384680,0;56834,0;490154,3;406806,7;238422,3;410448,8;295066,1;308725,8;381836,8;233867,2;199457,1;248253,5;371225,2;42273,7;527849,2;660440,0;160670,2;762103,0;377192,2;613156,9;379773,7;280817,6;102352,7;700773,9;578035,7;249458,8;273547,9;316319,8;117954,5;337512,3;549002,1;87611,7;460038,7;286554,7;805731,1;104275,8;267200,1;282635,2;104084,9;271575,0;250258,5;429465,8;250878,0;355864,3;260604,1;376938,0;542777,4;288918,0;75801,1;338758,7;180797,1;158613,6;543313,6;880031,9;399912,0;188886,1;435382,1;359054,6;;277648,5;450072,6;196120,2;113898,9;154485,0;454872,3;;564262,3;189368,8;362982,2;359195,3;297383,3
Bertolínia;382419,4;339140,8;322854,9;461411,7;448648,2;415530,2;465225,8;83990,1;263712,9;300233,1;299143,8;137915,2;431986,4;400963,8;259928,6;541949,6;367425,8;276963,0;320518,4;583874,9;365863,9;352344,5;605493,3;304842,3;443615,0;422224,5;0,0;431037,1;568422,2;404350,8;307444,8;710716,1;298831,8;542973,8;591708,8;152800,3;712343,6;592929,4;543125,4;288704,3;754694,2;478028,5;322878,8;285023,9;430619,8;619074,9;504906,2;96987,6;151571,7;554654,8;295680,5;340400,9;681238,7;528765,0;567086,4;722251,2;655376,8;535939,7;675960,8;487510,7;63785,3;331816,2;344774,8;313815,9;422408,1;461455,7;129386,1;337722,6;217118,0;448327,7;385836,6;425109,0;320918,9;357334,7;;631792,2;383030,7;62379,4;654994,9;302153,9;184142,6;385524,8;214012,2;345361,6;240270,2;460398,6;414567,9;485526,2;394779,2;367239,7;154163,8;253542,5;325415,3;756690,9;386070,8;332291,2;330206,1;433480,4;231448,8;375518,7;431402,4;297653,4;549493,3;118017,6;263855,6;668186,9;673890,6;489640,6;604618,9;360232,4;316370,7;531479,5;604634,1;367173,6;393750,2;436395,6;334392,4;72590,7;746296,2;631516,8;642319,5;71552,7;484780,7;142655,5;456885,7;624174,0;566857,8;347764,8;640293,9;387797,6;447652,1;274564,3;387802,6;617242,9;726567,7;237681,2;388799,9;525469,1;574596,4;320862,6;424567,2;541434,1;300511,4;345839,2;468831,6;259614,8;153001,1;151267,8;347810,5;355064,1;386733,2;755625,4;;370718,9;429826,8;431449,1;146041,0;625443,0;278905,8;384695,1;530569,4;471465,8;620887,9;586477,9;597018,6;138807,6;420335,3;343852,9;240326,4;302026,3;341989,5;212363,8;260846,5;197890,2;347833,8;426789,6;348463,6;157922,1;295725,0;387540,5;405948,8;310634,6;371019,3;286116,0;412048,6;361074,1;246287,2;385617,5;319618,1;419230,1;669655,9;465067,0;318268,9;622085,2;229814,6;637898,7;230663,1;409934,7;466567,1;279891,2;426980,7;388633,0;324817,4;548068,7;351563,8;280427,4;459918,3;47601,6;575906,8;525011,1;300133,5;;396177,8;187186,5;294342,1;433269,2;482852,1;102561,9;;301376,2;308173,9;361363,3;448824,4;363915,4
Betânia do Piauí;97007,6;434989,2;428705,4;218090,5;205327,1;486669,6;553633,8;421713,2;461138,6;421313,3;341312,1;558511,9;332432,0;227273,8;360980,0;408343,1;552846,8;786556,8;348220,8;672282,9;703587,0;422548,6;693901,2;170312,7;168606,0;489740,0;430996,7;0,0;656830,2;223422,0;645167,9;799124,1;338510,8;631381,8;680116,8;280568,6;800751,5;493375,1;631533,4;332213,8;843102,1;123223,1;172008,3;147689,8;183352,0;707482,8;593314,2;497442,2;299548,2;643062,7;196869,7;382569,2;769646,7;74346,4;467532,0;810659,1;743784,7;624347,6;764368,7;575918,6;401508,4;260473,6;126967,7;278290,4;760131,2;799178,8;467109,2;675445,7;554841,1;44827,3;474244,5;513516,9;360597,9;232843,6;;720200,1;351211,1;379015,5;743402,9;341833,0;301146,1;189312,5;411438,0;358571,0;386086,3;136842,8;201827,3;167660,2;191568,7;704962,8;503958,4;415388,6;421579,5;845098,8;286516,5;276324,1;169767,0;145117,3;330141,2;92484,1;162347,3;412208,3;577859,0;461415,7;233553,2;756594,8;762298,5;578048,6;542964,9;697955,5;358539,0;619887,4;693042,0;157266,1;482158,2;336841,2;433598,3;546439,9;834704,1;719924,8;730727,4;409275,8;110089,9;532356,4;147609,8;712581,9;655265,8;445500,3;606436,2;476205,6;229682,9;612287,4;501972,7;705650,9;814975,6;361856,2;508843,2;613877,0;663004,3;150697,4;325012,8;522744,8;313304,0;426769,1;106778,1;224346,3;300977,7;488990,9;498485,2;231544,1;724456,3;844033,4;;121319,3;518234,7;24464,6;324697,8;595818,5;251980,1;213855,8;312600,3;253496,7;709295,9;674885,8;685426,6;528508,5;447761,9;131349,7;578049,6;402988,2;679712,6;285976,4;770440,2;345866,8;253809,0;386947,1;858057,2;495645,2;325855,7;226112,2;217826,1;442079,8;228082,4;328284,3;401648,8;112445,1;333375,3;723340,6;430882,5;244605,1;758063,9;419379,2;261700,6;710493,2;202790,5;726306,6;282018,0;230072,5;223245,9;319570,2;246051,9;416059,6;254132,3;448514,3;477288,0;320106,5;797641,4;557195,3;536509,4;82103,4;169207,9;;216315,5;315297,1;334396,3;521677,2;571260,0;612155,6;;341055,2;345271,3;133085,1;205503,2;270374,8
Boa Hora;661709,6;230210,3;249669,5;539985,0;527221,6;174545,7;106041,1;651305,9;317755,9;269819,9;709232,1;548430,8;346451,9;479537,1;384488,5;267954,2;934741,6;776475,6;369915,8;66867,7;933179,7;237928,3;68447,2;534380,9;522188,3;181463,6;569206,6;657944,7;0,0;469145,3;813682,5;170446,5;708920,2;27254,2;62754,9;562888,7;172073,9;228222,8;60187,9;413264,2;214424,5;556601,8;571046,1;645943,1;509193,2;102067,6;78514,6;487361,1;544066,3;41517,1;656599,7;750489,2;140602,6;607338,4;169516,4;169224,7;115107,1;52914,9;135691,1;100217,1;631101,1;459300,2;573546,7;723904,2;989723,9;1028771,4;696701,9;905038,3;758727,3;647587,4;232703,1;165312,8;731007,2;435908,0;;105213,2;340041,2;629695,1;117948,8;712242,3;533031,4;491604,4;359195,5;345618,6;364830,1;538971,9;493141,3;564099,6;473352,6;934555,4;493877,3;783308,6;262196,8;216421,2;399299,2;424879,2;568804,7;512053,7;513960,2;608280,0;509975,7;289616,5;104004,8;451334,6;628430,9;131140,7;136844,4;90575,4;155200,4;927548,2;726459,1;90039,9;79014,6;721968,1;192309,1;394697,6;236453,9;536358,9;206026,5;141960,9;136105,2;638868,4;563354,1;522275,3;535459,1;136880,5;129577,3;231734,1;116408,0;212238,8;526225,4;841880,1;955118,4;98445,7;173551,3;425150,9;197671,0;43642,2;90101,2;569764,2;380257,8;135199,0;449095,8;231423,0;547405,0;557027,4;545495,8;718583,6;238165,4;433637,4;954049,0;215355,8;;552882,4;170030,6;658356,7;554008,9;101557,1;588896,9;463268,5;336466,0;400388,3;70414,4;62591,9;103073,0;518427,4;202167,8;696051,6;807642,2;307872,4;909305,2;524394,5;760359,1;526975,9;449020,0;217829,2;847976,2;725237,9;420284,9;441750,3;484522,2;265156,7;505714,8;696204,4;306839,4;628241,1;433756,9;952933,2;251478,0;435402,5;143076,9;178432,5;439777,4;102045,2;597668,1;95964,3;503066,5;428806,5;545140,4;689979,6;457120,4;283423,8;512287,2;216632,0;246945,6;690515,8;1027234,1;547114,2;130892,1;603584,5;527256,9;;445850,9;597274,9;364322,6;160630,7;137021,1;602074,5;;711464,6;357571,2;531184,6;527397,8;465585,8
Bocaina;227212,2;246160,6;239876,8;71237,3;83778,9;297841,0;364805,2;486304,5;286056,1;246230,8;368293,9;383429,4;143603,5;52869,9;185897,5;231617,8;769740,2;611474,2;159392,2;483454,3;768178,3;233720,0;505072,7;166485,1;87691,0;300911,4;404205,2;223447,4;468001,6;0,0;648681,1;610295,5;365492,7;442553,2;491288,2;307550,4;611922,9;304546,5;442704,8;157131,2;654273,6;113159,1;136548,7;274176,7;65750,4;518654,2;404485,6;322359,7;306812,4;454234,1;288703,9;409551,1;580818,1;163895,6;278703,4;621830,6;554956,1;435519,1;575540,1;387090,0;466099,7;148425,9;140350,6;380476,8;824722,4;863770,1;531700,4;740036,9;593725,9;204144,6;285415,9;324688,4;387579,8;57761,1;;531371,6;162382,6;464693,7;554574,2;368814,8;288469,6;110333,2;236355,5;183488,5;211003,8;95529,2;49698,6;120656,9;38855,2;769554,1;328875,9;442370,4;232751,0;656270,2;98070,7;101241,6;134307,4;77556,4;271270,3;173782,7;75478,4;237125,8;389030,4;286333,2;260535,1;567766,2;573469,9;389220,0;354136,3;762546,8;385520,8;431058,9;504213,4;287470,7;293329,6;81988,2;244769,8;371357,5;645875,6;531096,2;541898,9;473867,0;119911,3;357273,9;100961,8;523753,3;466437,2;256671,8;409681,4;287377,0;52957,6;676878,7;528954,6;516822,3;626147,1;186773,7;320014,7;425048,4;474175,8;201868,4;136184,2;333916,2;138221,5;237940,5;124050,2;211669,8;308241,8;553582,1;323402,7;56461,6;789047,6;655204,8;;118385,1;329406,2;210853,0;389007,6;406989,9;242366,7;39451,9;135875,0;76771,4;520467,3;486057,2;496598,0;353426,0;258933,4;261554,3;642640,8;227905,7;744303,8;245300,5;595357,7;361974,5;78726,5;198118,6;682974,8;560236,5;150773,2;37956,2;29367,6;253251,2;135421,3;355266,2;212820,2;193743,8;158292,8;787931,9;242053,9;37148,1;569235,2;230550,7;86618,1;521664,6;229772,4;537478,1;223972,5;41081,4;101697,7;346552,1;29027,8;227231,0;196086,8;259685,8;288459,4;347088,3;862232,7;382112,8;347680,8;160141,8;159072,4;;27324,5;342279,0;159313,8;332848,6;382431,4;437073,1;;368037,1;170188,8;96687,3;83955,0;95292,3
Bom Jesus;596590,0;583375,9;567090,0;705646,8;692883,4;659765,4;709460,9;223456,2;507948,0;544468,2;351519,3;339680,9;676221,5;645198,9;504163,8;786184,7;252170,4;147282,3;564753,6;828110,1;114666,6;596579,6;849728,4;519012,9;687850,1;666459,6;307454,4;645207,7;812657,3;648585,9;0,0;954951,2;359113,8;787208,9;835943,9;366970,9;956578,7;837164,5;787360,6;532939,4;998929,3;722263,6;537049,3;499194,5;674854,9;863310,0;749141,4;341222,8;365742,2;798889,9;509851,1;312520,8;925473,8;682039,0;811321,5;966486,3;899611,9;780174,8;920195,8;731745,8;255049,2;576051,3;558945,4;527986,5;200494,0;239541,7;184477,0;222467,1;116297,2;662498,3;630071,7;669344,1;431094,2;601569,8;;876027,3;627265,8;278180,1;899230,0;394104,7;398313,2;578444,1;458247,4;589596,7;484505,3;704633,7;658803,1;729761,4;639014,4;77969,6;398398,9;264251,7;569650,5;1000925,9;630306,0;576526,2;544376,7;599531,0;445619,4;589689,2;675637,5;541888,5;793728,4;362252,8;478026,2;912421,9;918125,7;733875,8;848854,0;244977,0;332566,5;775714,6;848869,2;581344,2;637985,3;680630,8;578627,5;294561,6;990531,3;875751,9;886554,6;254213,3;729015,8;365028,3;701120,9;868409,1;811092,9;591999,9;884529,0;632032,8;691887,2;159308,9;272547,2;861478,1;970802,8;481916,3;633035,1;769704,1;818831,5;535033,1;668802,3;785669,2;544746,6;590074,3;713066,8;473785,3;367171,7;183995,9;592045,6;599299,2;246326,7;999860,6;;584889,5;674061,9;645619,7;360211,6;869678,1;493076,4;628930,2;774804,6;715700,9;865123,0;830712,9;841253,8;383042,7;664570,4;558023,5;125071,0;546261,4;244777,8;426534,4;199528,6;412060,8;592068,9;671024,7;162464,2;168631,3;539960,1;631775,6;650183,9;554869,7;571865,5;362825,7;656283,8;575244,7;490522,2;163703,5;563853,2;663465,2;913891,0;709302,1;562504,0;866320,3;443985,2;882133,8;444833,7;654169,8;710802,2;494061,8;671215,8;632868,1;473286,4;792303,8;595798,9;389650,6;238004,3;269173,0;820141,9;769246,2;514304,1;;640412,9;401357,1;538577,2;677504,3;727087,2;304327,6;;394882,4;552409,0;575533,9;693059,5;608150,5
Bom Princípio do Piauí;803885,9;372386,7;391845,9;588781,6;669397,9;316722,0;248217,4;793482,2;459932,3;411996,2;851408,5;690607,2;488628,2;621713,4;526664,9;410130,5;1076918,0;918652,0;512092,2;202549,6;1075356,1;380104,6;150200,9;676557,2;664364,7;323640,0;711383,0;800121,1;170364,8;611321,7;955858,9;0,0;851096,5;202094,8;123276,1;705065,1;24164,0;370399,2;195869,9;555440,5;60557,6;698778,2;713222,4;788119,4;651369,6;192466,0;220691,0;629537,4;686242,6;173429,6;798776,1;892665,6;64765,1;749514,7;311692,8;69212,3;55711,2;183917,0;48471,4;242393,5;773277,5;601476,6;715723,1;866080,6;1131900,2;1170947,9;838878,2;1047214,7;900903,6;789763,8;374879,4;307489,2;873183,6;578084,4;;175358,1;482217,6;771871,5;122246,8;854418,7;675207,8;633780,8;501371,8;487794,9;507006,4;681148,3;635317,6;612818,2;615528,9;1076731,9;636053,7;925485,0;404373,1;58072,3;541475,5;567055,6;710981,1;654230,1;656136,6;750456,4;652152,1;431792,9;246181,2;593510,9;770607,2;135438,7;141492,9;255838,4;244352,2;1069724,5;868635,4;225721,9;160564,7;864144,4;334485,5;536873,9;378630,2;678535,2;55680,6;168401,4;154480,3;781044,8;705530,4;664451,7;677635,4;189250,0;238735,8;373910,4;205559,8;354415,2;553153,1;984056,5;1097294,8;176725,5;73528,8;567327,3;339847,4;192604,9;229640,3;711940,6;522434,1;277375,4;591272,2;373599,3;689581,3;699203,8;687672,1;860759,9;380341,8;575813,8;1096225,4;46575,4;;695058,8;312207,0;800533,1;696185,3;190708,9;731073,2;605444,8;481286,8;518048,9;106633,8;151743,7;205571,7;660603,8;344344,2;838228,0;949818,6;450048,8;1051481,6;666570,9;902535,5;669152,3;591196,3;360005,6;990152,6;867414,2;562461,2;583926,7;626698,6;407333,1;647891,1;838380,7;449015,8;770417,4;575933,3;1095109,6;393654,4;577578,9;179259,1;320608,8;581953,8;164261,5;739844,5;100103,0;645242,9;570982,9;576847,4;832155,9;599296,8;425600,2;654463,6;358808,4;389122,0;832692,2;1169410,5;689290,6;273068,5;745760,9;669433,3;;588027,2;739451,2;506499,0;302807,0;286786,8;744250,9;;853640,9;499747,6;673361,0;669574,1;607762,1
Bonfim do Piauí;289873,2;478720,9;462435,0;415321,3;402557,9;555110,3;604805,9;289545,1;403292,9;439813,1;10195,6;434853,1;450260,4;321466,1;399508,7;560223,6;220855,2;373296,5;400674,4;723455,0;417506,1;491924,6;745073,4;212296,1;344362,1;561804,5;298828,7;338490,9;708002,3;365454,3;359087,0;850296,2;0,0;682553,9;731288,9;161517,4;851923,6;611203,4;682705,5;375272,2;894274,2;383818,2;230332,5;192477,7;384529,5;758654,9;644486,3;393925,4;167380,1;694234,8;203134,3;50577,6;820818,8;375322,2;585360,4;861831,2;794956,8;675519,8;815540,8;627090,7;269340,4;297539,9;252228,5;98486,2;360841,9;368597,9;225410,0;248149,9;268760,1;355781,5;525416,6;564689,1;81088,7;375608,7;;771372,2;440141,2;246847,4;794575,0;44172,1;199951,1;271727,2;353592,3;401629,5;379850,3;414308,2;368477,6;439435,9;331302,5;418881,8;410952,1;83396,9;464995,4;896270,9;404344,9;350565,2;237659,9;292814,2;247257,3;282972,5;332287,8;437233,4;689073,4;368409,4;136918,8;807766,9;813470,6;629220,7;660793,3;259213,3;26547,4;671059,6;744214,1;237263,7;533330,2;454669,7;473972,4;369528,5;885876,2;771096,9;781899,6;277107,7;390570,4;439593,3;323365,9;763754,1;706437,9;487344,8;779873,9;527377,7;401561,7;326206,5;169981,1;756823,0;866147,8;377261,2;528380,0;665049,1;714176,4;228316,3;442841,2;681014,2;302844,7;485419,3;369578,7;212812,5;168809,6;224928,9;487390,5;346644,4;305080,6;895205,5;;278172,7;569406,8;338902,9;192529,8;765023,1;186359,6;355888,1;484479,1;425375,4;760468,0;726057,9;736598,7;435745,4;559915,4;251306,7;291968,6;441606,4;318196,9;228172,3;557784,3;213698,7;322452,0;504775,5;420506,4;190458,4;368914,2;368144,6;359858,5;450214,6;265148,7;15206,6;472858,8;268527,9;359979,8;437259,7;459198,2;386637,4;809235,9;537207,6;336542,9;761665,3;139930,3;777478,8;246471,5;372104,8;420476,8;42581,0;388084,2;528213,1;258123,3;566342,8;491143,9;27762,0;338919,2;344539,4;715486,9;378576,3;207587,3;;358347,9;133346,1;377454,9;572849,2;622432,1;399499,7;;43394,4;388329,8;268817,1;402734,0;305552,8
Boqueirão do Piauí;636266,5;204767,3;224226,5;514542,0;501778,5;149102,6;80598,0;625862,8;292312,8;244376,8;683789,1;522987,8;321008,8;454094,0;359045,4;242511,1;909298,6;751032,6;344472,7;94121,8;907736,6;212485,2;95701,3;508937,8;496745,3;156020,6;543763,6;632501,6;27254,2;443702,2;788239,4;202248,3;683477,1;0,0;83241,0;537445,6;203875,7;202779,8;58255,4;387821,1;246226,3;531158,8;545603,0;620500,0;483750,1;129321,7;53071,6;461918,0;518623,2;46186,9;631156,6;725046,2;172770,9;581895,3;144073,3;196478,9;146908,9;27471,8;167492,9;74774,1;605658,1;433857,2;548103,6;698461,2;964280,8;1003328,4;671258,8;879595,2;733284,2;622144,3;207260,0;139869,8;705564,2;410464,9;;123324,4;314598,2;604252,1;145202,9;686799,2;507588,4;466161,3;333752,4;320175,5;339387,0;513528,9;467698,2;538656,5;447909,5;909112,4;468434,2;757865,6;236753,7;248223,0;373856,1;399436,2;543361,6;486610,7;488517,2;582836,9;484532,7;264173,4;78561,7;425891,5;602987,8;158394,9;164098,6;83236,5;134161,2;902105,1;701016,0;72877,6;96166,2;696525,0;166866,0;369254,5;211010,8;510915,8;237828,3;169215,0;163359,4;613425,4;537911,0;496832,3;510016,0;164134,7;156831,4;206291,0;131826,1;186795,7;500782,3;816437,1;929675,3;125699,9;200805,5;399707,9;172228,0;18199,2;117355,3;544321,1;354814,7;109756,0;423652,8;205979,9;521961,9;531584,4;520052,7;693140,5;212722,3;408194,4;928605,9;247157,6;;527439,3;144587,5;632913,6;528565,9;116975,2;563453,8;437825,4;311022,9;374945,3;112420,1;78010,0;130327,1;492984,4;176724,8;670608,6;782199,1;282429,3;883862,2;498951,4;734916,1;501532,8;423576,9;192386,2;822533,1;699794,8;394841,8;416307,2;459079,1;239713,6;480271,7;670761,2;281396,4;602798,1;408313,9;927490,2;226035,0;409959,4;161188,1;152989,4;414334,3;129299,4;572225,1;129430,9;477623,4;403363,4;519697,4;664536,5;431677,3;257980,7;486844,2;191189,0;221502,5;665072,8;1001791,0;521671,2;105449,1;578141,4;501813,9;;420407,8;571831,8;338879,6;135187,6;175773,6;576631,4;;686021,5;332128,2;505741,6;501954,7;440142,7
Brasileira;684971,5;253472,3;272931,5;563247,0;550483,6;197807,6;129303,0;674567,8;341017,9;293081,8;732494,1;571692,8;369713,8;502799,1;407750,4;291216,1;958003,6;799737,6;393177,8;109965,6;956441,7;261190,2;59119,8;557642,8;545450,3;204725,6;592468,6;681206,7;62739,4;492407,3;836944,4;123368,9;732182,1;83180,4;0,0;586150,6;124996,4;251484,8;103285,9;436526,1;167347,0;579863,8;594308,0;669205,1;532455,1;104858,8;101776,6;510623,0;567328,2;54515,2;679861,7;773751,2;93891,5;630600,3;192778,4;134904,0;68029,6;65002,6;88613,6;123479,1;654363,1;482562,2;596808,7;747166,2;1012985,8;1052033,4;719963,8;928300,3;781989,2;670849,3;255965,0;188574,8;754269,2;459169,9;;65369,6;363303,2;652957,1;108621,4;735504,2;556293,4;514866,4;382457,4;368880,5;388092,0;562233,9;516403,2;587361,6;496614,5;957817,4;517139,2;806570,6;285458,7;169343,7;422561,1;448141,2;592066,7;535315,7;537222,2;631542,0;533237,7;312878,5;127266,8;474596,5;651692,8;121813,3;127517,0;166805,2;125437,8;950810,1;749721,0;133137,9;41650,3;745230,0;215571,1;417959,5;259715,8;559620,8;158949,0;132633,5;126777,8;662130,4;586616,0;545537,3;558721,1;137809,8;172675,2;254996,0;86645,4;235500,8;549487,4;865142,1;978380,3;89118,3;139220,5;448412,9;220933,0;73690,5;133199,1;593026,2;403519,8;158461,0;472357,8;254684,9;570666,9;580289,4;568757,7;741845,5;261427,4;456899,4;977311,0;168278,2;;576144,4;193292,6;681618,7;577270,9;71794,5;612158,9;486530,4;359727,9;409250,3;33540,7;32829,3;132287,3;541689,4;225429,8;719313,6;830904,2;331134,4;932567,2;547656,4;783621,1;550237,9;472281,9;241091,2;871238,1;748499,9;443546,8;465012,3;507784,1;288418,7;528976,8;719466,3;330101,4;651503,1;457018,9;976195,2;274740,0;458664,4;103233,3;201694,4;463039,3;92717,8;620930,1;50551,5;526328,5;452068,5;568402,4;713241,6;480382,3;306685,8;535549,2;239894,0;270207,6;713777,8;1050496,0;570376,2;154154,1;626846,4;550518,9;;469112,8;620536,8;387584,6;183892,6;224478,7;625336,5;;734726,5;380833,2;554446,6;550659,7;488847,7
Brejo do Piauí;231985,7;332710,6;316424,7;357433,9;344670,5;409100,1;458795,6;143534,9;257282,7;293802,9;161890,2;288842,8;392373,0;263578,7;253498,4;502336,2;426970,6;359180,1;314088,2;577444,8;425408,7;345914,3;599063,1;154408,7;286474,6;415794,2;152818,4;280603,4;561992,0;307566,9;366989,6;704285,9;161578,2;536543,6;585278,6;0,0;705913,3;553316,0;536695,2;282274,1;748264,0;325930,7;172445,1;134590,2;326642,0;612644,6;498476,1;247915,2;21369,9;548224,5;145246,9;203147,3;674808,5;317434,7;527472,9;715821,0;648946,5;529509,5;669530,5;481080,4;123330,1;239652,5;194341,1;176562,3;481952,8;521000,5;188930,9;397267,3;276662,8;297894,1;379406,3;418678,8;183665,3;317721,2;;625362,0;376600,5;100837,1;648564,7;164900,3;53940,8;213839,8;207582,0;338931,4;233840,0;356420,8;310590,2;381548,5;273415,1;426784,4;264941,8;235966,7;318985,2;750260,6;346457,5;292677,8;179772,4;234926,8;101247,0;225085,0;274400,3;291223,2;543063,1;222399,1;113421,9;661756,6;667460,4;483210,4;598188,7;419777,2;179117,1;525049,3;598203,9;216739,9;387320,0;396782,2;327962,2;223518,2;739866,0;625086,6;635889,3;131097,4;332683,0;293583,0;265478,4;617743,8;560427,6;341334,5;633863,7;381367,4;343674,2;334109,1;322550,8;610812,8;720137,5;231251,0;382369,7;519038,8;568166,2;170428,9;384953,8;535003,9;244957,2;339409,0;311691,3;129412,9;22799,3;210812,5;341380,2;288756,9;446278,0;749195,2;;220285,2;423396,6;281015,4;46519,5;619012,8;128472,1;298000,7;426591,6;367488,0;614457,7;580047,6;590588,4;289735,1;413905,1;193419,2;299871,2;295596,1;401534,2;82162,0;411774,0;67688,4;264564,6;420359,4;499391,1;217466,9;289294,8;310257,2;301971,0;304204,3;207261,2;148862,4;405618,4;210640,5;239856,9;445162,3;313187,9;328750,0;663225,7;458636,8;278655,5;615655,0;79380,9;631468,5;100461,3;314217,4;362589,3;142637,6;330196,8;382202,8;128914,0;508455,3;345133,6;143173,9;519463,1;198529,2;569476,6;320688,9;149699,9;;300460,5;49932,9;287911,9;426839,0;476421,8;253489,5;;164122,6;301743,7;210929,7;344846,6;247665,3
Buriti dos Lopes;805553,2;374054,0;393513,2;683828,6;671065,2;318389,3;249884,7;795149,5;461599,5;413663,5;853075,8;692274,5;490295,5;623380,8;528332,1;411797,8;1078585,2;920319,3;513759,4;204216,9;1077023,4;381771,9;148039,1;678224,5;666031,9;325307,3;713050,2;801788,3;172032,0;612988,9;957526,1;24138,9;852763,8;203762,1;124943,3;706732,3;0,0;372066,4;197537,1;557107,8;65539,8;700445,4;714889,7;789786,7;653036,8;170106,6;222358,2;631204,7;687909,9;175096,9;800443,3;894332,9;67395,5;751182,0;313360,0;46852,9;60512,3;185584,3;69879,1;244060,8;774944,8;603143,9;717390,3;867747,9;1133567,5;1172615,1;840545,5;1048882,0;902570,9;791431,0;376546,7;309156,5;874850,9;579751,6;;177025,3;483884,9;773538,8;99887,4;856085,9;676875,1;635448,1;503039,1;489462,2;508673,7;682815,6;636984,9;634625,9;617196,2;1078399,1;637720,9;927152,2;406040,4;48642,1;543142,8;568722,9;712648,3;655897,4;657803,9;752123,7;653819,4;433460,1;247848,4;595178,2;772274,5;113079,3;119133,5;257505,6;246019,5;1071391,8;870302,7;227389,2;162232,0;865811,7;336152,8;538541,2;380297,5;680202,5;60662,8;146042,0;132121,0;782712,1;707197,7;666119,0;679302,7;166890,7;216376,4;375577,7;207227,0;356082,4;574960,8;985723,8;1098962,0;154366,1;51169,4;568994,6;341514,7;194272,1;207281,0;713607,8;524101,4;279042,7;592939,4;375266,6;691248,6;700871,1;689339,4;862427,2;382009,0;577481,1;1097892,6;47576,7;;696726,1;313874,2;802200,4;697852,6;192376,2;732740,6;607112,1;503094,6;539856,6;108301,1;153411,0;183212,4;662271,1;346011,5;839895,2;951485,9;451716,0;1053148,9;668238,1;904202,8;670819,6;592863,6;361672,9;991819,8;869081,5;564128,5;585593,9;628365,8;409000,3;649558,4;840048,0;450683,1;772084,8;577600,6;1096776,9;395321,7;579246,1;167573,3;322276,1;583621,0;141902,2;741511,8;101770,2;646910,1;572650,1;688984,1;833823,2;600964,0;427267,4;656130,9;360475,7;390789,2;834359,4;1171077,8;690957,9;274735,8;747428,1;671100,6;;589694,5;741118,5;508166,2;304474,3;295406,4;745918,1;;855308,2;501414,8;675028,2;671241,4;609429,4
Buriti dos Montes;497194,4;328068,4;321784,6;323578,7;346518,4;185437,1;202164,8;674948,6;389957,7;342021,6;613959,5;572073,6;225511,3;315022,0;304569,9;124537,6;958384,4;800118,4;242108,7;269606,0;956822,4;315627,8;302386,5;412150,7;357673,2;192355,1;592849,4;493429,6;228159,2;304630,2;837325,2;370453,1;611158,2;202710,8;251445,8;553216,0;372080,5;0,0;228856,5;345775,4;414431,1;375898,6;406530,9;523712,9;328490,0;304805,9;159065,4;511003,8;567709,1;214391,7;534369,5;655216,6;340975,7;426635,2;58859,0;381988,1;315113,7;195676,6;335697,7;196340,8;654743,9;337070,0;410332,8;626142,4;1013366,6;1052414,2;720344,6;928681,1;782370,1;466884,2;328826,8;261436,5;633245,4;271392,9;;291529,2;245099,0;653337,9;351888,2;614480,4;476349,5;327089,3;424999,7;287713,3;325226,6;358268,8;321803,4;347615,3;308837,4;958198,2;517520,1;688036,0;314658,8;416427,8;234784,0;260364,1;404289,6;347538,6;459914,5;443764,9;345460,6;338350,1;169186,0;474977,3;506200,7;365080,1;370783,8;239667,0;134291,9;951190,9;631186,4;242345,8;216349,0;557452,9;288432,8;192274,4;326677,6;560001,6;406033,1;375900,3;370044,6;662511,2;382650,9;545918,1;370943,9;339618,9;332315,6;338579,6;197763,2;308362,5;287950,2;865522,9;774620,2;332385,1;386304,6;375417,8;293794,8;185206,0;292839,5;447534,0;218900,7;114071,8;326865,6;319848,3;386789,8;424551,5;569138,5;742226,3;334289,1;269122,3;977691,8;415362,4;;388367,3;266154,3;473592,5;577651,7;187145,5;456421,0;298753,3;216083,9;252846,0;280624,8;246214,8;305811,3;542070,2;213059,3;531536,5;831285,0;336745,2;932948,0;433944,6;784001,9;550618,7;284504,8;168868,6;871618,9;748880,6;339417,4;277235,2;318274,9;335159,0;341199,7;600931,8;183570,2;463726,0;346937,0;976576,0;323961,7;270887,4;252805,4;129471,8;275262,2;335984,6;475438,0;297635,7;412616,7;264291,4;311644,5;592217,7;224997,7;309138,8;384730,9;73215,4;343069,3;592753,9;1050876,9;570757,0;127836,4;422881,3;405026,8;;281335,8;620917,6;271103,2;256754,4;297340,4;625717,2;;613702,6;251894,8;366669,5;346694,5;301070,6
Cabeceiras do Piauí;631704,1;200204,9;219664,1;509979,6;497216,2;164156,2;95651,6;621300,4;287750,5;239814,5;679226,7;518425,4;316446,5;449531,7;354483,1;268624,5;904736,2;746470,2;339910,4;52071,9;903174,2;207922,8;73690,3;504375,4;492182,9;171074,2;539201,2;627939,3;60105,1;439139,9;783677,1;195949,5;678914,8;58255,4;103269,7;532883,2;197576,9;228893,1;0,0;383258,7;239927,6;526596,4;541040,6;615937,7;479187,8;87271,9;69955,8;457355,7;514060,9;118997,2;626594,2;720483,8;166105,7;577332,9;170186,7;174467,9;140610,1;100282,1;161194,1;91658,3;601095,7;429294,8;543541,3;693898,8;959718,4;998766,1;666696,4;875032,9;728721,9;617581,9;182915,3;135307,4;701001,8;405902,6;;145727,9;310035,8;599689,7;123191,9;682236,9;503026,0;461599,0;329190,0;315613,2;334824,6;508966,5;463135,9;534094,2;443347,2;904550,0;463871,9;753303,2;232191,3;245849,0;369293,7;394873,8;538799,2;482048,3;483954,8;578274,6;479970,3;259611,1;113835,8;421329,2;598425,4;136383,8;142087,6;71290,9;168961,3;897542,8;696453,6;21419,3;119529,4;691962,6;162303,7;364692,1;206448,5;506353,4;231529,6;129427,7;141348,3;608863,0;533348,6;492269,9;505453,7;122084,8;82069,9;201728,7;156922,7;182233,4;496220,0;811874,7;925112,9;85439,9;178794,5;395145,5;158550,6;89811,5;67538,9;539758,8;350252,3;135869,3;419090,4;201417,5;517399,6;527022,0;515490,3;688578,1;199045,0;403632,0;924043,6;244783,5;;522877,0;140025,2;628351,3;524003,5;142071,8;558891,5;433263,0;337136,3;401058,7;95917,4;103106,7;88277,2;488422,0;191778,4;666046,2;777636,8;277867,0;879299,8;494389,1;730353,7;496970,5;419014,5;291575,0;817970,8;695232,4;390279,4;411744,9;454516,8;235151,3;475709,3;666198,9;276834,0;598235,7;403751,5;922927,9;221472,6;405397,1;183591,6;169873,7;409771,9;90282,2;567662,8;121467,3;473061,1;398801,1;515135,0;659974,2;427115,0;253418,4;482281,8;217302,3;203527,3;660510,4;997228,7;517108,8;140249,2;573579,1;497251,5;;415845,4;567269,4;334317,2;116029,1;83822,2;572069,1;;681459,1;327565,8;501179,2;497392,3;435580,3
Cajazeiras do Piauí;335917,3;182965,2;166679,2;214192,8;201429,3;252835,2;309050,2;370611,7;107537,2;144057,4;377950,1;267736,7;184767,5;153744,8;28769,3;294730,6;654047,4;495781,5;91285,3;427699,2;652485,6;196168,8;449317,6;176141,2;196396,1;255905,6;288512,5;332152,4;412246,5;157131,9;532988,4;554540,4;375148,8;386798,1;435533,1;282194,6;556167,9;345710,5;386949,8;0,0;598518,5;230809,5;190361,4;287703,4;183400,9;462899,2;348730,6;206666,9;263372,2;398479,1;298360,1;419207,2;525063,0;281546,1;319867,4;566075,5;499201,1;379764,0;519785,0;331335,0;350407,0;101060,6;215307,1;390132,9;709029,7;748077,3;416007,8;624344,2;478033,2;321795,1;229660,9;268933,3;397235,9;110115,7;;475616,5;130752,1;349001,0;498819,2;378471,0;252337,3;154769,1;78501,3;61645,3;53875,6;213179,7;167349,0;238307,3;147560,3;653861,3;213183,2;452026,6;169239,7;600515,2;138851,9;85072,2;197688,7;186261,5;233266,1;282487,8;184183,5;114136,7;393317,6;170640,4;270191,2;512011,2;517714,9;333464,9;395300,4;646854,0;395177,0;375303,8;448458,4;396175,8;237574,5;189176,7;178216,7;255664,7;590120,5;475341,2;486143,8;358174,3;237561,8;241581,2;209666,8;467998,3;410682,1;191589,1;484118,2;231621,9;200433,1;561186,0;674424,2;461067,2;570392,0;67864,0;232624,2;369293,3;418420,7;211524,6;119624,9;385258,4;90856,2;189663,5;221612,7;188542,1;264801,6;437889,4;191634,8;107845,2;673354,9;599449,8;;227090,1;273651,1;332564,4;273314,8;469267,3;220411,6;137476,2;283350,5;224246,9;464712,2;430302,2;440842,9;237733,3;213927,6;370259,3;526948,1;104916,6;628611,1;145999,0;479665,0;246281,8;102859,6;196418,1;567282,1;444543,8;7023,8;140321,6;158729,9;154458,9;140263,7;364922,3;163469,7;231606,5;46652,5;672239,1;163442,4;172011,1;513480,2;228850,2;71049,9;465909,5;239428,5;481723,0;124671,0;162715,8;219348,2;356208,2;179761,8;182225,2;148721,5;300849,8;195388,1;356744,5;746539,9;266420,1;419731,1;277792,2;169017,3;;148958,8;316580,7;37202,9;277093,5;326676,4;321380,4;;377693,2;78940,7;205392,3;201605,5;118941,2
Cajueiro da Praia;847877,4;416378,2;435837,4;632773,1;713389,5;360713,5;292209,0;837473,8;503923,8;455987,8;895400,0;734598,8;532619,8;665705,0;570656,4;454122,1;1120909,5;962643,6;556083,7;246541,1;1119347,6;424096,2;224893,7;720548,8;708356,2;367631,5;755374,5;844112,6;214356,3;655313,2;999850,4;60588,9;895088,1;246086,3;167267,6;749056,6;65527,5;414390,7;239861,4;599432,1;0,0;742769,7;757213,9;832111,0;695361,1;246961,2;264682,5;673528,9;730234,2;217421,2;842767,6;936657,1;145145,6;793506,2;355684,3;123707,5;99702,7;227908,5;92462,9;286385,0;817269,0;645468,1;759714,6;910072,2;1175891,8;1214939,4;882869,8;1091206,2;944895,2;833755,2;418871,0;351480,7;917175,1;622075,9;;219349,6;526209,1;815863,0;176742,0;898410,2;719199,3;677772,3;545363,4;531786,4;550997,9;725139,8;679309,2;656809,8;659520,4;1120723,4;680045,2;969476,5;448364,6;65447,1;585467,1;611047,1;754972,6;698221,6;700128,1;794447,9;696143,6;475784,4;290172,7;637502,4;814598,8;189933,9;195988,1;299829,9;288343,8;1113716,0;912626,9;269713,4;204556,2;908135,9;378477,0;580865,4;422621,8;722526,8;8398,6;222896,6;208975,6;825036,3;749521,9;708443,2;721626,9;229643,0;293231,0;417902,0;249551,3;398406,7;597144,6;1028048,0;1141286,2;231220,7;128024,0;611318,8;383838,9;236596,4;284135,6;755932,1;566425,7;321366,9;635263,7;417590,9;733572,9;743195,3;731663,6;904751,4;424333,3;619805,3;1140216,9;47389,8;;739050,3;356198,5;844524,6;740176,9;234700,4;775064,8;649436,4;525278,4;562040,4;150625,3;195735,2;260066,9;704595,3;388335,7;882219,5;993810,1;494040,3;1095473,1;710562,4;946527,0;713143,8;635187,9;403997,2;1034144,1;911405,8;606452,8;627918,2;670690,1;451324,6;691882,6;882372,2;493007,3;814409,0;619924,8;1139101,1;437645,9;621570,4;223250,6;364600,4;625945,2;218756,7;783836,1;144094,5;689234,4;614974,4;620838,9;876147,5;643288,2;469591,7;698455,1;402799,9;433113,5;876683,7;1213402,0;733282,1;317060,0;789752,4;713424,9;;632018,8;783442,8;550490,5;346798,6;372261,0;788242,4;;897632,4;543739,1;717352,5;713565,6;651753,6
Caldeirão Grande do Piauí;211789,8;333647,5;327363,7;73588,2;48869,6;385328,0;452292,1;560045,3;359797,0;319971,7;386573,3;457170,3;231090,4;125932,1;259638,4;277932,6;843481,1;685215,1;246879,1;570941,2;841919,1;321206,9;592559,6;184764,5;40735,3;388398,3;477946,1;123242,8;555488,5;113156,2;722421,9;697782,4;383772,1;530040,1;578775,1;325829,8;699409,8;376094,5;530191,8;230872,1;741760,5;0,0;154828,1;258754,2;54052,9;606141,2;491972,6;396100,5;325091,8;541721,0;307934,1;427830,5;668305,0;57648,6;366190,3;709317,5;642443,1;523006,0;663027,0;474576,9;539840,6;222166,7;192844,0;398756,2;898463,3;937510,9;605441,3;813777,8;667466,8;97897,6;372902,8;412175,3;405859,2;131501,9;;618858,5;249869,5;538434,6;642061,2;387094,2;306749,0;177031,1;310096,3;257229,4;284744,6;20531,7;71416,8;55522,4;105553,2;843294,9;402616,8;460649,8;320237,9;743757,1;185174,8;174982,4;152586,8;104445,0;345011,2;158360,3;74313,4;310866,7;476517,4;360074,0;278814,5;655253,1;660956,9;476706,9;441623,3;836287,6;403800,2;518545,8;591700,4;272048,3;380816,5;188746,4;332256,7;445098,3;733362,5;618583,1;629385,8;547607,9;14593,6;431014,8;84941,7;611240,2;553924,1;344158,7;455996,2;374863,9;99272,4;750619,6;547234,0;604309,2;713634,0;260514,5;407501,6;512535,3;561662,7;229718,8;223671,2;421403,1;211962,3;325427,4;24041,8;229949,2;326521,2;627323,0;397143,5;130202,4;862788,4;742691,8;;130196,7;416893,1;104605,9;462748,4;494476,8;260646,1;112514,1;182189,8;123086,2;607954,2;573544,1;584084,9;427166,9;346420,3;246131,9;716381,7;301646,5;818044,7;319041,3;669098,6;435715,4;152467,3;285605,5;756715,6;633977,3;224514,1;124770,6;83787,8;340738,1;209162,1;373545,6;300307,1;178321,4;232033,7;861672,7;329540,8;141752,9;523665,5;318037,6;160358,9;609151,5;248051,8;624965,0;297713,3;127220,3;66788,4;364831,5;135786,0;314718,0;269827,6;347172,7;375946,4;365367,8;935973,5;455853,7;435167,8;53894,7;177351,8;;113463,4;360558,4;233054,7;420335,5;469918,3;510814,0;;386316,5;243929,6;115904,9;40249,0;169033,1
Campinas do Piauí;175739,9;348067,9;302081,1;186367,7;173604,2;399748,3;466712,5;313525,2;302830,5;279459,2;233124,1;400203,8;245510,7;92512,5;219126,0;355473,9;444658,8;529170,4;215761,8;585361,6;595399,1;335627,3;606979,9;31315,2;115408,4;402818,7;322808,8;171975,1;569908,9;136500,7;536979,9;712202,8;230322,9;544460,4;593195,5;172380,6;713830,2;406453,8;544612,1;190359,7;756180,8;154864,5;0,0;142877,5;155575,8;620561,5;506392,9;339134,0;171642,5;556141,4;153534,1;274381,2;682725,4;146495,4;380610,7;723737,9;656863,4;537426,4;677447,4;488997,3;293320,5;112627,3;40599,8;245307,0;651943,2;690990,8;358921,2;567257,7;446653,1;189265,7;387323,2;426595,7;252410,0;145922,3;;633278,9;255228,7;270827,5;656481,6;233645,0;153299,8;56862,1;253129,9;216717,0;279387,8;185354,6;139524,0;210482,2;102348,9;596774,8;345650,2;307200,6;334658,2;758177,5;199595,2;165652,6;8706,2;63860,6;182294,9;71343,8;103334,1;270354,2;490937,7;303107,5;125365,3;669673,5;675377,2;491127,3;456043,7;589767,5;250351,0;532966,2;606120,7;176849,0;395236,8;249920,0;346677,1;388131,8;747782,8;633003,5;643806,2;301087,8;161616,8;374048,3;94412,2;625660,6;568344,4;358579,1;519515,0;389284,2;172608,1;504099,5;393784,8;618729,6;728054,3;203548,1;427917,6;526955,7;576083,1;66698,6;238091,5;435823,5;117932,1;339847,8;140625,1;76500,0;173072,0;380802,9;386928,1;144622,8;616268,4;757112,1;;49219,0;431313,4;172387,1;216509,9;508897,2;107196,9;126934,5;255525,4;196421,8;622374,6;587964,5;598505,3;370200,4;360840,7;153528,3;469861,6;261134,1;571524,6;138130,1;581764,4;200289,4;107586,8;300025,8;669381,5;387457,2;184001,7;139191,0;130904,8;289860,7;50283,5;220096,3;314727,5;56899,2;175067,2;615152,6;298844,3;157683,8;671142,6;332457,9;151630,3;623571,9;94602,6;639385,4;134171,7;143151,2;191523,1;211382,3;159130,6;329138,3;106286,0;361593,1;330790,0;211918,5;689453,4;368519,5;449588,1;149749,6;23902,5;;129394,3;207109,1;192542,3;434755,8;484338,7;423479,8;;232867,2;203417,2;39863,5;173780,4;90687,6
Campo Alegre do Fidalgo;99051,9;415784,1;399498,1;268882,1;256118,7;474728,8;541693,0;275679,7;400247,5;376876,3;195278,6;420987,7;362764,9;278065,4;316543,0;472728,1;406813,3;491324,9;313178,9;660342,1;557553,6;410607,8;681960,4;124800,6;219397,6;477799,2;284963,2;147669,6;644889,4;274213,6;499134,5;787183,3;192477,4;619440,9;668176,0;134535,1;788810,7;523707,9;619592,6;287776,7;831161,3;258853,7;142837,0;0,0;234143,6;695542,0;581373,4;380060,0;153514,7;631121,9;50836,2;236535,7;757705,9;192468,8;497864,9;798718,4;731843,9;612406,8;752427,9;563977,8;255475,0;210044,4;83197,4;207461,5;614097,7;653145,3;321075,8;529412,2;408807,6;164960,2;462303,7;501576,2;214564,5;283635,2;;708259,4;352645,7;232982,0;731462,1;195799,5;186085,7;184231,7;350546,9;314134,0;376804,9;250922,5;252618,9;292996,7;242360,3;558929,3;397086,7;269355,1;402058,6;833158,0;316849,4;263069,7;150164,3;205318,7;233391,9;83119,4;213138,9;367771,3;625960,4;354544,0;87519,8;744654,0;750357,8;566107,8;573297,8;551922,0;212505,5;607946,7;681101,2;83806,1;470217,3;367174,1;411035,6;355663,1;822763,3;707984,0;718786,7;263242,3;265606,0;425727,9;198401,4;700641,1;643324,9;433559,6;636769,1;464264,8;280474,6;466254,0;355939,2;693710,1;803034,8;300965,1;525334,6;601936,2;651063,6;45773,7;355345,7;553077,6;215349,1;414828,3;244614,3;125316,9;154944,2;342957,4;484345,2;282335,7;578422,9;832092,6;;103393,5;506293,9;148081,6;178664,4;626151,4;98864,1;264647,4;363391,9;304288,3;697355,1;662945,0;673485,8;421880,0;435821,2;60485,4;432016,1;358551,2;533679,1;160825,8;543918,9;199833,3;234956,5;417280,0;631536,0;349611,8;281418,7;276903,9;268617,8;387277,8;177653,2;182250,8;385363,2;62755,8;272484,3;577307,1;396261,3;295396,7;746123,1;449712,1;249047,4;698552,4;56757,1;714365,9;198513,5;280864,1;274037,5;173536,8;296843,5;404118,8;170627,8;478847,2;428207,0;174073,0;651607,9;330674,0;566842,2;200225,9;120091,8;;267107,2;169263,6;289959,3;509736,3;559319,2;385634,3;;195021,7;300834,3;181321,6;256294,8;218057,2
Campo Grande do Piauí;187088,0;286238,9;279955,1;37436,1;24672,7;337919,3;404883,5;512636,7;312388,3;272563,0;387583,2;409761,7;183681,7;78523,5;212229,7;230524,0;796072,4;637806,4;199470,5;523532,6;794510,5;273798,3;545150,9;185774,4;46064,8;340989,7;430537,4;183323,1;508079,9;65747,5;675013,3;650373,8;384782,0;482631,5;531366,5;326839,7;652001,2;328685,8;482783,1;183463,5;694351,8;54052,9;155838,0;234052,4;0,0;558732,5;444563,9;348691,9;326101,7;494312,4;283232,2;428840,3;620896,4;104789,4;318781,7;661908,9;595034,4;475597,3;615618,4;427168,3;492431,9;174758,1;168142,1;399766,1;851054,6;890102,2;558032,7;766369,1;620058,1;145038,5;325494,2;364766,7;406869,1;84093,3;;571449,9;202460,8;491025,9;594652,6;388104,1;307758,9;129622,4;262687,7;209820,7;237336,0;36423,0;24008,2;61550,7;58144,5;795886,2;355208,1;461659,7;272829,2;696348,5;137766,2;127573,8;153596,6;96845,7;297602,5;133658,5;49611,5;263458,0;429108,7;312665,4;279824,3;607844,5;613548,2;429298,3;394214,7;788879,0;404810,1;471137,2;544291,7;247346,5;333407,8;141337,8;284848,1;397689,7;685953,8;571174,5;581977,2;500199,2;60805,1;383606,2;60239,9;563831,6;506515,5;296750,1;408587,6;327455,2;51863,8;703210,9;548243,9;556900,6;666225,3;213105,9;360092,9;465126,7;514254,0;221157,7;176262,5;373994,5;164553,7;278018,8;64944,0;230959,1;327531,1;579914,4;349734,8;82793,8;815379,8;695283,1;;105494,8;369484,4;151746,8;415339,8;447068,2;261656,0;65105,5;134781,2;75677,5;560545,6;526135,5;536676,3;379758,2;299011,7;221430,1;668973,0;254237,9;770636,1;271632,7;621689,9;388306,7;105058,7;238196,8;709307,0;586568,7;177105,4;77362,0;36379,2;293329,5;161753,5;374555,4;252898,5;153619,5;184625,0;814264,1;282132,2;94344,3;476256,8;270628,9;112950,3;561742,9;249061,7;577556,4;250304,7;79811,7;42591,5;365841,4;88377,4;267309,3;222419,0;299764,1;328537,7;366377,6;888564,9;408445,0;387759,1;101035,6;178361,6;;66054,7;361568,2;185646,1;372926,8;422509,7;463405,3;;387326,3;196521,0;115976,6;24848,8;121624,5
Campo Largo do Piauí;707693,1;276193,9;295653,1;585968,6;573205,2;240145,2;171640,7;697289,4;363739,5;315803,5;755215,8;594414,4;392435,5;525520,7;430472,1;344613,5;980725,2;822459,2;415899,4;52631,4;979163,3;283911,9;51147,7;580364,4;568171,9;247063,2;615190,2;703928,3;102126,3;515128,9;859666,1;189489,8;754903,8;129380,4;104853,6;608872,2;167155,5;304882,1;87311,4;459247,8;243796,9;602585,4;617029,6;691926,7;555176,8;0,0;145944,9;533344,7;590049,9;151190,5;702583,3;796472,9;111069,0;653321,9;246175,7;128200,5;140703,6;161677,8;161287,6;167647,4;677084,7;505283,8;619530,3;769887,9;1035707,4;1074755,0;742685,5;951021,9;804710,9;693571,0;258904,3;211296,4;776990,9;481891,6;;167042,4;386024,8;675678,8;76924,5;758225,9;579015,1;537588,0;405179,1;391602,2;410813,7;584955,5;539124,9;610083,2;519336,2;980539,1;539860,9;829292,2;308180,3;199581,5;445282,8;470862,8;614788,3;558037,3;559943,9;654263,6;555959,3;335600,1;189824,8;497318,2;674414,4;90116,4;56276,7;147279,9;222113,0;973531,8;772442,6;87835,8;140843,8;767951,6;238292,7;440681,2;282437,5;582342,5;238919,9;31336,7;42139,3;684852,1;609337,7;568258,9;581442,7;38471,6;65921,4;277717,7;183320,6;258222,4;572209,0;887863,7;1001101,9;24567,4;132527,1;471134,6;234539,6;170365,7;47283,3;615747,8;426241,4;211858,4;495079,4;277406,6;593388,6;603011,0;591479,4;764567,1;275034,0;479621,0;1000032,6;198516,1;;598866,0;216014,2;704340,3;599992,6;168469,7;634880,5;509252,1;413125,3;477047,7;96010,9;129504,6;37537,5;564411,1;267767,4;742035,2;853625,8;353856,0;955288,8;570378,1;806342,7;572959,5;495003,6;367564,0;893959,8;771221,5;466268,5;487733,9;530505,8;311140,3;551698,4;742187,9;352823,0;674224,7;479740,5;998916,9;297461,7;481386,1;183150,1;245862,7;485761,0;17861,5;643651,8;121560,8;549050,1;474790,1;591124,1;735963,2;503104,0;329407,4;558270,8;293291,4;279516,3;736499,4;1073217,6;593097,8;216238,3;649568,1;573240,6;;491834,5;643258,4;410306,2;192018,2;144951,4;648058,1;;757448,1;403554,8;577168,2;573381,3;511569,4
Campo Maior;598208,9;166709,7;186168,9;476484,4;463720,9;111045,0;42540,4;587805,2;254255,2;206319,2;645731,5;484930,2;282951,2;416036,4;320987,8;198848,5;871240,9;712975,0;306415,1;110703,2;869679,1;174427,6;152757,3;470880,2;458687,7;117963,0;505705,9;594444,1;78529,9;405644,7;750181,8;220823,8;645419,5;53081,5;101816,5;499388,0;222451,2;159117,1;69953,7;349763,5;264801,9;493101,2;507545,4;582442,4;445692,5;145903,1;0,0;423860,4;480565,6;64762,4;593099,1;686988,6;191346,4;543837,7;100410,7;232358,9;165484,4;46047,4;186068,4;36716,5;567600,4;395799,6;510046,1;660403,6;926223,2;965270,8;633201,2;841537,7;695226,6;584086,7;169202,4;101812,2;667506,6;372407,3;;141899,9;276540,6;566194,5;202258,9;648741,6;469530,8;428103,8;295694,8;282117,9;301329,4;475471,3;429640,6;500598,9;409851,9;871054,8;430376,6;719808,0;198696,1;266798,6;335798,5;361378,6;505304,0;448553,1;450459,6;544779,4;446475,1;226115,8;59601,0;387833,9;564930,2;215450,9;221154,6;80042,6;99185,4;864047,5;662958,4;83442,9;114741,8;658467,4;128808,4;266585,3;172953,2;472858,2;256403,9;188058,9;220415,3;575367,8;499853,4;458774,7;471958,4;180716,1;173412,8;168233,4;150401,6;148738,1;462724,8;778379,4;891617,7;182755,8;236675,4;361650,3;134170,3;35576,7;133936,7;506263,5;316757,1;66093,4;385595,2;167922,3;483904,3;493526,8;481995,1;655082,9;174664,7;370136,8;890548,4;265733,1;;489381,8;106529,9;594856,1;490508,3;135550,7;525396,2;399767,8;267360,3;331282,7;130995,6;96585,6;146908,5;454926,8;138667,2;632550,9;744141,6;244371,7;845804,6;460893,8;696858,4;463475,2;385519,3;154328,6;784475,5;661737,2;356784,2;378249,7;421021,5;201656,0;442214,1;632703,7;243338,8;564740,4;370256,2;889432,6;187977,4;371901,8;179763,6;114931,8;376276,7;148913,5;534167,5;148006,4;439565,8;365305,8;481639,8;626478,9;393619,7;219923,1;448786,6;147526,4;183444,9;627015,2;963733,4;483613,6;70473,3;540083,8;463756,3;;382350,2;533774,2;300822,0;97130,0;137716,0;538573,9;;647963,9;294070,6;467684,0;463897,1;402085,1
Canavieira;501139,1;257143,8;240857,8;379414,6;366651,2;333533,2;383228,8;178935,3;181715,8;218236,0;394089,0;109880,9;349989,3;318966,7;177931,5;459952,5;462371,1;304105,1;238521,3;501877,8;460809,2;270347,4;523496,2;324899,7;361617,9;340227,3;96836,1;497374,3;486425,1;322353,7;341312,0;628719,1;393777,0;460976,7;509711,7;247745,5;630346,4;510932,3;461128,3;206707,2;672697,1;396031,4;339119,9;379969,1;348622,8;537077,8;422909,2;0,0;246516,9;472657,6;390625,8;435346,1;599241,6;446767,9;485089,2;640254,1;573379,6;453942,6;593963,6;405513,6;158730,6;249819,1;364065,6;408761,1;517353,3;556400,9;224331,3;432667,8;286356,8;487016,9;303839,5;343111,9;415864,1;275337,6;;549795,1;301033,6;157324,6;572997,8;397099,2;228021,0;303527,7;132015,2;263364,5;158273,1;378401,5;332570,8;403529,2;312782,1;462184,9;72166,7;348487,7;243418,3;674693,8;304073,8;250294,1;346447,2;351483,3;208949,8;394809,5;349405,3;215656,3;467496,2;36020,5;358800,8;586189,8;591893,5;407643,5;522621,8;455177,6;411315,9;449482,4;522637,0;462118,8;311753,1;354398,5;252395,3;63988,3;664299,1;549519,8;560322,4;166497,9;402783,6;83725,4;374888,6;542176,9;484860,7;265767,7;558296,8;305800,5;365655,0;369509,6;482747,8;535245,9;644570,6;155684,1;306802,8;443471,9;492599,3;360283,1;342570,1;459437,0;218514,3;263842,1;386834,5;287560,5;247946,4;246213,0;265813,4;273067,0;481678,5;673628,3;;392312,0;347829,7;497786,3;248998,5;543445,9;319430,0;302698,0;448572,3;389468,7;538890,8;504480,8;515021,5;79877,5;338338,2;438798,1;335271,7;220029,2;436934,7;258986,8;287988,6;221965,5;265836,7;344792,5;375605,7;252867,3;213727,9;305543,4;323951,7;228637,5;289022,2;381061,2;330051,5;380365,0;164290,0;480562,7;237621,0;337233,0;587658,8;383069,9;236271,8;540088,1;324759,8;555901,6;233599,6;327937,6;384570,0;374836,5;344983,6;306635,9;242820,4;466071,6;269566,7;375372,7;554863,6;74743,7;493909,7;443014,0;317775,8;;314180,7;282131,7;212345,0;351272,1;400855,0;129704,0;;396321,4;226176,8;370614,2;366827,3;281918,3
Canto do Buriti;250989,3;313888,6;297602,7;356593,8;343830,4;390278,0;439973,6;142253,0;238460,6;274980,8;167713,6;287560,9;406734,1;262738,6;234676,4;516697,3;425688,7;357898,2;295266,2;558622,7;424126,8;327092,2;580241,1;173412,2;285634,6;396972,2;151536,5;299607,0;543169,9;306726,9;365707,7;685463,9;167401,7;517721,6;566456,6;21370,2;687091,3;567677,2;517873,2;263452,0;729441,9;325090,7;171605,1;153593,8;325802,0;593822,6;479654,0;246633,3;0,0;529402,5;164250,4;208970,8;655986,4;336438,2;541834,1;696998,9;630124,5;510687,4;650708,5;462258,4;122048,2;201885,5;213344,6;182385,8;480670,9;519718,6;187649,0;395985,4;275380,8;316897,6;360584,3;399856,8;189488,8;332082,4;;606539,9;357778,4;99555,2;629742,6;170723,8;35118,8;212999,8;188760,0;320109,3;215018,0;355580,8;309750,1;380708,4;272575,0;425502,5;246119,8;241790,1;300163,1;731438,6;360818,6;307038,9;178932,4;234086,7;82424,9;244088,6;273560,3;272401,1;524241,1;203577,1;132425,5;642934,6;648638,3;464388,4;579366,6;418495,2;184940,6;506227,2;579381,8;235743,5;368497,9;411143,4;309140,1;222236,3;721043,9;606264,6;617067,2;129815,5;331842,9;292301,1;264638,4;598921,7;541605,6;322512,5;615041,6;362545,3;342834,2;332827,2;446065,5;591990,7;701315,4;212428,9;363547,7;500216,8;549344,1;189432,4;399314,9;516181,8;207190,3;320587,0;310851,2;110590,9;2308,0;209530,6;322558,2;272124,1;444996,1;730373,2;;219445,2;404574,5;300019,0;36261,3;600190,8;147475,7;297160,7;425751,6;366648,0;595635,6;561225,6;571766,4;288453,2;395083,1;212422,8;298589,3;276774,1;400252,3;63340,0;410492,1;48866,4;247931,7;401537,3;498109,2;216185,0;270472,8;309417,1;301131,0;285382,3;205904,6;154685,9;386796,4;229644,0;221034,9;443880,4;294365,9;327910,0;644403,6;439814,8;293016,6;596832,9;98384,4;612646,4;81639,2;313377,4;361749,3;148461,1;329356,8;363380,8;110091,9;522816,4;326311,6;148997,3;518181,2;197247,2;550654,5;339692,4;150261,0;;299620,4;55756,4;269089,8;408016,9;457599,8;252207,5;;169946,0;282921,6;210089,6;344006,6;231032,4
Capitão de Campos;647959,8;216460,6;235919,8;526235,3;513471,9;160795,9;92291,3;637556,1;304006,2;256070,1;695482,4;534681,1;332702,2;465787,3;370738,8;254204,4;920991,9;762725,9;356166,1;114852,9;919429,9;224178,5;105504,6;520631,1;508438,6;167713,9;555456,9;644195,0;41513,5;455395,6;799932,8;173571,1;695170,4;46168,7;54563,8;549138,9;175198,5;214473,1;118983,1;399514,4;217549,2;542852,1;557296,3;632193,4;495443,4;151243,6;64764,9;473611,3;530316,6;0,0;642850,0;736739,5;144093,7;593588,6;155766,7;185106,2;118231,7;27990,9;138815,7;86467,4;617351,4;445550,5;559797,0;710154,6;975974,1;1015021,8;682952,1;891288,6;744977,6;633837,6;218953,3;151563,1;717257,5;422158,2;;94647,2;326291,5;615945,4;155006,2;698492,6;519281,7;477854,7;345445,8;331868,8;351080,3;525222,2;479391,6;550349,9;459602,8;920805,8;480127,6;769558,9;248447,0;219545,8;385549,4;411129,5;555054,9;498304,0;500210,5;594530,3;496226,0;275866,8;26978,0;437584,8;614681,1;168198,1;173901,8;129793,6;92201,9;913798,4;712709,3;132472,3;67489,0;708218,3;178559,4;380947,8;222704,1;522609,1;209151,2;179018,3;173162,6;625118,7;549604,3;508525,6;521709,3;184194,7;177562,5;217984,3;103148,9;198489,1;512475,7;828130,4;941368,6;135503,1;189422,7;411401,2;183921,3;36678,8;138086,4;556014,4;366508,0;121449,3;435346,1;217673,2;533655,2;543277,7;531746,0;704833,8;224415,7;419887,7;940299,2;218480,4;;539132,7;156280,9;644607,0;540259,2;88298,0;575147,2;449518,8;322716,2;386638,6;83742,9;49332,8;151058,2;504677,7;188418,1;682301,9;793892,5;294122,7;895555,5;510644,8;746609,4;513226,2;435270,2;204079,5;834226,4;711488,2;406535,1;428000,6;470772,4;251407,0;491965,0;682454,6;293089,7;614491,4;420007,2;939183,6;237728,3;421652,8;132510,9;164682,8;426027,6;139102,6;583918,4;100753,7;489316,8;415056,8;531390,7;676229,9;443370,7;269674,1;498537,5;202882,3;233195,9;676766,1;1013484,4;533364,5;63489,8;589834,8;513507,2;;432101,1;583525,1;350572,9;146880,9;187467,0;588324,8;;697714,8;343821,5;517434,9;513648,0;451836,0
Capitão Gervásio Oliveira;148091,7;426443,6;410157,6;317922,0;305158,5;485388,3;552352,5;286339,2;410907,0;387535,8;205938,1;431647,2;373424,4;244630,1;327202,5;483387,6;417472,8;501984,4;323838,3;671001,6;568213,1;421267,3;692619,9;135460,1;268437,5;488458,7;295622,8;196709,4;655548,9;288618,3;509794,0;797842,8;203136,9;630100,4;678835,5;145194,6;799470,2;534367,4;630252,1;298436,2;841820,8;307893,6;153496,5;50696,2;283183,5;706201,5;592032,9;390719,5;164174,2;641781,4;0,0;247195,2;768365,4;241508,7;508524,4;809377,9;742503,4;623066,3;763087,4;574637,3;266134,5;220703,9;132237,3;132956,9;624757,2;663804,8;331735,2;540071,7;419467,1;214000,1;472963,2;512235,7;225224,0;298772,7;;718918,9;363305,2;243641,5;742121,6;206459,0;196745,2;194891,2;361206,4;324793,5;387464,4;299962,3;301658,8;342036,5;254466,5;569588,8;407746,2;280014,6;412718,1;843817,5;327508,9;273729,2;160823,8;215978,2;244051,4;132159,2;262178,8;378430,8;636619,9;365203,5;98179,3;755313,5;761017,2;576767,3;583957,3;562581,5;223165,0;618606,2;691760,7;132846,0;480876,8;377833,6;421695,1;366322,6;833422,8;718643,5;729446,2;273901,8;314645,8;436387,4;247441,3;711300,6;653984,4;444219,1;647428,6;474924,2;324725,7;476913,5;366598,8;704369,6;813694,3;311624,6;535994,1;612595,7;661723,0;86534,9;366005,2;563737,1;226008,6;425487,8;293654,1;135976,4;165603,7;353616,9;495004,6;269808,3;589082,4;842752,1;;152433,4;516953,4;197121,5;189323,9;636810,9;109523,5;279052,1;407643,0;348539,4;708014,6;673604,5;684145,3;432539,5;446480,6;109525,2;442675,6;369210,7;544338,6;171485,3;554578,4;210492,8;245616,0;427939,5;642195,5;360271,2;292078,2;291308,6;283022,4;397937,2;188312,7;192910,3;396022,8;111795,6;283143,8;587966,6;406920,8;309801,4;756782,6;460371,6;259706,9;709211,9;67416,6;725025,4;209173,0;295268,8;323077,4;184196,3;311248,2;414778,3;181287,3;489506,7;438866,5;184732,5;662267,4;341333,5;577501,8;249265,8;130751,3;;281511,9;179923,1;300618,8;520395,8;569978,7;396293,8;;205681,2;311493,8;191981,1;305334,7;228716,7
Caracol;334380,1;520768,0;504482,1;459828,3;447064,9;597157,4;646853,0;218458,9;445340,0;481860,2;43400,9;476900,2;494767,4;365973,1;441555,8;604730,6;174924,9;327366,2;445181,4;765502,1;371575,8;533971,7;787120,5;256803,1;388869,0;603851,6;340875,8;382997,8;750049,4;409961,3;313156,7;892343,3;50995,3;724601,0;773336,0;203564,5;893970,7;655710,4;724752,6;419779,2;936321,4;428325,1;274839,5;236984,6;429036,4;800702,0;686533,4;435972,6;209427,2;736281,9;247641,3;0,0;862865,9;419829,1;629867,4;903878,4;837003,9;717566,9;857587,9;669137,8;250051,9;342046,9;296735,5;152256,3;314911,6;322667,6;179479,7;202219,5;222829,8;400288,5;567463,8;606736,2;122975,7;420115,7;;813419,4;484648,2;288894,5;836622,1;85986,2;241998,2;316234,2;395639,4;446136,5;421897,4;458815,2;412984,6;483942,9;375809,5;372951,5;452999,2;37466,6;507042,5;938318,0;448851,9;395072,2;282166,8;337321,2;289304,4;327479,4;376794,7;479280,5;731120,5;410456,5;181425,8;849814,0;855517,8;671267,8;705300,3;213283,0;24448,1;713106,7;786261,2;291033,8;575377,4;499176,6;516019,6;411575,6;927923,4;813144,0;823946,7;249215,9;435077,4;481640,4;367872,8;805801,1;748485,0;529391,9;821921,1;569424,8;446068,7;280276,2;124050,8;798870,1;908194,9;419308,3;570427,1;707096,2;756223,6;272823,3;487348,2;723061,2;347351,7;527466,4;414085,7;257319,4;210856,7;178998,6;529437,6;391151,3;259150,3;937252,6;;322679,7;611453,9;383409,8;234576,9;807070,2;230866,5;400395,1;528986,1;469882,4;802515,1;768105,0;778645,8;477792,5;601962,5;295813,7;246038,3;483653,5;272266,6;270219,4;388123,0;255745,8;366959,0;549282,5;374576,1;144528,1;413421,2;412651,6;404365,4;492261,7;309655,7;54707,2;593675,8;313034,9;404486,8;391329,3;501245,3;431144,4;851283,1;581714,6;381049,9;803712,4;184437,3;819525,9;288518,6;416611,8;464983,7;96351,1;432591,2;570260,2;302630,3;610849,7;533191,0;81532,1;292988,9;386586,5;757533,9;423083,3;252094,3;;402854,9;175393,2;421961,8;614896,4;664479,2;441546,8;;86764,0;432836,8;313324,1;447241,0;350059,7
Caraúbas do Piauí;774448,3;342949,2;362408,3;652723,8;639960,4;287284,4;218779,9;764044,7;430494,7;382558,7;821970,9;661169,6;459190,7;592275,9;497227,3;380693,0;1047480,4;889214,4;482654,6;139159,5;1045918,5;350667,1;90798,9;647119,6;634927,1;294202,4;681945,4;770683,5;140629,2;581884,1;926421,3;64796,0;821658,9;172657,2;93838,5;675627,5;67426,4;340961,6;166134,3;526002,9;144851,3;669340,6;683784,8;758681,9;621932,0;112866,5;191253,4;600099,9;656805,1;143992,1;769338,5;863228,1;0,0;720077,1;282255,2;53712,0;53153,5;154479,4;74157,4;212955,9;743839,9;572039,1;686285,5;836643,1;1102462,6;1141510,2;809440,7;1017777,1;871466,1;760326,2;345441,9;278051,6;843746,1;548646,8;;145920,5;452780,0;742433,9;69150,1;824981,1;645770,2;604343,2;471934,3;458357,4;477568,9;651710,8;605880,1;676838,4;586091,4;1047294,2;606616,1;896047,4;374935,5;100636,0;512037,9;537618,1;681543,5;624792,5;626699,1;721018,8;622714,5;402355,3;216743,6;564073,4;741169,6;54875,3;87397,2;226102,8;214914,7;1040286,9;839197,8;195986,3;131127,1;834706,9;305047,9;507436,3;349192,7;649097,7;139974,3;114305,7;100384,7;751607,2;676092,9;635014,1;648197,9;135154,3;184640,1;344472,9;176122,2;324977,6;579239,1;954618,9;1067857,1;97125,9;58028,5;537889,8;310409,8;163167,3;150040,8;682503,0;492996,6;247937,8;561834,6;344161,8;660143,8;669766,2;658234,6;831322,3;350904,2;546376,2;1066787,8;99570,6;;665621,2;282769,4;771095,5;666747,8;161271,3;701635,7;576007,2;507372,9;544135,0;76898,2;122306,1;151476,0;631166,2;314906,6;808790,4;920381,0;420611,2;1022044,1;637133,3;873097,9;639714,7;561758,8;330568,1;960715,0;837976,7;533023,7;554489,1;597260,9;377895,5;618453,6;808943,1;419578,2;740979,9;546495,8;1065672,1;364216,8;548141,3;136468,4;291171,3;552516,2;100725,5;710406,9;46301,1;615805,3;541545,3;657879,2;802718,4;569859,2;396162,6;625026,0;329370,8;359684,4;803254,6;1139972,9;659853,0;243630,9;716323,2;639995,8;;558589,7;710013,7;477061,4;273369,5;263670,1;714813,3;;824203,3;470310,0;643923,4;640136,5;578324,6
Caridade do Piauí;141812,4;384378,8;378094,9;124319,4;99600,8;436059,2;503023,3;458577,8;410528,2;370702,9;378176,7;507901,5;281821,6;176663,3;310369,6;328663,8;589711,4;735946,3;297610,3;621672,4;740451,6;371938,2;643290,8;170582,1;62001,9;439129,5;528677,2;74360,7;606219,8;163887,4;682032,5;748513,6;375375,4;580771,3;629506,4;317433,2;750141,1;426825,7;580922,9;281603,3;792491,7;57643,3;146533,7;192494,6;104784,1;656872,4;542703,8;446831,8;336412,8;592452,2;241674,5;419433,8;719036,2;0,0;416921,6;760048,7;693174,2;573737,2;713758,2;525308,2;438373,0;272898,0;127237,1;323095,2;796995,8;836043,4;503973,8;712310,2;718197,9;62211,5;423634,1;462906,5;397462,5;182233,1;;669589,8;300600,7;415880,1;692792,4;378697,6;301415,5;194713,3;360827,6;307960,6;335475,8;71262,9;122148,0;102080,4;116528,4;741827,4;453348,0;452253,2;370969,1;794488,4;235906,1;225713,6;144292,4;125711,7;395742,4;92753,4;95580,0;361597,9;527248,6;410805,2;270417,8;705984,4;711688,1;527438,1;492354,5;734820,1;395403,6;569277,0;642431,6;202070,9;431547,7;239477,6;382987,9;495829,5;784093,7;669314,4;680117,0;446140,3;44510,0;481746,0;106208,4;661971,5;604655,3;394889,9;506727,5;425595,1;150003,6;649152,0;538837,3;655040,4;764365,2;311245,8;458232,8;563266,6;612393,9;164112,0;274402,4;472134,3;262693,5;376158,7;41198,2;224615,7;337842,2;525855,4;447874,7;180933,7;761320,9;793422,9;;95844,8;467624,3;55723,9;361562,4;545208,1;252249,4;163245,4;232921,0;173817,4;658685,4;624275,4;634816,1;477898,1;397151,5;176154,5;614914,1;352377,8;716577,2;286245,8;719829,8;348405,1;203198,5;336336,7;807446,9;532509,8;275245,3;175501,8;134519,0;391469,3;259893,4;365148,9;351038,3;112714,5;282764,9;760205,2;380272,0;192484,1;574396,7;368768,8;211090,2;659882,8;239655,1;675696,2;348444,6;177951,5;117519,7;356434,8;186517,3;365449,2;320558,8;397903,9;426677,6;356971,1;834506,0;506584,9;485899,0;3757,9;169477,2;;164194,6;352161,7;283785,9;471066,7;520649,6;561545,2;;377919,8;294660,9;107610,6;64477,5;219764,4
Castelo do Piauí;471299,2;267679,6;295889,4;349574,7;336811,2;126782,7;143510,3;649053,4;355225,2;307289,2;588064,2;546178,4;199616,0;289126,7;278674,6;98642,3;932489,1;774223,2;216213,4;210951,6;930927,2;275397,6;243732,1;386255,4;331778,0;133700,6;566954,1;467534,3;169504,7;278734,9;811430,0;311798,6;585263,0;144056,3;192791,3;527320,8;313426,0;58911,0;170202,1;319880,2;355776,7;366191,4;380635,7;497817,7;318782,8;246151,5;100410,9;485108,6;541813,8;155737,2;508474,3;629321,4;282321,2;416928,0;0,0;323333,7;256459,2;137022,2;277043,2;137686,4;628848,6;311174,8;384437,6;600247,1;987471,4;1026519,0;694449,4;902785,9;756474,8;457177,0;270172,4;202782,1;607350,1;245497,6;;232874,7;219203,8;627442,6;293233,7;588585,2;450454,2;301194,0;399104,4;261818,1;299331,3;348561,6;302730,9;373689,2;282942,2;932302,9;491624,8;662140,8;288763,5;357773,3;208888,8;234468,9;378394,3;321643,3;434019,2;417869,7;319565,3;327085,8;110531,6;449082,1;480305,4;306425,7;312129,4;181012,6;75637,5;925295,7;605291,2;183691,3;157694,6;531557,7;229778,4;166379,2;273923,2;534106,4;347378,7;317245,8;311390,1;636615,9;372943,7;520022,8;345048,7;280964,5;273661,2;269203,4;139108,8;249708,1;266180,7;839627,6;748724,9;273730,6;327650,2;349522,6;235140,3;126551,5;234185,1;421638,8;193005,5;55417,3;300970,4;268892,2;356994,6;398656,3;543243,2;716331,1;275634,7;243227,1;951796,5;356707,9;;362472,0;207499,9;467946,3;551756,4;128491,0;430525,8;272858,1;167154,1;231076,5;221970,4;187560,3;247156,9;516174,9;154404,8;505641,2;805389,8;310849,9;907052,8;408049,4;758106,6;524723,4;258609,6;110214,2;845723,7;722985,4;313522,2;251339,9;294111,8;302626,0;315304,4;575036,5;124915,8;437830,7;321041,8;950680,8;288947,3;244992,1;270738,4;70817,4;249367,0;277330,2;449542,7;238981,2;386721,4;238396,1;354730,1;566322,4;199102,4;149409,6;358835,7;47320,2;284414,9;566858,7;1024981,6;544861,8;69181,9;413174,1;379131,5;;255440,5;595022,4;245208,0;198100,0;238686,0;599822,0;;587807,4;225999,5;340774,2;336987,3;275175,4
Caxingó;815460,8;383961,6;403420,8;693736,3;680972,9;328296,9;259792,3;805057,1;471507,2;423571,2;862983,4;702182,1;500203,2;633288,4;538239,8;421705,4;1088492,9;930226,9;523667,1;157356,9;1086931,0;391679,6;108996,4;688132,1;675939,6;335214,9;722957,9;811696,0;172004,0;622896,6;967433,8;69099,6;862671,4;199258,2;134851,0;716639,9;46765,3;381974,1;177283,5;567015,4;123406,7;710353,1;724797,3;799694,4;662944,4;131063,9;232265,9;641112,4;697817,6;185004,5;810351,0;904240,6;53705,5;761089,6;323267,7;0,0;70419,9;195491,9;79786,7;253968,4;784852,4;613051,5;727298,0;877655,6;1143475,1;1182522,8;850453,2;1058789,6;912478,6;801338,6;386454,4;319064,1;884758,6;589659,2;;186933,0;493792,5;783446,4;60844,7;865993,6;686782,8;645355,7;512946,8;499369,8;518581,3;692723,2;646892,6;644533,6;627103,9;1088306,8;647628,6;937059,9;415948,0;79191,3;553050,4;578630,6;722556,0;665805,0;667711,6;762031,3;663727,0;443367,8;257756,1;605085,9;782182,1;74036,7;80090,8;237252,0;255927,1;1081299,5;880210,3;207135,5;172139,6;875719,3;346060,4;548448,8;390205,2;690110,1;118529,6;106999,4;93078,3;792619,8;717105,3;676026,6;689210,4;127848,0;177333,7;385485,4;217134,7;365990,1;584868,4;995631,4;1108869,6;115323,4;16218,9;578902,2;351422,3;204179,8;168238,3;723515,5;534009,1;288950,3;602847,1;385174,2;701156,2;710778,7;699247,1;872334,8;391916,7;587388,7;1107800,2;78125,9;;706633,7;323781,9;812108,0;707760,2;202283,8;742648,2;617019,8;513002,2;549764,3;118208,7;163318,6;144169,7;672178,8;355919,1;849802,9;961393,5;461623,7;1063056,5;678145,8;914110,4;680727,2;602771,2;371580,5;1001727,5;878989,2;574036,1;595501,6;638273,4;418908,0;659466,1;849955,6;460590,7;781992,4;587508,2;1106684,5;405229,3;589153,8;177480,9;332183,8;593528,6;102859,5;751419,4;111677,9;656817,8;582557,8;698891,8;843730,9;610871,7;437175,1;666038,5;370383,3;400696,9;844267,1;1180985,4;700865,5;284643,4;757335,8;681008,2;;599602,1;751026,1;518073,9;281990,2;256363,7;755825,8;;865215,8;511322,5;684935,9;681149,0;619337,1
Cocal;748611,0;317111,8;336571,0;626886,5;614123,1;261447,1;192942,5;738207,3;404657,4;356721,3;796133,6;635332,3;433353,3;566438,6;471389,9;354855,6;1021643,1;863377,1;456817,3;147274,7;1020081,2;324829,8;94926,0;621282,3;609089,8;268365,1;656108,1;744846,2;115089,9;556046,8;900583,9;55775,7;795821,6;146819,9;68001,2;649790,1;60468,9;315124,3;140595,0;500165,6;99753,7;643503,3;657947,5;732844,6;596094,6;140665,1;165416,1;574262,6;630967,8;118154,7;743501,2;837390,8;53114,9;694239,8;256417,9;70376,5;0,0;128642,1;21020,2;187118,6;718002,6;546201,7;660448,2;810805,8;1076625,4;1115672,9;783603,4;991939,8;845628,8;734488,8;319604,6;252214,3;817908,8;522809,5;;120083,2;426942,7;716596,6;123411,0;799143,8;619932,9;578505,9;446096,9;432520,0;451731,5;625873,4;580042,8;651001,1;560254,1;1021456,9;580778,8;870210,1;349098,2;104816,2;486200,6;511780,7;655706,2;598955,2;600861,8;695181,5;596877,2;376518,0;190906,3;538236,1;715332,3;136602,9;142657,1;200563,5;189077,3;1014449,6;813360,5;170447,0;105289,8;808869,5;279210,6;481599,0;323355,3;623260,4;91355,7;168439,8;155644,6;725769,9;650255,6;609176,8;622360,6;173616,1;209984,3;318635,6;150284,9;299140,2;613126,9;928781,6;1042019,8;124924,6;74693,0;512052,4;284572,5;137330,0;170508,2;656665,7;467159,2;222100,5;535997,3;318324,4;634306,4;643928,9;632397,2;805485,0;325066,9;520538,9;1040950,5;103750,7;;639783,9;256932,1;745258,2;640910,4;135434,0;675798,4;550169,9;475820,4;512582,5;51358,9;96468,8;168093,6;605328,9;289069,3;782953,1;894543,7;394773,9;996206,7;611295,9;847260,6;613877,4;535921,4;304730,7;934877,7;812139,4;507186,3;528651,8;571423,6;352058,2;592616,2;783105,8;393740,9;715142,6;520658,4;1039834,8;338379,5;522304,0;110631,1;265333,9;526678,9;128524,1;684569,6;44828,1;589968,0;515708,0;632041,9;776881,1;544021,9;370325,3;599188,7;303533,5;333847,1;777417,3;1114135,5;634015,7;217793,6;690485,9;614158,4;;532752,3;684176,3;451224,1;247532,1;231511,8;688976,0;;798366,0;444472,7;618086,1;614299,2;552487,2
Cocal de Telha;629244,8;197745,6;217204,8;507520,2;494756,8;142080,9;73576,3;618841,1;285291,1;237355,1;676767,4;515966,1;313987,1;447072,3;352023,7;235489,4;902276,8;744010,9;337451,0;119769,7;900714,9;205463,5;115985,8;501916,1;489723,6;148998,9;536741,8;625479,9;52902,1;436680,5;781217,7;184052,3;676455,4;27453,7;65045,0;530423,9;185679,7;195758,0;100268,0;380799,4;228030,4;524137,0;538581,2;613478,3;476728,4;161724,8;46049,8;454896,3;511601,5;27990,9;624134,9;718024,5;154574,9;574873,6;137051,6;195587,4;128712,9;0,0;149296,9;67752,3;598636,3;426835,5;541081,9;691439,5;957259,1;996306,7;664237,1;872573,6;726262,5;615122,6;200238,3;132848,0;698542,5;403443,2;;105128,4;307576,4;597230,4;165487,4;679777,5;500566,7;459139,6;326730,7;313153,8;332365,3;506507,2;460676,5;531634,8;440887,8;902090,7;461412,5;750843,9;229732,0;230027,0;366834,4;392414,5;536339,9;479588,9;481495,5;575815,2;477510,9;257151,7;71540,0;418869,8;595966,1;178679,3;184383,0;111078,5;127139,4;895083,4;693994,2;113757,3;77970,2;689503,2;159844,3;362232,8;203989,1;503894,1;219632,4;189499,5;183643,8;606403,7;530889,2;489810,6;502994,3;189782,6;182479,3;199269,3;113630,1;179774,0;493760,6;809415,3;922653,6;145984,3;199903,9;392686,2;165206,2;17963,7;143003,2;537299,4;347793,0;102734,2;416631,0;198958,2;514940,2;524562,6;513031,0;686118,8;205700,6;401172,7;921584,2;228961,6;;520417,6;137565,8;625891,9;521544,2;98779,2;556432,1;430803,7;304001,2;367923,6;94224,1;59814,0;155975,0;485962,7;169703,1;663586,9;775177,4;275407,6;876840,4;491929,7;727894,3;494511,1;416555,2;185364,5;815511,4;692773,1;387820,1;409285,5;452057,4;232691,9;473250,0;663739,6;274374,7;595776,3;401292,2;920468,5;219013,3;402937,7;142992,1;145967,7;407312,6;149583,8;565203,4;111234,9;470601,7;396341,7;512675,7;657514,8;424655,6;250959,0;479822,4;184167,3;214480,8;658051,1;994769,3;514649,4;98427,3;571119,7;494792,2;;413386,1;564810,1;331857,8;128165,9;168751,9;569609,8;;678999,8;325106,4;498719,8;494932,9;433121,0
Cocal dos Alves;769195,0;337695,8;357155,0;560547,9;634707,1;282031,1;213526,5;758791,3;425241,4;377305,3;816717,6;655916,3;453937,3;587022,6;491973,9;375439,6;1042227,1;883961,1;477401,2;167858,7;1040665,2;345413,7;115510,0;641866,3;629673,8;288949,1;676692,1;765430,2;135673,9;576630,8;921167,9;48471,3;816405,6;167403,9;88585,1;670374,1;69862,5;335708,3;161179,0;520749,6;92449,3;664087,2;678531,5;753428,6;616678,6;161249,1;186000,1;594846,6;651551,8;138738,7;764085,2;857974,8;74202,8;714823,8;277001,8;79770,1;21020,2;149226,1;0,0;207702,6;738586,6;566785,7;681032,2;831389,8;1097209,4;1136256,9;804187,3;1012523,8;866212,8;755072,8;340188,5;272798,3;838492,8;543393,4;;140667,2;447526,7;737180,6;132804,6;819727,8;640516,9;599089,9;466680,9;453104,0;472315,5;646457,4;600626,8;584584,6;580838,1;1042040,9;601362,8;890794,1;369682,2;114209,8;506784,6;532364,7;676290,1;619539,2;621445,7;715765,5;617461,2;397102,0;211490,2;558820,1;735916,3;145996,6;152050,7;221147,5;209661,3;1035033,6;833944,5;191031,0;125873,8;829453,5;299794,6;502183,0;343939,3;643844,3;84051,3;178959,3;165038,2;746353,9;670839,5;629760,8;642944,6;199807,9;230568,3;339219,5;170868,9;319724,2;524919,4;949365,6;1062603,9;145508,6;84086,6;532636,4;305156,5;157914,0;191092,2;677249,7;487743,2;242684,5;556581,2;338908,4;654890,4;664512,9;652981,2;826069,0;345650,8;541122,9;1061534,5;113144,4;;660367,9;277516,1;765842,2;661494,4;156018,0;696382,4;570753,9;453053,2;489815,3;71942,9;117052,8;188677,6;625912,9;309653,3;803537,1;915127,7;415357,8;1016790,7;631879,9;867844,6;634461,4;556505,4;325314,7;955461,6;832723,4;527770,3;549235,8;592007,6;372642,2;613200,2;803689,8;414324,9;735726,6;541242,4;1060418,8;358963,5;542887,9;99836,8;285917,9;547262,8;149108,1;705153,6;65412,1;610552,0;536291,9;548613,8;797465,1;564605,8;390909,2;619772,7;324117,5;354431,1;798001,2;1134719,5;654599,7;238377,6;711069,9;634742,4;;553336,3;704760,3;471808,1;268116,1;252095,8;709560,0;;818950,0;465056,7;638670,1;634883,2;573071,2
Coivaras;580742,6;149243,4;168702,6;459018,1;446254,6;61301,2;35810,3;570338,9;236788,9;188852,9;628265,2;467463,9;265484,9;398570,1;303521,5;236094,7;853774,6;695508,7;288948,8;132408,1;852212,8;156961,3;174462,2;453413,9;441221,4;68219,2;488239,7;576977,8;100234,9;388178,3;732715,5;242528,8;627953,2;74786,5;123521,5;481921,7;244156,2;196363,3;91658,6;332297,2;286506,8;475634,8;490079,1;564976,1;428226,2;167608,0;36718,9;406394,1;463099,3;86467,4;575632,8;669522,3;213051,4;526371,4;137656,9;254063,8;187189,4;67752,3;207773,4;0,0;550134,1;378333,3;492579,8;642937,3;908756,9;947804,5;615734,9;824071,4;677760,3;566620,4;151736,1;84345,9;650040,3;354941,0;;163604,8;259074,3;548728,2;223963,9;631275,3;452064,5;410637,4;278228,5;264651,6;283863,1;458005,0;412174,3;483132,6;392385,6;853588,5;412910,3;702341,7;181229,8;288503,5;318332,2;343912,3;487837,7;431086,8;432993,3;527313,1;429008,8;208649,5;81306,0;370367,6;547463,9;237155,8;242859,5;62576,3;136431,5;846581,2;645492,1;105147,9;136446,7;641001,1;111342,1;313730,6;155486,9;455391,9;278108,8;209763,9;242120,3;557901,5;482387,1;441308,4;454492,1;202421,0;195117,7;150767,1;172106,5;131271,8;445258,4;760913,1;874151,4;204460,8;258380,3;344184,0;116704,1;57281,7;155641,6;488797,2;299290,8;67708,5;368128,8;150456,0;466438,0;476060,4;464528,8;637616,6;157198,4;352670,5;873082,1;287438,1;;471915,4;89063,6;577389,8;473042,0;157255,7;507929,9;382301,5;304606,5;469072,2;152700,6;118290,5;168613,4;437460,5;88923,4;615084,7;726675,2;226905,4;828338,2;443427,5;679392,1;446008,9;368053,0;118124,4;767009,2;644270,9;339317,9;360783,3;403555,2;184189,7;424747,8;615237,4;132826,0;547274,1;352790,0;871966,3;170511,1;354435,5;201468,5;78727,6;358810,4;170618,4;516701,2;169711,3;422099,5;347839,5;464173,5;609012,6;376153,4;202456,8;431320,2;184772,5;165978,6;609548,9;946267,1;466147,2;107719,4;522617,5;446290,0;;364883,9;516307,9;283355,7;79663,7;120249,7;521107,6;;630497,6;276604,2;450217,7;446430,8;384618,8
Colônia do Gurguéia;352929,0;401043,5;384757,5;523314,3;510550,9;477432,9;527128,4;31593,0;325615,5;362135,7;269653,4;199817,9;493889,0;462866,4;321831,2;603852,2;315028,7;247238,2;382421,1;645777,6;313466,8;414247,1;667395,9;275352,0;505517,6;484127,1;63793,5;401546,7;630324,9;466253,4;255047,7;772618,8;269341,4;604876,4;653611,4;123309,9;774246,2;654832,1;605028,1;350606,9;816596,8;539931,1;293388,4;255533,5;492522,5;680977,5;566808,9;158890,2;122081,3;616557,4;266190,1;249414,5;743141,4;438378,0;628989,0;784153,8;717279,4;597842,3;737863,4;549413,2;0,0;393718,8;315284,4;284325,5;370011,0;409058,6;76989,0;285325,5;164720,9;418837,3;447739,2;487011,6;291428,5;419237,3;;693694,8;444933,3;34519,1;716897,6;272663,6;154652,2;334783,1;275914,9;407264,2;302172,8;522301,2;476470,6;547428,9;456681,9;314842,6;216066,4;201145,4;387318,0;818593,5;447973,5;394193,8;300715,7;355870,0;201958,4;346028,3;493305,0;359556,0;611395,9;179920,3;234365,2;730089,5;735793,2;551543,2;666521,5;307835,3;286880,3;593382,1;666536,7;337683,2;455652,8;498298,2;396295,0;134493,3;808198,8;693419,5;704222,1;19155,6;546683,4;204558,1;518788,4;686076,6;628760,4;409667,4;702196,6;449700,2;509554,7;222167,2;335405,5;679145,6;788470,3;299583,8;450702,6;587371,7;636499,0;291372,2;486469,8;603336,8;362414,1;407741,8;530734,2;230124,4;123510,7;98870,7;409713,1;416966,7;334336,1;817528,1;;341228,5;491729,4;401958,7;116550,6;687345,6;249415,4;446597,8;592472,1;533368,4;682790,6;648380,5;658921,2;200710,2;482237,9;314362,5;187929,3;363929,0;289592,4;182873,4;322749,1;168399,8;409736,4;488692,2;410366,2;105525,0;357627,7;449443,1;467851,5;372537,2;328204,5;256625,6;473951,3;331583,8;308189,8;333220,4;381520,8;481132,7;731558,6;526969,6;380171,5;683987,9;200324,2;699801,3;201172,7;471837,3;528469,8;250400,8;488883,3;450535,6;229625,4;609971,3;413466,4;250937,1;407521,2;109504,2;637809,4;441632,2;270643,2;;458080,4;157696,1;356244,7;495171,8;544754,7;164464,5;;271885,8;370076,5;331873,0;510727,0;425818,0
Colônia do Piauí;264198,9;229107,7;212821,8;205513,8;192750,4;288052,5;355016,7;413819,6;213571,2;190199,9;300257,5;310944,5;176088,5;145065,9;129866,7;286051,7;697255,3;538989,3;126502,5;473665,8;695693,4;223931,5;495284,1;98448,6;187717,2;291122,8;331720,3;260434,1;458213,0;148453,0;576196,2;600506,9;297456,2;432764,6;481499,6;239514,0;602134,4;337031,6;432916,2;101100,4;644485,0;222130,6;112668,8;210010,9;174722,0;508865,7;394697,1;249874,8;201901,6;444445,5;220667,5;341514,6;571029,5;272867,2;311188,5;612042,0;545167,6;425730,5;565751,6;377301,5;393614,8;0,0;137614,5;312440,3;752237,6;791285,1;459215,6;667552,0;521241,0;313116,2;275627,4;314899,8;319543,3;101436,8;;521583,0;165969,4;298909,0;544785,8;300778,4;162647,4;77076,6;163870,6;127457,7;190128,5;204500,8;158670,1;229628,4;138881,4;697069,1;256391,0;374334,0;215382,2;646481,7;130173,0;76393,3;119996,1;177582,5;147037,8;168358,4;175504,5;181095,0;439284,1;213848,2;192498,6;557977,7;563681,4;379431,4;386621,5;690061,9;317484,4;421270,3;494424,9;243982,4;283541,0;180497,8;224359,2;298872,6;636087,0;521307,7;532110,3;401382,1;228882,9;284789,0;200987,9;513964,8;456648,6;246883,2;450092,8;277588,4;191754,2;604393,8;460918,1;507033,8;616358,5;114288,8;338658,2;415259,8;464387,2;133832,0;168669,3;366401,3;10687,5;228152,0;212933,8;110849,5;203331,0;481097,2;297668,8;99166,3;716562,7;645416,2;;160508,9;319617,6;260846,1;212997,5;439475,0;142719,0;128797,3;274671,6;215568,0;510678,7;476268,7;486809,4;280941,1;249144,8;220661,7;570155,9;171874,8;671818,9;120242,6;522872,8;185964,4;91936,0;230603,7;610489,9;487751,6;94742,4;131642,7;150051,0;200601,4;62571,1;287229,7;198686,9;153913,9;85807,9;715446,9;209585,0;163332,2;559446,7;263035,8;62371,0;511876,0;161735,9;527689,5;98914,6;154036,9;210669,3;278515,7;171082,8;217442,5;71028,9;292170,9;241530,7;279051,9;789747,8;309627,9;380165,9;269113,3;91324,8;;140279,9;255110,2;103283,0;323060,0;372642,9;364588,2;;300000,6;114157,9;151153,4;192926,5;87698,9
Conceição do Canindé;130726,8;343387,9;327102,0;202913,4;190150,0;402332,7;469296,9;335483,0;327851,4;304480,2;255081,9;425224,8;249312,7;96314,4;244146,9;359275,8;466616,7;551128,2;240782,8;587946,0;617356,9;338211,7;609564,4;47487,4;153428,9;405403,1;344766,6;126961,9;572493,2;140302,6;558937,8;714787,2;252280,7;547044,9;595779,9;194338,4;716414,6;410255,7;547196,5;215380,6;758765,2;192885,0;40564,4;83173,1;168174,9;623145,9;508977,3;364155,0;213318,0;558725,8;132353,0;296339,0;685309,8;127236,0;384412,6;726322,2;659447,8;540010,8;680031,8;491581,7;315278,3;137648,3;0,0;267264,8;673901,0;712948,6;380879,1;589215,5;468610,9;144252,5;389907,6;429180,1;274367,8;149724,2;;635863,2;280249,6;292785,3;659065,9;255602,8;178320,7;111835,6;278150,8;241737,9;304408,8;184953,8;186650,2;227028,0;106150,8;618732,6;370671,2;329158,4;329662,5;760761,9;203397,1;190673,6;38323,0;67662,5;207315,8;34886,3;147170,2;295375,2;494739,7;328128,5;147323,1;672257,9;677961,6;493711,7;459845,6;611725,3;272308,8;535550,6;608705,1;144093,5;397821,2;253721,9;338639,5;413152,8;750367,2;635587,9;646390,6;323045,6;199637,3;399069,2;132432,7;628245,0;570928,9;361163,4;523316,9;391868,7;214505,8;526057,2;415742,6;621314,0;730638,8;228569,0;452938,5;529540,1;578667,4;68461,5;241893,5;439625,4;142953,0;342432,2;178645,6;101520,9;214747,5;402760,7;411949,0;148424,7;638226,2;759696,5;;26672,9;433897,8;127373,9;238467,7;512699,1;129154,7;130736,4;297423,2;238319,6;624958,9;590548,9;601089,7;395221,4;363425,0;120772,8;491819,4;286155,1;593482,4;163151,0;603722,2;225310,4;162560,4;303827,8;691339,3;409415,1;209022,6;142992,9;134706,8;314881,7;105257,1;242054,1;318529,4;20441,7;200088,2;637110,4;323865,2;161485,7;673726,9;336259,9;176651,3;626156,2;116560,4;641969,8;159192,6;146953,1;208068,8;233340,1;162932,5;331722,7;131306,9;365395,0;355810,9;233876,3;711411,2;390477,3;453390,0;130490,1;46382,5;;133196,2;229067,0;217563,2;437340,2;486923,1;445437,6;;254825,0;228438,2;43665,4;190326,1;145661,1
Coronel José Dias;190942,5;493580,0;477294,1;430180,4;417417,0;569969,4;619665,0;304404,2;418152,0;454672,2;107351,2;449712,2;465119,5;336325,2;414367,8;575082,7;322224,4;520049,4;415533,5;738314,1;586278,1;506783,7;759932,4;227155,2;359221,2;576663,6;313687,8;278311,2;722861,4;380313,4;527858,9;865155,2;98604,6;697412,9;746148,0;176376,5;866782,7;626062,6;697564,6;390131,3;909133,3;398677,2;245191,6;207336,8;399388,6;773514,0;659345,4;408784,5;182239,2;709093,9;132956,9;151946,8;835677,9;323110,4;600219,5;876690,4;809815,9;690378,8;830399,9;641949,8;284199,5;312399,0;267087,6;0,0;462211,2;469967,2;349800,2;349519,1;437532,1;295601,8;540275,7;579548,2;58285,4;390467,8;;786231,4;455000,3;261706,5;809434,1;87584,3;214810,2;286586,3;368451,4;416488,6;394709,3;429167,3;383336,7;454295,0;346161,6;587653,8;425811,2;184766,2;479854,5;911130,0;419204,0;365424,3;252519,0;307673,3;262116,4;297831,5;347146,8;452092,5;703932,4;383268,5;151777,9;822626,0;828329,7;644079,8;675652,4;360582,6;127916,6;685918,6;759073,2;154048,9;548189,4;469528,8;488831,5;384387,6;900735,3;785956,0;796758,6;291966,8;405429,5;454452,4;338225,0;778613,1;721296,9;502203,9;794733,1;542236,8;416420,8;494978,5;271350,3;771682,1;881006,8;392120,3;543239,1;679908,2;729035,5;243175,4;457700,3;695873,2;317703,8;500278,3;384437,8;227671,5;183668,7;371681,9;502249,6;361503,4;406449,9;910064,6;;293031,8;584265,9;278723,2;207388,9;779882,2;201218,7;370747,2;499338,2;440234,5;775327,1;740917,0;751457,8;450604,5;574774,4;152376,0;460740,6;456465,5;419566,2;243031,4;572643,4;228557,8;337311,1;519634,6;660260,5;378336,2;383773,3;383003,7;374717,6;465073,7;280007,8;94323,4;487717,9;283387,0;374838,9;606031,6;474057,2;401496,5;824095,1;552066,7;351402,0;776524,4;154789,4;792337,9;261330,6;386963,9;435335,8;68355,8;402943,3;543072,1;272982,4;581201,8;506002,9;80200,3;440288,4;359398,5;730345,9;330867,5;222446,4;;373207,0;148205,2;392314,0;587708,4;637291,2;414358,8;;101149,0;403188,9;283676,2;417593,1;320411,8
Corrente;711714,7;759829,2;743543,2;882100,0;869336,6;836218,6;885914,1;338580,9;684401,2;720921,4;353014,5;558603,6;852674,7;821652,1;680616,9;962637,9;177658,8;411377,8;741206,8;1004563,2;103215,4;773032,8;1026181,6;634137,7;864303,3;842912,8;422579,2;760332,4;989110,6;825039,1;200693,0;1131404,5;360609,0;963662,1;1012397,1;482095,6;1133031,9;1013617,8;963813,8;709392,6;1175382,5;898716,8;652174,1;614319,2;851308,1;1039763,2;925594,6;517675,9;480867,0;975343,1;624975,8;314016,0;1101927,0;797163,7;987774,7;1142939,5;1076065,0;956628,0;1096649,0;908198,9;370173,9;752504,5;674070,1;461870,0;0,0;47764,6;299601,8;147955,5;283877,4;777623,0;806524,9;845797,3;432589,4;778022,9;;1052480,5;803719,0;393304,8;1075683,2;395599,9;513437,9;693568,8;634700,6;766049,9;660958,5;881086,9;835256,2;906214,6;815467,6;123931,9;574852,1;288537,4;746103,7;1177379,1;806759,2;752979,5;659501,4;714655,8;560744,1;704814,0;852090,7;718341,7;970181,6;538705,9;593150,9;1088875,1;1094578,9;910328,9;1025307,2;167135,6;334061,7;952167,8;1025322,4;696468,9;814438,5;857083,9;755080,7;493279,0;1166984,5;1052205,1;1063007,9;369338,0;905469,1;563343,8;877574,1;1044862,3;987546,1;768453,1;1060982,2;808485,9;868340,4;165583,6;203818,7;1037931,2;1147256,0;658369,5;809488,2;946157,4;995284,7;650157,9;845255,5;962122,4;721199,8;766527,5;889519,9;588910,1;482296,4;299120,7;768498,8;775752,4;56168,8;1176313,8;;700014,2;850515,1;760744,4;475336,3;1046131,3;608201,1;805383,4;951257,8;892154,1;1041576,2;1007166,2;1017706,9;559495,9;841023,6;673148,2;182255,6;722714,6;55570,3;541659,1;423474,4;527185,5;768522,1;847477,9;389436,7;283756,0;716413,3;808228,8;826637,1;731322,9;686990,2;364320,9;832736,9;690369,4;666975,4;39628,5;740306,4;839918,4;1090344,2;885755,3;738957,2;1042773,6;559109,9;1058587,0;559958,4;830623,0;887255,4;405964,8;847669,0;809321,3;588411,1;968757,0;772252,1;391145,8;47846,4;468289,9;996595,1;800417,8;629428,9;;816866,1;516481,8;715030,4;853957,5;903540,4;523250,2;;396377,6;728862,2;690658,6;869512,7;784603,7
Cristalândia do Piauí;750558,4;798672,9;782386,9;920943,8;908180,3;875062,3;924757,9;377424,7;723244,9;759765,1;360903,4;597447,3;891518,4;860495,8;719460,7;1001481,6;185547,6;450221,5;780050,5;1043407,0;142059,1;811876,6;1065025,4;672981,4;903147,1;881756,5;461422,9;799176,1;1027954,2;863882,8;239536,8;1170248,1;368497,8;1002505,9;1051240,9;520939,3;1171875,6;1052461,5;1002657,5;748236,3;1214226,2;937560,5;691017,8;653162,9;890151,9;1078606,9;964438,3;556519,7;519710,7;1014186,8;663819,6;321904,8;1140770,8;836007,4;1026618,4;1181783,2;1114908,8;995471,8;1135492,8;947042,7;409017,7;791348,2;712913,8;469758,8;47909,7;0,0;338445,5;155844,3;322721,1;816466,8;845368,6;884641,1;440478,2;816866,7;;1091324,2;842562,8;432148,5;1114527,0;403488,7;552281,6;732412,5;673544,3;804893,6;699802,2;919930,6;874100,0;945058,3;854311,2;162775,6;613695,9;296426,3;784947,4;1216222,9;845602,9;791823,2;698345,1;753499,4;599587,8;743657,7;890934,4;757185,4;1009025,4;577549,7;631994,6;1127718,9;1133422,6;949172,7;1064150,9;175024,5;341950,6;991011,6;1064166,1;735312,6;853282,2;895927,7;793924,4;532122,8;1205828,2;1091048,9;1101851,5;408181,7;944312,8;602187,5;916417,8;1083706,0;1026389,9;807296,8;1099826,0;847329,6;907184,1;204427,3;211707,5;1076775,0;1186099,8;697213,2;848332,0;985001,1;1034128,4;689001,6;884099,2;1000966,1;760043,4;805371,2;928363,7;627753,8;521140,2;337964,4;807342,5;814596,1;64057,7;1215157,5;;738857,9;889358,8;799588,1;514180,1;1084975,1;647044,8;844227,2;990101,5;930997,9;1080420,0;1046009,9;1056550,6;598339,6;879867,4;711991,9;221099,4;761558,4;94414,1;580502,9;462318,1;566029,2;807365,9;886321,6;428280,4;322599,7;755257,1;847072,6;865480,9;770166,6;725833,9;372209,8;871580,7;729213,1;705819,2;78472,2;779150,2;878762,1;1129188,0;924599,1;777800,9;1081617,2;597953,6;1097430,8;598802,1;869466,8;926099,1;413853,6;886512,8;848165,1;627254,8;1007600,8;811095,9;399034,6;29115,3;507133,7;1035438,8;839261,6;668272,6;;855709,8;555325,5;753874,1;892801,2;942384,1;562093,9;;404266,5;767705,9;729502,4;908356,4;823447,4
Cristino Castro;418529,8;466644,2;450358,3;588915,1;576151,6;543033,7;592729,2;45396,0;391216,2;427736,5;217840,8;265418,7;559489,8;528467,1;387432,0;669452,9;244456,5;176666,0;448021,8;711378,3;242894,6;479847,9;732996,7;340952,8;571118,4;549727,9;129394,2;467147,5;695925,6;531854,2;184475,5;838219,6;225435,3;670477,2;719212,2;188910,7;839846,9;720432,8;670628,8;416207,7;882197,6;605531,9;358989,1;321134,3;558123,2;746578,2;632409,6;224491,0;187682,0;682158,1;331790,9;178842,3;808742,1;503978,8;694589,8;849754,6;782880,1;663443,1;803464,1;615014,1;76989,0;459319,6;380885,2;349926,3;299438,8;338486,4;0,0;214753,3;94148,7;484438,1;513340,0;552612,4;357029,3;484838,0;;759295,6;510534,1;100119,9;782498,3;338264,3;220253,0;400383,9;341515,7;472865,0;367773,6;587902,0;542071,4;613029,6;522282,6;244270,4;281667,2;130573,2;452918,8;884194,2;513574,2;459794,6;366316,5;421470,8;267559,2;411629,1;558905,8;425156,8;676996,7;245521,0;299966,0;795690,2;801394,0;617144,1;732122,2;237263,1;198888,0;658982,9;732137,4;403284,0;521253,6;563899,0;461895,8;200094,1;873799,6;759020,2;769822,9;76153,1;612284,1;270158,9;584389,1;751677,4;694361,2;475268,2;767797,3;515301,0;575155,4;151595,0;264833,3;744746,4;854071,1;365184,6;516303,3;652972,4;702099,8;356972,9;552070,6;668937,5;428014,8;473342,6;596335,1;295725,1;189111,5;28298,5;475313,9;482567,5;263763,9;883128,8;;406829,3;557330,2;467559,5;182151,4;752946,4;315016,2;512198,5;658072,8;598969,2;748391,3;713981,2;724522,1;266311,0;547838,8;379963,3;117357,2;429529,7;219020,2;248474,2;388349,9;234000,6;475337,2;554293,0;223876,0;34952,8;423228,4;515043,9;533452,2;438138,0;393805,3;229147,2;539552,1;397184,5;373790,6;262648,2;447121,5;546733,5;797159,3;592570,4;445772,2;749588,6;265924,9;765402,1;266773,4;537438,1;594070,5;316001,6;554484,1;516136,4;295226,2;675572,1;479067,2;316537,8;336949,0;175105,0;703410,2;507232,9;336243,9;;523681,2;223296,9;421845,5;560772,6;610355,4;230065,3;;337486,6;435677,3;397473,7;576327,8;491418,8
Curimatá;626901,7;675016,2;658730,2;797287,0;784523,6;751405,6;801101,2;253768,0;599588,2;636108,4;240465,5;473790,6;767861,7;736839,1;595803,9;877824,9;33423,4;326564,8;656393,8;919750,2;236148,6;688219,8;941368,6;549324,7;779490,3;758099,8;337766,2;675519,4;904297,6;740226,1;222525,2;1046591,4;248060,0;878849,1;927584,1;397282,6;1048218,9;928804,8;879000,8;624579,6;1090569,5;813903,8;567361,1;529506,2;766495,2;954950,2;840781,6;432863,0;396054,0;890530,1;540162,8;201467,0;1017114,1;712350,7;902961,7;1058126,5;991252,1;871815,0;1011836,1;823386,0;285360,9;667691,6;589257,1;349321,0;148140,5;155896,5;214788,8;0,0;199064,4;692810,1;721711,9;760984,3;258458,4;693210,0;;967667,5;718906,1;308491,8;990870,2;221468,9;428624,9;608755,8;549887,6;681236,9;576145,6;796273,9;750443,2;821401,6;730654,6;237524,3;490039,1;175988,5;661290,7;1092566,1;721946,2;668166,5;574688,4;629842,8;475931,1;620001,0;767277,7;633528,7;885368,6;453893,0;378490,4;1004062,2;1009765,9;825515,9;940494,2;23252,9;221512,7;867354,8;940509,4;611655,9;729625,5;772270,9;670267,8;408466,0;1082171,5;967392,2;978194,8;284525,0;820656,1;478530,8;792761,1;960049,3;902733,1;683640,1;976169,2;723672,9;783527,4;144849,0;77926,5;953118,2;1062443,0;573556,5;724675,2;861344,4;910471,7;565344,9;760442,5;877309,4;636386,8;681714,6;804706,9;504097,1;397483,4;214307,7;683685,8;690939,4;92379,2;1091500,8;;615201,2;765702,1;675931,4;390523,3;961318,4;523388,1;720570,4;866444,8;807341,1;956763,2;922353,2;932893,9;474682,9;756210,6;588335,2;110611,1;637901,7;105495,5;456846,2;388712,1;442372,5;683709,1;762664,9;351647,6;198943,0;631600,3;723415,8;741824,2;646509,9;602177,2;251771,9;747923,9;605556,4;582162,5;177085,1;655493,4;755105,4;1005531,2;800942,3;654144,2;957960,6;474296,9;973774,0;475145,4;745810,0;802442,4;293415,8;762856,0;724508,3;503598,1;883944,1;687439,1;228898,6;126217,7;383476,9;911782,1;715604,9;544615,9;;732053,1;431668,8;630217,4;769144,5;818727,4;438437,2;;222246,7;644049,2;605845,7;784699,7;699790,7
Currais;506551,5;528420,8;512134,8;650691,6;637928,2;604810,2;654505,8;133417,8;452992,8;489513,0;261480,9;284725,8;621266,3;590243,7;449208,5;731229,4;229083,6;189250,3;509798,3;773154,9;227521,7;541624,4;794773,2;428974,5;632894,9;611504,4;217416,0;555169,2;757702,1;593630,7;116297,2;899996,1;269075,3;732253,8;780988,8;276932,5;901623,4;782209,3;732405,3;477984,2;943974,1;667308,4;447010,9;409156,1;619899,8;808354,8;694186,2;286267,5;275703,8;743934,6;419812,7;222482,4;870518,6;718044,9;756366,2;911531,1;844656,6;725219,6;865240,6;676790,6;165010,8;521096,1;468906,9;437948,1;284065,9;323113,5;94438,6;199380,4;0,0;572459,9;575116,4;614388,9;341055,7;546614,6;;821072,1;572310,6;188141,6;844274,8;304066,2;308274,8;488405,6;403292,2;534641,5;429550,1;649678,5;603847,9;674806,2;584059,1;228897,5;343443,7;174213,2;514695,3;945970,8;575350,8;521571,1;454338,3;509492,6;355581,0;499650,8;620682,3;486933,3;738773,2;307297,6;387987,8;857466,8;863170,5;678920,6;793898,8;221890,2;242528,1;720759,4;793913,9;491305,8;583030,1;625675,5;523672,3;239606,4;935576,1;820796,8;831599,4;164174,8;674060,6;310073,1;646165,6;813453,9;756137,7;537044,7;829573,8;577077,5;636931,9;136222,1;249460,4;806522,9;915847,6;426961,1;578079,8;714748,9;763876,3;444994,7;613847,1;730714,0;489791,3;535119,1;658111,6;383746,9;277133,3;93957,5;537090,4;544344,0;248391,0;944905,3;;494851,1;619106,7;555581,2;270173,2;814722,9;403038,0;573975,1;719849,3;660745,7;810167,8;775757,8;786298,6;328087,5;609615,2;467985,1;101984,2;491306,2;203647,3;336496,0;198943,6;322022,4;537113,8;616069,5;161879,2;78592,9;485004,9;576820,4;595228,8;499914,5;481827,1;272787,2;601328,6;485206,3;435567,1;247275,3;508898,0;608510,0;858935,8;654346,9;507548,8;811365,1;353946,7;827178,6;354795,2;599214,6;655847,0;404023,4;616260,6;577912,9;383248,0;737348,6;540843,7;299612,1;321576,1;214217,8;765186,7;714291,1;424265,7;;585457,7;311318,7;483622,0;622549,1;672132,0;249372,4;;304844,0;497453,8;485495,5;638104,3;553195,2
Curral Novo do Piauí;114288,7;424648,2;418364,4;164588,9;139870,3;476328,7;543292,8;438994,3;450797,7;410972,3;358593,2;548171,0;322091,1;216932,8;350639,1;368933,3;570127,9;776215,8;337879,8;661941,9;720868,1;412207,6;683560,3;187593,8;115431,9;479399,0;448277,8;44826,6;646489,2;204156,8;662449,1;788783,1;355791,9;621040,8;669775,8;297849,7;790410,6;467095,2;621192,4;321872,8;832761,2;97912,7;189289,4;164971,0;145053,6;697141,9;582973,2;487101,2;316829,3;632721,8;214150,8;399850,3;759305,7;62196,5;457191,0;800318,2;733443,8;614006,7;754027,7;565577,6;418789,6;313167,4;144248,8;295571,5;777412,3;816459,9;484390,3;692726,8;572122,2;0,0;463903,5;503176,0;377879,0;222502,6;;709859,2;340870,2;396296,6;733061,9;359114,1;318427,2;206593,6;401097,0;348230,1;375745,3;111532,4;162417,5;142179,5;169958,4;722243,9;493617,4;432669,7;411238,6;834757,8;276175,5;265983,1;187048,1;162398,4;347422,3;109765,2;179628,4;401867,3;567518,1;451074,7;250834,3;746253,8;751957,6;567707,6;532624,0;715236,6;375820,1;609546,5;682701,1;174547,2;471817,2;279747,1;423257,4;536099,0;824363,2;709583,8;720386,5;426556,9;84609,2;522015,5;164890,9;702240,9;644924,8;435159,4;546996,9;465864,6;190273,1;629568,6;519253,8;695309,9;804634,7;351515,2;498502,3;603536,0;652663,4;167978,5;314671,9;512403,8;302963,0;416428,2;94628,1;241627,4;318258,8;506272,0;488144,2;221203,1;741737,4;833692,4;;138600,5;507893,8;26189,8;341978,9;585477,5;269261,2;203514,8;273190,5;214086,9;698954,9;664544,8;675085,6;518167,6;437421,0;148630,8;595330,7;392647,2;696993,7;303257,5;760099,2;363147,9;243468,0;376606,2;847716,3;512926,3;315514,8;215771,3;174788,5;431738,8;245363,5;345565,4;391307,8;129726,2;323034,4;740621,7;420541,5;232753,6;614666,1;409038,3;251359,6;700152,2;220071,6;715965,7;299299,1;218221,0;157789,1;336851,4;226786,7;405718,7;271413,4;438173,4;466947,1;337387,6;814922,5;546854,4;526168,4;69953,6;186489,0;;204464,1;332578,2;324055,4;511336,2;560919,1;601814,7;;358336,3;334930,3;150366,3;131249,7;260033,8
Curralinhos;477514,7;46015,5;65474,7;355790,2;343026,8;137120,5;128523,1;467111,0;133561,1;85625,0;525037,3;364236,0;162257,0;295342,2;200293,6;316056,7;750546,8;592280,8;185721,0;224577,3;748984,9;53733,4;246195,7;350186,0;337993,5;143814,7;385011,8;473749,9;231719,5;284950,5;629487,6;374013,4;524725,3;206271,0;255006,1;378693,8;375640,8;327847,9;183827,8;229069,3;417991,4;372407,0;386851,2;461748,2;324998,3;259777,2;168203,5;303166,2;359871,4;217952,0;472404,9;566294,4;344535,9;423143,5;269141,5;385548,4;318674,0;199236,9;339258,0;150807,9;446906,2;275105,4;389351,9;539709,4;805529,0;844576,6;512507,0;720843,5;574532,4;463392,5;0,0;88406,2;546812,4;251713,1;;295089,4;155846,4;445500,3;295697,3;528047,4;348836,6;307409,6;175000,6;161423,7;180635,2;354777,1;308946,4;379904,8;289157,7;750360,6;309682,4;599113,8;78001,9;419988,1;215104,3;240684,4;384609,8;327858,9;329765,4;424085,2;325780,9;105421,7;212790,5;267139,7;444236,0;308889,2;314592,9;130343,0;267916,1;743353,3;542264,2;172181,9;267931,3;537773,2;57047,4;210502,7;52259,0;352164,0;409593,4;275148,1;285950,7;454673,6;379159,2;338080,5;351264,2;267805,2;210489,0;33228,3;303591,1;20651,1;342030,6;657685,2;770923,5;257945,3;389864,9;240956,1;33584,9;188766,3;218227,6;385569,3;196062,9;204731,3;264901,0;47228,1;363210,1;372832,6;361300,9;534388,7;42407,7;249442,6;769854,2;418922,7;;368687,6;93124,0;474161,9;369814,1;288740,2;404702,1;279073,6;292733,4;365844,3;284185,2;249775,1;240649,9;334232,6;130931,3;511856,8;623447,4;123677,6;725110,4;340199,7;576164,2;342781,1;264825,1;137385,5;663781,4;541043,1;236090,0;257555,5;300327,3;80961,8;321519,9;512009,5;122644,6;444046,2;249562,1;768738,4;67283,2;251207,6;332953,1;215750,4;255582,5;262787,6;413473,3;301195,9;318871,7;244611,7;360945,6;505784,8;272925,5;99229,0;328092,4;316257,1;22635,0;506321,0;843039,2;362919,4;239204,0;419389,6;343062,1;;261656,0;413080,0;180127,8;75613,1;126483,3;417879,7;;527269,7;173376,4;346989,8;343202,9;281390,9
Demerval Lobão;517969,2;86470,0;105929,2;396244,7;383481,2;53063,3;61414,4;507565,5;174015,5;126079,5;565491,8;404690,5;202711,5;335796,7;240748,1;300470,6;791001,2;632735,2;226175,4;180063,5;789439,3;94187,9;201681,9;390640,5;378448,0;59757,5;425466,2;514204,3;164610,8;325404,9;669942,1;306904,7;565179,8;139162,4;187897,4;419148,3;308532,2;260739,3;139314,0;269523,8;350882,8;412861,4;427305,7;502202,7;365452,8;215263,5;101094,9;343620,7;400325,9;150843,3;512859,3;606748,9;277427,3;463598,0;202032,8;318439,8;251565,3;132128,3;272149,3;83699,2;487360,7;315559,8;429806,3;580163,9;845983,5;885031,1;552961,5;761297,9;614986,9;503847,0;88962,7;0,0;587266,9;292167,6;;227980,8;196300,9;485954,8;251183,5;568501,9;389291,1;347864,0;215455,1;201878,2;221089,7;395231,6;349400,9;420359,2;329612,2;790815,1;350136,9;639568,2;118456,4;352879,4;255558,8;281138,9;425064,3;368313,3;370219,9;464539,7;366235,3;145876,1;145681,9;307594,2;484690,5;264375,4;270079,2;85829,2;200807,5;783807,8;582718,7;127668,1;200822,7;578227,7;48568,7;250957,2;92713,5;392618,5;342484,8;236295,0;247097,7;495128,1;419613,7;378535,0;391718,7;228952,1;171636,0;87993,7;236482,5;68498,4;382485,0;698139,8;811378,0;213431,5;322756,3;281410,6;62417,4;121657,6;162508,0;426023,8;236517,4;137622,7;305355,4;87682,6;403664,6;413287,0;401755,4;574843,2;102911,8;289897,1;810308,6;351814,0;;409142,0;4718,0;514616,3;410268,6;221631,6;445156,5;319528,1;333187,9;406298,8;217076,5;182666,4;201796,8;374687,1;80461,7;552311,2;663901,8;164132,0;765564,9;380654,1;616618,8;383235,5;305279,6;177840,0;704235,8;581497,5;276544,5;298009,9;340781,8;121416,3;361974,4;552463,9;163099,1;484500,7;290016,5;809192,9;107737,7;291662,1;265844,5;148641,8;296037,0;218273,8;453927,8;234087,3;359326,1;285066,1;401400,1;546239,2;313380,0;139683,4;368546,8;249148,5;103205,2;546775,4;883493,7;403373,8;172095,4;459844,1;383516,6;;302110,5;453534,5;220582,2;44273,3;87630,2;458334,2;;567724,2;213830,8;387444,2;383657,3;321845,4
Dirceu Arcoverde;311835,2;500683,0;484397,0;437283,4;424520,0;577072,4;626768,0;311507,2;425255,0;461775,2;87031,8;456815,2;472222,5;343428,2;421470,8;582185,7;231406,5;527152,4;422636,5;745417,1;489486,9;513886,7;767035,4;234258,2;366324,2;583766,6;320790,8;360452,9;729964,4;387416,4;431067,8;872258,2;81099,4;704515,9;753250,9;183479,5;873885,7;633165,5;704667,6;397234,3;916236,3;405780,2;252294,6;214439,8;406491,6;780617,0;666448,4;415887,5;189342,2;716196,9;225096,4;122558,4;842780,9;397284,2;607322,5;883793,3;816918,9;697481,8;837502,9;649052,8;291302,5;319502,0;274190,6;58286,0;432822,8;440578,8;356903,2;258424,5;340741,0;377743,6;547378,7;586651,1;0,0;397570,8;;793334,3;462103,3;268809,5;816537,1;35455,1;221913,2;293689,3;375554,4;423591,6;401812,3;436270,3;390439,7;461398,0;353264,6;490862,7;432914,2;155377,8;486957,5;918233,0;426307,0;372527,3;259622,0;314776,3;269219,3;304934,5;354249,8;459195,5;711035,4;390371,5;158880,8;829729,0;835432,7;651182,8;682755,4;269764,6;98528,2;693021,6;766176,2;224168,5;555292,3;476631,7;495934,5;391490,6;907838,3;793059,0;803861,6;299069,8;412532,5;461555,4;345328,0;785716,1;728399,9;509306,9;801836,1;549339,8;423523,8;398187,3;197067,8;778785,1;888109,8;399223,3;550342,1;687011,2;736138,5;250278,4;464803,3;702976,2;324806,8;507381,3;391540,8;234774,5;190771,7;378784,9;509352,6;368606,4;377061,5;917167,6;;300134,8;591368,9;360864,9;214491,8;786985,2;208321,6;377850,2;506441,2;447337,5;782430,1;748020,0;758560,8;457707,5;581877,4;273268,8;363949,4;463568,5;390177,8;250134,4;579746,4;235660,8;344414,1;526737,6;667363,4;262439,2;390876,3;390106,7;381820,5;472176,7;287110,8;101426,4;494820,9;290490,0;381941,9;509240,5;481160,2;408599,5;831198,1;559169,7;358505,0;783627,4;161892,4;799440,8;268433,6;394066,9;442438,8;61866,6;410046,3;550175,1;280085,4;588304,8;513105,9;56336,6;410900,0;366501,5;737448,9;400538,4;229549,4;;380310,0;155308,2;399416,9;594811,3;644394,2;421461,8;;36232,8;410291,9;290779,2;424696,1;327514,8
Dom Expedito Lopes;236608,9;212917,0;206633,2;114884,4;102121,0;264597,4;331561,6;439314,8;239066,4;199241,1;378325,7;336439,8;110359,8;54436,5;138907,8;220323,0;722750,5;564484,6;126148,6;450210,7;721188,6;200476,4;471829,1;176516,8;97087,7;267667,8;357215,5;232844,1;434758,0;57823,5;601691,4;577051,9;375524,4;409309,6;458044,6;317582,1;578679,3;271302,8;409461,2;110141,6;621029,9;131501,2;145945,4;283573,4;84092,6;485410,6;371242,0;275370,0;332075,2;420990,5;298735,7;419582,8;547574,4;182237,7;245459,8;588586,9;521712,5;402275,4;542296,5;353846,4;419110,0;101436,2;149747,3;390508,5;777732,8;816780,4;484710,8;693047,2;546736,2;222486,8;252172,3;291444,8;397611,5;0,0;;498127,9;129138,9;417704,0;521330,7;378846,5;240715,6;84735,7;189365,8;136498,8;164014,1;113871,3;68040,7;138999,0;48252,0;722564,4;281886,2;452402,2;199507,3;623026,6;64444,3;54251,9;143704,1;86953,1;224280,6;183179,4;84875,1;190136,1;355786,8;239343,5;270566,8;534522,6;540226,3;355976,4;320892,8;715557,1;395552,6;397815,2;470969,8;296867,4;260086,0;114769,1;211526,2;324367,8;612631,9;497852,6;508655,2;426877,3;138253,5;310284,2;110358,5;490509,7;433193,6;223428,1;384364,1;254133,4;101124,8;629889,0;538986,3;483578,7;592903,4;139784,0;286771,0;391804,8;440932,1;211900,2;102940,6;300672,6;91231,8;204696,9;122304,4;188917,7;333504,7;506592,4;276412,9;17070,5;742057,9;621961,2;;127781,8;296162,5;233256,1;342017,8;373746,3;220787,2;38167,9;184042,2;124938,5;487223,7;452813,6;463354,4;306436,3;225689,7;270951,0;595651,1;180916,0;697314,1;198310,8;548368,0;314984,8;42151,3;164874,9;635985,1;513246,8;103783,5;28682,3;59421,6;220007,6;98846,1;365297,9;179576,6;203140,5;111303,1;740942,2;208810,3;45905,1;535991,6;197307,0;39628,4;488421,0;239804,1;504234,4;176982,8;31372,5;120039,8;356583,8;80453,4;193987,4;149097,1;226442,1;255215,8;357120,1;815243,0;335123,1;314437,2;178483,9;169392,9;;49650,5;385283,8;112324,2;299604,9;349187,8;390083,4;;378068,8;123199,1;106084,0;102297,1;58717,1
Dom Inocêncio;;;;;;;;;;;;;;;;;;;;;;;;;;;;;;;;;;;;;;;;;;;;;;;;;;;;;;;;;;;;;;;;;;;;;;;;;;;;;;;;;;;;;;;;;;;;;;;;;;;;;;;;;;;;;;;;;;;;;;;;;;;;;;;;;;;;;;;;;;;;;;;;;;;;;;;;;;;;;;;;;;;;;;;;;;;;;;;;;;;;;;;;;;;;;;;;;;;;;;;;;;;;;;;;;;;;;;;;;;;;;;;;
Domingos Mourão;725120,7;293621,5;313080,7;603396,2;590632,8;237956,8;169452,2;714717,1;381167,1;333231,0;772643,3;611842,0;409863,1;542948,2;447899,7;331365,3;998152,8;839886,8;433327,0;152555,2;996590,9;301339,4;121097,1;597792,0;585599,5;244874,8;632617,8;721355,9;105328,9;532556,5;877093,7;175479,9;772331,3;123329,6;65298,3;626299,9;177107,3;291634,0;145875,4;476675,3;219457,9;620013,0;634457,2;709354,2;572604,4;166836,2;141925,8;550772,2;607477,4;94664,4;720010,9;813900,4;146002,5;670749,5;232927,6;187014,9;120140,5;105151,8;140724,5;163628,3;694512,2;522711,4;636957,9;787315,4;1053135,0;1092182,6;760113,1;968449,5;822138,4;710998,6;296114,2;228724,0;794418,4;499319,2;;0,0;403452,4;693106,3;170598,8;775653,5;596442,6;555015,6;422606,6;409029,8;428241,2;602383,1;556552,4;522058,8;536763,8;997966,6;557288,4;846719,8;325607,9;221454,6;462710,3;488290,4;632215,9;575464,9;577371,4;671691,2;573386,9;353027,7;167416,0;514745,8;691842,0;183790,7;189494,4;206954,5;93615,5;990959,3;789870,2;175727,5;54868,3;785379,2;255720,3;458108,7;299865,1;599770,1;211059,9;194610,9;188755,2;702279,6;626765,2;585686,5;598870,2;199787,2;215264,8;295145,2;54823,1;275650,0;462393,7;905291,2;1018529,6;151095,7;191331,4;488562,1;261082,2;113839,7;175788,7;633175,4;443668,9;198610,2;512507,0;294834,1;610816,1;620438,6;608906,9;781994,7;301576,6;497048,6;1017460,2;220389,2;;616293,6;233441,8;721767,9;617420,1;39972,2;652308,1;526679,6;390527,5;427289,6;85651,6;72978,5;194264,7;581838,6;265579,0;759462,8;871053,4;371283,6;972716,4;587805,7;823770,2;590387,1;512431,1;281240,4;911387,4;788649,1;483696,0;505161,5;547933,3;328567,8;569125,9;759615,5;370250,6;691652,2;497168,1;1016344,4;314889,2;498813,7;39216,7;241843,6;503188,5;154695,2;661079,3;102662,4;566477,7;492217,7;608551,6;753390,8;520531,6;346835,0;575698,4;280043,2;310356,8;753927,0;1090645,2;610525,4;122682,2;666995,6;590668,1;;509262,0;660686,1;427733,8;224041,8;264627,9;665485,7;;774875,7;420982,4;594595,8;590808,9;528996,9
Elesbão Veloso;354933,9;117124,0;110840,2;233209,4;220445,9;168804,4;235768,6;465035,0;131485,0;119655,6;442869,8;362160,0;62124,5;172761,4;115550,5;194334,2;748470,7;590204,8;49905,0;354417,7;746908,8;104683,4;376036,1;241060,9;215412,7;171874,8;382935,7;351169,1;338965,0;162369,7;627411,6;481258,9;440068,5;313516,6;362251,6;376617,8;482886,3;245314,0;313668,2;130699,3;525236,9;249826,2;255281,1;352623,2;202417,5;389617,6;275449,0;301090,2;357795,4;325197,5;363279,8;484126,9;451781,5;300562,7;219471,0;492793,9;425919,5;306482,4;446503,5;258053,4;444830,2;165980,3;280226,8;455052,6;803452,9;842500,6;510431,0;718767,4;572456,4;340811,7;156379,3;195651,8;462155,6;129132,3;;402334,9;0,0;443424,2;425537,7;443390,7;346760,6;184828,8;172924,6;52298,7;134435,0;232196,3;186365,6;257323,9;166576,9;748284,6;307606,4;516946,3;103714,3;527233,6;58863,8;118103,6;262029,0;205278,1;327689,4;301504,4;203200,1;110550,6;320036,1;265063,7;335110,9;438729,6;444433,3;260183,4;294903,9;741277,2;460096,7;302022,2;375176,8;415192,4;164293,0;88780,2;115733,1;350088,0;516838,9;402059,6;412862,2;452597,6;256578,4;336004,5;228683,4;394716,7;337400,6;127635,1;410836,7;158340,4;219449,7;655609,2;768847,5;387785,7;497110,4;204328,1;190978,0;296011,8;345139,1;276444,3;33888,5;227036,2;155775,9;108903,9;240629,3;253461,8;359224,9;532312,6;196827,4;126861,8;767778,1;526168,2;;246106,8;200369,5;351581,1;367738,1;395985,8;285331,3;156492,8;171010,9;243263,5;391430,7;357020,6;367561,4;332156,6;129896,7;389276,0;621371,3;101330,5;723034,4;262854,9;574088,2;340705,0;142244,3;97000,3;661705,3;538967,0;124341,3;134974,6;177746,5;124214,6;198939,1;429842,0;79438,9;321465,4;175847,3;766662,4;113017,3;128626,8;440198,7;129432,4;135969,6;392628,0;304348,2;408441,4;241526,9;122030,8;238364,8;421128,0;150344,7;98194,4;213641,2;200453,3;159422,8;421664,2;840963,2;360843,3;346449,5;296808,8;233937,0;;139075,2;411004,0;71002,7;203812,0;253394,8;415803,6;;442612,9;64251,3;224409,0;220622,1;158810,1
Eliseu Martins;330436,0;399627,3;383341,3;521898,1;509134,7;476016,7;525712,2;54723,8;324199,3;360719,5;247160,4;198401,7;492472,8;461450,2;320415,1;602436,0;338159,6;270369,1;381004,9;644361,4;336597,7;412830,9;665979,8;252859,0;384924,9;482710,9;62377,3;379053,8;628908,6;464837,2;278178,6;771202,6;246848,4;603460,2;652195,2;100817,0;772830,0;653415,9;603611,9;349190,7;815180,6;538514,9;270895,4;233040,5;491106,2;679561,3;565392,7;157474,0;99588,3;615141,2;243697,2;288417,5;741725,1;415885,0;627572,8;782737,6;715863,2;596426,1;736447,1;547997,1;34519,1;298926,0;292791,4;261832,5;393141,8;432189,4;100119,9;308456,3;187851,7;396344,4;446323,0;485595,4;268935,5;417821,1;;692278,6;443517,1;0,0;715481,3;250170,6;132159,3;312290,1;274498,7;405848,0;300756,6;520885,0;475054,4;546012,7;455265,7;337973,4;214650,2;224276,2;385901,8;817177,2;446557,3;392777,6;278222,8;333377,1;179465,5;323535,3;372850,6;358139,8;609979,8;178504,1;211872,3;728673,2;734377,0;550127,1;665105,3;330966,1;264387,3;591965,9;665120,5;315190,2;454236,6;496882,0;394878,8;133077,1;806782,6;692003,2;702805,9;42286,4;545267,1;203141,9;363928,8;684660,4;627344,2;408251,2;700780,3;448284,0;508138,5;245298,1;358536,3;677729,4;787054,1;298167,6;449286,3;585955,4;635082,8;268879,2;485053,6;601920,5;360997,8;406325,6;410141,6;207631,4;101017,8;122001,5;408296,9;415550,5;357467,0;816111,9;;318735,5;490313,2;379465,8;94057,7;685929,4;226922,5;445181,6;591055,9;531952,2;681374,3;646964,2;657505,1;199294,0;480821,8;291869,6;211060,2;362512,8;312723,2;160380,5;321332,9;145906,9;408320,2;487276,0;408950,0;128655,9;356211,4;448026,9;466435,2;371121,0;305711,6;234132,6;472535,1;309090,8;306773,6;356351,2;380104,5;479716,5;730142,3;525553,4;378755,3;682571,6;177831,2;698385,1;178679,7;470421,1;527053,5;227907,9;487467,1;449119,4;207132,4;608555,1;412050,2;228444,1;430652,1;108088,0;636393,2;419139,2;248150,2;;456664,2;135203,1;354828,5;493755,6;543338,5;163048,3;;249392,8;368660,3;309380,0;509310,8;328072,9
Esperantina;745269,0;313769,8;333229,0;623544,5;610781,1;299935,3;231430,7;734865,3;401315,3;353379,3;792791,6;631990,3;430011,3;563096,6;468047,9;393343,8;1018301,1;860035,1;453475,2;104960,7;1016739,1;321487,7;56600,2;617940,3;605747,8;306853,3;652766,1;741504,2;119607,8;552704,8;897241,9;121013,8;792479,6;146861,9;110306,1;646448,1;98679,6;353612,5;124887,3;496823,6;175320,9;640161,2;654605,5;729502,6;592752,6;78667,7;203904,3;570920,5;627625,8;156642,9;740159,1;834048,7;69150,1;690897,8;294906,1;59724,5;122334,2;167130,3;131700,9;225606,8;714660,6;542859,7;657106,2;807463,7;1073283,2;1112330,9;780261,3;988597,8;842286,8;731146,8;296480,2;248872,3;814566,7;519467,4;;172494,9;423600,7;713254,6;0,0;795801,8;616590,9;575163,9;442754,9;429178,0;448389,5;622531,4;576700,8;647659,1;556912,0;1018114,9;577436,8;866868,1;345756,2;131105,6;482858,6;508438,7;652364,1;595613,2;597519,7;691839,5;593535,2;373176,0;229394,5;534894,0;711990,3;13193,0;57982,8;184855,8;227565,5;1011107,6;810018,5;154739,3;146296,3;805527,5;275868,6;478257,0;320013,3;619918,3;170443,9;80123,2;70970,3;722427,9;646913,5;605834,8;619018,5;100971,8;134480,2;315293,5;188773,1;295798,2;609784,9;925439,6;1038677,8;62927,2;64051,1;508710,4;272115,5;175818,2;115842,1;653323,6;463817,2;260588,7;532655,2;314982,4;630964,4;640586,9;629055,2;802143,0;312609,8;517196,9;1037608,4;130040,1;;636441,9;253590,0;741916,2;637568,4;173922,2;672456,4;546827,9;461855,6;511378,0;101463,3;134957,0;106096,3;601986,9;327557,5;779611,1;891201,7;391431,8;992864,7;607953,9;843918,6;610535,4;532579,4;343218,9;931535,6;808797,3;503844,3;525309,8;568081,6;348716,1;589274,2;779763,8;390398,9;711800,6;517316,4;1036492,8;335037,5;518961,9;188602,6;303822,2;523336,8;50463,3;681227,6;66055,3;586625,9;512365,9;628699,9;773539,1;540679,8;366983,2;595846,7;342021,7;317092,2;774075,2;1110793,5;630673,7;256281,8;687143,9;610816,4;;529410,3;680834,3;447882,1;229594,0;213510,2;685634,0;;795024,0;441130,7;614744,1;610957,2;549145,2
Fartura do Piauí;293192,1;482039,8;465753,9;418640,2;405876,8;558429,2;608124,8;292864,1;406611,8;443132,1;50041,9;438172,0;453579,3;324785,0;402827,6;563542,5;194416,5;408287,4;403993,3;726773,9;452497,0;495243,5;748392,3;215615,0;347681,0;565123,4;302147,6;341809,8;711321,2;368773,3;394077,9;853615,1;44168,9;685872,8;734607,8;164836,3;855242,6;614522,4;686024,4;378591,2;897593,2;387137,1;233651,5;195796,6;387848,4;761973,9;647805,2;397244,4;170699,0;697553,8;206453,2;85568,5;824137,7;378641,1;588679,3;865150,2;798275,8;678838,7;818859,7;630409,6;272659,3;300858,8;255547,5;87584,9;395832,8;403588,8;338260,1;221434,6;303751,0;359100,4;528735,6;568008,0;35455,1;378927,6;;774691,2;443460,2;250166,3;797893,9;0,0;203270,0;275046,2;356911,2;404948,5;383169,2;417627,2;371796,5;442754,8;334621,4;453872,8;414271,0;118387,9;468314,3;899589,8;407663,8;353884,1;240978,8;296133,1;250576,2;286291,4;335606,7;440552,4;692392,3;371728,3;140237,7;811085,8;816789,6;632539,6;664112,2;232774,7;61538,3;674378,5;747533,1;253467,4;536649,2;457988,6;477291,4;372847,4;889195,2;774415,8;785218,5;280426,6;393889,3;442912,2;326684,8;767072,9;709756,8;490663,8;783192,9;530696,6;404880,6;361197,4;160077,9;760141,9;869466,7;380580,2;531698,9;668368,0;717495,4;231635,2;446160,2;684333,1;306163,6;488738,2;372897,6;216131,4;172128,5;259919,8;490709,4;349963,3;340071,5;898524,4;;281491,6;572725,8;342221,8;195848,7;768342,0;189678,5;359207,1;487798,0;428694,4;763786,9;729376,8;739917,6;439064,3;563234,3;254625,6;326959,5;444925,3;353187,8;231491,2;561103,2;217017,6;325770,9;508094,5;648720,3;225449,3;372233,2;371463,5;363177,4;453533,5;268467,6;50880,0;476177,7;271846,8;363298,7;472250,6;462517,1;389956,4;812554,9;540526,6;339861,8;764984,2;143249,3;780797,7;249790,5;375423,8;423795,7;26412,1;391403,2;531532,0;261442,2;569661,7;494462,8;20882,1;373910,1;347858,3;718805,8;381895,2;210906,2;;361666,8;136665,1;380773,8;576168,2;625751,1;402818,7;;777,8;391648,8;272136,0;406052,9;308871,7
Flores do Piauí;283596,6;302833,6;286547,7;338287,4;325524,0;379223,1;428918,6;174860,3;227405,6;263925,9;200321,0;289618,4;315389,3;244432,2;223621,4;425352,5;458296,0;390505,5;265803,3;547567,8;456734,1;316037,3;569186,1;139078,5;267328,2;385917,2;184143,8;301063,9;532115,0;288420,5;398315,0;674408,9;200009,0;506666,6;555401,6;53977,5;676036,3;476332,3;506818,2;252397,1;718386,9;306784,3;153298,6;186201,1;307495,6;582767,6;468599,0;228548,6;35155,1;518347,5;196857,7;241578,1;644931,5;301338,0;450489,3;685944,0;619069,5;499632,5;639653,5;451203,4;154655,5;162668,8;178244,4;214993,1;513278,3;552325,9;220256,3;428592,8;307988,2;318354,6;349529,3;388801,8;222096,1;240737,6;;595485,0;346723,5;132162,6;618687,7;203331,2;0,0;194693,4;177705,0;309054,4;203963,0;337274,3;291443,7;362402,0;254268,6;458109,9;235064,8;274397,5;289108,2;720383,6;269473,8;215694,1;160626,0;215780,3;71370,0;208988,3;255253,9;261346,2;513186,1;192522,1;165032,8;631879,6;637583,4;453333,4;568311,7;451102,6;217547,9;495172,3;568326,8;268350,8;357443,0;319798,6;298085,2;254843,7;709989,0;595209,6;606012,3;162422,9;313536,5;263462,9;246332,0;587866,8;530550,6;311457,5;603986,7;351490,4;324527,8;365434,5;478672,8;580935,8;690260,5;201374,0;352492,7;489161,8;538289,2;174461,9;307970,1;505126,9;167973,6;309532,0;292544,8;92284,5;36584,6;242138,0;311503,2;232907,3;477603,4;719318,2;;201138,8;393519,6;301475,9;64844,4;589135,8;92938,2;278854,2;407445,2;348341,6;584580,7;550170,6;560711,4;259615,0;384028,1;245030,1;331196,7;265719,1;432859,7;45417,4;443099,5;37811,4;208715,0;390482,4;530716,6;248792,3;259417,8;291110,7;282824,6;274327,3;166687,9;187293,2;375741,4;194543,7;149334,7;476487,7;283310,9;309603,6;633348,7;428759,8;201671,8;585778,0;130991,8;601591,5;63716,6;295071,0;343442,9;181068,4;311050,4;352325,8;92169,4;431471,7;315256,6;181604,7;550788,5;229854,6;539599,6;304592,2;131954,6;;281314,0;88363,7;242583,8;396962,0;446544,8;284814,9;;202553,4;253458,7;191783,2;325700,2;191815,7
Floresta do Piauí;193042,2;268640,4;262356,7;160198,3;147434,9;320320,9;387285,1;354932,4;267259,0;243887,7;274531,2;364632,3;166083,3;55748,5;183554,5;276046,5;486066,0;592677,1;180190,3;505934,2;636806,2;256199,9;527552,5;72722,4;134007,6;323391,2;385408,1;189277,3;490481,4;110331,4;578387,1;632775,4;271730,0;465033,0;513768,0;213787,7;634402,8;327026,3;465184,7;154788,2;676753,4;176815,1;56903,0;184284,6;129406,5;541134,1;426965,5;303562,5;213049,7;476713,9;194941,2;315788,4;603297,9;194749,1;301183,3;644310,4;577435,9;457998,9;598019,9;409569,9;334727,6;77055,8;111888,3;286714,1;693350,4;732398,0;400328,4;608664,9;488060,2;206567,9;307895,8;347168,2;293817,1;84729,6;;553851,4;184862,4;312234,7;577054,1;275052,2;194706,9;0,0;217558,4;181145,5;243816,3;159185,2;113354,6;184312,9;76179,5;638181,9;310078,8;348607,8;255230,8;678750,1;120167,8;130081,1;64230,4;44196,2;165601,6;142632,2;77164,8;234782,8;411510,3;267536,0;166772,4;590246,1;595949,8;411699,8;376616,2;631174,7;291758,2;453538,7;526693,2;218256,2;315809,4;170492,5;267249,6;352560,3;668355,4;553576,1;564378,8;342494,9;183567,4;338476,8;88268,4;546233,2;488917,0;279151,6;440087,5;309856,8;146438,7;545506,6;435191,9;539302,2;648626,9;167976,6;342494,5;447528,2;496655,6;108105,8;158664,1;356396,1;82360,6;260420,4;159224,2;117907,1;214479,2;422210,1;351356,6;67398,2;657675,5;677684,6;;69097,8;351886,0;189689,3;231561,2;429469,8;148604,0;71332,8;229356,1;170252,5;542947,1;508537,1;519077,8;334628,9;281413,2;194935,5;511268,7;225562,6;612931,8;138806,4;576560,6;204528,2;43205,9;220598,4;664177,7;428864,4;148430,2;104528,0;104735,5;254289,2;14506,2;261503,5;235300,0;128187,6;139495,7;656559,8;264533,7;131514,4;591715,1;253030,5;116058,8;544144,4;136009,7;559957,9;117478,4;116981,9;165353,8;252789,4;132961,2;249710,9;89592,7;282165,6;310939,3;253325,7;730860,6;363315,7;370160,7;190995,2;65309,7;;103224,9;248516,3;156970,8;355328,4;404911,3;418276,0;;274274,4;167845,7;51527,4;147611,0;54910,3
Floriano;415237,7;128955,8;112669,8;293513,2;280749,8;205345,2;255040,8;295937,6;53527,8;90048,0;353863,8;193062,6;226796,3;233065,2;49743,6;374051,1;579373,3;421107,4;110333,4;373689,9;577811,4;142159,5;395308,2;238998,3;275716,5;212039,4;213838,3;411472,9;358237,2;236452,3;458314,2;500531,1;353551,9;332788,8;381523,8;207520,4;502158,5;425030,9;332940,4;78519,2;544509,1;310130,0;253218,5;350560,6;262721,3;408889,8;294721,2;131992,8;188698,0;344469,7;361217,2;395121,0;471053,7;360866,5;395659,2;512066,1;445191,7;325754,6;465775,7;277325,6;275732,8;163917,7;278164,2;368536,0;634355,6;673403,2;341333,6;549670,1;403359,0;401115,5;175651,5;214924,0;375639,0;189436,1;;421607,2;172845,6;274326,9;444809,8;356874,0;177663,2;217626,2;0,0;135176,5;30085,2;292500,1;246669,5;317627,8;226880,7;579187,2;138509,0;427940,3;115230,3;546505,8;218172,4;164392,7;260545,8;265581,9;158592,0;308908,1;263503,9;87468,3;339308,2;95966,3;333048,3;458001,8;463705,5;279455,6;394433,8;572179,9;371090,8;321294,4;394449,0;475496,2;183565,1;268497,1;124207,3;180990,6;536111,1;421331,8;432134,4;283500,2;316882,2;166907,1;288987,2;413988,9;356672,8;137579,7;430108,8;177612,5;279753,6;486511,8;599750,1;407057,9;516382,6;69782,7;178614,9;315284,0;364411,3;274381,7;138673,0;331249,0;132612,9;135654,2;300933,1;201659,1;190127,5;363215,3;137625,4;187165,6;598680,8;545440,4;;306410,6;219641,7;411884,9;198640,7;415258,0;233528,6;216796,6;362670,9;303567,3;410702,8;376292,8;386833,6;163059,2;210150,3;449579,8;452273,9;91841,3;553937,0;169026,2;404990,8;171607,6;179935,3;216604,5;492607,9;369869,6;85539,9;219642,0;238050,3;100449,5;203120,8;340836,1;201863,6;294463,6;78388,6;597565,0;109433,1;251331,6;459470,8;254882,0;150370,4;411900,2;284534,7;427713,7;147698,2;242036,2;298668,6;334611,3;259082,2;178447,9;156919,0;380170,2;141378,8;335147,5;671865,8;191746,0;365721,7;357112,6;231874,4;;228279,2;241906,6;84157,1;223084,1;272667,0;246706,2;;356096,2;97988,8;284712,8;280925,9;196016,9
Francinópolis;362325,2;122701,3;104608,3;240600,7;227837,3;174381,8;241345,9;427365,9;93815,9;81986,5;404358,0;324490,8;83088,8;180152,8;68895,6;236888,4;710801,6;552535,7;33906,7;359995,0;709239,7;110260,8;381613,4;202549,2;222804,0;177452,1;345266,6;358560,4;344542,3;183539,8;589742,5;486836,2;401556,8;319093,9;367828,9;338948,7;488463,7;287868,3;319245,5;61580,5;530814,3;257217,5;216769,3;314111,4;209808,8;395195,0;281026,3;263421,1;320126,3;330774,8;324768,0;445615,1;457358,8;307954,0;262025,2;498371,3;431496,8;312059,8;452080,8;263630,8;407161,1;127468,5;241715,0;416540,9;765783,9;804831,4;472761,9;681098,3;534787,3;348203,0;161956,7;201229,1;423643,8;136523,7;;407912,3;52298,7;405755,2;431115,0;404878,9;309091,5;181177,1;135255,5;0,0;87780,1;239587,6;193757,0;264715,2;173968,2;710615,4;269937,3;478434,5;109291,7;532810,9;87221,6;111480,2;224096,6;212669,4;290020,2;308895,7;210591,4;72881,5;325613,4;227394,6;296599,2;444307,0;450010,7;265760,7;337458,2;703608,2;421584,9;307599,6;380754,2;422583,7;169870,3;131334,5;116145,8;312418,9;522416,3;407636,9;418439,6;414928,4;263969,7;298335,3;236074,7;400294,1;342977,9;133212,5;416414,0;163917,7;226841,1;617940,1;731178,4;393363,1;502687,8;165816,3;200147,8;301589,1;350716,5;237932,5;62246,4;248948,4;117264,1;114481,3;248020,6;214950,0;321555,8;494643,6;159158,3;134253,1;730109,0;531745,5;;253498,1;205946,9;358972,4;330069,0;401563,1;246819,5;163884,1;213565,2;250654,8;397008,0;362597,9;373138,7;294487,4;135474,1;396667,3;583702,2;63661,4;685365,2;224343,1;536419,1;303035,9;129267,6;117964,6;624036,2;501297,9;55222,5;166729,5;185137,8;92388,0;166671,6;391330,2;85016,2;258014,4;137335,5;728993,2;101371,5;172039,4;445776,0;150396,7;97457,9;398205,3;265836,5;414018,8;203015,1;165443,4;245756,1;382616,2;206169,7;103771,8;175129,4;243007,6;133317,2;383152,4;803294,1;323174,2;352026,9;304200,2;195425,3;;175366,8;373334,9;26127,3;209389,3;258972,2;378134,5;;404101,1;21562,1;231800,3;228013,4;145349,1
Francisco Ayres;389833,4;134561,9;118275,9;268108,8;255345,4;210951,3;260646,8;322208,4;59133,9;95654,1;380134,7;219333,4;165232,0;207660,9;25143,5;274518,6;605644,2;447378,2;85733,3;379296,0;604082,2;147765,5;400914,3;265269,2;250312,2;217645,5;240109,2;386068,5;363843,2;211048,0;484585,1;506137,2;379822,7;338394,8;387129,8;233791,2;507764,6;325498,4;338546,4;53919,2;550115,2;284725,7;279489,3;376831,4;237317,0;414495,9;300327,3;158263,6;214968,9;350075,8;387488,0;421391,8;476659,7;335462,2;299655,4;517672,2;450797,8;331360,7;471381,8;282931,7;302003,7;190188,5;304435,0;394806,8;660626,4;699674,0;367604,4;575940,9;429629,8;375711,2;181257,6;220530,0;401909,8;164031,8;;427213,2;134441,9;300597,7;450415,9;383144,9;203934,0;243897,1;30098,0;87787,0;0,0;267095,8;221265,1;292223,4;201476,4;605458,0;164779,9;454211,2;120836,4;552111,9;192768,0;138988,3;286816,7;240177,6;184862,8;336403,9;238099,6;93074,4;344914,3;122237,1;359319,2;463607,9;469311,6;285061,7;400039,9;598450,8;397361,6;326900,5;400055,1;450091,9;189171,2;168964,6;129813,4;207261,4;541717,2;426937,8;437740,5;309771,0;291477,9;193177,9;263582,9;419595,0;362278,8;143185,8;435714,9;183218,6;254349,2;512782,7;626020,9;412664,0;521988,7;96053,5;184220,9;320890,1;370017,4;300652,5;114072,9;336855,1;158883,8;141260,2;275528,8;227930,0;216398,3;389486,1;143231,5;161761,3;624951,6;551046,4;;281006,2;225247,8;386480,6;224911,5;420864,0;259799,5;191392,3;337266,6;278163,0;416308,9;381898,9;392439,7;189330,0;215756,3;424175,5;478544,8;97447,3;580207,8;195297,0;431261,7;197878,5;156775,7;222210,6;518878,8;396140,5;60939,9;194237,7;212646,0;106055,6;229391,6;367106,9;207469,7;320734,4;104659,5;623835,8;115039,1;225927,2;465076,9;260488,0;124966,0;417506,2;310805,5;433319,7;173969,1;216631,9;273264,3;360882,2;233677,9;184054,0;183189,8;280637,7;146984,8;361418,4;698136,6;218016,8;371327,8;331708,3;258145,3;;202874,9;268177,4;59557,0;228690,2;278273,1;272977,1;;382367,1;73388,7;259308,5;255521,6;172857,3
Francisco Macedo;203858,6;316017,6;309733,8;55958,3;31239,7;367698,1;434662,2;542415,4;342167,1;302341,8;417362,0;439540,4;213460,5;108302,2;242008,5;260302,7;825851,2;667585,2;229249,2;553311,4;824289,2;303577,1;574929,7;215553,1;32804,1;370768,4;460316,2;136862,4;537858,6;95526,3;704792,1;680152,6;414560,7;512410,2;561145,2;356618,4;681779,9;358464,6;512561,8;213242,2;724130,6;20531,7;185616,7;250823,0;36423,0;588511,2;474342,7;378470,6;355880,4;524091,2;300002,9;458619,1;650675,1;71268,2;348560,5;691687,6;624813,1;505376,1;645397,1;456947,1;522210,7;204536,8;184912,8;429544,8;880833,4;919881,0;587811,4;796147,9;649836,9;111517,2;355273,0;394545,4;436647,8;113872,0;;601228,6;232239,6;520804,7;624431,3;417882,8;337537,6;159401,2;292466,5;239599,5;267114,8;0,0;53786,9;68117,7;87923,3;825665,0;384986,8;491438,5;302608,0;726127,2;167545,0;157352,5;183375,4;126624,4;327381,3;150429,1;66382,1;293236,8;458887,5;342444,1;309603,1;637623,2;643327,0;459077,0;423993,4;818657,8;434588,9;500915,9;574070,4;264117,1;363186,6;171116,5;314626,8;427468,4;715732,6;600953,2;611755,9;529978,0;27283,9;413384,9;77010,5;593610,4;536294,2;326528,8;438366,3;357234,0;81642,5;732989,7;578022,6;586679,4;696004,1;242884,6;389871,7;494905,4;544032,8;250936,5;206041,3;403773,2;194332,4;307797,6;31422,8;260737,8;357309,9;609693,1;379513,6;112572,6;845158,6;725061,8;;122265,4;399263,2;118225,6;445118,5;476846,9;291434,7;94884,2;164559,9;105456,3;590324,3;555914,2;566455,1;409537,0;328790,4;238200,7;698751,8;284016,7;800414,8;301411,4;651468,7;418085,5;134837,4;267975,6;739085,8;616347,4;206884,2;107140,7;66157,9;323108,2;191532,2;404334,2;282677,2;170390,2;214403,8;844042,8;311910,9;124123,0;506035,6;300407,7;142729,0;591521,6;278840,4;607335,1;280083,4;109590,4;49158,5;395620,2;118156,2;297088,1;252197,8;329542,8;358316,5;396156,4;918343,6;438223,8;417537,9;67514,3;208140,4;;95833,5;391347,0;215424,8;402705,6;452288,5;493184,1;;417105,1;226299,8;145755,3;22619,1;151403,2
Francisco Santos;205589,0;270187,0;263903,2;54825,7;42062,3;321867,4;388831,6;496584,8;296336,4;256511,1;371531,3;393709,8;167629,8;62471,6;196177,8;223831,7;780020,5;621754,6;183418,6;507480,7;778458,6;257746,4;529099,1;169722,5;64565,9;324937,8;414485,5;201824,2;492028,0;49695,6;658961,4;634321,9;368730,1;466579,6;515314,6;310787,8;635949,3;321993,6;466731,2;167411,6;678299,9;71442,5;139786,1;252553,4;24033,9;542680,6;428512,0;332640,0;310049,8;478260,5;301733,3;412788,4;604844,5;122179,0;302729,8;645856,9;578982,5;459545,5;599566,5;411116,4;476380,0;158706,2;186643,2;383714,2;835002,8;874050,4;541980,8;750317,2;604006,2;162428,1;309442,3;348714,8;390817,2;68041,4;;555397,9;186409,0;474974,1;578600,7;372052,2;291707,0;113570,6;246635,8;193768,8;221284,1;53812,6;0,0;78940,3;42092,6;779834,4;339156,2;445607,8;256777,4;680296,6;121714,3;111521,9;137544,8;80793,8;281550,6;152159,5;49026,8;247406,1;413056,8;296613,5;263772,5;591792,6;597496,3;413246,4;378162,8;772827,1;388758,2;455085,3;528239,8;265847,5;317356,0;125285,9;268796,2;381637,8;669901,9;555122,6;565925,2;484147,3;78194,7;367554,2;78740,9;547779,8;490463,6;280698,2;401895,3;311403,4;45171,5;687159,0;532191,9;540848,7;650173,4;197054,0;344041,1;449074,8;498202,2;205105,8;160210,6;357942,6;148501,8;261966,9;82333,6;214907,2;311479,2;563862,4;333683,0;66741,9;799327,9;679231,2;;123995,9;353432,5;169136,4;399287,9;431016,3;245604,1;49053,6;128088,9;68985,3;544493,7;510083,6;520624,4;363706,3;282959,8;239931,1;652921,1;238186,0;754584,1;255580,8;605638,0;372254,8;89006,8;222145,0;693255,1;570516,8;161053,5;61310,1;20327,3;277277,6;145701,6;358503,5;236846,6;172120,5;168573,2;798212,2;266080,3;78292,4;469564,6;254577,0;96898,4;545691,0;233009,8;561504,4;234252,8;63759,8;59981,1;349789,5;72325,5;251257,4;206367,1;283712,2;312485,8;350325,7;872513,0;392393,1;371707,2;118425,2;162309,7;;50002,8;345516,3;169594,2;356875,0;406457,8;447353,4;;371274,4;180469,1;99924,7;42238,4;105572,6
Fronteiras;245928,4;341132,6;334848,8;54599,3;39662,5;392813,0;459777,2;567530,4;367282,0;327456,7;442476,9;464655,4;238575,5;133417,2;267123,4;249621,9;850966,1;692700,2;254364,2;578426,3;849404,2;328692,0;600044,7;240668,1;86576,4;395883,4;485431,1;167675,5;562973,6;120641,2;729907,0;614039,5;439675,7;537525,2;586260,2;381733,4;635801,1;347783,8;537676,8;238357,2;658017,6;55522,4;210731,7;292892,8;61538,0;613626,2;499457,6;403585,6;380995,4;549206,1;342072,6;483734,1;675790,1;102081,3;373675,4;645708,8;649928,1;530491,1;585803,5;482062,0;547325,6;229651,8;226982,5;454659,8;905948,4;944996,0;612926,4;821262,9;674951,8;142189,3;380387,9;419660,4;461762,8;138987,0;;522368,2;257354,6;545919,7;649546,3;442997,8;362652,6;184516,2;317581,4;264714,5;292229,7;68132,5;78901,9;0,0;113038,2;850780,0;410101,8;516553,4;327723,0;680148,4;192659,9;182467,5;208490,4;151739,4;352496,2;192498,8;108451,9;318351,8;484002,4;367559,1;334718,1;662738,2;668441,9;484192,0;449108,4;843772,7;459703,8;526030,9;599185,4;306186,9;388301,6;196231,5;339741,8;452583,4;649619,6;626068,2;636870,9;555092,9;57673,6;438499,9;119080,2;618725,4;561409,2;351643,8;427685,6;382349,0;112039,6;758104,6;603137,6;611794,3;650025,2;267999,6;414986,7;520020,4;569147,8;276051,4;231156,3;428888,2;219447,4;332912,5;96653,5;285852,8;382424,8;634808,1;404628,6;137687,5;870273,6;679083,0;;164335,2;424378,2;149038,7;470233,5;432500,8;316549,7;119999,2;153879,1;94775,5;615439,3;581029,2;591570,0;434652,0;353905,4;280270,4;723866,8;309131,6;825529,8;326526,4;676583,6;443200,4;159952,4;293090,6;764200,7;641462,4;231999,2;132255,7;91272,9;348223,2;216647,2;429449,1;307792,2;212459,9;239518,8;869157,8;337025,9;149238,0;495354,8;325522,7;167844,0;616636,6;303955,4;632450,1;305198,4;134705,4;51408,7;420735,1;143271,1;322203,0;277312,7;354657,8;383431,4;421271,3;943458,6;463338,8;442652,8;98327,4;233255,3;;120948,4;416462,0;240539,8;427820,6;477403,4;518299,1;;442220,1;251414,7;170870,3;61148,3;176518,2
Geminiano;195332,8;250400,6;244116,8;88700,4;75937,0;302081,1;369045,2;476798,4;276550,1;236724,8;334120,3;373923,4;147843,5;42685,2;176391,5;257806,7;545655,1;601968,2;163632,2;487694,3;758672,2;237960,1;509312,7;132311,4;55811,6;305151,4;394699,2;191568,0;472241,6;38833,5;639175,1;614535,6;331319,0;446793,2;495528,2;273376,8;616162,9;308786,5;446944,8;147625,2;658513,6;105317,2;102375,1;242297,3;57908,6;522894,3;408725,7;312853,6;272638,8;458474,2;254530,3;375377,4;585058,1;116553,1;282943,5;626070,6;559196,1;439759,1;579780,1;391330,1;456593,7;138919,8;106177,0;346303,2;815216,4;854264,0;522194,4;730530,9;584219,9;169998,1;289656,0;328928,4;353406,2;48255,0;;535611,6;166622,6;371823,7;558814,3;334641,2;254296,0;76159,5;226849,5;173982,5;201497,8;87687,3;41856,7;112815,0;0,0;760048,0;319369,8;408196,8;236991,0;660510,2;101928,0;91735,5;100133,7;43382,8;261764,3;141903,3;43599,0;227619,8;393270,5;276827,1;226361,4;572006,2;577710,0;393460,0;358376,4;753040,8;351347,2;435298,9;508453,5;255591,4;297569,6;152252,7;249009,8;361851,4;650115,6;535336,2;546138,9;464361,0;112069,5;347767,9;69082,4;527993,4;470677,2;260911,8;421847,7;291617,0;74940,8;667372,7;494780,9;521062,4;630387,1;177267,7;324254,7;429288,4;478415,8;167694,8;140424,3;338156,2;128715,4;242180,6;81028,3;177496,2;274068,2;544076,1;313896,6;46955,6;779541,6;659444,8;;84211,4;333646,2;191980,0;379501,5;411230,0;208193,1;29267,2;157858,2;98754,6;524707,3;490297,2;500838,0;343920,0;263173,4;229674,9;633134,8;218399,7;734797,8;239126,2;585851,7;352468,5;69220,4;202358,6;673468,8;550730,4;141267,2;41523,7;33237,6;257491,2;125915,2;321092,5;217060,2;161864,4;148786,8;778425,8;246293,9;60016,6;573475,3;234790,7;77112,1;525904,6;195598,8;541718,1;214466,5;45484,0;93855,9;312378,5;61463,4;231471,1;186580,8;263925,8;292699,5;312914,7;852726,6;372606,8;351920,9;112799,3;124898,7;;31727,0;308105,3;149807,8;337088,6;386671,5;427567,1;;333863,4;160682,8;62513,7;76113,1;85786,2
Gilbués;656398,6;704513,1;688227,1;826783,9;814020,5;780902,5;830598,1;283264,8;629085,1;665605,3;411327,9;428856,2;797358,6;766336,0;625300,9;907321,8;267197,4;287426,4;685890,7;949247,2;37905,4;717716,8;970865,6;578821,6;808987,2;787596,7;367263,1;705016,3;933794,4;769723,0;77969,6;1076088,4;418922,4;908346,1;957081,1;426779,5;1077715,8;958301,6;908497,6;654076,5;1120066,4;843400,7;596857,9;559003,1;795992,1;984447,1;870278,5;462359,8;425550,9;920026,9;569659,8;372329,4;1046610,9;741847,6;932458,6;1087623,4;1020748,9;901311,9;1041332,9;852882,9;314857,8;697188,4;618754,0;587795,1;123732,8;162780,5;244285,6;237494,2;228561,3;722306,9;751208,8;790481,2;490902,8;722706,9;;997164,4;748402,9;337988,7;1020367,1;453913,3;458121,8;638252,7;579384,5;710733,8;605642,4;825770,8;779940,2;850898,5;760151,4;0,0;519536,0;324060,3;690787,6;1122063,1;751443,1;697663,4;604185,3;659339,6;505428,0;649497,9;796774,6;663025,6;914865,6;483389,9;537834,8;1033559,1;1039262,8;855012,9;969991,1;260004,0;392375,1;896851,8;970006,2;641152,8;759122,4;801767,8;699764,6;437962,9;1111668,4;996889,1;1007691,8;314021,9;850152,9;508027,7;822257,9;989546,2;932230,1;713137,0;1005666,1;753169,8;813024,3;110267,5;287574,2;982615,2;1091939,9;603053,4;754172,1;890841,2;939968,6;594841,8;789939,4;906806,3;665883,6;711211,4;834203,9;533593,9;426980,3;243804,6;713182,7;720436,3;169565,5;1120997,6;;644698,1;795199,0;705428,3;420020,2;990815,2;552885,0;750067,4;895941,6;836838,0;986260,1;951850,1;962390,9;504179,8;785707,6;617832,1;126939,6;667398,6;168016,6;486343,0;300750,9;471869,4;713206,1;792161,8;266713,2;228439,9;661097,2;752912,8;771321,1;676006,8;631674,1;422634,3;777420,9;635053,3;611659,4;86942,3;684990,3;784602,3;1035028,1;830439,2;683641,1;987457,4;503793,8;1003270,9;504642,3;775306,9;831939,3;553870,4;792352,9;754005,2;533095,0;913440,9;716936,0;449459,2;161243,1;412973,8;941279,0;745101,8;574112,8;;761550,0;461165,7;659714,3;798641,4;848224,3;393502,8;;454691,0;673546,1;635342,6;814196,6;729287,6
Guadalupe;507677,3;263682,0;247396,0;385952,8;373189,4;340071,4;389767,0;235982,5;188254,0;224774,2;410759,9;113647,1;356527,5;325504,9;184469,8;466490,7;519418,3;361152,3;245059,6;508416,1;517856,4;276885,7;530034,4;331438,0;368156,1;346765,6;153883,3;503912,5;492963,3;328891,9;398359,2;635257,2;410447,9;467514,9;516250,0;264416,5;636884,7;517470,6;467666,6;213245,4;679235,3;402569,6;345658,1;396640,0;355161,0;543616,0;429447,4;72037,7;245594,1;479195,9;407296,7;452017,0;605779,9;453306,2;491627,5;646792,3;579917,9;460480,8;600501,9;412051,8;215777,8;256357,3;370603,8;425432,0;574400,5;613448,1;281378,6;489715,0;343404,0;493555,2;310377,7;349650,2;432535,0;281875,8;;556333,3;307571,8;214371,8;579536,1;413770,1;234559,2;310065,9;138553,4;269902,7;164811,3;384939,7;339109,1;410067,4;319320,4;519232,1;0,0;405534,9;249956,5;681232,0;310612,0;256832,3;352985,5;358021,5;215488,0;401347,8;355943,5;222194,5;474034,4;42558,8;375471,8;592728,0;598431,7;414181,8;529160,0;512224,8;427986,8;456020,7;529175,2;478789,8;318291,3;360936,8;258933,5;103730,6;670837,3;556058,0;566860,6;223545,1;409321,8;87491,6;381426,9;548715,1;491398,9;272305,9;564835,1;312338,8;372193,2;426556,8;539795,1;541784,1;651108,8;162222,3;313341,1;450010,2;499137,5;366821,3;349108,3;465975,2;225052,6;270380,3;393372,8;294098,8;247023,5;303260,2;272351,6;279605,2;538725,7;680166,6;;398850,2;354367,9;504324,5;255536,7;549984,2;325968,2;309236,3;455110,6;396006,9;545429,1;511019,0;521559,8;83643,7;344876,5;455469,0;392318,9;226567,5;493981,9;265525,0;303412,3;228503,7;272374,9;351330,7;391029,3;309914,6;220266,1;312081,6;330490,0;235175,7;295560,4;397732,1;336589,8;386903,2;170828,3;537609,9;244159,2;343771,2;594197,1;389608,2;242810,0;546626,4;341430,7;562439,8;240137,9;334475,8;391108,2;391507,4;351521,8;313174,1;249358,6;472609,8;276104,9;392043,6;611910,8;131790,9;500447,9;449552,3;324314,1;;320718,9;298802,6;218883,2;357810,3;407393,2;137664,0;;412992,3;232715,0;377152,4;373365,5;288456,5
Guaribas;366805,6;553193,5;536907,6;492253,8;479490,4;629582,9;679278,5;169551,4;477765,5;514285,8;75826,4;389574,0;527192,9;398398,6;473981,3;637156,1;148808,0;278458,7;477606,9;797927,6;322668,3;566397,2;819546,0;289228,6;421294,6;636277,1;253549,6;415423,3;782474,9;442386,8;264249,2;924768,8;83420,8;757026,5;805761,5;235990,0;926396,2;688135,9;757178,1;452204,8;968746,9;460750,7;307265,0;269410,2;461462,0;833127,6;718958,9;348646,4;241852,7;768707,4;280066,8;36827,9;895291,4;452254,6;662292,9;936303,9;869429,4;749992,4;890013,4;701563,3;201144,4;374472,4;329161,0;184681,8;288794,7;296550,7;130572,2;176102,6;173922,3;432714,0;599889,2;639161,7;155401,2;452541,2;;845844,9;517073,7;224275,2;869047,6;118411,7;274423,7;348659,7;428064,9;478562,0;454322,9;491240,7;445410,1;516368,4;408235,0;324044,0;405822,6;0,0;539468,1;970743,5;481277,4;427497,7;314592,3;369746,7;321729,9;359904,9;409220,2;511706,1;763546,0;369676,4;213851,3;882239,6;887943,2;703693,3;737725,8;187166,1;56873,6;745532,2;818686,8;323459,3;607802,9;531602,1;548445,1;324249,5;960348,9;845569,5;856372,2;200308,5;467502,9;394314,2;400298,4;838226,6;780910,5;561817,4;854346,6;601850,3;478494,2;231368,7;97933,9;831295,6;940620,4;451733,8;602852,6;739521,7;788649,1;305248,8;519773,7;755486,8;379777,2;559891,9;446511,2;289744,9;243282,2;130091,1;561863,1;423576,8;233033,4;969678,1;;355105,2;643879,4;415835,3;267002,4;839495,7;263292,1;432820,6;561411,6;502307,9;834940,6;800530,5;811071,3;390466,4;634388,0;328239,2;197130,8;516079,0;246149,7;302644,9;339215,5;288171,3;399384,5;581708,0;325668,6;95620,6;445846,8;445077,1;436791,0;524687,2;342081,2;87132,8;626101,3;345460,4;436912,3;342421,8;533670,8;463569,9;883708,6;614140,1;413475,4;836137,9;216862,8;851951,4;320944,2;449037,3;497409,2;128776,6;465016,8;602685,7;335055,8;643275,2;565616,5;113957,6;266872,0;299260,4;789959,4;455508,8;284519,8;;435280,4;207818,8;454387,3;647321,9;696904,8;354220,7;;119189,5;465262,3;345749,6;479666,5;382485,2
Hugo Napoleão;425324,3;36608,5;16961,8;303599,8;290836,4;125232,1;158060,3;407368,3;73818,4;27550,8;465294,6;304493,3;110066,7;243151,9;140550,9;263866,3;690804,1;532538,1;133530,6;276709,4;689242,1;45179,0;298327,8;290575,1;285803,1;128302,4;325269,1;421559,5;261256,7;232760,1;569744,9;403550,6;464982,6;235808,3;284543,3;318951,1;405178,0;314846,2;235959,9;169326,6;447528,7;320216,6;334660,8;402137,3;272808,0;311909,4;197740,8;243423,5;300128,8;247489,2;412793,9;506551,7;374073,2;370953,2;289003,1;415085,7;348211,2;228774,2;368795,2;180345,1;387163,6;215494,4;329740,9;479966,7;745786,3;784833,9;452764,3;661100,8;514789,8;411202,2;78671,1;117943,5;487069,7;199522,8;;324626,7;103656,0;385757,6;347829,4;468304,8;289093,9;255219,2;115257,9;109233,4;120892,5;302586,7;256756,1;327714,4;236967,4;690617,9;249939,8;539371,1;0,0;449525,3;162914,0;188494,1;332419,5;275668,5;270022,7;371894,8;273590,5;25253,0;242327,8;207397,0;384625,1;361021,3;366725,1;182475,1;297453,4;683610,6;482521,5;224314,0;297468,6;485582,8;86584,7;158312,4;27226,9;292421,3;439130,7;324351,3;335154,0;394930,9;326968,9;278337,8;299073,9;317008,5;259692,3;49926,9;333128,4;80632,1;289840,2;597942,6;711180,8;310077,4;419402,2;181213,4;113269,8;218303,5;267430,9;325958,4;143872,6;234268,6;205290,0;38673,7;311019,8;313089,9;301558,2;474646,0;139160,8;197252,2;710111,4;448459,9;;316497,2;122661,3;421971,5;310071,4;318277,5;344959,3;226883,3;240543,0;313653,9;313722,4;279312,3;289853,1;274489,9;86324,4;459666,4;563704,7;63934,8;665367,7;280456,9;516421,6;283038,4;212634,8;92778,7;604038,6;481300,3;176347,3;205365,1;248137,0;24684,0;269329,6;452266,8;78037,7;391855,9;189819,4;708995,8;19138,9;199017,3;362490,4;131056,1;203392,2;314919,7;353862,3;330733,2;259129,0;192421,3;308755,2;446042,0;220735,2;54622,1;268349,7;269985,4;63237,7;446578,3;783296,6;303176,7;268741,3;367199,3;283451,2;;209465,7;353337,3;114153,2;126103,7;175686,6;358137,0;;467527,0;121186,0;294799,4;291012,5;229200,6
Ilha Grande;850164,6;418665,5;438124,6;728440,1;715676,7;363000,8;294496,2;839761,0;506211,0;458275,0;897687,2;736885,9;534907,0;667992,2;572943,6;456409,3;1123196,8;964930,8;558370,9;228999,7;1121634,8;426383,4;180639,2;722835,9;710643,4;369918,8;757661,8;846399,8;216643,5;657600,4;1002137,6;58334,4;897375,2;248373,6;169554,8;751343,8;48929,4;416677,9;242148,6;601719,2;65563,2;745056,9;759501,1;834398,2;697648,3;202706,7;266969,7;675816,2;732521,4;219708,4;845054,8;938944,4;100891,1;795793,4;357971,5;79453,0;105123,8;230195,8;114490,5;288672,2;819556,2;647755,4;762001,8;912359,4;1178179,0;1217226,6;885157,0;1093493,5;947182,4;836042,5;421158,2;353767,9;919462,4;624363,1;;221636,8;528496,3;818150,2;132487,5;900697,4;721486,6;680059,5;547650,6;534073,7;553285,2;727427,1;681596,4;679237,4;661807,7;1123010,5;682332,4;971763,8;450651,8;0,0;587754,2;613334,4;757259,8;700508,8;702415,4;796735,1;698430,8;478071,6;292459,9;639789,7;816885,9;145679,4;151733,6;302117,1;290631,0;1116003,2;914914,1;272000,6;206843,4;910423,2;380764,2;583152,7;424909,0;724814,0;60686,2;178642,1;164721,1;827323,6;751809,2;710730,4;723914,2;185388,5;248976,5;420189,2;251838,5;400693,9;619572,2;1030335,2;1143573,5;186966,2;83769,5;613606,1;386126,1;238883,6;239881,1;758219,3;568712,9;323654,1;637550,9;419878,1;735860,1;745482,5;733950,9;907038,6;426620,5;622092,6;1142504,1;20282,5;;741337,5;358485,7;846811,8;742464,1;236987,6;777352,0;651723,6;547706,1;584468,1;152912,5;198022,5;215812,4;706882,6;390622,9;884506,8;996097,3;496327,5;1097760,4;712849,6;948814,2;715431,0;637475,1;406284,4;1036431,3;913693,0;608740,0;630205,4;672977,2;453611,8;694169,9;884659,4;495294,6;816696,2;622212,1;1141388,4;439933,2;623857,6;212184,8;366887,6;628232,5;174502,2;786123,2;146381,7;691521,6;617261,6;733595,6;878434,7;645575,5;471878,9;700742,3;405087,2;435400,7;878970,9;1215689,2;735569,3;319347,2;792039,6;715712,1;;634306,0;785730,0;552777,8;349085,8;328006,5;790529,6;;899919,6;546026,3;719639,8;715852,8;654040,9
Inhuma;290279,1;176341,4;170057,6;168554,6;155791,2;228021,8;294986,0;468033,3;180170,6;190294,6;407044,2;365158,3;73784,3;108106,7;167626,4;183747,4;751469,1;593203,1;55873,4;413635,1;749907,1;163900,8;435253,5;205235,4;150757,9;231092,2;385934,1;286514,3;398182,4;98075,2;630409,9;540476,3;404243,0;372734,0;421469,0;346300,7;542103,8;234727,3;372885,6;138860,1;584454,4;185171,4;199615,6;316797,6;137762,8;448835,0;334666,4;304088,5;360793,8;384414,9;327454,2;448301,3;510998,9;235907,9;208884,2;552011,4;485136,9;365699,9;505720,9;317270,8;447828,6;130154,8;203417,5;419227,1;806451,3;845498,9;513429,3;721765,8;575454,8;276156,9;215596,7;254869,2;426330,1;64477,6;;461552,4;58863,8;446422,6;484755,1;407565,1;269434,2;120174,0;218084,4;87162,9;192732,6;167541,5;121710,9;192669,2;101922,2;751282,9;310604,8;481120,7;162931,8;586451,0;0,0;53448,8;197374,3;140623,3;252999,2;236849,6;138545,3;186623,1;319211,2;268062,0;299285,4;497947,0;503650,8;319400,8;284317,2;744275,6;424271,1;361239,7;434394,2;350537,6;223510,4;78193,5;174950,6;353086,3;576056,4;461277,0;472079,7;455595,9;191923,6;339002,8;164028,6;453934,2;396618,0;186852,6;347788,5;217557,8;154795,0;658607,6;567704,9;447003,1;556327,9;168502,5;250195,5;355229,2;404356,6;240618,7;32665,5;264097,0;119950,3;168121,3;175974,5;217636,2;362223,2;535311,0;245513,0;62207,0;770776,4;585385,6;;181452,0;259587,0;286926,3;370736,4;337170,7;249505,7;91838,1;237712,3;178608,7;450648,1;416238,0;426778,8;335154,9;189114,2;324621,2;624369,7;150016,0;726032,7;227029,3;577086,6;343703,4;77589,5;128299,4;664703,6;541965,4;132502,1;70680,1;113091,7;183432,0;134284,3;394016,4;143001,0;256810,7;140021,7;769660,8;172234,7;64332,3;499416,1;160731,5;68346,9;451845,4;268522,7;467658,9;205701,3;57736,3;173710,0;385302,4;86050,2;157411,8;177815,6;189866,6;218640,2;385838,6;843961,6;363841,7;277861,6;232154,1;198111,5;;74780,7;414002,3;84868,0;263029,4;312612,2;418802,0;;406787,3;65659,6;159754,2;155967,3;94155,3
Ipiranga do Piauí;280063,4;201977,2;195693,5;158338,9;145575,4;253657,7;320621,8;414281,2;214032,9;174207,6;353292,1;311406,2;99420,1;97890,9;113874,3;209383,3;697716,9;539451,0;110510,1;439271,0;696155,1;189536,7;460889,3;151483,3;140542,2;256728,0;332182,0;276298,5;423818,2;101278,0;576657,9;566112,1;350490,9;398369,8;447104,8;292548,6;567739,6;260363,1;398521,4;85108,0;610090,2;174955,6;165703,4;263045,5;127547,0;474470,9;360302,3;250336,4;307041,7;410050,8;273702,1;394549,2;536634,8;225692,2;234520,1;577647,2;510772,8;391335,7;531356,8;342906,7;394076,5;76402,6;190649,1;365475,0;752699,2;791746,8;459677,2;668013,7;521702,7;265941,2;241232,6;280505,0;372578,0;54261,8;;487188,2;118199,2;392670,5;510390,9;353813,0;215682,1;130111,2;164332,3;111465,3;138980,5;157325,8;111495,1;182453,4;91706,4;697530,8;256852,7;427368,6;188567,6;612086,9;39034,2;0,0;173030,8;130407,6;199247,1;226633,9;128329,6;165102,6;344847,1;214309,9;245533,3;523582,9;529286,6;345036,7;309953,0;690523,5;370519,0;386875,5;460030,1;340321,9;249146,2;103829,3;200586,4;299334,2;601692,2;486912,8;497715,5;401843,8;181707,9;285250,7;153812,9;479570,0;422253,8;212488,4;373424,3;243193,6;144579,2;604855,4;513952,8;472639,0;581963,7;114750,4;275831,3;380865,1;429992,4;186866,6;92000,9;289732,8;66198,2;193757,2;165758,8;163884,1;308471,1;481558,9;251379,4;51991,3;717024,4;611021,4;;171236,2;285222,8;276710,5;316984,3;362806,6;195753,6;81622,3;227496,6;168393,0;476283,9;441873,9;452414,7;281402,8;214750,0;314405,5;570617,6;155882,5;672280,6;173277,2;523334,5;289951,3;67373,8;153935,2;610951,6;488213,2;78750,0;84467,7;102876,0;184609,0;115605,7;340264,3;168636,8;246594,9;86269,6;715908,6;197870,5;86663,8;525051,9;186367,3;21038,9;477481,2;214770,6;493294,7;151949,2;80067,8;163494,3;331550,3;123907,9;183047,7;124063,6;215502,4;244276,1;332086,5;790209,4;310089,6;303497,5;221938,3;144359,4;;93104,9;360250,2;87290,6;288665,2;338248,1;365049,9;;353035,2;98165,6;149538,5;145751,6;83939,6
Isaías Coelho;173498,6;345826,5;339542,8;184126,3;171362,9;397507,0;464471,2;320852,6;310157,8;286786,6;240451,5;407531,2;243269,4;90271,1;226453,3;353232,6;451986,2;536497,8;223089,2;583120,2;602726,4;333386,0;604738,6;38642,6;113167,1;400577,3;330136,1;169733,7;567667,6;134259,4;544307,3;709961,4;237650,2;542219,1;590954,1;179707,9;711588,9;404212,4;542370,8;197687,0;753939,5;152623,2;8706,2;150204,8;153334,5;618320,2;504151,6;346461,4;178969,9;553900,1;160861,5;281708,6;680484,0;144254,1;378369,4;721496,5;654622,1;535185,0;675206,1;486756,0;300647,8;119954,7;38358,5;252634,3;659270,6;698318,2;366248,6;574585,1;453980,5;187024,3;385081,9;424354,3;259737,3;143680,9;;631037,5;262048,5;278154,8;654240,2;240972,3;160627,1;64189,4;260457,2;224044,3;286715,2;183113,2;137282,6;208240,9;100107,5;604102,2;352977,6;314527,9;332416,9;755936,2;197353,9;172980,0;0,0;61619,2;189622,2;69102,4;101092,8;277681,6;488696,4;310434,9;132692,6;667432,2;673135,9;488885,9;453802,3;597094,9;257678,4;530724,8;603879,4;184176,4;392995,5;247678,6;344435,7;395459,2;745541,5;630762,1;641564,8;308415,2;159375,4;381375,7;92170,9;623419,3;566103,1;356337,7;517273,6;387042,9;170366,7;511426,8;401112,1;616488,2;725813,0;210875,4;419680,6;524714,4;573841,7;74025,9;235850,2;433582,2;125259,4;337606,5;138383,7;83827,3;180399,4;388130,2;394255,4;142381,5;623595,7;754870,8;;46977,7;429072,1;170145,7;223837,2;506655,8;114524,2;124693,1;253284,1;194180,5;620133,2;585723,2;596263,9;377527,8;358599,3;160855,7;477188,9;268461,5;578851,9;145457,4;589091,8;207616,8;114914,2;297784,5;676708,8;394784,6;191329,0;136949,6;128663,5;297188,1;57610,8;227423,7;312486,1;54657,8;182394,6;622480,0;306171,6;155442,5;668901,2;330216,6;158957,7;621330,6;101929,9;637144,0;141499,0;140909,9;189281,8;218709,6;156889,3;326897,0;113613,3;359351,7;388125,4;219245,9;696780,8;375846,9;447346,8;147508,2;31229,9;;127152,9;214436,5;199869,6;432514,5;482097,4;430807,2;;240194,6;210744,6;37622,1;171539,0;98014,9
Itainópolis;148847,0;289075,6;282791,8;127375,4;114611,9;340756,0;407720,2;376006,9;315225,0;275399,7;295605,8;412598,3;186518,4;33520,1;215066,4;296481,6;507140,5;640643,1;202307,2;526369,3;657880,8;276635,0;547987,6;93796,9;65069,5;343826,4;433374,1;145082,2;510916,6;77508,4;599461,6;653210,5;292804,5;485468,2;534203,2;234862,3;654837,9;347461,5;485619,8;186300,1;697188,5;104525,6;63860,6;205359,2;96583,5;561569,2;447400,6;351528,6;234124,2;497149,1;216015,8;336862,9;623733,1;125811,0;321618,4;664745,6;597871,1;478434,0;618455,1;430005,0;355802,1;177594,8;67662,5;307788,6;714424,9;753472,5;421402,9;629739,4;509134,8;162372,8;328330,9;367603,3;314891,6;86930,0;;574286,6;205297,5;333309,2;597489,2;296126,7;215781,4;44196,2;265524,4;212657,4;240172,7;126362,3;80531,6;151489,9;43356,5;659256,5;358044,8;369682,3;275665,9;699185,2;140602,9;130410,5;61619,2;0,0;244776,5;95417,5;44341,8;266294,7;431945,4;315502,1;187846,9;610681,2;616384,9;432135,0;397051,3;652249,2;312832,7;473973,8;547128,4;209105,5;336244,5;190927,7;287684,8;400526,4;688790,5;574011,2;584813,9;363569,5;111277,8;386442,8;44073,3;566668,3;509352,2;299586,8;460522,7;330291,9;113615,8;566581,1;456266,4;559737,3;669062,0;215942,6;362929,6;467963,4;517090,7;129180,3;179099,2;376831,2;167390,4;280855,5;90286,1;138981,6;235553,7;443284,6;352571,5;85630,5;678750,1;698119,8;;45696,9;372321,1;145494,2;278991,5;449904,9;169678,5;67942,2;196533,1;137429,5;563382,2;528972,2;539513,0;382594,9;301848,3;183189,1;532343,2;257074,6;634006,2;200611,7;624526,6;262771,1;107895,4;241033,5;712143,7;449938,9;179942,1;80198,6;71912,5;296166,2;56415,4;282578,0;255735,2;115378,5;187461,7;677634,3;284968,9;98691,5;612150,2;273465,6;115787,0;564579,6;157084,2;580393,1;196653,4;84158,9;132530,8;273864,0;100138,3;270146,0;168767,7;302600,8;331374,4;274400,2;751935,1;411281,7;390595,8;122057,1;86384,2;;70401,9;269590,8;188482,8;375763,5;425346,4;466242,0;;295348,9;199357,7;23999,1;114788,1;124461,2
Itaueira;330812,4;283728,6;267442,6;328327,3;315563,9;360118,0;409813,6;222076,1;208300,6;244820,8;247536,8;270513,3;298902,1;267879,4;204516,3;408865,2;505511,8;437721,3;249316,0;528462,7;503949,9;296932,2;550081,0;168110,5;310530,7;366812,2;231359,6;330095,9;513009,9;271266,5;445530,8;655303,9;247224,8;487561,5;536296,6;101193,4;656931,2;459845,1;487713,2;233292,0;699281,9;344944,2;182330,6;233416,9;297535,5;563662,6;449494,0;209443,5;82370,9;499242,4;244073,5;288793,9;625826,4;395680,7;434002,0;666838,9;599964,4;480527,4;620548,4;432098,4;201871,4;147075,7;207276,3;262208,9;560494,1;599541,7;267472,1;475808,6;355204,0;347386,5;330424,3;369696,7;269311,9;224250,3;;576379,9;327618,4;179378,4;599582,6;250547,0;71336,1;165600,3;158600,0;289949,3;184857,9;327314,2;281483,6;352441,9;261694,9;505325,7;215959,8;321613,3;270003,1;701278,6;252986,5;199206,8;189658,0;244812,3;0,0;238020,2;298318,1;242241,1;494081,0;173417,0;212248,6;612774,6;618478,3;434228,3;549206,6;498318,4;264763,7;476067,2;549221,8;315566,6;338337,9;303311,3;278980,1;258441,3;690883,9;576104,6;586907,2;209638,7;351696,4;244357,8;323801,4;568761,7;511445,5;292352,5;584881,6;332385,3;314567,7;412650,3;525888,6;561830,7;671155,4;125770,2;333387,7;470056,8;519184,1;203493,8;291482,8;486021,8;120805,6;290426,9;335747,3;121316,4;83800,4;289353,8;292398,2;221979,8;524819,2;700213,1;;230170,8;374414,5;330507,9;92313,6;570030,8;153185,9;251610,8;397485,1;338381,5;565475,6;531065,6;541606,4;240509,9;364923,0;292245,9;378412,5;246614,0;480075,5;102301,9;482441,6;65280,6;193121,9;371377,3;570058,6;296008,1;240312,7;254456,2;272864,5;255222,3;151094,8;234509,0;356636,3;223575,7;113202,8;523703,5;264205,8;286145,8;614243,6;409654,7;185184,5;566672,9;178207,6;582486,4;58884,7;276850,4;333482,8;228284,2;293896,3;333220,7;76576,3;414984,4;296151,5;228820,5;598004,3;269196,7;520494,5;391926,8;160986,6;;263093,4;135579,5;226096,5;377856,9;427439,8;324157,0;;249769,2;236971,5;220815,2;315740,1;176222,6
Jacobina do Piauí;96243,1;385328,4;379044,6;168429,7;155666,3;437008,9;503973,0;366227,0;358595,4;371652,5;285825,8;455968,7;282771,3;177613,0;311319,3;358682,4;497360,6;581872,2;298560,0;622622,1;648100,8;372887,8;644240,5;78231,3;118945,2;440079,2;375510,5;92478,3;607169,4;173761,3;589681,7;749463,3;283024,6;581721,0;630456,0;225082,3;751090,8;443714,3;581872,6;282553,0;793441,4;158401,3;71308,3;83095,1;133691,2;657822,1;543653,4;394898,9;244062,0;593401,9;132274,9;327083,0;719985,9;92752,3;417871,2;760998,4;694123,9;574686,9;714707,9;526257,9;346022,2;168392,2;34886,3;298008,7;704644,9;743692,6;411623,0;619959,4;499354,8;109768,9;424583,8;463856,2;305111,7;183182,8;;670539,4;301550,4;323529,2;693742,1;286346,8;209064,7;142579,5;308894,8;308910,3;336425,5;150470,1;152166,6;192544,3;141908,0;649476,6;401415,2;359902,3;371918,8;795438,1;236855,8;226663,3;69067,0;95456,5;238059,8;0,0;112686,6;362547,6;528198,2;358872,4;178067,0;706934,1;712637,8;528387,8;493304,2;642469,2;303052,8;570226,7;643381,2;156501,6;432497,4;287180,5;383937,6;443896,7;785043,4;670264,1;681066,7;353789,5;165153,6;429813,2;97949,1;662921,2;605605,0;395839,6;556775,5;426544,8;180022,2;556801,2;446486,5;655990,1;765314,9;259312,9;459182,5;564216,2;613343,6;71761,2;275352,1;473084,0;173697,0;377108,3;144161,9;132264,9;245491,4;433504,7;448824,4;181883,3;668970,1;794372,6;;71658,6;468574,0;92890,3;269211,6;546157,8;159898,6;164195,0;262939,6;203835,9;659635,1;625225,1;635765,8;425965,3;398101,2;130585,2;522563,3;353327,4;624226,4;193894,9;634466,1;256054,3;204148,2;337286,4;722083,2;440159,0;276195,0;176451,5;168165,4;392419,0;136001,0;272798,1;351988,0;20363,7;230832,1;667854,4;381221,7;194944,3;708403,1;369718,5;212039,8;660832,4;147304,3;676645,9;189936,6;180411,8;173585,2;264084,0;196391,2;366398,8;162050,9;398853,6;427627,3;264620,2;742155,2;421221,2;486848,7;96006,5;77126,4;;166654,8;259810,9;284735,6;472016,4;521599,2;476181,6;;285569,0;295610,6;83424,4;155842,4;220714,0
Jaicós;166111,4;287019,5;280735,7;84378,2;71614,7;338699,9;405664,1;513417,2;313168,9;273343,6;335105,6;410542,2;184462,3;79304,1;213010,3;294425,5;546640,3;638587,1;200251,1;524313,2;795291,1;274578,9;545931,6;133296,7;34893,7;341770,3;431318,0;162346,6;508860,5;75452,3;675793,9;651154,4;332304,3;483412,1;532147,1;274362,0;652781,8;345405,4;483563,7;184244,0;695132,4;74349,8;103360,3;213075,9;49639,7;559513,1;445344,5;349472,5;273624,0;495093,0;262255,7;376362,7;621676,9;95635,2;319562,3;662689,4;595815,0;476377,9;616399,0;427948,9;493212,5;175538,7;147165,6;347288,4;851835,2;890882,9;558813,2;767149,8;620838,7;179637,2;326274,8;365547,2;354391,4;84873,9;;572230,4;203241,4;372808,9;595433,2;335626,4;255281,2;77144,8;263468,3;210601,3;238116,6;66418,5;49026,8;108492,7;43599,0;796666,9;355988,7;409182,1;273609,8;697129,1;138546,8;128354,4;101119,0;44368,0;298383,1;112681,9;0,0;264238,6;429889,3;313446,0;227346,7;608625,1;614328,8;430078,9;394995,2;789659,6;352332,5;471917,8;545072,3;226370,0;334188,4;188871,6;285628,7;398470,3;686734,4;571955,1;582757,8;500979,8;81102,0;384386,8;45765,3;564612,2;507296,1;297530,7;458466,6;328235,9;111559,7;703991,5;495766,2;557681,2;667005,9;213886,5;360873,6;465907,3;515034,6;168680,0;177043,1;374775,1;165334,3;278799,4;60110,3;178481,4;275053,5;580694,9;350515,5;83574,4;816160,4;696063,7;;84518,3;370265,0;162758,6;318491,3;447848,8;209178,3;65886,1;194477,0;135373,4;561326,2;526916,1;537456,9;380538,8;299792,2;200453,5;669753,6;255018,5;771416,6;240111,5;622470,5;389087,3;105839,3;238977,4;710087,6;587349,3;177886,0;78142,6;69856,4;294110,1;162534,1;322077,8;253679,1;132643,0;185405,6;815044,7;282912,8;96635,4;610094,2;271409,5;113730,9;562523,5;196584,0;578336,9;251085,3;82102,8;89533,6;313363,8;98082,2;268089,9;223199,6;300544,7;329318,3;313900,0;889345,5;409225,6;388539,7;91881,3;125884,0;;68345,9;309090,6;186426,7;373707,4;423290,3;464185,9;;334848,7;197301,6;63498,9;71790,9;122405,1
Jardim do Mulato;415996,8;59376,8;43090,9;294272,3;281508,8;135766,2;185461,8;379578,7;46028,8;20469,0;437505,0;276703,7;133756,2;233824,3;85401,7;287555,8;663014,4;504748,5;105975,2;304110,9;661452,6;72580,5;325729,3;256220,7;276475,6;142460,4;297479,5;412232,0;288658,2;237211,4;541955,4;430952,1;437193,0;263209,8;311944,8;291161,5;432579,5;338535,7;263361,4;114177,4;474930,2;310889,1;270440,9;367783,0;263480,4;339310,8;225142,2;215633,9;272339,2;274890,7;378439,6;478762,1;401474,7;361625,6;326080,2;442487,2;375612,7;256175,7;396196,7;207746,6;359374,0;181140,1;295386,6;452177,1;717996,7;757044,3;424974,7;633311,2;487000,2;401874,6;106072,5;145345,0;459280,1;190195,2;;352028,2;110584,9;357968,0;375230,9;440515,2;261304,3;234848,7;87468,3;72915,8;93102,9;293259,2;247428,5;318386,8;227639,8;662828,3;222150,1;511581,5;25251,2;476926,8;186603,5;165151,8;277768,2;266341,0;242233,1;362567,3;264263,0;0,0;269729,3;179607,4;350270,8;388422,8;394126,6;209876,6;324854,8;655821,0;454731,9;251715,5;324870,0;476255,3;113986,2;182001,9;54628,4;264631,7;466532,2;351752,8;362555,5;367141,3;317641,3;250548,2;289746,3;344409,9;287093,8;68000,7;360529,9;108033,6;280512,7;570152,9;683391,2;337478,9;446803,7;153423,8;152360,6;245705,0;294832,3;291604,1;134314,9;261670,1;170935,7;66075,2;301692,2;285300,2;273768,6;446856,4;111371,2;187924,7;682321,9;475861,4;;307169,7;150062,8;412644,0;282281,8;345679,0;317169,8;217555,7;264232,6;304326,4;341123,9;306713,8;317254,6;246700,3;110013,9;450338,9;535915,1;29580,5;637578,1;252667,3;488632,0;255248,8;182939,1;116468,2;576249,1;453510,8;121198,1;220401,1;238809,4;30870,5;220343,2;424477,2;101727,3;311686,0;162029,8;681206,1;39854,1;222706,8;389891,9;154745,6;151129,5;342321,2;319508,0;358134,7;231339,4;216110,8;299427,7;418252,4;259841,3;78311,6;240560,1;293675,0;71799,8;418788,7;755506,9;275387,1;296142,8;357871,7;249096,8;;229038,3;325547,7;79798,9;153505,2;203088,0;330347,4;;439737,4;93630,7;285471,9;281685,0;199020,7
Jatobá do Piauí;581635,8;211311,7;230770,9;459911,2;447147,8;155647,0;87142,4;632407,2;298857,2;250921,2;690333,4;529532,2;327553,2;399463,3;365589,8;208978,9;915842,9;757577,0;351017,1;154583,6;914281,0;219029,6;178239,2;515482,2;442114,6;162565,0;550307,9;577870,9;104011,8;389071,6;794783,8;246305,7;690021,5;78563,4;127298,4;543990,0;247933,1;169247,6;113834,1;394365,5;290283,8;476528,1;490972,3;627044,4;429119,4;189783,5;59615,9;468462,4;525167,6;26978,0;637701,1;731590,6;216828,3;527264,6;110541,2;257840,8;190966,3;71529,2;211550,3;81318,4;612202,4;440401,6;494774,2;705005,6;970825,2;1009872,8;677803,2;886139,7;739828,6;567513,6;213804,4;146414,2;712108,6;355834,2;;167381,8;321142,6;610796,4;227740,8;693343,6;514132,8;411530,7;340296,8;326719,9;345931,4;458898,2;413067,5;484025,8;393278,8;915656,8;474978,6;764409,9;243298,1;292280,4;319225,4;344805,5;488730,9;431980,0;495061,6;528206,2;429902,0;270717,8;0,0;432435,9;609532,2;240932,7;246636,4;124644,6;65224,1;908649,5;707560,4;127323,4;140223,6;641894,3;173410,4;276715,8;217555,2;517460,2;281885,8;251752,9;245897,2;619969,8;483280,3;503376,7;455385,3;224596,5;217293,2;212835,4;175883,5;193340,1;376517,2;822981,4;936219,7;208237,7;262157,2;406252,3;178772,3;61058,6;177817,1;550865,5;361359,1;95128,0;430197,1;212524,3;467331,2;538128,8;526597,1;699684,9;219266,7;353563,7;935150,3;291215,0;;472808,7;151131,9;578282,9;535110,3;161032,6;569998,2;383194,7;277490,7;341413,1;156477,5;122067,4;190788,9;499528,8;183269,2;615977,9;788743,6;288973,7;890406,6;505495,8;741460,4;508077,2;368946,2;198930,6;829077,5;706339,2;401386,2;361676,5;404448,4;246258,0;425641,0;677305,7;287940,8;548167,3;414858,2;934034,6;232579,4;355328,7;205245,5;159533,8;359703,6;211837,2;578769,5;173488,3;484167,8;348732,8;465066,7;671080,9;309439,0;264525,1;493388,6;157656,8;228046,9;671617,1;1008335,4;528215,6;36512,0;523510,7;508358,3;;365777,1;578376,2;345423,9;141732,0;182318,0;583175,9;;692565,9;338672,6;451110,8;447324,0;385512,0
Jerumenha;465119,2;221123,9;204838,0;343394,8;330631,3;297513,3;347208,9;199972,0;145695,9;182216,1;368201,8;97097,0;313969,4;282946,8;141911,7;423932,6;483407,7;325141,8;202501,5;465858,0;481845,8;234327,6;487476,4;288879,9;325598,1;304207,5;117872,7;461354,4;450405,3;286333,8;362348,6;592699,2;367889,8;424956,9;473691,9;221858,4;594326,6;474912,5;425108,5;170687,4;636677,2;360011,5;303100,0;354082,0;312602,9;501057,9;386889,3;36027,2;203036,0;436637,8;364738,6;409459,0;563221,8;410748,1;449069,4;604234,2;537359,8;417922,8;557943,8;369493,7;179767,2;213799,3;328045,8;382874,0;538390,0;577437,6;245368,0;453704,5;307393,4;450997,1;267819,6;307092,1;389977,0;239317,7;;513775,2;265013,8;178361,3;536978,0;371212,0;192001,2;267507,8;95995,3;227344,7;122253,3;342381,7;296551,0;367509,3;276762,3;483221,6;42543,4;369524,4;207398,4;638673,9;268053,9;214274,2;310427,4;315463,4;172930,0;358789,7;313385,4;179636,4;431476,4;0,0;332913,7;550169,9;555873,6;371623,7;486601,9;476214,3;385428,8;413462,6;486617,1;436231,7;275733,2;318378,7;216375,5;85025,0;628279,2;513499,9;524302,6;187534,6;366763,8;70941,5;338868,8;506157,0;448840,9;229747,8;522277,0;269780,7;329635,1;390546,2;503784,5;499226,0;608550,8;119664,2;270783,0;407452,1;456579,4;324263,2;306550,2;423417,2;182494,5;227822,3;350814,7;251540,7;204465,5;267249,7;229793,5;237047,2;502715,1;637608,5;;356292,1;311809,8;461766,4;212978,7;507426,1;283410,2;266678,2;412552,5;353448,9;502871,0;468460,9;479001,7;67093,6;302318,4;412911,0;356308,3;184009,4;457971,4;222966,9;309025,2;185945,6;229816,9;308772,7;396642,3;273904,0;177708,1;269523,6;287931,9;192617,6;253002,3;355174,0;294031,7;344345,1;128270,2;501599,4;201601,2;301213,1;551638,9;347050,1;200251,9;504068,3;298872,6;519881,8;197579,8;291917,8;348550,2;348949,3;308963,8;270616,1;206800,5;430051,8;233546,9;349485,5;575900,2;95780,4;457889,8;406994,2;281756,0;;278160,8;256244,6;176325,2;315252,2;364835,1;150740,7;;370434,2;190156,9;334594,3;330807,4;245898,4
João Costa;184954,5;398360,9;382074,9;310402,6;297639,2;457305,7;524269,8;254636,5;382824,4;359453,1;139645,2;399944,5;345341,7;216547,4;299119,8;455304,9;351180,0;470281,8;295755,7;642918,9;536510,4;393184,6;664537,3;107377,4;239443,4;460376,0;263920,1;233572,2;627466,2;260535,7;478091,2;769760,1;136844,0;602017,8;650752,8;113491,9;771387,5;506284,8;602169,4;270353,6;813738,2;278899,5;125413,8;87559,0;279610,8;678118,8;563950,2;359016,8;132471,5;613698,7;98215,6;180902,4;740282,7;270403,4;480441,7;781295,2;714420,7;594983,7;735004,7;546554,6;234431,8;192621,2;147309,8;151828,1;593054,5;632102,1;300032,5;378474,7;387764,4;250862,8;444880,5;484153,0;158931,1;270690,0;;690836,2;335222,5;211938,8;714038,9;140166,1;165042,5;166808,5;333123,8;296710,8;359381,7;309389,5;263558,9;334517,2;226383,8;537886,1;376043,5;213721,7;384635,4;815734,8;299426,2;245646,5;132741,2;187895,5;212348,7;178053,8;227369,0;350348,1;608537,3;333500,8;0,0;727230,8;732934,6;548684,6;555874,6;389538,1;156872,1;590523,5;663678,1;169708,7;452794,2;349750,9;393612,4;334619,9;805340,2;690560,8;701363,5;242199,1;285651,7;404684,7;218447,2;683217,9;625901,8;416136,4;619345,9;446841,6;296643,0;445210,8;300305,9;676286,9;785611,7;283541,9;507911,4;584513,0;633640,4;123397,6;337922,5;535654,5;197926,0;397405,1;264660,0;107893,8;133901,0;321914,2;466922,0;241725,7;435405,4;814669,4;;173254,0;488870,8;233984,2;157621,2;608728,2;81440,9;250969,4;379560,4;320456,8;679931,9;645521,8;656062,6;400836,8;418398,0;146388,0;410972,9;341128,0;512635,9;139782,6;522875,7;178790,1;217533,3;399856,8;610492,8;328568,6;263995,6;263225,9;254939,8;369854,6;160230,0;126617,4;367940,1;163609,2;255061,1;556263,9;378838,2;281718,8;728699,9;432288,9;231624,2;681129,2;35011,6;696942,7;181090,3;267186,2;315558,0;117903,4;283165,5;386695,6;153204,6;461424,0;410783,8;118439,6;630564,8;309630,8;549419,1;273657,6;102668,6;;253429,2;96258,9;272536,2;492313,2;541896,1;364591,1;;139388,4;283411,1;163898,4;297815,3;200634,0
Joaquim Pires;758460,9;326961,8;346420,9;636736,4;623973,0;313127,2;244622,7;748057,2;414507,3;366571,3;805983,5;645182,2;443203,3;576288,5;481239,9;406535,8;1031493,0;873227,1;466667,2;118152,7;1029931,1;334679,7;69792,1;631132,2;618939,8;320045,2;665958,0;754696,1;132799,7;565896,7;910433,9;134205,8;805671,6;160053,9;123498,0;659640,1;111871,5;366804,4;138079,2;510015,5;188512,8;653353,2;667797,4;742694,5;605944,6;91859,7;217096,2;584112,4;640817,7;169834,9;753351,1;847240,6;54875,3;704089,8;308098,0;72916,4;135526,1;180322,2;144892,9;238798,7;727852,5;556051,6;670298,1;820655,7;1086475,2;1125522,9;793453,2;1001789,8;855478,7;744338,8;309672,1;262064,2;827758,6;532659,4;;185686,8;436792,6;726446,5;13193,0;808993,7;629782,8;588355,8;455946,8;442370,0;461581,4;635723,3;589892,7;660851,0;570103,9;1031306,8;590628,7;880060,0;358948,1;144297,5;496050,5;521630,7;665556,1;608805,1;610711,6;705031,4;606727,1;386367,9;242586,4;548085,9;725182,2;0,0;71174,8;198047,7;240757,5;1024299,6;823210,4;167931,3;159488,2;818719,4;289060,5;491448,9;333205,3;633110,2;183635,8;93315,1;84162,3;735619,8;660105,4;619026,8;632210,4;114163,7;147672,1;328485,5;201965,0;308990,2;622976,8;938631,5;1051869,8;76119,2;77243,0;521902,3;285307,4;189010,1;129034,1;666515,6;477009,2;273780,6;545847,2;328174,4;644156,4;653778,8;642247,1;815334,9;325801,8;530388,8;1050800,4;143232,1;;649633,8;266782,0;755108,1;650760,4;187114,1;685648,3;560019,9;475047,6;524569,9;114655,3;148149,0;119288,2;615178,8;340749,4;792803,0;904393,6;404623,8;1006056,6;621145,9;857110,5;623727,3;545771,4;356410,9;944727,6;821989,3;517036,2;538501,7;581273,6;361908,1;602466,1;792955,8;403590,8;724992,5;530508,3;1049684,6;348229,4;532153,9;162830,9;317014,1;536528,8;63655,2;694419,6;63812,7;599817,9;525557,9;641891,8;786731,0;553871,8;380175,2;609038,6;355213,7;330284,2;787267,2;1123985,5;643865,6;269473,7;700335,9;624008,4;;542602,2;694026,2;461074,0;242786,0;226702,1;698825,9;;808215,9;454322,6;627936,0;624149,1;562337,1
Joca Marques;762418,6;330919,4;350378,6;640694,1;627930,6;317084,9;248580,3;752014,9;418464,9;370528,9;809941,1;649139,9;447160,9;580246,1;485197,5;410493,4;1035450,6;877184,7;470624,8;115136,8;1033888,7;338637,3;73749,8;635089,9;622897,4;324002,9;669915,6;758653,8;136757,3;569854,3;914391,5;141852,0;809629,2;164011,5;127455,6;663597,7;119517,7;370762,1;142036,9;513973,2;196159,1;657310,8;671755,1;746652,1;609902,2;55987,1;221053,9;588070,1;644775,3;173792,5;757308,8;851198,3;87869,0;708047,4;312055,6;80562,7;143172,4;184279,9;152539,1;242756,4;731810,1;560009,2;674255,8;824613,3;1090432,9;1129480,5;797410,9;1005747,4;859436,3;748296,4;313629,8;266021,8;831716,2;536617,0;;189644,5;440750,2;730404,2;57911,9;812951,3;633740,5;592313,4;459904,5;446327,6;465539,1;639680,9;593850,3;664808,6;574061,6;1035264,5;594586,3;884017,6;362905,8;151943,7;500008,2;525588,2;669513,7;612762,8;614669,2;708989,1;610684,8;390325,5;246544,0;552043,6;729139,9;71103,9;0,0;202005,4;244715,1;1028257,2;827168,1;160268,0;163445,9;822677,1;293018,1;495406,6;337162,9;637067,9;191282,0;35648,9;18657,5;739577,4;664063,1;622984,4;636168,1;56497,5;105983,3;332443,1;205922,6;312947,8;626934,4;942589,1;1055827,4;45593,1;84889,3;525860,0;289265,0;192967,7;106010,8;670473,2;480966,8;277738,2;549804,8;332132,0;648114,0;657736,4;646204,8;819292,6;329759,4;534346,4;1054758,0;150878,3;;653591,4;270739,6;759065,8;654718,0;191071,8;689605,9;563977,5;479005,2;528527,6;118612,9;152106,6;72819,2;619136,4;344707,1;796760,6;908351,2;408581,4;1010014,2;625103,5;861068,1;627684,9;549729,0;360368,5;948685,2;825946,9;520993,9;542459,3;585231,2;365865,7;606423,8;796913,4;407548,5;728950,1;534465,9;1053642,2;352187,1;536111,5;205752,2;320971,7;540486,4;42880,9;698377,2;144162,8;603775,5;529515,5;645849,4;790688,6;557829,4;384132,8;612996,2;359171,3;334241,8;791224,8;1127943,1;647823,2;273431,3;704293,5;627966,0;;546559,9;697983,9;465031,6;238703,3;185013,3;702783,6;;812173,6;458280,2;631893,6;628106,8;566294,8
José de Freitas;578253,8;146754,6;166213,8;456529,3;443765,9;90288,7;40285,1;567850,2;234300,2;186364,2;625776,4;464975,1;262996,2;396081,4;301032,8;279341,2;851285,9;693019,9;286460,1;111985,6;849724,0;154472,6;133604,0;450925,2;438732,6;97206,7;485750,9;574489,0;90520,6;385689,6;730226,8;255863,2;625464,4;83140,8;166768,0;479433,0;257490,6;239609,9;71236,1;329808,4;299841,2;473146,1;487590,3;562487,4;425737,5;147185,5;79965,5;403905,4;460610,6;129713,9;573144,0;667033,6;226019,3;523882,7;180903,5;234381,5;200523,8;110998,9;221107,8;62569,9;547645,4;375844,5;490091,0;640448,6;906268,1;945315,8;613246,2;821582,6;675271,6;564131,7;129465,0;81857,1;647551,6;352452,3;;206851,4;256585,5;546239,4;183105,6;628786,6;449575,8;408148,7;275739,8;262162,9;281374,3;455516,2;409685,6;480643,9;389896,9;851099,8;410421,6;699852,9;178741,0;305762,6;315843,4;341423,6;485349,0;428598,0;430504,6;524824,3;426520,0;206160,8;124552,5;367878,9;544975,1;196297,5;202001,2;0,0;179678,1;844092,4;643003,3;55695,8;179693,3;638512,4;108853,4;311241,8;152998,2;452903,2;291443,2;177423,2;201262,0;555412,8;479898,3;438819,6;452003,4;170080,3;112764,2;148278,4;215353,1;128783,1;442769,7;758424,4;871662,7;145353,6;238708,2;341695,2;105100,3;100528,2;98233,1;486308,5;296802,1;116901,1;365640,1;147967,3;463949,3;473571,7;462040,1;635127,8;145594,7;350181,7;870593,3;304697,2;;469426,7;86574,9;574901,0;470553,2;200502,2;505441,2;379812,8;393472,5;466583,4;155831,1;161537,1;148190,9;434971,8;117910,9;612595,9;724186,5;224416,7;825849,6;440938,8;676903,4;443520,2;365564,2;238124,7;764520,5;641782,2;336829,2;358294,6;401066,5;181701,0;422259,1;612748,6;223383,7;544785,4;350301,2;869477,6;168022,3;351946,8;244715,1;127920,2;356321,7;150195,9;514212,4;181381,0;419610,8;345350,8;461684,8;606523,9;373664,7;199968,1;428831,5;228019,1;150077,0;607060,1;943778,4;463658,5;150966,0;520128,8;443801,2;;362395,2;513819,2;280866,9;62578,9;66956,4;518618,8;;628008,8;274115,5;447728,9;443942,0;382130,1
Juazeiro do Piauí;546729,3;266437,5;285896,7;425004,8;412241,4;210772,8;142268,2;687533,0;353983,0;306047,0;663494,4;584658,0;275046,2;364556,9;420715,6;174072,5;970968,8;812702,8;291643,6;202691,9;969406,8;274155,4;176401,7;461685,6;407208,1;217690,8;605433,8;542964,5;155465,7;354165,1;849909,6;244468,2;660693,2;134169,6;125460,9;599115,8;246095,6;134341,1;168959,9;395310,3;288446,2;441621,6;456065,8;573247,8;394213,0;222140,7;99168,8;523588,2;580293,4;92208,7;583904,4;704751,6;214990,8;492358,1;75634,7;256003,3;189128,8;127135,5;209712,8;136444,2;667328,2;386604,9;459867,8;675677,2;1025951,0;1064998,6;732929,0;941265,5;794954,4;532607,1;268930,2;201540,0;682780,2;320927,8;;93432,1;294633,9;665922,2;225903,3;664015,3;569258,6;376624,2;395422,6;337248,2;401057,2;423991,7;378161,1;449119,4;358372,3;970782,6;530104,4;737570,9;298423,9;290442,9;284318,9;309899,0;453824,5;397073,5;550187,4;493299,8;394995,5;325843,6;65230,9;487561,7;555735,6;239095,2;244798,9;179770,4;0,0;963775,3;680721,3;182449,2;83078,2;606987,8;228536,2;241809,3;272681,0;572586,0;280048,2;249915,4;244059,7;675095,6;448373,8;558502,5;420478,8;255091,8;265401,5;267961,2;64492,4;248465,9;341610,8;878107,2;991345,5;206400,2;260319,8;424952,8;233898,1;116664,9;225925,4;497068,9;268435,6;73912,1;376400,5;267650,1;432424,8;474086,4;581722,9;754810,7;274392,5;318657,2;990276,1;289377,5;;437902,2;206257,7;543376,5;590236,1;53874,7;505955,9;348288,2;242584,3;306506,7;154640,0;93161,1;238897,2;554654,6;238395,0;581071,4;843869,4;344099,5;945532,4;483479,5;796586,2;563203,1;334039,8;161853,8;884203,3;761465,0;388952,3;326770,1;369541,9;301383,8;390734,5;650466,6;176555,4;513260,9;396471,9;989160,4;287705,2;320422,2;127505,5;122457,0;324797,2;209999,7;524972,9;171650,8;462151,6;313826,3;430160,2;641752,6;274532,6;201049,2;434265,8;122750,3;283172,7;642288,8;1063461,2;583341,4;30087,8;488604,2;454561,7;;330870,7;633502,0;320638,1;196857,8;237443,8;638301,6;;663237,6;301429,7;416204,4;412417,5;350605,5
Júlio Borges;649435,3;697549,8;681263,8;819820,6;807057,2;773939,2;823634,8;276301,6;622121,8;658642,0;251656,0;496324,2;790395,3;759372,7;618337,6;900358,5;44763,5;349098,4;678927,4;942283,9;258682,2;710753,4;963902,2;571858,2;802023,9;780633,4;360299,8;698053,0;926831,1;762759,8;245058,8;1069125,1;259250,4;901382,8;950117,8;419816,2;1070752,5;951338,4;901534,4;647113,2;1113103,1;836437,4;589894,7;552039,8;789028,8;977483,8;863315,2;455396,6;418587,6;913063,7;562696,4;212657,4;1039647,6;734884,3;925495,3;1080660,1;1013785,7;894348,6;1034369,7;845919,6;307894,5;690225,1;611790,7;360511,4;167302,4;175058,5;237322,4;23252,9;221598,0;715343,6;744245,5;783517,9;269798,5;715743,6;;990201,1;741439,6;331025,4;1013403,9;232809,0;451158,5;631289,4;572421,2;703770,5;598679,1;818807,5;772976,9;843935,2;753188,2;260057,9;512572,8;187178,9;683824,3;1115099,8;744479,8;690700,1;597222,0;652376,3;498464,7;642534,6;789811,3;656062,3;907902,2;476426,6;389680,8;1026595,8;1032299,5;848049,6;963027,8;0,0;232703,1;889888,4;963043,0;459311,4;752159,1;794804,6;692801,3;430999,6;1104705,1;989925,8;1000728,4;307058,6;843189,6;501064,4;815294,7;982582,9;925266,8;706173,7;998702,8;746206,6;806061,0;167382,6;89266,7;975651,9;1084976,6;596090,1;747208,9;883877,9;933005,3;587878,4;782976,1;899843,0;658920,4;704248,1;827240,6;526630,7;420017,0;236841,3;706219,4;713473,0;111541,2;1114034,4;;637734,8;788235,7;698465,0;413056,9;983851,9;545921,8;743104,1;888978,4;829874,8;979296,8;944886,8;955427,6;497216,5;778744,2;610868,8;133144,7;660435,2;124657,5;479379,8;411245,7;464906,2;706242,8;785198,5;374181,2;221476,6;654133,9;745949,4;764357,8;669043,5;624710,8;262962,3;770457,6;628090,1;604696,1;196247,1;678027,1;777639,0;1028064,8;823475,9;676677,8;980494,2;496830,5;996307,6;497679,0;768343,6;824976,1;257375,1;785389,6;747041,9;526131,7;906477,6;709972,8;240238,8;145379,7;406010,5;934315,8;738138,4;567149,4;;754586,7;454202,4;652751,1;791678,1;841261,0;460970,8;;233586,8;666582,8;628379,2;807233,3;722324,3
Jurema;309932,2;496320,0;480034,1;435380,3;422616,9;572709,4;622405,1;237842,0;420892,1;457412,3;18952,9;452452,2;470319,4;341525,1;417107,8;580282,6;194307,9;346749,2;420733,4;741054,1;390958,8;509523,7;762672,5;232355,1;364421,1;579403,7;316427,8;358549,9;725601,4;385513,4;332539,7;867895,3;26547,4;700153,0;748888,0;179116,5;869522,8;631262,4;700304,6;395331,3;911873,4;403877,2;250391,5;212536,7;404588,5;776254,1;662085,4;411524,6;184979,3;711833,9;223193,3;24030,3;838417,9;395381,2;605419,4;879430,4;812555,9;693118,9;833139,9;644689,9;286939,5;317598,9;272287,5;127808,4;334294,7;342050,7;198862,8;221602,6;242212,9;375840,5;543015,8;582288,2;98527,8;395667,7;;788971,4;460200,2;264446,6;812174,1;61538,3;217550,2;291786,2;371191,5;421688,6;397449,4;434367,2;388536,6;459494,9;351361,5;392334,6;428551,2;56849,7;482594,6;913870,1;424403,9;370624,2;257718,9;312873,2;264856,4;303031,5;352346,8;454832,6;706672,5;386008,5;156977,8;825366,1;831069,8;646819,8;680852,3;232666,1;0,0;688658,7;761813,2;266585,8;550929,4;474728,7;491571,6;387127,7;903475,4;788696,1;799498,7;294706,8;410629,4;457192,4;343424,9;781353,2;724037,0;504944,0;797473,1;544976,8;421620,7;299659,2;143433,8;774422,1;883746,9;394860,4;545979,1;682648,2;731775,6;248375,3;462900,2;698613,3;322903,7;503018,4;389637,7;232871,5;186408,7;198381,7;504989,7;366703,4;278533,4;912804,6;;298231,7;587006,0;358961,9;210128,9;782622,2;206418,6;375947,1;504538,1;445434,4;778067,1;743657,1;754197,8;453344,5;577514,5;271365,7;265421,3;459205,5;291649,7;245771,4;575383,4;231297,8;342511,0;524834,6;393959,1;163911,1;388973,2;388203,6;379917,5;467813,8;285207,7;30259,3;569227,8;288586,9;380038,8;410712,4;476797,3;406696,4;826835,1;557266,6;356601,9;779264,4;159989,3;795077,9;264070,7;392163,9;440535,8;71903,2;408143,2;545812,2;278182,3;586401,8;508743,0;57084,2;312371,9;362138,6;733086,0;398635,3;227646,3;;378406,9;150945,3;397513,9;590448,4;640031,2;417098,9;;62316,0;408388,8;288876,1;422793,0;325611,8
Lagoa Alegre;619997,2;188498,1;207957,2;498272,8;485509,3;156265,5;109076,1;609593,6;276043,6;228107,6;667519,9;506718,6;304739,6;437824,8;342776,2;282048,9;893029,3;734763,4;328203,5;35160,0;891467,4;196216,0;103652,5;492668,6;480476,1;163183,5;527494,3;616232,4;90067,3;427433,0;771970,2;225911,7;667207,9;69655,8;133231,8;521176,4;227539,1;242317,6;21419,3;371551,9;269889,8;514889,5;529333,8;604230,8;467480,9;87835,8;83380,3;445648,8;502354,0;132421,7;614887,4;708777,0;196067,8;565626,1;183611,2;204430,0;170572,3;113706,6;191156,3;105082,8;589388,8;417588,0;531834,4;682192,0;948011,6;987059,2;654989,6;863326,1;717015,0;605875,1;171208,5;123600,6;689295,0;394195,7;;175690,1;298329,0;587982,9;153154,1;670530,0;491319,2;449892,1;317483,2;303906,3;323117,8;497259,7;451429,0;522387,3;431640,3;892843,2;452165,0;741596,4;220484,5;275811,1;357586,9;383167,0;527092,4;470341,4;472248,0;566567,8;468263,4;247904,2;127260,2;409622,3;586718,6;166346,0;160340,7;55791,5;182385,8;885835,9;684746,8;0,0;149491,5;680255,8;150596,8;352985,3;194741,6;494646,6;261491,8;128632,2;139434,9;597156,2;521641,8;480563,1;493746,8;121289,3;63973,2;190021,8;186884,9;170526,5;484513,1;800167,8;913406,1;86003,9;208756,7;383438,7;146843,8;103236,0;49442,1;528051,9;338545,5;149293,8;407383,5;189710,7;505692,7;515315,1;503783,5;676871,2;187338,1;391925,2;912336,8;274745,7;;511170,1;128318,3;616644,4;512296,7;172034,0;547184,6;421556,2;350560,8;508326,9;125879,6;133068,8;94134,0;476715,2;183887,7;654339,4;765929,9;266160,1;867592,9;482682,2;718646,8;485263,7;407307,7;279868,1;806263,9;683525,6;378572,6;400038,0;442809,9;223444,4;464002,5;654492,1;265127,2;586528,8;392044,7;911221,0;209765,8;393690,2;213553,8;183298,2;398065,1;90846,2;555955,9;151429,5;461354,2;387094,2;503428,2;648267,3;415408,1;241711,5;470574,9;230726,8;191820,5;648803,6;985521,8;505401,9;153673,7;561872,2;485544,7;;404138,6;555562,6;322610,3;104322,3;63257,0;560362,2;;669752,2;315858,9;489472,3;485685,4;423873,5
Lagoa de São Francisco;698106,1;266606,9;286066,1;576381,6;563618,2;210942,2;142437,7;687702,4;354152,5;306216,5;745628,8;584827,4;382848,5;515933,7;420885,1;256130,9;971138,2;812872,2;406312,4;126481,1;969576,3;274324,8;95023,0;570777,4;558584,9;217860,2;605603,2;694341,3;79254,9;505541,9;850079,1;160743,9;745316,8;96315,1;41736,6;599285,2;162371,3;216399,6;119801,3;449660,8;204722,0;592998,4;607442,6;682339,7;545589,8;140762,1;114911,2;523757,7;580462,9;67649,9;692996,3;786885,9;131266,5;643734,9;157693,1;172279,0;105404,5;78137,2;125988,5;136613,7;667497,7;495696,8;609943,3;760300,9;1026120,4;1065168,0;733098,4;941434,9;795123,9;683983,9;269099,7;201709,4;767403,9;472304,6;;54702,3;376437,8;666091,8;144524,6;748638,9;569428,1;528001,0;395592,1;382015,2;401226,7;575368,5;529537,9;600496,2;509749,2;970952,1;530273,9;819705,2;298593,3;206718,7;435695,8;461275,8;605201,3;548450,3;550356,9;644676,6;546372,3;326013,1;140401,4;487731,2;664827,4;157716,6;163420,3;179939,9;83079,6;963944,8;762855,6;149653,3;0,0;758364,6;228705,7;323867,8;272850,5;572755,4;196324,0;168536,8;162681,1;675265,0;599750,6;558671,9;571855,7;173713,1;189190,7;268130,7;44287,1;248635,4;401996,2;878276,7;991514,9;125021,6;176595,5;461547,5;234067,6;86825,1;149714,5;606160,8;416654,3;171595,6;485492,4;267819,6;583801,6;593424,0;581892,3;754980,1;274562,0;470034,0;990445,6;205653,2;;589279,0;206427,2;694753,3;590405,6;29436,2;625293,5;499665,1;330130,0;366892,0;70915,7;16112,6;168190,6;554824,0;238564,4;732448,2;844038,8;344269,0;945701,8;560791,1;796755,7;563372,5;485416,6;254225,8;884372,8;761634,5;456681,5;478146,9;520918,8;301553,3;542111,4;732600,9;343236,0;664637,7;470153,5;989329,9;287874,6;471799,1;119683,7;214829,1;476174,0;128621,1;634064,8;87926,5;539463,1;465203,1;581537,1;726376,2;493517,0;319820,4;548683,8;204808,8;283342,2;726912,4;1063630,6;583510,8;112146,3;639981,1;563653,6;;482247,5;633671,4;400719,2;197027,3;237613,3;638471,1;;747861,1;393967,8;567581,2;563794,3;501982,3
Lagoa do Barro do Piauí;69918,2;499033,3;492749,5;282134,6;269371,2;550713,8;617677,9;357829,4;525182,8;485357,4;246128,7;503137,4;396476,2;291317,9;425024,2;472387,2;415634,5;573474,6;412264,9;736327,0;639703,2;486592,7;757945,4;139931,0;232650,1;553784,1;367113,0;157286,9;720874,3;287466,2;581284,2;863168,2;237382,1;695425,9;744160,9;216684,8;864795,6;557419,2;695577,5;396257,9;907146,2;272106,2;176775,0;83806,1;247396,1;771526,9;657358,3;462209,8;235664,4;707106,8;132985,9;290724,3;833690,8;202086,2;531576,1;874703,2;807828,8;688391,8;828412,8;639962,8;337624,7;243982,4;144068,2;154048,9;696247,4;735295,1;403225,4;611561,9;490957,3;174577,5;538288,6;577561,1;224167,8;296887,7;;784244,2;415255,3;315131,7;807447,0;253466,7;268235,4;218169,7;475482,1;422615,2;450130,4;264175,0;265871,4;306249,2;255612,9;641079,0;479236,4;323543,7;485623,7;909142,9;350560,6;340368,2;184102,3;209161,4;315541,6;156528,2;226391,5;476252,4;641903,1;436693,7;169669,5;820638,9;826342,6;642092,7;607009,1;459267,2;266694,1;683931,6;757086,1;0,0;546202,2;400885,4;497642,5;437812,8;898748,2;783968,9;794771,6;345392,0;278858,5;507877,6;211653,9;776626,1;719309,9;509544,5;670480,4;540249,7;293727,1;548403,7;392501,3;769695,0;879019,8;425900,3;572887,4;677921,1;727048,4;120579,5;389057,0;586788,9;249287,2;490813,2;257866,8;207466,6;237093,9;425107,1;562529,2;295588,2;660572,6;908077,5;;185363,5;582278,9;157698,9;260814,1;659862,6;181013,8;277899,9;376644,4;317540,8;773340,0;738929,9;749470,7;504029,7;511806,1;31351,7;514165,8;467032,3;615828,8;242975,5;626068,6;281983,0;317853,1;450991,3;713685,7;431761,5;389899,9;290156,4;281870,2;506123,9;211591,2;233100,9;465692,9;123626,6;397419,5;659456,9;494926,6;308649,2;822108,0;483423,4;325744,7;774537,3;138906,8;790350,8;280663,2;294116,6;287290,0;207133,2;310096,0;480103,8;252777,5;512558,5;541332,1;218977,8;733757,7;412823,7;600553,6;209843,2;152716,6;;280359,7;251413,4;398440,5;585721,2;635304,1;467784,0;;254244,5;409315,4;197129,3;269547,3;334418,9
Lagoa do Piauí;486013,6;54514,4;73973,6;364289,1;351525,6;49746,5;88088,8;475609,9;142059,9;94123,9;533536,2;372734,9;170755,9;303841,1;208792,5;324555,5;759045,6;600779,7;194219,8;206737,9;757483,8;62232,3;228356,2;358684,9;346492,4;56440,7;393510,7;482248,8;191285,2;293449,3;637986,5;333579,1;533224,2;165836,8;214571,8;387192,7;335206,5;287413,6;165988,4;237568,2;377557,1;380905,8;395350,1;470247,1;333497,2;241937,8;127769,2;311665,1;368370,3;177517,7;480903,8;574793,3;304101,7;431642,4;228707,2;345114,1;278239,7;158802,6;298823,7;110373,6;455405,2;283604,3;397850,8;548208,3;814027,9;853075,5;521005,9;729342,4;583031,3;471891,4;57007,1;47971,9;555311,3;260212,0;;254655,1;164345,3;453999,2;277857,8;536546,3;357335,5;315908,4;183499,5;169922,6;189134,1;363276,0;317445,3;388403,6;297656,6;758859,5;318181,3;607612,7;86500,8;379553,8;223603,2;249183,3;393108,7;336357,8;338264,3;432584,1;334279,8;113920,5;172356,2;275638,6;452734,9;291049,8;296753,5;112503,6;227481,8;751852,2;550763,1;154342,5;227497,0;546272,1;0,0;219001,6;60757,9;360662,9;369159,1;254379,8;265182,4;463172,5;387658,1;346579,4;359763,1;247036,9;189720,8;56038,1;263156,8;36542,8;350529,4;666184,1;779422,4;240105,9;349430,6;249455,0;51676,5;148332,0;197459,3;394068,2;204561,8;164297,0;273399,8;55727,0;371709,0;381331,4;369799,8;542887,6;92170,9;257941,5;778353,1;378488,4;;377186,4;52689,7;482660,8;378313,0;248306,0;413200,9;287572,5;301232,3;374343,2;243750,8;209340,8;219881,6;342731,5;139430,2;520355,7;631946,2;132176,4;733609,2;348698,5;584663,1;351279,9;273324,0;145884,4;672280,2;549541,9;244588,9;266054,3;308826,2;89460,7;330018,8;520508,4;131143,5;452545,1;258061,0;777237,3;75782,1;259706,5;292518,8;175316,1;264081,4;244948,2;421972,2;260761,6;327370,5;253110,5;369444,5;514283,6;281424,4;107727,8;336591,2;275822,8;71249,6;514819,8;851538,1;371418,2;198769,7;427888,5;351561,0;;270154,9;421578,9;188626,7;56132,1;105715,0;426378,6;;535768,6;181875,3;355488,7;351701,8;289889,8
Lagoa do Sítio;340624,9;171498,9;165215,1;146841,9;159383,5;223179,4;290143,5;518379,1;233388,1;185452,1;457390,0;415504,1;68941,8;158452,5;148000,4;141258,9;801814,9;643548,9;85539,2;408792,6;800252,9;159058,3;430411,0;255581,2;201103,7;226249,7;436279,9;336860,1;393339,9;82002,5;680755,8;535633,8;454588,8;367891,5;416626,5;396646,5;537261,2;192238,7;368043,1;189205,9;579611,9;188763,7;249961,4;367143,4;141355,1;443992,6;329823,9;354434,3;411139,6;379572,4;377800,0;498647,2;506156,4;239500,2;166395,7;547168,9;480294,4;360857,4;500878,4;312428,3;498174,4;180500,5;253763,3;469572,9;856797,1;895844,8;563775,1;772111,6;625800,6;279749,2;210754,2;250026,7;476675,9;114823,4;;456709,9;88529,5;496768,4;479912,6;457910,9;319780,0;170519,8;268430,2;131143,8;168657,1;171133,8;125303,2;196261,5;152268,0;801628,7;360950,6;531466,5;158089,3;581608,6;78214,5;103794,6;247720,1;190969,1;303345,0;287195,4;188891,1;181780,6;276722,7;318407,8;349631,2;493104,5;498808,2;314558,3;241828,6;794621,4;474616,9;356397,2;323885,7;400883,4;218667,9;0,0;170108,1;403432,1;571213,9;456434,5;467237,2;505941,7;195516,0;389348,6;214374,5;449091,7;391775,5;182010,1;305299,9;212715,3;128562,2;708953,4;618050,7;442160,6;551485,4;218848,3;245353,0;350386,7;399514,1;290964,5;62331,2;221608,5;170296,1;163278,8;226320,4;267982,0;412569,0;585656,8;278309,9;112552,8;821122,2;580543,1;;231797,8;254744,5;337272,1;421082,2;294682,2;299851,5;142183,8;97318,8;152376,0;445805,6;411395,5;421936,3;385500,7;184271,7;374967,0;674715,5;180175,7;776378,5;277375,1;627432,4;394049,2;127935,3;123456,9;715049,4;592311,1;182847,9;81391,4;104972,2;178589,5;184630,1;444362,2;138158,5;307156,5;190367,5;820006,5;167392,2;70398,7;494573,6;155889,0;118692,8;447002,9;318868,5;462816,4;256047,2;68447,6;177302,3;435648,2;66111,6;152569,3;228161,5;147378,0;213797,8;436184,4;894307,3;414187,5;235373,1;235746,4;248457,3;;85491,9;464348,1;114533,7;258186,9;307769,8;469147,8;;457133,2;95325,3;210100,0;159559,6;144501,1
Lagoinha do Piauí;443199,1;10847,4;14681,4;321474,6;308711,2;82603,6;132299,2;416317,7;82767,8;34831,7;474244,0;313442,7;127941,5;261026,7;149500,3;281741,1;699753,4;541487,5;151405,4;250948,3;698191,6;19417,9;272566,7;299524,5;303677,9;89297,8;334218,5;439434,3;235495,6;250634,9;578694,4;377789,5;473932,0;210047,2;258782,2;327900,6;379416,9;332720,9;210198,8;178276,0;421767,5;338091,4;352535,6;411086,7;290682,8;286148,2;171979,6;252372,9;309078,2;221728,1;421743,3;515501,1;348312,1;388827,9;272917,6;389324,6;322450,1;203013,0;343034,1;154584,0;396113,0;224443,9;338690,3;488916,1;754735,7;793783,3;461713,8;670050,2;523739,2;429077,0;52909,9;92182,4;496019,1;217397,6;;298865,6;121530,8;394707,0;322068,2;477254,2;298043,3;273094,0;124207,3;116219,5;129841,9;320461,5;274630,9;345589,2;254842,2;699567,3;258889,2;548320,5;27208,6;423764,2;180788,8;206368,8;350294,3;293543,3;278972,1;389769,6;291465,3;54628,4;216566,7;216346,4;393574,5;335260,2;340963,9;156714,0;271692,2;692560,0;491470,9;198552,9;271707,4;503457,7;60823,6;176187,1;0,0;301370,8;413369,5;298590,2;309392,8;403880,3;344843,7;287287,2;316948,7;291247,3;233931,2;24165,8;307367,2;54871,0;307715,0;606891,9;720130,2;284316,3;393641,0;190162,8;87508,6;192542,4;241669,7;334907,8;161747,4;208507,5;214239,4;12912,6;328894,6;322039,3;310507,6;483595,4;72651,8;215127,0;719060,9;422698,8;;334372,0;96900,1;439846,3;319020,8;292516,4;353908,8;244758,1;258417,8;331528,8;287961,2;253551,2;264092,0;283439,3;96615,7;477541,2;572654,1;72884,3;674317,1;289406,3;525371,0;291987,8;230509,6;103070,0;612988,1;490249,8;185296,7;223239,9;266011,8;30168,5;287204,3;461216,2;88329,0;409730,7;198768,8;717945,1;16489,9;216892,1;336729,2;141347,4;221267,0;289158,6;362811,8;304972,1;268078,4;210296,1;326630,0;454991,5;238610,0;64913,4;277299,1;287860,2;43589,5;455527,7;792245,9;312126,1;242980,1;385074,1;292400,6;;227340,5;362286,7;123102,6;100342,6;149925,4;367086,4;;476476,4;139060,8;312674,2;308887,3;247075,4
Landri Sales;452966,0;306601,5;290315,5;428872,3;416108,9;382990,9;432686,5;154536,7;231173,5;267693,7;369690,4;84827,3;399447,0;368424,4;227389,2;509410,2;437972,4;257485,0;287979,1;551335,6;436410,5;319805,1;572953,9;374357,5;411075,6;389685,1;72437,4;546832,0;535882,9;371811,4;294691,8;678176,8;369378,4;510434,4;559169,4;223346,9;679804,2;560390,1;510586,1;256164,9;722154,8;445489,1;388577,6;355570,5;398080,5;586535,5;472366,9;64448,2;222118,3;522115,4;366227,1;410947,5;648699,3;496225,6;534547,0;689711,8;622837,4;503400,3;643421,4;454971,3;134331,9;299276,8;413523,3;384362,5;492954,7;532002,3;199932,7;408269,2;239736,6;536474,7;353297,2;392569,6;391465,5;324795,3;;599252,8;350491,3;132926,0;622455,6;372700,5;254689,2;352985,4;181472,9;312822,2;207730,8;427859,2;382028,6;452986,9;362239,9;437786,3;103679,4;324089,1;292876,0;724151,5;353531,5;299751,8;395904,9;400941,0;258407,5;444267,2;398863,0;265114,0;516953,9;85478,3;334402,2;635647,5;641351,2;457101,2;572079,5;430779,0;386917,3;498940,1;572094,7;437720,2;361210,8;403856,2;301853,0;0,0;713756,8;598977,4;609780,1;142099,3;452241,3;58671,8;424346,3;591634,6;534318,4;315225,4;607754,5;355258,2;415112,7;345110,9;458349,2;584703,6;694028,3;205141,8;356260,6;492929,7;542057,0;409740,8;392027,8;508894,7;267972,1;313299,8;436292,2;337018,3;223547,7;221814,4;315271,1;322524,7;457279,8;723086,1;;441769,7;397287,4;547244,0;216587,6;592903,6;349452,4;352155,8;498030,1;438926,4;588348,6;553938,5;564479,2;54823,9;387795,9;414399,5;310873,1;269487,0;412536,1;282910,4;241368,5;268436,8;315294,4;394250,2;328985,5;228468,7;263185,6;355001,1;373409,5;278095,2;338479,9;356662,6;379509,2;429822,7;213747,8;456164,1;287078,8;386690,7;637116,6;432527,6;285729,5;589545,9;300361,2;605359,3;283057,4;377395,3;434027,7;350437,8;394441,3;356093,6;292278,1;515529,3;319024,4;350974,1;530464,9;25388,7;543367,4;492471,8;367233,6;;363638,4;257733,1;261802,7;400729,8;450312,7;83083,9;;371922,8;275634,5;420071,9;416285,0;331376,0
Luís Correia;839479,4;407980,2;427439,4;624375,1;704991,5;352315,5;283811,0;829075,8;495525,8;447589,8;887002,0;726200,8;524221,8;657307,0;562258,4;445724,1;1112511,5;954245,6;547685,7;238143,1;1110949,6;415698,2;220027,7;712150,8;699958,2;359233,5;746976,5;835714,6;205958,3;646915,2;991452,4;55722,9;886690,1;237688,3;158869,6;740658,6;60661,6;405992,7;231463,4;591034,1;8398,6;734371,7;748815,9;823713,0;686963,1;242095,2;256284,5;665130,9;721836,2;209023,2;834369,6;928259,2;140279,7;785108,2;347286,3;118841,5;91304,7;219510,5;84064,9;277987,0;808871,0;637070,1;751316,6;901674,2;1167493,8;1206541,4;874471,8;1082808,2;936497,2;825357,2;410473,0;343082,7;908777,1;613677,9;;210951,6;517811,1;807465,1;171876,0;890012,2;710801,4;669374,3;536965,4;523388,5;542599,9;716741,8;670911,2;648411,8;651122,5;1112325,4;671647,2;961078,5;439966,6;60581,1;577069,1;602649,1;746574,6;689823,6;691730,1;786049,9;687745,6;467386,4;281774,7;629104,4;806200,8;185067,9;191122,1;291431,9;279945,8;1105318,0;904228,9;261315,4;196158,2;899737,9;370079,0;572467,4;414223,8;714128,8;0,0;218030,7;204109,6;816638,3;741123,9;700045,2;713228,9;224777,0;288365,0;409504,0;241153,3;390008,7;588746,6;1019650,0;1132888,2;226354,7;123158,0;602920,9;375440,9;228198,4;279269,6;747534,1;558027,7;312968,9;626865,7;409192,9;725174,9;734797,3;723265,6;896353,4;415935,3;611407,3;1131818,9;42523,8;;730652,3;347800,5;836126,6;731778,9;226302,4;766666,8;641038,4;516880,4;553642,4;142227,3;187337,2;255201,0;696197,3;379937,7;873821,5;985412,1;485642,3;1087075,1;702164,4;938129,0;704745,8;626789,9;395599,2;1025746,1;903007,8;598054,8;619520,2;662292,1;442926,6;683484,7;873974,2;484609,3;806011,0;611526,8;1130703,1;429247,9;613172,4;214852,6;356202,4;617547,2;213890,8;775438,1;135696,5;680836,4;606576,4;612440,9;867749,5;634890,2;461193,7;690057,1;394401,9;424715,5;868285,7;1205004,0;724884,1;308662,0;781354,4;705026,9;;623620,8;775044,8;542092,5;338400,6;367395,0;779844,4;;889234,4;535341,1;708954,5;705167,6;643355,7
Luzilândia;724744,9;293245,7;312704,9;603020,4;590256,9;282294,8;213790,3;714341,2;380791,3;332855,2;772267,5;611466,2;409487,2;542572,4;447523,8;415597,7;997777,0;839511,0;432951,2;94781,0;996215,1;300963,6;78854,0;597416,2;585223,7;289212,8;632242,0;720980,1;141861,6;532180,7;876717,9;168750,4;771955,5;169115,8;132559,9;625924,1;146416,1;375866,3;129461,1;476299,5;223057,5;619637,2;634081,4;708978,4;572228,6;31329,0;188094,5;550396,4;607101,7;178896,8;719635,1;813524,6;114767,4;670373,8;317159,9;107461,1;168409,9;189384,1;179437,5;209797,0;694136,5;522335,6;636582,1;786939,6;1052759,2;1091806,9;759737,2;968073,7;821762,7;710622,8;275603,9;236377,8;794042,6;498943,3;;194748,7;403076,6;692730,5;80084,9;775277,7;596066,8;554639,8;422230,8;408653,9;427865,4;602007,3;556176,6;627134,9;536387,9;997590,8;556912,7;846344,0;325232,1;178842,1;462334,5;487914,6;631840,1;575089,1;576995,6;671315,4;573011,1;352651,9;251648,3;514369,9;691466,2;93276,9;35678,8;177415,0;249819,3;990583,6;789494,4;128589,4;168550,1;785003,4;255344,5;457732,9;299489,2;599394,2;218180,4;0,0;14773,0;701903,8;626389,4;585310,7;598494,4;24818,9;74304,7;294769,4;211026,9;275274,2;589260,8;904915,5;1018153,8;45373,7;111787,7;488186,3;251239,2;198072,0;74332,2;632799,6;443293,1;282842,5;512131,2;294458,3;610440,3;620062,8;608531,1;781618,9;291733,6;496672,8;1017084,4;177776,7;;615917,8;241095,5;721392,1;617044,3;196176,0;651932,2;526303,8;484109,5;613074,5;123717,1;157210,8;41140,6;581462,8;309917,0;759087,0;870677,6;370907,8;972340,6;587429,9;823394,5;590011,3;512055,3;384615,8;911011,6;788273,2;483320,2;504785,7;547557,6;328192,1;568750,1;759239,7;369874,8;691276,4;496792,3;1015968,6;314513,4;498437,8;210856,4;288012,3;502812,8;33724,6;660703,5;149267,1;566101,9;491841,9;608175,8;753014,9;520155,8;346459,2;575322,6;364275,5;296215,9;753551,2;1090269,5;610149,6;278535,6;666619,9;590292,3;;508886,2;660310,2;427358,0;207024,7;153334,7;665109,9;;774499,9;420606,6;594220,0;590433,1;528621,1
Madeiro;735547,6;304048,4;323507,6;613823,1;601059,6;316333,4;247828,9;725143,9;391593,9;343657,9;783070,2;622268,9;420289,9;553375,1;458326,5;409742,0;1008579,6;850313,7;443753,8;105583,7;1007017,8;311766,3;72998,3;608218,9;596026,4;323251,4;643044,6;731782,8;136005,9;542983,3;887520,5;154839,5;782758,2;163260,1;126704,2;636726,7;132505,2;370010,6;141285,4;487102,2;209146,6;630439,9;644884,1;719781,1;583031,2;42131,7;220302,4;561199,1;617904,3;173041,1;730437,8;824327,3;100856,5;681176,4;311304,2;93550,1;156159,8;183528,4;165526,6;242004,9;704939,1;533138,2;647384,8;797742,3;1063561,9;1102609,5;770539,9;978876,4;832565,3;721425,4;286406,6;247180,4;804845,3;509746,0;;188893,0;413879,2;703533,2;70899,4;786080,3;606869,5;565442,4;433033,5;419456,6;438668,1;612809,9;566979,3;637937,6;547190,6;1008393,5;567715,3;857146,7;336034,8;164931,2;473137,2;498717,3;642642,8;585891,8;587798,3;682118,1;583813,8;363454,5;245792,6;525172,6;702268,9;84091,4;18657,5;201253,9;243963,7;1001386,2;800297,1;139392,1;162694,4;795806,1;266147,1;468535,6;310291,9;610196,9;204269,5;14773,0;0,0;712706,5;637192,1;596113,4;609297,1;35621,6;85107,3;305572,1;205171,2;286076,8;600063,4;915718,1;1028956,4;44841,6;97876,8;498989,0;262041,9;192216,3;85134,9;643602,2;454095,8;276986,8;522933,8;305261,0;621243,0;630865,4;619333,8;792421,6;302536,2;507475,5;1027887,1;163865,8;;626720,4;251898,2;732194,8;627847,0;190320,3;662734,9;537106,5;478253,8;527776,1;117861,4;151355,2;51943,3;592265,5;343955,6;769889,7;881480,2;381710,4;983143,2;598232,5;834197,1;600813,9;522858,0;395418,4;921814,2;799075,9;494122,9;515588,3;558360,2;338994,7;579552,8;770042,4;380677,5;702079,1;507595,0;1026771,3;325316,1;509240,5;205000,8;320220,3;513615,4;42129,5;671506,2;143411,4;576904,6;502644,5;618978,5;763817,6;530958,4;357261,8;586125,2;358419,8;307018,6;764353,9;1101072,1;620952,2;272679,9;677422,5;601095,0;;519688,9;671112,9;438160,7;217827,4;164137,3;675912,6;;785302,6;431409,2;605022,6;601235,8;539423,8
Manoel Emídio;360696,3;408810,8;392524,9;531081,6;518318,2;485200,2;534895,8;30757,0;333382,8;369903,0;277420,7;207585,2;501656,3;470633,7;329598,6;611619,5;314192,8;187852,9;390188,4;653544,9;312630,9;422014,5;675163,2;283119,3;513285,0;491894,4;71560,8;409314,0;638092,2;474020,8;254211,8;780386,1;277108,8;612643,8;661378,8;131077,3;782013,5;662599,4;612795,4;358374,2;824364,1;547698,4;301155,7;263300,8;500289,8;688744,8;574576,2;166657,6;129848,6;624324,7;273957,5;248578,6;750908,7;446145,3;636756,3;791921,2;725046,7;605609,6;745630,7;557180,6;19155,6;401486,2;323051,7;292092,8;369175,0;408222,7;76153,1;284489,5;163884,9;426604,7;455506,5;494779,0;299195,8;427004,6;;701462,2;452700,7;42286,4;724664,9;280430,9;162419,6;342550,4;283682,2;415031,6;309940,2;530068,6;484237,9;555196,2;464449,2;314006,6;223833,8;200309,4;395085,3;826360,8;455740,8;401961,1;308483,1;363637,4;209725,8;353795,6;501072,3;367323,3;619163,2;187687,6;242132,6;737856,8;743560,6;559310,6;674288,8;306999,3;294647,6;601149,5;674304,0;345450,6;463420,2;506065,6;404062,3;142260,7;815966,1;701186,8;711989,4;0,0;554450,7;212325,4;526555,7;693843,9;636527,8;417434,7;709963,9;457467,6;517322,0;221331,3;334569,6;686912,9;796237,6;307351,2;458469,9;595139,0;644266,3;299139,5;494237,2;611104,1;370181,4;415509,2;538501,6;237891,7;131278,1;98034,7;417480,4;424734,1;333500,2;825295,4;;348995,8;499496,8;409726,1;124318,0;695113,0;257182,8;454365,1;600239,4;541135,8;690557,9;656147,8;666688,6;208477,5;490005,3;322129,8;187093,4;371696,3;288756,4;190640,8;330516,5;176167,2;417503,8;496459,6;293612,2;104689,1;365395,0;457210,5;475618,8;380304,5;335971,9;264392,9;481718,6;339351,1;315957,1;332384,5;389288,1;488900,0;739325,9;534737,0;387938,8;691755,2;208091,5;707568,7;208940,0;479604,7;536237,1;258168,2;496650,7;458303,0;237392,7;617738,7;421233,8;258704,4;406685,3;117271,6;645576,8;449399,5;278410,5;;465847,7;165463,5;364012,1;502939,2;552522,0;172231,9;;279653,1;377843,8;339640,3;518494,3;433585,3
Marcolândia;218520,3;340378,0;334094,2;80318,7;55600,1;392058,5;459022,6;566775,8;366527,5;326702,2;393303,8;463900,8;237820,9;132662,6;266368,9;284663,1;850211,6;691945,6;253609,6;577671,8;848649,6;327937,4;599290,1;191495,0;47465,8;395128,8;484676,6;110087,8;562219,0;119886,7;729152,4;704512,9;390502,6;536770,6;585505,6;332560,3;706140,4;382825,0;536922,2;237602,6;748491,0;14589,6;161558,6;265484,8;60783,4;612871,7;498703,1;402831,0;331822,3;548451,6;314664,6;434561,0;675035,5;44493,6;372920,8;716048,0;649173,6;529736,5;669757,6;481307,4;546571,1;228897,2;199574,5;405486,7;905193,8;944241,4;612171,8;820508,3;674197,2;84601,5;379633,3;418905,8;412589,7;138232,4;;625589,0;256600,0;545165,1;648791,7;393824,8;313479,5;183761,6;316826,8;263959,9;291475,2;27262,2;78147,3;57669,6;112283,7;850025,4;409347,2;467380,3;326968,4;750487,6;191905,4;181712,9;159317,3;111175,6;351741,7;165090,8;81043,9;317597,2;483247,9;366804,5;285545,0;661983,7;667687,4;483437,4;448353,8;843018,1;410530,8;525276,3;598430,9;278778,8;387547,0;195476,9;338987,2;451828,8;740093,0;625313,6;636116,3;554338,4;0,0;437745,3;91672,2;617970,8;560654,6;350889,2;462726,8;381594,4;106002,9;757350,1;553964,5;611039,8;720364,5;267245,0;414232,1;519265,8;568393,2;236449,3;230401,7;428133,6;218692,8;332158,0;30772,3;236679,7;333251,8;634053,5;403874,0;136933,0;869518,9;749422,2;;136927,2;423623,6;91450,9;469478,9;501207,3;267376,6;119244,6;188920,3;129816,7;614684,7;580274,6;590815,4;433897,4;353150,8;252862,4;723112,2;308377,1;824775,2;325771,8;675829,1;442445,9;159197,8;292336,0;763446,1;640707,8;231244,6;131501,1;90518,3;347468,6;215892,6;380276,1;307037,6;185051,9;238764,2;868403,2;336271,3;148483,4;530395,9;324768,1;167089,4;615882,0;254782,3;631695,5;304443,8;133950,8;73518,9;371562,0;142516,6;321448,5;276558,2;353903,2;382676,9;372098,2;942704,1;462584,2;441898,2;40739,7;184082,3;;120193,9;367288,9;239785,2;427066,0;476648,9;517544,5;;393047,0;250660,2;122635,4;46979,5;175763,6
Marcos Parente;536117,8;292122,4;275836,5;414393,2;401629,8;368511,8;418207,4;224177,9;216694,4;253214,7;439331,6;37244,5;384968,0;353945,3;212910,2;494931,1;507613,6;297852,8;273500,0;536856,5;506051,7;305326,1;558474,9;359878,4;396596,6;375206,0;142078,6;532352,9;521403,8;357332,4;364929,0;663697,7;439019,6;495955,4;544690,4;292988,1;665325,1;545911,0;496107,0;241685,9;707675,8;431010,1;374098,5;425211,7;383601,4;572056,4;457887,8;84179,2;291759,4;507636,3;435868,3;480588,7;634220,3;481746,6;520067,9;675232,8;608358,3;488921,2;628942,3;440492,2;203973,1;284797,8;399044,3;454003,7;562595,9;601643,5;269573,9;477910,3;309973,8;521995,6;338818,1;378090,6;461106,7;310316,2;;584773,8;336012,3;202567,1;607976,5;442341,7;262999,7;338506,3;166993,8;298343,2;193251,8;413380,2;367549,5;438507,8;347760,8;507427,5;87670,3;393730,2;278396,9;709672,4;339052,4;285272,7;381425,9;386462,0;243928,5;429788,2;384384,0;250635,0;502474,9;70999,2;404043,4;621168,4;626872,1;442622,2;557600,4;500420,2;456558,5;484461,1;557615,6;507361,4;346731,8;389377,2;287374,0;58665,7;699277,8;584498,4;595301,1;211740,5;437762,3;0,0;409867,3;577155,6;519839,4;300746,3;593275,5;340779,2;400633,6;414752,1;527990,4;570224,5;679549,2;190662,8;341781,5;478450,6;527577,9;395261,8;377548,8;494415,7;253493,0;298820,8;421813,2;322539,2;293188,9;291455,6;300792,0;308045,7;526921,0;708607,0;;427290,7;382808,3;532764,9;283977,2;578424,6;354408,7;337676,7;483551,0;424447,4;573869,5;539459,4;550000,2;34099,1;373316,9;484040,7;380514,2;255007,9;482177,2;293965,5;227009,7;256944,1;300815,4;379771,2;314626,8;298109,9;248706,6;340522,1;358930,4;263616,1;324000,8;426303,8;365030,2;415343,6;199268,7;525805,3;272599,7;372211,7;622637,5;418048,6;271250,4;575066,8;370002,3;590880,2;268578,3;362916,3;419548,7;420079,0;379962,2;341614,6;277799,0;501050,3;304545,4;420615,2;600106,1;119986,2;528888,4;477992,7;352754,5;;349159,3;327374,3;247323,7;386250,8;435833,6;61261,5;;441564,0;261155,5;405592,8;401806,0;316896,9
Massapê do Piauí;151373,9;312317,3;306033,6;94978,4;82215,0;363997,8;430962,0;538715,1;338466,8;298641,5;326157,5;435840,1;209760,2;104601,9;238308,2;285231,1;537692,2;663884,9;225549,0;549611,1;820588,9;299876,8;571229,4;124348,6;45493,9;367068,2;456615,9;147609,1;534158,3;100750,2;701091,8;676452,2;323356,2;508709,9;557444,9;265413,9;678079,7;370703,2;508861,6;209541,9;720430,3;84950,1;94412,2;198338,4;60239,9;584811,0;470642,4;374770,3;264675,9;520390,8;247518,2;367414,6;646974,8;106235,4;344860,2;687987,3;621112,9;501675,8;641696,9;453246,8;518510,4;200836,6;132428,1;338340,3;877133,1;916180,8;584111,1;792447,6;646136,6;164899,7;351572,7;390845,1;345443,3;110171,7;;597528,3;228539,3;363860,8;620731,1;326678,3;246333,1;88224,3;288766,2;235899,2;263414,5;77018,8;78715,3;119093,0;68896,9;821964,8;381286,6;400234,0;298907,7;722427,0;163844,7;153652,2;92170,9;44029,2;323681,0;97944,4;45737,2;289536,5;455187,2;338743,8;218398,6;633923,0;639626,7;455376,8;420293,1;814957,4;343384,4;497215,6;570370,2;211632,5;359486,3;214169,4;310926,5;423768,2;712032,3;597252,9;608055,6;526277,7;91702,3;409684,6;0,0;589910,1;532593,9;322828,5;483764,4;353533,7;106570,9;729289,4;486818,1;582979,1;692303,8;239184,4;386171,4;491205,2;540332,5;169303,0;202341,0;400073,0;190632,1;304097,3;70710,6;169533,3;266105,4;605992,8;375813,3;108872,3;841458,2;721361,6;;69780,8;395562,9;148021,1;309543,2;473146,7;200230,2;91183,9;189488,2;130384,6;586624,1;552214,0;562754,8;405836,7;325090,1;185716,0;695051,5;280316,4;796714,5;231163,4;647768,4;293322,8;131137,2;264275,3;735385,4;612647,2;203183,9;103440,4;95154,3;319407,9;187832,0;313129,7;278976,9;117905,5;210703,5;840342,6;308210,7;121933,3;635392,0;296707,4;139028,8;587821,4;187635,9;603634,8;276383,2;107400,7;100133,9;304415,7;123380,1;293387,8;248497,5;325842,5;354616,2;304951,9;914643,4;434523,5;413837,6;102481,6;116935,9;;93643,7;300142,5;211724,5;399005,3;448588,2;489483,8;;325900,6;222599,5;55489,1;82391,1;147703,0
Matias Olímpio;717429,2;285930,1;305389,2;595704,8;582941,3;274979,2;206474,6;707025,6;373475,6;325539,6;764951,8;604150,6;402171,6;535256,8;440208,2;379447,4;990461,3;832195,4;425635,5;87465,3;988899,4;293648,0;84097,6;590100,6;577908,1;281897,2;624926,3;713664,4;136960,2;524865,0;869402,2;189611,5;764639,9;164214,4;137803,5;618608,4;167277,2;339716,1;122145,4;468983,9;229540,3;612321,5;626765,8;701662,8;564912,9;38467,4;180778,8;543080,8;599786,0;184140,4;712319,4;806209,0;135628,5;663058,1;281009,7;128322,1;173653,5;189875,1;200298,6;202481,3;686820,8;515019,9;629266,4;779624,0;1045443,6;1084491,1;752421,6;960758,1;814447,0;703307,1;268288,2;229062,1;786726,9;491627,7;;199992,3;395760,9;685414,9;100946,0;767962,0;588751,2;547324,1;414915,2;401338,3;420549,8;594691,6;548861,0;619819,3;529072,3;990275,2;549597,0;839028,3;317916,4;185325,0;455018,8;480599,0;624524,4;567773,4;569679,9;663999,8;565695,4;345336,2;224658,7;507054,3;684150,6;114137,9;56539,8;170099,4;255063,0;983267,9;782178,8;121273,8;173793,8;777687,8;248028,8;450417,2;292173,6;592078,6;224663,3;24831,4;35634,1;694588,1;619073,8;577995,1;591178,8;0,0;66989,0;287453,8;216270,5;267958,5;581945,1;897599,8;1010838,1;57517,3;132648,7;480870,7;243923,5;180602,4;67016,6;625483,9;435977,5;246692,3;504815,5;287142,7;603124,7;612747,1;601215,4;774303,2;284417,9;489357,2;1009768,7;184259,6;;608602,1;233779,9;714076,4;609728,7;201419,6;644616,6;518988,2;447959,2;605758,9;128960,8;162454,5;33825,0;574147,1;302601,4;751771,3;863361,9;363592,1;965024,9;580114,2;816078,8;582695,6;504739,7;377300,1;903695,9;780957,6;476004,6;497470,0;540241,9;320876,4;561434,5;751924,1;362559,2;683960,8;489476,6;1008653,0;307197,8;491122,2;216100,0;280696,7;495497,1;45868,2;653387,9;154510,7;558786,2;484526,2;600860,1;745699,3;512840,1;339143,5;568006,9;328125,3;288900,2;746235,5;1082953,8;602833,9;251072,2;659304,2;582976,7;;501570,6;652994,6;420042,3;199709,0;146019,0;657794,2;;767184,2;413290,9;586904,3;583117,4;521305,5
Miguel Alves;660128,7;228629,5;248088,7;538404,1;525640,8;233776,2;184180,3;649725,0;316175,0;268239,0;707651,2;546849,9;344871,0;477956,2;382907,6;372091,8;933160,8;774894,8;368334,9;74697,3;931598,8;236347,4;106903,2;532800,0;520607,5;240694,2;567625,8;656363,8;129604,6;467564,4;812101,6;239127,5;707339,3;156858,8;172769,2;561307,8;216793,3;332360,5;82069,9;411683,3;293434,6;555020,9;569465,2;644362,2;507612,3;65925,4;173423,2;485780,2;542485,4;177614,4;655018,8;748908,4;185144,5;605757,5;273654,1;177838,2;210109,6;182519,5;230693,6;195125,7;629520,2;457719,3;571965,8;722323,4;988143,0;1027190,6;695121,0;903457,4;757146,4;646006,5;210987,6;171761,5;729426,4;434327,1;;215227,4;338460,3;628114,2;132680,0;710661,4;531450,6;490023,5;357614,6;344037,7;363249,2;537391,1;491560,4;562518,7;471771,7;932974,6;492296,4;781727,8;260615,9;249219,3;397718,3;423298,4;567223,8;510472,8;512379,4;606699,1;508394,8;288035,6;217303,1;449753,7;626850,0;145871,9;106055,9;112798,8;265214,7;925967,3;724878,2;63973,2;189028,8;720387,2;190728,2;393116,7;234873,0;534778,0;288557,6;74347,4;85150,1;637287,6;561773,2;520694,5;533878,2;67004,6;0,0;230153,2;226422,2;210657,9;524644,5;840299,2;953537,5;80322,9;182164,8;423570,1;186623,0;173246,8;33538,9;568183,3;378676,9;239336,7;447514,9;229842,1;545824,1;555446,6;543914,9;717002,7;227117,3;432056,6;952468,1;248153,8;;551301,6;176479,3;656775,8;552428,1;211571,3;587316,0;461687,6;440603,6;548458,2;165416,9;172606,2;39849,2;516846,6;261398,4;694470,8;806061,3;306291,5;907724,4;522813,6;758778,2;525395,1;447439,1;319999,5;846395,3;723657,0;418704,0;440169,4;482941,3;263575,8;504133,9;694623,5;305258,6;626660,2;432176,1;951352,4;249897,2;433821,6;253091,1;271407,7;438196,5;85165,2;596087,2;190966,8;501485,6;427225,6;543559,6;688398,7;455539,5;281842,9;510706,3;320769,7;231599,7;688934,9;1025653,2;545533,4;243716,6;602003,6;525676,1;;444270,0;595694,0;362741,8;142408,5;88718,4;600493,6;;709883,7;355990,3;529603,8;525816,9;464004,9
Miguel Leão;449353,8;17854,7;37313,8;327629,3;314865,9;77816,3;127511,8;429685,0;96135,1;48199,1;487611,3;326810,0;134096,2;267181,4;162867,7;287895,8;713120,8;554854,8;157560,1;246160,9;711558,9;25572,6;267779,3;322025,2;309832,7;84510,4;347585,8;445589,0;230708,2;256789,6;592061,7;373002,1;487299,3;205259,8;253994,8;341267,8;374629,5;338875,7;205411,4;191643,3;416980,2;344246,1;358690,3;433587,4;296837,5;281360,8;167192,2;265740,2;322445,5;216940,7;444244,0;528868,4;343524,7;394982,7;268130,2;384537,2;317662,7;198225,7;338246,7;149796,6;409480,3;246944,5;361191,0;502283,4;768103,0;807150,6;475081,1;683417,5;537106,4;435231,7;33811,6;87395,0;509386,4;223552,3;;294078,2;127685,5;408074,3;317280,9;490621,5;311410,6;279248,7;137574,6;133262,9;143209,2;326616,2;280785,6;351743,9;260996,9;712934,6;272256,5;561687,8;49841,1;418976,8;186943,5;212523,6;356449,0;299698,0;292339,4;395924,3;297620,0;67995,7;211779,3;229713,8;416075,2;330472,8;336176,6;151926,6;266904,9;705927,3;504838,2;193765,5;266920,1;509612,4;56036,2;182341,9;24098,2;314738,0;408582,2;293802,8;304605,5;417247,6;350998,4;300654,5;323103,4;286460,0;229143,8;0,0;302579,9;50083,6;313869,7;620259,2;733497,6;279528,9;388853,7;203530,1;82721,3;187755,0;236882,4;357408,5;167902,1;203720,1;236740,1;19067,3;335049,3;335406,6;323874,9;496962,7;76218,8;221281,8;732428,2;417911,4;;340526,7;92112,8;446001,0;332388,1;287729,0;367276,1;250912,8;264572,6;337683,5;283173,9;248763,8;259304,6;296806,6;102770,4;483695,9;586021,4;86251,6;687684,4;302773,7;538738,3;305355,1;236664,3;109224,7;626355,4;503617,1;198664,0;229394,6;272166,5;43535,9;293359,1;474583,5;94483,8;415885,4;212136,1;731312,4;39122,4;223046,8;331941,9;147502,1;227421,7;284371,2;385312,5;300184,7;281445,7;216450,8;332784,8;468358,8;244764,7;71068,1;290666,4;294015,0;36855,1;468895,0;805613,2;325493,4;238192,8;391228,8;314901,3;;233495,2;375654,0;151966,9;95555,2;145138,0;380453,7;;489843,7;145215,5;318828,9;315042,0;253230,1
Milton Brandão;610196,8;302342,5;321801,7;403602,5;426542,2;246677,8;178173,2;723438,1;389888,1;341952,1;781364,3;620563,0;418584,1;428024,4;456620,7;237540,0;1006873,8;848607,8;442048,0;163897,3;1005311,9;310060,5;137607,1;525153,1;470675,6;253595,8;641338,8;606432,0;116671,1;409553,8;885814,7;205673,6;781052,4;132050,6;86666,3;635020,9;207301,0;197808,6;157217,6;485396,3;249651,7;455922,4;519533,3;636715,3;408513,8;183346,1;150646,8;559493,2;616198,5;103385,4;647371,9;822621,4;176196,2;506658,9;139102,2;217208,7;150334,2;113872,8;170918,2;172349,3;703233,3;450072,4;523335,2;796036,4;1061856,0;1100903,6;768834,1;977170,5;830859,5;546908,0;304835,3;237445,0;803139,4;384395,2;;54637,5;412173,4;701827,3;187108,7;784374,5;605163,6;440091,7;431327,7;417750,8;436962,2;438292,5;401827,2;427639,1;421839,8;1006687,6;566009,5;855440,8;334328,9;251648,3;347786,4;373366,5;517292,0;460541,0;586092,4;556767,3;458463,0;361748,7;176137,0;523466,8;619203,1;200300,6;206004,4;215675,5;64488,6;999680,4;798591,2;187069,6;44283,6;670455,3;264441,3;305276,8;308586,1;608491,1;241253,7;211120,8;205265,1;711000,6;462674,7;594407,5;483946,3;216297,2;226606,9;303866,3;0,0;284371,0;367973,9;914012,3;1027250,6;167605,6;221525,2;497283,1;269803,2;122560,7;187130,8;560536,4;331903,1;137379,6;439868,0;303555,2;466813,5;537553,9;617627,9;790715,8;310297,6;382124,7;1026181,2;250582,9;;501369,7;242162,8;553616,2;626141,1;15080,1;569423,4;411755,8;296107,7;332869,8;115845,4;54366,5;200102,6;590559,6;274300,0;644538,9;879774,4;380004,6;981437,4;596526,7;832491,3;599108,1;397507,2;225321,2;920108,4;797370,1;492417,1;390237,6;398298,7;337288,9;454202,0;768336,6;378971,6;576728,4;505889,1;1025065,4;323610,2;383889,8;68831,8;185924,5;388264,7;171205,1;588440,4;132856,2;575198,7;377293,8;391668,2;762111,8;338000,1;355556,0;584419,4;186217,8;319077,8;762648,0;1099366,2;619246,4;93555,3;502905,1;518029,2;;394338,1;669407,1;436454,8;232762,9;273348,9;674206,7;;783596,8;429703,4;479671,9;426718,3;414073,0
Monsenhor Gil;480085,6;48586,4;68045,6;358361,1;345597,7;116643,9;108046,4;469681,9;136132,0;88195,9;527608,2;366806,9;164828,0;297913,2;202864,6;318627,6;753117,7;594851,8;188291,9;226695,5;751555,8;56304,3;248313,9;352756,9;340564,4;123338,1;387582,7;476320,8;211242,8;287521,4;632058,6;353536,7;527296,2;185794,4;234529,4;381264,8;355164,1;307371,2;185946,0;231640,2;397514,8;374977,9;389422,1;464319,2;327569,2;261895,4;147726,8;305737,2;362442,4;197475,3;474975,8;568865,3;324059,3;425714,4;248664,8;365071,8;298197,3;178760,2;318781,3;130331,2;449477,2;277676,3;391922,8;542280,4;808099,9;847147,6;515078,0;723414,4;577103,4;465963,4;20638,8;67929,6;549383,3;254284,1;;274612,8;158417,3;448071,2;297815,5;530618,4;351407,5;309980,5;177571,5;163994,7;183206,1;357348,0;311517,4;382475,7;291728,7;752931,5;312253,4;601684,7;80572,8;399511,4;217675,2;243255,3;387180,8;330429,8;332336,3;426656,1;328351,8;107992,6;192313,9;269710,7;446806,9;311007,4;316711,1;132461,2;247439,5;745924,2;544835,1;174300,1;247454,6;540344,1;36570,8;213073,6;54830,0;354734,9;389116,8;274337,4;285140,1;457244,5;381730,1;340651,4;353835,2;266994,5;209678,4;50110,2;283114,5;0,0;344601,5;660256,2;773494,4;260063,5;369388,2;243527,0;36839,1;168289,6;217416,9;388140,3;198633,8;184254,7;267471,9;49799,1;365781,1;375403,5;363871,8;536959,6;65769,1;252013,5;772425,1;398446,0;;371258,5;72647,3;476732,8;372385,0;268263,6;407273,0;281644,6;295304,3;368415,2;263708,5;229298,4;239839,2;336803,5;133502,2;514427,7;626018,3;126248,5;727681,3;342770,6;578735,2;345352,0;267396,0;139956,5;666352,2;543614,0;238660,9;260126,4;302898,2;83532,8;324090,8;514580,4;125215,5;446617,2;252133,0;771309,4;69854,1;253778,6;312476,5;195273,8;258153,5;264905,8;416044,2;280719,3;321442,6;247182,6;363516,5;508355,7;275496,5;101799,9;330663,3;295780,5;34881,3;508891,9;845610,2;365490,3;218727,4;421960,6;345633,0;;264226,9;415650,9;182698,7;76089,8;125672,6;420450,6;;529840,6;175947,3;349560,7;345773,8;283961,8
Monsenhor Hipólito;233433,0;303234,3;296950,5;46966,5;69906,3;354914,7;421878,9;529632,1;329383,7;289558,4;404578,6;426757,0;200677,1;95518,9;229225,1;189998,2;813067,8;654801,9;216465,9;540528,0;811505,9;290793,7;562146,4;202769,8;92409,8;357985,1;447532,8;229668,1;525075,2;52917,9;692008,7;554415,8;401777,3;499626,9;548361,9;343835,1;576177,4;288160,1;499778,5;200458,9;598393,8;99286,5;172833,4;280397,4;51877,8;575727,9;461559,3;365687,3;343097,1;511307,8;324988,6;445835,7;580517,7;150023,0;266182,9;586085,0;612029,8;492592,8;526179,7;444163,7;509427,3;191753,5;214487,1;416761,5;868050,1;907097,7;575028,1;783364,6;637053,5;190272,0;342489,6;381762,1;423864,5;101088,7;;462744,4;219456,2;508021,3;611648,0;405099,5;324754,3;146617,8;279683,1;226816,1;254331,4;81656,6;45191,3;112025,8;75139,9;812881,7;372203,5;478655,1;289824,7;620524,6;154761,6;144569,2;170592,0;113841,1;314597,9;180003,5;111763,1;280453,4;376509,9;329660,8;296819,8;624839,9;630543,6;446293,7;341615,8;805874,4;421805,5;488132,6;402080,6;293691,5;350403,2;128508,1;301843,5;414685,1;589995,8;588169,9;598972,6;517194,7;106038,7;400601,5;106584,9;580827,0;523510,9;313745,5;368061,8;344450,7;0,0;720206,3;565239,2;573896,0;590401,5;230101,3;377088,3;482122,1;531249,4;238153,1;193257,9;321395,7;181549,1;295014,2;110177,6;247954,5;344526,5;596909,8;366730,2;99789,2;832375,2;619459,2;;151839,8;386479,8;196980,3;432335,2;372877,0;278651,4;82100,9;94255,4;35151,7;577540,9;543130,9;553671,7;396753,7;316007,0;267775,1;685968,4;271233,3;787631,4;288628,1;638685,3;405302,1;122054,1;255192,2;726302,4;603564,1;194100,8;94357,4;41662,8;310324,9;178748,9;391550,8;269893,9;199964,5;201620,5;831259,5;299127,6;83668,1;435731,0;287624,3;129945,7;578738,3;266057,1;594551,8;267300,1;85575,7;56277,6;382836,8;75547,8;284304,7;239414,4;247165,2;345533,1;383373,0;905560,3;425440,4;335160,3;146269,1;195357,0;;71818,7;378563,7;202641,5;389922,2;439505,1;480400,7;;404321,8;213516,4;132972,0;70082,4;138619,9
Monte Alegre do Piauí;563698,7;611813,1;595527,2;734084,0;721320,6;688202,6;737898,1;190564,9;536385,2;572905,4;318628,0;410587,6;704658,7;673636,1;532600,9;814621,9;174497,5;263361,8;593190,8;856547,2;108867,2;625016,8;878165,6;486121,7;716287,3;694896,8;274563,2;612316,4;841094,6;677023,1;159322,1;983388,4;326222,5;815646,1;864381,1;334079,6;985015,9;865601,8;815797,8;561376,6;1027366,5;750700,8;504158,1;466303,2;703292,1;891747,2;777578,6;369659,9;332851,0;827327,1;476959,8;279629,5;953911,0;649147,7;839758,7;994923,5;928049,1;808612,0;948633,1;760182,9;222157,9;604488,5;526054,1;495095,2;165411,3;204458,9;151585,7;144794,3;135861,4;629607,0;658508,9;697781,3;398202,8;630006,9;;904464,5;655703,0;245288,8;927667,2;361213,4;365421,9;545552,8;486684,6;618033,9;512942,5;733070,9;687240,2;758198,6;667451,6;110242,9;426836,1;231360,4;598087,7;1029363,2;658743,2;604963,4;511485,4;566639,8;412728,1;556798,0;704074,7;570325,7;822165,6;390689,9;445134,9;940859,2;946562,9;762312,9;877291,2;167304,1;299675,2;804151,8;877306,4;548452,9;666422,5;709067,9;607064,7;345263,0;1018968,5;904189,1;914991,8;221322,0;757453,1;415327,8;729558,1;896846,3;839530,1;620437,1;912966,2;660469,9;720324,4;0,0;194874,3;889915,2;999240,0;510353,5;661472,2;798141,4;847268,7;502141,8;697239,5;814106,4;573183,8;618511,5;741503,9;440894,1;334280,4;151104,6;620482,8;627736,4;211244,0;1028297,8;;551998,2;702499,1;612728,4;327320,3;898115,3;460185,1;657367,4;803241,8;744138,1;893560,2;859150,2;869690,9;411479,9;693007,6;525132,2;34239,6;574698,6;209695,1;393643,1;325509,0;379169,5;620506,1;699461,9;288444,6;135740,0;568397,3;660212,8;678621,1;583306,9;538974,2;329934,4;684720,9;542353,4;518959,5;128620,8;592290,4;691902,4;942328,2;737739,3;590941,2;894757,6;411093,9;910571,0;411942,4;682607,0;739239,4;461170,5;699653,0;661305,3;440395,1;820741,0;624236,1;356759,2;202921,6;320273,9;848579,1;652401,8;481412,8;;668850,1;368465,8;567014,4;705941,5;755524,4;375234,2;;361991,1;580846,2;542642,6;721496,7;636587,7
Morro Cabeça no Tempo;453368,6;725007,4;708721,5;578816,8;566053,3;801396,9;851092,4;303759,2;649579,4;686099,7;162389,3;523781,8;613755,9;484961,5;645795,2;723719,1;50874,1;376556,1;706385,1;969741,6;286139,8;738211,1;991359,9;375791,6;507857,5;808091,1;387757,4;501986,3;954288,8;528949,8;272516,4;1096582,8;169983,8;928840,4;977575,4;322553,0;1098210,1;774698,9;928992,0;674570,9;1140560,8;547313,6;393828,0;355973,1;548024,9;1004941,4;890772,9;482854,2;446045,2;940521,3;366629,7;123390,8;1067105,2;538817,6;748855,8;1108117,8;1041243,3;921806,2;1061827,4;873377,2;335352,2;461035,3;415724,0;271244,8;204105,8;211861,9;264780,0;77892,2;249055,7;519276,9;771703,1;810975,6;197067,3;539104,1;;1017658,8;768897,3;358483,0;1040861,5;160077,9;478616,2;435222,7;599878,9;731228,2;626136,8;577803,7;531973,0;602931,3;494797,9;287515,6;540030,4;97912,3;711281,9;1142557,5;567840,3;514060,6;401155,3;456309,6;525922,4;446467,9;495783,2;683520,0;935359,9;503884,2;300414,2;1054053,5;1059757,1;875507,2;990485,5;89232,3;143436,5;917346,1;990500,6;392511,8;779616,8;618165,1;720259,0;458457,3;1132162,8;1017383,4;1028186,1;334516,2;554065,9;528522,1;486861,3;1010040,6;952724,4;733631,3;1026160,5;773664,2;565057,1;194840,2;0,0;1003109,6;1112434,2;623547,8;774666,5;911335,6;960463,0;391811,8;606336,7;927300,7;466340,1;731705,8;533074,1;376307,9;447474,7;264298,9;733677,1;510139,8;148344,5;1141492,0;;441668,1;815693,4;502398,3;440514,6;1011309,6;349855,0;519383,6;647974,5;588870,9;1006754,5;972344,4;982885,2;524674,2;806201,9;414802,1;160602,3;687892,9;161460,9;506837,4;438703,3;492363,8;485947,5;812656,2;401638,9;248934,3;681591,6;531640,1;523353,9;696501,1;428644,1;173695,7;797915,2;432023,3;632153,8;233050,5;705484,7;550132,9;1055522,5;850933,6;500038,3;1007951,8;303425,8;1023765,3;525136,6;535600,3;583972,2;215339,6;551579,7;774499,6;421618,8;729838,2;737430,4;167507,5;182183,1;433468,2;961773,4;542071,8;371082,8;;521843,3;294381,7;540950,3;819135,8;868718,6;488428,5;;160855,6;694040,4;432312,6;566229,4;469048,2
Morro do Chapéu do Piauí;705880,6;274381,4;293840,6;584156,1;571392,6;238332,7;169828,1;695476,9;361927,0;313990,9;753403,2;592601,9;390622,9;523708,1;428659,5;372109,3;978912,6;820646,7;414086,8;50818,9;977350,8;282099,3;35365,7;578551,9;566359,4;245250,7;613377,7;702115,8;98373,2;513316,3;857853,6;173707,7;753091,2;125627,4;89071,5;607059,8;151373,5;332377,9;85498,9;457435,2;228014,8;600772,9;615217,1;690114,1;553364,2;24525,9;144132,3;531532,1;588237,3;135408,4;700770,8;794660,3;95286,9;651509,4;273671,5;112418,4;124921,5;145895,8;145505,5;165834,8;675272,2;503471,3;617717,8;768075,3;1033894,9;1072942,5;740872,9;949209,4;802898,3;691758,4;257091,8;209483,9;775178,3;480079,0;;151260,4;384212,3;673866,2;61142,4;756413,4;577202,5;535775,4;403366,5;389789,6;409001,1;583143,0;537312,3;608270,6;517523,6;978726,5;538048,3;827479,7;306367,8;183799,5;443470,2;469050,3;612975,8;556224,8;558131,3;652451,1;554146,8;333787,6;208159,9;495505,6;672601,9;74334,4;45620,9;145467,4;206331,0;971719,2;770630,1;86023,3;125061,8;766139,1;236480,2;438868,6;280624,9;580529,9;223137,8;45340,9;44881,7;683039,5;607525,1;566446,4;579630,1;57476,9;80338,3;275905,1;167538,5;256409,8;570396,4;886051,1;999289,4;0,0;116745,0;469322,0;232727,1;154583,6;61700,2;613935,2;424428,8;239354,1;493266,9;275594,0;591576,0;601198,4;589666,8;762754,6;273221,5;477808,5;998220,1;182734,1;;597053,4;214201,6;702527,8;598180,0;152687,7;633067,9;507439,5;440621,1;490143,4;80228,8;113722,5;51954,4;562598,5;265954,9;740222,7;851813,2;352043,4;953476,3;568565,6;804530,2;571146,9;493191,0;365751,4;892147,2;769408,9;464455,9;485921,3;528693,2;309327,8;549885,8;740375,4;351010,5;672412,1;477928,0;997104,3;295649,1;479573,5;167368,1;244050,2;483948,4;3600,3;641839,2;105778,7;547237,6;472977,5;589311,5;734150,6;501291,4;327594,8;556458,2;320787,2;277703,8;734686,9;1071405,1;591285,2;235047,2;647755,5;571428,0;;490021,9;641445,9;408493,7;190205,6;159368,3;646245,6;;755635,6;401742,3;575355,7;571568,8;509756,8
Murici dos Portelas;819777,3;388278,1;407737,3;698052,8;685289,4;332613,4;264108,8;809373,6;475823,7;427887,7;867299,9;706498,6;504519,7;637604,9;542556,2;426021,9;1092809,4;934543,4;527983,6;161683,5;1091247,5;395996,0;113323,0;692448,6;680256,1;339531,4;727274,4;816012,5;176330,6;627213,1;971750,2;73416,1;866987,9;203584,8;139167,5;720956,4;51081,8;386290,6;181610,1;571331,9;127723,1;714669,6;729113,8;804010,9;667260,9;135390,6;236582,4;645428,8;702134,1;189321,0;814667,5;908557,1;58022,0;765406,1;327584,2;16218,9;74736,4;199808,4;84103,2;258284,9;789168,9;617368,0;731614,5;881972,1;1147791,6;1186839,2;854769,6;1063106,1;916795,1;805655,1;390770,8;323380,6;889075,0;593975,8;;191249,5;498109,0;787762,9;65171,3;870310,1;691099,2;649672,2;517263,2;503686,3;522897,8;697039,7;651209,1;648850,1;631420,4;1092623,2;651945,1;941376,4;420264,5;83507,8;557366,9;582947,0;726872,4;670121,5;672028,0;766347,8;668043,5;447684,3;262072,6;609402,4;786498,6;78363,3;84417,4;241578,6;260243,6;1085615,9;884526,8;211462,1;176456,1;880035,8;350376,9;552765,3;394521,7;694426,6;122846,1;111326,0;97404,9;796936,2;721421,8;680343,1;693526,8;132174,6;181660,3;389801,8;221451,2;370306,6;589184,9;999947,9;1113186,1;119650,0;0,0;583218,8;328838,3;208496,3;172564,9;727831,9;538325,6;293266,8;607163,6;389490,8;705472,8;715095,2;703563,5;876651,3;369332,7;591705,2;1112116,8;82442,4;;710950,2;328098,4;816424,5;712076,8;206600,3;746964,7;621336,2;517318,7;554080,8;122525,2;167635,1;148496,3;676495,2;360235,6;854119,4;965710,0;465940,2;1067373,0;682462,2;918426,9;685043,7;607087,8;375897,0;1006043,9;883305,7;578352,6;599818,1;642589,9;423224,5;663782,6;854272,1;464907,2;786308,9;591824,7;1111001,0;409545,8;593470,2;181797,4;336500,2;597845,1;107186,1;755735,9;115994,4;661134,2;586874,2;703208,2;848047,4;615188,1;441491,6;670355,0;374699,8;405013,4;848583,6;1185301,9;705182,0;288959,9;761652,2;685324,8;;603918,6;755342,6;522390,4;286316,8;260690,3;760142,3;;869532,3;515639,0;689252,4;685465,5;623653,6
Nazaré do Piauí;365595,1;194850,5;178564,5;243870,6;231107,1;271239,9;320935,5;319670,8;119422,5;155942,7;377597,1;216795,8;214445,3;183422,6;115638,2;324408,4;603106,6;444840,6;164859,2;439584,6;601544,7;208054,1;461202,9;189355,7;226073,9;277934,1;237571,6;361830,2;424131,8;186809,7;482047,5;566425,8;377285,1;398683,4;447418,4;231253,7;568053,2;375388,3;398835,1;67870,4;610403,8;260487,4;203575,8;300917,9;213078,7;474784,5;360615,9;155726,0;212431,2;410364,3;311574,6;418854,2;536948,3;311223,9;349545,2;577960,8;511086,3;391649,3;531670,4;343220,3;299466,1;114275,1;228521,6;392269,2;658088,8;697136,4;365066,8;573403,3;427092,2;351472,9;241546,2;280818,6;399372,2;139793,5;;487501,8;204326,1;298060,1;510704,5;380607,3;201396,4;167983,6;69721,9;165814,4;95979,8;242857,5;197026,8;267985,1;177238,1;602920,4;162242,3;451673,6;181125,0;612400,5;168529,7;114750,0;210903,2;215939,3;125745,3;259265,5;213861,3;153363,0;405202,9;119699,5;283405,7;523896,5;529600,2;345350,2;424978,2;595913,1;394824,0;387189,1;460343,7;425853,6;249459,8;218854,5;190102,0;204723,8;602005,8;487226,5;498029,1;307233,4;267239,6;190640,3;239344,6;479883,6;422567,4;203474,4;496003,5;243507,2;230110,9;510245,1;623483,3;472952,6;582277,3;0,0;244509,5;381178,7;430306,0;224739,1;207026,1;397143,7;82970,3;201548,8;251290,5;152016,5;213860,7;386948,5;203520,1;137523,0;622414,0;611335,1;;256767,9;285536,4;362242,2;222373,9;481152,7;183886,0;167154,0;313028,3;253924,7;476597,5;442187,5;452728,2;186792,4;276044,9;399937,2;476007,2;157736,0;577670,2;119383,6;428724,1;195340,9;130292,7;268960,4;516341,2;393602,8;74891,2;169999,4;188407,7;166344,2;153478,2;364569,3;267758,2;244820,9;28746,0;621298,2;175327,7;201689,0;525365,5;301392,5;100727,7;477794,8;252643,0;493608,3;98055,6;192393,6;249026,0;358344,6;209439,6;244342,6;107276,3;330527,6;207273,4;358880,8;695599,1;215479,2;431616,4;307470,0;182231,8;;178636,6;265639,8;141639,7;288978,8;338561,7;270439,5;;379829,5;152514,7;235070,2;231283,3;146374,2
Nazária;512718,6;81219,4;100678,6;390994,1;378230,7;111124,7;94532,3;470722,3;137172,3;120828,9;528648,6;367847,2;197460,9;330546,2;203904,9;333588,5;754158,0;595892,1;220924,9;200212,9;752596,1;88937,3;221831,2;413783,0;373197,4;117818,9;388623,0;508953,8;197728,7;320154,4;633098,9;340022,6;528336,6;172280,3;221015,3;382305,1;341650,0;293857,2;159463,3;232680,6;384000,7;407610,9;428003,2;525345,2;360202,2;235412,8;134212,7;306777,5;363482,7;183961,2;536001,9;569905,7;310545,2;458347,4;235150,7;322608,8;284683,2;165246,2;305267,2;116817,1;450517,5;338702,4;452948,9;543320,7;809140,2;848187,9;516118,3;724454,8;578143,7;498596,4;33584,9;62410,4;550423,7;286917,0;;261098,7;191050,3;449111,5;271332,8;531658,7;352447,8;342613,5;178611,9;200072,5;184246,5;389981,0;344150,3;415108,7;324361,6;753971,9;313293,7;602725,1;113205,8;385997,3;250308,2;275888,3;419813,8;363062,8;333376,7;459289,1;360984,8;152364,3;178799,8;270751,0;507833,0;284524,8;290228,5;105978,6;233925,4;746964,6;545875,4;147817,4;233940,5;572977,1;52716,1;245706,6;87462,9;355775,3;375602,7;250783,6;261586,3;458284,8;414363,1;341691,8;386468,1;243440,8;186124,6;82743,1;269600,4;36839,1;377234,5;661296,5;774534,8;233580,9;326935,4;244567,4;0,0;154775,5;193863,2;449166,3;231266,8;170740,6;307397,6;82432,0;398414,0;376443,8;364912,2;537999,9;42052,9;284646,5;773465,4;384931,9;;403891,5;67128,1;509365,8;373425,4;254749,5;408313,3;314277,5;327937,3;401048,2;250194,4;215784,3;216285,4;337843,8;166135,2;547060,7;627058,6;156737,3;728721,6;343810,9;579775,5;346392,3;300029,0;172589,5;667392,6;544654,3;239701,3;292759,4;335531,2;116165,8;356723,8;515620,8;157848,5;479250,2;253173,3;772349,7;102487,1;286411,5;298962,4;181759,7;290786,4;238423,1;459319,3;267205,2;322482,9;279815,6;396149,5;509396,0;308129,4;134432,9;331703,6;282266,4;54476,8;509932,2;846650,5;366530,6;205213,3;454593,5;406659,1;;296859,9;416691,3;206955,6;51248,7;102118,8;421490,9;;530880,9;208580,3;382193,7;378406,8;316594,8
Nossa Senhora de Nazaré;618774,1;187274,9;206734,1;497049,6;484286,2;131610,2;63105,6;608370,4;274820,5;226884,4;666296,7;505495,4;303516,4;436601,7;341553,1;225018,7;891806,2;733540,2;326980,4;110515,2;890244,2;194992,8;124673,6;491445,4;479252,9;138528,2;526271,2;615009,2;43647,6;426209,9;770747,1;192740,2;665984,8;18199,2;73732,9;519953,2;194367,6;185287,4;89797,4;370328,7;236718,2;513666,4;528110,6;603007,6;466257,8;170412,7;35579,2;444425,6;501130,8;36678,8;613664,2;707553,8;163262,8;564402,9;126581,0;204275,2;137400,8;17963,7;157984,8;57281,7;588165,7;416364,8;530611,2;680968,8;946788,4;985836,1;653766,4;862102,9;715791,9;604651,9;189767,7;122377,4;688071,8;392972,6;;113816,2;297105,8;586759,7;174175,2;669306,9;490096,0;448669,0;316260,0;302683,2;321894,6;496036,5;450205,8;521164,2;430417,2;891620,0;450941,9;740373,2;219261,3;238714,9;356363,7;381943,8;525869,2;469118,3;471024,8;565344,6;467040,3;246681,1;61069,4;408399,2;585495,4;187367,2;193070,9;100607,9;116668,8;884612,8;683523,6;103286,6;86658,1;679032,6;149373,7;351762,1;193518,5;493423,4;228320,2;198187,4;192331,7;595933,0;520418,6;479339,9;492523,6;180528,1;173224,8;188798,6;122317,9;169303,4;483290,0;798944,7;912182,9;154672,2;208591,7;382215,5;154735,6;0,0;133748,7;526828,8;337322,3;92263,6;406160,4;188487,5;504469,5;514092,0;502560,3;675648,1;195230,0;390702,0;911113,6;237649,5;;509947,0;127095,2;615421,2;511073,5;107467,1;545961,5;420333,0;293530,5;357452,9;102911,9;68501,9;146720,5;475492,0;159232,4;653116,2;764706,8;264937,0;866369,8;481459,1;717423,7;484040,5;406084,5;174893,8;805040,8;682302,4;377349,4;398814,9;441586,8;222221,2;462779,3;653268,9;263904,0;585305,7;390821,5;909997,8;208542,6;392467,1;151679,9;135497,0;396841,9;158271,7;554732,7;119922,7;460131,1;385871,1;502205,0;647044,2;414184,9;240488,4;469351,8;173696,6;204010,2;647580,4;984298,6;504178,8;87956,7;560649,1;484321,5;;402915,4;554339,4;321387,2;117695,2;158281,3;559139,1;;668529,1;314635,8;488249,2;484462,3;422650,3
Nossa Senhora dos Remédios;667867,2;236368,0;255827,2;546142,7;533379,3;191105,4;159642,9;657463,6;323913,6;275977,6;715389,8;554588,6;352609,6;485694,8;390646,2;332615,7;940899,3;782633,4;376073,5;28407,6;939337,4;244086,0;88263,0;540538,6;528346,0;198023,4;575364,3;664102,4;90128,5;475303,0;819840,2;226605,0;715077,9;117382,7;133293,0;569046,4;204270,8;292884,4;67538,9;419421,8;280912,1;562759,5;577203,8;652100,8;515350,9;47285,1;133947,1;493518,8;550224,0;138138,3;662757,4;756646,9;148184,2;613496,1;234178,0;165315,7;170633,5;143043,4;191217,5;155649,6;637258,8;465457,9;579704,4;730061,9;995881,6;1034929,2;702859,6;911196,1;764885,0;653745,1;218726,2;158440,5;737164,9;442065,7;;175751,3;346198,9;635852,8;114039,7;718400,0;539189,1;497762,1;365353,2;351776,3;370987,8;545129,6;499299,0;570257,3;479510,3;940713,1;500035,0;789466,3;268354,4;236696,8;405456,8;431036,9;574962,4;518211,4;520117,9;614437,8;516133,4;295774,2;177827,0;457492,3;634588,6;127231,7;106052,1;98267,8;225738,5;933705,9;732616,8;49442,1;149552,7;728125,8;198466,8;400855,2;242611,6;542516,6;276035,1;74343,7;85146,3;645026,1;569511,8;528433,1;541616,8;67000,8;33538,9;237891,8;186946,1;218396,5;532383,1;848037,8;961276,1;61682,6;169642,3;431308,7;194361,5;133770,7;0,0;575921,9;386415,5;199860,6;455253,5;237580,7;553562,7;563185,1;551653,4;724741,2;234855,9;439795,1;960206,7;235631,4;;559040,1;163158,2;664514,4;560166,6;172095,2;595054,6;469426,2;401127,5;556196,8;125940,8;133130,0;33193,2;524585,1;218727,6;702209,3;813799,9;314030,1;915462,9;530552,2;766516,8;533133,6;455177,7;327738,1;854133,9;731395,6;426442,6;447908,0;490679,9;271314,4;511872,5;702362,1;312997,1;634398,8;439914,6;959090,9;257635,7;441560,2;213615,0;228736,9;445935,1;66524,9;603825,9;151490,7;509224,2;434964,2;551298,1;696137,3;463278,1;289581,5;518444,9;281293,6;239338,2;696673,5;1033391,8;553271,9;204240,5;609742,2;533414,7;;452008,6;603432,6;370480,3;150147,0;96457,0;608232,2;;717622,2;363728,9;537342,3;533555,4;471743,5
Nova Santa Rita;135843,4;339639,2;323353,2;251680,9;238917,5;398583,9;465548,1;311518,4;324102,6;300731,4;231117,2;421476,0;286620,0;157825,7;240398,1;396583,2;442652,0;527163,6;237034,0;584197,2;593392,2;334462,9;605815,6;37182,6;190303,8;401654,3;320801,9;150645,6;568744,4;201813,9;534973,1;711038,4;228316,0;543296,1;592031,1;170373,8;712665,8;447563,0;543447,7;211631,8;755016,4;229759,9;66692,1;45773,7;220889,0;619397,1;505228,5;360406,2;189353,4;554977,0;86674,9;272374,4;681560,9;164110,8;421720,0;722573,4;655699,0;536261,9;676283,0;487832,9;291313,6;133899,5;68453,1;243300,1;649936,4;688984,0;356914,4;565250,9;444646,2;167936,2;386158,8;425431,2;250403,1;211968,2;;632114,4;276500,8;268820,7;655317,1;231638,2;174571,9;108086,8;274402,0;237989,1;300660,0;250667,8;204837,1;275795,5;167662,1;594767,9;366922,4;305193,8;325913,7;757013,1;240704,5;186924,8;74019,4;129173,8;203567,0;71761,2;168647,3;291626,4;549815,6;324379,7;123358,4;668509,1;674212,8;489962,9;497152,9;587760,7;248344,2;531801,8;604956,3;120597,6;394072,4;291029,2;334890,7;409404,0;746618,4;631839,1;642641,8;299081,0;236512,1;395320,5;169307,6;624496,2;567180,1;357414,7;560624,2;388119,8;237921,3;502092,6;391777,9;617565,2;726889,9;224820,2;449189,7;525791,2;574918,6;0,0;279200,8;476932,8;139204,2;338683,4;215520,4;97772,1;190782,8;378796,1;408200,2;183003,9;614261,5;755947,7;;114532,2;430149,0;151057,6;214503,0;550006,4;121806,6;192247,7;320838,6;261735,0;621210,1;586800,1;597340,9;391472,6;359676,2;97276,9;467854,7;282406,3;569517,8;159402,2;579757,6;235671,9;158811,6;341135,1;667374,6;385450,4;205273,8;204504,2;196218,0;311132,8;101508,2;218089,5;309218,3;51452,3;196339,4;613145,8;320116,4;222997,0;669978,1;373567,2;172902,5;622407,4;92595,7;638220,9;155443,8;208464,4;256836,3;209375,4;224443,8;327973,9;127558,1;402702,3;352062,1;209911,7;687446,6;366512,7;490697,4;167365,0;43946,9;;194707,5;205102,3;213814,4;433591,4;483174,3;421473,0;;230860,4;224689,4;105176,7;239093,6;141912,3
Novo Oriente do Piauí;328735,6;157319,4;151035,6;207011,0;194247,6;208999,8;275964,0;506489,8;155195,3;171272,6;445500,7;403614,8;54762,2;146563,1;93359,4;168135,9;789925,5;631659,6;30898,2;394613,1;788363,6;144878,8;416231,5;243691,8;189214,4;212070,2;424390,5;324970,8;379160,4;136171,3;668866,4;521454,3;442699,4;353712,0;402447,0;384757,2;523081,7;219115,7;353863,6;119589,3;565432,4;223627,8;238072,1;355254,1;176219,2;429813,0;315644,4;342545,0;399250,2;365392,9;365910,7;486757,8;491976,9;274364,4;193272,7;532989,4;466114,9;346677,8;486698,9;298248,8;486285,0;168611,2;241874,0;457683,5;844907,8;883955,4;551885,8;760222,2;613911,2;314613,4;196574,7;235847,2;464786,5;102934,0;;442530,4;33888,5;484879,1;465733,1;446021,6;307890,6;158630,4;138641,9;62187,6;114016,1;205998,0;160167,3;231125,6;140378,6;789739,4;349061,2;519577,2;143909,8;567429,0;32665,5;91905,3;235830,7;179079,8;291455,6;275306,1;177001,8;134260,9;360231,5;306518,5;337741,8;478925,0;484628,8;300378,8;268705,6;782732,1;462727,6;342217,7;415372,2;388994,1;204488,4;62581,9;155928,6;391542,8;557034,4;442255,0;453057,7;494052,3;230380,1;377459,2;202485,1;434912,2;377596,0;167830,6;332176,9;198535,8;193251,4;697064,0;606161,3;427981,1;537305,9;206959,0;231173,5;336207,2;385334,6;279075,2;0,0;248485,5;158406,8;149099,3;214431,0;256092,7;400679,7;573767,4;220537,7;100663,5;809232,9;566363,6;;219908,4;240564,9;325382,8;409192,9;321559,2;287962,2;130294,5;144812,6;217065,2;431626,1;397216,0;407756,8;373611,3;170092,2;363077,7;662826,1;125040,8;764489,1;265485,8;615543,0;382159,8;116046,0;109277,4;703160,1;580421,8;113231,3;108776,3;151548,2;164410,0;172740,8;432472,9;123979,0;295267,1;178478,2;808117,2;153212,7;102428,5;480394,1;141709,5;106803,4;432823,4;306979,1;448636,9;244157,8;95832,5;212166,5;423758,8;124146,4;138389,8;216272,1;174255,0;199618,2;424295,1;882418,0;402298,1;262250,1;270610,5;236567,9;;112876,9;452458,8;59892,7;244007,4;293590,2;457258,4;;445243,8;40684,3;198210,7;194423,8;132611,8
Novo Santo Antônio;526511,7;203137,4;222596,6;404787,2;392023,8;86160,0;97863,9;624232,9;290682,9;242746,9;682159,2;521357,9;193613,9;344339,2;357415,5;153854,9;907668,6;749402,7;271426,0;176634,0;906106,8;210855,3;209414,5;441467,9;386990,5;93078,0;542133,6;522746,9;135187,1;333947,5;786609,5;277481,0;681847,2;109738,7;158473,7;535815,7;279108,4;114123,5;135884,5;386191,2;321459,1;421404,0;435848,2;553030,2;373995,3;211833,9;66093,4;460288,1;516993,3;121419,6;563686,8;723416,3;248003,6;472140,5;55417,1;289016,1;222141,6;102704,6;242725,6;67711,4;604028,1;366387,3;439650,1;696831,3;962650,9;1001698,5;669628,9;877965,4;731654,3;512389,5;205630,1;138239,8;703934,3;300710,2;;198557,1;227089,8;602622,2;258916,1;685169,3;505958,5;356406,6;332122,5;248924,7;337757,1;403774,1;357943,5;428901,8;338154,8;907482,5;466804,3;756235,7;235123,8;323455,8;264101,3;289681,4;433606,9;376855,9;486887,3;473082,2;374777,9;262543,5;95118,2;424261,6;535517,9;272108,0;277811,8;116865,2;73914,7;900475,2;699386,1;149373,8;171398,9;586770,2;165236,1;221591,7;209380,9;509285,9;313061,1;282928,2;277072,5;611795,4;428156,2;495202,4;400261,2;246646,9;239343,6;204661,1;137386,0;185165,8;321393,2;814807,1;928045,4;239413,0;293332,6;398078,0;170598,0;92233,9;199867,5;476851,3;248218,0;0,0;356182,9;204350,0;412207,2;453868,8;518422,8;691510,6;211092,4;298439,6;926976,0;322390,3;;417684,6;110400,6;523158,9;526936,0;126768,2;485738,3;328070,7;222366,7;286289,0;187652,8;153242,7;212839,3;491354,5;113782,2;560853,8;780569,2;280799,4;882232,2;497321,5;733286,1;499902,9;313822,1;137054,8;820903,2;698164,9;368734,7;306552,5;349324,3;238083,7;370516,9;669131,4;151756,4;493043,3;406683,9;925860,3;224405,1;300204,7;236420,8;97658,0;304579,5;243012,5;504755,2;204663,6;475993,5;293608,7;409942,6;662906,6;254314,9;147309,6;414048,2;102532,7;219872,6;663442,8;1000161,1;520041,2;78189,2;468386,7;434344,1;;310653,0;570201,9;267628,7;133557,7;174143,7;575001,6;;684391,6;281212,1;395986,8;392199,9;330387,9
Oeiras;317035,3;218904,7;202618,7;195310,8;182547,4;277849,4;344813,6;382501,1;182252,7;179996,9;305562,2;279626,1;165885,5;134862,9;119663,6;275848,7;665936,8;507670,9;116299,5;463462,7;664374,9;213728,4;485081,1;103753,4;177514,1;280919,8;300401,8;313270,5;448010,0;138249,9;544877,7;590303,9;302761,0;422561,6;471296,6;244818,8;591931,3;326828,6;422713,2;90897,4;634281,9;211927,6;117973,6;215315,6;164519,0;498662,7;384494,0;218556,3;207206,4;434242,5;225972,3;346819,4;560826,5;262664,2;300985,5;601839,0;534964,5;415527,5;555548,5;367098,4;362296,3;10687,5;142919,3;317745,1;720919,1;759966,7;427897,1;636233,6;489922,5;302913,2;265424,3;304696,8;324848,1;91233,8;;511380,0;155766,3;360890,3;534582,7;306083,2;167952,2;82381,3;132552,1;117254,6;158810,1;194297,7;148467,1;219425,4;128678,4;665750,7;225072,5;379638,8;205179,2;636278,6;119970,0;66190,3;125300,9;167379,5;120800,6;173663,2;165301,5;170891,9;429081,1;182529,8;197803,4;547774,6;553478,4;369228,4;376418,4;658743,4;322789,2;411067,3;484221,8;249287,2;273338,0;170294,8;214156,2;267554,1;625883,9;511104,6;521907,3;370063,7;218679,9;253470,5;190784,9;503761,8;446445,6;236680,2;439889,8;267385,4;181551,2;573075,3;466222,9;496830,7;606155,4;82970,3;307339,8;405056,8;454184,2;139136,8;158466,3;356198,3;0,0;217948,9;202730,8;116154,3;208635,8;449778,8;266350,3;88963,2;685244,2;635213,2;;165813,7;309414,6;313682,5;285204,2;429272,0;148023,8;118594,3;264468,6;205364,9;500475,7;466065,6;476606,4;249622,7;238941,8;225966,5;538837,4;161671,8;640500,4;125547,4;491554,3;258171,1;81732,9;220400,6;579171,4;456433,1;84539,4;121439,6;139848,0;190398,4;67875,9;292534,5;188483,9;159218,6;54489,5;684128,5;199382,0;153129,2;549243,7;252832,7;52168,0;501673,0;167040,7;517486,5;104219,4;143833,8;200466,2;283820,4;160879,8;207239,4;76333,7;281967,8;231327,6;284356,7;758429,3;278309,4;369962,9;258910,3;96629,5;;130076,9;260414,9;93080,0;312857,0;362439,8;333269,7;;305305,4;103954,9;156458,1;182723,5;97814,5
Olho D'Água do Piauí;430531,7;8465,2;26197,4;308807,2;296043,8;77414,3;127109,8;427833,8;94283,8;46347,8;485760,0;324958,7;115274,1;248359,3;161016,4;269073,7;711269,5;553003,6;138738,0;245758,9;709707,6;6750,4;267377,3;303203,0;291010,5;84108,4;345734,5;426766,9;230306,2;237967,5;590210,4;372600,1;485448,1;204857,8;253592,8;339416,6;374227,5;320053,5;205009,4;189792,0;416578,2;325424,0;339868,2;414765,3;278015,4;280958,9;166790,2;263889,0;320594,2;216538,7;425421,9;527017,1;343122,7;376160,5;267728,2;384135,2;317260,8;197823,7;337844,7;149394,6;407629,0;228122,4;342368,9;500432,2;766251,8;805299,4;473229,8;681566,2;535255,2;416409,6;47720,6;86993,0;507535,2;204730,2;;293676,2;108863,4;406223,0;316878,9;488770,2;309559,3;260426,6;135723,4;114440,8;141358,0;307794,1;261963,5;332921,8;242174,8;711083,3;270405,2;559836,5;38724,6;418574,8;168121,3;193701,4;337626,9;280875,9;290488,2;377102,2;278797,9;66144,4;211377,3;227862,5;397253,0;330070,8;335774,6;151524,6;266502,9;704076,1;502986,9;193363,5;266518,1;490790,2;55634,2;163519,7;12981,8;312886,8;408180,2;293400,8;304203,5;415396,3;332176,2;298803,2;304281,2;286058,0;228741,8;18976,4;302177,9;49681,6;295047,6;618408,0;731646,2;279126,9;388451,7;201678,8;82319,3;187353,0;236480,4;338586,4;149080,0;203318,1;217918,0;0,0;316227,2;333555,3;322023,6;495111,4;115276,2;202459,6;730576,9;417509,4;;321704,6;91710,8;427178,9;330536,8;287327,0;365424,8;232090,7;245750,4;318861,3;282771,9;248361,8;258902,6;294955,3;83948,3;464873,8;584170,1;84400,3;685833,1;300922,4;536887,0;303503,8;217842,1;90402,6;624504,1;501765,8;186483,4;210572,5;253344,4;41684,6;274536,9;472732,2;75661,6;397063,3;210284,8;729461,2;28005,9;204224,7;331539,9;128680,0;208599,6;283969,2;366490,3;299782,7;279594,4;197628,7;313962,6;466507,5;225942,6;52246,0;288815,1;275192,8;50764,1;467043,7;803762,0;323642,1;237790,8;372406,7;296079,2;;214673,0;373802,8;133144,8;95153,2;144736,1;378602,4;;487992,4;126393,4;300006,8;296219,9;234408,0
Padre Marcos;197546,0;324438,4;318154,6;84479,3;59760,7;376118,8;443083,0;550836,2;350587,8;310762,5;372329,5;447961,2;221881,2;116723,0;250429,2;288823,7;583864,2;676006,0;237670,0;561732,1;832710,0;311997,8;583350,5;170520,6;26491,4;379189,2;468736,9;106806,8;546279,4;124047,3;713212,8;688573,3;369528,2;520831,0;569566,0;311586,0;690200,7;386985,6;520982,6;221663,0;732551,4;24041,8;140584,3;244510,4;64944,0;596932,1;482763,4;386891,4;310847,9;532511,9;293690,2;413586,6;659095,9;41212,6;356981,2;700108,4;633233,9;513796,8;653817,9;465367,8;530631,4;212957,6;178600,1;384512,3;889254,2;928301,8;596232,2;804568,7;658257,6;94657,6;363693,7;402966,2;391615,3;122292,8;;609649,4;240660,4;410032,9;632852,1;372850,4;292505,2;159202,8;300887,2;248020,2;275535,5;31422,8;82307,9;96638,7;81017,9;834085,8;393407,6;446406,0;311028,8;734548,0;175965,7;165773,3;138342,9;90201,2;335802,0;144116,4;60069,5;301657,5;467308,2;350864,9;264570,6;646044,0;651747,8;467497,8;432414,2;827078,5;389556,4;509336,7;582491,2;257804,5;371607,4;226290,5;323047,6;435889,2;724153,4;609374,0;620176,7;538398,8;30794,0;421805,7;70697,9;602031,1;544715,0;334949,6;466887,3;365654,8;110163,5;741410,4;532990,1;595100,1;704424,9;251305,4;398292,5;503326,2;552453,6;215475,0;214462,0;412194,0;202753,2;316218,3;0,0;215705,4;312277,4;618113,9;387934,4;120993,3;853579,3;733482,6;;115952,8;407683,9;88169,9;453539,3;485267,7;246402,3;103305,0;193080,9;133977,3;598745,1;564335,0;574875,8;417957,8;337211,2;231888,0;707172,6;292437,4;808835,6;277335,4;659889,4;426506,2;143258,2;276396,4;747506,5;624768,2;215305,0;115561,5;94678,9;331529,0;199953,0;359301,7;291098,0;164077,5;222824,6;852463,6;320331,7;134054,3;534556,6;308828,5;151149,8;599942,4;233807,9;615755,9;288504,2;119521,7;77679,5;350587,7;146677,2;305508,8;260618,5;337963,6;366737,2;351123,9;926764,4;446644,5;425958,6;37458,7;163107,9;;105764,8;346314,5;223845,6;411126,4;460709,2;501604,8;;372072,6;234720,5;101661,1;28967,0;159824,0
Paes Landim;222744,0;326683,4;310397,5;261464,8;248701,4;375548,4;452768,4;250372,7;251255,4;287775,7;215595,2;348628,8;263584,5;167609,6;217362,6;373547,6;533808,4;466017,9;213998,4;571417,5;532246,5;311427,4;593035,9;62255,9;190505,6;378618,8;259656,2;224241,3;555964,8;211597,9;473827,4;698258,7;212793,9;530516,4;579251,4;129489,9;699886,1;424527,5;530668,0;188596,3;742236,8;229961,7;76476,0;125348,6;230673,0;606617,4;492448,8;287559,0;110667,5;542197,3;136005,2;256852,3;668781,2;224515,4;398684,4;709793,8;642919,3;523482,2;663503,3;475053,2;230167,9;110863,9;101421,7;227778,0;588790,7;627838,3;295768,7;504105,2;383500,6;241531,9;373379,1;412651,6;234881,0;188932,7;;619334,8;253465,3;207675,0;642537,5;216116,1;92324,8;117870,7;201554,8;214953,6;227812,8;260451,7;214621,1;285579,4;177446,0;533622,2;294075,2;289671,7;312957,9;744233,4;217668,9;163889,2;83803,4;138957,7;121319,9;132165,7;178431,2;285195,9;537035,9;251532,5;107836,3;655729,4;661433,1;477183,2;474117,4;526615,0;232822,1;519022,1;592176,6;207498,3;381292,8;267993,7;321935,0;336556,8;733838,8;619059,4;629862,1;237935,3;236713,9;322473,2;169509,4;611716,6;554400,4;335307,3;627836,5;375340,2;247705,2;440946,9;376255,8;604785,5;714110,2;151973,0;376342,5;513011,6;562138,9;97639,2;256165,3;453897,2;116168,7;333381,8;215722,2;0,0;112097,0;317650,4;335353,0;181102,5;553115,8;743168,0;;124316,2;417369,3;224653,3;144381,0;612985,6;31869,6;202031,6;330622,6;271518,9;608430,5;574020,4;584561,2;318625,3;336640,7;184177,6;406709,0;259370,8;508372,1;77155,1;518611,9;139314,4;156910,1;318099,6;606228,9;324304,7;182238,3;214288,1;206002,0;298177,1;111292,2;202567,4;286182,8;117721,1;139405,6;552000,1;307160,7;232780,9;657198,5;350531,7;149866,9;609627,8;77073,6;625441,2;73196,7;218248,3;266620,2;193853,4;234227,8;304938,4;45311,0;379666,8;339106,4;194389,6;626300,9;305367,0;467661,8;227769,5;55132,0;;204491,4;163876,1;190778,9;420811,8;470394,6;360327,3;;215338,3;201653,9;114960,6;248877,5;140010,8
Pajeú do Piauí;252418,7;315318,1;299032,1;358023,3;345259,9;391707,5;441403,0;143682,4;239890,1;276410,3;169143,1;288990,4;408163,6;264168,1;236105,8;518126,8;427118,2;359327,6;296695,7;560052,1;425556,2;328521,7;581670,5;174841,7;287064,1;398401,7;152966,0;301036,4;544599,4;308156,3;367137,2;686893,3;168831,1;519151,0;567886,0;22799,7;688520,8;569106,6;519302,6;264881,5;730871,4;326520,2;173034,5;155023,2;327231,5;595252,1;481083,5;248062,7;2308,0;530831,9;165679,9;210400,2;657415,9;337867,7;543263,6;698428,4;631553,9;512116,9;652137,9;463687,8;123477,7;203315,0;214774,1;183815,2;482100,4;521148,0;189078,4;397414,9;276810,3;318327,1;362013,8;401286,2;190918,2;333511,8;;607969,4;359207,9;100984,7;631172,1;172153,3;36548,2;214429,2;190189,5;321538,8;216447,4;357010,2;311179,6;382137,9;274004,5;426932,0;247549,2;243219,6;301592,6;732868,1;362248,1;308468,4;180361,9;235516,2;83854,4;245518,0;274989,8;273830,6;525670,5;205006,5;133855,0;644364,1;650067,8;465817,8;580796,1;419924,7;186370,0;507656,7;580811,2;237173,0;369927,4;412572,8;310569,6;223665,8;722473,4;607694,1;618496,7;131245,0;333272,4;293730,6;266067,9;600351,2;543035,0;323942,0;616471,1;363974,8;344263,7;334256,7;447494,9;593420,1;702744,9;213858,4;364977,1;501646,2;550773,6;190861,9;400744,4;517611,3;208619,8;322016,4;312280,7;112020,4;0,0;210960,1;323987,7;273553,5;446425,6;731802,6;;220874,7;406004,0;301448,4;37690,7;601620,2;148905,1;298590,1;427181,1;368077,4;597065,1;562655,1;573195,8;289882,7;396512,5;213852,2;300018,8;278203,5;401681,8;64769,4;411921,6;50295,8;249361,2;402966,8;499538,7;217614,5;271902,2;310846,6;302560,5;286811,8;207334,1;156115,3;388225,8;231073,5;222464,4;445309,8;295795,3;329339,4;645833,1;441244,2;294446,1;598262,4;99813,9;614075,9;83068,7;314806,8;363178,8;149890,6;330786,2;364810,2;111521,4;524245,9;327741,0;150426,8;519610,7;198676,7;552084,0;341121,9;151690,5;;301049,9;57185,8;270519,3;409446,4;459029,2;253637,0;;171375,5;284351,1;211519,1;345436,0;232461,9
Palmeira do Piauí;440412,6;488527,1;472241,2;610797,9;598034,5;564916,5;614612,1;67278,9;413099,1;449619,3;217360,9;287301,5;581372,6;550350,0;409314,9;691335,8;243976,6;151129,3;469904,7;733261,2;242414,7;501730,8;754879,6;362835,6;593001,2;571610,7;151277,1;489030,3;717808,5;553737,1;183995,6;860102,4;224955,4;692360,1;741095,1;210793,6;861729,8;742315,7;692511,7;438090,6;904080,4;627414,8;380872,0;343017,1;580006,1;768461,1;654292,5;246373,9;209564,9;704041,0;353673,8;178362,4;830624,9;525861,6;716472,6;871637,4;804763,0;685325,9;825347,0;636896,9;98871,9;481202,5;402768,0;371809,2;298958,9;338006,5;28299,7;214273,4;93668,8;506321,0;535222,8;574495,2;378912,1;506720,9;;781178,4;532416,9;122002,7;804381,2;259946,3;242135,9;422266,7;363398,5;494747,8;389656,5;609784,8;563954,2;634912,5;544165,5;243790,5;303550,1;130093,3;474801,6;906077,1;535457,1;481677,4;388199,3;443353,7;289442,0;433511,9;580788,6;447039,6;698879,6;267403,9;321848,8;817573,1;823276,8;639026,9;754005,1;236783,2;198408,1;680865,8;754020,3;425166,8;543136,4;585781,9;483778,7;221977,0;895682,4;780903,1;791705,8;98035,9;634167,0;292041,7;606272,0;773560,2;716244,1;497151,0;789680,2;537183,9;597038,3;151115,1;264353,4;766629,2;875953,9;387067,4;538186,2;674855,3;723982,6;378855,8;573953,4;690820,4;449897,7;495225,5;618217,9;317608,0;210994,4;0,0;497196,7;504450,3;263284,1;905011,7;;428712,1;579213,0;489442,3;204034,3;774829,2;336899,0;534081,4;679955,7;620852,1;770274,2;735864,1;746404,9;288193,8;569721,6;401846,2;116877,3;451412,6;218540,3;270357,1;211886,1;255883,5;497220,1;576175,8;198339,2;34472,9;445111,2;536926,8;555335,1;460020,8;415688,2;228667,3;561434,9;419067,4;395673,4;262168,3;469004,4;568616,3;819042,2;614453,2;467655,1;771471,5;287807,8;787284,9;288656,3;559320,9;615953,4;337884,5;576366,9;538019,2;317109,0;697454,9;500950,1;338420,7;336469,1;196987,9;725293,1;529115,8;358126,8;;545564,0;245179,7;443728,3;582655,4;632238,3;251948,2;;260724,1;457560,1;419356,6;598210,6;513301,6
Palmeirais;502164,1;68783,6;136576,4;380439,5;367676,1;151619,0;135026,7;429732,8;96182,8;113954,5;487659,1;326857,8;230422,6;319991,6;162915,4;374082,9;713168,6;554902,6;192142,5;240707,2;711606,6;121898,9;262325,6;372793,5;362642,8;158313,2;347633,6;498399,2;238223,1;323378,7;592109,4;380517,0;487347,1;212774,7;261509,7;341315,6;382144,4;334351,5;199957,7;191691,1;424495,1;397056,3;387013,7;484355,8;349647,7;275907,2;174707,1;265788,0;322493,2;224455,6;495012,4;528916,2;351039,6;447792,9;275645,1;363103,2;325177,6;205740,6;345761,6;157311,5;409528,1;297712,9;411959,4;502331,2;768150,8;807198,4;475128,8;683465,2;537154,2;488041,9;42407,7;102904,8;509434,2;276362,5;;301593,1;196752,2;408122,1;311827,2;490669,2;311458,4;351421,5;137622,4;159083,1;143257,0;379426,4;333595,8;404554,1;313807,1;712982,4;272304,2;561735,6;139136,8;426491,7;283269,8;251319,0;394341,0;352508,2;292387,2;448734,5;350430,2;111374,8;219294,2;229761,5;466843,5;325019,2;330722,9;146472,9;274419,8;705975,1;504886,0;188311,8;274434,9;562422,6;93210,5;278668,2;72662,7;314785,8;416097,1;291278,0;302080,7;417295,4;403808,6;300702,3;375913,6;283935,1;226619,0;75635,4;310094,8;65769,1;366679,9;620307,1;733545,3;274075,2;367429,8;203577,9;42052,9;195269,9;234357,5;408176,9;220482,1;211235,0;266408,1;115393,6;387859,5;335454,3;323922,7;497010,5;0,0;274091,9;732475,9;425426,3;;393336,9;107622,5;498811,2;332435,9;295243,9;367323,8;303723,0;360898,9;390493,7;290688,8;256278,7;256779,8;296854,4;199096,8;536506,1;586069,1;115747,8;687732,2;302821,4;538786,1;305402,8;269106,4;205551,1;626403,1;503664,8;198711,8;306568,3;324976,7;124356,0;336916,0;474631,3;190810,1;428258,8;212183,9;731360,2;133339,6;319373,2;339456,8;222254,1;237296,7;278917,5;418329,9;307699,6;281493,4;312777,2;385595,0;468406,5;346008,5;167394,5;290714,2;322760,8;33397,7;468942,8;805661,0;325541,2;245707,7;444039,0;365669,7;;315205,6;375701,8;165966,2;91743,1;142613,2;380501,5;;489891,5;179797,9;371639,1;367852,2;285187,9
Paquetá;235290,7;210679,7;204395,9;113566,2;100802,8;262360,1;329324,3;437077,5;236829,1;197003,8;349476,8;334202,4;108122,5;53118,3;136670,5;218085,7;720513,2;562247,2;123911,3;447973,4;718951,3;198239,1;469591,8;147668,0;95769,5;265430,5;354978,2;231525,9;432520,7;56505,3;599454,1;574814,6;346675,6;407072,3;455807,3;288733,3;576442,0;269065,6;407223,9;107904,3;618792,6;130183,0;144627,2;282255,2;82774,4;483173,3;369004,7;273132,7;272195,1;418753,2;269886,8;390734,0;545337,2;180919,5;243222,5;586349,7;519475,2;400038,2;540059,2;351609,1;416872,7;99198,9;148429,1;361659,7;775495,4;814543,1;482473,5;690809,9;544498,9;221168,5;249935,0;289207,5;368762,7;17098,0;;495890,7;126901,7;415466,8;519093,4;349997,7;232940,9;67414,6;187128,5;134261,5;161776,8;112553,1;66722,5;137680,8;46933,8;720327,1;279648,9;423553,3;197270,1;620789,3;62207,0;52014,6;142385,9;85634,9;222043,3;181861,2;83556,9;187898,8;353549,5;237106,2;241718,0;532285,3;537989,1;353739,1;318655,5;713319,8;366703,8;395578,0;468732,5;295549,2;257848,7;112531,8;209288,9;322130,5;610394,6;495615,3;506418,0;424640,1;136935,2;308046,9;109040,2;488272,4;430956,3;221190,9;382126,8;251896,1;99806,6;627651,7;510137,5;481341,4;590666,1;137546,7;284533,8;389567,5;438694,8;183051,3;100703,3;298435,3;88994,5;202459,6;120986,1;181143,0;273624,5;504355,2;274175,7;0,0;739820,6;619723,9;;126463,6;293925,2;231937,9;339780,6;371509,0;213012,5;36849,6;182723,9;123620,3;484986,4;450576,3;461117,1;304199,1;223452,5;269632,8;593413,8;178678,7;695076,9;190536,1;546130,8;312747,5;24830,1;162637,7;633747,8;511009,5;101546,2;39695,0;58103,3;217770,3;81524,9;336449,1;177339,3;201822,3;109065,9;738704,9;206573,0;76621,8;533754,4;195069,8;37391,1;486183,7;210955,3;501997,2;169208,1;62089,2;118721,6;327735,0;79135,2;191750,1;141322,4;224204,9;252978,5;328271,2;813005,7;332885,8;312199,9;177165,7;140255,2;;48332,3;323461,9;110086,9;297367,7;346950,5;387846,1;;349220,0;120961,8;104765,8;100978,9;41395,9
Parnaguá;675838,5;723953,0;707667,1;846223,8;833460,4;800342,4;850038,0;302704,8;648525,0;685045,2;297386,1;522727,4;816798,5;785775,9;644740,8;926761,7;122030,3;375501,6;705330,6;968687,1;148833,2;737156,6;990305,4;598261,5;828427,1;807036,6;386703,0;724456,2;953234,4;789162,9;246310,9;1095528,2;304980,5;927785,9;976520,9;446219,4;1097155,6;977741,6;927937,6;673516,4;1139506,4;862840,6;616297,9;578443,0;815432,0;1003887,0;889718,4;481799,8;444990,8;939466,9;589099,6;258387,5;1066050,9;761287,5;951898,5;1107063,4;1040188,9;920751,8;1060772,9;872322,8;334297,8;716628,4;638193,9;406241,5;56301,7;64057,7;263725,6;92327,0;248001,2;741746,8;770648,7;809921,1;376960,9;742146,8;;1016604,3;767842,9;357428,6;1039807,1;339971,4;477561,8;657692,6;598824,4;730173,8;625082,4;845210,8;799380,1;870338,4;779591,4;169549,7;538975,9;232909,0;710227,5;1141503,0;770883,0;717103,3;623625,2;678779,6;524867,9;668937,8;816214,5;682465,5;934305,4;502829,8;435410,9;1052999,0;1058702,8;874452,8;989431,0;111507,2;278433,2;916291,6;989446,2;660592,8;778562,3;821207,8;719204,5;457402,8;1131108,4;1016329,0;1027131,6;333461,8;869592,9;527467,6;841697,9;1008986,1;951669,9;732576,9;1025106,1;772609,8;832464,2;211201,4;148190,2;1002055,1;1111379,9;622493,3;773612,1;910281,2;959408,5;614281,7;809379,3;926246,2;685323,6;730651,4;853643,8;553033,9;446420,2;263244,5;732622,6;739876,2;0,0;1140437,6;;664138,0;814638,9;724868,2;439460,2;1010255,2;572324,9;769507,2;915381,6;856277,9;1005700,1;971290,0;981830,8;523619,7;805147,4;637272,0;159547,9;686838,5;55404,3;505782,9;469092,2;491309,3;732645,9;811601,8;435054,5;247879,8;680537,1;772352,6;790760,9;695446,7;651114,1;308692,4;796860,8;654493,2;631099,3;85246,3;704430,2;804042,2;1054468,0;849879,1;703081,0;1006897,4;523233,7;1022710,8;524082,2;794746,8;851379,2;350336,3;811792,8;773445,1;552534,9;932880,8;736375,9;335517,3;34379,0;432413,8;960718,9;764541,7;593552,7;;780989,9;480605,6;679154,2;818081,3;867664,2;487374,0;;340749,2;692986,0;654782,4;833636,5;748727,5
Parnaíba;849149,4;417650,2;437109,4;727424,9;714661,5;361985,6;293481,0;838745,8;505195,8;457259,8;896672,1;735870,8;533891,8;666977,0;571928,4;455394,1;1122181,5;963915,6;557355,7;227984,5;1120619,6;425368,2;179624,0;721820,8;709628,2;368903,5;756646,5;845384,6;215628,3;656585,2;1001122,4;46617,8;896360,1;247358,4;168539,6;750328,6;47914,2;415662,7;241133,4;600704,1;47400,8;744041,8;758485,9;833383,0;696633,1;201691,5;265954,5;674801,0;731506,2;218693,2;844039,6;937929,2;99875,9;794778,2;356956,3;78437,8;104108,6;229180,5;113475,3;287657,0;818541,0;646740,1;760986,6;911344,2;1177163,8;1216211,4;884141,8;1092478,2;946167,2;835027,2;420143,0;352752,7;918447,2;623347,9;;220621,6;527481,1;817135,1;131472,3;899682,2;720471,4;679044,3;546635,4;533058,5;552269,9;726411,8;680581,2;678222,2;660792,5;1121995,4;681317,2;970748,6;449636,6;20177,4;586739,1;612319,2;756244,6;699493,6;701400,2;795719,9;697415,6;477056,4;291444,7;638774,5;815870,8;144664,2;150718,4;301101,9;289615,8;1114988,1;913898,9;270985,4;205828,2;909407,9;379749,0;582137,4;423893,8;723798,8;42523,8;177626,9;163705,9;826308,4;750793,9;709715,2;722899,0;184373,3;247961,3;419174,0;250823,3;399678,7;618557,1;1029320,0;1142558,2;185951,0;82754,3;612590,9;385110,9;237868,4;238865,9;757204,1;567697,7;322638,9;636535,7;418862,9;734844,9;744467,3;732935,6;906023,4;425605,3;621077,3;1141488,9;0,0;;740322,3;357470,5;845796,6;741448,9;235972,4;776336,8;650708,4;546690,8;583452,9;151897,3;197007,2;214797,2;705867,4;389607,8;883491,6;995082,1;495312,3;1096745,1;711834,4;947799,0;714415,8;636459,9;405269,2;1035416,1;912677,8;607724,8;629190,2;671962,1;452596,6;693154,7;883644,2;494279,3;815681,0;621196,8;1140373,1;438917,9;622842,4;211169,5;365872,4;627217,2;173487,0;785108,1;145366,5;690506,4;616246,4;732580,4;877419,5;644560,3;470863,7;699727,1;404071,9;434385,5;877955,8;1214674,0;734554,1;318332,0;791024,4;714696,9;;633290,8;784714,8;551762,5;348070,6;326991,3;789514,4;;898904,4;545011,1;718624,5;714837,6;653025,7
Passagem Franca do Piauí;;;;;;;;;;;;;;;;;;;;;;;;;;;;;;;;;;;;;;;;;;;;;;;;;;;;;;;;;;;;;;;;;;;;;;;;;;;;;;;;;;;;;;;;;;;;;;;;;;;;;;;;;;;;;;;;;;;;;;;;;;;;;;;;;;;;;;;;;;;;;;;;;;;;;;;;;;;;;;;;;;;;;;;;;;;;;;;;;;;;;;;;;;;;;;;;;;;;;;;;;;;;;;;;;;;;;;;;;;;;;;;;
Patos do Piauí;125050,9;329904,2;323620,5;140271,6;127508,1;381584,7;448548,9;361365,4;356053,7;316228,4;280964,2;453427,0;227347,1;74348,8;255895,1;337310,3;492499,0;681471,8;243135,9;567198,0;643239,2;317463,7;588816,3;79155,4;90787,1;384655,1;370648,9;121286,1;551745,2;118337,1;584820,1;694039,2;278163,0;526296,8;575031,9;220220,7;695666,6;388290,1;526448,4;227128,8;738017,2;130243,2;49219,0;103363,9;105533,1;602397,9;488229,3;392357,2;219482,7;537977,8;152543,8;322221,4;664561,8;95806,4;362447,1;705574,2;638699,8;519262,7;659283,8;470833,7;341160,6;160467,5;26672,9;293147,1;699783,4;738831,0;406761,4;615097,9;494493,2;138576,7;369159,6;408432,0;300250,1;127758,6;;615115,2;246126,2;318667,7;638317,9;281485,2;201139,9;69097,8;306353,1;253486,1;281001,4;122311,9;124008,4;164386,1;84185,2;644614,9;398873,5;355040,8;316494,6;740013,9;181431,6;171239,1;46977,7;45696,9;230135,0;71621,4;84528,4;307123,4;472774,1;356330,8;173205,4;651509,9;657213,6;472963,7;437880,0;637607,7;298191,2;514802,5;587957,1;185309,4;377073,2;231756,3;328513,4;441355,1;729619,2;614839,9;625642,6;348927,9;136995,4;427271,5;69790,9;607497,0;550180,8;340415,4;501351,3;371120,6;151864,0;551939,6;441624,9;600566,0;709890,7;256771,3;403758,3;508792,1;557919,4;114538,8;219927,9;417659,9;165772,2;321684,2;116003,7;124340,1;220912,2;428643,1;393400,2;126459,2;664108,5;738948,4;;0,0;413149,8;121698,1;264350,0;490733,6;155037,0;108770,9;234781,4;175677,8;604210,9;569800,9;580341,7;423423,6;342677,0;159393,0;517701,7;297903,3;619364,8;185970,2;665355,3;248129,6;148724,1;281862,2;752972,4;435297,4;220770,8;121027,3;112741,2;336994,8;98123,6;267936,5;296563,8;47749,3;228290,4;662992,8;325797,6;139520,2;652978,9;314294,3;156615,7;605408,2;142442,7;621221,8;182011,8;124987,6;145427,0;259222,4;140967,0;310974,7;154126,1;343429,4;372203,1;259758,7;737293,6;452110,4;431424,5;99060,6;71742,7;;111230,6;254949,3;229311,4;416592,2;466175,1;507070,7;;280707,4;240186,4;21699,8;127684,3;165289,9
Pau D'Arco do Piauí;522686,9;91187,7;110646,9;400962,4;388199,0;50139,9;66132,2;512283,2;178733,3;130797,3;570209,5;409408,2;207429,3;340514,5;245465,9;305188,4;795719,0;637453,1;230893,2;184781,3;794157,1;98905,7;206399,7;395358,2;383165,7;56834,1;430184,0;518922,1;169328,6;330122,7;674659,9;311622,5;569897,6;143880,2;192615,2;423866,1;313249,9;265457,0;144031,8;274241,5;355600,5;417579,2;432023,4;506920,5;370170,6;219981,2;105812,6;348338,5;405043,7;155561,1;517577,1;611466,6;282145,1;468315,8;206750,6;323157,6;256283,1;136846,0;276867,1;88417,0;492078,5;320277,6;434524,1;584881,6;850701,2;889748,9;557679,2;766015,8;619704,7;508564,8;93680,5;4718,0;591984,6;296885,4;;232698,6;201018,6;490672,5;255901,3;573219,7;394008,8;352581,8;220172,9;206596,0;225807,5;399949,3;354118,7;425077,0;334330,0;795532,8;354854,7;644286,0;123174,1;357597,2;260276,5;285856,7;429782,1;373031,1;374937,7;469257,4;370953,1;150593,9;150399,7;312312,0;489408,2;269093,2;274796,9;90547,0;205525,2;788525,6;587436,4;132385,9;205540,4;582945,4;53286,5;255674,9;97431,3;397336,2;347202,5;241012,8;251815,4;499845,8;424331,4;383252,7;396436,5;233669,9;176353,7;92711,5;241200,3;73216,2;387202,8;702857,5;816095,8;218149,3;327474,1;286128,3;67135,2;126375,4;167225,8;430741,6;241235,2;110397,8;310073,2;92400,4;408382,4;418004,8;406473,1;579560,9;107629,5;294614,8;815026,4;356531,8;;413859,8;0,0;519334,1;414986,3;226349,4;449874,3;324245,8;337905,6;411016,5;221794,3;187384,2;206514,5;379404,8;77538,3;557029,0;668619,6;168849,8;770282,6;385371,9;621336,5;387953,3;309997,3;182557,8;708953,6;586215,2;281262,2;302727,7;345499,6;126134,1;366692,2;557181,8;167816,8;489218,5;294734,3;813910,7;112455,4;296379,9;270562,3;121416,9;300754,8;222991,6;458645,5;238805,1;364043,9;289783,9;406117,8;550957,0;318097,8;144401,2;373264,6;253866,2;107923,0;551493,2;888211,5;408091,6;176813,1;464561,9;388234,3;;306828,2;458252,2;225300,0;48991,1;92348,0;463051,9;;572441,9;218548,6;392162,0;388375,1;326563,2
Paulistana;97410,1;435391,7;429107,9;171261,7;146543,1;487072,1;554036,2;422115,7;461541,1;421715,8;341714,6;558914,4;332834,5;227676,3;361382,5;375606,1;553249,3;786959,2;348623,3;672685,4;703989,5;422951,1;694303,8;170715,2;108944,2;490142,5;431399,2;24463,9;657232,7;210829,6;645570,4;799526,6;338913,3;631784,2;680519,2;280971,1;801154,0;473768,0;631935,9;332616,2;843504,6;104585,5;172410,8;148092,3;151726,4;707885,3;593716,7;497844,7;299950,7;643465,2;197272,2;382971,7;770049,2;55708,8;467934,5;811061,6;744187,2;624750,1;764771,2;576321,1;401910,9;260876,1;127370,2;278692,9;760533,7;799581,3;467511,7;675848,2;555243,6;26189,8;474647,0;513919,4;361000,4;233246,1;;720602,6;351613,6;379418,0;743805,4;342235,5;301548,6;189715,0;411840,5;358973,5;386488,8;118205,2;169090,3;149022,7;191971,2;705365,2;504360,9;415791,1;421982,0;845501,3;286919,0;276726,6;170169,5;145519,8;330543,7;92886,6;162749,8;412610,8;578261,5;461818,2;233955,7;756997,3;762701,0;578451,1;543367,4;698358,0;358941,5;620289,9;693444,5;157668,6;482560,7;337243,8;434000,8;546842,4;835106,6;720327,3;731129,9;409678,3;91452,3;532758,9;148012,3;712984,4;655668,2;445902,8;553669,8;476608,1;196945,9;612689,9;502375,2;706053,4;815378,1;362258,7;509245,8;614279,5;663406,8;151099,9;325415,3;523147,3;313706,5;427171,6;88140,5;224748,8;301380,2;489393,4;498887,7;231946,6;724858,8;844435,9;;121721,8;518637,2;0,0;325100,3;596221,0;252382,6;214258,3;279863,3;220759,7;709698,4;675288,3;685829,1;528911,0;448164,4;131752,2;578452,1;403390,7;680115,1;286378,9;770842,7;346269,2;254211,5;387349,6;858459,8;496047,7;326258,2;226514,8;181461,3;442482,2;228484,9;328686,8;402051,2;112847,6;333777,8;723743,1;431285,0;245007,6;621338,9;419781,7;262103,1;710895,7;203193,0;726709,1;282420,5;230475,0;164461,9;319972,8;233459,5;416462,1;254534,8;448916,8;477690,5;320509,0;798043,9;557597,8;536911,9;63465,9;169610,4;;216718,0;315699,6;334798,8;522079,7;571662,5;612558,1;;341457,7;345673,8;133487,6;111419,7;270777,3
Pavussu;275446,7;323849,7;307563,8;446120,6;433357,2;400239,2;449934,7;136755,4;248421,8;284942,0;192171,0;282063,3;416695,3;385672,7;244637,5;526658,4;420191,1;352400,6;305227,3;568583,8;418629,2;337053,4;590202,2;197869,6;428323,9;406933,3;146038,9;324064,3;553131,1;389059,7;360210,1;695425,0;191859,0;527682,7;576417,7;45827,6;697052,4;577638,3;527834,3;273413,2;739403,1;462737,4;215906,0;178051,2;415328,7;603783,8;489615,2;249564,7;44598,9;539363,6;188707,8;233428,2;665947,6;360895,6;551795,2;706960,1;640085,6;520648,6;660669,6;472219,5;116550,6;213054,2;237802,0;206843,2;475173,4;514221,0;182151,4;390487,9;269883,3;341355,0;370545,4;409817,9;213946,2;342043,5;;616501,1;367739,6;94057,7;639703,8;195181,2;64837,0;231578,8;198721,1;330070,5;224979,1;445107,5;399276,8;470235,2;379488,1;420005,0;256080,9;266247,5;310124,2;741399,8;370779,8;317000,0;223233,4;278387,7;92386,1;268545,9;317861,2;282362,3;534202,2;213538,2;156882,9;652895,8;658599,4;474349,5;589327,8;412997,7;209397,9;516188,4;589342,9;260200,9;378459,1;421104,5;319101,3;216738,8;731005,1;616225,8;627028,4;124318,0;469489,6;284479,0;308939,4;608882,9;551566,7;332473,7;625002,8;372506,5;432360,9;327329,7;440567,9;601951,8;711276,6;222390,1;373508,8;510177,9;559305,2;213889,8;409276,1;526143,0;285220,3;330548,1;453540,5;166297,8;46028,4;204033,1;332519,3;339773,0;439498,5;740334,3;;263746,2;414535,7;324476,4;0,0;610151,9;171933,1;369404,0;515278,3;456174,7;605596,8;571186,8;581727,5;280631,1;405044,2;236880,2;293091,8;286735,2;394754,8;95802,8;404994,6;35843,1;332542,7;411498,5;492611,7;210687,4;280433,9;372249,4;390657,7;295343,4;217073,3;179143,2;396757,5;254101,4;230996,0;438382,8;304327,0;403939,0;654364,8;449775,9;302977,8;606794,1;122841,8;622607,6;114102,0;394643,6;451276,0;172918,5;411689,6;373341,9;142554,8;532777,6;336272,7;173454,7;512683,6;191749,7;560615,7;364149,8;193160,8;;380886,7;80213,8;279051,0;417978,1;467560,9;246710,0;;194403,4;292882,8;254390,6;433533,3;242201,1
Pedro II;599580,8;287491,7;306950,8;408417,7;465092,8;231827,0;163322,4;708587,2;375037,2;327101,2;766513,4;605712,1;403733,2;417408,3;441769,8;226923,9;992022,9;833756,9;427197,1;149046,4;990461,0;295209,6;122756,2;514537,0;460059,5;238744,9;626487,9;595815,9;101820,2;407016,5;870963,8;190822,7;766201,4;117199,8;71815,4;620170,0;192450,2;187192,5;142366,7;470545,5;234800,8;494473,0;508917,2;626099,2;447064,4;168495,3;135795,9;544642,4;601347,6;88534,6;636755,8;807770,6;161345,3;545209,6;128486,1;202357,8;135483,3;99021,9;156067,3;157498,4;688382,4;439456,4;512719,2;781185,6;1047005,2;1086052,8;753983,2;962319,6;816008,6;585458,6;289984,4;222594,1;788288,6;373779,2;;39786,6;397322,5;686976,4;172257,8;769523,6;590312,8;429475,6;416476,8;402899,9;422111,4;476843,1;431012,5;432454,3;411223,8;991836,8;551158,6;840589,9;319478,0;236797,5;337170,3;362750,4;506675,9;449924,9;571241,6;546151,2;447846,9;346897,8;161286,1;508615,9;608587,0;185449,8;191153,5;200824,6;53872,5;984829,5;783740,4;172218,7;29432,7;659839,2;249590,4;294660,8;293735,2;593640,2;226402,8;196269,9;190414,2;696149,8;501225,2;579556,6;473330,2;201446,3;211756,0;289015,4;15080,1;269520,1;372789,2;899161,4;1012399,7;152754,7;206674,3;482432,2;254952,3;107709,8;172279,9;549920,3;321287,0;126763,5;429251,9;288704,3;485276,2;614308,8;602777,1;775864,9;295446,7;371508,6;1011330,3;235732,0;;490753,6;227311,9;596227,9;611290,2;0,0;646178,2;401139,7;300922,9;337685,0;100994,5;39515,7;185251,7;575708,8;259449,1;633922,8;864923,5;365153,7;966586,6;581675,8;817640,4;584257,2;386891,2;214705,2;905257,5;782519,2;477566,2;379621,5;422393,4;322438,0;443586,0;753485,6;364120,8;566112,3;491038,2;1010214,6;308759,3;373273,7;73860,1;175308,4;377648,6;156354,3;577824,2;118005,3;560347,8;366677,7;396483,5;747260,9;327384,0;340705,1;569568,6;175601,8;304226,9;747797,1;1084515,4;604395,5;82939,2;541455,7;507413,1;;383722,1;654556,2;421603,9;217912,0;258498,0;659355,8;;768745,8;414852,5;469055,8;465268,9;403457,0
Pedro Laurentino;196276,3;358558,0;342272,0;292258,9;279495,5;407422,9;484643,0;269528,6;283130,0;319650,2;189127,5;380503,3;295459,0;198403,7;249237,1;405422,2;400662,2;485173,8;245873,0;603292,1;551402,4;343301,9;624910,4;89233,7;221299,7;410493,3;278812,1;251985,7;587839,4;242392,0;492983,3;730133,2;186326,2;562390,9;611125,9;128383,9;731760,7;456402,1;562542,6;220470,9;774111,3;260755,8;107270,1;98880,8;261467,1;638492,0;524323,4;319433,6;147363,6;574071,9;109537,5;230384,6;700655,9;252259,8;430559,0;741668,3;674793,9;555356,8;695377,9;506927,8;249323,8;142738,5;129166,1;201310,3;607946,6;646994,2;314924,6;523261,1;402656,5;269276,3;405253,7;444526,2;208413,3;220807,3;;651209,3;285339,8;226830,8;674412,1;189648,3;92948,2;148664,9;233429,4;246828,2;259687,3;291245,8;245415,2;316373,5;208240,1;552778,2;325949,8;263203,9;344832,5;776108,0;249543,5;195763,8;114597,5;169751,8;153194,4;159910,1;209225,4;317070,5;568910,4;283407,1;81368,6;687604,0;693307,7;509057,8;505991,9;545770,9;206354,4;550896,6;624051,2;181030,5;413167,3;299868,2;353809,5;349512,0;765713,3;650934,0;661736,6;257091,2;267508,0;354347,8;200303,5;643591,1;586274,9;367181,9;659711,1;407214,8;278499,3;460102,8;349788,1;636660,1;745984,8;183847,6;408217,1;544886,2;594013,5;121886,4;288039,8;485771,8;148043,3;365256,3;246516,3;31874,7;148793,0;336806,2;367227,6;212977,0;572271,7;775042,6;;155110,3;449243,9;252397,7;172513,2;644860,1;0,0;232825,7;361416,7;302313,1;640305,1;605895,0;616435,8;350499,9;368515,3;157709,8;425864,9;291245,3;527527,9;77778,5;537767,8;139937,9;188784,7;349974,1;625384,8;343460,6;214112,9;245082,2;236796,1;330051,7;142086,3;176099,7;318057,4;145465,5;171280,2;571156,0;339035,2;263575,1;689073,1;382406,2;181741,5;641502,4;50605,9;657315,8;105071,2;249042,5;297414,3;167385,6;265021,8;336812,9;77185,5;411541,3;370980,9;167921,9;645456,8;324522,9;499536,4;255513,9;84524,9;;235285,5;163112,5;222653,5;452686,3;502269,2;379483,2;;188870,6;233528,4;145754,7;279671,6;171885,4
Picos;217104,8;240310,7;234026,9;95380,3;82616,9;291991,2;358955,3;466708,5;266460,2;226634,8;358186,6;363833,5;137753,6;17222,2;166301,6;247716,8;750144,2;591878,3;153542,3;477604,4;748582,4;227870,1;499222,8;156377,7;77583,6;295061,5;384609,2;213340,0;462151,7;39896,5;629085,1;604445,6;355385,3;436703,3;485438,3;297443,1;606073,1;298696,6;436854,9;137535,3;648423,7;111997,1;126441,3;264069,3;64588,5;512804,4;398635,8;302763,7;296705,0;448384,2;278596,6;399443,7;574968,2;162733,7;272853,6;615980,7;549106,2;429669,2;569690,2;381240,2;446503,8;128829,9;130243,3;370369,4;805126,5;844174,1;512104,5;720441,0;574129,9;202982,7;279566,1;318838,5;377472,4;38165,1;;525521,7;156532,7;445097,8;548724,4;358707,5;278362,2;71332,8;216759,5;163892,6;191407,8;94367,2;48536,6;119494,9;28747,9;749958,1;309279,9;432263,1;226901,1;650420,4;91838,1;81645,6;124200,0;67449,0;251674,4;163675,3;65371,0;217529,9;383180,6;266737,2;250427,7;561916,4;567620,1;383370,1;348286,5;742950,8;375413,5;425209,0;498363,6;277363,4;287479,7;142162,8;238919,9;351761,5;640025,7;525246,3;536049,0;454271,1;118749,4;337678,0;90854,4;517903,5;460587,3;250821,9;411757,8;281527,1;81620,7;657282,8;518847,2;510972,4;620297,2;167177,7;314164,8;419198,5;468325,9;191761,1;130334,4;328066,3;118625,5;232090,7;102800,3;201562,4;298134,5;533986,2;303806,7;36865,6;769451,6;649354,9;;108277,7;323556,3;213752,0;369411,6;401140,0;232259,3;0,0;164538,1;105434,4;514617,4;480207,3;490748,1;333830,1;253083,5;251446,9;623044,9;208309,8;724707,9;225704,5;575761,8;342378,6;59130,5;192268,7;663378,8;540640,6;131177,3;37776,1;39917,5;247401,3;115825,3;345158,8;206970,3;183636,4;138696,9;768335,9;236204,0;60013,0;563385,4;224700,8;67022,1;515814,7;219665,0;531628,2;204376,5;45480,4;100535,8;336444,8;62526,4;221381,2;176490,8;253835,9;282609,6;336981,0;842636,8;362516,9;341831,0;158979,8;148965,0;;31723,5;332171,6;139717,9;326998,7;376581,6;417477,2;;357929,7;150592,8;86579,9;82793,0;75696,3
Pimenteiras;316350,3;253729,6;247445,8;129883,9;152823,6;305410,0;310463,6;612549,4;412301,1;267682,8;487496,0;509674,4;151172,5;178436,2;312142,5;90973,0;895985,2;737719,2;167769,9;377904,8;894423,2;241289,0;410685,3;285687,1;175327,2;308480,4;530450,2;312585,5;336457,9;135835,2;774926,1;482563,0;484694,7;311009,5;359744,5;426752,5;504324,6;216307,3;337155,3;283376,2;526541,1;182203,8;255750,8;363314,8;134795,2;413104,7;267364,2;448604,7;426014,4;322690,4;407906,0;528753,1;508664,9;232940,4;167157,8;514232,2;477073,7;303975,4;454327,0;304639,6;592344,7;274670,9;297404,5;499678,8;950967,4;990015,1;657945,4;866281,9;719970,9;273189,4;292984,9;332257,4;506781,8;184006,0;;390891,6;170760,2;590938,7;460186,9;488016,9;407671,7;229535,2;362600,5;213374,5;337248,8;164574,0;128108,6;153920,5;158057,3;895799,0;455120,9;561572,5;240320,0;548671,9;237679,0;227486,5;253509,4;196758,4;397515,3;262920,8;194680,4;264011,3;277484,8;412578,2;379737,1;473378,9;479082,6;396789,0;242590,7;888791,8;504722,9;350644,6;330227,8;376608,8;300898,6;97318,8;252338,8;497602,4;518143,1;484199,0;478343,3;600112,0;188956,1;483518,9;189502,2;447917,7;440614,4;264240,8;296209,1;294946,0;94255,4;803123,7;648156,6;440683,8;518548,8;313018,7;327583,7;293504,8;401138,3;321070,5;144561,9;222370,5;264466,4;245509,5;193095,0;330871,8;427443,9;679827,1;360540,6;182706,6;915292,6;547606,5;;234757,2;336975,2;279897,7;515252,5;301024,3;361568,8;165018,3;0,0;59151,2;388923,6;340310,7;414110,1;479671,0;266502,4;350692,4;768885,8;354150,7;870548,8;371545,4;721602,7;488219,5;204971,5;205687,6;809219,8;686481,4;277018,2;177274,7;124580,1;260820,2;261666,3;474468,2;220389,2;282881,9;284537,8;914176,9;249622,9;166585,5;363878,3;238119,7;212863,1;444283,4;348974,4;405934,4;350217,5;168493,0;117949,7;465754,2;158465,1;234800,0;322331,8;148140,1;296028,4;466290,4;988477,7;508357,8;236135,2;229186,5;278274,4;;154736,1;461481,0;285558,8;340417,6;390000,4;563318,1;;487239,1;177556,0;215889,3;152999,8;221537,3
Pio IX;257246,7;327048,0;320764,2;70780,3;93720,0;378728,5;445692,6;553445,8;353197,5;313372,2;428392,3;450570,8;224490,9;119332,6;253038,9;154894,0;836881,6;678615,6;240279,6;564341,8;835319,6;314607,4;460299,9;226583,5;116223,6;381798,8;471346,6;253481,9;400378,9;76731,6;715822,4;519311,6;425591,1;374930,5;409359,1;367648,8;541073,2;253055,9;523592,2;224272,6;563289,6;123100,2;196647,1;304211,2;75691,6;599541,7;331285,2;389501,0;366910,8;386611,4;348802,3;469649,5;545413,5;173836,8;231078,8;550980,9;513822,3;367896,4;491075,6;467977,5;533241,1;215567,2;238300,9;440575,2;891863,8;930911,4;598841,8;807178,3;660867,2;214085,8;366303,4;405575,8;447678,2;124902,4;;427640,2;243270,0;531835,1;509801,5;428913,2;348568,0;170431,6;303496,8;250629,9;278145,2;105470,3;69005,0;94816,9;98953,7;836695,4;396017,2;502468,8;313638,4;585420,5;178575,4;168382,9;194405,8;137654,8;338411,7;203817,2;135576,8;304267,2;341405,8;353474,5;320633,5;522993,4;528697,1;470107,4;306511,7;829688,1;445619,2;511946,3;366976,4;317505,2;374217,0;152321,9;325657,2;438498,8;554891,6;611983,6;622786,3;541008,4;129852,5;424415,3;130398,6;604640,8;547324,6;337559,2;332957,7;368264,4;35151,7;744020,1;589053,0;490298,4;555297,3;253915,0;400902,1;357425,8;555063,2;261966,8;217071,7;286291,6;205362,8;318828,0;133991,3;271768,2;368340,2;620723,5;390544,0;123602,9;856188,9;584355,1;;175653,6;410293,6;220794,1;456148,9;337772,9;302465,1;105914,6;59151,2;0,0;438538,2;377059,3;577485,4;420567,4;339820,8;291588,8;709782,2;295047,1;811445,2;312441,8;662499,1;429115,9;145867,8;279006,0;750116,1;627377,8;217914,6;118171,1;65476,5;334138,6;202562,6;415364,6;293707,6;223778,3;225434,2;855073,2;322941,3;107481,8;400626,9;311438,1;153759,5;493897,9;289870,8;455549,0;291113,8;109389,4;58846,1;406650,5;99361,5;308118,5;263228,2;212061,1;369346,9;407186,8;929374,1;449254,2;300056,2;170082,9;219170,8;;95632,5;402377,4;226455,2;413736,0;463318,9;504214,5;;428135,5;237330,2;156785,7;93896,1;162433,6
Piracuruca;714150,6;282651,4;302110,6;592426,1;579662,6;226986,7;158482,1;703746,9;370197,0;322260,9;761673,2;600871,9;398892,9;531978,1;436929,5;320395,2;987182,6;828916,7;422356,8;102625,7;985620,8;290369,3;50277,0;586821,9;574629,4;233904,7;621647,7;710385,8;70440,9;521586,4;866123,6;106742,0;761361,2;112359,5;33540,7;615329,8;108369,4;280663,9;95946,0;465705,2;150720,1;609042,9;623487,1;698384,1;561634,2;96016,1;130955,7;539802,1;596507,3;83694,3;709040,8;802930,3;76898,2;659779,4;221957,4;118277,1;51402,6;94181,7;71986,6;152658,2;683542,2;511741,3;625987,8;776345,3;1042164,9;1081212,5;749142,9;957479,4;811168,3;700028,4;285144,1;217753,9;783448,3;488349,0;;85622,8;392482,3;682136,2;99778,6;764683,4;585472,5;544045,4;411636,5;398059,6;417271,1;591413,0;545582,3;616540,6;525793,6;986996,5;546318,4;835749,7;314637,8;152716,8;451740,2;477320,3;621245,8;564494,8;566401,3;660721,1;562416,8;342057,6;156445,8;503775,6;680871,9;112970,6;118674,3;155914,5;154616,9;979989,2;778900,1;125798,0;70829,4;774409,1;244750,2;447138,6;288894,9;588799,9;142322,1;123790,8;117935,1;691309,5;615795,1;574716,4;587900,1;128967,1;165335,3;284175,1;115824,5;264679,8;578666,4;894321,1;1007559,4;80275,6;122593,6;477592,0;250112,1;102869,6;125859,2;622205,2;432698,8;187640,1;501536,9;283864,0;599846,0;609468,4;597936,8;771024,6;290606,4;486078,5;1006490,1;151651,3;;605323,4;222471,6;710797,8;606450,0;100973,6;641337,9;515709,5;388907,0;438429,4;0,0;62008,4;123444,6;570868,5;254608,9;748492,7;860083,2;360313,4;961746,3;576835,6;812800,2;579417,0;501461,0;270270,3;900417,2;777678,9;472725,9;494191,3;536963,2;317597,8;558155,8;748645,4;359280,5;680682,1;486198,0;1005374,3;303919,1;487843,5;93849,2;230873,5;492218,4;83875,1;650109,2;32259,8;555507,6;481247,6;597581,5;742420,6;509561,4;335864,8;564728,2;269073,1;299386,7;742956,9;1079675,1;599555,2;183333,2;656025,5;579698,0;;498291,9;649715,9;416763,7;213071,7;186862,8;654515,6;;763905,6;410012,3;583625,7;579838,8;518026,8
Piripiri;680021,8;248522,5;267981,7;558297,2;545533,8;192857,8;124353,3;669618,1;336068,1;288132,1;727544,3;566743,1;364764,1;497849,3;402800,7;286266,4;953053,8;794787,9;388228,0;110077,3;951491,9;256240,5;83787,1;552693,1;540500,5;199775,8;587518,8;676256,9;62851,1;487457,5;831994,7;151853,6;727232,4;78230,6;32846,3;581200,9;153481,0;246535,0;103397,6;431576,3;195831,7;574914,0;589358,2;664255,2;527505,4;129526,1;96826,8;505673,2;562378,5;49565,5;674911,9;768801,4;122376,2;625650,6;187828,6;163388,7;96514,2;60052,8;117098,2;118529,3;649413,3;477612,4;591858,9;742216,4;1008036,1;1047083,7;715014,1;923350,6;777039,5;665899,6;251015,3;183625,0;749319,4;454220,2;;72929,7;358353,4;648007,3;133288,7;730554,5;551343,6;509916,6;377507,7;363930,8;383142,2;557284,1;511453,5;582411,8;491664,8;952867,6;512189,5;801620,8;280508,9;197828,3;417611,3;443191,4;587116,9;530365,9;532272,4;626592,2;528287,9;307928,7;122317,0;469646,8;646743,1;146480,6;152184,4;161855,5;93155,1;945860,4;744771,2;133249,6;16112,6;740280,2;210621,3;413009,8;254766,1;554671,1;187433,7;157300,8;151445,1;657180,6;581666,2;540587,6;553771,2;162477,2;172786,9;250046,3;54362,6;230551,0;544537,6;860192,3;973430,6;113785,6;167705,2;443463,2;215983,2;68740,7;133310,8;588076,4;398570,0;153511,2;467408,0;249735,2;565717,2;575339,6;563807,9;736895,8;256477,6;451949,6;972361,2;196762,9;;571194,6;188342,8;676668,9;572321,1;39511,7;607209,1;481580,7;340205,4;376967,5;62025,4;0,0;146282,6;536739,6;220480,0;714363,8;825954,4;326184,6;927617,4;542706,7;778671,3;545288,1;467332,2;236141,5;866288,4;743550,1;438597,1;460062,5;502834,4;283468,9;524027,0;714516,6;325151,6;646553,3;452069,1;971245,4;269790,2;453714,7;110793,4;196744,7;458089,6;117385,1;615980,4;79036,2;521378,7;447118,7;563452,6;708291,8;475432,6;301736,0;530599,4;234944,2;265257,8;708828,0;1045546,2;565426,4;149204,3;621896,7;545569,2;;464163,1;615587,1;382634,8;178942,9;219528,9;620386,7;;729776,8;375883,4;549496,8;545709,9;483898,0
Porto;690396,6;258897,4;278356,5;568672,0;555908,6;241154,6;172650,0;679992,9;346442,9;298506,9;737919,1;577117,9;375138,9;508224,1;413175,5;345622,8;963428,6;805162,7;398602,8;53640,8;961866,7;266615,3;78519,3;563067,9;550875,3;248072,6;597893,6;686631,7;103135,6;497832,3;842369,5;205930,9;737607,2;130389,8;132225,2;591575,7;183596,7;305891,5;88320,8;441951,2;260238,0;585288,8;599733,1;674630,1;537880,2;37541,4;146954,2;516048,1;572753,3;151145,4;685286,7;779176,2;151947,9;636025,4;247185,1;144641,6;168075,2;156050,5;188659,2;168656,7;659788,1;487987,2;602233,7;752591,2;1018410,9;1057458,5;725388,9;933725,4;787414,3;676274,4;241255,5;202029,4;759694,2;464595,0;;188758,4;368728,2;658382,1;104296,1;740929,3;561718,4;520291,4;387882,5;374305,6;393517,1;567658,9;521828,3;592786,6;502039,6;963242,4;522564,3;811995,6;290883,8;216022,7;427986,2;453566,2;597491,7;540740,8;542647,2;636967,1;538662,8;318303,5;190834,1;480021,6;657117,9;117488,0;72859,3;148289,3;238745,7;956235,2;755146,1;94241,1;162559,9;750655,1;220996,1;423384,6;265140,9;565045,9;255361,0;41150,8;51953,5;667555,4;592041,1;550962,4;564146,1;33808,0;39956,3;260421,1;199953,2;240925,8;554912,4;870567,1;983805,4;51939,0;148968,2;453838,0;216890,8;146777,8;33192,0;598451,2;408944,8;212867,7;477782,8;260110,0;576092,0;585714,4;574182,8;747270,6;257385,2;462324,4;982736,0;214957,2;;581569,4;206747,2;687043,8;582695,9;185102,3;617583,9;491955,5;414134,7;578726,1;123382,4;146137,2;0,0;547114,4;268776,8;724738,6;836329,2;336559,4;937992,2;553081,5;789046,1;555662,9;477707,0;350267,4;876663,2;753924,9;448971,9;470437,3;513209,2;293843,7;534401,8;724891,4;335526,4;656928,1;462443,9;981620,2;280165,1;464089,5;210521,7;246872,1;468464,4;56781,3;626355,1;148932,4;531753,5;457493,5;573827,4;718666,6;485807,4;312110,8;540974,2;294300,7;261867,6;719202,8;1055921,1;575801,2;217247,6;632271,5;555944,0;;474537,9;625961,9;393009,6;172676,3;118986,3;630761,5;;740151,6;386258,2;559871,6;556084,8;494272,8
Porto Alegre do Piauí;532296,3;288301,0;272015,0;410571,8;397808,4;364690,4;414385,9;220356,4;212873,0;249393,2;435510,1;60213,3;381146,5;350123,9;209088,7;491109,7;503792,2;320821,6;269678,6;533035,1;502230,2;301504,6;554653,4;356056,9;392775,1;371384,6;138257,2;528531,5;517582,3;353510,9;382733,0;659876,2;435198,1;492133,9;540868,9;289166,6;661503,7;542089,5;492285,5;237864,4;703854,3;427188,6;370277,1;421390,2;379779,9;568235,0;454066,4;80357,7;287938,0;503814,8;432046,8;476767,2;630398,8;477925,1;516246,5;671411,3;604536,9;485099,8;625120,8;436670,8;200151,7;280976,3;395222,8;450182,2;558774,4;597822,0;265752,4;474088,9;327777,8;518174,2;334996,7;374269,1;457285,2;306494,8;;580952,3;332190,8;198745,7;604155,0;438520,2;259178,2;334684,8;163172,4;294521,7;189430,3;409558,7;363728,1;434686,4;343939,3;503606,0;83848,8;389908,8;274575,5;705850,9;335231,0;281451,3;377604,4;382640,5;240107,0;425966,8;380562,5;246813,5;498653,4;67177,8;400221,9;617346,9;623050,7;438800,8;553779,0;496598,7;452737,0;480639,6;553794,2;503539,9;342910,3;385555,7;283552,5;54844,2;695456,3;580676,9;591479,6;207919,0;433940,8;34057,8;406045,8;573334,1;516017,9;296924,9;589454,0;336957,7;396812,2;410930,7;524168,9;566403,1;675727,8;186841,3;337960,0;474629,2;523756,5;391440,3;373727,3;490594,2;249671,5;294999,3;417991,8;318717,8;289367,4;287634,1;296970,6;304224,2;523099,6;704785,6;;423469,2;378986,9;528943,5;280155,7;574603,1;350587,2;333855,2;479729,5;420625,9;570048,0;535637,9;546178,8;0,0;369495,4;480219,2;376692,8;251186,5;478355,8;290144,0;249978,5;253122,7;296993,9;375949,7;337595,6;294288,4;244885,1;336700,6;355108,9;259794,7;320179,4;422482,3;361208,8;411522,2;195447,3;521983,8;268778,2;368390,2;618816,0;414227,1;267429,0;571245,3;366180,9;587058,8;264756,8;359094,8;415727,2;416257,5;376140,8;337793,1;273977,6;497228,8;300723,9;416793,8;596284,6;116164,8;525066,9;474171,2;348933,1;;345337,9;323552,8;243502,2;382429,3;432012,2;84230,3;;437742,5;257334,0;401771,4;397984,5;313075,5
Prata do Piauí;451529,1;92125,2;93453,2;329804,6;317041,2;39203,3;98909,3;502238,7;168688,7;120752,7;560164,9;399363,7;122729,9;269356,7;198689,9;290071,1;785674,4;627408,5;159735,4;232752,4;784112,5;79684,7;276333,1;324200,4;312007,9;42273,7;420139,4;447764,2;202105,7;258964,9;664615,3;344399,6;559853,0;176657,3;225392,3;413821,5;346027,0;213092,0;192002,9;213838,8;388377,7;346421,4;360865,6;435762,6;299012,7;267952,3;138589,7;338293,9;394999,1;188338,2;446419,2;601422,1;314922,2;397157,9;154385,6;355934,7;289060,2;169623,2;309644,2;88929,5;482033,9;249119,8;363366,3;574837,1;840656,7;879704,3;547634,7;755971,2;609660,1;437406,9;131380,6;80461,6;581940,1;225727,5;;265475,7;129860,8;480628,0;325834,7;563175,1;383964,3;281424,0;210128,3;135438,1;215762,9;328791,5;282960,8;353919,2;263172,1;785488,2;344810,1;634241,4;86327,4;390374,3;189118,7;214698,8;358624,2;301873,3;364893,1;398099,6;299795,3;110018,7;183176,8;302267,4;418250,4;339026,6;344730,3;117910,6;238302,4;778481,0;577391,9;203430,4;238317,5;511787,6;139294,2;184517,1;90734,4;387291,7;379979,7;310108,2;343991,1;489801,3;353173,6;373208,2;325278,6;302765,3;259194,9;102636,4;273977,4;133341,6;316044,9;692812,9;806051,2;266120,4;360251,2;276083,8;165979,3;159152,5;238270,3;359583,8;170077,3;113770,0;238915,4;83905,2;337224,5;336601,3;396428,6;569516,4;198936,2;223457,0;804981,8;389308,9;;342702,0;77538,2;448176,3;404941,8;259126,5;368470,8;253088,0;266747,8;339858,7;254571,4;220161,3;268957,7;369360,3;0,0;485871,2;658575,1;158805,2;760238,1;375327,3;611291,9;377908,8;238839,5;60374,6;698909,0;576170,7;207480,7;231569,9;274341,7;106827,6;295534,3;547137,2;45633,7;418060,7;284689,8;803866,1;95630,3;225222,0;303339,4;98652,0;229596,9;270962,7;387487,7;271582,2;353999,3;218626,0;334960,0;540912,4;246939,9;33823,1;296780,7;296190,2;134424,1;541448,6;878166,9;398047,1;209590,3;393404,0;317076,5;;235670,4;448207,7;154142,2;178813,2;175189,2;453007,3;;562397,4;147390,8;321004,2;317217,3;255405,3
Queimada Nova;44001,8;473116,9;466833,1;256218,2;243454,8;524797,3;591761,5;334508,8;499266,3;459441,0;254107,6;479816,7;370559,7;265401,5;399107,7;446470,8;465642,3;550153,9;386348,5;710410,6;616382,6;460676,3;732028,9;116610,3;206733,7;527867,7;343792,2;131370,5;694957,9;261549,7;557963,4;837251,8;251306,4;669509,4;718244,5;193364,1;838879,2;531502,8;669661,1;370341,4;881229,8;246189,8;153454,3;60485,4;221479,7;745610,5;631441,9;438889,1;212343,7;681190,4;109665,2;295364,8;807774,4;176169,7;505659,7;848786,9;781912,4;662475,3;802496,4;614046,3;314304,0;220661,7;120747,5;152376,0;672926,8;711974,3;379904,8;588241,2;467636,6;148661,1;512372,2;551644,7;273393,5;270971,3;;758327,9;389338,8;291811,0;781530,6;254628,5;244914,7;194849,0;449565,7;396698,7;424214,0;238258,6;239955,0;280332,8;229696,4;617758,3;455915,7;328184,1;459707,2;883226,5;324644,2;314451,8;160781,6;183245,0;292220,9;130611,8;200475,0;450336,0;615986,7;413373,0;146348,8;794722,5;800426,2;616176,3;581092,6;610751,1;271334,5;658015,1;731169,7;31351,7;520285,8;374969,0;471726,1;414492,1;872831,8;758052,5;768855,1;322071,3;252942,0;484556,9;185737,5;750709,6;693393,4;483628,0;644563,9;514333,2;267810,6;525083,0;414768,2;743778,6;853103,3;399983,9;546970,9;652004,7;701132,0;97258,8;363140,5;560872,5;225966,5;464896,8;231950,3;184145,9;213773,2;401786,4;536612,9;269671,8;637251,9;882161,1;;159447,0;556362,4;131782,5;237493,4;633946,2;157693,0;251983,5;350728,0;291624,4;747423,6;713013,5;723554,2;480709,0;485889,6;0,0;490845,1;441115,9;592508,1;219654,8;602747,9;258662,3;291936,7;425074,8;690365,0;408440,8;363983,4;264239,9;255953,8;480207,5;188270,5;241079,8;439776,5;100305,8;371503,0;636136,1;469010,2;282732,8;796191,6;457506,9;299828,3;748620,9;115586,1;764434,4;257342,5;268200,2;261373,6;232365,8;284179,6;454187,3;229456,8;486642,0;515415,7;232902,0;710436,9;389503,0;574637,1;183926,8;129395,9;;254443,2;228092,7;372524,1;559804,9;609387,7;444463,3;;253850,8;383399,0;171212,8;243630,9;308502,5
Redenção do Gurguéia;529460,8;577575,2;561289,3;699846,1;687082,7;653964,7;703660,2;156327,1;502147,3;538667,5;284390,1;376349,7;670420,8;639398,2;498363,1;780384,0;140259,6;229123,9;558952,9;822309,4;125539,2;590778,9;843927,8;451883,8;682049,4;660658,9;240325,3;578078,5;806856,6;642785,2;125084,2;949150,6;291984,6;781408,2;830143,2;299841,7;950778,0;831363,8;781559,9;527138,7;993128,6;716462,9;469920,2;432065,3;669054,2;857509,3;743340,7;335422,0;298613,1;793089,2;442721,9;245391,6;919673,1;614909,8;805520,8;960685,6;893811,2;774374,1;914395,1;725945,1;187920,0;570250,6;491816,2;460857,3;182083,4;221131,0;117347,8;110556,4;101623,5;595369,1;624271,0;663543,4;363965,0;595769,1;;870226,6;621465,1;211050,9;893429,3;326975,5;331184,0;511314,9;452446,7;583796,0;478704,6;698833,0;653002,4;723960,7;633213,7;126915,0;392598,2;197122,5;563849,8;995125,2;624505,2;570725,6;477247,5;532401,8;378490,2;522560,1;669836,8;536087,8;787927,8;356452,1;410897,0;906621,2;912325,0;728075,1;843053,3;133066,2;265437,3;769913,9;843068,5;514215,0;632184,6;674830,1;572826,8;311025,1;984730,6;869951,2;880753,9;187084,1;723215,1;381089,9;695320,1;862608,4;805292,2;586199,2;878728,3;626232,0;686086,5;34239,6;160636,4;855677,4;965002,1;476115,6;627234,4;763903,4;813030,8;467904,0;663001,6;779868,5;538945,8;584273,6;707266,1;406656,2;300042,5;116866,8;586244,9;593498,5;159567,0;994059,9;;517760,3;668261,2;578490,5;293082,4;863877,4;425947,2;623129,6;769003,9;709900,2;859322,3;824912,2;835453,1;377242,0;658769,8;490894,3;0,0;540460,8;226367,1;359405,2;291271,2;344931,6;586268,2;665224,0;254206,7;101502,1;534159,4;625974,9;644383,2;549069,0;504736,3;295696,5;650483,1;508115,5;484721,6;145292,8;558052,6;657664,5;908090,3;703501,4;556703,3;860519,6;376856,0;876333,1;377704,5;648369,1;705001,5;426932,6;665415,1;627067,4;406157,2;786503,1;589998,2;322521,4;219593,6;286036,0;814341,2;618163,9;447175,0;;634612,2;334227,9;532776,5;671703,6;721286,5;340996,3;;327753,2;546608,3;508404,8;687258,8;602349,8
Regeneração;406742,4;77559,0;61273,0;285017,8;272254,4;153948,4;203644,0;384030,6;50480,6;38651,2;441956,9;281155,6;132120,6;224569,9;76147,3;285920,2;667466,3;509200,4;96720,8;322293,1;665904,4;90762,6;343911,4;246966,3;267221,2;160642,6;301931,3;402977,5;306840,3;227957,0;546407,2;449134,3;441644,9;281391,9;330127,0;295613,4;450761,7;336900,1;281543,6;104923,0;493112,3;301634,7;261186,5;358528,6;254226,0;357493,0;243324,4;220085,8;276791,0;293072,9;369185,2;483214,0;419656,8;352371,2;311057,0;460669,3;393794,9;274357,8;414378,9;225928,8;363825,8;171885,7;286132,2;456629,0;722448,6;761496,2;429426,6;637763,1;491452,0;392620,2;124254,7;163527,1;463732,0;180940,8;;370210,3;101330,5;362419,9;393413,1;444967,0;265756,2;225594,2;91920,2;63661,4;97554,8;284004,8;238174,1;309132,4;218385,4;667280,2;226602,0;516033,4;63833,5;495109,0;150035,7;155897,3;268513,8;257086,5;246685,0;353312,8;255008,5;29546,2;287911,4;184059,3;341016,3;406605,0;412308,7;228058,8;343037,0;660272,9;459183,8;269897,7;343052,2;467000,9;132168,3;180366,3;72810,5;269083,6;484714,3;369935,0;380737,7;371593,2;308386,9;255000,1;280491,9;362592,1;305275,9;86182,9;378712,0;126215,7;271258,2;574604,8;687843,1;355661,1;464985,8;157875,7;156812,5;263887,2;313014,5;282349,7;125060,4;279852,2;161681,3;84257,3;292437,8;259367,2;278220,5;451308,3;115823,1;178670,3;686773,8;494043,6;;297915,2;168244,9;403389,5;286733,7;363861,2;291236,7;208301,3;354175,6;295072,0;359306,1;324896,0;335436,8;251152,2;158753,5;441084,5;540366,9;0,0;642030,0;257119,2;493083,8;259700,7;173684,7;165207,7;580700,9;457962,6;111943,7;211146,7;229555,0;49052,7;211088,8;428929,1;150466,8;302431,5;166481,7;685658,0;58036,2;221071,2;408074,0;203485,1;141875,0;360503,4;310253,6;376316,8;235791,2;214475,2;290173,3;422704,3;250586,8;127051,1;245012,0;292039,4;89981,9;423240,6;759958,8;279839,0;314324,9;348617,3;239842,4;;219783,9;329999,6;70544,5;171687,3;221270,2;334799,2;;444189,3;84376,2;276217,4;272430,6;189766,3
Riacho Frio;631335,1;679449,5;663163,6;801720,4;788956,9;755838,9;805534,5;258201,3;604021,6;640541,8;310777,1;478223,9;772295,1;741272,4;600237,3;882258,2;135421,3;330998,2;660827,1;924183,6;147485,8;692653,2;945802,0;553758,0;783923,7;762533,1;342199,5;679952,8;908730,9;744659,4;244963,5;1051024,8;318371,5;883282,5;932017,5;401716,0;1052652,2;933238,1;883434,1;629012,9;1095002,9;818337,1;571794,4;533939,6;770928,5;959383,6;845214,9;437296,3;400487,3;894963,4;544596,2;271778,6;1021547,4;716784,1;907395,0;1062559,9;995685,4;876248,4;1016269,4;827819,3;289794,3;672124,9;593690,4;419632,5;56645,8;95693,4;219222,1;105718,1;203497,8;697243,4;726145,2;765417,7;390351,9;697643,3;;972100,9;723339,4;312925,1;995303,6;353362,4;433058,3;613189,1;554320,9;685670,2;580578,9;800707,2;754876,6;825834,9;735087,9;168202,3;494472,5;246300,0;665724,0;1096999,5;726379,5;672599,8;579121,8;634276,1;480364,5;624434,4;771711,1;637962,1;889802,0;458326,3;512771,3;1008495,5;1014199,2;829949,3;944927,6;124898,2;291824,3;871788,2;944942,8;616089,2;734058,9;776704,3;674701,1;412899,4;1086604,9;971825,5;982628,2;288958,3;825089,4;482964,1;797194,4;964482,6;907166,5;688073,4;980602,6;728106,2;787960,8;209854,0;161581,2;957551,6;1066876,4;577989,9;729108,6;865777,7;914905,1;569778,2;764875,9;881742,8;640820,1;686147,9;809140,3;508530,4;401916,8;218741,0;688119,1;695372,8;55594,6;1095934,1;;619634,6;770135,4;680364,8;394956,7;965751,7;527821,4;725003,8;870878,1;811774,5;961196,6;926786,5;937327,3;479116,2;760644,0;592768,6;226526,0;642335,0;0,0;461279,5;467744,8;446805,9;688142,5;767098,2;433707,1;203376,3;636033,7;727849,2;746257,5;650943,2;606610,6;322083,5;752357,3;609989,8;586595,8;36244,7;659926,8;759538,8;1009964,6;805375,7;658577,6;962393,9;478730,2;978207,4;479578,7;750243,4;806875,8;363727,3;767289,4;728941,7;508031,4;888377,4;691872,5;348908,3;91544,5;387910,3;916215,4;720038,2;549049,2;;736486,4;436102,2;634650,8;773577,9;823160,8;442870,6;;354140,2;648482,6;610279,0;789133,1;704224,1
Ribeira do Piauí;258276,4;294224,2;277938,2;302426,3;289662,9;370613,6;420309,1;203088,8;218796,2;255316,4;228549,5;320557,9;273001,0;241978,4;149595,4;382964,2;486524,6;418734,0;223415,0;538958,2;484962,7;307427,8;560576,6;123908,8;252158,5;377307,8;212372,4;285894,2;523505,5;245365,4;426543,6;665799,4;228237,5;498057,1;546792,1;82206,1;667426,9;433944,1;498208,7;146070,8;709777,5;319043,1;138128,9;160880,9;271634,5;574158,2;459989,6;259488,1;63383,7;509738,0;171537,5;269806,7;636322,0;286168,3;408101,0;677334,5;610460,1;491023,0;631044,1;442594,0;182884,1;120280,5;163074,7;243221,7;541506,8;580554,4;248484,8;456821,3;336216,7;303184,8;340919,8;380192,3;250324,6;198349,3;;586875,5;262881,8;160391,1;610078,2;231559,7;45433,9;138805,1;169095,6;224370,1;195353,5;301413,2;255582,6;326540,9;239098,9;486338,4;266004,3;302626,0;280498,7;711774,1;227085,5;173305,8;145456,3;200610,6;102309,5;193818,6;240084,2;252736,7;504576,6;223461,6;139712,6;623270,2;628973,9;444723,9;483533,9;479331,1;245776,4;486562,8;559717,4;243030,6;348833,5;277410,2;289475,7;283072,2;701379,5;586600,1;597402,8;190651,4;325795,3;294402,4;231162,3;579257,2;521941,1;302848,1;595377,2;342880,9;288666,7;393663,1;506901,3;572326,2;681651,0;119513,7;343883,2;480552,3;529679,7;159292,1;265581,8;496517,4;125585,3;300922,5;277375,1;77114,8;64813,1;270366,5;302893,8;190519,0;505832,0;710708,8;;185969,1;384910,1;286306,2;95783,9;580526,3;77768,5;225709,8;371584,1;312480,4;575971,2;541561,1;552101,9;290554,5;375418,6;219709,9;359425,2;257109,6;461088,2;0,0;471328,0;68750,9;166326,7;327516,1;558945,1;277020,8;191654,8;228555,1;246963,5;265717,9;124299,6;215521,7;367131,9;179374,0;106946,4;504716,2;274701,4;260244,7;624739,2;359948,2;159283,5;577168,5;105671,6;592982,0;21328,3;250949,3;307581,7;209297,0;267995,3;343716,3;49781,1;389083,3;306647,1;209833,2;579017,1;258083,1;530990,1;289422,4;116784,9;;237192,4;116592,2;200195,5;388352,5;437935,4;313043,4;;230781,9;211070,4;176613,5;289839,0;149427,4
Ribeiro Gonçalves;641142,6;530113,2;513827,2;652384,0;639620,6;606502,6;656198,2;342713,4;454685,2;491205,4;557867,1;201585,6;622958,8;591936,1;450901,0;732921,9;418463,3;71317,1;511490,8;774847,2;337472,4;543316,8;796465,6;563565,6;634587,3;613196,8;260614,1;770343,7;759394,6;595323,1;199557,0;901688,4;557555,1;733946,1;782681,2;411523,6;903315,9;783901,8;734097,8;479676,6;945666,5;669000,8;581602,0;543747,2;621592,2;810047,2;695878,6;287960,0;410294,9;745627,1;554403,8;387486,8;872211,1;719737,4;758058,7;913223,6;846349,1;726912,0;866933,1;678483,0;322508,6;522788,6;603498,0;572539,2;423299,9;462347,6;388109,4;388760,0;198971,9;759986,4;576808,9;616081,4;579642,2;548307,0;;822764,6;574003,1;321102,6;845967,2;560877,2;442865,9;576497,1;404984,6;536333,9;431242,5;651370,9;605540,3;676498,6;585751,6;300775,5;303514,3;339217,6;516387,7;947663,2;577043,2;523263,5;588929,4;624452,8;481919,2;634241,9;622374,7;488625,7;740465,6;308990,0;522578,9;859159,2;864862,9;680613,0;795591,2;411269,8;575093,9;722451,8;795606,4;625896,9;584722,6;627367,9;525364,8;241298,9;937268,5;822489,2;833291,8;330275,9;675753,1;226933,0;647858,1;815146,3;757830,1;538737,1;831266,2;578769,9;638624,4;325601,8;438840,1;808215,3;917540,0;428653,5;579772,2;716441,4;765568,7;579585,8;615539,5;732406,4;491483,8;536811,6;659804,0;518338,0;411724,4;211886,1;538782,8;546036,4;469132,6;946597,8;;665281,4;620799,1;770755,7;404764,3;816415,4;537629,1;575667,4;721541,8;662438,1;811860,2;777450,2;787990,9;249943,1;611307,7;602576,2;291363,9;492998,7;467583,7;471087,1;0,0;456613,5;538806,1;617761,9;88091,1;243597,3;486697,3;578512,8;596921,2;501606,9;561991,6;544839,2;603021,0;619797,4;437259,5;386509,4;510590,4;610202,4;860628,2;656039,4;509241,2;813057,6;488537,8;828871,1;506569,1;600907,1;657539,4;538614,5;617953,0;579605,3;515789,8;739041,1;542536,1;539150,8;460810,2;215910,2;766879,1;715983,5;558856,8;;587150,1;445909,8;485314,4;624241,6;673824,4;166232,3;;560099,4;499146,2;643583,6;639796,8;554887,7
Rio Grande do Piauí;297289,9;296826,4;280540,4;419097,2;406333,8;373215,8;422911,4;188553,6;221398,4;257918,6;214014,3;283611,1;389671,9;358649,3;217614,2;499635,1;471989,4;404198,8;278204,0;541560,5;470427,5;310030,0;563178,8;186068,4;401300,5;379910,0;197837,2;345907,7;526107,8;362036,3;412008,4;668401,7;213702,4;500659,3;549394,4;67670,9;670029,1;550614,9;500811,0;246389,8;712379,7;435714,0;200288,6;199894,5;388305,4;576760,4;462591,8;222541,4;48848,5;512340,3;210551,1;255271,5;638924,2;348327,9;524771,9;679936,8;613062,2;493625,2;633646,2;445196,2;168348,9;186030,9;225234,3;228686,5;526971,6;566019,2;233949,7;442286,1;321681,5;363198,3;343522,1;382794,5;235789,5;315020,2;;589477,8;340716,2;145855,9;612680,4;217024,5;37813,7;204555,4;171697,8;303047,1;197955,7;418084,1;372253,5;443211,8;352464,8;471803,2;229057,6;288090,8;283100,9;714376,4;343756,4;289976,7;207615,9;262770,2;65362,7;255978,2;389087,9;255338,9;507178,8;186514,9;178726,2;625872,4;631576,1;447326,2;562304,4;464795,9;231241,2;489165,0;562319,6;282044,2;351435,7;394081,2;292077,9;268537,0;703981,7;589202,4;600005,1;176116,2;442466,2;257455,6;293321,9;581859,5;524543,3;305450,3;597979,4;345483,1;405337,6;379127,9;492366,2;574928,5;684253,2;195366,7;346485,5;483154,6;532281,9;235733,1;382252,7;499119,6;258197,0;303524,8;426517,2;139274,4;50277,9;255831,3;305496,0;312749,6;491296,8;713310,9;;248128,7;387512,3;346319,7;35852,8;583128,6;139928,2;342380,7;488255,0;429151,3;578573,4;544163,4;554704,2;253607,7;378020,8;258723,5;344890,0;259711,9;446553,0;68779,4;456792,8;0,0;305519,3;384475,1;544409,9;262485,7;253410,5;345226,0;363634,4;268320,1;190050,0;200986,5;369734,2;241533,7;203972,7;490181,1;277303,7;376915,6;627341,4;422752,5;275954,4;579770,8;144685,1;595584,2;87078,7;367620,2;424252,6;194761,8;384666,2;346318,5;115531,4;505754,2;309249,3;195298,0;564481,9;243547,9;533592,3;351582,1;178944,5;;353863,3;102057,1;252027,6;390954,7;440537,6;298508,2;;216246,7;265859,4;238773,2;406509,9;215177,8
Santa Cruz do Piauí;257545,5;226062,2;219778,4;135821,0;123057,6;277742,7;344706,8;429826,4;229578,0;192010,8;325274,1;326951,3;123505,1;75373,1;131677,5;233468,2;713262,1;554996,2;128313,3;463355,9;711700,2;213621,6;484974,3;123465,2;118024,3;280813,0;347727,1;253780,7;447903,2;78760,1;592203,0;590197,1;322472,8;422454,8;471189,8;264530,6;591824,6;284448,1;422606,4;102911,2;634175,2;152437,8;107645,9;235027,5;105029,1;498555,8;384387,2;265881,6;247992,3;434135,7;245684,1;366531,2;560719,7;203174,3;258605,0;601732,2;534857,8;415420,7;555441,8;366991,6;409621,6;91947,8;162631,1;337456,9;768244,4;807292,0;475222,4;683558,9;537247,8;243423,3;265317,5;304590,0;344559,9;42151,3;;511273,2;142284,2;408215,7;534475,9;325795,0;208738,2;43211,8;179877,4;129268,5;156783,8;134807,9;88977,2;159935,5;69188,5;713075,9;272397,8;399350,6;212652,6;636171,8;77589,5;67397,1;114973,2;107889,7;193128,5;204116,0;105811,7;182905,8;368932,1;229855,1;217515,2;547667,9;553371,6;369121,6;334038,0;706068,7;342501,0;410960,5;484115,0;317804,0;273231,2;127914,3;224671,4;314879,4;625777,2;510997,8;521800,5;417389,0;159190,0;300795,8;131295,0;503655,0;446338,8;236573,4;397509,3;267278,6;122061,4;620400,6;485934,7;496723,9;606048,7;130295,6;299916,3;404950,0;454077,4;158848,6;116085,9;313817,8;81743,4;217842,1;143240,9;156940,2;249421,8;497104,1;269182,6;24820,0;732569,5;635106,4;;148718,4;309307,8;254192,7;332529,5;386891,5;188809,7;59104,4;204978,7;145875,1;500368,9;465958,8;476499,6;296948,0;238835,0;291887,6;586162,8;173685,7;687825,8;166333,3;538879,6;305496,4;0,0;178020,2;626496,7;503758,4;96553,2;61949,8;80358,1;202412,2;57322,2;312246,3;192721,8;178930,5;101814,8;731453,8;221955,5;98876,6;549136,9;210452,3;52773,6;501566,2;186752,5;517379,7;145005,4;84344,0;140976,4;303532,2;101390,0;207132,7;117119,7;239587,4;268361,1;304068,5;805754,6;325634,8;327582,4;199420,4;116052,5;;70587,1;299259,1;105093,8;312750,2;362333,1;380595,0;;325017,2;115968,8;127020,6;123233,7;17193,2
Santa Cruz dos Milagres;390679,4;98623,1;99951,1;268954,9;256191,4;99286,8;217267,7;508736,6;175186,6;127250,6;507444,5;405861,5;63480,8;208506,9;181223,1;229221,3;792172,3;633906,4;132435,6;335916,8;790610,4;86182,5;292099,1;305635,6;251158,2;102357,2;426637,3;386914,6;217871,7;198115,2;671113,2;360165,6;504643,2;192423,3;241158,3;420319,4;361793,0;168938,4;295167,3;196371,9;404143,7;285571,7;300015,9;417197,9;238163,0;371116,8;154355,7;344791,8;401497,0;204104,2;427854,5;548701,6;330688,2;336308,2;110231,9;371700,7;304826,2;185389,2;325410,2;118149,0;488531,8;230555,0;303817,8;519627,3;847154,6;886202,2;554132,6;762469,1;616158,0;376557,2;137878,4;177150,9;526730,3;164877,8;;281241,7;96956,7;487125,8;341600,7;507965,4;390462,2;220574,2;216626,2;117971,3;222260,8;267941,8;222111,1;293069,4;202322,4;791986,1;351308,0;581521,0;92825,2;406140,3;128269,0;153849,1;297774,5;241023,6;371391,0;337249,9;238945,6;116516,6;198942,8;308765,3;399685,6;354792,6;360496,3;241682,5;161874,3;784978,9;524671,4;283521,4;254083,5;450937,9;145792,1;123667,4;97232,3;393789,6;395745,7;383558,7;394361,4;496299,2;292323,9;379706,0;264428,9;376215,9;318899,7;109134,3;225345,6;139839,5;255195,2;699310,8;812549,1;369284,8;376017,2;268902,8;172477,2;174918,5;326638,3;341019,0;109227,6;137006,7;220350,6;90403,1;276374,8;318036,5;402926,5;576014,2;205434,1;162607,3;811479,7;405074,9;;281852,2;181868,7;387326,6;411439,7;214727,9;349906,0;192238,3;205898,1;279009,0;270337,4;235927,3;349060,5;375858,2;60379,1;425021,5;665072,9;165303,1;766735,9;327429,6;617789,8;384406,6;177989,8;0,0;705406,9;582668,6;190013,9;170720,1;213492,0;113325,4;234684,6;494416,7;15827,1;357210,9;240422,0;810364,0;102128,2;164372,3;319105,4;39402,9;168747,2;374127,1;368922,9;287348,2;306101,6;157776,3;274110,3;485702,7;186090,2;40320,9;278215,9;235340,5;140922,0;486238,9;884664,8;404544,9;155418,8;332554,3;298511,8;;174820,7;454705,6;136675,3;185311,1;234894,0;459505,2;;507187,6;129923,9;260154,5;256367,6;194555,6
Santa Filomena;728731,4;617701,9;601415,9;739972,8;727209,3;694091,3;743786,9;262856,3;542273,9;578794,1;412938,4;289174,3;710547,4;679524,8;538489,7;820510,6;381370,5;74738,2;599079,5;862436,0;303443,2;630905,6;884054,4;651154,4;722176,1;700785,5;348202,8;857932,4;846983,2;682911,9;162464,2;989277,2;420532,9;821534,9;870269,9;499112,3;990904,6;871490,5;821686,5;567265,4;1033255,2;756589,6;669190,8;631335,9;709180,9;897635,9;783467,3;375548,7;497883,7;833215,8;641992,5;373939,9;959799,8;807326,1;845647,4;1000812,2;933937,8;814500,8;954521,8;766071,7;410097,3;610377,2;691086,8;660127,9;389270,7;428318,3;223877,1;351667,2;161879,2;847575,1;664397,6;703670,1;667230,9;635895,7;;910353,2;661591,8;408691,3;933556,0;648465,9;530454,6;664085,8;492573,3;623922,6;518831,2;738959,6;693129,0;764087,3;673340,3;266746,2;391103,0;325670,8;603976,4;1035251,9;664631,9;610852,2;676518,1;712041,4;569507,9;721830,7;709963,4;576214,4;828054,4;396578,7;610167,6;946747,9;952451,6;768201,7;883179,9;374177,1;393985,6;810040,6;883195,1;713485,6;672311,2;714956,7;612953,4;328887,6;1024857,2;910077,9;920880,6;293613,4;763341,8;314521,7;735446,8;902735,0;845418,9;626325,8;918854,9;666358,7;726213,1;288509,0;401747,3;895804,0;1005128,8;516242,2;667361,0;804030,1;853157,4;667174,6;703128,2;819995,1;579072,5;624400,2;747392,7;605926,8;499313,1;198339,2;626371,5;633625,1;435103,4;1034186,5;;752870,1;708387,8;858344,4;492353,0;904004,1;625217,8;663256,2;809130,5;750026,9;899448,9;865038,9;875579,7;337531,8;698896,4;690164,9;254271,1;580587,4;433554,5;558675,8;88062,8;544202,2;626394,9;705350,6;0,0;230050,4;574286,1;666101,6;684509,9;589195,6;649580,3;632428,0;690609,7;707386,1;524848,2;352480,1;598179,2;697791,1;948216,9;743628,1;596829,9;900646,3;576126,6;916459,8;594157,8;688495,8;745128,2;626203,2;705541,8;667194,1;603378,5;826629,8;630124,9;626739,4;426780,9;303499,0;854467,9;803572,2;646445,6;;674738,8;533498,5;572903,2;711830,2;761413,1;253821,0;;647688,2;586734,9;731172,3;727385,4;642476,4
Santa Luz;447064,8;495179,3;478893,3;617450,1;604686,7;571568,7;621264,2;73931,1;419751,3;456271,5;182888,2;293953,7;588024,8;557002,2;415967,1;697988,0;228609,8;182838,3;476556,9;739913,4;227047,9;508382,9;761531,8;369487,8;599653,4;578262,9;157929,3;495682,5;724460,7;560389,2;168628,8;866754,6;190482,7;699012,2;747747,2;217445,7;868382,0;748967,9;699163,9;444742,7;910732,6;634066,9;387524,2;349669,3;586658,2;775113,3;660944,7;253026,1;216217,1;710693,2;360325,9;143889,7;837277,1;532513,8;723124,8;878289,6;811415,2;691978,1;831999,2;643549,1;105524,1;487854,7;409420,2;378461,3;283592,1;322639,7;34951,9;198906,6;78302,0;512973,1;541875,0;581147,4;262463,1;513373,1;;787830,6;539069,1;128654,9;811033,4;225473,6;248788,0;428918,9;370050,7;501400,0;396308,7;616437,0;570606,4;641564,7;550817,7;228423,7;310202,2;95620,6;481453,8;912729,3;542109,3;488329,6;394851,5;450005,8;296094,2;440164,1;587440,8;453691,8;705531,8;274056,1;328501,0;824225,3;829929,0;645679,1;760657,3;221416,4;163935,4;687517,9;760672,5;431819,0;549788,6;592434,1;490430,8;228629,1;902334,6;787555,2;798357,9;104688,1;640819,1;298693,9;612924,2;780212,4;722896,2;503803,2;796332,3;543836,1;603690,5;135748,3;248986,6;773281,4;882606,1;393719,6;544838,4;681507,5;730634,8;385508,0;580605,6;697472,6;456549,8;501877,7;624870,1;324260,2;217646,5;34470,8;503848,9;511102,5;247917,2;911663,9;;435364,3;585865,2;496094,5;210686,5;781481,4;343551,2;540733,6;686607,9;627504,2;776926,4;742516,3;753057,1;294846,0;576373,8;408498,3;101510,4;458064,8;203173,5;277009,2;243595,1;262535,7;503872,2;582828,0;230048,2;0,0;451763,4;543578,9;561987,2;466673,0;422340,3;194194,6;568087,1;425719,5;402325,6;246801,5;475656,6;575268,5;825694,3;621105,4;474307,3;778123,7;294460,0;793937,1;295308,5;565973,1;622605,6;235838,5;583019,1;544671,4;323761,2;704107,1;507602,2;221019,5;321102,3;203640,0;731945,2;535767,9;364779,0;;552216,2;251831,9;450380,5;589307,6;638890,5;258600,3;;226251,4;464212,3;426008,8;604862,8;519953,8
Santa Rosa do Piauí;329559,2;189985,9;173699,9;207834,8;195071,3;246477,2;316070,9;377632,4;114557,9;151078,1;371592,1;274757,4;178409,5;147386,8;35790,0;288372,6;661068,2;502802,2;84927,3;434720,0;659506,2;182356,2;456338,3;169783,2;190038,1;249547,6;295533,2;325794,4;419267,2;150773,9;540009,1;561561,2;368790,8;393818,8;442553,8;289215,2;563188,6;339352,5;393970,5;7023,8;605539,2;224451,5;184003,3;281345,4;177042,9;469919,9;355751,3;213687,6;270392,9;405499,8;292002,1;412849,2;532083,8;275188,1;313509,4;573096,2;506221,8;386784,7;526805,8;338355,7;357427,7;94702,6;208949,1;383774,9;716050,4;755098,1;423028,5;631364,9;485053,9;315437,1;236681,6;275954,0;390877,9;103757,7;;482637,2;124394,1;356021,7;505839,9;372113,0;259358,0;148411,1;85522,1;55287,3;60896,3;206821,7;160991,0;231949,3;141202,3;660882,0;220203,9;445668,6;176260,4;607535,9;132493,9;78714,2;191330,7;179903,5;240286,8;276129,8;177825,4;121157,4;400338,3;177661,2;263833,2;519031,9;524735,6;340485,7;388942,3;653874,8;388819,0;382324,5;455479,1;389817,8;244595,2;182818,7;185237,4;262685,4;597141,2;482361,9;493164,5;365195,0;231203,8;248601,9;203308,8;475019,0;417702,8;198609,8;491138,9;238642,6;194075,1;568206,7;681444,9;468088,0;577412,7;74884,7;239645,0;376314,1;425441,4;205166,6;113266,9;368722,2;84498,2;186576,7;215254,7;182184,1;271822,3;444910,1;198655,5;101487,2;680375,6;606470,4;;220732,1;280671,8;326206,4;280335,5;476288,1;214053,6;131118,2;276992,5;217888,9;471732,9;437322,9;447863,7;244754,0;207569,6;363901,3;533968,8;111937,3;635631,8;191577,2;486685,7;253302,5;96501,6;190060,1;574302,8;451564,5;0,0;133963,6;152371,9;161479,6;133905,7;358564,3;157111,7;225248,4;53673,2;679259,9;170463,1;165653,1;520500,9;222492,2;64691,9;472930,2;233070,5;488743,7;170249,2;156357,8;212990,2;349850,2;173403,7;175867,2;142363,5;294491,8;202408,8;350386,5;753560,7;273440,8;426751,8;271434,2;162659,3;;142600,8;323601,4;30844,9;284114,2;333697,1;328401,1;;371335,2;72582,7;199034,3;195247,5;112583,2
Santana do Piauí;229935,4;218809,8;212526,0;108210,8;95447,4;270490,2;337454,3;469515,4;269267,1;232763,0;371017,1;366640,4;116252,6;50744,7;169108,5;226215,8;752951,1;594685,2;132041,3;456103,5;751389,2;206369,2;477721,8;169208,2;90414,1;273560,5;387416,2;226170,5;440650,8;37956,2;631892,1;582944,6;368215,8;415202,3;463937,3;310273,6;584572,1;277195,6;415353,9;140342,2;626922,7;124827,6;139271,8;276899,8;77419,0;491303,4;377134,8;305570,6;309535,5;426883,2;291427,1;412274,2;553467,2;175564,2;251352,6;594479,7;527605,2;408168,2;548189,2;359739,2;449310,7;131636,8;143073,8;383199,9;807933,4;846981,0;514911,4;723247,9;576936,8;215813,2;258065,1;297337,5;390302,9;28682,3;;504020,7;135031,7;447904,7;527223,4;371538,0;291192,8;104521,9;219566,5;166699,5;194214,7;107197,7;61367,1;132325,4;41578,4;752765,0;312086,8;445093,6;205400,1;628919,4;70719,9;84452,5;137030,5;80279,5;254481,2;176505,8;78201,5;220336,8;361679,6;269544,1;263258,2;540415,4;546119,1;361869,2;326785,5;745757,7;388244,0;403708,0;476862,6;290193,9;265978,7;81413,1;217418,9;354568,4;618524,7;503745,4;514548,0;457078,0;131579,9;340484,9;103684,9;496402,5;439086,3;229320,9;390256,8;260026,1;94451,2;660089,6;531677,7;489471,5;598796,2;169984,6;292663,8;397697,6;446824,9;204591,6;108833,4;306565,3;121432,4;210589,7;115630,8;214392,9;310965,0;536793,1;306613,6;39672,5;772258,6;627853,9;;121108,2;302055,3;226582,5;372218,5;379639,1;245089,8;37326,8;177368,6;118265,0;493116,4;458706,4;469247,2;336637,0;231582,5;264277,4;625851,8;211116,6;727514,8;228511,4;578568,6;345185,5;61937,4;170767,7;666185,8;543447,4;133984,2;0,0;52748,0;225900,3;118632,2;357989,3;185469,3;196466,9;141503,8;771142,8;214703,0;28263,2;541884,4;203199,8;69829,0;494313,8;232495,5;510127,2;207183,4;13730,6;113366,3;349275,2;44043,3;199880,2;179297,7;232334,9;261108,6;349811,5;845443,6;365323,8;320330,0;171810,3;161795,5;;19174,2;345002,1;142524,8;305497,7;355080,6;420284,1;;370760,2;153399,8;99410,4;95623,5;78503,2
Santo Antônio de Lisboa;221834,4;261571,8;255288,0;67175,0;54411,6;313252,2;380216,4;487969,6;287721,2;247895,9;362916,2;385094,6;159014,7;53856,4;187562,7;220363,7;771405,4;613139,4;174803,4;498865,5;769843,4;249131,2;520483,9;161107,3;82313,2;316322,6;405870,3;218069,6;483412,8;29368,6;650346,2;625706,8;360114,9;457964,4;506699,4;302172,6;627334,1;318525,6;458116,0;158796,4;669684,8;83791,8;131170,9;268798,9;36383,1;534065,4;419896,8;324024,8;301434,6;469645,3;283326,2;404173,3;596229,3;134528,3;294114,7;637241,8;570367,3;450930,3;590951,3;402501,2;467764,8;150091,0;134972,8;375099,0;826387,6;865435,2;533365,6;741702,1;595391,1;174777,3;300827,2;340099,6;382202,0;59426,2;;546782,8;177793,8;466358,9;569985,5;363437,0;283091,8;104955,4;238020,7;185153,7;212668,9;66161,9;20331,2;91289,6;33477,5;771219,2;330541,0;436992,7;248162,2;671681,4;113099,1;102906,7;128929,6;72178,6;272935,5;168404,9;70100,6;238791,0;404441,7;287998,3;255157,3;583177,4;588881,2;404631,2;369547,6;764211,9;380143,1;446470,1;519624,7;282092,9;308740,8;104958,9;260181,0;373022,6;661286,8;546507,4;557310,1;475532,2;90544,0;358939,1;95584,0;539164,6;481848,4;272083,0;398427,3;302788,2;41703,5;678543,9;523576,8;532233,6;641558,3;188438,8;335425,9;440459,6;489587,0;196490,6;151595,5;349327,4;139886,6;253351,8;94682,9;206292,0;302864,1;555247,3;325067,8;58126,7;790712,8;670616,0;;113007,3;344817,4;181485,6;390672,7;422401,1;236988,9;40438,4;124620,9;65517,3;535878,5;501468,4;512009,2;355091,2;274344,6;256176,5;644305,9;229570,8;745969,0;246965,6;597022,9;363639,7;80391,6;213529,8;684639,9;561901,6;152438,4;52694,9;0,0;268662,4;137086,4;349888,3;228231,4;188366,0;159958,0;789597,0;257465,1;60118,8;466096,6;245961,9;88283,2;537075,8;224394,6;552889,3;225637,6;55144,6;72330,4;341174,3;51998,5;242642,2;197751,9;275097,0;303870,7;341710,6;863897,8;383778,0;363092,1;130774,4;153694,6;;41387,7;336901,2;160979,0;348259,8;397842,7;438738,3;;362659,3;171854,0;91309,5;54587,7;96957,4
Santo Antônio dos Milagres;445824,0;34900,8;16439,9;324099,5;311336,1;111290,2;160985,8;392559,9;59009,9;11073,9;450486,2;289684,9;130566,4;263651,6;125742,5;284366,0;675995,6;517729,7;125521,1;279634,9;674433,8;48104,5;301253,2;275766,6;306302,8;117984,4;310460,7;442059,2;264182,2;253259,8;554936,5;406476,1;450174,2;238733,8;287468,8;304142,7;408103,5;335345,8;238885,4;154518,2;450454,1;340716,3;289986,8;387328,9;293307,7;314834,8;200666,2;228615,1;285320,3;250414,7;397985,5;491743,3;376998,7;391452,8;301604,2;418011,2;351136,7;231699,6;371720,7;183270,6;372355,1;200686,0;314932,5;465158,3;730977,9;770025,5;437955,9;646292,4;499981,3;431701,9;81596,5;120869,0;472261,3;220022,5;;327552,2;124155,7;370949,2;350754,9;453496,3;274285,5;254394,5;100449,5;92461,7;106084,1;323086,4;277255,8;348214,1;257467,1;675809,5;235131,3;524562,7;24684,0;452450,8;183413,6;184697,6;297314,1;296168,2;255214,3;392394,5;294090,2;30870,5;245253,3;192588,6;369816,6;363946,8;369650,5;185400,6;300378,8;668802,2;467713,1;227239,5;300394,0;506082,6;89510,2;178812,0;30152,3;277612,9;442056,1;327276,8;338079,5;380122,5;347468,6;263529,4;319573,6;319933,9;262617,8;43524,7;336053,8;83557,6;310339,9;583134,1;696372,4;313002,9;422327,7;166405,0;116195,2;221229,0;270356,3;311150,0;164372,3;237194,0;190481,6;41599,2;331519,5;298281,4;286749,8;459837,6;124352,4;217751,9;695303,1;451385,4;;336996,9;125586,7;442471,2;295263,0;321203,0;330150,9;247383,0;261042,7;334153,6;316647,9;282237,8;292778,6;259681,5;106824,1;480166,1;548896,2;49126,4;650559,2;265648,5;501613,2;268229,9;202485,0;113278,4;589230,2;466491,9;161538,9;225864,8;268636,7;0,0;239889,1;437458,4;98537,4;331231,9;175011,0;694187,3;13203,1;219517,0;365415,9;151555,8;170675,3;317845,2;339053,9;333658,7;244320,5;212921,0;329254,9;431233,6;241234,9;75121,8;253541,2;290485,1;47323,8;431769,8;768488,1;288368,2;271666,8;387699,0;268642,8;;229965,4;338528,9;99344,8;129029,2;178612,0;343328,6;;452718,6;113176,6;315299,1;311512,2;218566,6
Santo Inácio do Piauí;231893,4;282738,0;276454,2;192496,7;179733,3;334418,4;401382,6;348353,1;252752,8;229381,6;267952,0;350126,2;180180,8;132048,8;169048,3;290144,0;479486,8;578171,0;165684,2;520031,7;630226,9;270297,4;541650,1;66143,2;174700,0;337488,8;370901,9;228128,6;504579,0;135435,8;571807,9;646872,9;265150,8;479130,6;527865,6;207208,5;648500,3;341123,8;479282,2;140282,0;690850,9;209113,5;50323,8;177705,4;161704,9;555231,6;441063,0;289056,4;205959,2;490811,5;188362,0;309209,1;617395,4;259850,1;315280,8;658407,9;591533,5;472096,4;612117,5;423667,4;328148,4;62549,7;105309,0;280134,9;686771,1;725818,8;393749,2;602085,6;481481,0;245419,2;321993,3;361265,8;287237,9;98827,1;;567948,9;198959,9;305655,4;591151,7;268472,9;166705,1;14505,6;203052,2;166639,3;229310,2;191483,6;145653,0;216611,3;125864,3;631602,7;295572,6;342028,5;269328,3;692847,6;134265,3;115575,0;57651,1;56414,7;151095,4;136053,0;162487,4;220276,6;425607,8;253029,9;160193,2;604343,6;610047,3;425797,4;390713,8;624595,4;285178,9;467636,2;540790,8;211676,9;329906,9;184590,1;281347,2;338054,2;682452,9;567673,6;578476,2;335915,7;215865,8;323970,7;187970,8;560330,8;503014,6;293249,2;454185,1;323954,3;178737,1;538927,4;428612,7;553399,7;662724,4;153470,4;356592,0;461625,8;510753,1;101526,5;172761,6;370493,6;67854,4;274517,9;199916,7;111327,9;207388,7;415630,8;336850,4;81495,8;651096,2;691782,2;;98163,9;365983,5;228540,6;217055,1;443567,3;142024,8;115780,2;261654,5;202550,9;557044,7;522634,6;533175,4;320122,8;295510,8;188356,2;504689,5;211056,5;606352,5;124300,2;562054,4;190022,0;57303,4;234695,9;649671,5;422285,2;133924,0;118625,6;137033,9;239783,1;0,0;254924,2;249397,6;121608,4;124989,6;649980,6;248766,6;155552,3;605812,6;267128,0;101552,7;558242,0;129430,5;574055,4;102972,2;141019,8;197652,2;246210,2;158065,7;263808,4;75086,6;296263,2;325036,8;246746,4;724281,4;348809,5;384258,2;256096,2;58730,4;;127262,8;241937,0;142464,6;369425,9;419008,8;403769,8;;267695,1;153339,6;88808,4;179909,4;40404,2
São Braz do Piauí;279673,0;466060,9;449774,9;405121,2;392357,7;542450,3;592145,9;276885,1;390632,9;427153,1;13027,9;422193,0;440060,2;311265,9;386848,7;550023,4;224562,6;377003,9;390474,2;710795,0;421213,5;479264,5;732413,3;202096,0;334161,9;549144,5;286168,6;328290,7;695342,2;355254,2;362794,4;837636,2;15206,6;669893,8;718628,9;148857,4;839263,6;601003,3;670045,4;365072,1;881614,2;373618,0;220132,4;182277,5;374329,3;745994,9;631826,3;381265,4;154720,1;681574,8;192934,1;54285,0;808158,8;365122,0;575160,2;849171,2;782296,8;662859,7;802880,8;614430,7;256680,3;287339,7;242028,4;94009,4;364549,4;372305,4;229117,5;251857,3;272467,6;345581,3;512756,6;552029,1;101112,4;365408,5;;758712,2;429941,1;234187,4;781914,9;50895,3;187291,1;261527,1;340932,3;391429,4;367190,2;404108,1;358277,4;429235,7;321102,3;422589,3;398292,1;87104,4;452335,4;883610,9;394144,7;340365,0;227459,7;282614,0;234597,2;272772,3;322087,6;424573,4;676413,3;355749,3;126718,6;795106,9;800810,6;616560,7;650593,2;262920,8;30254,8;658399,6;731554,1;232786,9;520670,2;444469,5;461312,4;356868,5;873216,2;758436,9;769239,6;264447,7;380370,2;426933,2;313165,7;751094,0;693777,8;474684,8;767213,9;514717,6;391361,5;329913,9;173688,5;744163,0;853487,7;364601,2;515720,0;652389,1;701516,4;218116,2;432641,1;668354,1;292644,5;472759,2;359378,5;202612,3;156149,5;228636,4;474730,5;336444,2;308788,1;882545,4;;267972,5;556746,8;328702,7;179869,7;752363,1;176159,4;345688,0;474278,9;415175,3;747807,9;713397,9;723938,7;423085,3;547255,4;241106,5;295676,1;428946,4;321904,4;215512,2;545124,3;201038,7;312251,8;494575,4;632741,4;194165,8;358714,1;357944,4;349658,3;437554,6;254948,5;0,0;538968,7;258327,7;349779,6;440967,1;446538,2;376437,3;796575,9;527007,4;326342,8;749005,2;129730,2;764818,8;233811,5;361904,7;410276,6;59565,0;377884,1;515553,0;247923,1;556142,6;478483,8;34485,2;342626,6;331879,4;702826,8;368376,2;197387,2;;348147,8;120686,1;367254,7;560189,2;609772,1;386839,7;;50117,6;378129,7;258617,0;392533,8;295352,6
São Félix do Piauí;405381,0;83882,2;85210,1;283656,5;270893,1;84545,9;202526,8;493995,6;160445,7;112509,6;551921,9;391120,6;78182,5;223208,6;148240,7;243923,0;777431,4;619165,4;109286,1;321175,9;775869,4;71441,6;342794,2;273751,2;265859,8;87616,2;411896,4;401616,2;305723,2;212816,8;656372,2;448017,1;472758,8;280274,8;329009,8;405578,4;449644,5;183640,0;280426,4;163389,5;491995,1;300273,3;314717,5;385313,4;252864,7;356375,8;242207,2;330050,8;386756,0;291955,7;395970,0;593179,0;418539,7;351009,8;124933,6;459552,1;392677,7;273240,6;413261,7;132850,7;473790,9;198670,5;318519,4;487742,9;832413,6;871461,2;539391,6;747728,1;601417,1;391258,8;123137,5;162410,0;494845,9;179579,5;;369093,1;79411,6;472384,9;392295,8;476080,9;375721,2;235275,9;201885,2;84988,9;207519,8;282643,4;236812,8;307771,1;217024,0;777245,2;336567,0;625998,4;78084,3;493991,8;142970,6;168550,7;312476,2;255725,2;356650,0;351951,5;253647,2;101775,6;286794,2;294024,3;367801,2;405487,8;411191,5;226941,6;176576,0;770237,9;569148,8;268780,4;341935,0;465639,5;131051,1;138369,0;82491,3;379048,6;483597,1;368817,8;379620,4;481558,2;307025,5;364965,1;279130,5;361474,9;304158,8;94393,3;377594,8;125098,6;269896,9;684569,9;797808,1;354543,9;463868,6;267840,7;157736,2;262770,0;311897,3;309134,5;123929,2;151708,4;188466,1;75662,1;291076,4;286152,0;388185,5;561273,3;190693,1;177308,9;796738,8;492926,4;;296553,9;167127,7;402028,2;396698,7;362744,0;318021,5;206940,0;220599,7;293710,6;358188,8;323778,8;334319,6;361117,2;45638,2;439723,1;650331,9;150562,1;751995,0;367084,2;603048,9;369665,7;192691,4;15827,1;690665,9;567927,6;157031,5;185421,8;228193,6;98584,5;249386,2;538894,1;0,0;371912,6;208537,5;795623,0;87387,2;179074,0;406956,8;54104,6;183448,8;359386,2;337038,5;375199,6;345756,2;172478,0;288811,9;453818,2;200791,9;25580,0;246331,5;250042,1;126181,0;454354,4;869923,8;389804,0;170120,4;347256,0;266627,3;;189522,3;439964,6;103692,9;170570,1;220153,0;444764,3;;475303,2;96941,5;274856,1;271069,2;209257,2
São Francisco de Assis do Piauí;116204,2;405289,5;399005,7;188390,8;175627,4;456969,9;523934,1;351782,4;344150,8;320779,5;271381,3;441524,1;302732,3;197574,1;260446,3;378643,4;482916,0;567427,6;257082,1;642583,2;633656,2;392848,9;664201,6;63786,7;138906,3;460040,3;361065,9;112439,3;627130,5;193722,3;575237,1;769424,4;268580,0;601682,1;650417,1;210637,8;771051,8;463675,4;601833,7;231680,0;813402,4;178362,4;56863,8;62731,5;153652,3;677783,1;563614,5;380454,3;229617,4;613363,0;111911,4;312638,4;739947,0;112713,4;437832,3;780959,4;714085,0;594647,9;734669,0;546218,9;331577,7;153947,6;20441,7;283564,2;690200,4;729248,0;397178,4;605514,9;484910,3;129729,9;444544,8;483817,3;290667,1;203143,9;;690500,5;321511,5;309084,7;713703,2;271902,2;194620,1;128135,0;294450,2;258037,3;320708,2;170431,2;172127,6;212505,4;161869,0;635032,0;386970,6;345457,8;391879,9;815399,1;256816,8;246624,4;54622,4;115417,6;223615,2;20363,7;132647,6;311674,6;548159,3;344427,8;163622,4;726895,1;732598,8;548348,9;513265,2;628024,7;288608,2;590187,8;663342,3;123651,9;452458,5;307141,6;403898,7;429452,2;805004,4;690225,1;701027,8;339345,0;185114,7;415368,6;117910,1;682882,2;625566,1;415800,7;576736,6;446505,9;199983,2;542356,6;432041,9;675951,2;785275,9;244868,4;479143,6;584177,3;633304,6;51452,3;295313,2;493045,1;159252,4;397069,4;164123,0;117820,3;231046,9;419060,1;428248,4;201844,4;654525,6;814333,7;;47744,2;488535,0;112851,3;254767,0;566118,8;145454,1;184156,1;282900,6;223797,0;679596,2;645186,1;655726,9;411520,7;418062,2;100331,2;508118,8;302454,4;609781,8;179450,4;620021,6;241609,8;178859,8;357247,5;707638,7;425714,4;225322,0;196412,6;188126,4;331181,0;121556,4;258353,5;371949,1;0,0;216387,5;653409,8;401182,8;214905,4;728364,2;389679,6;192950,6;680793,5;132859,7;696607,0;175492,0;200372,8;193546,2;249639,5;216352,2;386359,9;147606,3;418814,7;447588,3;250175,7;727710,6;406776,7;506809,7;115967,5;62681,9;;186615,9;245366,3;233862,6;491977,5;541560,3;461737,0;;271124,4;244737,5;70444,6;175803,5;161960,5
São Francisco do Piauí;337114,2;203456,4;187170,5;215389,7;202626,3;279845,8;329541,4;328276,8;128028,4;164548,7;362683,7;225401,8;185964,4;154941,8;50183,5;295927,6;611712,6;453446,6;136378,4;448190,5;610150,6;216660,1;469808,9;160874,9;197593,0;286540,0;246177,5;333349,4;432737,8;158328,8;490653,4;575031,8;359882,5;407289,4;456024,4;239859,6;576659,1;346907,4;407441,0;46658,9;619009,8;232006,5;175095,0;272437,1;184597,9;483390,4;369221,8;164332,0;221037,2;418970,3;283093,7;403940,8;545554,3;282743,1;321064,4;586566,8;519692,3;400255,3;540276,3;351826,2;308072,1;85794,2;200040,7;374866,6;666694,8;705742,4;373672,8;582009,2;435698,2;322992,1;250152,1;289424,6;381969,6;111312,7;;496107,8;175845,2;306666,1;519310,5;363204,6;149285,8;139502,8;78327,8;137333,5;104585,8;214376,6;168546,0;239504,3;148757,3;611526,4;170848,2;436760,2;189731,0;621006,4;140048,9;86269,2;182422,4;187458,4;113242,6;230784,7;185380,4;161969,0;413808,9;128305,5;254924,9;532502,4;538206,2;353956,2;396497,3;604519,1;379910,6;395795,1;468949,7;397372,8;258065,8;190373,7;198708,0;213329,8;610611,8;495832,4;506635,1;315839,4;238758,8;199246,3;210863,8;488489,6;431173,4;212080,3;504609,5;252113,2;201630,1;518851,0;632089,3;481558,5;590883,2;28746,0;253115,5;389784,6;438912,0;196258,2;178545,2;405749,7;54489,5;210154,8;222809,7;139513,9;222466,7;395554,5;212126,0;109042,1;631019,9;619941,0;;228287,1;294142,4;333761,4;230979,9;489758,6;171383,4;138673,2;284547,5;225443,8;485203,5;450793,4;461334,2;195398,4;284650,9;371456,3;484613,2;166341,9;586276,2;106881,0;437330,1;203946,9;101811,9;240479,5;524947,1;402208,8;53679,6;141518,5;159926,9;174950,1;124997,3;349655,9;208562,8;216340,1;0,0;629904,2;183933,7;173208,1;533971,5;272911,6;72246,9;486400,8;224162,2;502214,3;85553,0;163912,7;220545,1;340941,9;180958,7;252948,6;94773,7;302046,8;215879,4;341478,1;704205,0;224085,2;440222,4;278989,2;153751,0;;150155,8;274245,8;113158,9;297584,8;347167,7;279045,5;;362426,8;124033,8;206589,3;202802,4;117893,4
São Gonçalo do Gurguéia;674751,9;722866,3;706580,4;845137,2;832373,8;799255,8;848951,3;301618,1;647438,3;683958,6;429681,2;521640,7;815711,9;784689,2;643654,1;925675,1;206778,8;374415,0;704243,9;967600,4;66252,5;736070,0;989218,8;597174,8;827340,5;805949,9;385616,3;723369,6;952147,7;788076,2;163730,2;1094441,6;437275,6;926699,3;975434,3;445132,8;1096069,0;976654,9;926850,9;672429,8;1138419,6;861753,9;615211,2;577356,4;814345,3;1002800,3;888631,8;480713,1;443904,1;938380,2;588013,0;390682,7;1064964,2;760200,9;950811,8;1105976,6;1039102,2;919665,2;1059686,2;871236,1;333211,1;715541,7;637107,2;606148,4;39456,2;78503,9;262638,9;177075,6;246914,6;740660,2;769562,1;808834,5;509256,0;741060,1;;1015517,7;766756,2;356341,9;1038720,4;472266,5;476475,1;656605,9;597737,8;729087,1;623995,7;844124,1;798293,4;869251,8;778504,7;86969,0;537889,3;342413,5;709140,8;1140416,4;769796,3;716016,6;622538,6;677692,9;523781,3;667851,2;815127,9;681378,9;933218,8;501743,1;556188,1;1051912,4;1057616,0;873366,1;988344,4;196255,7;410728,4;915205,0;988359,6;659506,1;777475,7;820121,1;718117,9;456316,2;1130021,6;1015242,3;1026045,0;332375,2;868506,2;526380,9;840611,2;1007899,4;950583,3;731490,2;1024019,4;771523,1;831377,6;128620,8;232938,8;1000968,4;1110293,1;621406,7;772525,4;909194,5;958321,9;613195,0;808292,7;925159,6;684236,9;729564,7;852557,1;551947,2;445333,6;262157,8;731535,9;738789,6;85288,9;1139350,9;;663051,4;813552,2;723781,6;438373,5;1009168,5;571238,2;768420,6;914294,9;855191,3;1004613,4;970203,3;980744,1;522533,1;804060,8;636185,4;145292,8;685751,8;36661,8;504696,3;386511,6;490222,7;731559,3;810515,1;352473,8;246793,2;679450,5;771266,0;789674,3;694360,1;650027,4;440987,6;795774,1;653406,6;630012,6;0,0;703343,6;802955,6;1053381,4;848792,5;701994,4;1005810,7;522147,0;1021624,2;522995,5;793660,2;850292,6;572223,7;810706,2;772358,5;551448,2;931794,2;735289,3;467812,4;76966,5;431327,1;959632,2;763455,0;592466,0;;779903,2;479519,0;678067,6;816994,7;866577,6;486287,4;;473044,3;691899,4;653695,8;832549,9;747640,9
São Gonçalo do Piauí;434627,7;25867,6;4774,6;312903,2;300139,8;97623,8;147319,4;401552,7;68002,7;20066,7;459478,9;298677,7;119370,0;252455,2;134735,3;273169,7;684988,4;526722,4;134513,9;265968,5;683426,5;34438,1;287586,9;284759,4;295106,5;104318,0;319453,4;430862,9;250515,8;242063,5;563929,3;392809,7;459167,0;225067,4;273802,4;313135,5;394437,1;324149,5;225219,0;163511,0;436787,8;329520,0;298979,6;396321,7;282111,3;301168,4;186999,8;237607,9;294313,1;236748,3;406978,2;500736,1;363332,3;380256,5;287937,8;404344,8;337470,3;218033,3;358054,3;169604,2;381347,9;209678,8;323925,3;474151,1;739970,7;779018,2;446948,7;655285,1;508974,1;420505,5;67930,1;107202,6;481254,1;208826,1;;313885,8;112959,4;379941,9;337088,5;462489,1;283278,2;264522,6;109442,3;101454,5;115076,9;311890,1;266059,4;337017,8;246270,7;684802,2;244124,1;533555,4;19112,3;438784,4;172217,3;197797,4;306306,9;284971,9;264207,1;381198,2;282893,9;39863,3;231586,9;201581,4;378809,4;350280,4;355984,2;171734,2;286712,5;677795,0;476705,8;213573,1;286727,6;494886,2;75843,8;167615,7;16486,0;286605,7;428389,8;313610,4;324413,1;389115,2;336272,2;272522,2;308377,2;306267,6;248951,4;39186,0;322387,5;69891,2;299143,6;592126,9;705365,2;299336,5;408661,2;175397,8;102528,9;207562,6;256690,0;320142,8;153175,9;223527,7;199474,4;27932,8;320323,1;307274,2;295742,6;468830,3;133345,1;206555,6;704295,8;437719,0;;325800,6;111920,4;431274,9;304255,8;307536,6;339143,7;236186,6;249846,4;322957,3;302981,5;268571,4;279112,2;268674,2;95627,8;468969,8;557889,0;58119,2;659552,1;274641,3;510605,9;277222,7;221938,1;102082,0;598223,0;475484,7;170531,7;214668,5;257440,3;13204,1;248881,9;446451,2;87341,1;401159,2;184003,7;703180,1;0,0;208320,6;351749,5;140359,5;179668,1;304178,8;348046,7;319992,3;253313,3;201724,7;318058,6;440226,4;230038,5;63925,4;262534,0;279288,8;49781,2;440762,6;777480,9;297361,0;258000,4;376502,6;277635,5;;218769,0;347521,7;108337,6;115362,8;164945,6;352321,3;;461711,3;122169,3;304102,8;300315,9;238503,9
São João da Canabrava;248417,7;212440,2;206156,4;125158,5;112395,1;264120,6;331084,8;501286,3;274329,4;226393,4;389499,4;398411,2;109883,0;73008,8;200879,3;219846,2;784722,0;626456,1;125671,8;449733,9;783160,1;199999,6;471352,2;187690,5;108896,5;267191,0;419187,0;244652,9;434281,2;37162,5;663662,9;576575,1;386698,2;408832,8;457567,8;328755,9;578202,5;270826,0;408984,3;172113,1;620553,1;141775,3;157754,2;295382,1;94366,7;484933,8;370765,2;337341,5;328017,8;420513,7;309909,4;430756,5;547097,6;192511,8;244983,0;588110,1;521235,7;401798,6;541819,7;353369,6;481081,5;163407,7;161556,1;401682,2;839704,2;878751,9;546682,3;755018,8;608707,7;232760,8;251695,5;290967,9;408785,2;45866,9;;497651,1;128662,1;479675,6;520853,8;390020,3;309675,1;131538,7;251337,3;172085,1;225985,6;124145,4;78314,8;149273,1;60060,7;784535,9;343857,7;463575,9;199030,5;622549,8;64350,3;86701,8;155512,8;98761,9;286252,1;194988,2;96683,9;222721,9;355310,0;301315,0;281740,6;534045,8;539749,5;355499,6;320415,9;777528,6;406726,3;397338,4;470493,0;308676,2;259609,1;70398,7;211049,3;386339,3;612155,1;497375,8;508178,4;488848,8;148527,5;372255,8;122167,2;490032,9;432716,8;222951,3;383887,2;253656,5;83722,2;691860,5;550160,1;483101,9;592426,6;201755,5;286294,2;391328,0;440455,3;223073,9;102463,8;300195,8;153203,3;204220,1;134113,1;232875,3;329447,3;568563,9;319251,1;76600,5;804029,4;621484,4;;139590,5;295685,7;245064,9;403989,4;373269,5;263572,2;59590,8;166639,6;107535,9;486746,8;452336,8;462877,6;368407,8;225212,9;282759,8;657622,6;221116,9;759285,6;260282,3;610339,5;376956,3;98865,4;164398,1;697956,6;575218,3;165755,0;28241,4;60132,2;219530,8;155560,2;376471,6;179099,8;214949,2;173274,7;802913,7;208333,5;0,0;535514,8;196830,2;101599,9;487944,2;250977,9;503757,6;238954,3;15297,6;130313,9;367757,6;31682,0;193510,6;211068,6;225965,3;254739,0;368293,8;877214,5;397094,6;313960,4;188758,0;180277,8;;32342,0;363484,4;174295,7;299128,1;348711,0;452054,9;;389242,5;135457,9;117892,8;112571,2;115431,2
São João da Fronteira;762967,9;331468,8;350927,9;470786,3;493726,1;275804,1;207299,5;752564,2;419014,3;371078,3;810490,6;649689,2;447710,3;580795,5;485746,9;369212,6;1036000,0;877734,1;471174,2;190402,4;1034438,1;339186,7;137307,4;635639,2;623446,8;282722,0;670465,0;759203,1;143176,2;476737,7;914940,9;179188,0;810178,6;161176,9;103145,6;664147,1;167536,5;252229,1;183722,7;514522,6;223166,1;523106,3;672304,4;747201,5;475697,7;183046,4;179773,0;588619,5;645324,7;132511,7;757858,1;851747,7;136431,6;573842,8;270774,8;177444,1;110569,6;142999,0;99836,8;201475,5;732359,5;560558,6;674805,1;825162,7;1090982,2;1130029,9;797960,2;1006296,8;859985,7;614091,8;333961,5;266571,2;832265,7;537166,4;;39036,8;441299,6;730953,6;186809,0;813500,7;634289,9;592862,8;460453,9;446877,0;466088,5;505476,4;469011,1;494822,9;574611,0;1035813,9;595135,7;884567,1;363455,1;211883,8;500557,6;526137,7;670063,1;613312,1;615218,7;709538,4;611234,1;390874,9;205263,2;552593,0;729689,2;162819,7;205704,6;244801,7;127509,0;1028806,6;827717,4;213574,7;119646,7;823226,4;293567,5;495956,0;337712,3;637617,2;214768,1;210821,1;204965,4;740126,8;529858,5;623533,8;636717,5;215997,5;253112,0;332992,5;68842,8;313497,2;435157,8;943138,5;1056376,8;167305,9;181760,6;526409,4;298929,4;151686,9;213635,9;671022,6;481516,2;236457,4;550354,2;332681,4;533997,4;658285,8;646754,1;819841,9;339423,8;534895,8;1055307,4;210818,3;;654140,8;271289,0;620800,1;655267,4;73865,7;690155,3;564526,9;363291,6;400053,7;93740,2;110825,8;210475,0;619685,8;303426,2;797310,0;908900,6;409130,8;1010563,6;625652,9;861617,5;628234,3;550278,4;319087,7;949234,6;826496,3;521543,3;543008,7;465482,6;366415,1;606973,2;797462,8;408097,8;729499,5;535015,3;1054191,6;352736,4;536660,9;0,0;279690,9;541035,8;170905,4;698926,6;100669,7;604324,9;530064,9;458852,1;791238,0;558378,8;384682,2;613545,6;317890,4;348204,0;791774,2;1128492,5;648372,6;232150,5;570088,9;628515,4;;547109,2;698533,2;465581,0;261889,1;302475,1;703332,9;;812722,9;458829,6;632443,0;493902,2;566844,2
São João da Serra;423157,3;136897,2;138225,2;301432,8;288669,3;97197,6;108901,4;547010,6;213460,7;165524,7;539922,4;444135,6;95958,8;240984,9;213701,0;169269,6;830446,4;672180,4;164913,5;210644,8;828884,5;124456,6;252699,0;338113,5;283636,1;104115,6;464911,4;419392,5;178471,6;230593,1;709387,3;320765,5;537121,1;153023,2;201758,2;458593,5;322392,9;129538,2;169895,3;228849,8;364743,5;318049,6;332493,8;449675,8;270640,9;245844,8;114955,6;383065,8;439771,1;164704,1;460332,4;581179,5;291288,1;368786,1;70831,8;332300,6;265426,1;145989,0;286010,1;78748,9;526805,9;263032,9;336295,7;552105,2;885428,6;924476,2;592406,7;800743,1;654432,1;409035,1;216667,7;149277,4;559208,2;197355,8;;241841,6;129434,6;525399,9;302200,6;540443,3;428736,2;253052,2;254900,2;150449,2;260534,8;300419,7;254589,0;325547,3;234800,3;830260,2;389582,1;613998,9;131099,3;366740,2;160746,9;186327,0;330252,5;273501,5;409665,0;369727,8;271423,5;154790,6;159542,7;347039,4;432163,5;315392,5;321096,2;127902,8;122474,2;823252,9;557149,3;183384,6;214683,4;483415,8;176273,7;156145,3;135506,4;432063,7;356345,5;288000,6;320357,0;534573,2;324801,8;417980,1;296906,8;280657,7;269187,1;147408,4;185945,5;196203,4;287673,2;737584,9;850823,1;282697,5;336617,0;301380,7;181635,6;135518,4;248262,4;373496,9;141705,5;97606,6;252828,5;128677,1;308852,8;350514,4;441200,5;614288,3;222130,0;195085,2;849753,8;365674,8;;314330,2;121438,2;419804,5;449713,8;175327,8;382383,9;224716,2;238376,0;311486,9;230937,3;196527,2;246850,1;414132,2;98653,2;457499,4;703347,0;203577,2;805010,0;359907,5;656063,9;422680,7;210467,7;39399,6;743681,0;620942,7;222491,8;203198,1;245969,9;151599,5;267162,5;526894,6;54101,2;389688,9;272899,9;848638,1;140402,2;196850,2;279705,2;0,0;201225,1;248855,1;401400,8;247948,1;338579,5;190254,3;306588,2;518180,6;218568,1;78595,0;310693,8;117947,5;179196,0;518716,8;922938,9;442819,0;116018,7;365032,2;330989,7;;207298,6;492979,7;169153,2;144595,3;185181,3;497779,3;;539665,5;162401,9;292632,4;288845,5;227033,5
São João da Varjota;265439,9;216847,2;182807,1;143715,4;130951,9;268527,7;335491,8;400258,9;200010,6;160185,3;339269,8;297383,9;114290,1;83267,4;99852,0;224253,2;683694,7;525428,8;96487,8;454140,9;682132,8;204406,7;475759,3;137461,0;125918,7;271598,0;318159,7;261675,1;438688,2;86654,5;562635,6;580982,1;336468,6;413239,8;461974,8;278526,3;582609,6;275233,1;413391,4;71085,7;624960,2;160332,2;151681,1;249023,2;112923,5;489340,9;375172,2;236314,1;293019,3;424920,8;259679,8;380526,9;551504,8;211068,7;249390,1;592517,2;525642,8;406205,7;546226,8;357776,7;380054,2;62380,4;176626,8;351452,7;738676,9;777724,6;445654,9;653991,4;507680,4;251317,7;256102,6;295375,0;358555,7;39638,3;;502058,2;135954,7;378648,2;525260,9;339790,7;201659,8;116088,9;150310,0;97443,0;124958,3;142702,3;96871,6;167830,0;77082,9;683508,5;242830,4;413346,3;203437,6;626956,9;68374,6;21038,9;159008,5;115784,1;185224,8;212010,4;113706,1;151080,3;359717,1;200287,6;231511,0;538452,9;544156,6;359906,6;324823,0;676501,2;356496,7;401745,5;474900,1;325698,4;264016,2;118699,3;215456,4;285311,9;616562,2;501782,8;512585,5;387821,5;167084,4;271228,4;139189,4;494440,0;437123,8;227358,4;388294,3;258063,6;129955,8;590833,2;499930,5;487508,9;596833,7;100728,2;290701,3;395735,0;444862,4;172844,3;106870,9;304602,8;52175,9;208627,2;151135,3;149861,8;294448,8;467536,6;237357,1;37367,8;703002,1;625891,4;;156612,8;300092,8;262087,1;302962,0;377676,6;181731,3;66998,8;212873,1;153769,5;491153,9;456743,8;467284,6;267380,5;229620,0;299782,0;556595,3;141860,2;658258,3;159254,9;509312,2;275929,0;52750,3;168805,2;596929,2;474191,0;64727,7;69844,2;88252,5;170586,8;101583,4;326242,0;183506,8;192926,2;72247,3;701886,3;179570,3;101533,8;539921,9;201237,3;0,0;492351,2;200748,3;508164,7;137927,0;92238,4;148870,8;317528,0;109284,4;197917,7;110041,3;230372,4;259146,1;318064,2;776187,1;296067,3;318367,5;207314,8;130337,1;;78481,4;346227,9;73268,3;303535,2;353118,1;351027,6;;339013,0;84143,3;134915,0;131128,1;69316,1
São João do Arraial;710675,7;279176,5;298635,7;588951,2;576187,8;243127,8;174623,2;700272,0;366722,1;318786,0;758198,2;597397,0;395418,0;528503,2;433454,6;375708,8;983707,8;825441,8;418881,9;55613,9;982145,9;286894,4;38965,2;583347,0;571154,5;250045,8;618172,8;706910,9;101972,8;518111,5;862648,6;162086,6;757886,3;129226,9;92671,0;611854,8;139752,4;335977,5;90294,0;462230,3;216393,7;605567,9;620012,2;694909,2;558159,3;18107,2;148927,4;536327,2;593032,4;139007,9;705565,9;799455,4;98886,4;656304,5;277271,0;100797,3;128521,0;149495,3;149105,0;170629,9;680067,2;508266,4;622512,9;772870,4;1038690,0;1077737,6;745668,0;954004,5;807693,4;696553,5;261886,9;214279,0;779973,4;484874,1;;154859,9;389007,4;678661,3;49521,3;761208,4;581997,6;540570,6;408161,6;394584,7;413796,2;587938,1;542107,4;613065,8;522318,7;983521,6;542843,4;832274,8;311162,9;172178,4;448265,3;473845,4;617770,8;561019,9;562926,4;657246,2;558941,9;338582,7;211759,4;500300,7;677397,0;62713,2;42908,8;150262,5;209930,5;976514,3;775425,2;90818,4;128661,3;770934,2;241275,2;443663,7;285420,0;585325,0;211516,7;33441,4;42169,6;687834,6;612320,2;571241,5;584425,2;45577,3;85133,4;280700,2;171138,0;261204,9;575191,6;890846,2;1004084,5;3600,3;105123,9;474117,1;237522,2;158183,1;66495,3;618730,4;429223,9;242953,7;498062,0;280389,1;596371,1;605993,6;594461,9;767549,7;278016,6;482603,6;1003015,1;171112,9;;601848,6;218996,7;707322,9;602975,1;156287,2;637863,1;512234,6;444220,6;493743,0;83828,3;117322,0;56749,5;567393,6;270750,0;745017,8;856608,4;356838,5;958271,4;573360,6;809325,2;575942,1;497986,1;370546,5;896942,3;774204,1;469251,0;490716,4;533488,3;314122,8;554680,9;745170,5;355805,6;677207,2;482723,1;1001899,4;300444,2;484368,6;170967,6;248845,3;488743,5;0,0;646634,3;109378,2;552032,6;477772,7;594106,6;738945,8;506086,5;332389,9;561253,4;324386,7;282498,9;739481,9;1076200,2;596080,4;238646,8;652550,6;576223,1;;494817,0;646241,0;413288,8;195000,7;164163,4;651040,7;;760430,7;406537,4;580150,8;576363,9;514551,9
São João do Piauí;154195,4;367601,8;351315,9;279643,6;266880,2;426546,6;493510,8;220573,6;334321,4;328694,1;142709,8;365881,6;314582,7;185788,3;268360,8;424545,8;354244,6;436218,8;264996,6;612159,9;502447,5;362425,6;633778,2;76618,4;208684,3;429616,9;229857,2;202813,1;596707,1;229776,6;444028,4;739001,1;139908,6;571258,8;619993,8;79429,0;740628,5;475525,7;571410,4;239594,5;782979,1;248140,4;94654,8;56799,9;248851,7;647359,8;533191,2;324953,9;98408,6;582939,7;67456,5;183967,0;709523,6;239644,4;449682,7;750536,1;683661,7;564224,6;704245,7;515795,6;200368,9;161862,1;116550,8;154892,7;558991,6;598039,2;265969,7;474306,1;353701,5;220103,7;414121,5;453393,9;161995,7;239930,9;;660077,1;304463,5;177875,9;683279,8;143230,7;130979,6;136049,5;284620,8;265951,8;310878,8;278630,5;232799,8;303758,1;195624,7;503823,2;341980,6;216786,3;353876,3;784975,8;268667,2;214887,4;101982,1;157136,4;178285,8;147294,7;196610,0;319589,1;577778,2;299437,9;34951,0;696471,8;702175,5;517925,6;525115,6;496815,9;159936,8;559764,4;632919,0;138949,6;422035,1;318991,9;362853,4;300557,0;774581,1;659801,8;670604,4;208136,2;254892,7;370621,8;187688,1;652458,9;595142,8;385377,3;588586,9;416082,5;265883,9;411147,9;303370,5;645527,9;754852,6;252782,9;459408,5;553753,9;602881,3;92638,6;307163,5;504895,4;167166,9;366646,1;233901,0;77134,7;99838,1;287851,3;418419,0;210966,6;523316,8;783910,4;;142494,9;458111,7;203225,1;123558,3;577969,1;50681,8;220210,4;348801,3;289697,7;649172,8;614762,8;625303,6;366773,9;387638,9;115628,9;376910,0;310369,0;478573,0;105719,7;488812,8;144727,2;186774,3;369097,8;576429,9;294505,7;233236,5;232466,8;224180,7;339095,5;129470,9;129682,1;337181,0;132850,1;224302,0;522201,0;348079,1;250959,7;697940,8;401529,9;200865,1;650370,1;0,0;666183,6;126848,7;236427,1;284799,0;120968,0;252406,5;355936,6;122445,6;430665,0;380024,8;121504,3;596501,9;275567,9;518660,1;242898,6;71909,6;;222670,2;114157,6;241777,1;461554,1;511137,0;330528,2;;142453,0;252652,1;133139,4;267056,3;169875,0
São José do Divino;731161,4;299662,2;319121,4;609436,9;596673,4;243997,5;175492,9;720757,7;387207,8;339271,7;778684,0;617882,7;415903,7;548988,9;453940,3;337406,0;1004193,4;845927,5;439367,6;128175,6;1002631,6;307380,1;75827,0;603832,7;591640,2;250915,5;638658,4;727396,6;95990,8;538597,1;883134,3;100182,5;778372,0;129370,3;50551,5;632340,5;101809,9;297674,7;121495,9;482716,0;144160,5;626053,7;640497,9;715394,9;578645,0;121566,0;147966,5;556812,9;613518,1;100705,1;726051,6;819941,1;46301,1;676790,2;238968,2;111717,6;44843,1;111192,5;65427,1;169669,0;700552,9;528752,1;642998,6;793356,1;1059175,8;1098223,2;766153,7;974490,2;828179,1;717039,2;302154,9;234764,7;800459,1;505359,8;;102633,5;409493,1;699147,0;66055,3;781694,1;602483,3;561056,2;428647,3;415070,4;434281,9;608423,8;562593,1;633551,4;542804,4;1004007,3;563329,1;852760,5;331648,6;146157,2;468751,0;494331,1;638256,6;581505,6;583412,1;677731,9;579427,6;359068,3;173456,6;520786,4;697882,7;63812,7;144224,2;181464,4;171627,7;997000,0;795910,9;151347,9;87840,2;791419,9;261761,0;464149,4;305905,7;605810,7;135762,5;149340,7;143485,0;708320,3;632805,9;591727,2;604910,9;154517,0;190885,2;301185,9;132835,2;281690,6;595677,2;911331,9;1024570,2;105825,5;116034,0;494602,8;267122,8;119880,3;151409,1;639216,1;449709,6;204650,9;518547,7;300874,8;616856,8;626479,2;614947,6;788035,4;307617,2;503089,3;1023500,9;145091,8;;622334,2;239482,4;727808,6;623460,8;117984,4;658348,8;532720,3;405917,8;455440,2;32259,8;79019,2;148994,5;587879,3;271619,7;765503,5;877094,1;377324,2;978757,1;593846,3;829810,9;596427,8;518471,8;287281,1;917428,0;794689,8;489736,7;511202,2;553974,0;334608,5;575166,6;765656,2;376291,3;697692,9;503208,8;1022385,1;320929,9;504854,3;100680,9;247884,3;509229,2;109425,0;667120,0;0,0;572518,4;498258,3;614592,3;759431,4;526572,2;352875,7;581739,1;286083,9;316397,4;759967,7;1096685,9;616566,1;200344,0;673036,3;596708,8;;515302,7;666726,7;433774,5;230082,5;212412,8;671526,4;;780916,4;427023,1;600636,4;596849,6;535037,6
São José do Peixe;285737,5;272896,2;256610,2;281098,3;268334,9;349285,6;398981,2;221388,1;197468,2;233988,4;246848,8;294841,5;251673,0;220650,4;128267,4;361636,2;504823,8;522886,3;202087,0;517630,2;503261,9;286099,8;539248,6;119987,3;263301,7;355979,8;230671,6;281972,7;502177,5;224037,4;444842,8;644471,4;246536,8;476729,1;525464,1;100505,3;646098,9;412616,1;476880,8;124742,8;688449,5;297715,1;134207,4;198541,7;250306,5;552830,2;438661,6;233771,7;81682,9;488410,1;209198,3;288105,9;614994,1;348451,7;386773,0;656006,5;589132,1;469695,0;609716,1;421266,0;201183,3;98952,5;159153,1;261520,9;559806,1;598853,7;266784,1;475120,5;354515,9;299263,3;319591,9;358864,3;268623,9;177021,3;;565547,5;241553,8;178690,3;588750,2;249858,9;63733,2;117477,1;147767,6;203042,2;174025,5;280085,2;234254,6;305212,9;214465,9;504637,7;240288,0;320925,2;259170,7;690446,2;205757,5;151977,8;141534,8;196689,1;58884,7;189897,1;251089,0;231408,7;483248,6;197745,2;181029,5;601942,2;607645,9;423396,0;462205,9;497630,4;264075,7;465234,8;538389,4;280691,4;327505,5;256082,3;268147,7;282769,5;680051,5;565272,2;576074,8;208950,6;304467,4;268686,0;276572,4;557929,3;500613,1;281520,1;574049,2;321552,9;267338,7;411962,3;525200,6;550998,2;660323,0;98185,8;322555,2;459224,3;508351,7;155370,6;244253,8;475189,4;104257,3;279594,5;288518,3;73193,2;83112,4;288665,8;281565,8;169191,0;524131,2;689380,8;;182047,6;363582,1;282384,7;114083,2;559198,4;105062,7;204381,8;350256,1;291152,5;554643,2;520233,2;530773,9;264838,1;354090,7;257370,7;377724,4;235781,7;479387,4;21328,3;506769,8;87050,1;144998,7;306188,2;594386,9;295320,1;170326,9;207227,1;225635,5;244389,9;102971,6;233821,0;345804,0;175452,5;85618,4;523015,5;253373,4;238916,7;603411,2;338620,2;137955,5;555840,6;126800,6;571654,0;0,0;229621,3;286253,8;227596,2;246667,3;322388,3;28453,1;367755,3;285319,1;228132,4;597316,3;293524,9;509662,1;344697,8;112863,4;;215864,4;134891,5;178867,5;367024,5;416607,4;348485,2;;249081,2;189742,4;172692,0;268511,0;128099,4
São José do Piauí;233885,1;205844,2;199560,4;110625,9;97862,5;257524,6;324488,8;491910,8;267733,4;219797,4;374966,8;389035,7;103287,0;58476,2;191503,8;213250,2;775346,5;617080,6;119075,8;443137,9;773784,6;193403,6;464756,2;173158,0;94363,9;260595,0;409811,5;230120,3;427685,2;41103,8;654287,4;569979,1;372165,6;402236,8;450971,8;314223,3;571606,5;264230,1;402388,4;162737,5;613957,1;127242,7;143221,6;280849,5;79834,1;478337,8;364169,2;327966,0;313485,2;413917,7;295376,8;416223,9;540501,7;177979,2;238387,0;581514,1;514639,7;395202,6;535223,7;346773,6;471706,0;154032,2;147023,5;387149,7;830328,8;869376,4;537306,8;745643,2;599332,2;218228,3;245099,5;284372,0;394252,7;31334,3;;491055,2;122066,1;470300,0;514257,8;375487,7;295142,5;117006,1;241961,8;165489,1;216610,1;109612,8;63782,2;134740,5;45528,1;775160,3;334482,2;449043,3;192434,5;615953,8;57754,3;80105,8;140980,2;84229,3;276876,6;180455,6;82151,3;216125,9;348714,0;291939,5;267208,0;527449,8;533153,5;348903,6;313819,9;768153,1;392193,7;390742,4;463897,0;294143,6;253013,1;68447,6;204453,3;376963,8;605559,1;490779,8;501582,4;479473,3;133995,0;362880,2;107634,6;483436,9;426120,8;216355,3;377291,2;247060,5;85637,8;682485,0;535627,4;476505,9;585830,6;192380,0;279698,2;384732,0;433859,3;208541,3;95867,8;293599,8;143827,8;197624,1;119580,5;218342,7;314914,7;559188,4;312655,2;62067,9;794653,9;614888,4;;125058,0;289089,7;230532,3;394613,8;366673,5;249039,6;45058,2;168555,2;109451,6;480150,8;445740,8;456281,6;359032,3;218616,9;268227,2;648247,1;214520,9;749910,1;250906,8;600964,0;367580,8;84332,8;157802,1;688581,1;565842,8;156379,5;13708,8;55163,1;212934,8;141027,6;361939,0;172503,8;200416,7;163899,1;793538,2;201737,5;15297,6;528918,9;190234,2;92224,4;481348,2;236445,3;497161,7;229578,8;0,0;115781,3;353225,0;30358,0;186914,6;201693,1;219369,3;248143,0;353761,2;867839,0;387719,1;307364,4;174225,4;165745,2;;17809,4;348951,8;164920,2;292532,2;342115,0;442679,4;;374709,9;128861,9;103360,2;98038,6;100898,6
São Julião;226952,3;322156,5;315872,7;9257,8;20686,4;373837,0;440801,1;548554,3;348305,9;308480,6;423500,8;445679,3;219599,4;114441,1;248147,4;213658,0;831990,1;673724,1;235388,1;559450,2;830428,1;309715,9;581068,6;221692,0;67600,3;376907,3;466455,1;223187,4;543997,5;101665,2;710930,9;578075,6;420699,6;518549,1;567284,1;362757,3;687918,8;311819,9;518700,7;219381,1;622053,6;66786,3;191755,6;273916,7;42561,9;594650,1;480481,5;384609,5;362019,3;530230,0;323096,5;464758,0;656814,0;117522,8;354699,3;697826,5;630952,0;511515,0;549839,6;463085,9;528349,6;210675,7;208006,4;435683,7;886972,3;926019,9;593950,3;802286,8;655975,8;157771,8;361411,8;400684,3;442786,7;120010,9;;607367,5;238378,5;526943,6;630570,2;424021,7;343676,5;165540,1;298605,3;245738,4;273253,6;49156,4;59925,8;51421,6;94062,2;831803,9;391125,7;497577,3;308746,9;732266,1;173683,8;163491,4;189514,3;132763,3;333520,2;173522,8;89475,8;299375,7;465026,4;348583,0;315742,0;643762,1;649465,9;465215,9;430132,3;824796,6;440727,8;507054,8;580209,4;287210,8;369325,5;177255,4;320765,7;433607,3;613655,6;607092,1;617894,8;536116,9;73538,5;419523,8;100104,2;599749,2;542433,1;332667,7;391721,6;363372,9;56287,5;739128,6;584161,5;592818,2;702143,0;249023,5;396010,6;501044,3;550171,7;257075,3;212180,2;409912,1;200471,3;313936,4;77677,4;266876,7;363448,8;615832,0;385652,5;118711,4;851297,4;731200,8;;145359,1;405402,1;164480,1;451257,4;396536,9;297573,6;101023,1;117915,2;58811,6;596463,2;562053,1;572593,9;415675,9;334929,3;261294,4;704890,6;290155,5;806553,7;307550,3;657607,6;424224,3;140976,3;274114,5;745224,6;622486,3;213023,1;113279,6;72296,8;329247,1;197671,1;410473,1;288816,1;193483,8;220542,7;850181,7;318049,8;130261,9;459390,8;306546,6;148867,9;597660,5;284979,3;613474,0;286222,3;115729,3;0,0;401759,0;124295,0;303226,9;258336,6;335681,7;364455,4;402295,2;924482,5;444362,7;423676,8;113768,9;214279,2;;101972,4;397485,9;221563,7;408844,5;458427,3;499323,0;;423244,0;232438,6;151894,2;42172,2;157542,1
São Lourenço do Piauí;270929,4;459777,1;443491,2;396377,5;383614,1;536166,6;585862,1;270601,3;384349,1;420869,3;60393,4;415909,3;431316,6;302522,3;380564,9;541279,8;218982,6;486246,6;381730,6;704511,2;552475,2;472980,8;726129,6;193352,3;325418,3;542860,8;279884,9;319547,1;689058,5;346510,6;494056,1;831352,4;42577,8;663610,1;712345,1;142573,6;832979,8;592259,7;663761,7;356328,5;875330,4;364874,4;211388,7;173533,9;365585,7;739711,1;625542,6;374981,7;148436,3;675291,0;184190,5;95920,0;801875,0;356378,4;566416,6;842887,5;776013,0;656575,9;796597,0;608146,9;250396,6;278596,1;233284,8;68355,8;406184,3;413940,3;315997,4;293492,3;403729,2;336837,7;506472,8;545745,3;61866,6;356664,9;;752428,5;421197,4;227903,6;775631,2;26412,1;181007,3;252783,5;334648,5;382685,8;360906,5;395364,4;349533,8;420492,1;312358,7;553850,9;392008,3;128739,4;446051,6;877327,1;385401,1;331621,4;218716,1;273870,4;228313,5;264028,7;313344,0;418289,7;670129,6;349465,6;117975,0;788823,1;794526,9;610276,9;641849,6;257340,8;71889,8;652115,8;725270,3;207133,2;514386,5;435725,9;455028,7;350584,8;866932,4;752153,1;762955,8;258163,9;371626,6;420649,5;304422,1;744810,2;687494,1;468401,0;760930,2;508433,9;382617,9;461175,6;215323,5;737879,2;847203,9;358317,5;509436,2;646105,3;695232,6;209372,5;423897,4;662070,4;283900,9;466475,5;350634,9;193868,7;149865,8;337879,0;468446,8;327700,6;350423,0;876261,7;;259228,9;550463,1;319959,1;173586,0;746079,3;167415,8;336944,3;465535,3;406431,7;741524,2;707114,1;717654,9;416801,6;540971,6;232362,9;426937,7;422662,6;363539,3;209228,5;538840,6;194754,9;303508,2;485831,8;626457,6;235800,8;349970,5;349200,8;340914,7;431270,8;246204,9;60520,6;453915,0;249584,1;341036,0;572228,8;440254,4;367693,7;790292,2;518263,8;317599,1;742721,5;120986,6;758535,0;227527,8;353161,1;401533,0;0,0;369140,5;509269,3;239179,5;547398,9;472200,1;12994,5;384261,6;325595,6;696543,1;359632,5;188643,5;;339404,1;114402,4;358511,1;553905,5;603488,3;380555,9;;25634,4;369386,0;249873,3;383790,2;286609,0
São Luis do Piauí;249848,1;234158,0;227874,3;93873,2;106414,8;285838,5;352802,7;508940,3;308692,0;248111,3;390929,8;406065,3;131600,9;75505,8;208533,4;173985,9;792376,1;634110,1;147389,7;471451,8;790814,2;221717,5;493070,1;189121,0;110326,9;288908,8;426841,1;246083,3;455999,1;29033,8;671317,0;598292,9;388128,6;430550,6;479285,7;330186,3;599920,4;224965,7;430702,2;179767,1;642271,0;135795,0;159184,6;296812,6;88386,4;506651,7;392483,1;344995,6;329448,3;442231,6;311339,8;432187,0;568815,6;186531,5;199122,7;609828,0;542953,6;423516,5;563537,6;375087,5;488735,6;171061,8;162986,5;403112,7;847358,3;886405,9;554336,4;762672,8;616361,8;226780,5;273413,4;312685,8;410215,7;80397,0;;519369,0;150380,0;487329,6;542571,8;391450,7;311105,5;132969,1;258991,4;206124,4;233639,7;118165,1;72334,5;143292,8;61491,2;792189,9;351511,8;465006,3;220748,4;644267,7;86068,2;123877,5;156943,3;100192,3;293906,2;196418,6;98114,3;259761,7;309449,7;308969,1;283171,0;555763,7;561467,4;377217,5;274555,6;785182,7;408156,8;419056,3;492210,9;310106,6;281327,0;66115,4;232767,2;393993,4;633873,0;519093,7;529896,3;496502,9;142547,2;379909,8;123597,6;511750,8;454434,6;244669,2;338026,9;275374,4;75593,5;699514,6;551590,5;504819,8;614144,5;209409,6;308012,1;413045,9;462173,2;224504,3;124181,7;254335,5;160857,4;225938,0;146686,1;234305,7;330877,8;576218,1;346038,5;79097,5;811683,5;643202,2;;141021,0;317403,6;233488,9;411643,4;327409,2;265002,6;62087,8;158510,9;99407,3;508464,8;474054,7;484595,5;376061,9;246930,8;284190,2;665276,7;250541,6;766939,8;267936,4;617993,6;384610,4;101362,4;186116,0;705610,7;582872,4;173409,1;44014,5;52003,5;241248,6;158057,2;377902,1;200817,7;216379,7;180928,7;810567,8;230051,3;31682,0;557232,8;218548,1;109254,0;509662,1;252408,3;525475,5;246608,4;30350,9;124333,6;369188,0;0,0;215228,5;218722,7;180105,0;276456,9;369724,2;884868,6;404748,7;268100,1;182777,7;181708,2;;49960,4;364914,9;181949,8;320846,0;370428,9;459709,0;;390673,0;192824,7;119323,2;106590,9;117928,2
São Miguel da Baixa Grande;419838,0;60434,1;61762,1;298113,4;285350,0;72741,9;179078,7;470547,6;136997,6;89061,6;528473,8;367672,5;104580,3;237665,5;166998,8;258379,9;753983,3;595717,3;128044,2;297727,8;752421,4;47993,5;319346,2;292509,2;280316,8;75812,3;388448,3;416073,1;282275,1;227273,7;632924,2;424569,0;528161,8;256826,7;305561,7;382130,4;426196,4;309359,8;256978,3;182147,6;468547,1;314730,2;329174,4;404071,5;267321,6;332927,7;218759,1;306602,8;363308,0;268507,6;414728,1;569730,9;395091,6;365466,8;149394,9;436104,1;369229,6;249792,6;389813,6;201363,5;450342,8;217428,7;331675,1;543145,9;808965,6;848013,1;515943,6;724280,0;577969,0;405715,8;99689,4;138961,9;550248,9;194036,4;;345645,1;98169,6;448936,8;368847,8;531484,0;352273,1;249732,8;178437,2;103747,0;184071,8;297100,3;251269,7;322228,0;231481,0;753797,1;313119,0;602550,3;54636,2;470543,7;157427,6;183007,7;326933,1;270182,1;333201,9;366408,4;268104,1;78327,5;263346,2;270576,2;386559,2;382039,7;387743,4;203493,5;201037,3;746789,9;545700,8;245332,4;318486,9;480096,5;107603,1;152826,0;59043,3;355600,6;460149,1;345369,7;356172,4;458110,1;321482,5;341517,0;293587,5;338026,8;280710,7;70945,3;354146,8;101650,5;284353,8;661121,8;774360,1;331095,8;440420,6;244392,6;134288,2;239321,9;288449,2;327892,6;138386,2;147308,6;207224,2;52214,0;305533,4;304910,1;364737,4;537825,2;167245,1;191765,8;773290,7;469478,3;;311010,8;143679,6;416485,1;373250,7;339295,9;336779,6;221396,9;235056,7;308167,6;334740,8;300330,7;310871,5;337669,1;33834,2;454180,0;626883,9;127114,1;728546,9;343636,2;579600,8;346217,6;207148,4;40288,5;667217,9;544479,6;175789,6;199878,7;242650,6;75136,4;263843,2;515446,0;25547,6;386369,5;252998,6;772174,9;63939,1;193530,9;383508,8;78565,9;197905,8;335938,1;355796,6;351751,6;322308,2;186934,9;303268,8;509221,3;215248,8;0,0;265089,6;264499,1;102732,9;509757,5;846475,8;366355,9;289759,7;361712,9;285385,4;;203979,3;416516,6;122451,0;147122,1;196704,9;421316,2;;530706,2;115699,6;289313,0;285526,1;223714,2
São Miguel do Fidalgo;257840,8;281928,8;265642,8;253201,6;240438,2;335740,2;408013,8;249829,8;206500,8;243021,0;260891,6;303874,2;223776,3;192753,7;137300,0;333739,5;533265,5;531918,9;174190,3;526662,9;531703,6;295132,5;548281,2;92090,6;235404,9;338810,6;324649,9;254076,0;511210,2;196140,7;473284,5;653504,1;258090,4;485761,8;534496,8;128947,0;655131,5;384719,3;485913,4;148788,2;697482,1;269818,4;106310,7;170645,0;222409,8;561862,8;447694,2;242804,4;110124,6;497442,7;181301,6;302148,7;624026,7;320555,0;358876,3;665039,1;598164,7;478727,7;618748,7;430298,6;229625,0;71055,8;131256,4;273074,5;588247,8;627295,4;295225,8;503562,2;382957,7;271366,6;328624,5;367897,0;280177,5;149124,6;;574580,2;213657,1;207132,1;597782,9;261412,5;92174,9;89580,4;156800,2;175145,5;183058,2;252188,5;206357,9;277316,2;186569,2;533079,4;249320,6;334968,1;268203,3;699478,8;177860,8;124081,1;113638,1;168792,4;76565,2;162000,4;223192,3;240441,3;492281,3;206777,9;153132,8;610974,8;616678,5;432428,6;434309,2;526072,1;278118,5;474267,5;547422,0;252794,7;336538,2;228185,6;277180,3;291802,2;689084,1;574304,8;585107,4;237392,4;276570,7;277718,7;248675,7;566961,9;509645,8;290552,7;583081,9;330585,6;239442,0;440404,0;421552,2;560030,9;669355,6;107218,4;331587,9;468257,0;517384,3;127473,9;216357,1;414089,1;76360,6;288627,2;260621,6;45296,6;111554,1;317107,5;290598,4;141294,3;552572,9;698413,4;;154150,9;372614,7;254488,0;142524,9;568231,0;77166,0;176485,1;322359,4;263255,8;563675,9;529265,8;539806,6;273870,8;296832,6;229474,0;406166,1;244814,3;507829,2;49770,0;515802,4;115491,9;117102,0;278291,4;603419,5;323761,8;142430,2;179330,4;197738,8;253422,5;75074,9;247863,8;246374,7;147555,8;94651,0;551457,2;262406,1;211020,0;612443,9;310723,5;110058,8;564873,2;122370,1;580686,7;28442,1;201724,6;258357,0;239149,8;218770,6;265130,2;0,0;339858,7;294351,8;239686,0;625758,0;302557,5;427853,7;316801,1;84966,7;;187967,7;163333,2;150970,8;376057,2;425640,0;357517,8;;260634,7;161845,7;144795,3;240614,3;100202,7
São Miguel do Tapuio;452280,5;283154,5;276870,7;330556,0;317792,6;173898,3;190626,0;630034,8;345043,8;297107,7;569045,6;527159,7;180597,4;270108,1;259656,0;79623,7;913470,4;755204,5;197194,8;258067,2;911908,6;270713,9;290847,8;367236,8;312759,3;180816,3;547935,5;448515,7;216620,4;259716,3;792411,4;358914,3;566244,4;191172,0;239907,0;508302,1;360541,7;73163,2;217317,7;300861,5;402892,3;347172,8;361617,0;478799,0;299764,2;293267,2;147526,6;466089,9;522795,2;202852,9;489455,6;610302,8;329436,8;397909,3;47320,2;370449,3;303574,9;184137,8;324158,9;184802,0;609830,0;292156,2;365418,9;581228,5;968452,7;1007500,3;675430,8;883767,2;737456,1;438158,3;317288,0;249897,8;588331,4;226479,0;;279990,3;200185,1;608424,0;340349,3;569566,5;431435,6;282175,4;380085,8;242799,5;280312,7;329542,9;283712,3;354670,6;263923,6;913284,3;472606,2;643122,1;269744,9;404889,0;189870,1;215450,2;359375,7;302624,7;415000,6;398851,0;300546,7;293436,2;157647,2;430063,4;461286,8;353541,3;359245,0;228128,2;122753,1;906277,0;586272,5;230807,0;204810,2;512539,0;276894,0;147360,5;281763,7;515087,7;394494,3;364361,5;358505,8;617597,3;353925,0;501004,2;326030,1;328080,1;320776,8;293665,7;186224,5;296823,7;247162,0;820608,9;729706,2;320846,3;374765,8;330503,9;282255,9;173667,2;281300,7;402620,1;173986,8;102533,0;281951,7;274934,4;337976,0;379637,6;524224,6;697312,4;322750,3;224208,4;932777,9;403823,6;;343453,4;254615,5;448927,7;532737,8;175606,7;411507,1;253839,5;148135,5;212057,8;269086,1;234676,0;294272,5;497156,3;295927,3;486622,6;786371,1;291831,3;888034,1;389030,8;739088,0;505704,8;239591,0;235112,5;826705,1;703966,8;294503,5;232321,3;275093,2;290245,1;296285,8;556017,8;249814,1;418812,1;302023,1;931662,1;279047,8;225973,5;317854,1;117933,0;230348,4;324445,8;430524,1;286096,8;367702,8;219377,5;335711,4;547303,8;180083,8;264224,9;339817,1;0,0;325453,4;547840,0;1005962,9;525843,1;116297,6;394155,5;360112,9;;236421,8;576003,8;226189,3;245215,6;285801,6;580803,4;;568788,8;206980,9;321755,6;317968,7;256156,8
São Pedro do Piauí;481141,5;39721,3;49047,2;359417,0;346653,6;151310,0;142712,5;433484,1;99934,1;51998,1;491410,3;330609,1;165883,9;298969,1;166666,7;319683,5;716919,8;558653,9;189347,8;245148,6;715357,9;57360,2;266767,0;316690,8;341620,3;158004,2;351384,8;477376,7;245908,9;288577,3;595860,8;388202,8;491098,4;220460,5;269195,5;345066,9;389830,2;342037,3;204399,1;195442,4;432180,8;376033,8;330911,0;428253,1;328625,2;280348,6;182392,9;269539,3;326244,5;232141,4;438909,7;532667,5;358725,4;426770,3;283330,9;399737,9;332863,4;213426,4;353447,4;164997,3;413279,3;241610,2;355856,7;506082,5;771902,1;810949,7;478880,1;687216,6;540905,5;467019,3;23218,3;102595,7;513185,5;255340,0;;309278,9;159473,2;411873,4;316268,6;494420,5;315209,7;311036,4;141373,7;133385,9;147008,3;358403,9;312573,3;383531,6;292784,6;716733,7;276055,5;565486,9;63227,1;434177,5;218731,1;244311,2;388236,7;331485,7;296138,5;427712,0;329407,7;71794,7;226980,0;233512,8;410740,8;329460,5;335164,2;150914,3;282105,6;709726,4;508637,3;192753,2;282120,7;541400,1;71236,9;214129,5;43600,4;318537,1;423782,9;295719,4;306522,1;421046,7;382786,1;304453,6;354891,1;288376,5;231060,4;36855,1;317780,6;34840,6;345657,4;624058,3;737296,6;278516,6;404054,4;207329,2;54476,8;202955,7;238798,9;352074,2;199689,8;218920,8;231405,8;50855,0;366837,0;339205,6;327674,0;500761,8;33397,7;253069,4;736227,2;433112,1;;372314,4;107313,4;477788,7;336187,2;302929,7;371075,1;282700,5;296360,2;369471,1;298374,6;263964,5;261221,2;300605,7;134558,1;515483,6;589820,4;90050,6;691483,4;306572,7;542537,3;309154,2;268451,9;141012,4;630154,4;507416,1;202463,1;261182,3;303954,2;47334,9;325146,8;478382,6;126271,4;447673,1;215935,1;735111,5;49801,6;254834,5;347142,6;179289,8;259209,4;283358,9;379978,1;315385,4;285244,7;248238,5;364572,4;472157,8;276552,4;102855,8;294465,4;325802,6;0,0;472694,0;809412,3;329292,4;253393,5;423016,5;309566,9;;265282,8;379453,1;140269,0;96184,4;147054,6;384252,8;;493642,8;177003,2;350616,6;346829,7;285017,8
São Raimundo Nonato;271465,6;460313,3;444027,4;396913,8;384150,3;536702,8;586398,3;271137,6;384885,4;421405,6;45574,4;416445,5;431852,9;303058,5;381101,1;541816,1;201846,2;486782,8;382266,8;705047,4;553011,4;473517,0;726665,8;193888,6;325954,5;543396,9;280421,1;320083,3;689594,8;347046,8;494592,3;831888,6;27758,8;664146,3;712881,3;143109,8;833516,1;592795,9;664297,9;356864,7;875866,7;365410,6;211925,0;174070,1;366121,9;740247,4;626078,8;375517,9;148972,6;675827,2;184726,7;81101,0;802411,2;356914,6;566952,8;843423,7;776549,2;657112,2;797133,2;608683,1;250932,8;279132,3;233821,0;80078,7;391365,3;399121,3;316533,6;228864,2;404265,5;337373,9;507009,1;546281,5;56336,6;357201,1;;752964,7;421733,7;228439,8;776167,4;20882,1;181543,5;253319,7;335184,8;383222,0;361442,7;395900,7;350070,0;421028,3;312894,9;554387,2;392544,6;113920,4;446587,9;877863,4;385937,3;332157,6;219252,3;274406,6;228849,7;264564,9;313880,2;418825,9;670665,8;350001,8;118511,2;789359,4;795063,1;610813,1;642385,8;240204,4;57070,8;652652,0;725806,6;218856,1;514922,7;436262,1;455564,9;351121,0;867468,7;752689,4;763492,0;258700,2;372162,8;421185,8;304958,3;745346,5;688030,3;468937,2;761466,4;508970,1;383154,1;461711,8;167507,5;738415,4;847740,2;358853,7;509972,4;646641,6;695768,9;209908,8;424433,7;662606,6;284437,1;467011,7;351171,2;194404,9;150402,0;338415,2;468983,0;328236,8;335604,0;876797,9;;259765,1;550999,2;320495,3;174122,2;746615,5;167952,0;337480,6;466071,5;406967,9;742060,4;707650,4;718191,1;417337,8;541507,8;232899,1;427473,9;423198,8;348720,3;209764,7;539376,8;195291,1;304044,5;486368,0;626993,8;220981,8;350506,7;349737,0;341450,9;431807,1;246741,1;34469,9;454451,2;250120,3;341572,2;572765,0;440790,6;368229,9;790828,4;518800,1;318135,3;743257,8;121522,8;759071,2;228064,0;353697,3;402069,2;12994,5;369676,7;509805,5;239715,8;547935,2;472736,3;0,0;369442,6;326131,9;697079,3;360168,8;189179,8;;339940,3;114938,6;359047,3;554441,7;604024,6;381092,2;;20104,3;369922,2;250409,5;384326,5;287145,2
Sebastião Barros;749018,1;797132,5;780846,6;919403,4;906639,9;873521,9;923217,5;375884,3;721704,6;758224,8;331224,6;595906,9;889978,1;858955,4;717920,3;999941,2;155868,9;448681,2;778510,1;1041866,6;140518,7;810336,2;1063485,0;671441,0;901606,7;880216,1;459882,5;797635,8;1026413,9;862342,4;237996,4;1168707,8;338819,1;1000965,5;1049700,5;519399,0;1170335,2;1050921,1;1001117,1;746696,0;1212685,9;936020,1;689477,4;651622,6;888611,5;1077066,5;962897,9;554979,3;518170,3;1012646,4;662279,2;292226,1;1139230,4;834467,1;1025078,1;1180242,9;1113368,4;993931,4;1133952,4;945502,3;407477,3;789807,9;711373,4;440080,1;47987,2;29115,3;336905,1;126165,6;321180,8;814926,4;843828,2;883100,7;410799,5;815326,3;;1089783,9;841022,4;430608,1;1112986,6;373810,0;550741,3;730872,1;672003,9;803353,2;698261,9;918390,2;872559,6;943517,9;852770,9;161235,2;612155,5;266747,6;783407,1;1214682,5;844062,5;790282,8;696804,8;751959,1;598047,4;742117,4;889394,1;755645,1;1007485,0;576009,3;630454,2;1126178,5;1131882,2;947632,3;1062610,5;145345,7;312271,8;989471,2;1062625,8;733772,2;851741,9;894387,3;792384,1;530582,4;1204287,9;1089508,5;1100311,1;406641,3;942772,4;600647,1;914877,4;1082165,6;1024849,5;805756,4;1098285,6;845789,2;905643,8;202886,9;182028,8;1075234,6;1184559,4;695672,9;846791,6;983460,7;1032588,1;687461,2;882558,9;999425,8;758503,1;803830,9;926823,3;626213,4;519599,8;336424,0;805802,1;813055,8;34379,0;1213617,1;;737317,6;887818,4;798047,8;512639,7;1083434,8;645504,4;842686,8;988561,1;929457,5;1078879,6;1044469,5;1055010,2;596799,2;878327,0;710451,6;219559,0;760018,0;91767,7;578962,5;460777,8;564488,9;805825,5;884781,2;426740,0;321059,3;753716,7;845532,2;863940,5;768626,2;724293,6;342531,0;870040,3;727672,8;704278,8;76931,9;777609,8;877221,8;1127647,6;923058,7;776260,6;1080076,9;596413,2;1095890,4;597261,8;867926,4;924558,8;384174,9;884972,4;846624,7;625714,4;1006060,4;809555,5;369355,9;0,0;505593,3;1033898,4;837721,2;666732,2;;854169,4;553785,2;752333,8;891260,9;940843,8;560553,6;;374587,8;766165,6;727962,0;906816,1;821907,1
Sebastião Leal;427976,9;316947,4;300661,5;439218,2;426454,8;393336,8;443032,4;129547,6;241519,4;278039,7;344701,3;93048,6;409793,0;378770,3;237735,2;519756,1;412983,3;232096,4;298325,0;561681,5;411421,4;330151,1;583299,9;350399,9;421421,6;400031,0;47448,3;557177,9;546228,8;382157,4;269303,2;688522,7;344389,3;520780,4;569515,4;198357,8;690150,1;570736,0;520932,0;266510,9;732500,8;455835,0;368436,2;330581,4;408426,4;596881,4;482712,8;74794,2;197129,2;532461,3;341238,0;385958,4;659045,3;506571,6;544892,9;700057,8;633183,3;513746,2;653767,3;465317,2;109342,8;309622,8;390332,2;359373,4;467965,6;507013,2;174943,6;383280,1;214348,0;546820,6;363643,1;402915,6;366476,4;335141,2;;609598,8;360837,3;107936,9;632801,5;347711,4;229700,1;363331,3;191818,8;323168,2;218076,8;438205,2;392374,5;463332,8;372585,8;412797,2;131970,4;299100,0;303221,9;734497,4;363877,4;310097,7;375763,6;411287,0;268753,5;421076,2;409208,9;275459,9;527299,9;95824,2;309413,1;645993,4;651697,1;467447,2;582425,4;405789,9;361928,2;509286,1;582440,6;412731,1;371556,8;414202,2;312199,0;25388,7;724102,8;609323,4;620126,1;117110,2;462587,3;120462,0;434692,3;601980,6;544664,4;325571,3;618100,5;365604,2;425458,6;320121,8;433360,1;595049,5;704374,2;215487,8;366606,5;503275,6;552402,9;366420,1;402373,8;519240,7;278318,0;323645,8;446638,2;305172,2;198558,6;196825,3;325617,0;332870,7;432290,8;733432,0;;452115,6;407633,3;557589,9;191598,5;603249,6;324463,3;362501,7;508376,0;449272,4;598694,5;564284,4;574825,2;116614,1;398141,9;389410,4;285883,9;279832,9;387547,0;257921,3;215979,9;243447,7;325640,4;404596,2;303596,9;203479,6;273531,6;365347,1;383755,4;288441,1;348825,8;331673,5;389855,2;406631,6;224093,7;431175,0;297424,7;397036,7;647462,5;442873,6;296075,4;599891,8;275372,1;615705,2;293403,3;387741,3;444373,7;325448,7;404787,2;366439,6;302624,0;525875,2;329370,4;325985,0;505475,8;0,0;553713,4;502817,7;345691,1;;373984,3;232744,0;272148,7;411075,8;460658,6;57695,3;;346933,7;285980,4;430417,8;426631,0;341721,9
Sigefredo Pacheco;540276,4;237725,5;257184,7;418551,9;405788,5;182060,8;113556,2;658821,1;325271,1;277335,0;716747,3;555946,0;268593,3;358104,0;392003,7;167619,6;942256,8;783990,8;285190,7;180997,5;940694,9;245443,4;205133,5;455232,7;400755,2;188978,8;576721,8;536511,6;130906,1;347712,2;821197,7;273200,0;716435,3;105457,7;154192,7;570403,9;274827,4;127888,3;140248,0;420779,3;317178,0;435168,8;449613,0;566794,9;387760,1;216197,4;70456,8;494876,2;551581,4;63496,7;577451,6;758004,4;243722,6;485905,3;69181,8;284735,1;217860,6;98423,6;238444,6;107732,3;638616,2;380152,1;453414,9;731419,4;997239,0;1036286,6;704217,1;912553,5;766242,4;526154,3;240218,2;172828,0;738522,4;314474,9;;122498,8;347556,4;637210,3;254635,1;719757,5;540546,6;370171,3;366710,6;353133,8;372345,2;417538,8;371708,2;442666,5;351919,5;942070,6;501392,5;790823,8;269711,9;319174,7;277866,1;303446,2;447371,6;390620,7;521475,4;486846,9;388542,7;297131,7;36518,9;458849,8;549282,7;267827,0;273530,7;151058,5;30087,8;935063,3;733974,2;153737,2;112144,9;600535,0;199824,3;235356,5;243969,0;543874,1;308780,0;278647,2;272791,5;646383,6;441921,0;529790,5;414026,0;251010,3;243707,1;239249,2;93559,1;219754,0;335157,9;849395,2;962633,6;235132,0;289051,5;432666,1;205186,2;87952,9;204231,0;490616,1;261982,8;78206,1;369947,7;238938,1;425971,9;467633,6;553010,9;726098,7;245680,6;312204,3;961564,2;318109,3;;431449,3;177545,8;536923,6;561524,1;82941,4;499503,1;341835,4;236131,4;300053,8;183371,8;148961,7;217202,8;525942,6;209683,0;574618,6;815157,4;315387,6;916820,4;531909,7;767874,2;534491,1;327586,9;155400,9;855491,4;732753,1;382499,4;320317,2;363089,1;272671,8;384281,7;703719,5;170102,5;506808,0;441272,1;960448,4;258993,2;313969,4;232139,8;116004,1;318344,3;238731,5;518520,0;200382,6;510581,7;307373,4;423707,4;697494,8;268079,7;290939,0;427813,0;116297,5;254460,8;698031,0;1034749,2;554629,4;0,0;482151,4;448108,8;;324417,8;604790,1;371837,8;168145,8;208731,9;609589,7;;718979,7;294976,8;409751,5;405964,7;344152,7
Simões;149569,5;380624,9;374341,1;120565,5;95846,9;432305,3;499269,5;461831,9;406774,3;366949,0;381430,8;504147,6;278067,7;172909,5;306615,7;324910,0;592965,6;732192,4;293856,5;617918,6;743705,8;368184,3;639536,9;173836,3;58248,1;435375,7;524923,4;82117,8;602465,9;160133,5;685286,7;744759,8;378629,6;577017,4;625752,5;320687,3;746387,2;423071,8;577169,1;277849,4;788737,8;53889,4;149787,9;200251,7;101030,2;653118,5;538949,9;443077,9;339666,9;588698,4;249431,6;422687,9;715282,4;3757,9;413167,7;756294,8;689420,4;569983,3;710004,4;521554,3;441627,2;269144,1;130491,3;330852,2;800249,9;839297,6;507228,0;715564,4;714444,1;69968,6;419880,2;459152,7;400716,7;178479,3;;665835,9;296846,8;419134,2;689038,6;381951,7;304669,6;190959,4;357073,7;304206,7;331722,0;67509,0;118394,2;98326,5;112774,6;745081,5;449594,1;455507,3;367215,2;790734,5;232152,2;221959,8;147546,5;121957,8;391988,5;96007,6;91826,1;357844,0;523494,7;407051,4;273672,0;702230,5;707934,2;523684,3;488600,6;738074,2;398657,7;565523,1;638677,7;209828,0;427793,8;235723,8;379234,0;492075,7;780339,8;665560,5;676363,1;449394,5;40756,1;477992,1;102454,5;658217,6;600901,4;391136,0;502973,6;421841,2;146249,8;652406,2;542091,4;651286,6;760611,3;307491,9;454478,9;559512,7;608640,0;167366,1;270648,5;468380,5;258939,7;372404,8;37444,3;227869,8;341096,4;529109,6;444120,8;177179,8;764575,1;789669,1;;99098,9;463870,4;63480,9;364816,6;541454,2;255503,6;159491,5;229167,1;170063,5;654931,6;620521,5;631062,2;474144,2;393397,6;183911,6;618168,3;348623,9;719831,3;289499,9;716075,9;351659,3;199444,7;332582,8;803693,0;535763,9;271491,4;171748,0;130765,2;387715,5;256139,5;368403,0;347284,5;115968,7;279011,0;763459,4;376518,2;188730,2;570642,8;365014,9;207336,3;656128,9;242909,3;671942,4;344690,7;174197,7;113765,8;359689,0;182763,4;361695,3;316805,0;394150,0;422923,7;360225,2;837760,2;502831,0;482145,1;0,0;172731,4;;160440,7;355415,8;280032,1;467312,8;516895,7;557791,3;;381173,9;290907,0;110864,7;60723,6;216010,5
Simplício Mendes;172958,5;297240,9;280955,0;208884,5;196121,1;356185,7;423149,8;290773,2;281704,4;258333,1;210372,1;379077,7;244221,8;115029,3;197999,9;354184,9;421906,9;506418,4;194635,7;541798,9;572647,1;292064,7;563417,3;7208,2;137925,3;359256,0;300056,8;169193,6;526346,2;159017,6;514228,0;668640,1;207570,9;500897,8;549632,8;149628,6;670267,6;405164,8;501049,4;169233,6;712618,2;177381,4;23895,7;120125,5;178092,7;576998,9;462830,3;318008,0;150516,5;512578,8;130782,1;251629,2;639162,8;169467,7;379321,7;680175,2;613300,8;493863,7;633884,8;445434,7;270568,5;91501,2;46374,1;222555,0;629191,2;668238,8;336169,2;544505,7;423901,1;186484,2;343760,6;383033,0;229658,0;169570,0;;589716,2;234102,6;248075,5;612918,9;210893,0;132173,7;65290,5;232003,8;195590,9;258261,7;207871,5;162040,8;232999,1;124865,7;574022,8;324524,2;284448,6;283515,4;714614,9;198306,2;144526,5;31223,1;86377,4;161168,8;77118,0;125851,0;249228,2;507417,3;281981,5;102613,3;626110,9;631814,6;447564,7;454754,7;567015,6;227599,0;489403,5;562558,1;152742,0;351674,2;248631,0;292492,5;367005,8;704220,2;589440,9;600243,5;278335,8;184133,6;352922,2;116929,1;582098,0;524781,8;315016,4;518226,0;345721,6;195124,9;481347,5;371032,8;575166,9;684491,7;182422,0;406791,5;483393,0;532520,4;43946,6;236802,5;434534,5;96806,0;296285,2;163141,9;55373,9;151945,9;358050,9;365802,0;140207,6;593516,4;713549,4;;71735,9;387750,8;169605,6;193757,9;507608,2;84444,9;149451,3;278042,3;218938,7;578811,9;544401,9;554942,6;349074,3;317278,0;129421,3;447109,6;240008,0;548772,6;117004,0;559012,4;179163,3;116015,2;298736,9;646629,5;364705,3;162875,6;161707,8;153421,7;268734,6;58711,9;197344,3;266820,1;62673,4;153941,1;592400,6;277718,2;180200,7;627579,9;331169,0;130504,2;580009,2;71850,6;595822,7;113045,6;165668,1;214040,0;188630,3;181647,5;285575,7;85159,9;360304,1;309663,9;189166,5;666701,4;345767,5;448299,1;172721,8;0,0;;151911,1;184357,2;171416,2;391193,2;440776,1;400727,8;;210115,2;182291,1;62380,3;196297,2;99116,0
Socorro do Piauí;;;;;;;;;;;;;;;;;;;;;;;;;;;;;;;;;;;;;;;;;;;;;;;;;;;;;;;;;;;;;;;;;;;;;;;;;;;;;;;;;;;;;;;;;;;;;;;;;;;;;;;;;;;;;;;;;;;;;;;;;;;;;;;;;;;;;;;;;;;;;;;;;;;;;;;;;;;;;;;;;;;;;;;;;;;;;;;;;;;;;;;;;;;;;;;;;;;;;;;;;;;;;;;;;;;;;;;;;;;;;;;;
Sussuapara;220105,8;222866,1;216582,4;96846,6;84083,1;274546,6;341510,8;478131,4;277883,1;236819,4;361187,5;375256,4;120309,0;44696,8;177724,5;230272,2;761567,1;603301,2;136097,8;460159,9;760005,2;210425,6;481778,2;159378,6;80584,6;277616,9;396032,2;216340,9;444707,2;27324,5;640508,1;587001,1;358386,2;419258,7;467993,8;300444,0;588628,5;281252,0;419410,3;148958,2;630979,1;113463,4;129442,3;267070,2;66054,7;495359,8;381191,2;314186,6;299705,9;430939,7;281597,5;402444,6;557523,6;164199,9;255409,0;598536,1;531661,7;412224,6;552245,6;363795,6;457926,7;140252,8;133244,2;373370,3;816549,4;855597,0;523527,4;731863,9;585552,8;204448,9;262121,5;301393,9;380473,3;49588,0;;508077,1;139088,1;456520,7;531279,8;361708,4;281363,2;103226,7;228182,5;175315,5;202830,7;95833,5;50002,8;120961,1;31748,8;761381,0;320702,8;435264,0;209456,5;632975,8;74776,3;93068,5;127200,9;70449,9;263097,2;166676,2;68371,9;228952,8;365736,0;278160,1;253428,6;544471,8;550175,5;365925,6;330841,9;754373,7;378414,4;407764,4;480919,0;280364,3;270035,1;85469,5;221475,3;363184,4;622581,1;507801,8;518604,4;465694,0;120215,6;349100,9;93855,3;500458,9;443142,7;233377,3;394313,2;264082,5;71858,5;668705,6;521848,1;493527,9;602852,6;178600,6;296720,2;401754,0;450881,3;194762,0;112889,8;310621,8;130048,4;214646,1;105801,2;204563,3;301135,4;545409,1;315229,6;48288,6;780874,6;631910,4;;111278,6;306111,7;216752,9;380834,5;383695,5;235260,2;31278,9;154775,8;95672,2;497172,8;462762,8;473303,6;345253,0;235638,9;254447,8;634467,8;219732,7;736130,8;237127,4;587184,7;353801,5;70553,4;174824,1;674801,8;552063,4;142600,2;19174,2;41383,7;229956,7;127248,2;348159,7;189525,8;186637,3;150119,8;779758,8;218759,4;32319,6;545940,8;207256,2;78445,1;498370,2;222665,9;514183,6;215799,4;17787,0;102002,0;339445,7;49954,4;203936,6;187913,7;236391,3;265165,0;339981,9;854059,6;373939,8;324386,4;160446,0;151965,9;;0,0;335172,5;151140,8;309554,1;359137,0;428900,1;;360930,6;162015,8;89580,8;84259,3;87119,2
Tamboril do Piauí;266713,5;367135,6;350849,7;392161,7;379398,2;443525,0;493220,6;177959,8;291707,6;328227,8;133662,5;323267,8;459981,2;298306,4;287923,4;569944,3;461395,6;393605,1;348513,2;611869,7;459833,7;380339,3;633488,1;189136,5;321202,4;450219,2;187243,4;315331,2;596417,0;342294,7;401414,6;738710,9;133350,6;570968,6;619703,6;49932,1;740338,3;620924,2;571120,2;316699,1;782688,9;360658,5;207172,8;169318,0;361369,8;647069,6;532901,0;282340,2;55794,8;582649,5;179974,6;174919,7;709233,5;352162,5;595081,1;750246,0;683371,5;563934,4;703955,5;515505,4;157755,1;255132,5;229068,8;148334,7;516377,8;555425,4;223355,9;431692,3;311087,7;332621,8;413831,3;453103,8;155437,7;385329,4;;659787,0;411025,5;135262,1;682989,7;136672,7;88365,8;248567,6;242007,0;373356,4;268265,0;391148,6;345317,9;416276,2;308142,8;461209,4;299366,8;207739,0;353410,1;784685,6;414065,6;360285,9;214500,2;269654,5;135672,0;259812,8;309128,1;325648,2;577488,1;256824,1;96242,2;696181,6;701885,3;517635,4;632613,6;454202,2;150889,5;559474,2;632628,8;251467,7;421745,0;464390,4;362387,2;257943,2;774290,9;659511,6;670314,2;165522,4;367410,7;328008,0;300206,2;652168,8;594852,6;375759,5;668288,7;415792,4;378402,0;368534,1;294323,2;645237,8;754562,4;265675,9;416794,7;553463,8;602591,1;205156,6;452562,0;569428,9;260437,3;373834,0;346419,0;163837,9;57224,3;245237,5;375805,2;323484,7;480703,0;783620,2;;255013,0;457821,6;315743,2;80944,5;653437,8;163199,9;332728,4;461319,4;402215,8;648882,7;614472,6;625013,4;324160,1;448330,1;228147,0;334296,2;330021,1;435959,2;116587,0;446199,0;102113,4;299292,3;454784,4;533816,1;251891,9;323719,8;344984,9;336698,8;338629,3;241989,0;120634,8;440043,4;245368,2;274281,9;479587,2;347612,9;363477,8;697650,7;493061,8;346263,6;650080,0;114108,7;665893,5;134886,2;348945,2;397317,1;114410,0;364924,6;416627,8;163339,0;576063,5;379558,6;114946,2;553888,1;232954,1;603901,6;355416,6;184427,6;;335188,2;0,0;322336,9;461264,0;510846,8;287914,4;;135895,0;336168,7;245657,4;379574,3;282393,1
Tanque do Piauí;338150,6;127777,4;111491,5;216426,1;203662,7;193021,0;259985,2;376256,0;100699,1;88869,7;380183,4;273381,0;101728,0;155978,2;38863,2;220256,3;659691,8;501425,8;31471,0;378634,3;658129,9;128900,0;400252,7;178374,6;198629,4;196091,4;294156,8;334385,8;363181,6;159365,2;538632,7;505475,5;377382,2;337733,2;386468,2;287838,8;507102,9;271236,2;337884,8;37202,9;549453,5;233042,9;192594,7;289936,8;185634,2;413834,2;299665,6;212311,2;269016,5;349414,1;300593,4;421440,5;475998,1;283779,4;245393,1;517010,5;450136,1;330699,0;470720,1;282270,0;356051,3;103293,9;217540,4;392366,3;714674,0;753721,6;421652,1;629988,5;483677,5;324028,4;180595,9;219868,3;399469,3;112349,1;;426551,5;70937,9;354645,3;449754,2;380704,3;242573,4;157002,5;84145,6;26127,4;59519,9;215413,0;169582,4;240540,7;149793,7;659505,6;218827,5;454259,9;114051,9;551450,2;84785,9;87305,6;199922,1;188494,8;226138,4;284721,1;186416,8;79764,7;344252,7;176284,8;272424,6;462946,2;468649,9;284400,0;320826,1;652498,3;397410,3;326238,8;399393,4;398409,1;188509,5;114702,4;123029,0;261309,0;541055,5;426276,2;437078,8;363818,6;239795,1;247225,5;211900,2;418933,3;361617,2;151851,7;435053,2;182556,9;202666,5;566830,2;540844,1;412002,3;521327,0;141641,8;207031,0;320228,4;369355,7;213757,9;59810,7;267587,7;93089,5;133120,5;223846,0;190775,4;270445,9;443533,7;166041,5;110078,5;678999,2;550384,8;;229323,5;224586,1;334797,8;278959,1;420202,4;222644,9;139709,5;285583,8;226480,2;415647,2;381237,2;391778,0;243377,6;154113,3;372492,7;532592,4;70544,6;634255,4;200168,5;485309,3;251926,1;105093,0;136603,8;572926,4;450188,1;30844,9;142554,9;160963,2;99271,1;142497,0;367155,6;103655,4;233839,8;113160,9;677883,4;108254,7;174244,5;464415,2;169035,9;73283,3;416844,6;241661,9;432658,0;178840,6;164949,1;221581,5;358441,6;181995,1;122411,0;150954,9;226375,5;140200,4;358977,8;752184,2;272064,4;370666,1;280025,6;171250,7;;151192,2;322225,0;0,0;228028,5;277611,4;327024,7;;379926,6;19126,5;207625,7;203838,8;121174,5
Teresina;524580,0;93080,8;112540,0;402855,5;390092,0;107324,0;57728,1;514176,3;180626,3;132690,3;572102,6;411301,3;209322,3;342407,5;247358,9;296784,3;797612,1;639346,1;232786,2;156850,2;796050,1;100798,7;178468,6;397251,3;385058,8;114242,0;432077,1;520815,2;160924,5;332015,8;676552,9;303218,4;571790,6;135476,1;184211,1;425759,1;304845,8;257053,0;116100,7;276134,6;347196,5;419472,2;433916,5;508813,5;372063,6;192050,1;97408,5;350231,5;406936,7;147157,0;519470,2;613359,7;273741,0;470208,8;198346,5;279246,2;247879,0;128442,0;268463,0;80012,9;493971,6;322170,7;436417,2;586774,7;852594,3;891641,9;559572,3;767908,8;621597,8;510457,8;74768,5;43387,1;593877,7;298778,4;;224294,5;202911,7;492565,6;227970,2;575112,8;395901,9;354474,8;222065,9;208489,0;227700,5;401842,4;356011,7;426970,0;336223,0;797425,9;356747,8;646179,1;125067,2;349193,1;262169,6;287749,7;431675,1;374924,2;376830,7;471150,5;372846,2;152487,0;141995,6;314205,0;491301,3;241162,1;238851,5;62615,9;197121,2;790418,6;589329,5;104454,8;197136,3;584838,5;55179,6;257568,0;99324,3;399229,3;338798,5;207143,0;217945,7;501738,9;426224,5;385145,8;398329,5;199800,2;142484,0;94604,5;232796,2;75109,2;389095,8;704750,6;817988,8;190218,2;283572,8;288021,4;50403,8;117971,3;150222,6;432634,6;243128,2;133936,4;311966,2;94293,4;410275,4;419897,8;408366,2;581454,0;90898,2;296507,9;816919,4;348127,7;;415752,8;48104,9;521227,2;416879,4;217945,3;451767,3;326138,9;339798,7;412909,6;213390,2;178980,1;172644,8;381297,9;177996,6;558922,1;670512,7;170742,8;772175,7;387264,9;623229,6;389846,4;311890,4;184450,8;710846,6;588108,3;283155,3;304620,8;347392,6;128027,1;368585,2;559074,8;169709,9;491111,5;296627,4;815803,7;114348,5;298272,9;262158,2;144955,5;302647,8;195060,5;460538,6;230401,0;365936,9;291676,9;408010,9;552850,1;319990,8;146294,2;375157,7;245462,2;95380,6;553386,2;890104,5;409984,7;168409,1;466454,9;390127,4;;308721,3;460145,3;227193,1;0,0;58478,3;464945,0;;574335,0;220441,7;394055,1;390268,2;328456,2
União;576063,2;144564,0;164023,2;454338,7;441575,2;149710,8;100114,9;565659,5;232109,6;184173,5;623585,8;462784,5;260805,5;393890,8;298842,1;339171,1;849095,2;690829,3;284269,4;96119,6;847533,4;152281,9;164612,1;448734,5;436542,0;156628,8;483560,3;572298,4;137002,5;383499,0;728036,1;286871,3;623273,8;177862,8;226597,9;477242,3;295763,5;299439,7;83716,9;327617,8;372404,9;470955,5;485399,7;560296,8;423546,8;144895,6;139795,3;401714,7;458419,9;189543,8;570953,4;664842,9;264114,8;521692,0;240733,3;256808,5;231531,9;170828,7;252115,9;122399,7;545454,8;373653,9;487900,4;638257,9;904077,5;943125,1;611055,6;819392,0;673080,9;561941,0;126922,2;87696,1;645360,9;350261,6;;266681,2;254394,9;544048,8;211650,3;626595,9;447385,1;405958,1;273549,1;259972,2;279183,7;453325,6;407494,9;478453,2;387706,2;848909,1;408230,9;697662,3;176550,4;328189,5;313652,8;339232,9;483158,3;426407,4;428313,9;522633,7;424329,4;203970,2;184382,3;365688,2;542784,5;224842,2;185026,2;66900,2;239507,9;841901,8;640812,7;63151,7;239523,1;636321,7;106662,8;309051,2;150807,5;450712,5;367527,8;153317,7;164120,4;553222,1;477707,7;436629,0;449812,7;145974,9;88658,7;146087,7;275182,9;126592,4;440579,1;756233,8;869472,0;159293,2;261135,1;339504,6;102557,5;160358,1;96397,3;484117,8;294611,4;176323,1;363449,5;145776,6;461758,6;471381,1;459849,4;632937,2;143051,9;347991,1;868402,7;327124,1;;467236,1;92413,8;572710,4;468362,6;260332,1;503250,6;377622,1;391281,9;464392,8;186839,2;221366,9;118819,5;432781,1;177333,0;610405,3;721995,9;222226,0;823658,9;438748,2;674712,8;441329,6;363373,6;235934,0;762329,8;639591,6;334638,5;356104,0;398875,8;179510,3;420068,4;610558,0;221193,1;542594,8;348110,6;867286,9;165831,7;349756,1;304544,9;187342,2;354131,0;164135,5;512021,8;212389,1;417420,2;343160,2;459494,1;604333,2;371474,0;197777,5;426640,9;287848,9;147534,2;604869,5;941587,8;461467,9;210795,8;517938,1;441610,6;;360204,5;511628,5;278676,3;58343,0;0,0;516428,2;;625818,2;271924,9;445538,3;441751,4;379939,4
Uruçuí;483000,2;371970,7;355684,8;494241,5;481478,1;448360,1;498055,7;184570,9;296542,7;333062,9;399724,6;35914,1;464816,2;433793,6;292758,5;574779,4;468006,6;237152,1;353348,3;616704,8;466444,7;385174,3;638323,1;405423,1;476444,8;455054,3;102471,6;612201,2;601252,1;437180,6;304228,2;743546,0;399412,6;575803,7;624538,7;253381,1;745173,4;625759,2;575955,2;321534,2;787524,0;510858,3;423459,5;385604,7;463449,7;651904,7;537736,1;129817,5;252152,4;587484,6;396261,3;440981,7;714068,6;561594,9;599916,2;755081,1;688206,6;568769,6;708790,6;520340,5;164366,1;364646,1;445355,5;414396,7;522988,8;562036,5;229966,9;438303,3;249273,0;601843,9;418666,4;457938,8;421499,7;390164,5;;664622,1;415860,6;162960,1;687824,8;402734,7;284723,4;418354,6;246842,1;378191,4;273100,1;493228,4;447397,8;518356,1;427609,1;393284,8;137842,8;354123,2;358245,2;789520,7;418900,7;365121,0;430786,9;466310,2;323776,8;476099,5;464232,2;330483,2;582323,2;150847,5;364436,4;701016,7;706720,4;522470,5;637448,8;460813,2;416951,5;564309,4;637463,9;467754,4;426580,1;469225,5;367222,2;83156,4;779126,1;664346,7;675149,4;172133,5;517610,6;61261,5;489715,6;657003,8;599687,6;380594,6;673123,8;420627,5;480481,9;375145,1;488383,4;650072,8;759397,6;270511,0;421629,8;558298,9;607426,2;421443,3;457397,0;574263,9;333341,3;378669,1;501661,5;360195,5;253581,9;251848,5;380640,3;387893,9;487314,0;788455,2;;507138,9;462656,6;612613,2;246621,8;658272,9;379486,6;417525,0;563399,2;504295,7;653717,8;619307,7;629848,5;84271,6;453165,2;444433,7;340907,2;334856,2;442570,2;312944,6;166309,0;298471,0;380663,7;459619,4;253926,1;258502,9;328554,8;420370,3;438778,7;343464,4;403849,1;386696,8;444878,5;461654,9;279117,0;486198,3;352448,0;452059,9;702485,8;497896,8;351098,7;654915,1;330395,3;670728,6;348426,6;442764,6;499396,9;380472,0;459810,5;421462,8;357647,3;580898,6;384393,7;381008,2;560499,1;57767,8;608736,6;557841,0;400714,3;;429007,6;287767,3;327171,9;466099,0;515681,9;0,0;;401956,9;341003,7;485441,1;481654,2;396745,2
Valença do Piauí;;;;;;;;;;;;;;;;;;;;;;;;;;;;;;;;;;;;;;;;;;;;;;;;;;;;;;;;;;;;;;;;;;;;;;;;;;;;;;;;;;;;;;;;;;;;;;;;;;;;;;;;;;;;;;;;;;;;;;;;;;;;;;;;;;;;;;;;;;;;;;;;;;;;;;;;;;;;;;;;;;;;;;;;;;;;;;;;;;;;;;;;;;;;;;;;;;;;;;;;;;;;;;;;;;;;;;;;;;;;;;;;
Várzea Branca;292414,3;481262,1;464976,1;417862,5;405099,1;557651,5;607347,1;292086,3;405834,1;442354,3;50819,6;437394,2;452801,6;324007,2;402049,8;562764,8;195194,3;409065,1;403215,6;725996,2;453274,8;494465,7;747614,6;214837,3;346903,2;564345,7;301369,8;341032,0;710543,4;367995,5;394855,7;852837,4;43391,2;685095,1;733830,1;164058,6;854464,8;613744,6;685246,6;377813,4;896815,4;386359,3;232873,7;195018,8;387070,6;761196,1;647027,5;396466,6;169921,3;696775,9;205675,5;86346,2;823359,9;377863,3;587901,6;864372,4;797497,9;678060,9;818081,9;629631,9;271881,5;300081,1;254769,7;101027,4;396610,6;404366,6;337482,3;222212,3;304528,8;358322,7;527957,8;567230,2;36232,8;378149,8;;773913,4;442682,4;249388,6;797116,1;777,8;202492,2;274268,4;356133,5;404170,7;382391,4;416849,4;371018,8;441977,1;333843,7;454650,5;413493,3;119165,6;467536,6;898812,1;406886,1;353106,3;240201,0;295355,3;249798,4;285513,6;334828,9;439774,6;691614,6;370950,6;139459,9;810308,1;816011,8;631761,9;663334,5;233552,5;62316,0;673600,8;746755,2;254245,1;535871,4;457210,8;476513,6;372069,7;888417,4;773638,1;784440,8;279648,9;393111,6;442134,5;325907,0;766295,2;708979,1;489886,0;782415,1;529918,8;404102,8;361975,2;160855,6;759364,2;868688,9;379802,4;530921,1;667590,2;716717,6;230857,5;445382,4;683555,3;305385,8;487960,4;372119,9;215353,6;171350,8;260697,6;489931,7;349185,5;340849,3;897746,6;;280713,8;571948,0;341444,0;195070,9;767564,2;188900,7;358429,3;487020,2;427916,6;763009,1;728599,1;739139,9;438286,6;562456,6;253847,8;327737,3;444147,6;353965,6;230713,5;560325,5;216239,9;324993,2;507316,7;647942,6;226227,0;371455,4;370685,8;362399,6;452755,8;267689,8;50102,3;475399,9;271069,1;362521,0;473028,3;461739,3;389178,6;811777,1;539748,8;339084,1;764206,4;142471,5;780019,9;249012,7;374646,0;423017,9;25634,4;390625,4;530754,2;260664,5;568883,9;493685,0;20104,3;374687,9;347080,6;718028,0;381117,5;210128,5;;360889,1;135887,3;379996,0;575390,4;624973,3;402040,9;;0,0;390871,0;271358,3;405275,2;308093,9
Várzea Grande;349042,8;134595,2;125303,5;227318,3;214554,9;186275,7;253239,8;390068,1;114511,1;102681,7;391075,6;287193,0;87756,3;166870,3;52675,2;201129,9;673503,8;515237,8;12344,7;371888,9;671941,9;122154,6;393507,3;189266,8;209521,6;189346,0;307968,8;345278,0;356436,2;170257,4;552444,7;498730,1;388274,3;330987,8;379722,8;301650,9;500357,5;252109,8;331139,4;78905,1;542708,2;243935,1;203486,9;300829,0;196526,4;407088,8;292920,2;226123,2;282828,5;342668,7;311485,6;432332,7;469252,7;294671,6;226266,7;510265,2;443390,7;323953,7;463974,7;275524,6;369863,3;114186,1;228432,6;403258,5;728486,1;767533,6;435464,1;643800,5;497489,5;334920,6;173850,5;213123,0;410361,4;123241,2;;419806,2;64192,6;368457,3;443008,9;391596,5;253465,5;167894,7;97957,6;21503,4;73331,9;226305,2;180474,5;251432,8;160685,8;673317,6;232639,5;465152,1;121185,6;544704,8;65659,6;98197,8;210814,2;199387,0;237030,5;295613,3;197309,0;93576,7;337507,3;190096,8;283316,8;456200,8;461904,6;277654,6;301699,7;666310,4;408302,5;319493,5;392648,0;409301,3;181764,2;95576,0;133204,4;275121,1;534310,2;419530,8;430333,5;377630,6;250687,3;261037,5;222792,3;412188,0;354871,8;145106,4;428307,9;175811,6;213558,7;580642,3;693880,6;405256,9;514581,7;152533,9;208449,3;313483,0;362610,4;224650,1;40684,3;281479,5;103981,7;126375,1;234738,2;201667,6;284257,9;457345,7;179853,5;120970,7;692811,2;543639,4;;240215,7;217840,8;345690,0;292771,2;413457,0;233537,1;150601,7;177806,7;237372,4;408901,9;374491,8;385032,6;257189,6;147368,0;383384,9;546404,4;84356,6;648067,4;211060,7;499121,3;265738,1;115985,1;129858,5;586738,4;464000,1;72547,1;141770,4;171855,4;113083,1;153389,2;378047,8;96910,1;244732,0;124053,1;691695,4;122066,7;135422,6;457669,9;162290,6;84175,5;410099,2;252554,0;425912,7;189732,7;128826,6;232473,7;369333,8;192887,3;115665,6;161847,0;207249,1;176894,1;369870,0;765996,2;285876,4;363920,8;290917,8;182142,9;;162084,3;336037,1;19208,5;221283,2;270866,1;340836,7;;390818,7;0,0;218517,9;214731,0;132066,7
Vera Mendes;136816,7;308206,5;301922,7;146506,3;133742,8;359886,9;426851,1;352009,8;334355,9;294530,6;271608,7;431729,2;205649,3;52651,0;234197,3;315612,5;483143,4;659774,1;221438,1;545500,2;633883,6;295765,9;567118,6;69799,8;76485,2;362957,2;361293,3;133051,9;530047,4;96639,3;575464,6;672341,4;268807,4;504599,1;553334,1;210865,2;673968,8;366592,3;504750,7;205431,0;716319,4;115941,3;39863,5;181362,1;115714,4;580700,1;466531,5;370659,5;210127,1;516280,0;192018,7;312865,8;642863,9;107572,2;340749,3;683876,4;617002,0;497564,9;637585,9;449135,9;331805,1;151111,9;43665,4;283791,6;690427,8;729475,4;397405,8;605742,3;485137,7;150342,5;347461,8;386734,2;290894,6;106060,9;;593417,4;224428,4;309312,1;616620,1;272129,6;191784,4;51527,4;284655,3;231788,3;259303,6;145493,2;99662,5;170620,8;62487,4;635259,4;377175,7;345685,2;294796,8;718316,1;159733,8;149541,4;37622,1;23999,1;220779,5;83387,2;63472,7;285425,6;451076,3;334633,0;163849,8;629812,1;635515,8;451265,9;416182,2;628252,1;288835,6;493104,8;566259,3;197075,2;355375,4;210058,5;306815,6;419657,2;707921,4;593142,1;603944,8;339572,4;122693,6;405573,7;55489,1;585799,2;528483,1;318717,6;479653,5;349422,8;132746,6;542584,1;432269,3;578868,2;688192,9;235073,5;382060,5;487094,3;536221,6;105183,2;198230,1;395962,1;156416,7;299986,4;101701,9;114984,6;211556,6;419287,5;371702,4;104761,4;654752,9;717250,7;;21699,8;391452,0;133463,9;254994,5;469035,8;145681,5;87073,1;215664,0;156560,4;582513,1;548103,1;558643,9;401725,8;320979,2;171158,8;508346,2;276205,5;610009,2;176614,7;643657,5;238774,0;127026,3;260164,4;731274,6;425941,8;199073,0;99329,5;91043,4;315297,1;88768,1;258580,9;274866,1;70480,2;206592,6;653637,2;304099,8;117822,4;631281,1;292596,5;134917,9;583710,4;133087,1;599523,9;172656,3;103289,8;151661,7;249866,9;119269,2;289276,9;144770,6;321731,6;350505,3;250403,1;727938,1;430412,6;409726,7;110826,4;62387,1;;89532,9;245593,7;207613,7;394894,4;444477,3;485372,9;;271351,8;218488,6;0,0;133919,0;143592,1
Vila Nova do Piauí;209239,2;304443,4;298159,6;44384,1;24283,0;356123,9;423088,0;530841,2;330592,9;290767,6;405787,8;427966,2;201886,3;96728,0;230434,3;248728,5;814276,9;656011,0;217675,0;541737,1;812715,1;292002,8;563355,5;203978,9;18169,6;359194,2;448742,0;205474,3;526284,4;83952,1;693217,9;668578,3;402986,5;500836,0;549571,0;345044,2;670205,8;346890,4;500987,6;201668,0;712556,4;40249,0;174042,5;256203,6;24848,8;576937,1;462768,5;366896,4;344306,2;512516,9;305383,5;447044,9;639100,9;64486,4;336986,2;680113,4;613238,9;493801,9;633822,9;445372,8;510636,5;192962,6;190293,3;417970,6;869259,2;908306,8;576237,2;784573,7;638262,6;131234,5;343698,8;382971,2;425073,6;102297,8;;589654,4;220665,4;509230,5;612857,1;406308,7;325963,4;147827,0;280892,2;228025,3;255540,5;22619,1;42212,7;61161,0;76349,1;814090,8;373412,7;479864,2;291033,8;714553,1;155970,8;145778,3;171801,2;115050,2;315807,1;155809,7;71762,7;281662,6;447313,3;330869,9;298028,9;626049,1;631752,8;447502,8;412419,2;807083,5;423014,7;489341,7;562496,2;269497,7;351612,4;159542,3;303052,6;415894,2;704158,4;589379,1;600181,7;518403,8;47001,2;401810,7;82391,1;582036,2;524720,0;314954,6;426792,2;345659,8;70068,3;721415,4;566448,4;575105,1;684429,9;231310,4;378297,5;483331,2;532458,6;239362,2;194467,1;392199,0;182758,2;296223,4;28961,5;249163,6;345735,7;598118,9;367939,4;100998,4;833584,4;713487,6;;127646,0;387689,0;111443,7;433544,3;465272,8;279860,5;83310,0;152985,7;93882,1;578750,1;544340,1;554880,8;397962,8;317216,2;243581,3;687177,6;272442,4;788840,6;289837,2;639894,4;406511,3;123263,2;256401,4;727511,6;604773,2;195310,0;95566,5;54583,7;311534,0;179958,0;392760,0;271103,0;175770,7;202829,6;832468,6;300336,7;112548,8;494461,4;288833,5;131154,8;579947,4;267266,2;595760,9;268509,2;98016,2;42201,8;384045,9;106581,9;285513,9;240623,5;317968,6;346742,3;384582,2;906769,4;426649,6;405963,7;60732,5;196566,2;;84259,3;379772,8;203850,6;391131,4;440714,2;481609,9;;405530,9;214725,6;134181,1;0,0;139829,0
Wall Ferraz;274104,4;242621,1;236337,3;152379,9;139616,5;294301,6;361265,7;445914,9;245666,6;208099,3;308368,2;343039,9;140064,0;91931,9;147766,0;250027,1;519903,0;571084,7;144401,9;479914,8;727788,8;230180,5;501533,2;106559,4;134583,2;297371,9;363815,7;270339,6;464462,1;95319,0;608291,6;606756,0;305567,0;439013,7;487748,7;247624,7;608383,4;301007,0;439165,3;118999,8;650734,1;168996,7;90740,0;218121,6;121588,0;515114,8;400946,2;281970,1;231086,5;450694,6;228778,2;349625,3;577278,6;219733,2;275163,9;618291,1;551416,6;431979,6;572000,6;383550,5;425710,2;87676,9;145725,2;320551,1;784332,9;823380,5;491310,9;699647,4;553336,3;259982,2;281876,4;321148,9;327654,1;58710,2;;527832,1;158843,1;328093,9;551034,8;308889,1;191832,3;54921,8;195966,0;145357,0;172872,3;151366,8;105536,1;176494,5;85747,4;729164,5;288486,3;382444,7;229211,5;652730,8;94148,4;83956,0;98067,4;124448,6;176222,7;220674,9;122370,6;198994,3;385491,0;245943,6;200609,4;564226,8;569930,4;385680,5;350596,9;722157,2;325595,1;427519,4;500673,9;334362,9;289790,1;144473,2;241230,3;330967,9;642336,1;527556,8;538359,4;433477,5;175748,9;316884,4;147853,9;520213,9;462897,7;253132,3;414068,2;283837,5;138620,3;636489,1;469028,9;513282,8;622607,6;146384,1;316475,2;421508,9;470636,3;141942,7;132644,8;330376,7;97831,9;234401,1;159799,8;140034,4;232515,9;513192,6;285271,2;41378,9;748658,1;651665,3;;165277,3;325866,7;270751,6;242182,3;403450,4;171903,9;75663,3;221537,6;162434,0;516927,8;482517,8;493058,5;313036,5;255393,9;308446,5;602251,2;189774,2;703914,3;149427,5;554968,2;215149,3;17186,6;194579,1;642585,2;519846,9;112641,7;78508,7;96917,0;218500,8;40416,3;295340,4;209280,7;162024,6;117903,3;747542,3;238514,4;115435,5;565695,8;227011,2;69332,5;518125,1;169846,7;533938,6;128099,5;100902,9;157535,3;286626,4;117948,9;223691,6;100213,8;256146,3;284920,0;287162,6;821843,1;341723,3;344141,3;215979,3;99146,6;;87145,9;282353,2;121182,4;329309,1;378892,0;396683,6;;308111,3;132057,3;143579,5;139792,6;0,0
