subclasse;secao;municipio;quadrante;p_sim;presente;valor;tipologias;sig_pos_FDR;robusto_4W
Administração pública em geral;O - Administração pública, defesa e seguridade social;Angical do Piauí;Alto-Alto;0,037;True;72,9773;T3;False;False
Administração pública em geral;O - Administração pública, defesa e seguridade social;Barra D'Alcântara;Alto-Alto;0,031;True;62,1967;T1;False;False
Administração pública em geral;O - Administração pública, defesa e seguridade social;Barreiras do Piauí;Baixo-Baixo;0,001;False;0,0;T7,T8;True;False
Administração pública em geral;O - Administração pública, defesa e seguridade social;Cajueiro da Praia;Alto-Baixo;0,001;True;31,9736;T1,T3;True;False
Administração pública em geral;O - Administração pública, defesa e seguridade social;Campinas do Piauí;Baixo-Alto;0,032;False;0,0;T7;False;False
Administração pública em geral;O - Administração pública, defesa e seguridade social;Capitão de Campos;Baixo-Baixo;0,014;False;0,0;T3,T8;False;False
Administração pública em geral;O - Administração pública, defesa e seguridade social;Capitão Gervásio Oliveira;Baixo-Alto;0,039;False;0,0;T7,T8;False;False
Administração pública em geral;O - Administração pública, defesa e seguridade social;Cocal dos Alves;Alto-Baixo;0,001;True;101,7555;T1,T3;True;False
Administração pública em geral;O - Administração pública, defesa e seguridade social;Corrente;Alto-Baixo;0,001;True;3217,3583;T1;True;True
Administração pública em geral;O - Administração pública, defesa e seguridade social;Cristino Castro;Alto-Alto;0,002;True;788,8549;T1;False;True
Administração pública em geral;O - Administração pública, defesa e seguridade social;Currais;Alto-Alto;0,031;True;416,5041;T1;False;False
Administração pública em geral;O - Administração pública, defesa e seguridade social;Curral Novo do Piauí;Baixo-Baixo;0,018;False;0,0;T3,T7;False;False
Administração pública em geral;O - Administração pública, defesa e seguridade social;Demerval Lobão;Alto-Alto;0,035;True;249,718;T1,T3;False;False
Administração pública em geral;O - Administração pública, defesa e seguridade social;Dom Expedito Lopes;Baixo-Alto;0,027;False;0,0;T7,T8;False;False
Administração pública em geral;O - Administração pública, defesa e seguridade social;Esperantina;Baixo-Alto;0,036;False;0,0;T7;False;False
Administração pública em geral;O - Administração pública, defesa e seguridade social;Hugo Napoleão;Baixo-Alto;0,014;False;0,0;T8;False;False
Administração pública em geral;O - Administração pública, defesa e seguridade social;Jardim do Mulato;Alto-Alto;0,03;True;287,0634;T1,T6,T8;False;False
Administração pública em geral;O - Administração pública, defesa e seguridade social;Jatobá do Piauí;Baixo-Baixo;0,001;False;0,0;T7,T8;True;False
Administração pública em geral;O - Administração pública, defesa e seguridade social;João Costa;Baixo-Alto;0,048;False;0,0;T3,T8;False;False
Administração pública em geral;O - Administração pública, defesa e seguridade social;Jurema;Alto-Baixo;0,03;True;224,4609;T1,T3;False;False
Administração pública em geral;O - Administração pública, defesa e seguridade social;Lagoa do Piauí;Alto-Alto;0,033;True;569,8213;T1;False;False
Administração pública em geral;O - Administração pública, defesa e seguridade social;Madeiro;Alto-Baixo;0,001;True;52,7959;T1,T3,T4;True;False
Administração pública em geral;O - Administração pública, defesa e seguridade social;Monsenhor Gil;Baixo-Alto;0,037;False;0,0;T7;False;False
Administração pública em geral;O - Administração pública, defesa e seguridade social;Nazaré do Piauí;Baixo-Alto;0,014;False;0,0;T7,T8;False;True
Administração pública em geral;O - Administração pública, defesa e seguridade social;Nazária;Baixo-Alto;0,007;False;0,0;T3,T7;False;False
Administração pública em geral;O - Administração pública, defesa e seguridade social;Paes Landim;Baixo-Alto;0,024;False;0,0;T4,T7,T8;False;False
Administração pública em geral;O - Administração pública, defesa e seguridade social;Palmeira do Piauí;Alto-Alto;0,001;True;448,2989;T1;True;True
Administração pública em geral;O - Administração pública, defesa e seguridade social;Pau D'Arco do Piauí;Baixo-Alto;0,034;False;0,0;T7;False;False
Administração pública em geral;O - Administração pública, defesa e seguridade social;Pavussu;Alto-Baixo;0,001;True;225,1786;T1;True;False
Administração pública em geral;O - Administração pública, defesa e seguridade social;Pedro Laurentino;Alto-Alto;0,037;True;33,8442;T3,T7;False;False
Administração pública em geral;O - Administração pública, defesa e seguridade social;Porto Alegre do Piauí;Alto-Baixo;0,039;True;208,9836;T1,T3;False;False
Administração pública em geral;O - Administração pública, defesa e seguridade social;Ribeiro Gonçalves;Alto-Alto;0,044;True;348,7659;T1,T2;False;False
Administração pública em geral;O - Administração pública, defesa e seguridade social;Santa Luz;Alto-Alto;0,048;True;362,2877;T1;False;False
Administração pública em geral;O - Administração pública, defesa e seguridade social;Santo Antônio de Lisboa;Alto-Baixo;0,03;True;206,5299;T1,T7;False;False
Administração pública em geral;O - Administração pública, defesa e seguridade social;São João da Canabrava;Baixo-Baixo;0,03;False;0,0;T6,T8;False;False
Administração pública em geral;O - Administração pública, defesa e seguridade social;São João da Serra;Baixo-Alto;0,038;False;0,0;T4,T8;False;False
Administração pública em geral;O - Administração pública, defesa e seguridade social;São José do Piauí;Baixo-Baixo;0,026;False;0,0;T7,T8;False;False
Administração pública em geral;O - Administração pública, defesa e seguridade social;São Miguel do Fidalgo;Alto-Alto;0,027;True;176,4613;T1;False;False
Administração pública em geral;O - Administração pública, defesa e seguridade social;Tanque do Piauí;Baixo-Alto;0,031;False;0,0;T7,T8;False;False
Administração pública em geral;O - Administração pública, defesa e seguridade social;Wall Ferraz;Baixo-Alto;0,021;False;0,0;T7;False;False
Aparelhamento de placas e execução de trabalhos em mármore, granito, ardósia e outras pedras;C - Indústrias de transformação;Água Branca;Alto-Baixo;0,001;True;14,1887;T1,T3;True;False
Aparelhamento de placas e execução de trabalhos em mármore, granito, ardósia e outras pedras;C - Indústrias de transformação;Alegrete do Piauí;Baixo-Baixo;0,001;False;0,0;;True;False
Aparelhamento de placas e execução de trabalhos em mármore, granito, ardósia e outras pedras;C - Indústrias de transformação;Altos;Baixo-Alto;0,011;False;0,0;;False;False
Aparelhamento de placas e execução de trabalhos em mármore, granito, ardósia e outras pedras;C - Indústrias de transformação;Barra D'Alcântara;Baixo-Alto;0,011;False;0,0;;False;False
Aparelhamento de placas e execução de trabalhos em mármore, granito, ardósia e outras pedras;C - Indústrias de transformação;Belém do Piauí;Baixo-Baixo;0,001;False;0,0;;True;False
Aparelhamento de placas e execução de trabalhos em mármore, granito, ardósia e outras pedras;C - Indústrias de transformação;Bom Princípio do Piauí;Baixo-Alto;0,004;False;0,0;;True;False
Aparelhamento de placas e execução de trabalhos em mármore, granito, ardósia e outras pedras;C - Indústrias de transformação;Buriti dos Lopes;Baixo-Alto;0,019;False;0,0;;False;False
Aparelhamento de placas e execução de trabalhos em mármore, granito, ardósia e outras pedras;C - Indústrias de transformação;Cajazeiras do Piauí;Baixo-Alto;0,045;False;0,0;;False;False
Aparelhamento de placas e execução de trabalhos em mármore, granito, ardósia e outras pedras;C - Indústrias de transformação;Cajueiro da Praia;Baixo-Alto;0,044;False;0,0;;False;True
Aparelhamento de placas e execução de trabalhos em mármore, granito, ardósia e outras pedras;C - Indústrias de transformação;Campo Grande do Piauí;Baixo-Baixo;0,001;False;0,0;;True;False
Aparelhamento de placas e execução de trabalhos em mármore, granito, ardósia e outras pedras;C - Indústrias de transformação;Campo Maior;Baixo-Baixo;0,001;False;0,0;T3,T7;True;False
Aparelhamento de placas e execução de trabalhos em mármore, granito, ardósia e outras pedras;C - Indústrias de transformação;Canto do Buriti;Alto-Baixo;0,001;True;1,1509;T1,T7;True;False
Aparelhamento de placas e execução de trabalhos em mármore, granito, ardósia e outras pedras;C - Indústrias de transformação;Castelo do Piauí;Baixo-Baixo;0,001;False;0,0;T7,T8;True;False
Aparelhamento de placas e execução de trabalhos em mármore, granito, ardósia e outras pedras;C - Indústrias de transformação;Conceição do Canindé;Baixo-Baixo;0,001;False;0,0;;True;False
Aparelhamento de placas e execução de trabalhos em mármore, granito, ardósia e outras pedras;C - Indústrias de transformação;Curimatá;Baixo-Baixo;0,001;False;0,0;;True;False
Aparelhamento de placas e execução de trabalhos em mármore, granito, ardósia e outras pedras;C - Indústrias de transformação;Curralinhos;Baixo-Alto;0,034;False;0,0;;False;False
Aparelhamento de placas e execução de trabalhos em mármore, granito, ardósia e outras pedras;C - Indústrias de transformação;Demerval Lobão;Baixo-Alto;0,023;False;0,0;;False;False
Aparelhamento de placas e execução de trabalhos em mármore, granito, ardósia e outras pedras;C - Indústrias de transformação;Floriano;Alto-Baixo;0,001;True;22,8851;T1,T7;True;False
Aparelhamento de placas e execução de trabalhos em mármore, granito, ardósia e outras pedras;C - Indústrias de transformação;Ilha Grande;Baixo-Alto;0,01;False;0,0;;False;True
Aparelhamento de placas e execução de trabalhos em mármore, granito, ardósia e outras pedras;C - Indústrias de transformação;Jacobina do Piauí;Baixo-Baixo;0,001;False;0,0;;True;False
Aparelhamento de placas e execução de trabalhos em mármore, granito, ardósia e outras pedras;C - Indústrias de transformação;José de Freitas;Baixo-Alto;0,037;False;0,0;;False;False
Aparelhamento de placas e execução de trabalhos em mármore, granito, ardósia e outras pedras;C - Indústrias de transformação;Lagoa do Piauí;Baixo-Alto;0,013;False;0,0;;False;False
Aparelhamento de placas e execução de trabalhos em mármore, granito, ardósia e outras pedras;C - Indústrias de transformação;Landri Sales;Baixo-Baixo;0,001;False;0,0;;True;False
Aparelhamento de placas e execução de trabalhos em mármore, granito, ardósia e outras pedras;C - Indústrias de transformação;Luís Correia;Alto-Alto;0,008;True;5,8241;T2;True;False
Aparelhamento de placas e execução de trabalhos em mármore, granito, ardósia e outras pedras;C - Indústrias de transformação;Luzilândia;Baixo-Baixo;0,001;False;0,0;;True;False
Aparelhamento de placas e execução de trabalhos em mármore, granito, ardósia e outras pedras;C - Indústrias de transformação;Miguel Leão;Baixo-Baixo;0,001;False;0,0;;True;False
Aparelhamento de placas e execução de trabalhos em mármore, granito, ardósia e outras pedras;C - Indústrias de transformação;Monsenhor Gil;Baixo-Alto;0,035;False;0,0;;False;False
Aparelhamento de placas e execução de trabalhos em mármore, granito, ardósia e outras pedras;C - Indústrias de transformação;Nazaré do Piauí;Baixo-Alto;0,01;False;0,0;;True;False
Aparelhamento de placas e execução de trabalhos em mármore, granito, ardósia e outras pedras;C - Indústrias de transformação;Nazária;Baixo-Alto;0,014;False;0,0;;False;False
Aparelhamento de placas e execução de trabalhos em mármore, granito, ardósia e outras pedras;C - Indústrias de transformação;Novo Oriente do Piauí;Baixo-Alto;0,013;False;0,0;;False;False
Aparelhamento de placas e execução de trabalhos em mármore, granito, ardósia e outras pedras;C - Indústrias de transformação;Padre Marcos;Baixo-Baixo;0,001;False;0,0;;True;False
Aparelhamento de placas e execução de trabalhos em mármore, granito, ardósia e outras pedras;C - Indústrias de transformação;Palmeirais;Baixo-Alto;0,041;False;0,0;;False;False
Aparelhamento de placas e execução de trabalhos em mármore, granito, ardósia e outras pedras;C - Indústrias de transformação;Pau D'Arco do Piauí;Baixo-Alto;0,047;False;0,0;;False;False
Aparelhamento de placas e execução de trabalhos em mármore, granito, ardósia e outras pedras;C - Indústrias de transformação;Paulistana;Baixo-Baixo;0,001;False;0,0;T7;True;False
Aparelhamento de placas e execução de trabalhos em mármore, granito, ardósia e outras pedras;C - Indústrias de transformação;Pimenteiras;Baixo-Baixo;0,001;False;0,0;;True;False
Aparelhamento de placas e execução de trabalhos em mármore, granito, ardósia e outras pedras;C - Indústrias de transformação;Pio IX;Baixo-Baixo;0,001;False;0,0;;True;False
Aparelhamento de placas e execução de trabalhos em mármore, granito, ardósia e outras pedras;C - Indústrias de transformação;Santa Rosa do Piauí;Baixo-Alto;0,037;False;0,0;;False;False
Aparelhamento de placas e execução de trabalhos em mármore, granito, ardósia e outras pedras;C - Indústrias de transformação;Santo Antônio de Lisboa;Baixo-Baixo;0,001;False;0,0;;True;False
Aparelhamento de placas e execução de trabalhos em mármore, granito, ardósia e outras pedras;C - Indústrias de transformação;Santo Inácio do Piauí;Baixo-Baixo;0,001;False;0,0;;True;False
Aparelhamento de placas e execução de trabalhos em mármore, granito, ardósia e outras pedras;C - Indústrias de transformação;São Francisco do Piauí;Baixo-Alto;0,027;False;0,0;;False;False
Aparelhamento de placas e execução de trabalhos em mármore, granito, ardósia e outras pedras;C - Indústrias de transformação;São João da Canabrava;Baixo-Baixo;0,001;False;0,0;;True;False
Aparelhamento de placas e execução de trabalhos em mármore, granito, ardósia e outras pedras;C - Indústrias de transformação;São João do Piauí;Alto-Baixo;0,001;True;11,3031;T1,T3;True;False
Aparelhamento de placas e execução de trabalhos em mármore, granito, ardósia e outras pedras;C - Indústrias de transformação;São José do Piauí;Baixo-Baixo;0,001;False;0,0;;True;False
Aparelhamento de placas e execução de trabalhos em mármore, granito, ardósia e outras pedras;C - Indústrias de transformação;São Miguel do Fidalgo;Baixo-Baixo;0,001;False;0,0;;True;False
Aparelhamento de placas e execução de trabalhos em mármore, granito, ardósia e outras pedras;C - Indústrias de transformação;Sigefredo Pacheco;Baixo-Baixo;0,001;False;0,0;;True;False
Aparelhamento de placas e execução de trabalhos em mármore, granito, ardósia e outras pedras;C - Indústrias de transformação;Simões;Baixo-Baixo;0,001;False;0,0;;True;False
Aparelhamento de placas e execução de trabalhos em mármore, granito, ardósia e outras pedras;C - Indústrias de transformação;Sussuapara;Baixo-Baixo;0,001;False;0,0;;True;False
Aparelhamento de placas e execução de trabalhos em mármore, granito, ardósia e outras pedras;C - Indústrias de transformação;Tanque do Piauí;Baixo-Alto;0,031;False;0,0;;False;False
Aparelhamento de placas e execução de trabalhos em mármore, granito, ardósia e outras pedras;C - Indústrias de transformação;Teresina;Alto-Baixo;0,001;True;190,6002;T1,T3;True;False
Aparelhamento de placas e execução de trabalhos em mármore, granito, ardósia e outras pedras;C - Indústrias de transformação;União;Baixo-Alto;0,016;False;0,0;;False;False
Aparelhamento de placas e execução de trabalhos em mármore, granito, ardósia e outras pedras;C - Indústrias de transformação;Uruçuí;Alto-Baixo;0,001;True;4,9946;T1,T3,T7;True;True
Aparelhamento de placas e execução de trabalhos em mármore, granito, ardósia e outras pedras;C - Indústrias de transformação;Várzea Grande;Baixo-Alto;0,02;False;0,0;;False;False
Aparelhamento de placas e execução de trabalhos em mármore, granito, ardósia e outras pedras;C - Indústrias de transformação;Vila Nova do Piauí;Baixo-Baixo;0,001;False;0,0;;True;False
Atividade médica ambulatorial com recursos para realização de exames complementares;Q - Saúde humana e serviços sociais;Altos;Baixo-Alto;0,028;False;0,0;;False;False
Atividade médica ambulatorial com recursos para realização de exames complementares;Q - Saúde humana e serviços sociais;Baixa Grande do Ribeiro;Alto-Baixo;0,001;True;5,5507;T1,T3;True;True
Atividade médica ambulatorial com recursos para realização de exames complementares;Q - Saúde humana e serviços sociais;Barras;Alto-Alto;0,023;True;5,7946;T2;False;False
Atividade médica ambulatorial com recursos para realização de exames complementares;Q - Saúde humana e serviços sociais;Batalha;Alto-Alto;0,005;True;5,011;T1;False;False
Atividade médica ambulatorial com recursos para realização de exames complementares;Q - Saúde humana e serviços sociais;Boa Hora;Baixo-Alto;0,028;False;0,0;;False;False
Atividade médica ambulatorial com recursos para realização de exames complementares;Q - Saúde humana e serviços sociais;Bom Princípio do Piauí;Baixo-Alto;0,018;False;0,0;;False;False
Atividade médica ambulatorial com recursos para realização de exames complementares;Q - Saúde humana e serviços sociais;Brasileira;Baixo-Alto;0,015;False;0,0;;False;False
Atividade médica ambulatorial com recursos para realização de exames complementares;Q - Saúde humana e serviços sociais;Brejo do Piauí;Baixo-Alto;0,019;False;0,0;;False;False
Atividade médica ambulatorial com recursos para realização de exames complementares;Q - Saúde humana e serviços sociais;Buriti dos Lopes;Baixo-Alto;0,04;False;0,0;;False;False
Atividade médica ambulatorial com recursos para realização de exames complementares;Q - Saúde humana e serviços sociais;Canto do Buriti;Baixo-Baixo;0,001;False;0,0;;True;False
Atividade médica ambulatorial com recursos para realização de exames complementares;Q - Saúde humana e serviços sociais;Corrente;Alto-Baixo;0,001;True;5,5721;T1,T3;True;True
Atividade médica ambulatorial com recursos para realização de exames complementares;Q - Saúde humana e serviços sociais;Fartura do Piauí;Baixo-Alto;0,045;False;0,0;;False;False
Atividade médica ambulatorial com recursos para realização de exames complementares;Q - Saúde humana e serviços sociais;Francisco Ayres;Baixo-Alto;0,036;False;0,0;;False;False
Atividade médica ambulatorial com recursos para realização de exames complementares;Q - Saúde humana e serviços sociais;Geminiano;Baixo-Alto;0,043;False;0,0;;False;False
Atividade médica ambulatorial com recursos para realização de exames complementares;Q - Saúde humana e serviços sociais;Ilha Grande;Baixo-Alto;0,001;False;0,0;;True;True
Atividade médica ambulatorial com recursos para realização de exames complementares;Q - Saúde humana e serviços sociais;Jaicós;Alto-Baixo;0,001;True;4,5242;T1;True;False
Atividade médica ambulatorial com recursos para realização de exames complementares;Q - Saúde humana e serviços sociais;João Costa;Baixo-Alto;0,006;False;0,0;;False;True
Atividade médica ambulatorial com recursos para realização de exames complementares;Q - Saúde humana e serviços sociais;Luís Correia;Baixo-Alto;0,014;False;0,0;;False;False
Atividade médica ambulatorial com recursos para realização de exames complementares;Q - Saúde humana e serviços sociais;Nazária;Baixo-Alto;0,039;False;0,0;;False;False
Atividade médica ambulatorial com recursos para realização de exames complementares;Q - Saúde humana e serviços sociais;Parnaíba;Alto-Baixo;0,001;True;83,9102;T1;True;False
Atividade médica ambulatorial com recursos para realização de exames complementares;Q - Saúde humana e serviços sociais;Picos;Alto-Baixo;0,001;True;54,2412;T1,T7;True;False
Atividade médica ambulatorial com recursos para realização de exames complementares;Q - Saúde humana e serviços sociais;São João do Piauí;Alto-Baixo;0,001;True;64,711;T1;True;False
Atividade médica ambulatorial com recursos para realização de exames complementares;Q - Saúde humana e serviços sociais;São Lourenço do Piauí;Baixo-Alto;0,041;False;0,0;;False;False
Atividade médica ambulatorial com recursos para realização de exames complementares;Q - Saúde humana e serviços sociais;São Raimundo Nonato;Alto-Baixo;0,001;True;64,9205;T1,T3;True;False
Atividade médica ambulatorial com recursos para realização de exames complementares;Q - Saúde humana e serviços sociais;União;Baixo-Alto;0,022;False;0,0;;False;False
Atividade médica ambulatorial restrita a consultas;Q - Saúde humana e serviços sociais;Água Branca;Alto-Baixo;0,001;True;3,8101;T1,T7;True;False
Atividade médica ambulatorial restrita a consultas;Q - Saúde humana e serviços sociais;Alegrete do Piauí;Baixo-Baixo;0,001;False;0,0;;True;False
Atividade médica ambulatorial restrita a consultas;Q - Saúde humana e serviços sociais;Altos;Baixo-Alto;0,006;False;0,0;;True;True
Atividade médica ambulatorial restrita a consultas;Q - Saúde humana e serviços sociais;Aroeiras do Itaim;Baixo-Alto;0,042;False;0,0;;False;False
Atividade médica ambulatorial restrita a consultas;Q - Saúde humana e serviços sociais;Arraial;Baixo-Baixo;0,001;False;0,0;;True;False
Atividade médica ambulatorial restrita a consultas;Q - Saúde humana e serviços sociais;Batalha;Baixo-Alto;0,022;False;0,0;;False;False
Atividade médica ambulatorial restrita a consultas;Q - Saúde humana e serviços sociais;Belém do Piauí;Baixo-Baixo;0,001;False;0,0;;True;False
Atividade médica ambulatorial restrita a consultas;Q - Saúde humana e serviços sociais;Bom Princípio do Piauí;Baixo-Alto;0,047;False;0,0;;False;False
Atividade médica ambulatorial restrita a consultas;Q - Saúde humana e serviços sociais;Brasileira;Baixo-Alto;0,043;False;0,0;;False;False
Atividade médica ambulatorial restrita a consultas;Q - Saúde humana e serviços sociais;Campo Grande do Piauí;Baixo-Baixo;0,001;False;0,0;;True;False
Atividade médica ambulatorial restrita a consultas;Q - Saúde humana e serviços sociais;Campo Maior;Alto-Baixo;0,001;True;12,5642;T1;True;False
Atividade médica ambulatorial restrita a consultas;Q - Saúde humana e serviços sociais;Canto do Buriti;Baixo-Baixo;0,001;False;0,0;T7;True;False
Atividade médica ambulatorial restrita a consultas;Q - Saúde humana e serviços sociais;Castelo do Piauí;Alto-Baixo;0,001;True;3,2104;T1,T2;True;False
Atividade médica ambulatorial restrita a consultas;Q - Saúde humana e serviços sociais;Conceição do Canindé;Baixo-Baixo;0,001;False;0,0;;True;False
Atividade médica ambulatorial restrita a consultas;Q - Saúde humana e serviços sociais;Corrente;Alto-Baixo;0,001;True;7,5157;T1;True;True
Atividade médica ambulatorial restrita a consultas;Q - Saúde humana e serviços sociais;Curimatá;Baixo-Baixo;0,001;False;0,0;;True;False
Atividade médica ambulatorial restrita a consultas;Q - Saúde humana e serviços sociais;Curralinhos;Baixo-Alto;0,025;False;0,0;;False;False
Atividade médica ambulatorial restrita a consultas;Q - Saúde humana e serviços sociais;Demerval Lobão;Baixo-Alto;0,012;False;0,0;;False;False
Atividade médica ambulatorial restrita a consultas;Q - Saúde humana e serviços sociais;Dom Expedito Lopes;Baixo-Alto;0,032;False;0,0;;False;False
Atividade médica ambulatorial restrita a consultas;Q - Saúde humana e serviços sociais;Eliseu Martins;Baixo-Baixo;0,001;False;0,0;;True;False
Atividade médica ambulatorial restrita a consultas;Q - Saúde humana e serviços sociais;Esperantina;Alto-Baixo;0,001;True;16,7312;T1,T7;True;False
Atividade médica ambulatorial restrita a consultas;Q - Saúde humana e serviços sociais;Ilha Grande;Baixo-Alto;0,008;False;0,0;;False;False
Atividade médica ambulatorial restrita a consultas;Q - Saúde humana e serviços sociais;Ipiranga do Piauí;Baixo-Alto;0,024;False;0,0;;False;False
Atividade médica ambulatorial restrita a consultas;Q - Saúde humana e serviços sociais;José de Freitas;Baixo-Alto;0,008;False;0,0;;True;False
Atividade médica ambulatorial restrita a consultas;Q - Saúde humana e serviços sociais;Lagoa de São Francisco;Baixo-Alto;0,035;False;0,0;;False;False
Atividade médica ambulatorial restrita a consultas;Q - Saúde humana e serviços sociais;Lagoa do Piauí;Baixo-Alto;0,018;False;0,0;;False;False
Atividade médica ambulatorial restrita a consultas;Q - Saúde humana e serviços sociais;Landri Sales;Baixo-Baixo;0,001;False;0,0;;True;False
Atividade médica ambulatorial restrita a consultas;Q - Saúde humana e serviços sociais;Luís Correia;Baixo-Alto;0,045;False;0,0;;False;False
Atividade médica ambulatorial restrita a consultas;Q - Saúde humana e serviços sociais;Luzilândia;Baixo-Baixo;0,001;False;0,0;T6;True;False
Atividade médica ambulatorial restrita a consultas;Q - Saúde humana e serviços sociais;Miguel Alves;Baixo-Baixo;0,001;False;0,0;;True;False
Atividade médica ambulatorial restrita a consultas;Q - Saúde humana e serviços sociais;Miguel Leão;Baixo-Baixo;0,001;False;0,0;;True;False
Atividade médica ambulatorial restrita a consultas;Q - Saúde humana e serviços sociais;Monsenhor Gil;Baixo-Alto;0,04;False;0,0;;False;False
Atividade médica ambulatorial restrita a consultas;Q - Saúde humana e serviços sociais;Nazária;Baixo-Alto;0,003;False;0,0;;True;False
Atividade médica ambulatorial restrita a consultas;Q - Saúde humana e serviços sociais;Oeiras;Alto-Baixo;0,001;True;16,0041;T1,T8;True;False
Atividade médica ambulatorial restrita a consultas;Q - Saúde humana e serviços sociais;Padre Marcos;Baixo-Baixo;0,001;False;0,0;;True;False
Atividade médica ambulatorial restrita a consultas;Q - Saúde humana e serviços sociais;Palmeirais;Baixo-Alto;0,024;False;0,0;;False;False
Atividade médica ambulatorial restrita a consultas;Q - Saúde humana e serviços sociais;Paquetá;Baixo-Alto;0,049;False;0,0;;False;False
Atividade médica ambulatorial restrita a consultas;Q - Saúde humana e serviços sociais;Parnaíba;Alto-Baixo;0,001;True;149,2949;T1;True;False
Atividade médica ambulatorial restrita a consultas;Q - Saúde humana e serviços sociais;Pau D'Arco do Piauí;Baixo-Alto;0,024;False;0,0;;False;False
Atividade médica ambulatorial restrita a consultas;Q - Saúde humana e serviços sociais;Picos;Alto-Baixo;0,001;True;197,544;T1,T3;True;False
Atividade médica ambulatorial restrita a consultas;Q - Saúde humana e serviços sociais;Piracuruca;Alto-Baixo;0,001;True;4,5425;T1,T7;True;False
Atividade médica ambulatorial restrita a consultas;Q - Saúde humana e serviços sociais;Piripiri;Alto-Baixo;0,001;True;39,6076;T1,T7;True;False
Atividade médica ambulatorial restrita a consultas;Q - Saúde humana e serviços sociais;Santana do Piauí;Baixo-Alto;0,031;False;0,0;;False;False
Atividade médica ambulatorial restrita a consultas;Q - Saúde humana e serviços sociais;Santo Inácio do Piauí;Baixo-Baixo;0,001;False;0,0;;True;False
Atividade médica ambulatorial restrita a consultas;Q - Saúde humana e serviços sociais;São José do Piauí;Baixo-Baixo;0,001;False;0,0;;True;False
Atividade médica ambulatorial restrita a consultas;Q - Saúde humana e serviços sociais;São Miguel da Baixa Grande;Baixo-Baixo;0,001;False;0,0;;True;False
Atividade médica ambulatorial restrita a consultas;Q - Saúde humana e serviços sociais;São Miguel do Fidalgo;Baixo-Baixo;0,001;False;0,0;;True;False
Atividade médica ambulatorial restrita a consultas;Q - Saúde humana e serviços sociais;Simões;Baixo-Baixo;0,001;False;0,0;;True;False
Atividade médica ambulatorial restrita a consultas;Q - Saúde humana e serviços sociais;Teresina;Alto-Baixo;0,001;True;1454,8222;T1,T3;True;False
Atividade médica ambulatorial restrita a consultas;Q - Saúde humana e serviços sociais;União;Baixo-Alto;0,006;False;0,0;;False;False
Atividade médica ambulatorial restrita a consultas;Q - Saúde humana e serviços sociais;Uruçuí;Alto-Baixo;0,001;True;32,2633;T1;True;True
Atividade médica ambulatorial restrita a consultas;Q - Saúde humana e serviços sociais;Vila Nova do Piauí;Baixo-Baixo;0,001;False;0,0;;True;False
Atividade odontológica com recursos para realização de procedimentos cirúrgicos;Q - Saúde humana e serviços sociais;Água Branca;Alto-Baixo;0,001;True;0,7325;T1,T3;True;False
Atividade odontológica com recursos para realização de procedimentos cirúrgicos;Q - Saúde humana e serviços sociais;Altos;Baixo-Alto;0,002;True;0,0821;T3,T7;True;True
Atividade odontológica com recursos para realização de procedimentos cirúrgicos;Q - Saúde humana e serviços sociais;Batalha;Alto-Alto;0,002;True;2,2825;T1;True;True
Atividade odontológica com recursos para realização de procedimentos cirúrgicos;Q - Saúde humana e serviços sociais;Boa Hora;Baixo-Alto;0,041;False;0,0;;False;False
Atividade odontológica com recursos para realização de procedimentos cirúrgicos;Q - Saúde humana e serviços sociais;Bom Jesus;Alto-Baixo;0,001;True;23,5248;T1,T3,T7;True;False
Atividade odontológica com recursos para realização de procedimentos cirúrgicos;Q - Saúde humana e serviços sociais;Bom Princípio do Piauí;Baixo-Alto;0,028;False;0,0;;False;False
Atividade odontológica com recursos para realização de procedimentos cirúrgicos;Q - Saúde humana e serviços sociais;Brasileira;Baixo-Alto;0,031;False;0,0;T7;False;False
Atividade odontológica com recursos para realização de procedimentos cirúrgicos;Q - Saúde humana e serviços sociais;Canto do Buriti;Alto-Baixo;0,001;True;6,8545;T1;True;False
Atividade odontológica com recursos para realização de procedimentos cirúrgicos;Q - Saúde humana e serviços sociais;Cristino Castro;Alto-Baixo;0,001;True;3,998;T1,T7;True;False
Atividade odontológica com recursos para realização de procedimentos cirúrgicos;Q - Saúde humana e serviços sociais;Demerval Lobão;Alto-Alto;0,044;True;3,5582;T3;False;False
Atividade odontológica com recursos para realização de procedimentos cirúrgicos;Q - Saúde humana e serviços sociais;Ilha Grande;Baixo-Alto;0,01;False;0,0;;False;True
Atividade odontológica com recursos para realização de procedimentos cirúrgicos;Q - Saúde humana e serviços sociais;José de Freitas;Alto-Alto;0,003;True;7,6289;T1,T2;True;False
Atividade odontológica com recursos para realização de procedimentos cirúrgicos;Q - Saúde humana e serviços sociais;Lagoa de São Francisco;Baixo-Alto;0,018;False;0,0;;False;False
Atividade odontológica com recursos para realização de procedimentos cirúrgicos;Q - Saúde humana e serviços sociais;Lagoa do Piauí;Baixo-Alto;0,032;False;0,0;;False;False
Atividade odontológica com recursos para realização de procedimentos cirúrgicos;Q - Saúde humana e serviços sociais;Luzilândia;Alto-Baixo;0,001;True;10,5482;T2;True;False
Atividade odontológica com recursos para realização de procedimentos cirúrgicos;Q - Saúde humana e serviços sociais;Morro do Chapéu do Piauí;Baixo-Alto;0,041;False;0,0;;False;False
Atividade odontológica com recursos para realização de procedimentos cirúrgicos;Q - Saúde humana e serviços sociais;Nazária;Baixo-Alto;0,011;False;0,0;T7;False;False
Atividade odontológica com recursos para realização de procedimentos cirúrgicos;Q - Saúde humana e serviços sociais;Novo Oriente do Piauí;Baixo-Alto;0,032;False;0,0;;False;False
Atividade odontológica com recursos para realização de procedimentos cirúrgicos;Q - Saúde humana e serviços sociais;Padre Marcos;Alto-Baixo;0,001;True;1,6799;T1;True;False
Atividade odontológica com recursos para realização de procedimentos cirúrgicos;Q - Saúde humana e serviços sociais;Pau D'Arco do Piauí;Baixo-Alto;0,037;False;0,0;;False;False
Atividade odontológica com recursos para realização de procedimentos cirúrgicos;Q - Saúde humana e serviços sociais;Paulistana;Alto-Baixo;0,001;True;27,2136;T1;True;False
Atividade odontológica com recursos para realização de procedimentos cirúrgicos;Q - Saúde humana e serviços sociais;Picos;Alto-Baixo;0,001;True;138,7004;T1,T3;True;False
Atividade odontológica com recursos para realização de procedimentos cirúrgicos;Q - Saúde humana e serviços sociais;Pio IX;Alto-Baixo;0,001;True;19,2275;T2;True;False
Atividade odontológica com recursos para realização de procedimentos cirúrgicos;Q - Saúde humana e serviços sociais;Porto;Baixo-Baixo;0,001;True;0,4199;T6;True;False
Atividade odontológica com recursos para realização de procedimentos cirúrgicos;Q - Saúde humana e serviços sociais;São Raimundo Nonato;Alto-Baixo;0,001;True;23,004;T1,T3;True;False
Atividade odontológica com recursos para realização de procedimentos cirúrgicos;Q - Saúde humana e serviços sociais;Simplício Mendes;Alto-Baixo;0,001;True;4,9832;T1;True;False
Atividade odontológica com recursos para realização de procedimentos cirúrgicos;Q - Saúde humana e serviços sociais;União;Alto-Alto;0,009;True;5,0191;T1,T7;False;False
Atividades de apoio à agricultura não especificadas anteriormente;A - Agricultura, pecuária, produção florestal, pesca e aquicultura;Amarante;Baixo-Alto;0,018;False;0,0;;False;False
Atividades de apoio à agricultura não especificadas anteriormente;A - Agricultura, pecuária, produção florestal, pesca e aquicultura;Antônio Almeida;Baixo-Alto;0,03;False;0,0;;False;False
Atividades de apoio à agricultura não especificadas anteriormente;A - Agricultura, pecuária, produção florestal, pesca e aquicultura;Baixa Grande do Ribeiro;Alto-Alto;0,002;True;106,4062;T1;True;False
Atividades de apoio à agricultura não especificadas anteriormente;A - Agricultura, pecuária, produção florestal, pesca e aquicultura;Batalha;Baixo-Alto;0,032;False;0,0;;False;False
Atividades de apoio à agricultura não especificadas anteriormente;A - Agricultura, pecuária, produção florestal, pesca e aquicultura;Bom Jesus;Baixo-Alto;0,006;False;0,0;T3,T7;False;False
Atividades de apoio à agricultura não especificadas anteriormente;A - Agricultura, pecuária, produção florestal, pesca e aquicultura;Brejo do Piauí;Baixo-Baixo;0,001;False;0,0;;True;False
Atividades de apoio à agricultura não especificadas anteriormente;A - Agricultura, pecuária, produção florestal, pesca e aquicultura;Campo Maior;Alto-Baixo;0,001;True;3,7272;T1;True;False
Atividades de apoio à agricultura não especificadas anteriormente;A - Agricultura, pecuária, produção florestal, pesca e aquicultura;Currais;Baixo-Alto;0,038;False;0,0;;False;False
Atividades de apoio à agricultura não especificadas anteriormente;A - Agricultura, pecuária, produção florestal, pesca e aquicultura;Demerval Lobão;Alto-Baixo;0,001;True;2,5922;T1,T3,T7;True;False
Atividades de apoio à agricultura não especificadas anteriormente;A - Agricultura, pecuária, produção florestal, pesca e aquicultura;Floriano;Alto-Baixo;0,001;True;8,9768;T1;True;False
Atividades de apoio à agricultura não especificadas anteriormente;A - Agricultura, pecuária, produção florestal, pesca e aquicultura;Gilbués;Baixo-Alto;0,001;False;0,0;;True;False
Atividades de apoio à agricultura não especificadas anteriormente;A - Agricultura, pecuária, produção florestal, pesca e aquicultura;Guadalupe;Alto-Baixo;0,001;True;6,7759;T2;True;False
Atividades de apoio à agricultura não especificadas anteriormente;A - Agricultura, pecuária, produção florestal, pesca e aquicultura;Monte Alegre do Piauí;Alto-Baixo;0,001;True;16,0269;T1;True;True
Atividades de apoio à agricultura não especificadas anteriormente;A - Agricultura, pecuária, produção florestal, pesca e aquicultura;Nazária;Baixo-Alto;0,028;False;0,0;;False;False
Atividades de apoio à agricultura não especificadas anteriormente;A - Agricultura, pecuária, produção florestal, pesca e aquicultura;Palmeira do Piauí;Baixo-Alto;0,001;False;0,0;;True;False
Atividades de apoio à agricultura não especificadas anteriormente;A - Agricultura, pecuária, produção florestal, pesca e aquicultura;Palmeirais;Alto-Baixo;0,001;True;20,7068;T1,T7;True;False
Atividades de apoio à agricultura não especificadas anteriormente;A - Agricultura, pecuária, produção florestal, pesca e aquicultura;Piracuruca;Alto-Baixo;0,001;True;9,1611;T1,T7;True;False
Atividades de apoio à agricultura não especificadas anteriormente;A - Agricultura, pecuária, produção florestal, pesca e aquicultura;Ribeiro Gonçalves;Baixo-Alto;0,001;False;0,0;T7;True;True
Atividades de apoio à agricultura não especificadas anteriormente;A - Agricultura, pecuária, produção florestal, pesca e aquicultura;Santa Filomena;Alto-Alto;0,021;True;31,7865;T1,T7;False;False
Atividades de apoio à agricultura não especificadas anteriormente;A - Agricultura, pecuária, produção florestal, pesca e aquicultura;São João do Piauí;Baixo-Baixo;0,001;False;0,0;;True;False
Atividades de apoio à agricultura não especificadas anteriormente;A - Agricultura, pecuária, produção florestal, pesca e aquicultura;São Raimundo Nonato;Baixo-Baixo;0,001;False;0,0;;True;False
Atividades de apoio à agricultura não especificadas anteriormente;A - Agricultura, pecuária, produção florestal, pesca e aquicultura;Simplício Mendes;Baixo-Baixo;0,001;False;0,0;;True;False
Atividades de associações de defesa de direitos sociais;S - Outras atividades de serviços;Água Branca;Alto-Baixo;0,001;True;1,1874;T1;True;False
Atividades de associações de defesa de direitos sociais;S - Outras atividades de serviços;Alto Longá;Baixo-Baixo;0,001;False;0,0;;True;False
Atividades de associações de defesa de direitos sociais;S - Outras atividades de serviços;Altos;Baixo-Alto;0,018;False;0,0;T7;False;False
Atividades de associações de defesa de direitos sociais;S - Outras atividades de serviços;Batalha;Baixo-Alto;0,032;False;0,0;;False;False
Atividades de associações de defesa de direitos sociais;S - Outras atividades de serviços;Bom Princípio do Piauí;Baixo-Alto;0,011;False;0,0;;False;False
Atividades de associações de defesa de direitos sociais;S - Outras atividades de serviços;Brasileira;Baixo-Alto;0,016;False;0,0;;False;True
Atividades de associações de defesa de direitos sociais;S - Outras atividades de serviços;Brejo do Piauí;Baixo-Baixo;0,001;False;0,0;;True;False
Atividades de associações de defesa de direitos sociais;S - Outras atividades de serviços;Cabeceiras do Piauí;Baixo-Baixo;0,001;False;0,0;;True;False
Atividades de associações de defesa de direitos sociais;S - Outras atividades de serviços;Cajueiro da Praia;Baixo-Alto;0,033;False;0,0;;False;True
Atividades de associações de defesa de direitos sociais;S - Outras atividades de serviços;Castelo do Piauí;Alto-Baixo;0,001;True;6,9336;T1;True;True
Atividades de associações de defesa de direitos sociais;S - Outras atividades de serviços;Curimatá;Alto-Baixo;0,001;True;5,8881;T1,T3,T7;True;True
Atividades de associações de defesa de direitos sociais;S - Outras atividades de serviços;Currais;Baixo-Alto;0,036;False;0,0;;False;False
Atividades de associações de defesa de direitos sociais;S - Outras atividades de serviços;Curralinhos;Baixo-Alto;0,027;False;0,0;;False;False
Atividades de associações de defesa de direitos sociais;S - Outras atividades de serviços;Demerval Lobão;Baixo-Alto;0,011;False;0,0;;False;False
Atividades de associações de defesa de direitos sociais;S - Outras atividades de serviços;Dom Expedito Lopes;Baixo-Alto;0,039;False;0,0;;False;False
Atividades de associações de defesa de direitos sociais;S - Outras atividades de serviços;Domingos Mourão;Baixo-Alto;0,011;False;0,0;;False;True
Atividades de associações de defesa de direitos sociais;S - Outras atividades de serviços;Elesbão Veloso;Baixo-Baixo;0,001;False;0,0;T7;True;False
Atividades de associações de defesa de direitos sociais;S - Outras atividades de serviços;Guadalupe;Alto-Baixo;0,001;True;27,9381;T1,T2;True;True
Atividades de associações de defesa de direitos sociais;S - Outras atividades de serviços;Ilha Grande;Baixo-Alto;0,028;False;0,0;T7;False;True
Atividades de associações de defesa de direitos sociais;S - Outras atividades de serviços;Isaías Coelho;Baixo-Baixo;0,001;False;0,0;;True;False
Atividades de associações de defesa de direitos sociais;S - Outras atividades de serviços;José de Freitas;Baixo-Alto;0,026;False;0,0;T7,T8;False;False
Atividades de associações de defesa de direitos sociais;S - Outras atividades de serviços;Lagoa de São Francisco;Baixo-Alto;0,011;False;0,0;;False;True
Atividades de associações de defesa de direitos sociais;S - Outras atividades de serviços;Lagoa do Piauí;Baixo-Alto;0,018;False;0,0;;False;False
Atividades de associações de defesa de direitos sociais;S - Outras atividades de serviços;Monsenhor Gil;Baixo-Alto;0,046;False;0,0;;False;False
Atividades de associações de defesa de direitos sociais;S - Outras atividades de serviços;Morro do Chapéu do Piauí;Baixo-Alto;0,027;False;0,0;;False;False
Atividades de associações de defesa de direitos sociais;S - Outras atividades de serviços;Nazária;Baixo-Alto;0,004;False;0,0;;True;False
Atividades de associações de defesa de direitos sociais;S - Outras atividades de serviços;Palmeira do Piauí;Baixo-Alto;0,043;False;0,0;;False;False
Atividades de associações de defesa de direitos sociais;S - Outras atividades de serviços;Palmeirais;Baixo-Alto;0,027;False;0,0;;False;False
Atividades de associações de defesa de direitos sociais;S - Outras atividades de serviços;Passagem Franca do Piauí;Baixo-Baixo;0,001;False;0,0;;True;False
Atividades de associações de defesa de direitos sociais;S - Outras atividades de serviços;Pau D'Arco do Piauí;Baixo-Alto;0,028;False;0,0;;False;False
Atividades de associações de defesa de direitos sociais;S - Outras atividades de serviços;Pimenteiras;Baixo-Baixo;0,001;False;0,0;;True;False
Atividades de associações de defesa de direitos sociais;S - Outras atividades de serviços;Ribeiro Gonçalves;Baixo-Alto;0,02;False;0,0;;False;True
Atividades de associações de defesa de direitos sociais;S - Outras atividades de serviços;Santa Cruz do Piauí;Baixo-Baixo;0,001;False;0,0;;True;False
Atividades de associações de defesa de direitos sociais;S - Outras atividades de serviços;Santa Filomena;Baixo-Alto;0,02;False;0,0;T7;False;False
Atividades de associações de defesa de direitos sociais;S - Outras atividades de serviços;Santana do Piauí;Baixo-Alto;0,038;False;0,0;;False;False
Atividades de associações de defesa de direitos sociais;S - Outras atividades de serviços;São João do Piauí;Baixo-Baixo;0,001;False;0,0;T7;True;False
Atividades de associações de defesa de direitos sociais;S - Outras atividades de serviços;São José do Peixe;Baixo-Baixo;0,001;False;0,0;;True;False
Atividades de associações de defesa de direitos sociais;S - Outras atividades de serviços;São Raimundo Nonato;Baixo-Baixo;0,001;False;0,0;T7;True;False
Atividades de associações de defesa de direitos sociais;S - Outras atividades de serviços;Simplício Mendes;Baixo-Baixo;0,001;False;0,0;T7;True;False
Atividades de associações de defesa de direitos sociais;S - Outras atividades de serviços;Teresina;Alto-Baixo;0,001;True;1577,4459;T1,T3;True;False
Atividades de associações de defesa de direitos sociais;S - Outras atividades de serviços;União;Baixo-Alto;0,011;False;0,0;;False;False
Atividades de atendimento hospitalar, exceto pronto-socorro e unidades para atendimento a urgências;Q - Saúde humana e serviços sociais;Acauã;Baixo-Baixo;0,001;False;0,0;;True;False
Atividades de atendimento hospitalar, exceto pronto-socorro e unidades para atendimento a urgências;Q - Saúde humana e serviços sociais;Agricolândia;Baixo-Baixo;0,001;False;0,0;;True;False
Atividades de atendimento hospitalar, exceto pronto-socorro e unidades para atendimento a urgências;Q - Saúde humana e serviços sociais;Altos;Baixo-Alto;0,036;False;0,0;;False;False
Atividades de atendimento hospitalar, exceto pronto-socorro e unidades para atendimento a urgências;Q - Saúde humana e serviços sociais;Alvorada do Gurguéia;Baixo-Baixo;0,001;False;0,0;;True;False
Atividades de atendimento hospitalar, exceto pronto-socorro e unidades para atendimento a urgências;Q - Saúde humana e serviços sociais;Anísio de Abreu;Baixo-Baixo;0,001;False;0,0;;True;False
Atividades de atendimento hospitalar, exceto pronto-socorro e unidades para atendimento a urgências;Q - Saúde humana e serviços sociais;Antônio Almeida;Baixo-Baixo;0,001;False;0,0;;True;False
Atividades de atendimento hospitalar, exceto pronto-socorro e unidades para atendimento a urgências;Q - Saúde humana e serviços sociais;Aroazes;Baixo-Baixo;0,001;False;0,0;T7,T8;True;False
Atividades de atendimento hospitalar, exceto pronto-socorro e unidades para atendimento a urgências;Q - Saúde humana e serviços sociais;Aroeiras do Itaim;Baixo-Alto;0,004;False;0,0;;True;True
Atividades de atendimento hospitalar, exceto pronto-socorro e unidades para atendimento a urgências;Q - Saúde humana e serviços sociais;Assunção do Piauí;Baixo-Baixo;0,001;False;0,0;;True;False
Atividades de atendimento hospitalar, exceto pronto-socorro e unidades para atendimento a urgências;Q - Saúde humana e serviços sociais;Avelino Lopes;Baixo-Baixo;0,001;False;0,0;T8;True;False
Atividades de atendimento hospitalar, exceto pronto-socorro e unidades para atendimento a urgências;Q - Saúde humana e serviços sociais;Barras;Baixo-Baixo;0,001;False;0,0;;True;False
Atividades de atendimento hospitalar, exceto pronto-socorro e unidades para atendimento a urgências;Q - Saúde humana e serviços sociais;Barreiras do Piauí;Baixo-Baixo;0,001;False;0,0;;True;False
Atividades de atendimento hospitalar, exceto pronto-socorro e unidades para atendimento a urgências;Q - Saúde humana e serviços sociais;Barro Duro;Baixo-Baixo;0,001;False;0,0;;True;False
Atividades de atendimento hospitalar, exceto pronto-socorro e unidades para atendimento a urgências;Q - Saúde humana e serviços sociais;Bertolínia;Baixo-Baixo;0,001;False;0,0;;True;False
Atividades de atendimento hospitalar, exceto pronto-socorro e unidades para atendimento a urgências;Q - Saúde humana e serviços sociais;Betânia do Piauí;Baixo-Baixo;0,001;False;0,0;;True;False
Atividades de atendimento hospitalar, exceto pronto-socorro e unidades para atendimento a urgências;Q - Saúde humana e serviços sociais;Bom Jesus;Baixo-Baixo;0,001;False;0,0;;True;False
Atividades de atendimento hospitalar, exceto pronto-socorro e unidades para atendimento a urgências;Q - Saúde humana e serviços sociais;Bonfim do Piauí;Baixo-Alto;0,034;False;0,0;;False;False
Atividades de atendimento hospitalar, exceto pronto-socorro e unidades para atendimento a urgências;Q - Saúde humana e serviços sociais;Cajueiro da Praia;Baixo-Baixo;0,001;False;0,0;;True;False
Atividades de atendimento hospitalar, exceto pronto-socorro e unidades para atendimento a urgências;Q - Saúde humana e serviços sociais;Campinas do Piauí;Baixo-Baixo;0,001;False;0,0;;True;False
Atividades de atendimento hospitalar, exceto pronto-socorro e unidades para atendimento a urgências;Q - Saúde humana e serviços sociais;Campo Alegre do Fidalgo;Baixo-Baixo;0,001;False;0,0;;True;False
Atividades de atendimento hospitalar, exceto pronto-socorro e unidades para atendimento a urgências;Q - Saúde humana e serviços sociais;Campo Grande do Piauí;Baixo-Baixo;0,001;False;0,0;;True;False
Atividades de atendimento hospitalar, exceto pronto-socorro e unidades para atendimento a urgências;Q - Saúde humana e serviços sociais;Campo Largo do Piauí;Baixo-Baixo;0,001;False;0,0;T8;True;False
Atividades de atendimento hospitalar, exceto pronto-socorro e unidades para atendimento a urgências;Q - Saúde humana e serviços sociais;Campo Maior;Alto-Baixo;0,001;True;750,0234;T1;True;False
Atividades de atendimento hospitalar, exceto pronto-socorro e unidades para atendimento a urgências;Q - Saúde humana e serviços sociais;Capitão Gervásio Oliveira;Baixo-Baixo;0,001;False;0,0;;True;False
Atividades de atendimento hospitalar, exceto pronto-socorro e unidades para atendimento a urgências;Q - Saúde humana e serviços sociais;Caracol;Baixo-Baixo;0,001;False;0,0;;True;False
Atividades de atendimento hospitalar, exceto pronto-socorro e unidades para atendimento a urgências;Q - Saúde humana e serviços sociais;Caraúbas do Piauí;Baixo-Baixo;0,001;False;0,0;;True;False
Atividades de atendimento hospitalar, exceto pronto-socorro e unidades para atendimento a urgências;Q - Saúde humana e serviços sociais;Castelo do Piauí;Baixo-Baixo;0,001;False;0,0;;True;False
Atividades de atendimento hospitalar, exceto pronto-socorro e unidades para atendimento a urgências;Q - Saúde humana e serviços sociais;Caxingó;Baixo-Baixo;0,001;False;0,0;;True;False
Atividades de atendimento hospitalar, exceto pronto-socorro e unidades para atendimento a urgências;Q - Saúde humana e serviços sociais;Cocal;Baixo-Baixo;0,001;False;0,0;;True;False
Atividades de atendimento hospitalar, exceto pronto-socorro e unidades para atendimento a urgências;Q - Saúde humana e serviços sociais;Cocal de Telha;Baixo-Alto;0,04;False;0,0;;False;False
Atividades de atendimento hospitalar, exceto pronto-socorro e unidades para atendimento a urgências;Q - Saúde humana e serviços sociais;Coivaras;Baixo-Alto;0,025;False;0,0;;False;False
Atividades de atendimento hospitalar, exceto pronto-socorro e unidades para atendimento a urgências;Q - Saúde humana e serviços sociais;Colônia do Gurguéia;Baixo-Baixo;0,001;False;0,0;;True;False
Atividades de atendimento hospitalar, exceto pronto-socorro e unidades para atendimento a urgências;Q - Saúde humana e serviços sociais;Colônia do Piauí;Baixo-Baixo;0,001;False;0,0;;True;False
Atividades de atendimento hospitalar, exceto pronto-socorro e unidades para atendimento a urgências;Q - Saúde humana e serviços sociais;Conceição do Canindé;Baixo-Baixo;0,001;False;0,0;;True;False
Atividades de atendimento hospitalar, exceto pronto-socorro e unidades para atendimento a urgências;Q - Saúde humana e serviços sociais;Cristalândia do Piauí;Baixo-Baixo;0,001;False;0,0;;True;False
Atividades de atendimento hospitalar, exceto pronto-socorro e unidades para atendimento a urgências;Q - Saúde humana e serviços sociais;Curimatá;Baixo-Baixo;0,001;False;0,0;T7;True;False
Atividades de atendimento hospitalar, exceto pronto-socorro e unidades para atendimento a urgências;Q - Saúde humana e serviços sociais;Curralinhos;Baixo-Baixo;0,001;False;0,0;;True;False
Atividades de atendimento hospitalar, exceto pronto-socorro e unidades para atendimento a urgências;Q - Saúde humana e serviços sociais;Demerval Lobão;Baixo-Baixo;0,001;False;0,0;;True;False
Atividades de atendimento hospitalar, exceto pronto-socorro e unidades para atendimento a urgências;Q - Saúde humana e serviços sociais;Dirceu Arcoverde;Baixo-Alto;0,04;False;0,0;;False;False
Atividades de atendimento hospitalar, exceto pronto-socorro e unidades para atendimento a urgências;Q - Saúde humana e serviços sociais;Dom Expedito Lopes;Baixo-Alto;0,009;False;0,0;;True;True
Atividades de atendimento hospitalar, exceto pronto-socorro e unidades para atendimento a urgências;Q - Saúde humana e serviços sociais;Domingos Mourão;Baixo-Alto;0,022;False;0,0;;False;False
Atividades de atendimento hospitalar, exceto pronto-socorro e unidades para atendimento a urgências;Q - Saúde humana e serviços sociais;Elesbão Veloso;Baixo-Baixo;0,001;False;0,0;;True;False
Atividades de atendimento hospitalar, exceto pronto-socorro e unidades para atendimento a urgências;Q - Saúde humana e serviços sociais;Eliseu Martins;Baixo-Baixo;0,001;False;0,0;;True;False
Atividades de atendimento hospitalar, exceto pronto-socorro e unidades para atendimento a urgências;Q - Saúde humana e serviços sociais;Esperantina;Baixo-Baixo;0,001;False;0,0;T7;True;False
Atividades de atendimento hospitalar, exceto pronto-socorro e unidades para atendimento a urgências;Q - Saúde humana e serviços sociais;Fartura do Piauí;Baixo-Alto;0,027;False;0,0;;False;False
Atividades de atendimento hospitalar, exceto pronto-socorro e unidades para atendimento a urgências;Q - Saúde humana e serviços sociais;Fronteiras;Baixo-Baixo;0,001;False;0,0;;True;False
Atividades de atendimento hospitalar, exceto pronto-socorro e unidades para atendimento a urgências;Q - Saúde humana e serviços sociais;Geminiano;Baixo-Alto;0,006;False;0,0;;True;True
Atividades de atendimento hospitalar, exceto pronto-socorro e unidades para atendimento a urgências;Q - Saúde humana e serviços sociais;Guadalupe;Baixo-Baixo;0,001;False;0,0;;True;False
Atividades de atendimento hospitalar, exceto pronto-socorro e unidades para atendimento a urgências;Q - Saúde humana e serviços sociais;Ilha Grande;Baixo-Alto;0,015;False;0,0;;True;False
Atividades de atendimento hospitalar, exceto pronto-socorro e unidades para atendimento a urgências;Q - Saúde humana e serviços sociais;Ipiranga do Piauí;Baixo-Alto;0,029;False;0,0;;False;False
Atividades de atendimento hospitalar, exceto pronto-socorro e unidades para atendimento a urgências;Q - Saúde humana e serviços sociais;Jacobina do Piauí;Baixo-Baixo;0,001;False;0,0;;True;False
Atividades de atendimento hospitalar, exceto pronto-socorro e unidades para atendimento a urgências;Q - Saúde humana e serviços sociais;Jatobá do Piauí;Baixo-Alto;0,026;False;0,0;;False;False
Atividades de atendimento hospitalar, exceto pronto-socorro e unidades para atendimento a urgências;Q - Saúde humana e serviços sociais;Joaquim Pires;Baixo-Baixo;0,001;False;0,0;;True;False
Atividades de atendimento hospitalar, exceto pronto-socorro e unidades para atendimento a urgências;Q - Saúde humana e serviços sociais;Joca Marques;Baixo-Baixo;0,001;False;0,0;;True;False
Atividades de atendimento hospitalar, exceto pronto-socorro e unidades para atendimento a urgências;Q - Saúde humana e serviços sociais;Juazeiro do Piauí;Baixo-Baixo;0,001;False;0,0;;True;False
Atividades de atendimento hospitalar, exceto pronto-socorro e unidades para atendimento a urgências;Q - Saúde humana e serviços sociais;Júlio Borges;Baixo-Baixo;0,001;False;0,0;T8;True;False
Atividades de atendimento hospitalar, exceto pronto-socorro e unidades para atendimento a urgências;Q - Saúde humana e serviços sociais;Lagoa Alegre;Baixo-Baixo;0,001;False;0,0;;True;False
Atividades de atendimento hospitalar, exceto pronto-socorro e unidades para atendimento a urgências;Q - Saúde humana e serviços sociais;Lagoa do Sítio;Baixo-Baixo;0,001;False;0,0;;True;False
Atividades de atendimento hospitalar, exceto pronto-socorro e unidades para atendimento a urgências;Q - Saúde humana e serviços sociais;Landri Sales;Baixo-Baixo;0,001;False;0,0;;True;False
Atividades de atendimento hospitalar, exceto pronto-socorro e unidades para atendimento a urgências;Q - Saúde humana e serviços sociais;Luzilândia;Baixo-Baixo;0,001;False;0,0;;True;False
Atividades de atendimento hospitalar, exceto pronto-socorro e unidades para atendimento a urgências;Q - Saúde humana e serviços sociais;Madeiro;Baixo-Baixo;0,001;False;0,0;;True;False
Atividades de atendimento hospitalar, exceto pronto-socorro e unidades para atendimento a urgências;Q - Saúde humana e serviços sociais;Manoel Emídio;Baixo-Baixo;0,001;False;0,0;;True;False
Atividades de atendimento hospitalar, exceto pronto-socorro e unidades para atendimento a urgências;Q - Saúde humana e serviços sociais;Marcos Parente;Baixo-Baixo;0,001;False;0,0;;True;False
Atividades de atendimento hospitalar, exceto pronto-socorro e unidades para atendimento a urgências;Q - Saúde humana e serviços sociais;Matias Olímpio;Baixo-Baixo;0,001;False;0,0;;True;False
Atividades de atendimento hospitalar, exceto pronto-socorro e unidades para atendimento a urgências;Q - Saúde humana e serviços sociais;Miguel Alves;Baixo-Baixo;0,001;False;0,0;;True;False
Atividades de atendimento hospitalar, exceto pronto-socorro e unidades para atendimento a urgências;Q - Saúde humana e serviços sociais;Miguel Leão;Baixo-Baixo;0,001;False;0,0;;True;False
Atividades de atendimento hospitalar, exceto pronto-socorro e unidades para atendimento a urgências;Q - Saúde humana e serviços sociais;Monsenhor Gil;Baixo-Baixo;0,001;False;0,0;;True;False
Atividades de atendimento hospitalar, exceto pronto-socorro e unidades para atendimento a urgências;Q - Saúde humana e serviços sociais;Monte Alegre do Piauí;Baixo-Baixo;0,001;False;0,0;;True;False
Atividades de atendimento hospitalar, exceto pronto-socorro e unidades para atendimento a urgências;Q - Saúde humana e serviços sociais;Morro Cabeça no Tempo;Baixo-Baixo;0,001;False;0,0;;True;False
Atividades de atendimento hospitalar, exceto pronto-socorro e unidades para atendimento a urgências;Q - Saúde humana e serviços sociais;Morro do Chapéu do Piauí;Baixo-Baixo;0,001;False;0,0;;True;False
Atividades de atendimento hospitalar, exceto pronto-socorro e unidades para atendimento a urgências;Q - Saúde humana e serviços sociais;Murici dos Portelas;Baixo-Baixo;0,001;False;0,0;;True;False
Atividades de atendimento hospitalar, exceto pronto-socorro e unidades para atendimento a urgências;Q - Saúde humana e serviços sociais;Nazária;Baixo-Baixo;0,001;False;0,0;;True;False
Atividades de atendimento hospitalar, exceto pronto-socorro e unidades para atendimento a urgências;Q - Saúde humana e serviços sociais;Nossa Senhora de Nazaré;Baixo-Alto;0,026;False;0,0;;False;False
Atividades de atendimento hospitalar, exceto pronto-socorro e unidades para atendimento a urgências;Q - Saúde humana e serviços sociais;Nossa Senhora dos Remédios;Baixo-Baixo;0,001;False;0,0;;True;False
Atividades de atendimento hospitalar, exceto pronto-socorro e unidades para atendimento a urgências;Q - Saúde humana e serviços sociais;Novo Santo Antônio;Baixo-Alto;0,041;False;0,0;;False;False
Atividades de atendimento hospitalar, exceto pronto-socorro e unidades para atendimento a urgências;Q - Saúde humana e serviços sociais;Paes Landim;Baixo-Baixo;0,001;False;0,0;;True;False
Atividades de atendimento hospitalar, exceto pronto-socorro e unidades para atendimento a urgências;Q - Saúde humana e serviços sociais;Palmeira do Piauí;Baixo-Baixo;0,001;False;0,0;;True;False
Atividades de atendimento hospitalar, exceto pronto-socorro e unidades para atendimento a urgências;Q - Saúde humana e serviços sociais;Paquetá;Baixo-Alto;0,003;False;0,0;;True;True
Atividades de atendimento hospitalar, exceto pronto-socorro e unidades para atendimento a urgências;Q - Saúde humana e serviços sociais;Parnaíba;Alto-Baixo;0,001;True;182,8474;T1,T7;True;True
Atividades de atendimento hospitalar, exceto pronto-socorro e unidades para atendimento a urgências;Q - Saúde humana e serviços sociais;Passagem Franca do Piauí;Baixo-Baixo;0,001;False;0,0;;True;False
Atividades de atendimento hospitalar, exceto pronto-socorro e unidades para atendimento a urgências;Q - Saúde humana e serviços sociais;Patos do Piauí;Baixo-Baixo;0,001;False;0,0;;True;False
Atividades de atendimento hospitalar, exceto pronto-socorro e unidades para atendimento a urgências;Q - Saúde humana e serviços sociais;Pau D'Arco do Piauí;Baixo-Baixo;0,001;False;0,0;;True;False
Atividades de atendimento hospitalar, exceto pronto-socorro e unidades para atendimento a urgências;Q - Saúde humana e serviços sociais;Paulistana;Baixo-Baixo;0,001;False;0,0;T7;True;False
Atividades de atendimento hospitalar, exceto pronto-socorro e unidades para atendimento a urgências;Q - Saúde humana e serviços sociais;Pedro II;Alto-Baixo;0,001;True;26,7731;T2;True;False
Atividades de atendimento hospitalar, exceto pronto-socorro e unidades para atendimento a urgências;Q - Saúde humana e serviços sociais;Picos;Alto-Baixo;0,001;True;1620,7487;T1;True;False
Atividades de atendimento hospitalar, exceto pronto-socorro e unidades para atendimento a urgências;Q - Saúde humana e serviços sociais;Pio IX;Baixo-Baixo;0,001;False;0,0;;True;False
Atividades de atendimento hospitalar, exceto pronto-socorro e unidades para atendimento a urgências;Q - Saúde humana e serviços sociais;Porto;Baixo-Baixo;0,001;False;0,0;;True;False
Atividades de atendimento hospitalar, exceto pronto-socorro e unidades para atendimento a urgências;Q - Saúde humana e serviços sociais;Porto Alegre do Piauí;Baixo-Baixo;0,001;False;0,0;;True;False
Atividades de atendimento hospitalar, exceto pronto-socorro e unidades para atendimento a urgências;Q - Saúde humana e serviços sociais;Queimada Nova;Baixo-Baixo;0,001;False;0,0;;True;False
Atividades de atendimento hospitalar, exceto pronto-socorro e unidades para atendimento a urgências;Q - Saúde humana e serviços sociais;Ribeiro Gonçalves;Baixo-Baixo;0,001;False;0,0;;True;False
Atividades de atendimento hospitalar, exceto pronto-socorro e unidades para atendimento a urgências;Q - Saúde humana e serviços sociais;Santa Cruz do Piauí;Alto-Baixo;0,001;True;40,7357;T1;True;False
Atividades de atendimento hospitalar, exceto pronto-socorro e unidades para atendimento a urgências;Q - Saúde humana e serviços sociais;Santa Filomena;Baixo-Baixo;0,001;False;0,0;;True;False
Atividades de atendimento hospitalar, exceto pronto-socorro e unidades para atendimento a urgências;Q - Saúde humana e serviços sociais;Santa Rosa do Piauí;Baixo-Baixo;0,001;False;0,0;;True;False
Atividades de atendimento hospitalar, exceto pronto-socorro e unidades para atendimento a urgências;Q - Saúde humana e serviços sociais;Santana do Piauí;Baixo-Alto;0,011;False;0,0;;True;True
Atividades de atendimento hospitalar, exceto pronto-socorro e unidades para atendimento a urgências;Q - Saúde humana e serviços sociais;Santo Antônio de Lisboa;Alto-Baixo;0,001;True;44,6862;T1;True;False
Atividades de atendimento hospitalar, exceto pronto-socorro e unidades para atendimento a urgências;Q - Saúde humana e serviços sociais;Santo Antônio dos Milagres;Baixo-Baixo;0,001;False;0,0;;True;False
Atividades de atendimento hospitalar, exceto pronto-socorro e unidades para atendimento a urgências;Q - Saúde humana e serviços sociais;Santo Inácio do Piauí;Baixo-Baixo;0,001;False;0,0;T3;True;False
Atividades de atendimento hospitalar, exceto pronto-socorro e unidades para atendimento a urgências;Q - Saúde humana e serviços sociais;São Francisco do Piauí;Baixo-Baixo;0,001;False;0,0;;True;False
Atividades de atendimento hospitalar, exceto pronto-socorro e unidades para atendimento a urgências;Q - Saúde humana e serviços sociais;São Gonçalo do Gurguéia;Baixo-Baixo;0,001;False;0,0;;True;False
Atividades de atendimento hospitalar, exceto pronto-socorro e unidades para atendimento a urgências;Q - Saúde humana e serviços sociais;São Gonçalo do Piauí;Baixo-Baixo;0,001;False;0,0;;True;False
Atividades de atendimento hospitalar, exceto pronto-socorro e unidades para atendimento a urgências;Q - Saúde humana e serviços sociais;São João da Canabrava;Baixo-Baixo;0,001;False;0,0;;True;False
Atividades de atendimento hospitalar, exceto pronto-socorro e unidades para atendimento a urgências;Q - Saúde humana e serviços sociais;São João da Fronteira;Alto-Baixo;0,001;True;54,6625;T1;True;False
Atividades de atendimento hospitalar, exceto pronto-socorro e unidades para atendimento a urgências;Q - Saúde humana e serviços sociais;São João da Serra;Baixo-Baixo;0,001;False;0,0;;True;False
Atividades de atendimento hospitalar, exceto pronto-socorro e unidades para atendimento a urgências;Q - Saúde humana e serviços sociais;São João do Piauí;Baixo-Baixo;0,001;False;0,0;;True;False
Atividades de atendimento hospitalar, exceto pronto-socorro e unidades para atendimento a urgências;Q - Saúde humana e serviços sociais;São José do Divino;Baixo-Baixo;0,001;False;0,0;;True;False
Atividades de atendimento hospitalar, exceto pronto-socorro e unidades para atendimento a urgências;Q - Saúde humana e serviços sociais;São José do Piauí;Baixo-Baixo;0,001;False;0,0;;True;False
Atividades de atendimento hospitalar, exceto pronto-socorro e unidades para atendimento a urgências;Q - Saúde humana e serviços sociais;São Lourenço do Piauí;Baixo-Alto;0,029;False;0,0;;False;False
Atividades de atendimento hospitalar, exceto pronto-socorro e unidades para atendimento a urgências;Q - Saúde humana e serviços sociais;São Miguel da Baixa Grande;Baixo-Baixo;0,001;False;0,0;;True;False
Atividades de atendimento hospitalar, exceto pronto-socorro e unidades para atendimento a urgências;Q - Saúde humana e serviços sociais;São Miguel do Fidalgo;Baixo-Baixo;0,001;False;0,0;;True;False
Atividades de atendimento hospitalar, exceto pronto-socorro e unidades para atendimento a urgências;Q - Saúde humana e serviços sociais;São Miguel do Tapuio;Baixo-Baixo;0,001;False;0,0;;True;False
Atividades de atendimento hospitalar, exceto pronto-socorro e unidades para atendimento a urgências;Q - Saúde humana e serviços sociais;São Pedro do Piauí;Baixo-Baixo;0,001;False;0,0;;True;False
Atividades de atendimento hospitalar, exceto pronto-socorro e unidades para atendimento a urgências;Q - Saúde humana e serviços sociais;São Raimundo Nonato;Alto-Baixo;0,001;True;724,0787;T1;True;True
Atividades de atendimento hospitalar, exceto pronto-socorro e unidades para atendimento a urgências;Q - Saúde humana e serviços sociais;Sebastião Barros;Baixo-Baixo;0,001;False;0,0;;True;False
Atividades de atendimento hospitalar, exceto pronto-socorro e unidades para atendimento a urgências;Q - Saúde humana e serviços sociais;Sebastião Leal;Baixo-Baixo;0,001;False;0,0;;True;False
Atividades de atendimento hospitalar, exceto pronto-socorro e unidades para atendimento a urgências;Q - Saúde humana e serviços sociais;Simplício Mendes;Baixo-Baixo;0,001;False;0,0;;True;False
Atividades de atendimento hospitalar, exceto pronto-socorro e unidades para atendimento a urgências;Q - Saúde humana e serviços sociais;Socorro do Piauí;Baixo-Baixo;0,001;False;0,0;;True;False
Atividades de atendimento hospitalar, exceto pronto-socorro e unidades para atendimento a urgências;Q - Saúde humana e serviços sociais;Sussuapara;Baixo-Alto;0,01;False;0,0;;True;True
Atividades de atendimento hospitalar, exceto pronto-socorro e unidades para atendimento a urgências;Q - Saúde humana e serviços sociais;Tamboril do Piauí;Baixo-Baixo;0,001;False;0,0;;True;False
Atividades de atendimento hospitalar, exceto pronto-socorro e unidades para atendimento a urgências;Q - Saúde humana e serviços sociais;União;Baixo-Baixo;0,001;False;0,0;;True;False
Atividades de atendimento hospitalar, exceto pronto-socorro e unidades para atendimento a urgências;Q - Saúde humana e serviços sociais;Valença do Piauí;Baixo-Baixo;0,001;False;0,0;;True;False
Atividades de atendimento hospitalar, exceto pronto-socorro e unidades para atendimento a urgências;Q - Saúde humana e serviços sociais;Várzea Branca;Baixo-Alto;0,049;False;0,0;;False;False
Atividades de atendimento hospitalar, exceto pronto-socorro e unidades para atendimento a urgências;Q - Saúde humana e serviços sociais;Várzea Grande;Baixo-Baixo;0,001;False;0,0;;True;False
Atividades de atendimento hospitalar, exceto pronto-socorro e unidades para atendimento a urgências;Q - Saúde humana e serviços sociais;Vera Mendes;Baixo-Baixo;0,001;False;0,0;;True;False
Atividades de cobrança e informações cadastrais;K - Atividades financeiras e de seguros;Altos;Alto-Alto;0,007;True;13,3988;T1;False;True
Atividades de cobrança e informações cadastrais;K - Atividades financeiras e de seguros;Aroeiras do Itaim;Baixo-Alto;0,047;False;0,0;;False;False
Atividades de cobrança e informações cadastrais;K - Atividades financeiras e de seguros;Barras;Alto-Alto;0,039;True;9,9895;T2;False;False
Atividades de cobrança e informações cadastrais;K - Atividades financeiras e de seguros;Batalha;Baixo-Alto;0,01;False;0,0;;False;False
Atividades de cobrança e informações cadastrais;K - Atividades financeiras e de seguros;Boa Hora;Baixo-Alto;0,014;False;0,0;;False;False
Atividades de cobrança e informações cadastrais;K - Atividades financeiras e de seguros;Coivaras;Baixo-Alto;0,039;False;0,0;;False;False
Atividades de cobrança e informações cadastrais;K - Atividades financeiras e de seguros;Corrente;Alto-Baixo;0,001;True;0,9041;T1;True;True
Atividades de cobrança e informações cadastrais;K - Atividades financeiras e de seguros;Curralinhos;Baixo-Alto;0,043;False;0,0;;False;False
Atividades de cobrança e informações cadastrais;K - Atividades financeiras e de seguros;Demerval Lobão;Baixo-Alto;0,012;False;0,0;T7;False;False
Atividades de cobrança e informações cadastrais;K - Atividades financeiras e de seguros;Dom Expedito Lopes;Baixo-Alto;0,038;False;0,0;;False;False
Atividades de cobrança e informações cadastrais;K - Atividades financeiras e de seguros;Domingos Mourão;Baixo-Alto;0,042;False;0,0;;False;False
Atividades de cobrança e informações cadastrais;K - Atividades financeiras e de seguros;Floriano;Alto-Baixo;0,001;True;13,5748;T1,T7;True;False
Atividades de cobrança e informações cadastrais;K - Atividades financeiras e de seguros;Ilha Grande;Baixo-Alto;0,02;False;0,0;;False;False
Atividades de cobrança e informações cadastrais;K - Atividades financeiras e de seguros;Ipiranga do Piauí;Baixo-Alto;0,032;False;0,0;;False;False
Atividades de cobrança e informações cadastrais;K - Atividades financeiras e de seguros;José de Freitas;Baixo-Alto;0,003;False;0,0;;False;False
Atividades de cobrança e informações cadastrais;K - Atividades financeiras e de seguros;Lagoa de São Francisco;Baixo-Alto;0,022;False;0,0;;False;False
Atividades de cobrança e informações cadastrais;K - Atividades financeiras e de seguros;Lagoa do Piauí;Baixo-Alto;0,032;False;0,0;;False;False
Atividades de cobrança e informações cadastrais;K - Atividades financeiras e de seguros;Nazária;Baixo-Alto;0,006;False;0,0;;False;False
Atividades de cobrança e informações cadastrais;K - Atividades financeiras e de seguros;Palmeirais;Baixo-Alto;0,047;False;0,0;;False;False
Atividades de cobrança e informações cadastrais;K - Atividades financeiras e de seguros;Paquetá;Baixo-Alto;0,048;False;0,0;;False;False
Atividades de cobrança e informações cadastrais;K - Atividades financeiras e de seguros;Parnaíba;Alto-Baixo;0,001;True;15,2643;T1,T7;True;False
Atividades de cobrança e informações cadastrais;K - Atividades financeiras e de seguros;Pau D'Arco do Piauí;Baixo-Alto;0,011;False;0,0;;False;False
Atividades de cobrança e informações cadastrais;K - Atividades financeiras e de seguros;Picos;Alto-Baixo;0,001;True;204,5648;T1,T3;True;False
Atividades de cobrança e informações cadastrais;K - Atividades financeiras e de seguros;Santana do Piauí;Baixo-Alto;0,047;False;0,0;;False;False
Atividades de cobrança e informações cadastrais;K - Atividades financeiras e de seguros;São Lourenço do Piauí;Baixo-Alto;0,049;False;0,0;;False;False
Atividades de cobrança e informações cadastrais;K - Atividades financeiras e de seguros;União;Baixo-Alto;0,014;False;0,0;;False;True
Atividades de condicionamento físico;R - Artes, cultura, esporte e recreação;Água Branca;Alto-Baixo;0,001;True;22,2863;T1;True;False
Atividades de condicionamento físico;R - Artes, cultura, esporte e recreação;Altos;Alto-Alto;0,007;True;15,9126;T1;False;True
Atividades de condicionamento físico;R - Artes, cultura, esporte e recreação;Bom Princípio do Piauí;Baixo-Alto;0,007;False;0,0;;False;False
Atividades de condicionamento físico;R - Artes, cultura, esporte e recreação;Cajueiro da Praia;Baixo-Alto;0,031;False;0,0;;False;True
Atividades de condicionamento físico;R - Artes, cultura, esporte e recreação;Capitão de Campos;Baixo-Alto;0,033;False;0,0;T8;False;False
Atividades de condicionamento físico;R - Artes, cultura, esporte e recreação;Coivaras;Baixo-Alto;0,028;False;0,0;;False;True
Atividades de condicionamento físico;R - Artes, cultura, esporte e recreação;Curralinhos;Baixo-Alto;0,042;False;0,0;;False;False
Atividades de condicionamento físico;R - Artes, cultura, esporte e recreação;Demerval Lobão;Baixo-Alto;0,011;False;0,0;T7;False;False
Atividades de condicionamento físico;R - Artes, cultura, esporte e recreação;Domingos Mourão;Baixo-Alto;0,009;False;0,0;;False;True
Atividades de condicionamento físico;R - Artes, cultura, esporte e recreação;Ilha Grande;Baixo-Alto;0,005;False;0,0;;False;True
Atividades de condicionamento físico;R - Artes, cultura, esporte e recreação;Ipiranga do Piauí;Baixo-Alto;0,045;False;0,0;;False;False
Atividades de condicionamento físico;R - Artes, cultura, esporte e recreação;José de Freitas;Baixo-Alto;0,003;True;0,139;T6;True;False
Atividades de condicionamento físico;R - Artes, cultura, esporte e recreação;Lagoa de São Francisco;Baixo-Alto;0,004;False;0,0;;False;False
Atividades de condicionamento físico;R - Artes, cultura, esporte e recreação;Lagoa do Piauí;Baixo-Alto;0,027;False;0,0;;False;False
Atividades de condicionamento físico;R - Artes, cultura, esporte e recreação;Nazária;Baixo-Alto;0,004;False;0,0;;False;False
Atividades de condicionamento físico;R - Artes, cultura, esporte e recreação;Oeiras;Alto-Baixo;0,001;True;17,9323;T1,T2;True;False
Atividades de condicionamento físico;R - Artes, cultura, esporte e recreação;Palmeirais;Baixo-Alto;0,025;False;0,0;;False;False
Atividades de condicionamento físico;R - Artes, cultura, esporte e recreação;Pau D'Arco do Piauí;Baixo-Alto;0,016;False;0,0;;False;False
Atividades de condicionamento físico;R - Artes, cultura, esporte e recreação;Piracuruca;Alto-Baixo;0,001;True;3,9508;T1;True;False
Atividades de condicionamento físico;R - Artes, cultura, esporte e recreação;São Raimundo Nonato;Alto-Baixo;0,001;True;14,553;T1,T7;True;False
Atividades de condicionamento físico;R - Artes, cultura, esporte e recreação;União;Baixo-Alto;0,013;False;0,0;T7;False;True
Atividades de condicionamento físico;R - Artes, cultura, esporte e recreação;Uruçuí;Alto-Baixo;0,001;True;9,1421;T1,T5,T7;True;True
Atividades de consultoria em gestão empresarial, exceto consultoria técnica específica;M - Atividades profissionais, científicas e técnicas;Altos;Alto-Alto;0,033;True;10,0184;T1,T7;False;False
Atividades de consultoria em gestão empresarial, exceto consultoria técnica específica;M - Atividades profissionais, científicas e técnicas;Barra D'Alcântara;Baixo-Alto;0,045;False;0,0;;False;False
Atividades de consultoria em gestão empresarial, exceto consultoria técnica específica;M - Atividades profissionais, científicas e técnicas;Bom Princípio do Piauí;Baixo-Alto;0,011;False;0,0;;False;True
Atividades de consultoria em gestão empresarial, exceto consultoria técnica específica;M - Atividades profissionais, científicas e técnicas;Cajazeiras do Piauí;Baixo-Alto;0,043;False;0,0;;False;False
Atividades de consultoria em gestão empresarial, exceto consultoria técnica específica;M - Atividades profissionais, científicas e técnicas;Curralinhos;Baixo-Alto;0,044;False;0,0;;False;False
Atividades de consultoria em gestão empresarial, exceto consultoria técnica específica;M - Atividades profissionais, científicas e técnicas;Demerval Lobão;Baixo-Alto;0,027;False;0,0;;False;False
Atividades de consultoria em gestão empresarial, exceto consultoria técnica específica;M - Atividades profissionais, científicas e técnicas;Dom Expedito Lopes;Baixo-Alto;0,044;False;0,0;;False;False
Atividades de consultoria em gestão empresarial, exceto consultoria técnica específica;M - Atividades profissionais, científicas e técnicas;Ilha Grande;Baixo-Alto;0,013;False;0,0;;False;True
Atividades de consultoria em gestão empresarial, exceto consultoria técnica específica;M - Atividades profissionais, científicas e técnicas;Ipiranga do Piauí;Baixo-Alto;0,011;False;0,0;;False;False
Atividades de consultoria em gestão empresarial, exceto consultoria técnica específica;M - Atividades profissionais, científicas e técnicas;José de Freitas;Baixo-Alto;0,002;False;0,0;;True;True
Atividades de consultoria em gestão empresarial, exceto consultoria técnica específica;M - Atividades profissionais, científicas e técnicas;Lagoa de São Francisco;Baixo-Alto;0,047;False;0,0;;False;False
Atividades de consultoria em gestão empresarial, exceto consultoria técnica específica;M - Atividades profissionais, científicas e técnicas;Lagoa do Piauí;Baixo-Alto;0,021;False;0,0;;False;False
Atividades de consultoria em gestão empresarial, exceto consultoria técnica específica;M - Atividades profissionais, científicas e técnicas;Marcolândia;Alto-Baixo;0,001;True;24,2457;T2;True;False
Atividades de consultoria em gestão empresarial, exceto consultoria técnica específica;M - Atividades profissionais, científicas e técnicas;Monsenhor Gil;Baixo-Alto;0,049;False;0,0;;False;False
Atividades de consultoria em gestão empresarial, exceto consultoria técnica específica;M - Atividades profissionais, científicas e técnicas;Nazária;Baixo-Alto;0,016;False;0,0;;False;False
Atividades de consultoria em gestão empresarial, exceto consultoria técnica específica;M - Atividades profissionais, científicas e técnicas;Novo Oriente do Piauí;Baixo-Alto;0,043;False;0,0;;False;False
Atividades de consultoria em gestão empresarial, exceto consultoria técnica específica;M - Atividades profissionais, científicas e técnicas;Oeiras;Alto-Baixo;0,001;True;108,9576;T1,T8;True;False
Atividades de consultoria em gestão empresarial, exceto consultoria técnica específica;M - Atividades profissionais, científicas e técnicas;Palmeirais;Baixo-Alto;0,047;False;0,0;;False;False
Atividades de consultoria em gestão empresarial, exceto consultoria técnica específica;M - Atividades profissionais, científicas e técnicas;Pau D'Arco do Piauí;Baixo-Alto;0,009;False;0,0;;False;False
Atividades de consultoria em gestão empresarial, exceto consultoria técnica específica;M - Atividades profissionais, científicas e técnicas;Paulistana;Alto-Baixo;0,001;True;14,2194;T1;True;False
Atividades de consultoria em gestão empresarial, exceto consultoria técnica específica;M - Atividades profissionais, científicas e técnicas;Picos;Alto-Baixo;0,001;True;74,5362;T1,T7;True;False
Atividades de consultoria em gestão empresarial, exceto consultoria técnica específica;M - Atividades profissionais, científicas e técnicas;Santa Rosa do Piauí;Baixo-Alto;0,025;False;0,0;;False;False
Atividades de consultoria em gestão empresarial, exceto consultoria técnica específica;M - Atividades profissionais, científicas e técnicas;Santana do Piauí;Baixo-Alto;0,049;False;0,0;;False;False
Atividades de consultoria em gestão empresarial, exceto consultoria técnica específica;M - Atividades profissionais, científicas e técnicas;São Francisco do Piauí;Baixo-Alto;0,028;False;0,0;;False;False
Atividades de consultoria em gestão empresarial, exceto consultoria técnica específica;M - Atividades profissionais, científicas e técnicas;São João da Varjota;Baixo-Alto;0,036;False;0,0;;False;False
Atividades de consultoria em gestão empresarial, exceto consultoria técnica específica;M - Atividades profissionais, científicas e técnicas;São Raimundo Nonato;Alto-Baixo;0,001;True;46,7437;T1;True;False
Atividades de consultoria em gestão empresarial, exceto consultoria técnica específica;M - Atividades profissionais, científicas e técnicas;União;Alto-Alto;0,013;True;30,0835;T1;False;True
Atividades de consultoria em gestão empresarial, exceto consultoria técnica específica;M - Atividades profissionais, científicas e técnicas;Uruçuí;Alto-Baixo;0,001;True;17,6223;T1;True;True
Atividades de consultoria em gestão empresarial, exceto consultoria técnica específica;M - Atividades profissionais, científicas e técnicas;Várzea Grande;Baixo-Alto;0,028;False;0,0;;False;False
Atividades de consultoria em gestão empresarial, exceto consultoria técnica específica;M - Atividades profissionais, científicas e técnicas;Wall Ferraz;Baixo-Alto;0,038;False;0,0;;False;False
Atividades de contabilidade;M - Atividades profissionais, científicas e técnicas;Altos;Alto-Alto;0,002;True;12,8636;T1,T3;True;True
Atividades de contabilidade;M - Atividades profissionais, científicas e técnicas;Batalha;Alto-Alto;0,02;True;6,3623;T1,T3;False;False
Atividades de contabilidade;M - Atividades profissionais, científicas e técnicas;Brasileira;Alto-Alto;0,015;True;3,0607;T1;False;False
Atividades de contabilidade;M - Atividades profissionais, científicas e técnicas;Cabeceiras do Piauí;Baixo-Alto;0,047;False;0,0;;False;False
Atividades de contabilidade;M - Atividades profissionais, científicas e técnicas;Castelo do Piauí;Alto-Baixo;0,001;True;1,0847;T1,T2,T7;True;False
Atividades de contabilidade;M - Atividades profissionais, científicas e técnicas;Coivaras;Baixo-Alto;0,023;False;0,0;;False;True
Atividades de contabilidade;M - Atividades profissionais, científicas e técnicas;Corrente;Alto-Baixo;0,001;True;21,3901;T1,T3;True;False
Atividades de contabilidade;M - Atividades profissionais, científicas e técnicas;Currais;Baixo-Alto;0,024;False;0,0;;False;False
Atividades de contabilidade;M - Atividades profissionais, científicas e técnicas;Demerval Lobão;Baixo-Alto;0,018;False;0,0;;False;False
Atividades de contabilidade;M - Atividades profissionais, científicas e técnicas;Domingos Mourão;Baixo-Alto;0,026;False;0,0;;False;False
Atividades de contabilidade;M - Atividades profissionais, científicas e técnicas;Fartura do Piauí;Baixo-Alto;0,047;False;0,0;;False;False
Atividades de contabilidade;M - Atividades profissionais, científicas e técnicas;Gilbués;Alto-Alto;0,044;True;15,2395;T1,T2;False;False
Atividades de contabilidade;M - Atividades profissionais, científicas e técnicas;Ilha Grande;Baixo-Alto;0,019;False;0,0;;False;False
Atividades de contabilidade;M - Atividades profissionais, científicas e técnicas;João Costa;Baixo-Alto;0,04;False;0,0;;False;False
Atividades de contabilidade;M - Atividades profissionais, científicas e técnicas;José de Freitas;Alto-Alto;0,005;True;2,8266;T1,T7,T8;True;False
Atividades de contabilidade;M - Atividades profissionais, científicas e técnicas;Lagoa de São Francisco;Baixo-Alto;0,017;False;0,0;;False;True
Atividades de contabilidade;M - Atividades profissionais, científicas e técnicas;Lagoa do Piauí;Baixo-Alto;0,033;False;0,0;;False;False
Atividades de contabilidade;M - Atividades profissionais, científicas e técnicas;Monte Alegre do Piauí;Baixo-Alto;0,027;False;0,0;;False;False
Atividades de contabilidade;M - Atividades profissionais, científicas e técnicas;Morro Cabeça no Tempo;Baixo-Alto;0,048;False;0,0;;False;False
Atividades de contabilidade;M - Atividades profissionais, científicas e técnicas;Nazária;Baixo-Alto;0,015;False;0,0;T7;False;False
Atividades de contabilidade;M - Atividades profissionais, científicas e técnicas;Novo Oriente do Piauí;Baixo-Alto;0,019;False;0,0;;False;False
Atividades de contabilidade;M - Atividades profissionais, científicas e técnicas;Oeiras;Alto-Baixo;0,001;True;21,9141;T1,T3,T8;True;False
Atividades de contabilidade;M - Atividades profissionais, científicas e técnicas;Palmeirais;Baixo-Alto;0,013;False;0,0;;False;False
Atividades de contabilidade;M - Atividades profissionais, científicas e técnicas;Pau D'Arco do Piauí;Baixo-Alto;0,012;False;0,0;;False;False
Atividades de contabilidade;M - Atividades profissionais, científicas e técnicas;Riacho Frio;Baixo-Alto;0,037;False;0,0;;False;False
Atividades de contabilidade;M - Atividades profissionais, científicas e técnicas;Santa Filomena;Baixo-Alto;0,025;True;0,1982;T3,T7;False;False
Atividades de contabilidade;M - Atividades profissionais, científicas e técnicas;São Gonçalo do Gurguéia;Baixo-Alto;0,039;False;0,0;;False;False
Atividades de contabilidade;M - Atividades profissionais, científicas e técnicas;São João do Piauí;Alto-Baixo;0,001;True;8,3496;T1,T3;True;False
Atividades de contabilidade;M - Atividades profissionais, científicas e técnicas;São Lourenço do Piauí;Baixo-Alto;0,045;False;0,0;;False;False
Atividades de contabilidade;M - Atividades profissionais, científicas e técnicas;São Raimundo Nonato;Alto-Baixo;0,001;True;71,2221;T1;True;False
Atividades de contabilidade;M - Atividades profissionais, científicas e técnicas;União;Baixo-Alto;0,005;False;0,0;T7;False;True
Atividades de fisioterapia;Q - Saúde humana e serviços sociais;Altos;Alto-Alto;0,007;True;5,5889;T1,T3;False;True
Atividades de fisioterapia;Q - Saúde humana e serviços sociais;Aroeiras do Itaim;Baixo-Alto;0,013;False;0,0;;False;False
Atividades de fisioterapia;Q - Saúde humana e serviços sociais;Bom Princípio do Piauí;Baixo-Alto;0,037;False;0,0;;False;False
Atividades de fisioterapia;Q - Saúde humana e serviços sociais;Buriti dos Lopes;Baixo-Alto;0,041;False;0,0;;False;False
Atividades de fisioterapia;Q - Saúde humana e serviços sociais;Canto do Buriti;Alto-Baixo;0,001;True;0,5524;T5;True;False
Atividades de fisioterapia;Q - Saúde humana e serviços sociais;Demerval Lobão;Baixo-Alto;0,036;False;0,0;;False;False
Atividades de fisioterapia;Q - Saúde humana e serviços sociais;Dom Expedito Lopes;Baixo-Alto;0,007;False;0,0;;False;False
Atividades de fisioterapia;Q - Saúde humana e serviços sociais;Floriano;Alto-Baixo;0,001;True;47,6043;T1,T7;True;False
Atividades de fisioterapia;Q - Saúde humana e serviços sociais;Geminiano;Baixo-Alto;0,033;False;0,0;;False;False
Atividades de fisioterapia;Q - Saúde humana e serviços sociais;Ilha Grande;Baixo-Alto;0,004;False;0,0;;False;False
Atividades de fisioterapia;Q - Saúde humana e serviços sociais;Ipiranga do Piauí;Baixo-Alto;0,019;False;0,0;;False;False
Atividades de fisioterapia;Q - Saúde humana e serviços sociais;José de Freitas;Baixo-Alto;0,001;False;0,0;T7;True;False
Atividades de fisioterapia;Q - Saúde humana e serviços sociais;Lagoa de São Francisco;Baixo-Alto;0,033;False;0,0;;False;False
Atividades de fisioterapia;Q - Saúde humana e serviços sociais;Luís Correia;Baixo-Alto;0,037;False;0,0;T8;False;False
Atividades de fisioterapia;Q - Saúde humana e serviços sociais;Nazária;Baixo-Alto;0,012;False;0,0;;False;False
Atividades de fisioterapia;Q - Saúde humana e serviços sociais;Oeiras;Alto-Baixo;0,001;True;1,7941;T1,T2,T5;True;False
Atividades de fisioterapia;Q - Saúde humana e serviços sociais;Paquetá;Baixo-Alto;0,016;False;0,0;;False;False
Atividades de fisioterapia;Q - Saúde humana e serviços sociais;Parnaíba;Alto-Baixo;0,001;True;118,4641;T1,T5,T7;True;True
Atividades de fisioterapia;Q - Saúde humana e serviços sociais;Pau D'Arco do Piauí;Baixo-Alto;0,012;False;0,0;;False;False
Atividades de fisioterapia;Q - Saúde humana e serviços sociais;Picos;Alto-Baixo;0,001;True;145,1833;T1;True;False
Atividades de fisioterapia;Q - Saúde humana e serviços sociais;Santana do Piauí;Baixo-Alto;0,007;False;0,0;;False;False
Atividades de fisioterapia;Q - Saúde humana e serviços sociais;Sussuapara;Baixo-Alto;0,038;False;0,0;;False;False
Atividades de organizações religiosas;S - Outras atividades de serviços;Água Branca;Alto-Baixo;0,001;True;1,6099;T1;True;False
Atividades de organizações religiosas;S - Outras atividades de serviços;Altos;Baixo-Alto;0,004;False;0,0;T7;False;True
Atividades de organizações religiosas;S - Outras atividades de serviços;Barras;Baixo-Alto;0,027;False;0,0;T3,T8;False;False
Atividades de organizações religiosas;S - Outras atividades de serviços;Bom Jesus;Alto-Baixo;0,001;True;1,4001;T3;True;True
Atividades de organizações religiosas;S - Outras atividades de serviços;Bom Princípio do Piauí;Baixo-Alto;0,007;False;0,0;T3,T7;False;True
Atividades de organizações religiosas;S - Outras atividades de serviços;Brasileira;Baixo-Alto;0,023;False;0,0;T7;False;True
Atividades de organizações religiosas;S - Outras atividades de serviços;Cajueiro da Praia;Baixo-Alto;0,029;False;0,0;;False;True
Atividades de organizações religiosas;S - Outras atividades de serviços;Coivaras;Baixo-Alto;0,048;False;0,0;;False;False
Atividades de organizações religiosas;S - Outras atividades de serviços;Curralinhos;Baixo-Alto;0,038;False;0,0;;False;False
Atividades de organizações religiosas;S - Outras atividades de serviços;Demerval Lobão;Baixo-Alto;0,016;False;0,0;T7;False;False
Atividades de organizações religiosas;S - Outras atividades de serviços;Domingos Mourão;Baixo-Alto;0,033;False;0,0;T7;False;False
Atividades de organizações religiosas;S - Outras atividades de serviços;Ilha Grande;Alto-Alto;0,01;True;0,6615;T3,T7;False;True
Atividades de organizações religiosas;S - Outras atividades de serviços;José de Freitas;Baixo-Alto;0,002;False;0,0;T3,T8;True;False
Atividades de organizações religiosas;S - Outras atividades de serviços;Lagoa de São Francisco;Alto-Alto;0,019;True;6,1518;T2,T3;False;False
Atividades de organizações religiosas;S - Outras atividades de serviços;Lagoa do Piauí;Baixo-Alto;0,029;False;0,0;;False;False
Atividades de organizações religiosas;S - Outras atividades de serviços;Nazária;Baixo-Alto;0,005;False;0,0;T7;False;False
Atividades de organizações religiosas;S - Outras atividades de serviços;Palmeirais;Baixo-Alto;0,032;False;0,0;;False;False
Atividades de organizações religiosas;S - Outras atividades de serviços;Parnaíba;Alto-Alto;0,031;True;17,7692;T3;False;False
Atividades de organizações religiosas;S - Outras atividades de serviços;Pau D'Arco do Piauí;Baixo-Alto;0,022;False;0,0;;False;False
Atividades de organizações religiosas;S - Outras atividades de serviços;São João da Fronteira;Alto-Baixo;0,001;True;1,817;T1,T7;True;False
Atividades de organizações religiosas;S - Outras atividades de serviços;São João do Piauí;Alto-Baixo;0,001;True;0,7735;T3,T7;True;False
Atividades de organizações religiosas;S - Outras atividades de serviços;União;Alto-Alto;0,007;True;4,8997;T1,T7;False;False
Atividades de rádio;J - Informação e comunicação;Altos;Baixo-Alto;0,002;False;0,0;;True;True
Atividades de rádio;J - Informação e comunicação;Angical do Piauí;Baixo-Baixo;0,001;False;0,0;;True;False
Atividades de rádio;J - Informação e comunicação;Anísio de Abreu;Baixo-Baixo;0,001;False;0,0;;True;False
Atividades de rádio;J - Informação e comunicação;Antônio Almeida;Baixo-Baixo;0,001;False;0,0;;True;False
Atividades de rádio;J - Informação e comunicação;Assunção do Piauí;Baixo-Baixo;0,001;False;0,0;;True;False
Atividades de rádio;J - Informação e comunicação;Baixa Grande do Ribeiro;Baixo-Baixo;0,001;False;0,0;;True;False
Atividades de rádio;J - Informação e comunicação;Barra D'Alcântara;Baixo-Alto;0,009;False;0,0;;True;False
Atividades de rádio;J - Informação e comunicação;Barreiras do Piauí;Baixo-Baixo;0,001;False;0,0;;True;False
Atividades de rádio;J - Informação e comunicação;Beneditinos;Baixo-Baixo;0,001;False;0,0;;True;False
Atividades de rádio;J - Informação e comunicação;Bertolínia;Baixo-Baixo;0,001;False;0,0;;True;False
Atividades de rádio;J - Informação e comunicação;Bom Jesus;Baixo-Baixo;0,001;False;0,0;;True;False
Atividades de rádio;J - Informação e comunicação;Bonfim do Piauí;Baixo-Baixo;0,001;False;0,0;;True;False
Atividades de rádio;J - Informação e comunicação;Cajueiro da Praia;Baixo-Baixo;0,001;False;0,0;;True;False
Atividades de rádio;J - Informação e comunicação;Caldeirão Grande do Piauí;Baixo-Baixo;0,001;False;0,0;;True;False
Atividades de rádio;J - Informação e comunicação;Campinas do Piauí;Baixo-Baixo;0,001;False;0,0;;True;False
Atividades de rádio;J - Informação e comunicação;Canavieira;Baixo-Baixo;0,001;False;0,0;;True;False
Atividades de rádio;J - Informação e comunicação;Caracol;Baixo-Baixo;0,001;False;0,0;;True;False
Atividades de rádio;J - Informação e comunicação;Caxingó;Baixo-Baixo;0,001;False;0,0;;True;False
Atividades de rádio;J - Informação e comunicação;Coivaras;Baixo-Alto;0,024;False;0,0;;False;True
Atividades de rádio;J - Informação e comunicação;Colônia do Gurguéia;Baixo-Baixo;0,001;False;0,0;;True;False
Atividades de rádio;J - Informação e comunicação;Cristalândia do Piauí;Baixo-Baixo;0,001;False;0,0;;True;False
Atividades de rádio;J - Informação e comunicação;Curralinhos;Baixo-Alto;0,035;False;0,0;;False;False
Atividades de rádio;J - Informação e comunicação;Demerval Lobão;Baixo-Alto;0,008;False;0,0;;True;False
Atividades de rádio;J - Informação e comunicação;Dirceu Arcoverde;Baixo-Baixo;0,001;False;0,0;;True;False
Atividades de rádio;J - Informação e comunicação;Dom Expedito Lopes;Baixo-Baixo;0,001;False;0,0;;True;False
Atividades de rádio;J - Informação e comunicação;Domingos Mourão;Baixo-Alto;0,042;False;0,0;;False;False
Atividades de rádio;J - Informação e comunicação;Floriano;Alto-Baixo;0,001;True;2,3859;T3;True;False
Atividades de rádio;J - Informação e comunicação;Francisco Macedo;Baixo-Baixo;0,001;False;0,0;;True;False
Atividades de rádio;J - Informação e comunicação;Francisco Santos;Baixo-Baixo;0,001;False;0,0;;True;False
Atividades de rádio;J - Informação e comunicação;Fronteiras;Baixo-Baixo;0,001;False;0,0;;True;False
Atividades de rádio;J - Informação e comunicação;Geminiano;Baixo-Baixo;0,001;False;0,0;;True;False
Atividades de rádio;J - Informação e comunicação;Gilbués;Baixo-Baixo;0,001;False;0,0;;True;False
Atividades de rádio;J - Informação e comunicação;Ilha Grande;Baixo-Alto;0,04;False;0,0;;False;False
Atividades de rádio;J - Informação e comunicação;Isaías Coelho;Baixo-Baixo;0,001;False;0,0;;True;False
Atividades de rádio;J - Informação e comunicação;Itainópolis;Baixo-Baixo;0,001;False;0,0;;True;False
Atividades de rádio;J - Informação e comunicação;Jaicós;Baixo-Baixo;0,001;False;0,0;;True;False
Atividades de rádio;J - Informação e comunicação;Jatobá do Piauí;Baixo-Alto;0,044;False;0,0;;False;False
Atividades de rádio;J - Informação e comunicação;José de Freitas;Baixo-Alto;0,001;False;0,0;;True;False
Atividades de rádio;J - Informação e comunicação;Juazeiro do Piauí;Baixo-Baixo;0,001;False;0,0;;True;False
Atividades de rádio;J - Informação e comunicação;Lagoa de São Francisco;Baixo-Alto;0,024;False;0,0;;False;False
Atividades de rádio;J - Informação e comunicação;Lagoa do Piauí;Baixo-Alto;0,016;False;0,0;;True;False
Atividades de rádio;J - Informação e comunicação;Lagoa do Sítio;Baixo-Baixo;0,001;False;0,0;;True;False
Atividades de rádio;J - Informação e comunicação;Luzilândia;Alto-Baixo;0,001;True;6,7968;T2;True;True
Atividades de rádio;J - Informação e comunicação;Marcolândia;Baixo-Baixo;0,001;False;0,0;;True;False
Atividades de rádio;J - Informação e comunicação;Marcos Parente;Baixo-Baixo;0,001;False;0,0;;True;False
Atividades de rádio;J - Informação e comunicação;Milton Brandão;Baixo-Baixo;0,001;False;0,0;;True;False
Atividades de rádio;J - Informação e comunicação;Monsenhor Gil;Baixo-Alto;0,039;False;0,0;;False;False
Atividades de rádio;J - Informação e comunicação;Monte Alegre do Piauí;Baixo-Baixo;0,001;False;0,0;;True;False
Atividades de rádio;J - Informação e comunicação;Morro Cabeça no Tempo;Baixo-Baixo;0,001;False;0,0;;True;False
Atividades de rádio;J - Informação e comunicação;Nazária;Baixo-Alto;0,003;False;0,0;;True;False
Atividades de rádio;J - Informação e comunicação;Nossa Senhora de Nazaré;Baixo-Alto;0,026;False;0,0;;False;True
Atividades de rádio;J - Informação e comunicação;Nossa Senhora dos Remédios;Baixo-Baixo;0,001;False;0,0;;True;False
Atividades de rádio;J - Informação e comunicação;Novo Oriente do Piauí;Baixo-Alto;0,014;False;0,0;;True;False
Atividades de rádio;J - Informação e comunicação;Oeiras;Alto-Baixo;0,001;True;3,6646;T2,T3,T7;True;False
Atividades de rádio;J - Informação e comunicação;Olho D'Água do Piauí;Baixo-Baixo;0,001;False;0,0;;True;False
Atividades de rádio;J - Informação e comunicação;Paes Landim;Baixo-Baixo;0,001;False;0,0;;True;False
Atividades de rádio;J - Informação e comunicação;Palmeirais;Baixo-Alto;0,037;False;0,0;;False;False
Atividades de rádio;J - Informação e comunicação;Parnaíba;Alto-Baixo;0,001;True;1,3792;T3;True;True
Atividades de rádio;J - Informação e comunicação;Patos do Piauí;Baixo-Baixo;0,001;False;0,0;;True;False
Atividades de rádio;J - Informação e comunicação;Pau D'Arco do Piauí;Baixo-Alto;0,037;False;0,0;;False;False
Atividades de rádio;J - Informação e comunicação;Picos;Baixo-Baixo;0,001;False;0,0;T7;True;False
Atividades de rádio;J - Informação e comunicação;Piracuruca;Baixo-Baixo;0,001;False;0,0;T7;True;False
Atividades de rádio;J - Informação e comunicação;Piripiri;Alto-Baixo;0,001;True;8,4538;T1,T3;True;False
Atividades de rádio;J - Informação e comunicação;Porto Alegre do Piauí;Baixo-Baixo;0,001;False;0,0;;True;False
Atividades de rádio;J - Informação e comunicação;Queimada Nova;Baixo-Baixo;0,001;False;0,0;;True;False
Atividades de rádio;J - Informação e comunicação;Riacho Frio;Baixo-Baixo;0,001;False;0,0;;True;False
Atividades de rádio;J - Informação e comunicação;Santana do Piauí;Baixo-Baixo;0,001;False;0,0;;True;False
Atividades de rádio;J - Informação e comunicação;São Francisco de Assis do Piauí;Baixo-Baixo;0,001;False;0,0;;True;False
Atividades de rádio;J - Informação e comunicação;São Gonçalo do Gurguéia;Baixo-Baixo;0,001;False;0,0;;True;False
Atividades de rádio;J - Informação e comunicação;São João da Fronteira;Baixo-Baixo;0,001;False;0,0;;True;False
Atividades de rádio;J - Informação e comunicação;São João da Serra;Baixo-Baixo;0,001;False;0,0;;True;False
Atividades de rádio;J - Informação e comunicação;São João do Piauí;Alto-Baixo;0,001;True;7,692;T1,T3;True;False
Atividades de rádio;J - Informação e comunicação;São José do Divino;Baixo-Baixo;0,001;False;0,0;;True;False
Atividades de rádio;J - Informação e comunicação;São Luis do Piauí;Baixo-Baixo;0,001;False;0,0;;True;False
Atividades de rádio;J - Informação e comunicação;São Miguel do Tapuio;Baixo-Baixo;0,001;False;0,0;;True;False
Atividades de rádio;J - Informação e comunicação;São Pedro do Piauí;Baixo-Baixo;0,001;False;0,0;;True;False
Atividades de rádio;J - Informação e comunicação;São Raimundo Nonato;Baixo-Baixo;0,001;False;0,0;T3,T7;True;False
Atividades de rádio;J - Informação e comunicação;Simplício Mendes;Baixo-Baixo;0,001;False;0,0;T3,T7;True;False
Atividades de rádio;J - Informação e comunicação;Tamboril do Piauí;Baixo-Baixo;0,001;False;0,0;;True;False
Atividades de rádio;J - Informação e comunicação;União;Alto-Alto;0,017;True;3,516;T1;False;False
Atividades de rádio;J - Informação e comunicação;Uruçuí;Baixo-Baixo;0,001;False;0,0;;True;False
Atividades de rádio;J - Informação e comunicação;Várzea Branca;Baixo-Baixo;0,001;False;0,0;;True;False
Atividades do Correio Nacional;H - Transporte, armazenagem e correio;Agricolândia;Baixo-Alto;0,004;True;0,2036;T3,T4,T7;False;False
Atividades do Correio Nacional;H - Transporte, armazenagem e correio;Água Branca;Baixo-Alto;0,004;False;0,0;T3;False;False
Atividades do Correio Nacional;H - Transporte, armazenagem e correio;Altos;Alto-Alto;0,039;True;4,1255;T3,T7;False;True
Atividades do Correio Nacional;H - Transporte, armazenagem e correio;Baixa Grande do Ribeiro;Baixo-Baixo;0,028;False;0,0;T3,T7;False;False
Atividades do Correio Nacional;H - Transporte, armazenagem e correio;Brejo do Piauí;Baixo-Baixo;0,023;False;0,0;;False;False
Atividades do Correio Nacional;H - Transporte, armazenagem e correio;Cabeceiras do Piauí;Alto-Alto;0,011;True;0,4759;T3,T7;False;False
Atividades do Correio Nacional;H - Transporte, armazenagem e correio;Cajueiro da Praia;Baixo-Alto;0,014;False;0,0;;False;False
Atividades do Correio Nacional;H - Transporte, armazenagem e correio;Canto do Buriti;Baixo-Baixo;0,01;False;0,0;T3;False;False
Atividades do Correio Nacional;H - Transporte, armazenagem e correio;Caraúbas do Piauí;Alto-Baixo;0,001;True;1,5316;T1,T3;True;False
Atividades do Correio Nacional;H - Transporte, armazenagem e correio;Curralinhos;Baixo-Alto;0,049;False;0,0;T7;False;False
Atividades do Correio Nacional;H - Transporte, armazenagem e correio;Francisco Ayres;Alto-Baixo;0,001;True;0,3764;T2,T4,T7;True;False
Atividades do Correio Nacional;H - Transporte, armazenagem e correio;Fronteiras;Baixo-Alto;0,04;False;0,0;T3,T7,T8;False;False
Atividades do Correio Nacional;H - Transporte, armazenagem e correio;Guaribas;Baixo-Baixo;0,001;True;0,2355;T2,T7,T8;True;True
Atividades do Correio Nacional;H - Transporte, armazenagem e correio;José de Freitas;Alto-Alto;0,002;True;7,4489;T1,T3,T4;True;True
Atividades do Correio Nacional;H - Transporte, armazenagem e correio;Lagoa Alegre;Alto-Alto;0,001;True;1,6036;T1,T3;True;True
Atividades do Correio Nacional;H - Transporte, armazenagem e correio;Luís Correia;Alto-Baixo;0,001;True;4,3454;T2,T4;True;True
Atividades do Correio Nacional;H - Transporte, armazenagem e correio;Marcolândia;Alto-Baixo;0,001;True;1,2848;T1,T3,T6;True;False
Atividades do Correio Nacional;H - Transporte, armazenagem e correio;Miguel Alves;Alto-Alto;0,023;True;1,9105;T2,T3,T8;False;False
Atividades do Correio Nacional;H - Transporte, armazenagem e correio;Miguel Leão;Baixo-Alto;0,015;True;0,0547;T3,T4;False;False
Atividades do Correio Nacional;H - Transporte, armazenagem e correio;Monsenhor Hipólito;Baixo-Alto;0,049;True;0,3291;T3;False;False
Atividades do Correio Nacional;H - Transporte, armazenagem e correio;Monte Alegre do Piauí;Baixo-Baixo;0,001;True;0,3009;T3,T4,T7;True;False
Atividades do Correio Nacional;H - Transporte, armazenagem e correio;Morro do Chapéu do Piauí;Baixo-Alto;0,011;False;0,0;;False;False
Atividades do Correio Nacional;H - Transporte, armazenagem e correio;Novo Santo Antônio;Baixo-Alto;0,048;False;0,0;;False;False
Atividades do Correio Nacional;H - Transporte, armazenagem e correio;Pedro Laurentino;Baixo-Alto;0,037;False;0,0;T3;False;False
Atividades do Correio Nacional;H - Transporte, armazenagem e correio;São Raimundo Nonato;Baixo-Baixo;0,017;True;0,1675;T3;False;False
Atividades do Correio Nacional;H - Transporte, armazenagem e correio;Teresina;Baixo-Alto;0,001;False;0,0;T7;True;True
Atividades do Correio Nacional;H - Transporte, armazenagem e correio;União;Alto-Alto;0,005;True;7,6204;T1,T3;False;True
Bancos múltiplos, com carteira comercial;K - Atividades financeiras e de seguros;Aroazes;Baixo-Alto;0,042;False;0,0;;False;False
Bancos múltiplos, com carteira comercial;K - Atividades financeiras e de seguros;Batalha;Baixo-Alto;0,001;False;0,0;T3;True;False
Bancos múltiplos, com carteira comercial;K - Atividades financeiras e de seguros;Belém do Piauí;Baixo-Baixo;0,001;False;0,0;;True;False
Bancos múltiplos, com carteira comercial;K - Atividades financeiras e de seguros;Boa Hora;Baixo-Alto;0,003;False;0,0;;True;False
Bancos múltiplos, com carteira comercial;K - Atividades financeiras e de seguros;Buriti dos Lopes;Baixo-Baixo;0,001;False;0,0;T3,T7;True;False
Bancos múltiplos, com carteira comercial;K - Atividades financeiras e de seguros;Cabeceiras do Piauí;Baixo-Alto;0,025;False;0,0;;False;False
Bancos múltiplos, com carteira comercial;K - Atividades financeiras e de seguros;Cajueiro da Praia;Baixo-Alto;0,014;False;0,0;;False;False
Bancos múltiplos, com carteira comercial;K - Atividades financeiras e de seguros;Campo Alegre do Fidalgo;Baixo-Baixo;0,001;False;0,0;;True;False
Bancos múltiplos, com carteira comercial;K - Atividades financeiras e de seguros;Campo Largo do Piauí;Baixo-Alto;0,031;False;0,0;;False;False
Bancos múltiplos, com carteira comercial;K - Atividades financeiras e de seguros;Caracol;Baixo-Alto;0,047;False;0,0;;False;False
Bancos múltiplos, com carteira comercial;K - Atividades financeiras e de seguros;Castelo do Piauí;Baixo-Baixo;0,001;False;0,0;T7,T8;True;False
Bancos múltiplos, com carteira comercial;K - Atividades financeiras e de seguros;Colônia do Gurguéia;Baixo-Alto;0,047;False;0,0;;False;False
Bancos múltiplos, com carteira comercial;K - Atividades financeiras e de seguros;Colônia do Piauí;Baixo-Baixo;0,001;False;0,0;;True;False
Bancos múltiplos, com carteira comercial;K - Atividades financeiras e de seguros;Conceição do Canindé;Baixo-Baixo;0,001;False;0,0;;True;False
Bancos múltiplos, com carteira comercial;K - Atividades financeiras e de seguros;Curimatá;Baixo-Baixo;0,001;False;0,0;T3,T7;True;False
Bancos múltiplos, com carteira comercial;K - Atividades financeiras e de seguros;Esperantina;Baixo-Alto;0,006;False;0,0;T3,T7;True;False
Bancos múltiplos, com carteira comercial;K - Atividades financeiras e de seguros;Francisco Ayres;Baixo-Alto;0,012;False;0,0;;False;False
Bancos múltiplos, com carteira comercial;K - Atividades financeiras e de seguros;Jacobina do Piauí;Baixo-Baixo;0,001;False;0,0;;True;False
Bancos múltiplos, com carteira comercial;K - Atividades financeiras e de seguros;João Costa;Baixo-Baixo;0,001;False;0,0;;True;False
Bancos múltiplos, com carteira comercial;K - Atividades financeiras e de seguros;José de Freitas;Alto-Baixo;0,001;True;1,8047;T2,T7;True;False
Bancos múltiplos, com carteira comercial;K - Atividades financeiras e de seguros;Lagoa do Sítio;Baixo-Alto;0,018;False;0,0;;False;False
Bancos múltiplos, com carteira comercial;K - Atividades financeiras e de seguros;Landri Sales;Baixo-Baixo;0,001;False;0,0;;True;False
Bancos múltiplos, com carteira comercial;K - Atividades financeiras e de seguros;Luís Correia;Alto-Baixo;0,001;True;4,0546;T2,T4;True;True
Bancos múltiplos, com carteira comercial;K - Atividades financeiras e de seguros;Manoel Emídio;Baixo-Baixo;0,001;False;0,0;;True;False
Bancos múltiplos, com carteira comercial;K - Atividades financeiras e de seguros;Miguel Alves;Baixo-Alto;0,037;False;0,0;T7,T8;False;False
Bancos múltiplos, com carteira comercial;K - Atividades financeiras e de seguros;Morro do Chapéu do Piauí;Baixo-Alto;0,015;False;0,0;;False;False
Bancos múltiplos, com carteira comercial;K - Atividades financeiras e de seguros;Nossa Senhora dos Remédios;Baixo-Alto;0,017;False;0,0;;False;False
Bancos múltiplos, com carteira comercial;K - Atividades financeiras e de seguros;Padre Marcos;Baixo-Baixo;0,001;False;0,0;;True;False
Bancos múltiplos, com carteira comercial;K - Atividades financeiras e de seguros;Palmeira do Piauí;Baixo-Baixo;0,001;False;0,0;;True;False
Bancos múltiplos, com carteira comercial;K - Atividades financeiras e de seguros;Palmeirais;Baixo-Alto;0,048;False;0,0;T3;False;False
Bancos múltiplos, com carteira comercial;K - Atividades financeiras e de seguros;Paulistana;Baixo-Baixo;0,001;False;0,0;T3,T7;True;False
Bancos múltiplos, com carteira comercial;K - Atividades financeiras e de seguros;Pio IX;Baixo-Alto;0,043;False;0,0;T3,T8;False;False
Bancos múltiplos, com carteira comercial;K - Atividades financeiras e de seguros;Santo Inácio do Piauí;Baixo-Baixo;0,001;False;0,0;;True;False
Bancos múltiplos, com carteira comercial;K - Atividades financeiras e de seguros;São José do Piauí;Baixo-Baixo;0,001;False;0,0;;True;False
Bancos múltiplos, com carteira comercial;K - Atividades financeiras e de seguros;São Miguel do Fidalgo;Baixo-Baixo;0,001;False;0,0;;True;False
Bancos múltiplos, com carteira comercial;K - Atividades financeiras e de seguros;São Pedro do Piauí;Alto-Baixo;0,001;True;1,3268;T3,T4;True;False
Bancos múltiplos, com carteira comercial;K - Atividades financeiras e de seguros;Sebastião Leal;Baixo-Baixo;0,001;False;0,0;;True;False
Bancos múltiplos, com carteira comercial;K - Atividades financeiras e de seguros;Sigefredo Pacheco;Baixo-Baixo;0,001;False;0,0;;True;False
Bancos múltiplos, com carteira comercial;K - Atividades financeiras e de seguros;Simões;Baixo-Baixo;0,001;False;0,0;T3,T7;True;False
Bancos múltiplos, com carteira comercial;K - Atividades financeiras e de seguros;Socorro do Piauí;Baixo-Baixo;0,001;False;0,0;T7;True;False
Bancos múltiplos, com carteira comercial;K - Atividades financeiras e de seguros;Sussuapara;Baixo-Baixo;0,001;False;0,0;;True;False
Bancos múltiplos, com carteira comercial;K - Atividades financeiras e de seguros;Tamboril do Piauí;Baixo-Alto;0,049;False;0,0;;False;False
Bancos múltiplos, com carteira comercial;K - Atividades financeiras e de seguros;Vila Nova do Piauí;Baixo-Baixo;0,001;False;0,0;;True;False
Caixas econômicas;K - Atividades financeiras e de seguros;Água Branca;Alto-Baixo;0,001;True;5,9847;T1,T3,T7;True;False
Caixas econômicas;K - Atividades financeiras e de seguros;Baixa Grande do Ribeiro;Baixo-Alto;0,028;False;0,0;;False;False
Caixas econômicas;K - Atividades financeiras e de seguros;Bom Princípio do Piauí;Baixo-Alto;0,006;False;0,0;;False;False
Caixas econômicas;K - Atividades financeiras e de seguros;Cajueiro da Praia;Baixo-Alto;0,029;False;0,0;;False;True
Caixas econômicas;K - Atividades financeiras e de seguros;Campo Largo do Piauí;Baixo-Alto;0,044;False;0,0;;False;False
Caixas econômicas;K - Atividades financeiras e de seguros;Canto do Buriti;Alto-Baixo;0,001;True;4,9824;T1,T3,T7;True;False
Caixas econômicas;K - Atividades financeiras e de seguros;Currais;Baixo-Alto;0,048;False;0,0;;False;False
Caixas econômicas;K - Atividades financeiras e de seguros;Guaribas;Baixo-Alto;0,005;False;0,0;;False;False
Caixas econômicas;K - Atividades financeiras e de seguros;Ilha Grande;Baixo-Alto;0,004;False;0,0;;False;True
Caixas econômicas;K - Atividades financeiras e de seguros;Ipiranga do Piauí;Baixo-Alto;0,033;False;0,0;;False;False
Caixas econômicas;K - Atividades financeiras e de seguros;José de Freitas;Alto-Alto;0,033;True;9,5886;T1,T4;False;False
Caixas econômicas;K - Atividades financeiras e de seguros;Lagoa Alegre;Baixo-Alto;0,006;False;0,0;;False;True
Caixas econômicas;K - Atividades financeiras e de seguros;Monte Alegre do Piauí;Baixo-Alto;0,033;False;0,0;;False;False
Caixas econômicas;K - Atividades financeiras e de seguros;Morro Cabeça no Tempo;Baixo-Alto;0,033;False;0,0;;False;False
Caixas econômicas;K - Atividades financeiras e de seguros;Nazaré do Piauí;Baixo-Alto;0,041;False;0,0;;False;False
Caixas econômicas;K - Atividades financeiras e de seguros;Novo Oriente do Piauí;Baixo-Alto;0,045;False;0,0;;False;False
Caixas econômicas;K - Atividades financeiras e de seguros;Oeiras;Alto-Baixo;0,001;True;6,9717;T2,T3;True;False
Caixas econômicas;K - Atividades financeiras e de seguros;Picos;Alto-Baixo;0,001;True;9,9181;T3,T7;True;False
Caixas econômicas;K - Atividades financeiras e de seguros;São João do Piauí;Alto-Baixo;0,001;True;0,8412;T3;True;False
Caixas econômicas;K - Atividades financeiras e de seguros;Teresina;Baixo-Alto;0,02;False;0,0;T3,T7;False;False
Caixas econômicas;K - Atividades financeiras e de seguros;Uruçuí;Alto-Baixo;0,001;True;3,5463;T3,T7;True;True
Cartórios;M - Atividades profissionais, científicas e técnicas;Alto Longá;Alto-Baixo;0,019;True;4,3303;T1;False;False
Cartórios;M - Atividades profissionais, científicas e técnicas;Altos;Alto-Alto;0,031;True;27,7968;T1,T3;False;False
Cartórios;M - Atividades profissionais, científicas e técnicas;Alvorada do Gurguéia;Baixo-Alto;0,023;False;0,0;;False;False
Cartórios;M - Atividades profissionais, científicas e técnicas;Amarante;Alto-Alto;0,027;True;2,1559;T6,T8;False;False
Cartórios;M - Atividades profissionais, científicas e técnicas;Baixa Grande do Ribeiro;Baixo-Alto;0,005;False;0,0;;False;False
Cartórios;M - Atividades profissionais, científicas e técnicas;Batalha;Baixo-Alto;0,01;True;0,6126;T1,T7;False;False
Cartórios;M - Atividades profissionais, científicas e técnicas;Bertolínia;Alto-Baixo;0,001;True;3,3049;T2;True;False
Cartórios;M - Atividades profissionais, científicas e técnicas;Bom Princípio do Piauí;Baixo-Alto;0,007;False;0,0;;False;True
Cartórios;M - Atividades profissionais, científicas e técnicas;Caraúbas do Piauí;Baixo-Alto;0,026;False;0,0;;False;False
Cartórios;M - Atividades profissionais, científicas e técnicas;Castelo do Piauí;Baixo-Baixo;0,001;False;0,0;T7,T8;True;False
Cartórios;M - Atividades profissionais, científicas e técnicas;Curralinhos;Baixo-Alto;0,005;False;0,0;;False;False
Cartórios;M - Atividades profissionais, científicas e técnicas;Francisco Ayres;Baixo-Alto;0,041;False;0,0;T6;False;False
Cartórios;M - Atividades profissionais, científicas e técnicas;Guaribas;Baixo-Alto;0,009;False;0,0;;False;False
Cartórios;M - Atividades profissionais, científicas e técnicas;Ipiranga do Piauí;Alto-Alto;0,019;True;7,8739;T2;False;False
Cartórios;M - Atividades profissionais, científicas e técnicas;Jerumenha;Alto-Alto;0,035;True;7,6618;T1;False;False
Cartórios;M - Atividades profissionais, científicas e técnicas;José de Freitas;Alto-Alto;0,011;True;28,7982;T1,T2;False;False
Cartórios;M - Atividades profissionais, científicas e técnicas;Lagoa Alegre;Baixo-Alto;0,017;False;0,0;;False;True
Cartórios;M - Atividades profissionais, científicas e técnicas;Monte Alegre do Piauí;Baixo-Alto;0,035;False;0,0;;False;False
Cartórios;M - Atividades profissionais, científicas e técnicas;Morro Cabeça no Tempo;Baixo-Alto;0,049;False;0,0;;False;False
Cartórios;M - Atividades profissionais, científicas e técnicas;Morro do Chapéu do Piauí;Baixo-Alto;0,018;False;0,0;;False;False
Cartórios;M - Atividades profissionais, científicas e técnicas;Murici dos Portelas;Baixo-Alto;0,045;False;0,0;;False;False
Cartórios;M - Atividades profissionais, científicas e técnicas;Nazaré do Piauí;Baixo-Alto;0,036;False;0,0;;False;False
Cartórios;M - Atividades profissionais, científicas e técnicas;Nazária;Baixo-Alto;0,006;False;0,0;;False;False
Cartórios;M - Atividades profissionais, científicas e técnicas;Novo Oriente do Piauí;Baixo-Alto;0,005;False;0,0;T8;False;False
Cartórios;M - Atividades profissionais, científicas e técnicas;Pau D'Arco do Piauí;Baixo-Alto;0,033;False;0,0;;False;False
Cartórios;M - Atividades profissionais, científicas e técnicas;Paulistana;Alto-Baixo;0,001;True;4,7932;T1,T5,T7;True;True
Cartórios;M - Atividades profissionais, científicas e técnicas;Santana do Piauí;Baixo-Alto;0,032;False;0,0;;False;False
Cartórios;M - Atividades profissionais, científicas e técnicas;São Raimundo Nonato;Baixo-Baixo;0,023;False;0,0;T7;False;False
Cartórios;M - Atividades profissionais, científicas e técnicas;Sigefredo Pacheco;Baixo-Baixo;0,001;False;0,0;;True;False
Cartórios;M - Atividades profissionais, científicas e técnicas;Simplício Mendes;Alto-Baixo;0,036;True;2,9226;T1;False;False
Cartórios;M - Atividades profissionais, científicas e técnicas;Teresina;Alto-Alto;0,014;True;49,6173;T5,T7;False;False
Cartórios;M - Atividades profissionais, científicas e técnicas;União;Alto-Alto;0,001;True;14,6129;T1;False;True
Casas lotéricas;R - Artes, cultura, esporte e recreação;Altos;Alto-Alto;0,013;True;10,1452;T1,T3,T7;False;False
Casas lotéricas;R - Artes, cultura, esporte e recreação;Anísio de Abreu;Baixo-Baixo;0,001;False;0,0;T3;True;False
Casas lotéricas;R - Artes, cultura, esporte e recreação;Aroeiras do Itaim;Baixo-Baixo;0,001;False;0,0;;True;True
Casas lotéricas;R - Artes, cultura, esporte e recreação;Barras;Alto-Alto;0,003;True;5,1184;T2,T3,T7;True;False
Casas lotéricas;R - Artes, cultura, esporte e recreação;Batalha;Alto-Alto;0,013;True;1,3902;T1,T7;False;True
Casas lotéricas;R - Artes, cultura, esporte e recreação;Bela Vista do Piauí;Alto-Baixo;0,001;True;1,941;T2,T4;True;False
Casas lotéricas;R - Artes, cultura, esporte e recreação;Boa Hora;Alto-Alto;0,01;True;1,9945;T2,T4,T7;True;False
Casas lotéricas;R - Artes, cultura, esporte e recreação;Bonfim do Piauí;Baixo-Baixo;0,001;False;0,0;T7;True;False
Casas lotéricas;R - Artes, cultura, esporte e recreação;Brejo do Piauí;Baixo-Baixo;0,03;False;0,0;T8;False;False
Casas lotéricas;R - Artes, cultura, esporte e recreação;Buriti dos Montes;Baixo-Alto;0,017;False;0,0;;False;False
Casas lotéricas;R - Artes, cultura, esporte e recreação;Cabeceiras do Piauí;Baixo-Alto;0,001;False;0,0;;True;True
Casas lotéricas;R - Artes, cultura, esporte e recreação;Caldeirão Grande do Piauí;Baixo-Baixo;0,001;False;0,0;;True;False
Casas lotéricas;R - Artes, cultura, esporte e recreação;Campinas do Piauí;Baixo-Baixo;0,001;False;0,0;T3;True;False
Casas lotéricas;R - Artes, cultura, esporte e recreação;Campo Largo do Piauí;Baixo-Alto;0,014;True;0,1133;T2,T3;False;False
Casas lotéricas;R - Artes, cultura, esporte e recreação;Capitão de Campos;Baixo-Alto;0,003;False;0,0;T8;True;True
Casas lotéricas;R - Artes, cultura, esporte e recreação;Cocal de Telha;Baixo-Alto;0,026;False;0,0;;False;False
Casas lotéricas;R - Artes, cultura, esporte e recreação;Coivaras;Baixo-Alto;0,002;False;0,0;T8;True;True
Casas lotéricas;R - Artes, cultura, esporte e recreação;Colônia do Gurguéia;Alto-Baixo;0,001;True;1,8102;T1,T7;True;False
Casas lotéricas;R - Artes, cultura, esporte e recreação;Coronel José Dias;Baixo-Baixo;0,001;False;0,0;T3;True;False
Casas lotéricas;R - Artes, cultura, esporte e recreação;Cristalândia do Piauí;Baixo-Baixo;0,001;False;0,0;T3,T7;True;False
Casas lotéricas;R - Artes, cultura, esporte e recreação;Cristino Castro;Alto-Baixo;0,001;True;0,5741;T3;True;False
Casas lotéricas;R - Artes, cultura, esporte e recreação;Domingos Mourão;Baixo-Alto;0,04;False;0,0;;False;False
Casas lotéricas;R - Artes, cultura, esporte e recreação;Floresta do Piauí;Baixo-Baixo;0,001;False;0,0;T3;True;False
Casas lotéricas;R - Artes, cultura, esporte e recreação;Floriano;Baixo-Alto;0,046;False;0,0;T3,T7;False;False
Casas lotéricas;R - Artes, cultura, esporte e recreação;Francisco Macedo;Baixo-Baixo;0,001;False;0,0;T7;True;False
Casas lotéricas;R - Artes, cultura, esporte e recreação;Guadalupe;Alto-Baixo;0,001;True;1,7069;T2,T4,T7;True;False
Casas lotéricas;R - Artes, cultura, esporte e recreação;Guaribas;Baixo-Alto;0,029;False;0,0;;False;False
Casas lotéricas;R - Artes, cultura, esporte e recreação;Ilha Grande;Alto-Baixo;0,001;True;1,2993;T1,T3;True;False
Casas lotéricas;R - Artes, cultura, esporte e recreação;Inhuma;Baixo-Alto;0,026;False;0,0;T3;False;False
Casas lotéricas;R - Artes, cultura, esporte e recreação;Isaías Coelho;Baixo-Baixo;0,001;False;0,0;;True;False
Casas lotéricas;R - Artes, cultura, esporte e recreação;Jerumenha;Baixo-Alto;0,034;False;0,0;T7,T8;False;False
Casas lotéricas;R - Artes, cultura, esporte e recreação;João Costa;Baixo-Baixo;0,001;False;0,0;T8;True;False
Casas lotéricas;R - Artes, cultura, esporte e recreação;José de Freitas;Alto-Alto;0,014;True;7,9107;T2,T3;False;False
Casas lotéricas;R - Artes, cultura, esporte e recreação;Lagoa Alegre;Baixo-Alto;0,046;True;0,1645;T3,T7;False;True
Casas lotéricas;R - Artes, cultura, esporte e recreação;Lagoa de São Francisco;Baixo-Alto;0,012;False;0,0;T7,T8;True;True
Casas lotéricas;R - Artes, cultura, esporte e recreação;Luís Correia;Alto-Baixo;0,001;True;2,1791;T2,T8;True;False
Casas lotéricas;R - Artes, cultura, esporte e recreação;Marcolândia;Baixo-Baixo;0,001;False;0,0;T7,T8;True;False
Casas lotéricas;R - Artes, cultura, esporte e recreação;Monte Alegre do Piauí;Baixo-Alto;0,02;True;0,1221;T4,T7;False;False
Casas lotéricas;R - Artes, cultura, esporte e recreação;Nazária;Baixo-Baixo;0,001;False;0,0;T7;True;False
Casas lotéricas;R - Artes, cultura, esporte e recreação;Nossa Senhora de Nazaré;Baixo-Alto;0,014;False;0,0;T3;False;True
Casas lotéricas;R - Artes, cultura, esporte e recreação;Nossa Senhora dos Remédios;Alto-Alto;0,004;True;0,8254;T3;True;True
Casas lotéricas;R - Artes, cultura, esporte e recreação;Novo Santo Antônio;Baixo-Alto;0,01;False;0,0;T7;False;False
Casas lotéricas;R - Artes, cultura, esporte e recreação;Paes Landim;Baixo-Baixo;0,001;False;0,0;T7,T8;True;False
Casas lotéricas;R - Artes, cultura, esporte e recreação;Pajeú do Piauí;Baixo-Baixo;0,001;False;0,0;T3;True;False
Casas lotéricas;R - Artes, cultura, esporte e recreação;Paquetá;Baixo-Baixo;0,001;False;0,0;;True;False
Casas lotéricas;R - Artes, cultura, esporte e recreação;Pedro Laurentino;Baixo-Baixo;0,001;False;0,0;;True;False
Casas lotéricas;R - Artes, cultura, esporte e recreação;São Braz do Piauí;Baixo-Baixo;0,001;False;0,0;;True;False
Casas lotéricas;R - Artes, cultura, esporte e recreação;São Francisco do Piauí;Alto-Alto;0,009;True;1,4143;T1,T3;True;False
Casas lotéricas;R - Artes, cultura, esporte e recreação;São João da Fronteira;Baixo-Baixo;0,001;False;0,0;T3,T7;True;False
Casas lotéricas;R - Artes, cultura, esporte e recreação;São João do Piauí;Baixo-Baixo;0,045;False;0,0;T7;False;False
Casas lotéricas;R - Artes, cultura, esporte e recreação;Sigefredo Pacheco;Baixo-Alto;0,008;False;0,0;T7,T8;True;False
Casas lotéricas;R - Artes, cultura, esporte e recreação;Socorro do Piauí;Baixo-Baixo;0,001;False;0,0;;True;False
Casas lotéricas;R - Artes, cultura, esporte e recreação;Teresina;Baixo-Alto;0,045;False;0,0;T3,T7;False;False
Casas lotéricas;R - Artes, cultura, esporte e recreação;União;Baixo-Alto;0,035;False;0,0;T3;False;False
Casas lotéricas;R - Artes, cultura, esporte e recreação;Vila Nova do Piauí;Alto-Baixo;0,001;True;0,5903;T3;True;True
Coleta de resíduos não-perigosos;E - Água, esgoto, resíduos e descontaminação;Agricolândia;Baixo-Baixo;0,001;False;0,0;;True;False
Coleta de resíduos não-perigosos;E - Água, esgoto, resíduos e descontaminação;Alto Longá;Baixo-Baixo;0,001;False;0,0;;True;False
Coleta de resíduos não-perigosos;E - Água, esgoto, resíduos e descontaminação;Altos;Alto-Alto;0,026;True;109,2362;T1;False;False
Coleta de resíduos não-perigosos;E - Água, esgoto, resíduos e descontaminação;Amarante;Baixo-Alto;0,045;False;0,0;;False;False
Coleta de resíduos não-perigosos;E - Água, esgoto, resíduos e descontaminação;Anísio de Abreu;Baixo-Baixo;0,001;False;0,0;T7;True;False
Coleta de resíduos não-perigosos;E - Água, esgoto, resíduos e descontaminação;Antônio Almeida;Baixo-Baixo;0,001;False;0,0;;True;False
Coleta de resíduos não-perigosos;E - Água, esgoto, resíduos e descontaminação;Arraial;Baixo-Alto;0,045;False;0,0;;False;False
Coleta de resíduos não-perigosos;E - Água, esgoto, resíduos e descontaminação;Assunção do Piauí;Baixo-Baixo;0,001;False;0,0;;True;False
Coleta de resíduos não-perigosos;E - Água, esgoto, resíduos e descontaminação;Avelino Lopes;Baixo-Baixo;0,001;False;0,0;T8;True;False
Coleta de resíduos não-perigosos;E - Água, esgoto, resíduos e descontaminação;Baixa Grande do Ribeiro;Baixo-Baixo;0,001;False;0,0;;True;False
Coleta de resíduos não-perigosos;E - Água, esgoto, resíduos e descontaminação;Barreiras do Piauí;Baixo-Baixo;0,001;False;0,0;;True;False
Coleta de resíduos não-perigosos;E - Água, esgoto, resíduos e descontaminação;Barro Duro;Baixo-Baixo;0,001;False;0,0;;True;False
Coleta de resíduos não-perigosos;E - Água, esgoto, resíduos e descontaminação;Beneditinos;Baixo-Baixo;0,001;False;0,0;;True;False
Coleta de resíduos não-perigosos;E - Água, esgoto, resíduos e descontaminação;Bom Princípio do Piauí;Baixo-Baixo;0,001;False;0,0;;True;False
Coleta de resíduos não-perigosos;E - Água, esgoto, resíduos e descontaminação;Bonfim do Piauí;Baixo-Baixo;0,001;False;0,0;;True;False
Coleta de resíduos não-perigosos;E - Água, esgoto, resíduos e descontaminação;Brejo do Piauí;Baixo-Baixo;0,001;False;0,0;;True;False
Coleta de resíduos não-perigosos;E - Água, esgoto, resíduos e descontaminação;Cajueiro da Praia;Baixo-Baixo;0,001;False;0,0;;True;False
Coleta de resíduos não-perigosos;E - Água, esgoto, resíduos e descontaminação;Caldeirão Grande do Piauí;Baixo-Baixo;0,001;False;0,0;;True;False
Coleta de resíduos não-perigosos;E - Água, esgoto, resíduos e descontaminação;Campinas do Piauí;Baixo-Baixo;0,001;False;0,0;;True;False
Coleta de resíduos não-perigosos;E - Água, esgoto, resíduos e descontaminação;Canavieira;Baixo-Baixo;0,001;False;0,0;;True;False
Coleta de resíduos não-perigosos;E - Água, esgoto, resíduos e descontaminação;Capitão Gervásio Oliveira;Baixo-Baixo;0,001;False;0,0;;True;False
Coleta de resíduos não-perigosos;E - Água, esgoto, resíduos e descontaminação;Caracol;Baixo-Baixo;0,001;False;0,0;;True;False
Coleta de resíduos não-perigosos;E - Água, esgoto, resíduos e descontaminação;Caxingó;Baixo-Baixo;0,001;False;0,0;;True;False
Coleta de resíduos não-perigosos;E - Água, esgoto, resíduos e descontaminação;Cocal dos Alves;Baixo-Baixo;0,001;False;0,0;;True;False
Coleta de resíduos não-perigosos;E - Água, esgoto, resíduos e descontaminação;Coivaras;Baixo-Alto;0,044;False;0,0;;False;False
Coleta de resíduos não-perigosos;E - Água, esgoto, resíduos e descontaminação;Coronel José Dias;Alto-Baixo;0,001;True;78,9463;T1,T3;True;True
Coleta de resíduos não-perigosos;E - Água, esgoto, resíduos e descontaminação;Corrente;Alto-Baixo;0,001;True;20,4887;T1;True;False
Coleta de resíduos não-perigosos;E - Água, esgoto, resíduos e descontaminação;Curralinhos;Baixo-Alto;0,02;False;0,0;;False;False
Coleta de resíduos não-perigosos;E - Água, esgoto, resíduos e descontaminação;Demerval Lobão;Baixo-Alto;0,011;False;0,0;T7;True;False
Coleta de resíduos não-perigosos;E - Água, esgoto, resíduos e descontaminação;Dom Expedito Lopes;Baixo-Baixo;0,001;False;0,0;;True;False
Coleta de resíduos não-perigosos;E - Água, esgoto, resíduos e descontaminação;Fartura do Piauí;Baixo-Baixo;0,001;False;0,0;;True;False
Coleta de resíduos não-perigosos;E - Água, esgoto, resíduos e descontaminação;Francinópolis;Baixo-Alto;0,031;False;0,0;;False;False
Coleta de resíduos não-perigosos;E - Água, esgoto, resíduos e descontaminação;Francisco Ayres;Baixo-Baixo;0,001;False;0,0;;True;False
Coleta de resíduos não-perigosos;E - Água, esgoto, resíduos e descontaminação;Francisco Macedo;Baixo-Baixo;0,001;False;0,0;;True;False
Coleta de resíduos não-perigosos;E - Água, esgoto, resíduos e descontaminação;Francisco Santos;Baixo-Baixo;0,001;False;0,0;;True;False
Coleta de resíduos não-perigosos;E - Água, esgoto, resíduos e descontaminação;Fronteiras;Baixo-Baixo;0,001;False;0,0;;True;False
Coleta de resíduos não-perigosos;E - Água, esgoto, resíduos e descontaminação;Geminiano;Baixo-Baixo;0,001;False;0,0;;True;False
Coleta de resíduos não-perigosos;E - Água, esgoto, resíduos e descontaminação;Gilbués;Baixo-Baixo;0,001;False;0,0;;True;False
Coleta de resíduos não-perigosos;E - Água, esgoto, resíduos e descontaminação;Guadalupe;Baixo-Baixo;0,001;False;0,0;T8;True;False
Coleta de resíduos não-perigosos;E - Água, esgoto, resíduos e descontaminação;Ilha Grande;Baixo-Baixo;0,001;False;0,0;;True;False
Coleta de resíduos não-perigosos;E - Água, esgoto, resíduos e descontaminação;Itaueira;Baixo-Baixo;0,001;False;0,0;;True;False
Coleta de resíduos não-perigosos;E - Água, esgoto, resíduos e descontaminação;Jaicós;Baixo-Baixo;0,001;False;0,0;;True;False
Coleta de resíduos não-perigosos;E - Água, esgoto, resíduos e descontaminação;Jatobá do Piauí;Baixo-Baixo;0,001;False;0,0;;True;False
Coleta de resíduos não-perigosos;E - Água, esgoto, resíduos e descontaminação;Joca Marques;Baixo-Baixo;0,001;False;0,0;;True;False
Coleta de resíduos não-perigosos;E - Água, esgoto, resíduos e descontaminação;José de Freitas;Baixo-Alto;0,002;False;0,0;;True;False
Coleta de resíduos não-perigosos;E - Água, esgoto, resíduos e descontaminação;Juazeiro do Piauí;Baixo-Baixo;0,001;False;0,0;;True;False
Coleta de resíduos não-perigosos;E - Água, esgoto, resíduos e descontaminação;Júlio Borges;Baixo-Baixo;0,001;False;0,0;;True;False
Coleta de resíduos não-perigosos;E - Água, esgoto, resíduos e descontaminação;Lagoa do Piauí;Baixo-Alto;0,014;False;0,0;;True;False
Coleta de resíduos não-perigosos;E - Água, esgoto, resíduos e descontaminação;Lagoa do Sítio;Baixo-Baixo;0,001;False;0,0;;True;False
Coleta de resíduos não-perigosos;E - Água, esgoto, resíduos e descontaminação;Luís Correia;Baixo-Baixo;0,001;False;0,0;T8;True;False
Coleta de resíduos não-perigosos;E - Água, esgoto, resíduos e descontaminação;Madeiro;Baixo-Baixo;0,001;False;0,0;;True;False
Coleta de resíduos não-perigosos;E - Água, esgoto, resíduos e descontaminação;Marcolândia;Baixo-Baixo;0,001;False;0,0;;True;False
Coleta de resíduos não-perigosos;E - Água, esgoto, resíduos e descontaminação;Marcos Parente;Baixo-Baixo;0,001;False;0,0;;True;False
Coleta de resíduos não-perigosos;E - Água, esgoto, resíduos e descontaminação;Matias Olímpio;Baixo-Baixo;0,001;False;0,0;;True;False
Coleta de resíduos não-perigosos;E - Água, esgoto, resíduos e descontaminação;Milton Brandão;Baixo-Baixo;0,001;False;0,0;;True;False
Coleta de resíduos não-perigosos;E - Água, esgoto, resíduos e descontaminação;Monsenhor Gil;Baixo-Alto;0,033;False;0,0;T7;False;False
Coleta de resíduos não-perigosos;E - Água, esgoto, resíduos e descontaminação;Monte Alegre do Piauí;Baixo-Baixo;0,001;False;0,0;T8;True;False
Coleta de resíduos não-perigosos;E - Água, esgoto, resíduos e descontaminação;Morro Cabeça no Tempo;Baixo-Baixo;0,001;False;0,0;;True;False
Coleta de resíduos não-perigosos;E - Água, esgoto, resíduos e descontaminação;Morro do Chapéu do Piauí;Baixo-Baixo;0,001;False;0,0;;True;False
Coleta de resíduos não-perigosos;E - Água, esgoto, resíduos e descontaminação;Murici dos Portelas;Baixo-Baixo;0,001;False;0,0;;True;False
Coleta de resíduos não-perigosos;E - Água, esgoto, resíduos e descontaminação;Nazária;Baixo-Alto;0,001;False;0,0;;True;False
Coleta de resíduos não-perigosos;E - Água, esgoto, resíduos e descontaminação;Nossa Senhora de Nazaré;Baixo-Baixo;0,001;False;0,0;;True;False
Coleta de resíduos não-perigosos;E - Água, esgoto, resíduos e descontaminação;Olho D'Água do Piauí;Baixo-Baixo;0,001;False;0,0;;True;False
Coleta de resíduos não-perigosos;E - Água, esgoto, resíduos e descontaminação;Paes Landim;Baixo-Baixo;0,001;False;0,0;T8;True;False
Coleta de resíduos não-perigosos;E - Água, esgoto, resíduos e descontaminação;Palmeirais;Baixo-Alto;0,017;False;0,0;;False;False
Coleta de resíduos não-perigosos;E - Água, esgoto, resíduos e descontaminação;Parnaíba;Baixo-Baixo;0,001;False;0,0;T3,T7;True;False
Coleta de resíduos não-perigosos;E - Água, esgoto, resíduos e descontaminação;Pau D'Arco do Piauí;Baixo-Alto;0,002;False;0,0;;True;False
Coleta de resíduos não-perigosos;E - Água, esgoto, resíduos e descontaminação;Paulistana;Alto-Baixo;0,001;True;15,099;T1,T7;True;False
Coleta de resíduos não-perigosos;E - Água, esgoto, resíduos e descontaminação;Picos;Baixo-Baixo;0,001;False;0,0;T7;True;False
Coleta de resíduos não-perigosos;E - Água, esgoto, resíduos e descontaminação;Pimenteiras;Baixo-Baixo;0,001;False;0,0;;True;False
Coleta de resíduos não-perigosos;E - Água, esgoto, resíduos e descontaminação;Piracuruca;Baixo-Baixo;0,001;False;0,0;;True;False
Coleta de resíduos não-perigosos;E - Água, esgoto, resíduos e descontaminação;Piripiri;Alto-Baixo;0,001;True;1,1244;T1,T7;True;False
Coleta de resíduos não-perigosos;E - Água, esgoto, resíduos e descontaminação;Porto Alegre do Piauí;Baixo-Baixo;0,001;False;0,0;;True;False
Coleta de resíduos não-perigosos;E - Água, esgoto, resíduos e descontaminação;Regeneração;Alto-Baixo;0,001;True;136,2167;T1,T7;True;False
Coleta de resíduos não-perigosos;E - Água, esgoto, resíduos e descontaminação;Ribeira do Piauí;Baixo-Baixo;0,001;False;0,0;;True;False
Coleta de resíduos não-perigosos;E - Água, esgoto, resíduos e descontaminação;Ribeiro Gonçalves;Baixo-Baixo;0,001;False;0,0;;True;False
Coleta de resíduos não-perigosos;E - Água, esgoto, resíduos e descontaminação;Santa Filomena;Baixo-Baixo;0,001;False;0,0;;True;False
Coleta de resíduos não-perigosos;E - Água, esgoto, resíduos e descontaminação;Santana do Piauí;Baixo-Baixo;0,001;False;0,0;;True;False
Coleta de resíduos não-perigosos;E - Água, esgoto, resíduos e descontaminação;Santo Antônio dos Milagres;Baixo-Baixo;0,001;False;0,0;;True;False
Coleta de resíduos não-perigosos;E - Água, esgoto, resíduos e descontaminação;São João da Fronteira;Baixo-Baixo;0,001;False;0,0;;True;False
Coleta de resíduos não-perigosos;E - Água, esgoto, resíduos e descontaminação;São João da Serra;Baixo-Baixo;0,001;False;0,0;;True;False
Coleta de resíduos não-perigosos;E - Água, esgoto, resíduos e descontaminação;São João do Piauí;Baixo-Baixo;0,001;False;0,0;;True;False
Coleta de resíduos não-perigosos;E - Água, esgoto, resíduos e descontaminação;São José do Divino;Baixo-Baixo;0,001;False;0,0;;True;False
Coleta de resíduos não-perigosos;E - Água, esgoto, resíduos e descontaminação;São José do Peixe;Baixo-Baixo;0,001;False;0,0;;True;False
Coleta de resíduos não-perigosos;E - Água, esgoto, resíduos e descontaminação;São Luis do Piauí;Baixo-Baixo;0,001;False;0,0;;True;False
Coleta de resíduos não-perigosos;E - Água, esgoto, resíduos e descontaminação;São Miguel do Tapuio;Baixo-Baixo;0,001;False;0,0;;True;False
Coleta de resíduos não-perigosos;E - Água, esgoto, resíduos e descontaminação;Simplício Mendes;Baixo-Baixo;0,001;False;0,0;;True;False
Coleta de resíduos não-perigosos;E - Água, esgoto, resíduos e descontaminação;Tamboril do Piauí;Baixo-Baixo;0,001;False;0,0;;True;False
Coleta de resíduos não-perigosos;E - Água, esgoto, resíduos e descontaminação;Tanque do Piauí;Baixo-Alto;0,006;False;0,0;;True;False
Coleta de resíduos não-perigosos;E - Água, esgoto, resíduos e descontaminação;União;Baixo-Alto;0,003;False;0,0;;True;True
Coleta de resíduos não-perigosos;E - Água, esgoto, resíduos e descontaminação;Várzea Branca;Baixo-Baixo;0,001;False;0,0;;True;False
Coleta de resíduos não-perigosos;E - Água, esgoto, resíduos e descontaminação;Vera Mendes;Alto-Baixo;0,001;True;7,1475;T1;True;False
Comercio varejista de artigos de armarinho;"G - Comércio; reparação de veículos";Água Branca;Alto-Baixo;0,001;True;9,3083;T1,T3;True;False
Comercio varejista de artigos de armarinho;"G - Comércio; reparação de veículos";Amarante;Alto-Alto;0,005;True;0,5842;T2,T4;False;False
Comercio varejista de artigos de armarinho;"G - Comércio; reparação de veículos";Batalha;Baixo-Alto;0,015;False;0,0;T7;False;False
Comercio varejista de artigos de armarinho;"G - Comércio; reparação de veículos";Cabeceiras do Piauí;Baixo-Alto;0,032;False;0,0;;False;False
Comercio varejista de artigos de armarinho;"G - Comércio; reparação de veículos";Caracol;Alto-Baixo;0,001;True;3,3583;T1,T4;True;False
Comercio varejista de artigos de armarinho;"G - Comércio; reparação de veículos";Caraúbas do Piauí;Baixo-Alto;0,011;False;0,0;;False;False
Comercio varejista de artigos de armarinho;"G - Comércio; reparação de veículos";Castelo do Piauí;Alto-Baixo;0,001;True;3,6881;T1,T2,T3;True;False
Comercio varejista de artigos de armarinho;"G - Comércio; reparação de veículos";Cocal dos Alves;Baixo-Alto;0,002;False;0,0;;False;True
Comercio varejista de artigos de armarinho;"G - Comércio; reparação de veículos";Cristalândia do Piauí;Alto-Baixo;0,001;True;1,2743;T1;True;True
Comercio varejista de artigos de armarinho;"G - Comércio; reparação de veículos";Demerval Lobão;Alto-Baixo;0,001;True;1,5001;T1,T7;True;False
Comercio varejista de artigos de armarinho;"G - Comércio; reparação de veículos";Francisco Ayres;Baixo-Alto;0,014;False;0,0;;False;False
Comercio varejista de artigos de armarinho;"G - Comércio; reparação de veículos";Guadalupe;Alto-Baixo;0,001;True;1,9606;T2,T7;True;False
Comercio varejista de artigos de armarinho;"G - Comércio; reparação de veículos";Jerumenha;Baixo-Alto;0,02;False;0,0;;False;True
Comercio varejista de artigos de armarinho;"G - Comércio; reparação de veículos";José de Freitas;Baixo-Alto;0,029;False;0,0;T7,T8;False;False
Comercio varejista de artigos de armarinho;"G - Comércio; reparação de veículos";Lagoa Alegre;Baixo-Alto;0,049;False;0,0;;False;False
Comercio varejista de artigos de armarinho;"G - Comércio; reparação de veículos";Luzilândia;Alto-Baixo;0,001;True;0,1881;T4,T8;True;False
Comercio varejista de artigos de armarinho;"G - Comércio; reparação de veículos";Nazaré do Piauí;Baixo-Alto;0,025;False;0,0;;False;False
Comercio varejista de artigos de armarinho;"G - Comércio; reparação de veículos";Novo Santo Antônio;Baixo-Alto;0,026;False;0,0;;False;False
Comercio varejista de artigos de armarinho;"G - Comércio; reparação de veículos";Paulistana;Alto-Baixo;0,001;True;1,7827;T1;True;True
Comercio varejista de artigos de armarinho;"G - Comércio; reparação de veículos";São João do Piauí;Alto-Baixo;0,001;True;2,4867;T3;True;False
Comercio varejista de artigos de armarinho;"G - Comércio; reparação de veículos";Sebastião Leal;Alto-Baixo;0,001;True;12,9406;T1;True;False
Comercio varejista de artigos de armarinho;"G - Comércio; reparação de veículos";Sigefredo Pacheco;Baixo-Alto;0,047;False;0,0;T8;False;False
Comercio varejista de artigos de armarinho;"G - Comércio; reparação de veículos";Valença do Piauí;Alto-Baixo;0,001;True;0,6543;T3,T7;True;False
Comercio varejista de artigos de cama, mesa e banho;"G - Comércio; reparação de veículos";Agricolândia;Baixo-Baixo;0,001;False;0,0;;True;False
Comercio varejista de artigos de cama, mesa e banho;"G - Comércio; reparação de veículos";Água Branca;Baixo-Baixo;0,001;False;0,0;T7;True;True
Comercio varejista de artigos de cama, mesa e banho;"G - Comércio; reparação de veículos";Alagoinha do Piauí;Baixo-Baixo;0,001;False;0,0;;True;False
Comercio varejista de artigos de cama, mesa e banho;"G - Comércio; reparação de veículos";Alegrete do Piauí;Baixo-Baixo;0,001;False;0,0;;True;False
Comercio varejista de artigos de cama, mesa e banho;"G - Comércio; reparação de veículos";Altos;Alto-Alto;0,022;True;6,1736;T1;True;False
Comercio varejista de artigos de cama, mesa e banho;"G - Comércio; reparação de veículos";Alvorada do Gurguéia;Baixo-Baixo;0,001;False;0,0;;True;False
Comercio varejista de artigos de cama, mesa e banho;"G - Comércio; reparação de veículos";Amarante;Baixo-Baixo;0,001;False;0,0;;True;True
Comercio varejista de artigos de cama, mesa e banho;"G - Comércio; reparação de veículos";Angical do Piauí;Baixo-Baixo;0,001;False;0,0;;True;False
Comercio varejista de artigos de cama, mesa e banho;"G - Comércio; reparação de veículos";Anísio de Abreu;Baixo-Baixo;0,001;False;0,0;;True;False
Comercio varejista de artigos de cama, mesa e banho;"G - Comércio; reparação de veículos";Antônio Almeida;Baixo-Baixo;0,001;False;0,0;;True;True
Comercio varejista de artigos de cama, mesa e banho;"G - Comércio; reparação de veículos";Aroazes;Baixo-Baixo;0,001;False;0,0;;True;False
Comercio varejista de artigos de cama, mesa e banho;"G - Comércio; reparação de veículos";Arraial;Baixo-Baixo;0,001;False;0,0;;True;True
Comercio varejista de artigos de cama, mesa e banho;"G - Comércio; reparação de veículos";Assunção do Piauí;Baixo-Baixo;0,001;False;0,0;;True;False
Comercio varejista de artigos de cama, mesa e banho;"G - Comércio; reparação de veículos";Avelino Lopes;Baixo-Baixo;0,001;False;0,0;;True;False
Comercio varejista de artigos de cama, mesa e banho;"G - Comércio; reparação de veículos";Barra D'Alcântara;Baixo-Baixo;0,001;False;0,0;;True;False
Comercio varejista de artigos de cama, mesa e banho;"G - Comércio; reparação de veículos";Barras;Baixo-Alto;0,01;False;0,0;T7;True;False
Comercio varejista de artigos de cama, mesa e banho;"G - Comércio; reparação de veículos";Barreiras do Piauí;Baixo-Baixo;0,001;False;0,0;;True;True
Comercio varejista de artigos de cama, mesa e banho;"G - Comércio; reparação de veículos";Barro Duro;Baixo-Baixo;0,001;False;0,0;;True;False
Comercio varejista de artigos de cama, mesa e banho;"G - Comércio; reparação de veículos";Batalha;Baixo-Alto;0,002;False;0,0;T7;True;False
Comercio varejista de artigos de cama, mesa e banho;"G - Comércio; reparação de veículos";Bela Vista do Piauí;Baixo-Baixo;0,001;False;0,0;;True;False
Comercio varejista de artigos de cama, mesa e banho;"G - Comércio; reparação de veículos";Belém do Piauí;Baixo-Baixo;0,001;False;0,0;;True;False
Comercio varejista de artigos de cama, mesa e banho;"G - Comércio; reparação de veículos";Beneditinos;Baixo-Baixo;0,001;False;0,0;;True;False
Comercio varejista de artigos de cama, mesa e banho;"G - Comércio; reparação de veículos";Bertolínia;Baixo-Baixo;0,001;False;0,0;;True;True
Comercio varejista de artigos de cama, mesa e banho;"G - Comércio; reparação de veículos";Boa Hora;Baixo-Alto;0,03;False;0,0;;True;False
Comercio varejista de artigos de cama, mesa e banho;"G - Comércio; reparação de veículos";Bocaina;Baixo-Baixo;0,001;False;0,0;;True;False
Comercio varejista de artigos de cama, mesa e banho;"G - Comércio; reparação de veículos";Bom Jesus;Alto-Baixo;0,001;True;2,936;T1,T3;True;False
Comercio varejista de artigos de cama, mesa e banho;"G - Comércio; reparação de veículos";Bonfim do Piauí;Baixo-Alto;0,049;False;0,0;;False;False
Comercio varejista de artigos de cama, mesa e banho;"G - Comércio; reparação de veículos";Boqueirão do Piauí;Baixo-Baixo;0,001;False;0,0;;True;False
Comercio varejista de artigos de cama, mesa e banho;"G - Comércio; reparação de veículos";Brasileira;Baixo-Alto;0,008;False;0,0;;True;True
Comercio varejista de artigos de cama, mesa e banho;"G - Comércio; reparação de veículos";Cajazeiras do Piauí;Baixo-Baixo;0,001;False;0,0;;True;False
Comercio varejista de artigos de cama, mesa e banho;"G - Comércio; reparação de veículos";Cajueiro da Praia;Baixo-Baixo;0,001;False;0,0;;True;False
Comercio varejista de artigos de cama, mesa e banho;"G - Comércio; reparação de veículos";Caldeirão Grande do Piauí;Baixo-Baixo;0,001;False;0,0;;True;False
Comercio varejista de artigos de cama, mesa e banho;"G - Comércio; reparação de veículos";Campinas do Piauí;Baixo-Baixo;0,001;False;0,0;;True;False
Comercio varejista de artigos de cama, mesa e banho;"G - Comércio; reparação de veículos";Campo Alegre do Fidalgo;Baixo-Baixo;0,001;False;0,0;;True;False
Comercio varejista de artigos de cama, mesa e banho;"G - Comércio; reparação de veículos";Campo Grande do Piauí;Baixo-Baixo;0,001;False;0,0;;True;False
Comercio varejista de artigos de cama, mesa e banho;"G - Comércio; reparação de veículos";Canavieira;Baixo-Baixo;0,001;False;0,0;;True;False
Comercio varejista de artigos de cama, mesa e banho;"G - Comércio; reparação de veículos";Capitão de Campos;Baixo-Alto;0,027;False;0,0;;True;False
Comercio varejista de artigos de cama, mesa e banho;"G - Comércio; reparação de veículos";Capitão Gervásio Oliveira;Baixo-Baixo;0,001;False;0,0;;True;True
Comercio varejista de artigos de cama, mesa e banho;"G - Comércio; reparação de veículos";Caracol;Baixo-Baixo;0,001;False;0,0;;True;False
Comercio varejista de artigos de cama, mesa e banho;"G - Comércio; reparação de veículos";Caridade do Piauí;Baixo-Baixo;0,001;False;0,0;;True;False
Comercio varejista de artigos de cama, mesa e banho;"G - Comércio; reparação de veículos";Castelo do Piauí;Alto-Baixo;0,001;True;3,7488;T1,T8;True;False
Comercio varejista de artigos de cama, mesa e banho;"G - Comércio; reparação de veículos";Caxingó;Baixo-Baixo;0,001;False;0,0;;True;False
Comercio varejista de artigos de cama, mesa e banho;"G - Comércio; reparação de veículos";Coivaras;Baixo-Alto;0,006;False;0,0;;True;True
Comercio varejista de artigos de cama, mesa e banho;"G - Comércio; reparação de veículos";Colônia do Gurguéia;Baixo-Baixo;0,001;False;0,0;;True;True
Comercio varejista de artigos de cama, mesa e banho;"G - Comércio; reparação de veículos";Colônia do Piauí;Baixo-Baixo;0,001;False;0,0;;True;False
Comercio varejista de artigos de cama, mesa e banho;"G - Comércio; reparação de veículos";Conceição do Canindé;Baixo-Baixo;0,001;False;0,0;;True;False
Comercio varejista de artigos de cama, mesa e banho;"G - Comércio; reparação de veículos";Corrente;Baixo-Baixo;0,001;False;0,0;T7;True;False
Comercio varejista de artigos de cama, mesa e banho;"G - Comércio; reparação de veículos";Cristalândia do Piauí;Baixo-Baixo;0,001;False;0,0;;True;False
Comercio varejista de artigos de cama, mesa e banho;"G - Comércio; reparação de veículos";Cristino Castro;Baixo-Baixo;0,001;False;0,0;;True;False
Comercio varejista de artigos de cama, mesa e banho;"G - Comércio; reparação de veículos";Curimatá;Baixo-Baixo;0,001;False;0,0;;True;True
Comercio varejista de artigos de cama, mesa e banho;"G - Comércio; reparação de veículos";Curralinhos;Baixo-Baixo;0,001;False;0,0;;True;False
Comercio varejista de artigos de cama, mesa e banho;"G - Comércio; reparação de veículos";Demerval Lobão;Baixo-Baixo;0,001;False;0,0;T7;True;False
Comercio varejista de artigos de cama, mesa e banho;"G - Comércio; reparação de veículos";Dom Inocêncio;Baixo-Baixo;0,001;False;0,0;;True;True
Comercio varejista de artigos de cama, mesa e banho;"G - Comércio; reparação de veículos";Domingos Mourão;Baixo-Alto;0,011;False;0,0;;True;False
Comercio varejista de artigos de cama, mesa e banho;"G - Comércio; reparação de veículos";Elesbão Veloso;Baixo-Baixo;0,001;False;0,0;T7;True;False
Comercio varejista de artigos de cama, mesa e banho;"G - Comércio; reparação de veículos";Eliseu Martins;Baixo-Baixo;0,001;False;0,0;;True;False
Comercio varejista de artigos de cama, mesa e banho;"G - Comércio; reparação de veículos";Esperantina;Alto-Baixo;0,001;True;11,857;T1,T7;True;False
Comercio varejista de artigos de cama, mesa e banho;"G - Comércio; reparação de veículos";Flores do Piauí;Baixo-Baixo;0,001;False;0,0;;True;False
Comercio varejista de artigos de cama, mesa e banho;"G - Comércio; reparação de veículos";Floresta do Piauí;Baixo-Baixo;0,001;False;0,0;;True;False
Comercio varejista de artigos de cama, mesa e banho;"G - Comércio; reparação de veículos";Floriano;Baixo-Baixo;0,001;False;0,0;T7;True;True
Comercio varejista de artigos de cama, mesa e banho;"G - Comércio; reparação de veículos";Francinópolis;Baixo-Baixo;0,001;False;0,0;;True;False
Comercio varejista de artigos de cama, mesa e banho;"G - Comércio; reparação de veículos";Francisco Ayres;Baixo-Baixo;0,001;False;0,0;;True;False
Comercio varejista de artigos de cama, mesa e banho;"G - Comércio; reparação de veículos";Francisco Macedo;Baixo-Baixo;0,001;False;0,0;;True;False
Comercio varejista de artigos de cama, mesa e banho;"G - Comércio; reparação de veículos";Francisco Santos;Baixo-Baixo;0,001;False;0,0;;True;False
Comercio varejista de artigos de cama, mesa e banho;"G - Comércio; reparação de veículos";Fronteiras;Baixo-Baixo;0,001;False;0,0;;True;False
Comercio varejista de artigos de cama, mesa e banho;"G - Comércio; reparação de veículos";Guadalupe;Baixo-Baixo;0,001;False;0,0;T7,T8;True;True
Comercio varejista de artigos de cama, mesa e banho;"G - Comércio; reparação de veículos";Hugo Napoleão;Baixo-Baixo;0,001;False;0,0;;True;False
Comercio varejista de artigos de cama, mesa e banho;"G - Comércio; reparação de veículos";Ilha Grande;Baixo-Alto;0,025;False;0,0;;True;False
Comercio varejista de artigos de cama, mesa e banho;"G - Comércio; reparação de veículos";Inhuma;Baixo-Baixo;0,001;False;0,0;;True;False
Comercio varejista de artigos de cama, mesa e banho;"G - Comércio; reparação de veículos";Isaías Coelho;Baixo-Baixo;0,001;False;0,0;;True;False
Comercio varejista de artigos de cama, mesa e banho;"G - Comércio; reparação de veículos";Itainópolis;Baixo-Baixo;0,001;False;0,0;;True;False
Comercio varejista de artigos de cama, mesa e banho;"G - Comércio; reparação de veículos";Itaueira;Baixo-Baixo;0,001;False;0,0;;True;True
Comercio varejista de artigos de cama, mesa e banho;"G - Comércio; reparação de veículos";Jaicós;Baixo-Baixo;0,001;False;0,0;;True;False
Comercio varejista de artigos de cama, mesa e banho;"G - Comércio; reparação de veículos";Jardim do Mulato;Baixo-Baixo;0,001;False;0,0;;True;False
Comercio varejista de artigos de cama, mesa e banho;"G - Comércio; reparação de veículos";Jerumenha;Baixo-Baixo;0,001;False;0,0;;True;False
Comercio varejista de artigos de cama, mesa e banho;"G - Comércio; reparação de veículos";Joca Marques;Baixo-Baixo;0,001;False;0,0;;True;False
Comercio varejista de artigos de cama, mesa e banho;"G - Comércio; reparação de veículos";José de Freitas;Alto-Alto;0,003;True;1,4438;T2,T7;True;True
Comercio varejista de artigos de cama, mesa e banho;"G - Comércio; reparação de veículos";Júlio Borges;Baixo-Baixo;0,001;False;0,0;;True;False
Comercio varejista de artigos de cama, mesa e banho;"G - Comércio; reparação de veículos";Jurema;Baixo-Baixo;0,001;False;0,0;;True;False
Comercio varejista de artigos de cama, mesa e banho;"G - Comércio; reparação de veículos";Lagoa de São Francisco;Baixo-Alto;0,003;False;0,0;;True;True
Comercio varejista de artigos de cama, mesa e banho;"G - Comércio; reparação de veículos";Lagoa do Barro do Piauí;Baixo-Baixo;0,001;False;0,0;;True;False
Comercio varejista de artigos de cama, mesa e banho;"G - Comércio; reparação de veículos";Lagoa do Piauí;Baixo-Baixo;0,001;False;0,0;;True;False
Comercio varejista de artigos de cama, mesa e banho;"G - Comércio; reparação de veículos";Lagoa do Sítio;Baixo-Baixo;0,001;False;0,0;;True;False
Comercio varejista de artigos de cama, mesa e banho;"G - Comércio; reparação de veículos";Lagoinha do Piauí;Baixo-Baixo;0,001;False;0,0;;True;False
Comercio varejista de artigos de cama, mesa e banho;"G - Comércio; reparação de veículos";Landri Sales;Baixo-Baixo;0,001;False;0,0;;True;False
Comercio varejista de artigos de cama, mesa e banho;"G - Comércio; reparação de veículos";Luzilândia;Baixo-Baixo;0,001;False;0,0;;True;False
Comercio varejista de artigos de cama, mesa e banho;"G - Comércio; reparação de veículos";Madeiro;Baixo-Baixo;0,001;False;0,0;;True;False
Comercio varejista de artigos de cama, mesa e banho;"G - Comércio; reparação de veículos";Manoel Emídio;Baixo-Baixo;0,001;False;0,0;;True;True
Comercio varejista de artigos de cama, mesa e banho;"G - Comércio; reparação de veículos";Marcolândia;Baixo-Baixo;0,001;False;0,0;;True;False
Comercio varejista de artigos de cama, mesa e banho;"G - Comércio; reparação de veículos";Marcos Parente;Baixo-Baixo;0,001;False;0,0;;True;False
Comercio varejista de artigos de cama, mesa e banho;"G - Comércio; reparação de veículos";Massapê do Piauí;Baixo-Baixo;0,001;False;0,0;;True;False
Comercio varejista de artigos de cama, mesa e banho;"G - Comércio; reparação de veículos";Matias Olímpio;Baixo-Baixo;0,001;False;0,0;;True;False
Comercio varejista de artigos de cama, mesa e banho;"G - Comércio; reparação de veículos";Miguel Leão;Baixo-Baixo;0,001;False;0,0;;True;False
Comercio varejista de artigos de cama, mesa e banho;"G - Comércio; reparação de veículos";Monsenhor Gil;Baixo-Baixo;0,001;False;0,0;T7;True;False
Comercio varejista de artigos de cama, mesa e banho;"G - Comércio; reparação de veículos";Monsenhor Hipólito;Baixo-Baixo;0,001;False;0,0;;True;False
Comercio varejista de artigos de cama, mesa e banho;"G - Comércio; reparação de veículos";Murici dos Portelas;Baixo-Baixo;0,001;False;0,0;;True;False
Comercio varejista de artigos de cama, mesa e banho;"G - Comércio; reparação de veículos";Nazaré do Piauí;Baixo-Baixo;0,001;False;0,0;;True;False
Comercio varejista de artigos de cama, mesa e banho;"G - Comércio; reparação de veículos";Nazária;Baixo-Baixo;0,001;False;0,0;;True;False
Comercio varejista de artigos de cama, mesa e banho;"G - Comércio; reparação de veículos";Nossa Senhora dos Remédios;Baixo-Baixo;0,001;False;0,0;;True;False
Comercio varejista de artigos de cama, mesa e banho;"G - Comércio; reparação de veículos";Nova Santa Rita;Baixo-Baixo;0,001;False;0,0;;True;True
Comercio varejista de artigos de cama, mesa e banho;"G - Comércio; reparação de veículos";Novo Oriente do Piauí;Baixo-Baixo;0,001;False;0,0;;True;False
Comercio varejista de artigos de cama, mesa e banho;"G - Comércio; reparação de veículos";Novo Santo Antônio;Baixo-Alto;0,012;False;0,0;;True;False
Comercio varejista de artigos de cama, mesa e banho;"G - Comércio; reparação de veículos";Oeiras;Baixo-Baixo;0,001;False;0,0;T7;True;False
Comercio varejista de artigos de cama, mesa e banho;"G - Comércio; reparação de veículos";Olho D'Água do Piauí;Baixo-Baixo;0,001;False;0,0;;True;False
Comercio varejista de artigos de cama, mesa e banho;"G - Comércio; reparação de veículos";Padre Marcos;Baixo-Baixo;0,001;False;0,0;;True;False
Comercio varejista de artigos de cama, mesa e banho;"G - Comércio; reparação de veículos";Paes Landim;Baixo-Baixo;0,001;False;0,0;;True;False
Comercio varejista de artigos de cama, mesa e banho;"G - Comércio; reparação de veículos";Pajeú do Piauí;Baixo-Baixo;0,001;False;0,0;;True;True
Comercio varejista de artigos de cama, mesa e banho;"G - Comércio; reparação de veículos";Palmeira do Piauí;Baixo-Baixo;0,001;False;0,0;;True;True
Comercio varejista de artigos de cama, mesa e banho;"G - Comércio; reparação de veículos";Palmeirais;Baixo-Baixo;0,001;False;0,0;T7;True;False
Comercio varejista de artigos de cama, mesa e banho;"G - Comércio; reparação de veículos";Parnaguá;Baixo-Baixo;0,001;False;0,0;;True;False
Comercio varejista de artigos de cama, mesa e banho;"G - Comércio; reparação de veículos";Parnaíba;Alto-Baixo;0,001;True;10,7815;T1,T7;True;False
Comercio varejista de artigos de cama, mesa e banho;"G - Comércio; reparação de veículos";Passagem Franca do Piauí;Baixo-Baixo;0,001;False;0,0;;True;False
Comercio varejista de artigos de cama, mesa e banho;"G - Comércio; reparação de veículos";Patos do Piauí;Baixo-Baixo;0,001;False;0,0;;True;False
Comercio varejista de artigos de cama, mesa e banho;"G - Comércio; reparação de veículos";Paulistana;Alto-Baixo;0,001;True;3,6935;T1,T3;True;False
Comercio varejista de artigos de cama, mesa e banho;"G - Comércio; reparação de veículos";Pavussu;Baixo-Baixo;0,001;False;0,0;;True;False
Comercio varejista de artigos de cama, mesa e banho;"G - Comércio; reparação de veículos";Pedro Laurentino;Baixo-Baixo;0,001;False;0,0;;True;False
Comercio varejista de artigos de cama, mesa e banho;"G - Comércio; reparação de veículos";Picos;Alto-Baixo;0,001;True;11,1256;T1,T3,T7;True;True
Comercio varejista de artigos de cama, mesa e banho;"G - Comércio; reparação de veículos";Pimenteiras;Baixo-Baixo;0,001;False;0,0;;True;False
Comercio varejista de artigos de cama, mesa e banho;"G - Comércio; reparação de veículos";Pio IX;Baixo-Baixo;0,001;False;0,0;;True;False
Comercio varejista de artigos de cama, mesa e banho;"G - Comércio; reparação de veículos";Piracuruca;Alto-Baixo;0,001;True;7,732;T1,T7;True;False
Comercio varejista de artigos de cama, mesa e banho;"G - Comércio; reparação de veículos";Porto;Baixo-Baixo;0,001;False;0,0;;True;False
Comercio varejista de artigos de cama, mesa e banho;"G - Comércio; reparação de veículos";Porto Alegre do Piauí;Baixo-Baixo;0,001;False;0,0;;True;False
Comercio varejista de artigos de cama, mesa e banho;"G - Comércio; reparação de veículos";Prata do Piauí;Baixo-Baixo;0,001;False;0,0;;True;False
Comercio varejista de artigos de cama, mesa e banho;"G - Comércio; reparação de veículos";Regeneração;Baixo-Baixo;0,001;False;0,0;;True;False
Comercio varejista de artigos de cama, mesa e banho;"G - Comércio; reparação de veículos";Riacho Frio;Baixo-Baixo;0,001;False;0,0;;True;True
Comercio varejista de artigos de cama, mesa e banho;"G - Comércio; reparação de veículos";Ribeira do Piauí;Baixo-Baixo;0,001;False;0,0;;True;False
Comercio varejista de artigos de cama, mesa e banho;"G - Comércio; reparação de veículos";Ribeiro Gonçalves;Baixo-Baixo;0,001;False;0,0;T8;True;True
Comercio varejista de artigos de cama, mesa e banho;"G - Comércio; reparação de veículos";Rio Grande do Piauí;Baixo-Baixo;0,001;False;0,0;;True;False
Comercio varejista de artigos de cama, mesa e banho;"G - Comércio; reparação de veículos";Santa Cruz do Piauí;Baixo-Baixo;0,001;False;0,0;;True;False
Comercio varejista de artigos de cama, mesa e banho;"G - Comércio; reparação de veículos";Santa Cruz dos Milagres;Baixo-Baixo;0,001;False;0,0;;True;False
Comercio varejista de artigos de cama, mesa e banho;"G - Comércio; reparação de veículos";Santa Filomena;Baixo-Baixo;0,001;False;0,0;;True;True
Comercio varejista de artigos de cama, mesa e banho;"G - Comércio; reparação de veículos";Santa Rosa do Piauí;Baixo-Baixo;0,001;False;0,0;;True;False
Comercio varejista de artigos de cama, mesa e banho;"G - Comércio; reparação de veículos";Santo Antônio de Lisboa;Baixo-Baixo;0,001;False;0,0;;True;False
Comercio varejista de artigos de cama, mesa e banho;"G - Comércio; reparação de veículos";Santo Antônio dos Milagres;Baixo-Baixo;0,001;False;0,0;;True;True
Comercio varejista de artigos de cama, mesa e banho;"G - Comércio; reparação de veículos";Santo Inácio do Piauí;Baixo-Baixo;0,001;False;0,0;;True;False
Comercio varejista de artigos de cama, mesa e banho;"G - Comércio; reparação de veículos";São Félix do Piauí;Baixo-Baixo;0,001;False;0,0;;True;False
Comercio varejista de artigos de cama, mesa e banho;"G - Comércio; reparação de veículos";São Francisco do Piauí;Baixo-Baixo;0,001;False;0,0;;True;False
Comercio varejista de artigos de cama, mesa e banho;"G - Comércio; reparação de veículos";São Gonçalo do Gurguéia;Baixo-Baixo;0,001;False;0,0;;True;True
Comercio varejista de artigos de cama, mesa e banho;"G - Comércio; reparação de veículos";São Gonçalo do Piauí;Baixo-Baixo;0,001;False;0,0;;True;False
Comercio varejista de artigos de cama, mesa e banho;"G - Comércio; reparação de veículos";São João da Canabrava;Baixo-Baixo;0,001;False;0,0;;True;False
Comercio varejista de artigos de cama, mesa e banho;"G - Comércio; reparação de veículos";São João da Varjota;Baixo-Baixo;0,001;False;0,0;;True;False
Comercio varejista de artigos de cama, mesa e banho;"G - Comércio; reparação de veículos";São João do Piauí;Baixo-Baixo;0,001;False;0,0;T7;True;False
Comercio varejista de artigos de cama, mesa e banho;"G - Comércio; reparação de veículos";São José do Peixe;Baixo-Baixo;0,001;False;0,0;;True;True
Comercio varejista de artigos de cama, mesa e banho;"G - Comércio; reparação de veículos";São José do Piauí;Baixo-Baixo;0,001;False;0,0;;True;False
Comercio varejista de artigos de cama, mesa e banho;"G - Comércio; reparação de veículos";São Julião;Baixo-Baixo;0,001;False;0,0;;True;False
Comercio varejista de artigos de cama, mesa e banho;"G - Comércio; reparação de veículos";São Lourenço do Piauí;Baixo-Alto;0,046;False;0,0;;False;False
Comercio varejista de artigos de cama, mesa e banho;"G - Comércio; reparação de veículos";São Luis do Piauí;Baixo-Baixo;0,001;False;0,0;;True;False
Comercio varejista de artigos de cama, mesa e banho;"G - Comércio; reparação de veículos";São Miguel da Baixa Grande;Baixo-Baixo;0,001;False;0,0;;True;False
Comercio varejista de artigos de cama, mesa e banho;"G - Comércio; reparação de veículos";São Miguel do Fidalgo;Baixo-Baixo;0,001;False;0,0;;True;False
Comercio varejista de artigos de cama, mesa e banho;"G - Comércio; reparação de veículos";São Pedro do Piauí;Baixo-Baixo;0,001;False;0,0;;True;False
Comercio varejista de artigos de cama, mesa e banho;"G - Comércio; reparação de veículos";São Raimundo Nonato;Alto-Baixo;0,001;True;12,1235;T1;True;False
Comercio varejista de artigos de cama, mesa e banho;"G - Comércio; reparação de veículos";Sebastião Barros;Baixo-Baixo;0,001;False;0,0;;True;False
Comercio varejista de artigos de cama, mesa e banho;"G - Comércio; reparação de veículos";Sebastião Leal;Baixo-Baixo;0,001;False;0,0;;True;False
Comercio varejista de artigos de cama, mesa e banho;"G - Comércio; reparação de veículos";Sigefredo Pacheco;Baixo-Alto;0,02;False;0,0;;True;False
Comercio varejista de artigos de cama, mesa e banho;"G - Comércio; reparação de veículos";Simões;Baixo-Baixo;0,001;False;0,0;;True;False
Comercio varejista de artigos de cama, mesa e banho;"G - Comércio; reparação de veículos";Simplício Mendes;Baixo-Baixo;0,001;False;0,0;T7;True;True
Comercio varejista de artigos de cama, mesa e banho;"G - Comércio; reparação de veículos";Socorro do Piauí;Baixo-Baixo;0,001;False;0,0;;True;False
Comercio varejista de artigos de cama, mesa e banho;"G - Comércio; reparação de veículos";Tamboril do Piauí;Baixo-Baixo;0,001;False;0,0;;True;False
Comercio varejista de artigos de cama, mesa e banho;"G - Comércio; reparação de veículos";Tanque do Piauí;Baixo-Baixo;0,001;False;0,0;;True;False
Comercio varejista de artigos de cama, mesa e banho;"G - Comércio; reparação de veículos";Uruçuí;Baixo-Baixo;0,001;False;0,0;T7;True;True
Comercio varejista de artigos de cama, mesa e banho;"G - Comércio; reparação de veículos";Valença do Piauí;Baixo-Baixo;0,001;False;0,0;T7;True;False
Comercio varejista de artigos de cama, mesa e banho;"G - Comércio; reparação de veículos";Várzea Grande;Baixo-Baixo;0,001;False;0,0;;True;False
Comercio varejista de artigos de cama, mesa e banho;"G - Comércio; reparação de veículos";Vera Mendes;Baixo-Baixo;0,001;False;0,0;;True;False
Comercio varejista de artigos de cama, mesa e banho;"G - Comércio; reparação de veículos";Vila Nova do Piauí;Baixo-Baixo;0,001;False;0,0;;True;False
Comercio varejista de artigos de cama, mesa e banho;"G - Comércio; reparação de veículos";Wall Ferraz;Baixo-Baixo;0,001;False;0,0;;True;False
Comércio a varejo de motocicletas e motonetas novas;"G - Comércio; reparação de veículos";Água Branca;Alto-Baixo;0,001;True;58,1389;T1,T7;True;False
Comércio a varejo de motocicletas e motonetas novas;"G - Comércio; reparação de veículos";Altos;Baixo-Alto;0,002;False;0,0;;True;True
Comércio a varejo de motocicletas e motonetas novas;"G - Comércio; reparação de veículos";Baixa Grande do Ribeiro;Baixo-Alto;0,024;False;0,0;;False;False
Comércio a varejo de motocicletas e motonetas novas;"G - Comércio; reparação de veículos";Bom Jesus;Alto-Baixo;0,001;True;26,7321;T1,T7;True;False
Comércio a varejo de motocicletas e motonetas novas;"G - Comércio; reparação de veículos";Campo Maior;Alto-Baixo;0,001;True;41,0313;T1,T7;True;False
Comércio a varejo de motocicletas e motonetas novas;"G - Comércio; reparação de veículos";Corrente;Alto-Baixo;0,001;True;9,1017;T1,T7;True;False
Comércio a varejo de motocicletas e motonetas novas;"G - Comércio; reparação de veículos";Curralinhos;Baixo-Alto;0,025;False;0,0;T7;False;False
Comércio a varejo de motocicletas e motonetas novas;"G - Comércio; reparação de veículos";Demerval Lobão;Baixo-Alto;0,013;False;0,0;;False;False
Comércio a varejo de motocicletas e motonetas novas;"G - Comércio; reparação de veículos";João Costa;Baixo-Alto;0,044;False;0,0;;False;False
Comércio a varejo de motocicletas e motonetas novas;"G - Comércio; reparação de veículos";José de Freitas;Baixo-Alto;0,001;False;0,0;;True;False
Comércio a varejo de motocicletas e motonetas novas;"G - Comércio; reparação de veículos";Lagoa do Piauí;Baixo-Alto;0,016;False;0,0;;False;False
Comércio a varejo de motocicletas e motonetas novas;"G - Comércio; reparação de veículos";Monsenhor Gil;Baixo-Alto;0,048;False;0,0;;False;False
Comércio a varejo de motocicletas e motonetas novas;"G - Comércio; reparação de veículos";Nazária;Baixo-Alto;0,004;False;0,0;;True;False
Comércio a varejo de motocicletas e motonetas novas;"G - Comércio; reparação de veículos";Oeiras;Alto-Baixo;0,001;True;6,6932;T2,T7;True;False
Comércio a varejo de motocicletas e motonetas novas;"G - Comércio; reparação de veículos";Palmeirais;Baixo-Alto;0,025;False;0,0;;False;False
Comércio a varejo de motocicletas e motonetas novas;"G - Comércio; reparação de veículos";Parnaíba;Alto-Baixo;0,001;True;0,4717;T5,T7;True;True
Comércio a varejo de motocicletas e motonetas novas;"G - Comércio; reparação de veículos";Pau D'Arco do Piauí;Baixo-Alto;0,024;False;0,0;;False;False
Comércio a varejo de motocicletas e motonetas novas;"G - Comércio; reparação de veículos";Picos;Alto-Baixo;0,001;True;20,7616;T1,T7;True;False
Comércio a varejo de motocicletas e motonetas novas;"G - Comércio; reparação de veículos";Piracuruca;Alto-Baixo;0,001;True;6,9752;T1;True;False
Comércio a varejo de motocicletas e motonetas novas;"G - Comércio; reparação de veículos";São João do Piauí;Alto-Baixo;0,001;True;32,8392;T1;True;False
Comércio a varejo de motocicletas e motonetas novas;"G - Comércio; reparação de veículos";São Miguel do Tapuio;Baixo-Baixo;0,001;False;0,0;;True;False
Comércio a varejo de motocicletas e motonetas novas;"G - Comércio; reparação de veículos";São Raimundo Nonato;Alto-Baixo;0,001;True;16,7444;T1,T7;True;False
Comércio a varejo de motocicletas e motonetas novas;"G - Comércio; reparação de veículos";Simplício Mendes;Baixo-Baixo;0,001;False;0,0;;True;False
Comércio a varejo de motocicletas e motonetas novas;"G - Comércio; reparação de veículos";União;Alto-Alto;0,017;True;7,206;T1,T3,T7;False;False
Comércio a varejo de motocicletas e motonetas novas;"G - Comércio; reparação de veículos";Uruçuí;Alto-Baixo;0,001;True;38,1017;T1,T3,T5;True;True
Comércio a varejo de peças e acessórios novos para motocicletas e motonetas;"G - Comércio; reparação de veículos";Altos;Alto-Alto;0,004;True;9,004;T1;False;True
Comércio a varejo de peças e acessórios novos para motocicletas e motonetas;"G - Comércio; reparação de veículos";Amarante;Baixo-Alto;0,01;False;0,0;T6,T8;False;False
Comércio a varejo de peças e acessórios novos para motocicletas e motonetas;"G - Comércio; reparação de veículos";Barras;Alto-Alto;0,037;True;5,6392;T2,T5;False;False
Comércio a varejo de peças e acessórios novos para motocicletas e motonetas;"G - Comércio; reparação de veículos";Batalha;Alto-Alto;0,037;True;3,3975;T1;False;False
Comércio a varejo de peças e acessórios novos para motocicletas e motonetas;"G - Comércio; reparação de veículos";Boa Hora;Baixo-Alto;0,049;False;0,0;;False;False
Comércio a varejo de peças e acessórios novos para motocicletas e motonetas;"G - Comércio; reparação de veículos";Canto do Buriti;Baixo-Baixo;0,001;False;0,0;T7;True;False
Comércio a varejo de peças e acessórios novos para motocicletas e motonetas;"G - Comércio; reparação de veículos";Coivaras;Baixo-Alto;0,029;False;0,0;;False;True
Comércio a varejo de peças e acessórios novos para motocicletas e motonetas;"G - Comércio; reparação de veículos";Demerval Lobão;Baixo-Alto;0,029;False;0,0;T7;False;False
Comércio a varejo de peças e acessórios novos para motocicletas e motonetas;"G - Comércio; reparação de veículos";Isaías Coelho;Baixo-Baixo;0,001;False;0,0;;True;False
Comércio a varejo de peças e acessórios novos para motocicletas e motonetas;"G - Comércio; reparação de veículos";Jaicós;Alto-Baixo;0,001;True;2,9332;T1,T7;True;True
Comércio a varejo de peças e acessórios novos para motocicletas e motonetas;"G - Comércio; reparação de veículos";Jerumenha;Baixo-Alto;0,038;False;0,0;;False;False
Comércio a varejo de peças e acessórios novos para motocicletas e motonetas;"G - Comércio; reparação de veículos";José de Freitas;Baixo-Alto;0,001;False;0,0;T5,T8;True;False
Comércio a varejo de peças e acessórios novos para motocicletas e motonetas;"G - Comércio; reparação de veículos";Juazeiro do Piauí;Alto-Baixo;0,001;True;0,607;T3;True;False
Comércio a varejo de peças e acessórios novos para motocicletas e motonetas;"G - Comércio; reparação de veículos";Lagoa de São Francisco;Baixo-Alto;0,04;False;0,0;T7;False;False
Comércio a varejo de peças e acessórios novos para motocicletas e motonetas;"G - Comércio; reparação de veículos";Lagoa do Piauí;Baixo-Alto;0,037;False;0,0;;False;False
Comércio a varejo de peças e acessórios novos para motocicletas e motonetas;"G - Comércio; reparação de veículos";Marcolândia;Alto-Baixo;0,001;True;10,2738;T1,T2;True;False
Comércio a varejo de peças e acessórios novos para motocicletas e motonetas;"G - Comércio; reparação de veículos";Nazária;Baixo-Alto;0,008;False;0,0;;False;False
Comércio a varejo de peças e acessórios novos para motocicletas e motonetas;"G - Comércio; reparação de veículos";Paes Landim;Alto-Baixo;0,001;True;1,7777;T1;True;False
Comércio a varejo de peças e acessórios novos para motocicletas e motonetas;"G - Comércio; reparação de veículos";Palmeirais;Baixo-Alto;0,012;False;0,0;T7;False;False
Comércio a varejo de peças e acessórios novos para motocicletas e motonetas;"G - Comércio; reparação de veículos";Passagem Franca do Piauí;Baixo-Baixo;0,001;False;0,0;;True;False
Comércio a varejo de peças e acessórios novos para motocicletas e motonetas;"G - Comércio; reparação de veículos";Pau D'Arco do Piauí;Baixo-Alto;0,018;False;0,0;;False;False
Comércio a varejo de peças e acessórios novos para motocicletas e motonetas;"G - Comércio; reparação de veículos";Ribeiro Gonçalves;Baixo-Alto;0,027;False;0,0;T7;False;False
Comércio a varejo de peças e acessórios novos para motocicletas e motonetas;"G - Comércio; reparação de veículos";Santa Cruz do Piauí;Baixo-Baixo;0,001;False;0,0;;True;False
Comércio a varejo de peças e acessórios novos para motocicletas e motonetas;"G - Comércio; reparação de veículos";São Félix do Piauí;Baixo-Baixo;0,001;True;0,2936;T6;True;False
Comércio a varejo de peças e acessórios novos para motocicletas e motonetas;"G - Comércio; reparação de veículos";União;Alto-Alto;0,011;True;17,5905;T1,T7;False;True
Comércio a varejo de peças e acessórios novos para veículos automotores;"G - Comércio; reparação de veículos";Altos;Alto-Alto;0,017;True;11,5436;T1,T3,T7;False;False
Comércio a varejo de peças e acessórios novos para veículos automotores;"G - Comércio; reparação de veículos";Angical do Piauí;Baixo-Baixo;0,001;False;0,0;T7;True;False
Comércio a varejo de peças e acessórios novos para veículos automotores;"G - Comércio; reparação de veículos";Beneditinos;Baixo-Baixo;0,001;False;0,0;;True;False
Comércio a varejo de peças e acessórios novos para veículos automotores;"G - Comércio; reparação de veículos";Bom Princípio do Piauí;Baixo-Alto;0,043;False;0,0;;False;False
Comércio a varejo de peças e acessórios novos para veículos automotores;"G - Comércio; reparação de veículos";Brasileira;Baixo-Alto;0,014;False;0,0;;False;False
Comércio a varejo de peças e acessórios novos para veículos automotores;"G - Comércio; reparação de veículos";Canavieira;Baixo-Baixo;0,001;False;0,0;;True;False
Comércio a varejo de peças e acessórios novos para veículos automotores;"G - Comércio; reparação de veículos";Castelo do Piauí;Alto-Baixo;0,001;True;12,6332;T1,T7,T8;True;False
Comércio a varejo de peças e acessórios novos para veículos automotores;"G - Comércio; reparação de veículos";Currais;Baixo-Alto;0,043;False;0,0;;False;False
Comércio a varejo de peças e acessórios novos para veículos automotores;"G - Comércio; reparação de veículos";Domingos Mourão;Baixo-Alto;0,046;False;0,0;;False;False
Comércio a varejo de peças e acessórios novos para veículos automotores;"G - Comércio; reparação de veículos";Floriano;Alto-Baixo;0,001;True;86,1604;T1,T3;True;False
Comércio a varejo de peças e acessórios novos para veículos automotores;"G - Comércio; reparação de veículos";Francisco Santos;Baixo-Baixo;0,001;False;0,0;;True;False
Comércio a varejo de peças e acessórios novos para veículos automotores;"G - Comércio; reparação de veículos";Ilha Grande;Baixo-Alto;0,008;False;0,0;;False;False
Comércio a varejo de peças e acessórios novos para veículos automotores;"G - Comércio; reparação de veículos";Ipiranga do Piauí;Baixo-Alto;0,012;False;0,0;T8;False;False
Comércio a varejo de peças e acessórios novos para veículos automotores;"G - Comércio; reparação de veículos";Itainópolis;Alto-Baixo;0,001;True;2,6811;T1,T3,T7;True;False
Comércio a varejo de peças e acessórios novos para veículos automotores;"G - Comércio; reparação de veículos";José de Freitas;Alto-Alto;0,014;True;34,9314;T1,T2;False;False
Comércio a varejo de peças e acessórios novos para veículos automotores;"G - Comércio; reparação de veículos";Lagoa Alegre;Baixo-Alto;0,042;False;0,0;;False;True
Comércio a varejo de peças e acessórios novos para veículos automotores;"G - Comércio; reparação de veículos";Lagoa de São Francisco;Baixo-Alto;0,011;False;0,0;;False;False
Comércio a varejo de peças e acessórios novos para veículos automotores;"G - Comércio; reparação de veículos";Luís Correia;Baixo-Alto;0,046;False;0,0;T8;False;False
Comércio a varejo de peças e acessórios novos para veículos automotores;"G - Comércio; reparação de veículos";Monte Alegre do Piauí;Baixo-Alto;0,033;False;0,0;;False;False
Comércio a varejo de peças e acessórios novos para veículos automotores;"G - Comércio; reparação de veículos";Morro Cabeça no Tempo;Baixo-Alto;0,043;False;0,0;T7;False;False
Comércio a varejo de peças e acessórios novos para veículos automotores;"G - Comércio; reparação de veículos";Nazária;Baixo-Alto;0,021;False;0,0;;False;False
Comércio a varejo de peças e acessórios novos para veículos automotores;"G - Comércio; reparação de veículos";Novo Oriente do Piauí;Baixo-Alto;0,006;False;0,0;;False;False
Comércio a varejo de peças e acessórios novos para veículos automotores;"G - Comércio; reparação de veículos";Parnaíba;Alto-Baixo;0,001;True;127,779;T1,T3;True;False
Comércio a varejo de peças e acessórios novos para veículos automotores;"G - Comércio; reparação de veículos";Paulistana;Alto-Baixo;0,001;True;12,7004;T1,T3,T7;True;False
Comércio a varejo de peças e acessórios novos para veículos automotores;"G - Comércio; reparação de veículos";Santa Filomena;Baixo-Alto;0,024;False;0,0;;False;False
Comércio a varejo de peças e acessórios novos para veículos automotores;"G - Comércio; reparação de veículos";Simões;Alto-Baixo;0,001;True;17,4252;T1,T3;True;False
Comércio a varejo de peças e acessórios novos para veículos automotores;"G - Comércio; reparação de veículos";União;Alto-Alto;0,01;True;23,5229;T1;False;True
Comércio a varejo de pneumáticos e câmaras-de-ar;"G - Comércio; reparação de veículos";Alegrete do Piauí;Baixo-Baixo;0,001;False;0,0;T7,T8;True;False
Comércio a varejo de pneumáticos e câmaras-de-ar;"G - Comércio; reparação de veículos";Altos;Alto-Alto;0,011;True;17,468;T1,T3;False;False
Comércio a varejo de pneumáticos e câmaras-de-ar;"G - Comércio; reparação de veículos";Angical do Piauí;Baixo-Baixo;0,001;False;0,0;;True;False
Comércio a varejo de pneumáticos e câmaras-de-ar;"G - Comércio; reparação de veículos";Arraial;Baixo-Baixo;0,001;False;0,0;;True;False
Comércio a varejo de pneumáticos e câmaras-de-ar;"G - Comércio; reparação de veículos";Baixa Grande do Ribeiro;Baixo-Alto;0,005;False;0,0;;True;False
Comércio a varejo de pneumáticos e câmaras-de-ar;"G - Comércio; reparação de veículos";Belém do Piauí;Baixo-Baixo;0,001;False;0,0;;True;False
Comércio a varejo de pneumáticos e câmaras-de-ar;"G - Comércio; reparação de veículos";Beneditinos;Baixo-Baixo;0,001;False;0,0;;True;False
Comércio a varejo de pneumáticos e câmaras-de-ar;"G - Comércio; reparação de veículos";Buriti dos Lopes;Baixo-Baixo;0,001;False;0,0;;True;False
Comércio a varejo de pneumáticos e câmaras-de-ar;"G - Comércio; reparação de veículos";Campo Grande do Piauí;Baixo-Baixo;0,001;False;0,0;;True;False
Comércio a varejo de pneumáticos e câmaras-de-ar;"G - Comércio; reparação de veículos";Campo Largo do Piauí;Baixo-Baixo;0,001;False;0,0;;True;False
Comércio a varejo de pneumáticos e câmaras-de-ar;"G - Comércio; reparação de veículos";Canavieira;Baixo-Baixo;0,001;False;0,0;;True;False
Comércio a varejo de pneumáticos e câmaras-de-ar;"G - Comércio; reparação de veículos";Castelo do Piauí;Baixo-Baixo;0,001;False;0,0;;True;False
Comércio a varejo de pneumáticos e câmaras-de-ar;"G - Comércio; reparação de veículos";Coivaras;Baixo-Alto;0,044;False;0,0;;False;False
Comércio a varejo de pneumáticos e câmaras-de-ar;"G - Comércio; reparação de veículos";Colônia do Piauí;Baixo-Baixo;0,001;False;0,0;;True;False
Comércio a varejo de pneumáticos e câmaras-de-ar;"G - Comércio; reparação de veículos";Conceição do Canindé;Baixo-Baixo;0,001;False;0,0;;True;False
Comércio a varejo de pneumáticos e câmaras-de-ar;"G - Comércio; reparação de veículos";Cristalândia do Piauí;Baixo-Alto;0,028;False;0,0;;False;False
Comércio a varejo de pneumáticos e câmaras-de-ar;"G - Comércio; reparação de veículos";Curimatá;Baixo-Baixo;0,001;False;0,0;T3;True;False
Comércio a varejo de pneumáticos e câmaras-de-ar;"G - Comércio; reparação de veículos";Curralinhos;Baixo-Alto;0,029;False;0,0;;False;False
Comércio a varejo de pneumáticos e câmaras-de-ar;"G - Comércio; reparação de veículos";Demerval Lobão;Baixo-Alto;0,027;False;0,0;;False;False
Comércio a varejo de pneumáticos e câmaras-de-ar;"G - Comércio; reparação de veículos";Dom Expedito Lopes;Baixo-Alto;0,048;False;0,0;;False;False
Comércio a varejo de pneumáticos e câmaras-de-ar;"G - Comércio; reparação de veículos";Eliseu Martins;Baixo-Baixo;0,001;False;0,0;T7;True;False
Comércio a varejo de pneumáticos e câmaras-de-ar;"G - Comércio; reparação de veículos";Floriano;Alto-Baixo;0,001;True;3,2161;T3,T7;True;False
Comércio a varejo de pneumáticos e câmaras-de-ar;"G - Comércio; reparação de veículos";Francisco Santos;Baixo-Baixo;0,001;False;0,0;;True;False
Comércio a varejo de pneumáticos e câmaras-de-ar;"G - Comércio; reparação de veículos";Isaías Coelho;Baixo-Baixo;0,001;False;0,0;;True;False
Comércio a varejo de pneumáticos e câmaras-de-ar;"G - Comércio; reparação de veículos";Itainópolis;Baixo-Baixo;0,001;False;0,0;;True;False
Comércio a varejo de pneumáticos e câmaras-de-ar;"G - Comércio; reparação de veículos";Jacobina do Piauí;Baixo-Baixo;0,001;False;0,0;T7;True;False
Comércio a varejo de pneumáticos e câmaras-de-ar;"G - Comércio; reparação de veículos";Jaicós;Baixo-Baixo;0,001;False;0,0;;True;False
Comércio a varejo de pneumáticos e câmaras-de-ar;"G - Comércio; reparação de veículos";Jardim do Mulato;Baixo-Baixo;0,001;False;0,0;;True;False
Comércio a varejo de pneumáticos e câmaras-de-ar;"G - Comércio; reparação de veículos";João Costa;Baixo-Alto;0,03;False;0,0;;False;False
Comércio a varejo de pneumáticos e câmaras-de-ar;"G - Comércio; reparação de veículos";José de Freitas;Baixo-Alto;0,002;False;0,0;T7;True;False
Comércio a varejo de pneumáticos e câmaras-de-ar;"G - Comércio; reparação de veículos";Lagoa do Piauí;Baixo-Alto;0,022;False;0,0;;False;False
Comércio a varejo de pneumáticos e câmaras-de-ar;"G - Comércio; reparação de veículos";Landri Sales;Baixo-Baixo;0,001;False;0,0;;True;False
Comércio a varejo de pneumáticos e câmaras-de-ar;"G - Comércio; reparação de veículos";Luzilândia;Baixo-Baixo;0,001;False;0,0;;True;False
Comércio a varejo de pneumáticos e câmaras-de-ar;"G - Comércio; reparação de veículos";Miguel Alves;Baixo-Baixo;0,001;False;0,0;;True;False
Comércio a varejo de pneumáticos e câmaras-de-ar;"G - Comércio; reparação de veículos";Miguel Leão;Baixo-Baixo;0,001;False;0,0;;True;False
Comércio a varejo de pneumáticos e câmaras-de-ar;"G - Comércio; reparação de veículos";Monte Alegre do Piauí;Baixo-Alto;0,029;False;0,0;;False;False
Comércio a varejo de pneumáticos e câmaras-de-ar;"G - Comércio; reparação de veículos";Nazária;Baixo-Alto;0,005;False;0,0;;True;False
Comércio a varejo de pneumáticos e câmaras-de-ar;"G - Comércio; reparação de veículos";Olho D'Água do Piauí;Baixo-Baixo;0,001;False;0,0;;True;False
Comércio a varejo de pneumáticos e câmaras-de-ar;"G - Comércio; reparação de veículos";Padre Marcos;Baixo-Baixo;0,001;False;0,0;;True;False
Comércio a varejo de pneumáticos e câmaras-de-ar;"G - Comércio; reparação de veículos";Palmeirais;Baixo-Alto;0,03;False;0,0;;False;False
Comércio a varejo de pneumáticos e câmaras-de-ar;"G - Comércio; reparação de veículos";Passagem Franca do Piauí;Baixo-Baixo;0,001;False;0,0;;True;False
Comércio a varejo de pneumáticos e câmaras-de-ar;"G - Comércio; reparação de veículos";Patos do Piauí;Baixo-Baixo;0,001;False;0,0;;True;False
Comércio a varejo de pneumáticos e câmaras-de-ar;"G - Comércio; reparação de veículos";Pau D'Arco do Piauí;Baixo-Alto;0,006;False;0,0;;True;False
Comércio a varejo de pneumáticos e câmaras-de-ar;"G - Comércio; reparação de veículos";Paulistana;Baixo-Baixo;0,001;False;0,0;T7;True;False
Comércio a varejo de pneumáticos e câmaras-de-ar;"G - Comércio; reparação de veículos";Picos;Alto-Baixo;0,001;True;49,7902;T1,T3;True;False
Comércio a varejo de pneumáticos e câmaras-de-ar;"G - Comércio; reparação de veículos";Pio IX;Baixo-Baixo;0,001;False;0,0;;True;False
Comércio a varejo de pneumáticos e câmaras-de-ar;"G - Comércio; reparação de veículos";Regeneração;Baixo-Baixo;0,001;False;0,0;;True;False
Comércio a varejo de pneumáticos e câmaras-de-ar;"G - Comércio; reparação de veículos";Ribeiro Gonçalves;Baixo-Alto;0,042;False;0,0;;False;False
Comércio a varejo de pneumáticos e câmaras-de-ar;"G - Comércio; reparação de veículos";Santa Cruz do Piauí;Baixo-Baixo;0,001;False;0,0;;True;False
Comércio a varejo de pneumáticos e câmaras-de-ar;"G - Comércio; reparação de veículos";Santo Antônio de Lisboa;Baixo-Baixo;0,001;False;0,0;;True;False
Comércio a varejo de pneumáticos e câmaras-de-ar;"G - Comércio; reparação de veículos";Santo Inácio do Piauí;Baixo-Baixo;0,001;False;0,0;;True;False
Comércio a varejo de pneumáticos e câmaras-de-ar;"G - Comércio; reparação de veículos";São Francisco de Assis do Piauí;Baixo-Baixo;0,001;False;0,0;;True;False
Comércio a varejo de pneumáticos e câmaras-de-ar;"G - Comércio; reparação de veículos";São Gonçalo do Gurguéia;Baixo-Alto;0,03;False;0,0;;False;True
Comércio a varejo de pneumáticos e câmaras-de-ar;"G - Comércio; reparação de veículos";São Gonçalo do Piauí;Baixo-Baixo;0,001;False;0,0;;True;False
Comércio a varejo de pneumáticos e câmaras-de-ar;"G - Comércio; reparação de veículos";São João da Canabrava;Baixo-Baixo;0,001;False;0,0;;True;False
Comércio a varejo de pneumáticos e câmaras-de-ar;"G - Comércio; reparação de veículos";São José do Piauí;Baixo-Baixo;0,001;False;0,0;;True;False
Comércio a varejo de pneumáticos e câmaras-de-ar;"G - Comércio; reparação de veículos";São Miguel da Baixa Grande;Baixo-Baixo;0,001;False;0,0;;True;False
Comércio a varejo de pneumáticos e câmaras-de-ar;"G - Comércio; reparação de veículos";São Miguel do Fidalgo;Baixo-Baixo;0,001;False;0,0;;True;False
Comércio a varejo de pneumáticos e câmaras-de-ar;"G - Comércio; reparação de veículos";São Pedro do Piauí;Baixo-Baixo;0,001;False;0,0;;True;False
Comércio a varejo de pneumáticos e câmaras-de-ar;"G - Comércio; reparação de veículos";Simões;Baixo-Baixo;0,001;False;0,0;;True;False
Comércio a varejo de pneumáticos e câmaras-de-ar;"G - Comércio; reparação de veículos";Tanque do Piauí;Baixo-Baixo;0,001;False;0,0;;True;False
Comércio a varejo de pneumáticos e câmaras-de-ar;"G - Comércio; reparação de veículos";União;Baixo-Alto;0,022;False;0,0;;False;False
Comércio a varejo de pneumáticos e câmaras-de-ar;"G - Comércio; reparação de veículos";Uruçuí;Alto-Baixo;0,001;True;36,0271;T1,T3;True;True
Comércio a varejo de pneumáticos e câmaras-de-ar;"G - Comércio; reparação de veículos";Valença do Piauí;Alto-Baixo;0,001;True;12,0042;T1,T3,T7;True;False
Comércio a varejo de pneumáticos e câmaras-de-ar;"G - Comércio; reparação de veículos";Vila Nova do Piauí;Baixo-Baixo;0,001;False;0,0;;True;False
Comércio atacadista de cereais e leguminosas beneficiados;"G - Comércio; reparação de veículos";Barras;Baixo-Alto;0,033;False;0,0;;False;False
Comércio atacadista de cereais e leguminosas beneficiados;"G - Comércio; reparação de veículos";Batalha;Baixo-Alto;0,004;False;0,0;;True;False
Comércio atacadista de cereais e leguminosas beneficiados;"G - Comércio; reparação de veículos";Boa Hora;Baixo-Alto;0,012;False;0,0;;False;False
Comércio atacadista de cereais e leguminosas beneficiados;"G - Comércio; reparação de veículos";Bom Jesus;Alto-Baixo;0,001;True;27,0017;T1,T7;True;False
Comércio atacadista de cereais e leguminosas beneficiados;"G - Comércio; reparação de veículos";Brasileira;Baixo-Alto;0,003;False;0,0;;True;True
Comércio atacadista de cereais e leguminosas beneficiados;"G - Comércio; reparação de veículos";Cabeceiras do Piauí;Baixo-Baixo;0,001;False;0,0;;True;False
Comércio atacadista de cereais e leguminosas beneficiados;"G - Comércio; reparação de veículos";Capitão de Campos;Baixo-Alto;0,006;False;0,0;;False;True
Comércio atacadista de cereais e leguminosas beneficiados;"G - Comércio; reparação de veículos";Cristino Castro;Alto-Baixo;0,001;True;7,0495;T1;True;False
Comércio atacadista de cereais e leguminosas beneficiados;"G - Comércio; reparação de veículos";Currais;Baixo-Alto;0,034;False;0,0;;False;False
Comércio atacadista de cereais e leguminosas beneficiados;"G - Comércio; reparação de veículos";Curralinhos;Baixo-Alto;0,047;False;0,0;;False;False
Comércio atacadista de cereais e leguminosas beneficiados;"G - Comércio; reparação de veículos";Demerval Lobão;Baixo-Alto;0,047;False;0,0;;False;False
Comércio atacadista de cereais e leguminosas beneficiados;"G - Comércio; reparação de veículos";Domingos Mourão;Baixo-Alto;0,004;False;0,0;;True;True
Comércio atacadista de cereais e leguminosas beneficiados;"G - Comércio; reparação de veículos";Guaribas;Baixo-Alto;0,034;False;0,0;;False;False
Comércio atacadista de cereais e leguminosas beneficiados;"G - Comércio; reparação de veículos";Isaías Coelho;Baixo-Baixo;0,001;False;0,0;;True;False
Comércio atacadista de cereais e leguminosas beneficiados;"G - Comércio; reparação de veículos";Joaquim Pires;Baixo-Baixo;0,001;False;0,0;;True;False
Comércio atacadista de cereais e leguminosas beneficiados;"G - Comércio; reparação de veículos";Lagoa de São Francisco;Baixo-Alto;0,001;False;0,0;;True;True
Comércio atacadista de cereais e leguminosas beneficiados;"G - Comércio; reparação de veículos";Nazária;Alto-Alto;0,029;True;1,6937;T1;False;False
Comércio atacadista de cereais e leguminosas beneficiados;"G - Comércio; reparação de veículos";Novo Oriente do Piauí;Baixo-Alto;0,038;False;0,0;;False;False
Comércio atacadista de cereais e leguminosas beneficiados;"G - Comércio; reparação de veículos";Palmeirais;Baixo-Alto;0,02;False;0,0;;False;False
Comércio atacadista de cereais e leguminosas beneficiados;"G - Comércio; reparação de veículos";Passagem Franca do Piauí;Baixo-Baixo;0,001;False;0,0;;True;False
Comércio atacadista de cereais e leguminosas beneficiados;"G - Comércio; reparação de veículos";Patos do Piauí;Baixo-Baixo;0,001;False;0,0;;True;False
Comércio atacadista de cereais e leguminosas beneficiados;"G - Comércio; reparação de veículos";Pedro II;Alto-Alto;0,043;True;17,1917;T2,T8;False;False
Comércio atacadista de cereais e leguminosas beneficiados;"G - Comércio; reparação de veículos";Santa Luz;Baixo-Alto;0,034;False;0,0;;False;False
Comércio atacadista de cereais e leguminosas beneficiados;"G - Comércio; reparação de veículos";São João da Fronteira;Baixo-Alto;0,046;False;0,0;;False;False
Comércio atacadista de cereais e leguminosas beneficiados;"G - Comércio; reparação de veículos";São João do Piauí;Alto-Baixo;0,001;True;0,9751;T1;True;False
Comércio atacadista de cereais e leguminosas beneficiados;"G - Comércio; reparação de veículos";São José do Divino;Baixo-Alto;0,046;False;0,0;;False;False
Comércio atacadista de cereais e leguminosas beneficiados;"G - Comércio; reparação de veículos";São Pedro do Piauí;Baixo-Baixo;0,001;False;0,0;;True;False
Comércio atacadista de cereais e leguminosas beneficiados;"G - Comércio; reparação de veículos";União;Baixo-Alto;0,034;False;0,0;;False;False
Comércio atacadista de mercadorias em geral, com predominância de produtos alimentícios;"G - Comércio; reparação de veículos";Altos;Alto-Alto;0,027;True;1233,7965;T1;False;False
Comércio atacadista de mercadorias em geral, com predominância de produtos alimentícios;"G - Comércio; reparação de veículos";Bom Princípio do Piauí;Baixo-Alto;0,005;False;0,0;;False;False
Comércio atacadista de mercadorias em geral, com predominância de produtos alimentícios;"G - Comércio; reparação de veículos";Buriti dos Lopes;Baixo-Alto;0,015;False;0,0;;False;False
Comércio atacadista de mercadorias em geral, com predominância de produtos alimentícios;"G - Comércio; reparação de veículos";Corrente;Alto-Baixo;0,001;True;60,4966;T1;True;True
Comércio atacadista de mercadorias em geral, com predominância de produtos alimentícios;"G - Comércio; reparação de veículos";Cristalândia do Piauí;Baixo-Alto;0,033;False;0,0;;False;False
Comércio atacadista de mercadorias em geral, com predominância de produtos alimentícios;"G - Comércio; reparação de veículos";Curralinhos;Baixo-Alto;0,024;False;0,0;;False;False
Comércio atacadista de mercadorias em geral, com predominância de produtos alimentícios;"G - Comércio; reparação de veículos";Demerval Lobão;Baixo-Alto;0,012;False;0,0;;False;True
Comércio atacadista de mercadorias em geral, com predominância de produtos alimentícios;"G - Comércio; reparação de veículos";Ilha Grande;Baixo-Alto;0,01;False;0,0;;False;True
Comércio atacadista de mercadorias em geral, com predominância de produtos alimentícios;"G - Comércio; reparação de veículos";Ipiranga do Piauí;Baixo-Alto;0,037;False;0,0;;False;False
Comércio atacadista de mercadorias em geral, com predominância de produtos alimentícios;"G - Comércio; reparação de veículos";José de Freitas;Baixo-Alto;0,001;False;0,0;;True;True
Comércio atacadista de mercadorias em geral, com predominância de produtos alimentícios;"G - Comércio; reparação de veículos";Lagoa do Piauí;Baixo-Alto;0,015;False;0,0;T7;False;False
Comércio atacadista de mercadorias em geral, com predominância de produtos alimentícios;"G - Comércio; reparação de veículos";Luís Correia;Baixo-Alto;0,006;False;0,0;;False;True
Comércio atacadista de mercadorias em geral, com predominância de produtos alimentícios;"G - Comércio; reparação de veículos";Monsenhor Gil;Baixo-Alto;0,043;False;0,0;;False;False
Comércio atacadista de mercadorias em geral, com predominância de produtos alimentícios;"G - Comércio; reparação de veículos";Nazária;Baixo-Alto;0,012;False;0,0;;False;False
Comércio atacadista de mercadorias em geral, com predominância de produtos alimentícios;"G - Comércio; reparação de veículos";Palmeirais;Baixo-Alto;0,025;False;0,0;;False;False
Comércio atacadista de mercadorias em geral, com predominância de produtos alimentícios;"G - Comércio; reparação de veículos";Pau D'Arco do Piauí;Baixo-Alto;0,004;False;0,0;;False;False
Comércio atacadista de mercadorias em geral, com predominância de produtos alimentícios;"G - Comércio; reparação de veículos";Pio IX;Alto-Baixo;0,001;True;5,0996;T2;True;False
Comércio atacadista de mercadorias em geral, com predominância de produtos alimentícios;"G - Comércio; reparação de veículos";Regeneração;Alto-Baixo;0,001;True;0,7772;T5,T7;True;False
Comércio atacadista de mercadorias em geral, com predominância de produtos alimentícios;"G - Comércio; reparação de veículos";Teresina;Alto-Alto;0,021;True;1974,9396;T1,T5,T7;False;False
Comércio atacadista de mercadorias em geral, com predominância de produtos alimentícios;"G - Comércio; reparação de veículos";União;Alto-Alto;0,023;True;24,4433;T1,T7;False;True
Comércio varejista de animais vivos e de artigos e alimentos para animais de estimação;"G - Comércio; reparação de veículos";Altos;Alto-Alto;0,002;True;30,6181;T1;True;True
Comércio varejista de animais vivos e de artigos e alimentos para animais de estimação;"G - Comércio; reparação de veículos";Batalha;Baixo-Alto;0,038;False;0,0;T3,T7;False;False
Comércio varejista de animais vivos e de artigos e alimentos para animais de estimação;"G - Comércio; reparação de veículos";Bom Princípio do Piauí;Baixo-Alto;0,007;False;0,0;;False;False
Comércio varejista de animais vivos e de artigos e alimentos para animais de estimação;"G - Comércio; reparação de veículos";Cabeceiras do Piauí;Baixo-Alto;0,006;False;0,0;;False;False
Comércio varejista de animais vivos e de artigos e alimentos para animais de estimação;"G - Comércio; reparação de veículos";Cajueiro da Praia;Baixo-Alto;0,017;False;0,0;;False;True
Comércio varejista de animais vivos e de artigos e alimentos para animais de estimação;"G - Comércio; reparação de veículos";Coivaras;Baixo-Alto;0,006;False;0,0;;False;True
Comércio varejista de animais vivos e de artigos e alimentos para animais de estimação;"G - Comércio; reparação de veículos";Corrente;Alto-Baixo;0,001;True;8,6255;T1,T3;True;True
Comércio varejista de animais vivos e de artigos e alimentos para animais de estimação;"G - Comércio; reparação de veículos";Curralinhos;Baixo-Alto;0,012;False;0,0;T3;False;False
Comércio varejista de animais vivos e de artigos e alimentos para animais de estimação;"G - Comércio; reparação de veículos";Demerval Lobão;Alto-Alto;0,021;True;8,8913;T1;False;True
Comércio varejista de animais vivos e de artigos e alimentos para animais de estimação;"G - Comércio; reparação de veículos";Domingos Mourão;Baixo-Alto;0,043;False;0,0;;False;False
Comércio varejista de animais vivos e de artigos e alimentos para animais de estimação;"G - Comércio; reparação de veículos";Floriano;Alto-Baixo;0,001;True;7,2515;T1,T7;True;False
Comércio varejista de animais vivos e de artigos e alimentos para animais de estimação;"G - Comércio; reparação de veículos";Ilha Grande;Baixo-Alto;0,005;False;0,0;;False;True
Comércio varejista de animais vivos e de artigos e alimentos para animais de estimação;"G - Comércio; reparação de veículos";José de Freitas;Alto-Alto;0,001;True;5,0752;T1,T4,T7;True;False
Comércio varejista de animais vivos e de artigos e alimentos para animais de estimação;"G - Comércio; reparação de veículos";Lagoa Alegre;Baixo-Alto;0,044;False;0,0;T3;False;True
Comércio varejista de animais vivos e de artigos e alimentos para animais de estimação;"G - Comércio; reparação de veículos";Lagoa de São Francisco;Baixo-Alto;0,017;False;0,0;T7;False;False
Comércio varejista de animais vivos e de artigos e alimentos para animais de estimação;"G - Comércio; reparação de veículos";Lagoa do Piauí;Baixo-Alto;0,006;False;0,0;;False;False
Comércio varejista de animais vivos e de artigos e alimentos para animais de estimação;"G - Comércio; reparação de veículos";Luís Correia;Alto-Alto;0,035;True;17,5082;T2;False;False
Comércio varejista de animais vivos e de artigos e alimentos para animais de estimação;"G - Comércio; reparação de veículos";Marcolândia;Alto-Baixo;0,001;True;6,7143;T2,T3;True;False
Comércio varejista de animais vivos e de artigos e alimentos para animais de estimação;"G - Comércio; reparação de veículos";Monsenhor Gil;Baixo-Alto;0,048;True;0,2696;T3,T5;False;False
Comércio varejista de animais vivos e de artigos e alimentos para animais de estimação;"G - Comércio; reparação de veículos";Nazária;Baixo-Alto;0,004;False;0,0;;True;False
Comércio varejista de animais vivos e de artigos e alimentos para animais de estimação;"G - Comércio; reparação de veículos";Nossa Senhora dos Remédios;Baixo-Alto;0,027;False;0,0;;False;False
Comércio varejista de animais vivos e de artigos e alimentos para animais de estimação;"G - Comércio; reparação de veículos";Novo Santo Antônio;Baixo-Alto;0,039;False;0,0;T3;False;False
Comércio varejista de animais vivos e de artigos e alimentos para animais de estimação;"G - Comércio; reparação de veículos";Palmeirais;Baixo-Alto;0,014;False;0,0;;False;False
Comércio varejista de animais vivos e de artigos e alimentos para animais de estimação;"G - Comércio; reparação de veículos";Pau D'Arco do Piauí;Baixo-Alto;0,002;False;0,0;T7;True;True
Comércio varejista de animais vivos e de artigos e alimentos para animais de estimação;"G - Comércio; reparação de veículos";São Raimundo Nonato;Baixo-Baixo;0,001;True;0,2327;T3,T7;True;False
Comércio varejista de animais vivos e de artigos e alimentos para animais de estimação;"G - Comércio; reparação de veículos";Sussuapara;Alto-Baixo;0,001;True;7,4579;T1;True;True
Comércio varejista de animais vivos e de artigos e alimentos para animais de estimação;"G - Comércio; reparação de veículos";Teresina;Alto-Alto;0,022;True;471,7043;T1,T3;False;True
Comércio varejista de animais vivos e de artigos e alimentos para animais de estimação;"G - Comércio; reparação de veículos";União;Baixo-Alto;0,001;False;0,0;T7;True;True
Comércio varejista de animais vivos e de artigos e alimentos para animais de estimação;"G - Comércio; reparação de veículos";Valença do Piauí;Alto-Baixo;0,001;True;3,1166;T1;True;False
Comércio varejista de artigos de papelaria;"G - Comércio; reparação de veículos";Altos;Alto-Alto;0,001;True;7,155;T1,T3;True;True
Comércio varejista de artigos de papelaria;"G - Comércio; reparação de veículos";Baixa Grande do Ribeiro;Baixo-Alto;0,049;False;0,0;T7;False;False
Comércio varejista de artigos de papelaria;"G - Comércio; reparação de veículos";Bom Princípio do Piauí;Baixo-Alto;0,048;False;0,0;;False;False
Comércio varejista de artigos de papelaria;"G - Comércio; reparação de veículos";Coivaras;Baixo-Alto;0,027;False;0,0;;False;True
Comércio varejista de artigos de papelaria;"G - Comércio; reparação de veículos";Colônia do Piauí;Alto-Baixo;0,001;True;1,6447;T1;True;False
Comércio varejista de artigos de papelaria;"G - Comércio; reparação de veículos";Curralinhos;Baixo-Alto;0,047;False;0,0;;False;False
Comércio varejista de artigos de papelaria;"G - Comércio; reparação de veículos";Demerval Lobão;Baixo-Alto;0,013;False;0,0;;False;True
Comércio varejista de artigos de papelaria;"G - Comércio; reparação de veículos";Domingos Mourão;Baixo-Alto;0,033;False;0,0;;False;False
Comércio varejista de artigos de papelaria;"G - Comércio; reparação de veículos";Ilha Grande;Baixo-Alto;0,01;False;0,0;;False;False
Comércio varejista de artigos de papelaria;"G - Comércio; reparação de veículos";José de Freitas;Alto-Alto;0,001;True;12,9963;T1,T2;True;True
Comércio varejista de artigos de papelaria;"G - Comércio; reparação de veículos";Lagoa Alegre;Baixo-Alto;0,016;False;0,0;;False;True
Comércio varejista de artigos de papelaria;"G - Comércio; reparação de veículos";Lagoa de São Francisco;Baixo-Alto;0,014;False;0,0;;False;False
Comércio varejista de artigos de papelaria;"G - Comércio; reparação de veículos";Lagoa do Piauí;Baixo-Alto;0,032;False;0,0;;False;False
Comércio varejista de artigos de papelaria;"G - Comércio; reparação de veículos";Monte Alegre do Piauí;Baixo-Alto;0,021;False;0,0;T8;False;False
Comércio varejista de artigos de papelaria;"G - Comércio; reparação de veículos";Nazária;Baixo-Alto;0,007;False;0,0;;False;False
Comércio varejista de artigos de papelaria;"G - Comércio; reparação de veículos";Parnaíba;Alto-Baixo;0,001;True;22,4196;T1,T7;True;True
Comércio varejista de artigos de papelaria;"G - Comércio; reparação de veículos";Pau D'Arco do Piauí;Baixo-Alto;0,014;False;0,0;;False;False
Comércio varejista de artigos de papelaria;"G - Comércio; reparação de veículos";São Gonçalo do Gurguéia;Baixo-Alto;0,038;False;0,0;;False;False
Comércio varejista de artigos de papelaria;"G - Comércio; reparação de veículos";Simplício Mendes;Alto-Baixo;0,001;True;8,833;T1,T3,T7;True;False
Comércio varejista de artigos de papelaria;"G - Comércio; reparação de veículos";Teresina;Alto-Alto;0,007;True;93,622;T1,T7;False;False
Comércio varejista de artigos de papelaria;"G - Comércio; reparação de veículos";União;Alto-Alto;0,001;True;8,6607;T1,T7;True;True
Comércio varejista de artigos de óptica;"G - Comércio; reparação de veículos";Água Branca;Alto-Baixo;0,001;True;3,7054;T1,T7;True;False
Comércio varejista de artigos de óptica;"G - Comércio; reparação de veículos";Altos;Alto-Baixo;0,001;True;8,2273;T1,T3;True;False
Comércio varejista de artigos de óptica;"G - Comércio; reparação de veículos";Amarante;Alto-Baixo;0,001;True;2,3232;T2;True;False
Comércio varejista de artigos de óptica;"G - Comércio; reparação de veículos";Barras;Alto-Alto;0,047;True;10,5019;T1,T6;False;False
Comércio varejista de artigos de óptica;"G - Comércio; reparação de veículos";Batalha;Baixo-Alto;0,001;False;0,0;T7;True;True
Comércio varejista de artigos de óptica;"G - Comércio; reparação de veículos";Boa Hora;Baixo-Alto;0,039;False;0,0;;False;False
Comércio varejista de artigos de óptica;"G - Comércio; reparação de veículos";Bom Princípio do Piauí;Baixo-Alto;0,042;False;0,0;;False;False
Comércio varejista de artigos de óptica;"G - Comércio; reparação de veículos";Brasileira;Baixo-Alto;0,024;False;0,0;T7;False;True
Comércio varejista de artigos de óptica;"G - Comércio; reparação de veículos";Campo Largo do Piauí;Baixo-Alto;0,009;False;0,0;;False;False
Comércio varejista de artigos de óptica;"G - Comércio; reparação de veículos";Capitão de Campos;Baixo-Alto;0,013;False;0,0;;False;False
Comércio varejista de artigos de óptica;"G - Comércio; reparação de veículos";Caraúbas do Piauí;Baixo-Alto;0,009;False;0,0;;False;False
Comércio varejista de artigos de óptica;"G - Comércio; reparação de veículos";Cocal dos Alves;Baixo-Alto;0,013;False;0,0;;False;True
Comércio varejista de artigos de óptica;"G - Comércio; reparação de veículos";Cristalândia do Piauí;Baixo-Alto;0,047;False;0,0;;False;False
Comércio varejista de artigos de óptica;"G - Comércio; reparação de veículos";Curimatá;Alto-Baixo;0,001;True;2,8141;T1,T3,T7;True;False
Comércio varejista de artigos de óptica;"G - Comércio; reparação de veículos";Domingos Mourão;Baixo-Alto;0,009;False;0,0;;False;True
Comércio varejista de artigos de óptica;"G - Comércio; reparação de veículos";Inhuma;Alto-Alto;0,036;True;3,1065;T1,T7;False;False
Comércio varejista de artigos de óptica;"G - Comércio; reparação de veículos";Lagoa de São Francisco;Baixo-Alto;0,002;False;0,0;;True;True
Comércio varejista de artigos de óptica;"G - Comércio; reparação de veículos";Lagoa do Sítio;Baixo-Alto;0,032;False;0,0;;False;False
Comércio varejista de artigos de óptica;"G - Comércio; reparação de veículos";Madeiro;Baixo-Alto;0,025;False;0,0;;False;False
Comércio varejista de artigos de óptica;"G - Comércio; reparação de veículos";Morro do Chapéu do Piauí;Baixo-Alto;0,015;False;0,0;;False;False
Comércio varejista de artigos de óptica;"G - Comércio; reparação de veículos";Novo Oriente do Piauí;Baixo-Alto;0,009;False;0,0;;False;False
Comércio varejista de artigos de óptica;"G - Comércio; reparação de veículos";Piripiri;Alto-Alto;0,036;True;12,8236;T1,T3;False;False
Comércio varejista de artigos de óptica;"G - Comércio; reparação de veículos";Santa Rosa do Piauí;Baixo-Alto;0,028;False;0,0;;False;False
Comércio varejista de artigos de óptica;"G - Comércio; reparação de veículos";São Francisco do Piauí;Baixo-Alto;0,043;False;0,0;;False;False
Comércio varejista de artigos de óptica;"G - Comércio; reparação de veículos";São João do Arraial;Baixo-Alto;0,006;False;0,0;T7,T8;False;False
Comércio varejista de artigos de óptica;"G - Comércio; reparação de veículos";Simplício Mendes;Alto-Baixo;0,001;True;0,9542;T3,T7;True;False
Comércio varejista de artigos de óptica;"G - Comércio; reparação de veículos";União;Alto-Baixo;0,001;True;9,2892;T1;True;False
Comércio varejista de artigos de óptica;"G - Comércio; reparação de veículos";Várzea Grande;Baixo-Alto;0,047;False;0,0;T7;False;False
Comércio varejista de artigos do vestuário e acessórios;"G - Comércio; reparação de veículos";Anísio de Abreu;Alto-Baixo;0,001;True;1,0441;T3;True;False
Comércio varejista de artigos do vestuário e acessórios;"G - Comércio; reparação de veículos";Baixa Grande do Ribeiro;Alto-Alto;0,01;True;47,0784;T1;False;False
Comércio varejista de artigos do vestuário e acessórios;"G - Comércio; reparação de veículos";Barras;Alto-Alto;0,025;True;24,7558;T1,T2,T3;False;False
Comércio varejista de artigos do vestuário e acessórios;"G - Comércio; reparação de veículos";Batalha;Baixo-Alto;0,004;False;0,0;T3,T7;True;True
Comércio varejista de artigos do vestuário e acessórios;"G - Comércio; reparação de veículos";Bom Princípio do Piauí;Baixo-Alto;0,004;False;0,0;;True;False
Comércio varejista de artigos do vestuário e acessórios;"G - Comércio; reparação de veículos";Buriti dos Lopes;Baixo-Alto;0,012;False;0,0;T7;False;True
Comércio varejista de artigos do vestuário e acessórios;"G - Comércio; reparação de veículos";Cabeceiras do Piauí;Baixo-Alto;0,033;False;0,0;T7;False;False
Comércio varejista de artigos do vestuário e acessórios;"G - Comércio; reparação de veículos";Cajueiro da Praia;Alto-Alto;0,044;True;8,487;T1,T3;False;True
Comércio varejista de artigos do vestuário e acessórios;"G - Comércio; reparação de veículos";Campo Largo do Piauí;Baixo-Alto;0,004;False;0,0;;False;False
Comércio varejista de artigos do vestuário e acessórios;"G - Comércio; reparação de veículos";Cristino Castro;Alto-Baixo;0,001;True;2,318;T1;True;False
Comércio varejista de artigos do vestuário e acessórios;"G - Comércio; reparação de veículos";Currais;Baixo-Alto;0,024;False;0,0;;False;False
Comércio varejista de artigos do vestuário e acessórios;"G - Comércio; reparação de veículos";Demerval Lobão;Alto-Baixo;0,001;True;11,4512;T1;True;False
Comércio varejista de artigos do vestuário e acessórios;"G - Comércio; reparação de veículos";Elesbão Veloso;Alto-Baixo;0,04;True;10,5684;T1,T2,T3;False;False
Comércio varejista de artigos do vestuário e acessórios;"G - Comércio; reparação de veículos";Francisco Ayres;Baixo-Alto;0,038;False;0,0;;False;False
Comércio varejista de artigos do vestuário e acessórios;"G - Comércio; reparação de veículos";Guadalupe;Alto-Baixo;0,001;True;17,4785;T1,T2;True;False
Comércio varejista de artigos do vestuário e acessórios;"G - Comércio; reparação de veículos";Guaribas;Baixo-Alto;0,024;False;0,0;;False;False
Comércio varejista de artigos do vestuário e acessórios;"G - Comércio; reparação de veículos";Ilha Grande;Baixo-Alto;0,006;False;0,0;;False;True
Comércio varejista de artigos do vestuário e acessórios;"G - Comércio; reparação de veículos";Jerumenha;Baixo-Alto;0,025;False;0,0;T7;False;False
Comércio varejista de artigos do vestuário e acessórios;"G - Comércio; reparação de veículos";Lagoa Alegre;Baixo-Alto;0,01;True;0,6066;T3,T7;False;True
Comércio varejista de artigos do vestuário e acessórios;"G - Comércio; reparação de veículos";Lagoa de São Francisco;Baixo-Alto;0,023;False;0,0;;False;False
Comércio varejista de artigos do vestuário e acessórios;"G - Comércio; reparação de veículos";Luís Correia;Alto-Alto;0,006;True;35,6846;T2;False;True
Comércio varejista de artigos do vestuário e acessórios;"G - Comércio; reparação de veículos";Matias Olímpio;Alto-Baixo;0,001;True;7,0828;T2,T8;True;False
Comércio varejista de artigos do vestuário e acessórios;"G - Comércio; reparação de veículos";Miguel Alves;Alto-Alto;0,034;True;15,9671;T1,T4,T8;False;False
Comércio varejista de artigos do vestuário e acessórios;"G - Comércio; reparação de veículos";Monsenhor Gil;Baixo-Baixo;0,001;False;0,0;T7;True;False
Comércio varejista de artigos do vestuário e acessórios;"G - Comércio; reparação de veículos";Nossa Senhora dos Remédios;Baixo-Alto;0,014;False;0,0;T7;False;False
Comércio varejista de artigos do vestuário e acessórios;"G - Comércio; reparação de veículos";Palmeira do Piauí;Baixo-Alto;0,046;False;0,0;;False;False
Comércio varejista de artigos do vestuário e acessórios;"G - Comércio; reparação de veículos";Ribeiro Gonçalves;Alto-Alto;0,017;True;11,711;T1;False;False
Comércio varejista de artigos do vestuário e acessórios;"G - Comércio; reparação de veículos";Santa Cruz do Piauí;Baixo-Baixo;0,001;False;0,0;T3,T7;True;False
Comércio varejista de artigos do vestuário e acessórios;"G - Comércio; reparação de veículos";Santa Filomena;Baixo-Alto;0,008;False;0,0;;False;False
Comércio varejista de artigos do vestuário e acessórios;"G - Comércio; reparação de veículos";Teresina;Baixo-Alto;0,008;False;0,0;T3;False;False
Comércio varejista de artigos do vestuário e acessórios;"G - Comércio; reparação de veículos";União;Alto-Alto;0,044;True;21,6419;T1,T3,T7;False;False
Comércio varejista de bebidas;"G - Comércio; reparação de veículos";Altos;Alto-Alto;0,002;True;10,6868;T1,T3;True;True
Comércio varejista de bebidas;"G - Comércio; reparação de veículos";Angical do Piauí;Baixo-Baixo;0,001;False;0,0;T7;True;False
Comércio varejista de bebidas;"G - Comércio; reparação de veículos";Antônio Almeida;Baixo-Alto;0,028;False;0,0;;False;False
Comércio varejista de bebidas;"G - Comércio; reparação de veículos";Barro Duro;Alto-Baixo;0,001;True;5,9712;T1,T2;True;False
Comércio varejista de bebidas;"G - Comércio; reparação de veículos";Coivaras;Baixo-Alto;0,018;False;0,0;;False;True
Comércio varejista de bebidas;"G - Comércio; reparação de veículos";Curralinhos;Baixo-Alto;0,042;False;0,0;;False;False
Comércio varejista de bebidas;"G - Comércio; reparação de veículos";Demerval Lobão;Alto-Alto;0,028;True;1,7531;T1,T3,T7;False;False
Comércio varejista de bebidas;"G - Comércio; reparação de veículos";Domingos Mourão;Baixo-Alto;0,046;False;0,0;;False;False
Comércio varejista de bebidas;"G - Comércio; reparação de veículos";Francisco Santos;Baixo-Baixo;0,001;False;0,0;;True;False
Comércio varejista de bebidas;"G - Comércio; reparação de veículos";Inhuma;Baixo-Alto;0,03;False;0,0;;False;False
Comércio varejista de bebidas;"G - Comércio; reparação de veículos";Ipiranga do Piauí;Baixo-Alto;0,047;False;0,0;;False;False
Comércio varejista de bebidas;"G - Comércio; reparação de veículos";Itainópolis;Baixo-Baixo;0,001;False;0,0;;True;False
Comércio varejista de bebidas;"G - Comércio; reparação de veículos";Itaueira;Baixo-Baixo;0,001;False;0,0;;True;False
Comércio varejista de bebidas;"G - Comércio; reparação de veículos";Jaicós;Baixo-Baixo;0,001;False;0,0;;True;False
Comércio varejista de bebidas;"G - Comércio; reparação de veículos";Jardim do Mulato;Baixo-Baixo;0,001;False;0,0;;True;False
Comércio varejista de bebidas;"G - Comércio; reparação de veículos";José de Freitas;Alto-Alto;0,001;True;8,4605;T1,T2,T7;True;True
Comércio varejista de bebidas;"G - Comércio; reparação de veículos";Lagoa Alegre;Alto-Alto;0,035;True;0,9906;T1;False;True
Comércio varejista de bebidas;"G - Comércio; reparação de veículos";Lagoa de São Francisco;Baixo-Alto;0,02;False;0,0;;False;False
Comércio varejista de bebidas;"G - Comércio; reparação de veículos";Lagoa do Piauí;Baixo-Alto;0,017;False;0,0;;False;False
Comércio varejista de bebidas;"G - Comércio; reparação de veículos";Luzilândia;Alto-Baixo;0,001;True;1,6025;T2,T8;True;True
Comércio varejista de bebidas;"G - Comércio; reparação de veículos";Monsenhor Gil;Baixo-Alto;0,028;False;0,0;T7;False;False
Comércio varejista de bebidas;"G - Comércio; reparação de veículos";Nazária;Baixo-Alto;0,006;False;0,0;;True;False
Comércio varejista de bebidas;"G - Comércio; reparação de veículos";Novo Oriente do Piauí;Baixo-Alto;0,017;False;0,0;T7,T8;False;False
Comércio varejista de bebidas;"G - Comércio; reparação de veículos";Pau D'Arco do Piauí;Baixo-Alto;0,004;False;0,0;;True;False
Comércio varejista de bebidas;"G - Comércio; reparação de veículos";Picos;Alto-Baixo;0,001;True;6,3121;T1,T7;True;False
Comércio varejista de bebidas;"G - Comércio; reparação de veículos";Piracuruca;Baixo-Baixo;0,001;False;0,0;;True;False
Comércio varejista de bebidas;"G - Comércio; reparação de veículos";Regeneração;Baixo-Baixo;0,001;False;0,0;;True;False
Comércio varejista de bebidas;"G - Comércio; reparação de veículos";Riacho Frio;Baixo-Alto;0,028;False;0,0;;False;False
Comércio varejista de bebidas;"G - Comércio; reparação de veículos";Ribeiro Gonçalves;Baixo-Alto;0,029;False;0,0;T7;False;False
Comércio varejista de bebidas;"G - Comércio; reparação de veículos";Santa Filomena;Baixo-Alto;0,032;False;0,0;;False;False
Comércio varejista de bebidas;"G - Comércio; reparação de veículos";São Francisco de Assis do Piauí;Baixo-Baixo;0,001;False;0,0;;True;False
Comércio varejista de bebidas;"G - Comércio; reparação de veículos";São Gonçalo do Gurguéia;Baixo-Alto;0,041;False;0,0;;False;False
Comércio varejista de bebidas;"G - Comércio; reparação de veículos";São Lourenço do Piauí;Alto-Baixo;0,001;True;1,5852;T2,T7;True;False
Comércio varejista de bebidas;"G - Comércio; reparação de veículos";Sebastião Barros;Baixo-Alto;0,035;False;0,0;;False;False
Comércio varejista de bebidas;"G - Comércio; reparação de veículos";Teresina;Alto-Alto;0,012;True;261,6158;T1,T3;False;False
Comércio varejista de bebidas;"G - Comércio; reparação de veículos";União;Alto-Alto;0,002;True;11,6484;T1,T7;True;True
Comércio varejista de calçados;"G - Comércio; reparação de veículos";Altos;Baixo-Alto;0,034;False;0,0;T7;False;False
Comércio varejista de calçados;"G - Comércio; reparação de veículos";Baixa Grande do Ribeiro;Alto-Alto;0,043;True;1,1601;T1;False;False
Comércio varejista de calçados;"G - Comércio; reparação de veículos";Barras;Alto-Alto;0,047;True;3,0554;T3,T7,T8;False;False
Comércio varejista de calçados;"G - Comércio; reparação de veículos";Betânia do Piauí;Baixo-Alto;0,046;False;0,0;T7;False;False
Comércio varejista de calçados;"G - Comércio; reparação de veículos";Cabeceiras do Piauí;Baixo-Alto;0,026;False;0,0;T7;False;False
Comércio varejista de calçados;"G - Comércio; reparação de veículos";Campo Maior;Alto-Baixo;0,001;True;61,362;T1,T3;True;False
Comércio varejista de calçados;"G - Comércio; reparação de veículos";Cocal de Telha;Baixo-Alto;0,032;False;0,0;T4;False;False
Comércio varejista de calçados;"G - Comércio; reparação de veículos";Coivaras;Baixo-Alto;0,045;False;0,0;;False;False
Comércio varejista de calçados;"G - Comércio; reparação de veículos";Corrente;Alto-Baixo;0,001;True;17,7432;T1,T3;True;True
Comércio varejista de calçados;"G - Comércio; reparação de veículos";Floriano;Alto-Baixo;0,001;True;25,4388;T3;True;False
Comércio varejista de calçados;"G - Comércio; reparação de veículos";Ipiranga do Piauí;Baixo-Alto;0,037;False;0,0;;False;False
Comércio varejista de calçados;"G - Comércio; reparação de veículos";Jatobá do Piauí;Baixo-Alto;0,017;False;0,0;;False;False
Comércio varejista de calçados;"G - Comércio; reparação de veículos";José de Freitas;Baixo-Alto;0,002;False;0,0;T3,T7,T8;False;False
Comércio varejista de calçados;"G - Comércio; reparação de veículos";Lagoa Alegre;Baixo-Alto;0,027;True;0,102;T3;False;True
Comércio varejista de calçados;"G - Comércio; reparação de veículos";Lagoinha do Piauí;Baixo-Alto;0,042;False;0,0;;False;False
Comércio varejista de calçados;"G - Comércio; reparação de veículos";Morro do Chapéu do Piauí;Baixo-Alto;0,022;False;0,0;;False;False
Comércio varejista de calçados;"G - Comércio; reparação de veículos";Nossa Senhora de Nazaré;Baixo-Alto;0,034;False;0,0;;False;False
Comércio varejista de calçados;"G - Comércio; reparação de veículos";Novo Oriente do Piauí;Baixo-Alto;0,045;False;0,0;;False;False
Comércio varejista de calçados;"G - Comércio; reparação de veículos";Oeiras;Alto-Baixo;0,001;True;11,316;T1,T3,T8;True;False
Comércio varejista de calçados;"G - Comércio; reparação de veículos";Ribeiro Gonçalves;Baixo-Alto;0,032;False;0,0;;False;False
Comércio varejista de calçados;"G - Comércio; reparação de veículos";São João do Arraial;Baixo-Alto;0,044;False;0,0;;False;False
Comércio varejista de carnes - açougues;"G - Comércio; reparação de veículos";Altos;Baixo-Alto;0,003;False;0,0;T7;True;True
Comércio varejista de carnes - açougues;"G - Comércio; reparação de veículos";Baixa Grande do Ribeiro;Baixo-Alto;0,047;False;0,0;;False;False
Comércio varejista de carnes - açougues;"G - Comércio; reparação de veículos";Bom Jesus;Alto-Baixo;0,001;True;4,2804;T1,T3;True;True
Comércio varejista de carnes - açougues;"G - Comércio; reparação de veículos";Campo Maior;Alto-Baixo;0,001;True;20,2862;T1,T3;True;False
Comércio varejista de carnes - açougues;"G - Comércio; reparação de veículos";Cocal de Telha;Baixo-Alto;0,037;False;0,0;;False;False
Comércio varejista de carnes - açougues;"G - Comércio; reparação de veículos";Coivaras;Baixo-Alto;0,041;False;0,0;;False;False
Comércio varejista de carnes - açougues;"G - Comércio; reparação de veículos";Corrente;Alto-Baixo;0,001;True;3,701;T1;True;True
Comércio varejista de carnes - açougues;"G - Comércio; reparação de veículos";Curralinhos;Baixo-Alto;0,017;False;0,0;;False;False
Comércio varejista de carnes - açougues;"G - Comércio; reparação de veículos";Demerval Lobão;Baixo-Alto;0,008;False;0,0;T7;False;False
Comércio varejista de carnes - açougues;"G - Comércio; reparação de veículos";Esperantina;Alto-Baixo;0,001;True;1,7607;T1,T7;True;False
Comércio varejista de carnes - açougues;"G - Comércio; reparação de veículos";Ilha Grande;Baixo-Alto;0,029;False;0,0;;False;False
Comércio varejista de carnes - açougues;"G - Comércio; reparação de veículos";Jatobá do Piauí;Baixo-Alto;0,024;False;0,0;;False;False
Comércio varejista de carnes - açougues;"G - Comércio; reparação de veículos";José de Freitas;Baixo-Alto;0,001;False;0,0;;True;False
Comércio varejista de carnes - açougues;"G - Comércio; reparação de veículos";Lagoa do Piauí;Baixo-Alto;0,008;False;0,0;;False;False
Comércio varejista de carnes - açougues;"G - Comércio; reparação de veículos";Monsenhor Gil;Baixo-Alto;0,025;False;0,0;T7;False;False
Comércio varejista de carnes - açougues;"G - Comércio; reparação de veículos";Nazária;Baixo-Alto;0,003;False;0,0;;True;False
Comércio varejista de carnes - açougues;"G - Comércio; reparação de veículos";Nossa Senhora de Nazaré;Baixo-Alto;0,042;False;0,0;;False;False
Comércio varejista de carnes - açougues;"G - Comércio; reparação de veículos";Palmeirais;Baixo-Alto;0,001;False;0,0;;True;False
Comércio varejista de carnes - açougues;"G - Comércio; reparação de veículos";Parnaíba;Alto-Baixo;0,001;True;7,2274;T3,T7;True;False
Comércio varejista de carnes - açougues;"G - Comércio; reparação de veículos";Pau D'Arco do Piauí;Baixo-Alto;0,016;False;0,0;;False;False
Comércio varejista de carnes - açougues;"G - Comércio; reparação de veículos";Paulistana;Alto-Baixo;0,001;True;10,3081;T1;True;False
Comércio varejista de carnes - açougues;"G - Comércio; reparação de veículos";Picos;Alto-Baixo;0,001;True;16,4211;T1,T7;True;False
Comércio varejista de carnes - açougues;"G - Comércio; reparação de veículos";Piracuruca;Alto-Baixo;0,001;True;3,0082;T1,T7;True;False
Comércio varejista de carnes - açougues;"G - Comércio; reparação de veículos";Porto;Alto-Baixo;0,001;True;2,213;T2;True;False
Comércio varejista de carnes - açougues;"G - Comércio; reparação de veículos";Ribeiro Gonçalves;Baixo-Alto;0,044;False;0,0;T7;False;False
Comércio varejista de carnes - açougues;"G - Comércio; reparação de veículos";São Raimundo Nonato;Alto-Baixo;0,001;True;4,4483;T1;True;False
Comércio varejista de carnes - açougues;"G - Comércio; reparação de veículos";União;Alto-Alto;0,006;True;2,8882;T3,T7;False;False
Comércio varejista de carnes - açougues;"G - Comércio; reparação de veículos";Valença do Piauí;Alto-Baixo;0,001;True;7,6046;T1,T7;True;False
Comércio varejista de combustíveis para veículos automotores;"G - Comércio; reparação de veículos";Altos;Alto-Alto;0,013;True;47,5492;T1,T3,T7;False;False
Comércio varejista de combustíveis para veículos automotores;"G - Comércio; reparação de veículos";Bocaina;Alto-Baixo;0,025;True;7,7962;T1,T2;False;False
Comércio varejista de combustíveis para veículos automotores;"G - Comércio; reparação de veículos";Bom Princípio do Piauí;Baixo-Alto;0,021;False;0,0;T7;False;False
Comércio varejista de combustíveis para veículos automotores;"G - Comércio; reparação de veículos";Brasileira;Baixo-Alto;0,025;False;0,0;T7;False;False
Comércio varejista de combustíveis para veículos automotores;"G - Comércio; reparação de veículos";Cabeceiras do Piauí;Baixo-Alto;0,034;True;3,7646;T1,T3,T7;False;False
Comércio varejista de combustíveis para veículos automotores;"G - Comércio; reparação de veículos";Cajueiro da Praia;Alto-Alto;0,025;True;17,7205;T1,T7;False;False
Comércio varejista de combustíveis para veículos automotores;"G - Comércio; reparação de veículos";Currais;Baixo-Alto;0,042;False;0,0;T7;False;False
Comércio varejista de combustíveis para veículos automotores;"G - Comércio; reparação de veículos";Guaribas;Baixo-Alto;0,037;False;0,0;;False;False
Comércio varejista de combustíveis para veículos automotores;"G - Comércio; reparação de veículos";Jerumenha;Alto-Alto;0,004;True;7,3452;T1;False;False
Comércio varejista de combustíveis para veículos automotores;"G - Comércio; reparação de veículos";José de Freitas;Alto-Alto;0,002;True;32,1111;T1,T8;False;False
Comércio varejista de combustíveis para veículos automotores;"G - Comércio; reparação de veículos";Lagoa Alegre;Alto-Alto;0,027;True;15,8972;T1,T3;False;True
Comércio varejista de combustíveis para veículos automotores;"G - Comércio; reparação de veículos";Luzilândia;Alto-Baixo;0,033;True;7,6987;T2,T8;False;False
Comércio varejista de combustíveis para veículos automotores;"G - Comércio; reparação de veículos";Nazária;Alto-Alto;0,024;True;5,7263;T1,T3;False;False
Comércio varejista de combustíveis para veículos automotores;"G - Comércio; reparação de veículos";Novo Oriente do Piauí;Baixo-Alto;0,034;True;1,8689;T1,T2,T7;False;False
Comércio varejista de combustíveis para veículos automotores;"G - Comércio; reparação de veículos";Palmeirais;Baixo-Alto;0,041;True;2,2131;T3;False;False
Comércio varejista de combustíveis para veículos automotores;"G - Comércio; reparação de veículos";São João do Piauí;Alto-Baixo;0,031;True;29,3654;T1,T3;False;False
Comércio varejista de combustíveis para veículos automotores;"G - Comércio; reparação de veículos";São Raimundo Nonato;Alto-Baixo;0,01;True;84,4286;T1,T3;False;False
Comércio varejista de combustíveis para veículos automotores;"G - Comércio; reparação de veículos";União;Alto-Alto;0,001;True;27,9362;T1,T3,T7;False;True
Comércio varejista de cosméticos, produtos de perfumaria e de higiene pessoal;"G - Comércio; reparação de veículos";Baixa Grande do Ribeiro;Baixo-Alto;0,008;False;0,0;T7;False;False
Comércio varejista de cosméticos, produtos de perfumaria e de higiene pessoal;"G - Comércio; reparação de veículos";Barras;Alto-Alto;0,036;True;5,1683;T1,T6,T7;False;False
Comércio varejista de cosméticos, produtos de perfumaria e de higiene pessoal;"G - Comércio; reparação de veículos";Batalha;Baixo-Alto;0,001;False;0,0;T7;True;True
Comércio varejista de cosméticos, produtos de perfumaria e de higiene pessoal;"G - Comércio; reparação de veículos";Boa Hora;Baixo-Alto;0,026;False;0,0;T8;False;False
Comércio varejista de cosméticos, produtos de perfumaria e de higiene pessoal;"G - Comércio; reparação de veículos";Brasileira;Baixo-Alto;0,012;False;0,0;;False;True
Comércio varejista de cosméticos, produtos de perfumaria e de higiene pessoal;"G - Comércio; reparação de veículos";Castelo do Piauí;Alto-Baixo;0,001;True;3,1197;T1,T8;True;False
Comércio varejista de cosméticos, produtos de perfumaria e de higiene pessoal;"G - Comércio; reparação de veículos";Cocal dos Alves;Baixo-Alto;0,019;False;0,0;;False;False
Comércio varejista de cosméticos, produtos de perfumaria e de higiene pessoal;"G - Comércio; reparação de veículos";Coivaras;Baixo-Alto;0,007;False;0,0;;False;True
Comércio varejista de cosméticos, produtos de perfumaria e de higiene pessoal;"G - Comércio; reparação de veículos";Corrente;Alto-Baixo;0,001;True;4,0672;T1,T7;True;False
Comércio varejista de cosméticos, produtos de perfumaria e de higiene pessoal;"G - Comércio; reparação de veículos";Demerval Lobão;Alto-Baixo;0,001;True;1,2681;T1;True;False
Comércio varejista de cosméticos, produtos de perfumaria e de higiene pessoal;"G - Comércio; reparação de veículos";Domingos Mourão;Baixo-Alto;0,035;False;0,0;T7;False;False
Comércio varejista de cosméticos, produtos de perfumaria e de higiene pessoal;"G - Comércio; reparação de veículos";Floriano;Alto-Baixo;0,001;True;32,8154;T1,T3;True;False
Comércio varejista de cosméticos, produtos de perfumaria e de higiene pessoal;"G - Comércio; reparação de veículos";José de Freitas;Baixo-Alto;0,012;False;0,0;;False;False
Comércio varejista de cosméticos, produtos de perfumaria e de higiene pessoal;"G - Comércio; reparação de veículos";Lagoa de São Francisco;Baixo-Alto;0,013;False;0,0;;False;False
Comércio varejista de cosméticos, produtos de perfumaria e de higiene pessoal;"G - Comércio; reparação de veículos";Luzilândia;Alto-Baixo;0,001;True;11,1532;T2;True;False
Comércio varejista de cosméticos, produtos de perfumaria e de higiene pessoal;"G - Comércio; reparação de veículos";Monsenhor Hipólito;Alto-Baixo;0,001;True;2,7406;T1;True;True
Comércio varejista de cosméticos, produtos de perfumaria e de higiene pessoal;"G - Comércio; reparação de veículos";Monte Alegre do Piauí;Baixo-Alto;0,014;False;0,0;T8;False;False
Comércio varejista de cosméticos, produtos de perfumaria e de higiene pessoal;"G - Comércio; reparação de veículos";Morro do Chapéu do Piauí;Baixo-Alto;0,009;False;0,0;;False;False
Comércio varejista de cosméticos, produtos de perfumaria e de higiene pessoal;"G - Comércio; reparação de veículos";Nazaré do Piauí;Baixo-Alto;0,022;False;0,0;T7,T8;False;False
Comércio varejista de cosméticos, produtos de perfumaria e de higiene pessoal;"G - Comércio; reparação de veículos";Novo Oriente do Piauí;Baixo-Alto;0,042;False;0,0;;False;False
Comércio varejista de cosméticos, produtos de perfumaria e de higiene pessoal;"G - Comércio; reparação de veículos";Oeiras;Alto-Baixo;0,001;True;11,6544;T2,T7;True;False
Comércio varejista de cosméticos, produtos de perfumaria e de higiene pessoal;"G - Comércio; reparação de veículos";Paulistana;Alto-Baixo;0,001;True;2,5139;T1,T7;True;False
Comércio varejista de cosméticos, produtos de perfumaria e de higiene pessoal;"G - Comércio; reparação de veículos";São Gonçalo do Gurguéia;Baixo-Alto;0,034;False;0,0;;False;False
Comércio varejista de cosméticos, produtos de perfumaria e de higiene pessoal;"G - Comércio; reparação de veículos";São João do Arraial;Baixo-Alto;0,027;False;0,0;;False;False
Comércio varejista de cosméticos, produtos de perfumaria e de higiene pessoal;"G - Comércio; reparação de veículos";São Raimundo Nonato;Alto-Baixo;0,001;True;3,8632;T3,T7;True;True
Comércio varejista de cosméticos, produtos de perfumaria e de higiene pessoal;"G - Comércio; reparação de veículos";União;Alto-Baixo;0,001;True;0,6113;T1,T7;True;False
Comércio varejista de doces, balas, bombons e semelhantes;"G - Comércio; reparação de veículos";Altos;Baixo-Alto;0,005;False;0,0;;True;True
Comércio varejista de doces, balas, bombons e semelhantes;"G - Comércio; reparação de veículos";Angical do Piauí;Baixo-Baixo;0,001;False;0,0;;True;False
Comércio varejista de doces, balas, bombons e semelhantes;"G - Comércio; reparação de veículos";Barras;Alto-Alto;0,022;True;0,2571;T3,T6;False;False
Comércio varejista de doces, balas, bombons e semelhantes;"G - Comércio; reparação de veículos";Batalha;Baixo-Alto;0,017;False;0,0;;False;False
Comércio varejista de doces, balas, bombons e semelhantes;"G - Comércio; reparação de veículos";Beneditinos;Baixo-Baixo;0,001;False;0,0;;True;False
Comércio varejista de doces, balas, bombons e semelhantes;"G - Comércio; reparação de veículos";Campo Largo do Piauí;Baixo-Alto;0,035;False;0,0;;False;False
Comércio varejista de doces, balas, bombons e semelhantes;"G - Comércio; reparação de veículos";Campo Maior;Alto-Baixo;0,001;True;9,1528;T1;True;False
Comércio varejista de doces, balas, bombons e semelhantes;"G - Comércio; reparação de veículos";Canavieira;Baixo-Baixo;0,001;False;0,0;;True;False
Comércio varejista de doces, balas, bombons e semelhantes;"G - Comércio; reparação de veículos";Curralinhos;Baixo-Alto;0,021;False;0,0;;False;False
Comércio varejista de doces, balas, bombons e semelhantes;"G - Comércio; reparação de veículos";Demerval Lobão;Baixo-Alto;0,02;False;0,0;;False;False
Comércio varejista de doces, balas, bombons e semelhantes;"G - Comércio; reparação de veículos";Floriano;Alto-Baixo;0,001;True;4,8933;T1,T7;True;False
Comércio varejista de doces, balas, bombons e semelhantes;"G - Comércio; reparação de veículos";Francisco Santos;Baixo-Baixo;0,001;False;0,0;;True;False
Comércio varejista de doces, balas, bombons e semelhantes;"G - Comércio; reparação de veículos";Gilbués;Baixo-Baixo;0,001;False;0,0;;True;False
Comércio varejista de doces, balas, bombons e semelhantes;"G - Comércio; reparação de veículos";Ilha Grande;Baixo-Alto;0,015;False;0,0;;False;False
Comércio varejista de doces, balas, bombons e semelhantes;"G - Comércio; reparação de veículos";Inhuma;Baixo-Baixo;0,001;False;0,0;;True;False
Comércio varejista de doces, balas, bombons e semelhantes;"G - Comércio; reparação de veículos";Itainópolis;Baixo-Baixo;0,001;False;0,0;;True;False
Comércio varejista de doces, balas, bombons e semelhantes;"G - Comércio; reparação de veículos";Jaicós;Baixo-Baixo;0,001;False;0,0;;True;False
Comércio varejista de doces, balas, bombons e semelhantes;"G - Comércio; reparação de veículos";Jardim do Mulato;Baixo-Baixo;0,001;False;0,0;;True;False
Comércio varejista de doces, balas, bombons e semelhantes;"G - Comércio; reparação de veículos";José de Freitas;Baixo-Alto;0,002;False;0,0;T7;True;False
Comércio varejista de doces, balas, bombons e semelhantes;"G - Comércio; reparação de veículos";Lagoa do Piauí;Baixo-Alto;0,025;False;0,0;;False;False
Comércio varejista de doces, balas, bombons e semelhantes;"G - Comércio; reparação de veículos";Monsenhor Gil;Baixo-Alto;0,028;False;0,0;;False;False
Comércio varejista de doces, balas, bombons e semelhantes;"G - Comércio; reparação de veículos";Morro do Chapéu do Piauí;Baixo-Alto;0,042;False;0,0;;False;False
Comércio varejista de doces, balas, bombons e semelhantes;"G - Comércio; reparação de veículos";Nazária;Baixo-Alto;0,002;False;0,0;;True;False
Comércio varejista de doces, balas, bombons e semelhantes;"G - Comércio; reparação de veículos";Olho D'Água do Piauí;Baixo-Baixo;0,001;False;0,0;;True;False
Comércio varejista de doces, balas, bombons e semelhantes;"G - Comércio; reparação de veículos";Palmeirais;Baixo-Alto;0,023;False;0,0;;False;False
Comércio varejista de doces, balas, bombons e semelhantes;"G - Comércio; reparação de veículos";Parnaíba;Alto-Baixo;0,001;True;58,5979;T1,T3;True;False
Comércio varejista de doces, balas, bombons e semelhantes;"G - Comércio; reparação de veículos";Pau D'Arco do Piauí;Baixo-Alto;0,023;False;0,0;;False;False
Comércio varejista de doces, balas, bombons e semelhantes;"G - Comércio; reparação de veículos";Picos;Alto-Baixo;0,001;True;16,2432;T1,T7;True;False
Comércio varejista de doces, balas, bombons e semelhantes;"G - Comércio; reparação de veículos";Piracuruca;Baixo-Baixo;0,001;False;0,0;;True;False
Comércio varejista de doces, balas, bombons e semelhantes;"G - Comércio; reparação de veículos";Regeneração;Baixo-Baixo;0,001;False;0,0;;True;False
Comércio varejista de doces, balas, bombons e semelhantes;"G - Comércio; reparação de veículos";Riacho Frio;Baixo-Baixo;0,001;False;0,0;;True;False
Comércio varejista de doces, balas, bombons e semelhantes;"G - Comércio; reparação de veículos";Ribeira do Piauí;Baixo-Baixo;0,001;False;0,0;;True;False
Comércio varejista de doces, balas, bombons e semelhantes;"G - Comércio; reparação de veículos";São João do Arraial;Baixo-Alto;0,028;False;0,0;;False;False
Comércio varejista de doces, balas, bombons e semelhantes;"G - Comércio; reparação de veículos";Tanque do Piauí;Baixo-Baixo;0,001;False;0,0;;True;False
Comércio varejista de doces, balas, bombons e semelhantes;"G - Comércio; reparação de veículos";União;Alto-Alto;0,013;True;1,5799;T1,T7;False;False
Comércio varejista de ferragens e ferramentas;"G - Comércio; reparação de veículos";Alvorada do Gurguéia;Baixo-Alto;0,021;False;0,0;;False;False
Comércio varejista de ferragens e ferramentas;"G - Comércio; reparação de veículos";Antônio Almeida;Baixo-Alto;0,049;False;0,0;;False;False
Comércio varejista de ferragens e ferramentas;"G - Comércio; reparação de veículos";Baixa Grande do Ribeiro;Alto-Alto;0,033;True;2,4891;T1;False;False
Comércio varejista de ferragens e ferramentas;"G - Comércio; reparação de veículos";Barras;Baixo-Alto;0,03;False;0,0;;False;False
Comércio varejista de ferragens e ferramentas;"G - Comércio; reparação de veículos";Batalha;Baixo-Alto;0,022;False;0,0;;False;False
Comércio varejista de ferragens e ferramentas;"G - Comércio; reparação de veículos";Boa Hora;Baixo-Alto;0,023;False;0,0;;False;False
Comércio varejista de ferragens e ferramentas;"G - Comércio; reparação de veículos";Brasileira;Baixo-Alto;0,005;False;0,0;;False;True
Comércio varejista de ferragens e ferramentas;"G - Comércio; reparação de veículos";Canto do Buriti;Alto-Baixo;0,001;True;1,5811;T1,T7;True;True
Comércio varejista de ferragens e ferramentas;"G - Comércio; reparação de veículos";Capitão de Campos;Baixo-Alto;0,042;False;0,0;;False;False
Comércio varejista de ferragens e ferramentas;"G - Comércio; reparação de veículos";Domingos Mourão;Baixo-Alto;0,003;False;0,0;;False;False
Comércio varejista de ferragens e ferramentas;"G - Comércio; reparação de veículos";Esperantina;Alto-Baixo;0,001;True;1,618;T1;True;False
Comércio varejista de ferragens e ferramentas;"G - Comércio; reparação de veículos";Floriano;Alto-Baixo;0,001;True;15,3607;T1,T3;True;False
Comércio varejista de ferragens e ferramentas;"G - Comércio; reparação de veículos";Francisco Ayres;Baixo-Alto;0,032;False;0,0;;False;False
Comércio varejista de ferragens e ferramentas;"G - Comércio; reparação de veículos";Ilha Grande;Baixo-Alto;0,016;False;0,0;;False;False
Comércio varejista de ferragens e ferramentas;"G - Comércio; reparação de veículos";Lagoa de São Francisco;Baixo-Alto;0,02;False;0,0;;False;True
Comércio varejista de ferragens e ferramentas;"G - Comércio; reparação de veículos";Palmeira do Piauí;Baixo-Alto;0,013;False;0,0;;False;False
Comércio varejista de ferragens e ferramentas;"G - Comércio; reparação de veículos";Parnaíba;Alto-Baixo;0,001;True;9,2162;T3;True;False
Comércio varejista de ferragens e ferramentas;"G - Comércio; reparação de veículos";Pedro II;Baixo-Alto;0,04;False;0,0;T8;False;False
Comércio varejista de ferragens e ferramentas;"G - Comércio; reparação de veículos";Ribeiro Gonçalves;Baixo-Alto;0,008;False;0,0;T7;False;False
Comércio varejista de ferragens e ferramentas;"G - Comércio; reparação de veículos";União;Alto-Baixo;0,001;True;6,9836;T1,T7;True;True
Comércio varejista de ferragens e ferramentas;"G - Comércio; reparação de veículos";Valença do Piauí;Alto-Baixo;0,001;True;3,6224;T1,T7;True;False
Comércio varejista de gás liqüefeito de petróleo (GLP);"G - Comércio; reparação de veículos";Alagoinha do Piauí;Baixo-Baixo;0,001;False;0,0;;True;False
Comércio varejista de gás liqüefeito de petróleo (GLP);"G - Comércio; reparação de veículos";Altos;Alto-Alto;0,002;True;1,036;T3;True;True
Comércio varejista de gás liqüefeito de petróleo (GLP);"G - Comércio; reparação de veículos";Anísio de Abreu;Baixo-Baixo;0,001;False;0,0;T3,T7;True;False
Comércio varejista de gás liqüefeito de petróleo (GLP);"G - Comércio; reparação de veículos";Aroeiras do Itaim;Baixo-Baixo;0,001;False;0,0;;True;True
Comércio varejista de gás liqüefeito de petróleo (GLP);"G - Comércio; reparação de veículos";Barreiras do Piauí;Baixo-Baixo;0,001;False;0,0;;True;False
Comércio varejista de gás liqüefeito de petróleo (GLP);"G - Comércio; reparação de veículos";Bela Vista do Piauí;Baixo-Baixo;0,001;False;0,0;;True;True
Comércio varejista de gás liqüefeito de petróleo (GLP);"G - Comércio; reparação de veículos";Bocaina;Baixo-Baixo;0,001;False;0,0;;True;True
Comércio varejista de gás liqüefeito de petróleo (GLP);"G - Comércio; reparação de veículos";Buriti dos Montes;Baixo-Alto;0,027;False;0,0;T7;False;False
Comércio varejista de gás liqüefeito de petróleo (GLP);"G - Comércio; reparação de veículos";Campinas do Piauí;Baixo-Baixo;0,001;False;0,0;;True;True
Comércio varejista de gás liqüefeito de petróleo (GLP);"G - Comércio; reparação de veículos";Caridade do Piauí;Baixo-Baixo;0,001;False;0,0;;True;False
Comércio varejista de gás liqüefeito de petróleo (GLP);"G - Comércio; reparação de veículos";Corrente;Baixo-Baixo;0,001;False;0,0;T3,T7;True;True
Comércio varejista de gás liqüefeito de petróleo (GLP);"G - Comércio; reparação de veículos";Cristalândia do Piauí;Baixo-Baixo;0,001;False;0,0;T7;True;False
Comércio varejista de gás liqüefeito de petróleo (GLP);"G - Comércio; reparação de veículos";Cristino Castro;Baixo-Baixo;0,001;False;0,0;T3,T7;True;False
Comércio varejista de gás liqüefeito de petróleo (GLP);"G - Comércio; reparação de veículos";Curralinhos;Baixo-Alto;0,003;False;0,0;;True;False
Comércio varejista de gás liqüefeito de petróleo (GLP);"G - Comércio; reparação de veículos";Demerval Lobão;Alto-Alto;0,021;True;11,3461;T1,T3;False;True
Comércio varejista de gás liqüefeito de petróleo (GLP);"G - Comércio; reparação de veículos";Dom Expedito Lopes;Baixo-Baixo;0,001;False;0,0;T4,T7;True;True
Comércio varejista de gás liqüefeito de petróleo (GLP);"G - Comércio; reparação de veículos";Domingos Mourão;Baixo-Alto;0,04;False;0,0;;False;False
Comércio varejista de gás liqüefeito de petróleo (GLP);"G - Comércio; reparação de veículos";Floresta do Piauí;Baixo-Baixo;0,001;False;0,0;T7;True;False
Comércio varejista de gás liqüefeito de petróleo (GLP);"G - Comércio; reparação de veículos";Fronteiras;Baixo-Baixo;0,001;False;0,0;T3,T7;True;False
Comércio varejista de gás liqüefeito de petróleo (GLP);"G - Comércio; reparação de veículos";Guadalupe;Alto-Baixo;0,001;True;5,6181;T1,T2,T8;True;False
Comércio varejista de gás liqüefeito de petróleo (GLP);"G - Comércio; reparação de veículos";Guaribas;Baixo-Alto;0,037;False;0,0;;False;False
Comércio varejista de gás liqüefeito de petróleo (GLP);"G - Comércio; reparação de veículos";Ilha Grande;Alto-Baixo;0,001;True;1,4291;T1,T3,T7;True;False
Comércio varejista de gás liqüefeito de petróleo (GLP);"G - Comércio; reparação de veículos";Isaías Coelho;Baixo-Baixo;0,001;False;0,0;T7;True;False
Comércio varejista de gás liqüefeito de petróleo (GLP);"G - Comércio; reparação de veículos";Joca Marques;Baixo-Baixo;0,001;False;0,0;T4,T8;True;False
Comércio varejista de gás liqüefeito de petróleo (GLP);"G - Comércio; reparação de veículos";José de Freitas;Alto-Alto;0,011;True;12,8387;T1,T8;True;False
Comércio varejista de gás liqüefeito de petróleo (GLP);"G - Comércio; reparação de veículos";Juazeiro do Piauí;Baixo-Baixo;0,001;False;0,0;;True;False
Comércio varejista de gás liqüefeito de petróleo (GLP);"G - Comércio; reparação de veículos";Lagoa Alegre;Baixo-Alto;0,024;False;0,0;T3,T7;False;True
Comércio varejista de gás liqüefeito de petróleo (GLP);"G - Comércio; reparação de veículos";Lagoa de São Francisco;Baixo-Alto;0,016;True;0,0271;T4,T7,T8;False;False
Comércio varejista de gás liqüefeito de petróleo (GLP);"G - Comércio; reparação de veículos";Lagoa do Barro do Piauí;Baixo-Baixo;0,001;False;0,0;;True;False
Comércio varejista de gás liqüefeito de petróleo (GLP);"G - Comércio; reparação de veículos";Lagoa do Piauí;Baixo-Alto;0,001;False;0,0;T3;True;False
Comércio varejista de gás liqüefeito de petróleo (GLP);"G - Comércio; reparação de veículos";Lagoa do Sítio;Baixo-Baixo;0,001;False;0,0;T7;True;False
Comércio varejista de gás liqüefeito de petróleo (GLP);"G - Comércio; reparação de veículos";Luís Correia;Alto-Baixo;0,001;True;1,703;T2,T4,T8;True;False
Comércio varejista de gás liqüefeito de petróleo (GLP);"G - Comércio; reparação de veículos";Massapê do Piauí;Baixo-Baixo;0,001;False;0,0;;True;False
Comércio varejista de gás liqüefeito de petróleo (GLP);"G - Comércio; reparação de veículos";Matias Olímpio;Alto-Baixo;0,001;True;2,1648;T2,T8;True;False
Comércio varejista de gás liqüefeito de petróleo (GLP);"G - Comércio; reparação de veículos";Monsenhor Hipólito;Baixo-Baixo;0,001;False;0,0;T7;True;False
Comércio varejista de gás liqüefeito de petróleo (GLP);"G - Comércio; reparação de veículos";Morro Cabeça no Tempo;Baixo-Alto;0,024;False;0,0;;False;False
Comércio varejista de gás liqüefeito de petróleo (GLP);"G - Comércio; reparação de veículos";Morro do Chapéu do Piauí;Baixo-Baixo;0,001;False;0,0;;True;False
Comércio varejista de gás liqüefeito de petróleo (GLP);"G - Comércio; reparação de veículos";Nazária;Alto-Alto;0,001;True;1,381;T1,T3,T7;True;False
Comércio varejista de gás liqüefeito de petróleo (GLP);"G - Comércio; reparação de veículos";Nossa Senhora de Nazaré;Baixo-Baixo;0,001;False;0,0;;True;False
Comércio varejista de gás liqüefeito de petróleo (GLP);"G - Comércio; reparação de veículos";Paes Landim;Baixo-Baixo;0,001;False;0,0;;True;False
Comércio varejista de gás liqüefeito de petróleo (GLP);"G - Comércio; reparação de veículos";Palmeirais;Alto-Alto;0,003;True;3,5448;T1,T3;True;False
Comércio varejista de gás liqüefeito de petróleo (GLP);"G - Comércio; reparação de veículos";Paquetá;Baixo-Baixo;0,001;False;0,0;T7;True;True
Comércio varejista de gás liqüefeito de petróleo (GLP);"G - Comércio; reparação de veículos";Patos do Piauí;Baixo-Baixo;0,001;False;0,0;;True;False
Comércio varejista de gás liqüefeito de petróleo (GLP);"G - Comércio; reparação de veículos";Pau D'Arco do Piauí;Baixo-Alto;0,003;False;0,0;;True;False
Comércio varejista de gás liqüefeito de petróleo (GLP);"G - Comércio; reparação de veículos";Piripiri;Baixo-Alto;0,032;False;0,0;T3;False;False
Comércio varejista de gás liqüefeito de petróleo (GLP);"G - Comércio; reparação de veículos";Redenção do Gurguéia;Baixo-Alto;0,028;False;0,0;T7;False;False
Comércio varejista de gás liqüefeito de petróleo (GLP);"G - Comércio; reparação de veículos";Santa Cruz do Piauí;Baixo-Baixo;0,001;False;0,0;;True;True
Comércio varejista de gás liqüefeito de petróleo (GLP);"G - Comércio; reparação de veículos";Santa Rosa do Piauí;Alto-Baixo;0,001;True;2,297;T2,T6,T8;True;True
Comércio varejista de gás liqüefeito de petróleo (GLP);"G - Comércio; reparação de veículos";Santana do Piauí;Baixo-Baixo;0,001;False;0,0;T7;True;True
Comércio varejista de gás liqüefeito de petróleo (GLP);"G - Comércio; reparação de veículos";São Gonçalo do Gurguéia;Baixo-Baixo;0,001;False;0,0;;True;False
Comércio varejista de gás liqüefeito de petróleo (GLP);"G - Comércio; reparação de veículos";São João da Varjota;Baixo-Baixo;0,001;False;0,0;;True;True
Comércio varejista de gás liqüefeito de petróleo (GLP);"G - Comércio; reparação de veículos";São João do Piauí;Alto-Baixo;0,001;True;0,8784;T3,T7;True;False
Comércio varejista de gás liqüefeito de petróleo (GLP);"G - Comércio; reparação de veículos";São José do Peixe;Alto-Baixo;0,001;True;1,5814;T1,T3;True;True
Comércio varejista de gás liqüefeito de petróleo (GLP);"G - Comércio; reparação de veículos";São Julião;Baixo-Baixo;0,001;False;0,0;;True;False
Comércio varejista de gás liqüefeito de petróleo (GLP);"G - Comércio; reparação de veículos";São Luis do Piauí;Baixo-Baixo;0,001;False;0,0;;True;True
Comércio varejista de gás liqüefeito de petróleo (GLP);"G - Comércio; reparação de veículos";São Raimundo Nonato;Alto-Baixo;0,001;True;5,0611;T3,T7;True;False
Comércio varejista de gás liqüefeito de petróleo (GLP);"G - Comércio; reparação de veículos";Sebastião Barros;Baixo-Baixo;0,001;False;0,0;;True;False
Comércio varejista de gás liqüefeito de petróleo (GLP);"G - Comércio; reparação de veículos";Simplício Mendes;Baixo-Baixo;0,001;False;0,0;T7;True;False
Comércio varejista de gás liqüefeito de petróleo (GLP);"G - Comércio; reparação de veículos";Teresina;Alto-Alto;0,003;True;388,5102;T1;True;True
Comércio varejista de gás liqüefeito de petróleo (GLP);"G - Comércio; reparação de veículos";União;Alto-Alto;0,001;True;2,328;T1,T7;True;True
Comércio varejista de gás liqüefeito de petróleo (GLP);"G - Comércio; reparação de veículos";Várzea Grande;Baixo-Baixo;0,001;False;0,0;;True;False
Comércio varejista de gás liqüefeito de petróleo (GLP);"G - Comércio; reparação de veículos";Vera Mendes;Baixo-Baixo;0,001;False;0,0;;True;False
Comércio varejista de gás liqüefeito de petróleo (GLP);"G - Comércio; reparação de veículos";Wall Ferraz;Baixo-Baixo;0,001;False;0,0;T7;True;False
Comércio varejista de hortifrutigranjeiros;"G - Comércio; reparação de veículos";Altos;Baixo-Alto;0,027;False;0,0;T7;False;True
Comércio varejista de hortifrutigranjeiros;"G - Comércio; reparação de veículos";Alvorada do Gurguéia;Baixo-Alto;0,044;False;0,0;;False;False
Comércio varejista de hortifrutigranjeiros;"G - Comércio; reparação de veículos";Amarante;Baixo-Alto;0,045;False;0,0;;False;False
Comércio varejista de hortifrutigranjeiros;"G - Comércio; reparação de veículos";Baixa Grande do Ribeiro;Baixo-Alto;0,037;False;0,0;;False;False
Comércio varejista de hortifrutigranjeiros;"G - Comércio; reparação de veículos";Capitão de Campos;Baixo-Alto;0,026;False;0,0;;False;False
Comércio varejista de hortifrutigranjeiros;"G - Comércio; reparação de veículos";Demerval Lobão;Alto-Alto;0,036;True;2,4642;T1,T7;False;False
Comércio varejista de hortifrutigranjeiros;"G - Comércio; reparação de veículos";Domingos Mourão;Baixo-Alto;0,01;False;0,0;;False;True
Comércio varejista de hortifrutigranjeiros;"G - Comércio; reparação de veículos";Guaribas;Baixo-Alto;0,027;False;0,0;;False;False
Comércio varejista de hortifrutigranjeiros;"G - Comércio; reparação de veículos";Inhuma;Baixo-Alto;0,02;False;0,0;;False;False
Comércio varejista de hortifrutigranjeiros;"G - Comércio; reparação de veículos";Ipiranga do Piauí;Baixo-Alto;0,041;False;0,0;;False;False
Comércio varejista de hortifrutigranjeiros;"G - Comércio; reparação de veículos";Isaías Coelho;Baixo-Baixo;0,001;False;0,0;;True;False
Comércio varejista de hortifrutigranjeiros;"G - Comércio; reparação de veículos";Jerumenha;Baixo-Alto;0,041;False;0,0;T7;False;False
Comércio varejista de hortifrutigranjeiros;"G - Comércio; reparação de veículos";José de Freitas;Baixo-Alto;0,007;False;0,0;;False;False
Comércio varejista de hortifrutigranjeiros;"G - Comércio; reparação de veículos";Lagoa de São Francisco;Baixo-Alto;0,002;False;0,0;;True;False
Comércio varejista de hortifrutigranjeiros;"G - Comércio; reparação de veículos";Lagoa do Piauí;Baixo-Alto;0,022;False;0,0;;False;False
Comércio varejista de hortifrutigranjeiros;"G - Comércio; reparação de veículos";Lagoa do Sítio;Baixo-Alto;0,044;False;0,0;;False;False
Comércio varejista de hortifrutigranjeiros;"G - Comércio; reparação de veículos";Monte Alegre do Piauí;Alto-Alto;0,035;True;3,2051;T1,T2;False;False
Comércio varejista de hortifrutigranjeiros;"G - Comércio; reparação de veículos";Nazária;Baixo-Alto;0,006;False;0,0;;False;False
Comércio varejista de hortifrutigranjeiros;"G - Comércio; reparação de veículos";Novo Oriente do Piauí;Baixo-Alto;0,007;False;0,0;;False;False
Comércio varejista de hortifrutigranjeiros;"G - Comércio; reparação de veículos";Oeiras;Alto-Baixo;0,001;True;22,0204;T1,T8;True;False
Comércio varejista de hortifrutigranjeiros;"G - Comércio; reparação de veículos";Passagem Franca do Piauí;Baixo-Baixo;0,001;False;0,0;T7;True;False
Comércio varejista de hortifrutigranjeiros;"G - Comércio; reparação de veículos";Patos do Piauí;Baixo-Baixo;0,001;False;0,0;;True;False
Comércio varejista de hortifrutigranjeiros;"G - Comércio; reparação de veículos";Pau D'Arco do Piauí;Baixo-Alto;0,038;False;0,0;;False;False
Comércio varejista de hortifrutigranjeiros;"G - Comércio; reparação de veículos";Piripiri;Alto-Alto;0,031;True;21,7738;T1,T7;False;False
Comércio varejista de hortifrutigranjeiros;"G - Comércio; reparação de veículos";Regeneração;Alto-Baixo;0,001;True;14,2894;T1;True;False
Comércio varejista de hortifrutigranjeiros;"G - Comércio; reparação de veículos";São João da Serra;Alto-Baixo;0,001;True;1,8373;T2;True;False
Comércio varejista de hortifrutigranjeiros;"G - Comércio; reparação de veículos";São Pedro do Piauí;Baixo-Baixo;0,001;False;0,0;;True;False
Comércio varejista de hortifrutigranjeiros;"G - Comércio; reparação de veículos";Tanque do Piauí;Baixo-Alto;0,045;False;0,0;;False;False
Comércio varejista de hortifrutigranjeiros;"G - Comércio; reparação de veículos";União;Alto-Alto;0,026;True;11,4946;T1,T7;False;False
Comércio varejista de madeira e artefatos;"G - Comércio; reparação de veículos";Acauã;Baixo-Alto;0,022;False;0,0;;False;False
Comércio varejista de madeira e artefatos;"G - Comércio; reparação de veículos";Água Branca;Alto-Baixo;0,001;True;7,2971;T1,T3;True;False
Comércio varejista de madeira e artefatos;"G - Comércio; reparação de veículos";Alegrete do Piauí;Baixo-Baixo;0,001;False;0,0;;True;False
Comércio varejista de madeira e artefatos;"G - Comércio; reparação de veículos";Altos;Baixo-Alto;0,005;False;0,0;T7;True;True
Comércio varejista de madeira e artefatos;"G - Comércio; reparação de veículos";Amarante;Baixo-Baixo;0,001;False;0,0;T8;True;False
Comércio varejista de madeira e artefatos;"G - Comércio; reparação de veículos";Arraial;Baixo-Baixo;0,001;False;0,0;;True;False
Comércio varejista de madeira e artefatos;"G - Comércio; reparação de veículos";Batalha;Baixo-Alto;0,026;False;0,0;T7;False;False
Comércio varejista de madeira e artefatos;"G - Comércio; reparação de veículos";Belém do Piauí;Baixo-Baixo;0,001;False;0,0;;True;False
Comércio varejista de madeira e artefatos;"G - Comércio; reparação de veículos";Boa Hora;Baixo-Alto;0,021;False;0,0;;False;False
Comércio varejista de madeira e artefatos;"G - Comércio; reparação de veículos";Cabeceiras do Piauí;Baixo-Alto;0,029;False;0,0;;False;False
Comércio varejista de madeira e artefatos;"G - Comércio; reparação de veículos";Campo Alegre do Fidalgo;Baixo-Baixo;0,001;False;0,0;;True;False
Comércio varejista de madeira e artefatos;"G - Comércio; reparação de veículos";Campo Grande do Piauí;Baixo-Baixo;0,001;False;0,0;;True;False
Comércio varejista de madeira e artefatos;"G - Comércio; reparação de veículos";Caraúbas do Piauí;Baixo-Baixo;0,001;False;0,0;;True;False
Comércio varejista de madeira e artefatos;"G - Comércio; reparação de veículos";Castelo do Piauí;Baixo-Baixo;0,001;False;0,0;T7;True;False
Comércio varejista de madeira e artefatos;"G - Comércio; reparação de veículos";Cocal;Baixo-Baixo;0,001;False;0,0;;True;False
Comércio varejista de madeira e artefatos;"G - Comércio; reparação de veículos";Colônia do Gurguéia;Baixo-Alto;0,049;False;0,0;T7;False;False
Comércio varejista de madeira e artefatos;"G - Comércio; reparação de veículos";Conceição do Canindé;Baixo-Baixo;0,001;False;0,0;;True;False
Comércio varejista de madeira e artefatos;"G - Comércio; reparação de veículos";Curimatá;Baixo-Baixo;0,001;False;0,0;;True;False
Comércio varejista de madeira e artefatos;"G - Comércio; reparação de veículos";Curralinhos;Baixo-Alto;0,032;False;0,0;;False;False
Comércio varejista de madeira e artefatos;"G - Comércio; reparação de veículos";Demerval Lobão;Baixo-Alto;0,026;False;0,0;T3,T7;False;False
Comércio varejista de madeira e artefatos;"G - Comércio; reparação de veículos";Domingos Mourão;Baixo-Alto;0,033;False;0,0;;False;False
Comércio varejista de madeira e artefatos;"G - Comércio; reparação de veículos";Floriano;Baixo-Baixo;0,001;False;0,0;T3,T7;True;False
Comércio varejista de madeira e artefatos;"G - Comércio; reparação de veículos";Ilha Grande;Baixo-Alto;0,01;False;0,0;;False;False
Comércio varejista de madeira e artefatos;"G - Comércio; reparação de veículos";Inhuma;Baixo-Alto;0,022;False;0,0;T7;False;False
Comércio varejista de madeira e artefatos;"G - Comércio; reparação de veículos";Ipiranga do Piauí;Baixo-Alto;0,035;False;0,0;;False;False
Comércio varejista de madeira e artefatos;"G - Comércio; reparação de veículos";Jerumenha;Baixo-Baixo;0,001;False;0,0;;True;False
Comércio varejista de madeira e artefatos;"G - Comércio; reparação de veículos";João Costa;Baixo-Baixo;0,001;False;0,0;;True;False
Comércio varejista de madeira e artefatos;"G - Comércio; reparação de veículos";José de Freitas;Alto-Alto;0,002;True;1,5041;T3,T7,T8;True;False
Comércio varejista de madeira e artefatos;"G - Comércio; reparação de veículos";Lagoa Alegre;Baixo-Alto;0,033;False;0,0;T7;False;True
Comércio varejista de madeira e artefatos;"G - Comércio; reparação de veículos";Lagoa de São Francisco;Baixo-Alto;0,016;False;0,0;;False;False
Comércio varejista de madeira e artefatos;"G - Comércio; reparação de veículos";Lagoa do Piauí;Baixo-Alto;0,034;False;0,0;;False;False
Comércio varejista de madeira e artefatos;"G - Comércio; reparação de veículos";Landri Sales;Baixo-Baixo;0,001;False;0,0;;True;False
Comércio varejista de madeira e artefatos;"G - Comércio; reparação de veículos";Luzilândia;Baixo-Baixo;0,001;False;0,0;T8;True;False
Comércio varejista de madeira e artefatos;"G - Comércio; reparação de veículos";Miguel Alves;Baixo-Alto;0,023;False;0,0;T7;False;False
Comércio varejista de madeira e artefatos;"G - Comércio; reparação de veículos";Miguel Leão;Baixo-Baixo;0,001;False;0,0;;True;False
Comércio varejista de madeira e artefatos;"G - Comércio; reparação de veículos";Nazária;Baixo-Alto;0,013;False;0,0;T7;False;False
Comércio varejista de madeira e artefatos;"G - Comércio; reparação de veículos";Novo Oriente do Piauí;Baixo-Alto;0,012;False;0,0;;True;False
Comércio varejista de madeira e artefatos;"G - Comércio; reparação de veículos";Oeiras;Alto-Baixo;0,001;True;28,4435;T1,T2,T3;True;False
Comércio varejista de madeira e artefatos;"G - Comércio; reparação de veículos";Padre Marcos;Baixo-Baixo;0,001;False;0,0;;True;False
Comércio varejista de madeira e artefatos;"G - Comércio; reparação de veículos";Palmeirais;Baixo-Alto;0,031;False;0,0;;False;False
Comércio varejista de madeira e artefatos;"G - Comércio; reparação de veículos";Parnaíba;Alto-Baixo;0,001;True;21,8779;T1,T7;True;False
Comércio varejista de madeira e artefatos;"G - Comércio; reparação de veículos";Pau D'Arco do Piauí;Baixo-Alto;0,03;False;0,0;;False;False
Comércio varejista de madeira e artefatos;"G - Comércio; reparação de veículos";Pio IX;Baixo-Baixo;0,001;False;0,0;;True;False
Comércio varejista de madeira e artefatos;"G - Comércio; reparação de veículos";Santa Rosa do Piauí;Baixo-Alto;0,034;False;0,0;;False;False
Comércio varejista de madeira e artefatos;"G - Comércio; reparação de veículos";Santo Antônio de Lisboa;Baixo-Baixo;0,001;False;0,0;T7;True;False
Comércio varejista de madeira e artefatos;"G - Comércio; reparação de veículos";Santo Inácio do Piauí;Baixo-Baixo;0,001;False;0,0;;True;False
Comércio varejista de madeira e artefatos;"G - Comércio; reparação de veículos";São Francisco do Piauí;Baixo-Alto;0,037;False;0,0;;False;False
Comércio varejista de madeira e artefatos;"G - Comércio; reparação de veículos";São João da Canabrava;Baixo-Baixo;0,001;False;0,0;;True;False
Comércio varejista de madeira e artefatos;"G - Comércio; reparação de veículos";São José do Piauí;Baixo-Baixo;0,001;False;0,0;T7;True;False
Comércio varejista de madeira e artefatos;"G - Comércio; reparação de veículos";São Miguel da Baixa Grande;Baixo-Baixo;0,001;False;0,0;;True;False
Comércio varejista de madeira e artefatos;"G - Comércio; reparação de veículos";São Miguel do Fidalgo;Baixo-Baixo;0,001;False;0,0;;True;False
Comércio varejista de madeira e artefatos;"G - Comércio; reparação de veículos";Sebastião Leal;Baixo-Baixo;0,001;False;0,0;;True;False
Comércio varejista de madeira e artefatos;"G - Comércio; reparação de veículos";Simões;Baixo-Baixo;0,001;False;0,0;T7;True;False
Comércio varejista de madeira e artefatos;"G - Comércio; reparação de veículos";Socorro do Piauí;Baixo-Baixo;0,001;False;0,0;;True;False
Comércio varejista de madeira e artefatos;"G - Comércio; reparação de veículos";União;Alto-Alto;0,004;True;14,3557;T1;True;True
Comércio varejista de madeira e artefatos;"G - Comércio; reparação de veículos";Valença do Piauí;Alto-Baixo;0,001;True;16,3933;T1,T3;True;False
Comércio varejista de madeira e artefatos;"G - Comércio; reparação de veículos";Várzea Grande;Baixo-Alto;0,031;False;0,0;;False;False
Comércio varejista de madeira e artefatos;"G - Comércio; reparação de veículos";Vila Nova do Piauí;Baixo-Baixo;0,001;False;0,0;;True;False
Comércio varejista de materiais de construção em geral;"G - Comércio; reparação de veículos";Alvorada do Gurguéia;Baixo-Alto;0,04;False;0,0;;False;False
Comércio varejista de materiais de construção em geral;"G - Comércio; reparação de veículos";Anísio de Abreu;Alto-Baixo;0,001;True;9,479;T1,T3;True;False
Comércio varejista de materiais de construção em geral;"G - Comércio; reparação de veículos";Barras;Alto-Alto;0,034;True;89,1143;T1,T6;False;False
Comércio varejista de materiais de construção em geral;"G - Comércio; reparação de veículos";Batalha;Alto-Alto;0,003;True;17,8183;T1,T7;False;False
Comércio varejista de materiais de construção em geral;"G - Comércio; reparação de veículos";Boa Hora;Baixo-Alto;0,018;False;0,0;T3,T8;False;False
Comércio varejista de materiais de construção em geral;"G - Comércio; reparação de veículos";Bom Princípio do Piauí;Alto-Alto;0,025;True;2,3302;T1;False;False
Comércio varejista de materiais de construção em geral;"G - Comércio; reparação de veículos";Brasileira;Baixo-Alto;0,049;True;0,2092;T3;False;False
Comércio varejista de materiais de construção em geral;"G - Comércio; reparação de veículos";Cabeceiras do Piauí;Alto-Alto;0,034;True;2,5333;T1,T3;False;False
Comércio varejista de materiais de construção em geral;"G - Comércio; reparação de veículos";Cajueiro da Praia;Alto-Alto;0,049;True;3,718;T1,T3,T7;False;False
Comércio varejista de materiais de construção em geral;"G - Comércio; reparação de veículos";Coivaras;Baixo-Alto;0,024;True;0,5496;T2,T8;False;False
Comércio varejista de materiais de construção em geral;"G - Comércio; reparação de veículos";Ilha Grande;Baixo-Alto;0,009;False;0,0;T3,T7;False;True
Comércio varejista de materiais de construção em geral;"G - Comércio; reparação de veículos";Inhuma;Alto-Alto;0,025;True;16,5467;T1,T7;False;False
Comércio varejista de materiais de construção em geral;"G - Comércio; reparação de veículos";Ipiranga do Piauí;Alto-Alto;0,03;True;9,9891;T2;False;False
Comércio varejista de materiais de construção em geral;"G - Comércio; reparação de veículos";Isaías Coelho;Alto-Baixo;0,028;True;14,3182;T1;False;False
Comércio varejista de materiais de construção em geral;"G - Comércio; reparação de veículos";Jaicós;Baixo-Baixo;0,019;False;0,0;T7;False;True
Comércio varejista de materiais de construção em geral;"G - Comércio; reparação de veículos";Jatobá do Piauí;Baixo-Alto;0,023;False;0,0;T7;False;False
Comércio varejista de materiais de construção em geral;"G - Comércio; reparação de veículos";José de Freitas;Alto-Alto;0,03;True;71,136;T1,T2,T3;False;False
Comércio varejista de materiais de construção em geral;"G - Comércio; reparação de veículos";Lagoa Alegre;Baixo-Alto;0,003;False;0,0;T7;False;True
Comércio varejista de materiais de construção em geral;"G - Comércio; reparação de veículos";Nossa Senhora dos Remédios;Baixo-Alto;0,016;False;0,0;T7;False;False
Comércio varejista de materiais de construção em geral;"G - Comércio; reparação de veículos";Novo Oriente do Piauí;Alto-Alto;0,006;True;5,7144;T1,T2;False;False
Comércio varejista de materiais de construção em geral;"G - Comércio; reparação de veículos";Novo Santo Antônio;Baixo-Alto;0,046;False;0,0;T3,T8;False;False
Comércio varejista de materiais de construção em geral;"G - Comércio; reparação de veículos";Pau D'Arco do Piauí;Baixo-Alto;0,043;False;0,0;;False;False
Comércio varejista de materiais de construção em geral;"G - Comércio; reparação de veículos";Ribeiro Gonçalves;Baixo-Alto;0,003;False;0,0;T3,T7;False;False
Comércio varejista de materiais de construção em geral;"G - Comércio; reparação de veículos";São Raimundo Nonato;Baixo-Baixo;0,003;False;0,0;T3;False;False
Comércio varejista de materiais de construção em geral;"G - Comércio; reparação de veículos";Simplício Mendes;Baixo-Baixo;0,029;False;0,0;T3,T7;False;False
Comércio varejista de materiais de construção em geral;"G - Comércio; reparação de veículos";Teresina;Baixo-Alto;0,007;False;0,0;T7;False;True
Comércio varejista de materiais de construção não especificados anteriormente;"G - Comércio; reparação de veículos";Acauã;Baixo-Baixo;0,001;False;0,0;;True;False
Comércio varejista de materiais de construção não especificados anteriormente;"G - Comércio; reparação de veículos";Agricolândia;Baixo-Baixo;0,001;False;0,0;;True;False
Comércio varejista de materiais de construção não especificados anteriormente;"G - Comércio; reparação de veículos";Água Branca;Baixo-Baixo;0,001;False;0,0;T7;True;False
Comércio varejista de materiais de construção não especificados anteriormente;"G - Comércio; reparação de veículos";Alagoinha do Piauí;Baixo-Baixo;0,001;False;0,0;T7;True;False
Comércio varejista de materiais de construção não especificados anteriormente;"G - Comércio; reparação de veículos";Alegrete do Piauí;Baixo-Baixo;0,001;False;0,0;;True;False
Comércio varejista de materiais de construção não especificados anteriormente;"G - Comércio; reparação de veículos";Anísio de Abreu;Baixo-Baixo;0,001;False;0,0;;True;False
Comércio varejista de materiais de construção não especificados anteriormente;"G - Comércio; reparação de veículos";Antônio Almeida;Baixo-Baixo;0,001;False;0,0;;True;True
Comércio varejista de materiais de construção não especificados anteriormente;"G - Comércio; reparação de veículos";Aroeiras do Itaim;Baixo-Baixo;0,001;False;0,0;;True;False
Comércio varejista de materiais de construção não especificados anteriormente;"G - Comércio; reparação de veículos";Arraial;Baixo-Baixo;0,001;False;0,0;;True;False
Comércio varejista de materiais de construção não especificados anteriormente;"G - Comércio; reparação de veículos";Assunção do Piauí;Baixo-Baixo;0,001;False;0,0;;True;True
Comércio varejista de materiais de construção não especificados anteriormente;"G - Comércio; reparação de veículos";Avelino Lopes;Baixo-Baixo;0,001;False;0,0;;True;True
Comércio varejista de materiais de construção não especificados anteriormente;"G - Comércio; reparação de veículos";Barra D'Alcântara;Baixo-Alto;0,01;False;0,0;T7;True;False
Comércio varejista de materiais de construção não especificados anteriormente;"G - Comércio; reparação de veículos";Barreiras do Piauí;Baixo-Baixo;0,001;False;0,0;;True;False
Comércio varejista de materiais de construção não especificados anteriormente;"G - Comércio; reparação de veículos";Barro Duro;Baixo-Baixo;0,001;False;0,0;;True;False
Comércio varejista de materiais de construção não especificados anteriormente;"G - Comércio; reparação de veículos";Bela Vista do Piauí;Baixo-Baixo;0,001;False;0,0;;True;False
Comércio varejista de materiais de construção não especificados anteriormente;"G - Comércio; reparação de veículos";Bertolínia;Baixo-Baixo;0,001;False;0,0;;True;False
Comércio varejista de materiais de construção não especificados anteriormente;"G - Comércio; reparação de veículos";Betânia do Piauí;Baixo-Baixo;0,001;False;0,0;;True;True
Comércio varejista de materiais de construção não especificados anteriormente;"G - Comércio; reparação de veículos";Boa Hora;Baixo-Alto;0,033;False;0,0;;False;False
Comércio varejista de materiais de construção não especificados anteriormente;"G - Comércio; reparação de veículos";Bom Princípio do Piauí;Baixo-Baixo;0,001;False;0,0;;True;True
Comércio varejista de materiais de construção não especificados anteriormente;"G - Comércio; reparação de veículos";Brasileira;Baixo-Baixo;0,001;False;0,0;;True;False
Comércio varejista de materiais de construção não especificados anteriormente;"G - Comércio; reparação de veículos";Buriti dos Lopes;Baixo-Baixo;0,001;False;0,0;;True;False
Comércio varejista de materiais de construção não especificados anteriormente;"G - Comércio; reparação de veículos";Buriti dos Montes;Baixo-Baixo;0,001;False;0,0;T7;True;True
Comércio varejista de materiais de construção não especificados anteriormente;"G - Comércio; reparação de veículos";Cajazeiras do Piauí;Baixo-Alto;0,014;False;0,0;;True;False
Comércio varejista de materiais de construção não especificados anteriormente;"G - Comércio; reparação de veículos";Cajueiro da Praia;Baixo-Baixo;0,001;False;0,0;;True;False
Comércio varejista de materiais de construção não especificados anteriormente;"G - Comércio; reparação de veículos";Caldeirão Grande do Piauí;Baixo-Baixo;0,001;False;0,0;T8;True;False
Comércio varejista de materiais de construção não especificados anteriormente;"G - Comércio; reparação de veículos";Campinas do Piauí;Baixo-Baixo;0,001;False;0,0;;True;False
Comércio varejista de materiais de construção não especificados anteriormente;"G - Comércio; reparação de veículos";Campo Alegre do Fidalgo;Baixo-Baixo;0,001;False;0,0;;True;True
Comércio varejista de materiais de construção não especificados anteriormente;"G - Comércio; reparação de veículos";Campo Maior;Alto-Baixo;0,001;True;3,8363;T3;True;False
Comércio varejista de materiais de construção não especificados anteriormente;"G - Comércio; reparação de veículos";Canto do Buriti;Alto-Baixo;0,001;True;7,6433;T1;True;True
Comércio varejista de materiais de construção não especificados anteriormente;"G - Comércio; reparação de veículos";Capitão de Campos;Alto-Baixo;0,001;True;15,9322;T1,T2;True;False
Comércio varejista de materiais de construção não especificados anteriormente;"G - Comércio; reparação de veículos";Capitão Gervásio Oliveira;Baixo-Baixo;0,001;False;0,0;;True;False
Comércio varejista de materiais de construção não especificados anteriormente;"G - Comércio; reparação de veículos";Caraúbas do Piauí;Baixo-Baixo;0,001;False;0,0;;True;False
Comércio varejista de materiais de construção não especificados anteriormente;"G - Comércio; reparação de veículos";Caridade do Piauí;Baixo-Baixo;0,001;False;0,0;;True;False
Comércio varejista de materiais de construção não especificados anteriormente;"G - Comércio; reparação de veículos";Castelo do Piauí;Baixo-Baixo;0,001;False;0,0;T7,T8;True;False
Comércio varejista de materiais de construção não especificados anteriormente;"G - Comércio; reparação de veículos";Caxingó;Baixo-Baixo;0,001;False;0,0;;True;False
Comércio varejista de materiais de construção não especificados anteriormente;"G - Comércio; reparação de veículos";Cocal;Baixo-Baixo;0,001;False;0,0;T7;True;False
Comércio varejista de materiais de construção não especificados anteriormente;"G - Comércio; reparação de veículos";Cocal de Telha;Baixo-Alto;0,014;False;0,0;;True;False
Comércio varejista de materiais de construção não especificados anteriormente;"G - Comércio; reparação de veículos";Cocal dos Alves;Baixo-Baixo;0,001;False;0,0;;True;True
Comércio varejista de materiais de construção não especificados anteriormente;"G - Comércio; reparação de veículos";Colônia do Piauí;Baixo-Alto;0,04;False;0,0;;False;True
Comércio varejista de materiais de construção não especificados anteriormente;"G - Comércio; reparação de veículos";Conceição do Canindé;Baixo-Baixo;0,001;False;0,0;;True;False
Comércio varejista de materiais de construção não especificados anteriormente;"G - Comércio; reparação de veículos";Corrente;Alto-Baixo;0,001;True;10,765;T1,T3,T7;True;True
Comércio varejista de materiais de construção não especificados anteriormente;"G - Comércio; reparação de veículos";Cristalândia do Piauí;Baixo-Alto;0,039;False;0,0;T7;False;False
Comércio varejista de materiais de construção não especificados anteriormente;"G - Comércio; reparação de veículos";Cristino Castro;Baixo-Baixo;0,001;False;0,0;;True;False
Comércio varejista de materiais de construção não especificados anteriormente;"G - Comércio; reparação de veículos";Curimatá;Baixo-Baixo;0,001;False;0,0;T7;True;True
Comércio varejista de materiais de construção não especificados anteriormente;"G - Comércio; reparação de veículos";Curral Novo do Piauí;Baixo-Baixo;0,001;False;0,0;;True;False
Comércio varejista de materiais de construção não especificados anteriormente;"G - Comércio; reparação de veículos";Curralinhos;Baixo-Baixo;0,001;False;0,0;;True;False
Comércio varejista de materiais de construção não especificados anteriormente;"G - Comércio; reparação de veículos";Demerval Lobão;Baixo-Baixo;0,001;False;0,0;T7;True;False
Comércio varejista de materiais de construção não especificados anteriormente;"G - Comércio; reparação de veículos";Dom Inocêncio;Baixo-Baixo;0,001;False;0,0;;True;False
Comércio varejista de materiais de construção não especificados anteriormente;"G - Comércio; reparação de veículos";Domingos Mourão;Baixo-Baixo;0,001;False;0,0;;True;False
Comércio varejista de materiais de construção não especificados anteriormente;"G - Comércio; reparação de veículos";Elesbão Veloso;Alto-Baixo;0,001;True;0,3034;T4,T7;True;True
Comércio varejista de materiais de construção não especificados anteriormente;"G - Comércio; reparação de veículos";Flores do Piauí;Baixo-Baixo;0,001;False;0,0;;True;False
Comércio varejista de materiais de construção não especificados anteriormente;"G - Comércio; reparação de veículos";Floresta do Piauí;Baixo-Baixo;0,001;False;0,0;;True;False
Comércio varejista de materiais de construção não especificados anteriormente;"G - Comércio; reparação de veículos";Floriano;Alto-Baixo;0,001;True;17,3805;T1,T3,T7;True;False
Comércio varejista de materiais de construção não especificados anteriormente;"G - Comércio; reparação de veículos";Francisco Ayres;Baixo-Alto;0,029;False;0,0;;False;False
Comércio varejista de materiais de construção não especificados anteriormente;"G - Comércio; reparação de veículos";Francisco Macedo;Baixo-Baixo;0,001;False;0,0;;True;False
Comércio varejista de materiais de construção não especificados anteriormente;"G - Comércio; reparação de veículos";Fronteiras;Baixo-Baixo;0,001;False;0,0;T7;True;False
Comércio varejista de materiais de construção não especificados anteriormente;"G - Comércio; reparação de veículos";Guadalupe;Baixo-Baixo;0,001;False;0,0;T7,T8;True;False
Comércio varejista de materiais de construção não especificados anteriormente;"G - Comércio; reparação de veículos";Hugo Napoleão;Baixo-Baixo;0,001;False;0,0;;True;False
Comércio varejista de materiais de construção não especificados anteriormente;"G - Comércio; reparação de veículos";Ilha Grande;Baixo-Baixo;0,001;False;0,0;T3;True;True
Comércio varejista de materiais de construção não especificados anteriormente;"G - Comércio; reparação de veículos";Inhuma;Baixo-Alto;0,001;False;0,0;T7;True;False
Comércio varejista de materiais de construção não especificados anteriormente;"G - Comércio; reparação de veículos";Ipiranga do Piauí;Alto-Alto;0,048;True;12,6806;T2,T4;False;False
Comércio varejista de materiais de construção não especificados anteriormente;"G - Comércio; reparação de veículos";Jacobina do Piauí;Baixo-Baixo;0,001;False;0,0;T7;True;False
Comércio varejista de materiais de construção não especificados anteriormente;"G - Comércio; reparação de veículos";Jatobá do Piauí;Baixo-Alto;0,009;False;0,0;;True;False
Comércio varejista de materiais de construção não especificados anteriormente;"G - Comércio; reparação de veículos";Joca Marques;Baixo-Baixo;0,001;False;0,0;;True;False
Comércio varejista de materiais de construção não especificados anteriormente;"G - Comércio; reparação de veículos";Juazeiro do Piauí;Baixo-Baixo;0,001;False;0,0;;True;False
Comércio varejista de materiais de construção não especificados anteriormente;"G - Comércio; reparação de veículos";Júlio Borges;Baixo-Baixo;0,001;False;0,0;;True;True
Comércio varejista de materiais de construção não especificados anteriormente;"G - Comércio; reparação de veículos";Jurema;Baixo-Baixo;0,001;False;0,0;;True;False
Comércio varejista de materiais de construção não especificados anteriormente;"G - Comércio; reparação de veículos";Lagoa Alegre;Baixo-Baixo;0,001;False;0,0;;True;False
Comércio varejista de materiais de construção não especificados anteriormente;"G - Comércio; reparação de veículos";Lagoa de São Francisco;Baixo-Baixo;0,001;False;0,0;T7,T8;True;False
Comércio varejista de materiais de construção não especificados anteriormente;"G - Comércio; reparação de veículos";Lagoa do Barro do Piauí;Baixo-Baixo;0,001;False;0,0;;True;True
Comércio varejista de materiais de construção não especificados anteriormente;"G - Comércio; reparação de veículos";Lagoa do Piauí;Baixo-Baixo;0,001;False;0,0;;True;False
Comércio varejista de materiais de construção não especificados anteriormente;"G - Comércio; reparação de veículos";Lagoinha do Piauí;Baixo-Baixo;0,001;False;0,0;;True;False
Comércio varejista de materiais de construção não especificados anteriormente;"G - Comércio; reparação de veículos";Landri Sales;Baixo-Baixo;0,001;False;0,0;;True;False
Comércio varejista de materiais de construção não especificados anteriormente;"G - Comércio; reparação de veículos";Luís Correia;Baixo-Baixo;0,001;False;0,0;T8;True;True
Comércio varejista de materiais de construção não especificados anteriormente;"G - Comércio; reparação de veículos";Luzilândia;Baixo-Baixo;0,001;False;0,0;T8;True;False
Comércio varejista de materiais de construção não especificados anteriormente;"G - Comércio; reparação de veículos";Madeiro;Baixo-Baixo;0,001;False;0,0;;True;False
Comércio varejista de materiais de construção não especificados anteriormente;"G - Comércio; reparação de veículos";Manoel Emídio;Baixo-Baixo;0,001;False;0,0;;True;False
Comércio varejista de materiais de construção não especificados anteriormente;"G - Comércio; reparação de veículos";Marcolândia;Baixo-Baixo;0,001;False;0,0;;True;False
Comércio varejista de materiais de construção não especificados anteriormente;"G - Comércio; reparação de veículos";Marcos Parente;Baixo-Baixo;0,001;False;0,0;;True;True
Comércio varejista de materiais de construção não especificados anteriormente;"G - Comércio; reparação de veículos";Miguel Leão;Baixo-Baixo;0,001;False;0,0;;True;False
Comércio varejista de materiais de construção não especificados anteriormente;"G - Comércio; reparação de veículos";Milton Brandão;Baixo-Baixo;0,001;False;0,0;;True;False
Comércio varejista de materiais de construção não especificados anteriormente;"G - Comércio; reparação de veículos";Monsenhor Hipólito;Baixo-Baixo;0,001;False;0,0;;True;False
Comércio varejista de materiais de construção não especificados anteriormente;"G - Comércio; reparação de veículos";Morro do Chapéu do Piauí;Baixo-Baixo;0,001;False;0,0;;True;False
Comércio varejista de materiais de construção não especificados anteriormente;"G - Comércio; reparação de veículos";Murici dos Portelas;Baixo-Baixo;0,001;False;0,0;;True;False
Comércio varejista de materiais de construção não especificados anteriormente;"G - Comércio; reparação de veículos";Nazaré do Piauí;Baixo-Alto;0,002;False;0,0;;True;True
Comércio varejista de materiais de construção não especificados anteriormente;"G - Comércio; reparação de veículos";Nazária;Baixo-Baixo;0,001;False;0,0;;True;False
Comércio varejista de materiais de construção não especificados anteriormente;"G - Comércio; reparação de veículos";Nova Santa Rita;Baixo-Baixo;0,001;False;0,0;T8;True;True
Comércio varejista de materiais de construção não especificados anteriormente;"G - Comércio; reparação de veículos";Novo Oriente do Piauí;Baixo-Alto;0,016;False;0,0;;True;False
Comércio varejista de materiais de construção não especificados anteriormente;"G - Comércio; reparação de veículos";Padre Marcos;Baixo-Baixo;0,001;False;0,0;T7;True;False
Comércio varejista de materiais de construção não especificados anteriormente;"G - Comércio; reparação de veículos";Paes Landim;Baixo-Baixo;0,001;False;0,0;;True;False
Comércio varejista de materiais de construção não especificados anteriormente;"G - Comércio; reparação de veículos";Palmeira do Piauí;Baixo-Baixo;0,001;False;0,0;;True;True
Comércio varejista de materiais de construção não especificados anteriormente;"G - Comércio; reparação de veículos";Palmeirais;Baixo-Baixo;0,001;False;0,0;T7;True;False
Comércio varejista de materiais de construção não especificados anteriormente;"G - Comércio; reparação de veículos";Paquetá;Baixo-Baixo;0,001;False;0,0;;True;False
Comércio varejista de materiais de construção não especificados anteriormente;"G - Comércio; reparação de veículos";Parnaíba;Baixo-Baixo;0,001;False;0,0;T3,T7;True;False
Comércio varejista de materiais de construção não especificados anteriormente;"G - Comércio; reparação de veículos";Pau D'Arco do Piauí;Baixo-Baixo;0,001;False;0,0;;True;False
Comércio varejista de materiais de construção não especificados anteriormente;"G - Comércio; reparação de veículos";Paulistana;Baixo-Baixo;0,001;False;0,0;T7;True;False
Comércio varejista de materiais de construção não especificados anteriormente;"G - Comércio; reparação de veículos";Pedro Laurentino;Baixo-Baixo;0,001;False;0,0;T7;True;True
Comércio varejista de materiais de construção não especificados anteriormente;"G - Comércio; reparação de veículos";Pio IX;Baixo-Baixo;0,001;False;0,0;;True;False
Comércio varejista de materiais de construção não especificados anteriormente;"G - Comércio; reparação de veículos";Porto Alegre do Piauí;Baixo-Baixo;0,001;False;0,0;;True;True
Comércio varejista de materiais de construção não especificados anteriormente;"G - Comércio; reparação de veículos";Prata do Piauí;Baixo-Baixo;0,001;False;0,0;;True;False
Comércio varejista de materiais de construção não especificados anteriormente;"G - Comércio; reparação de veículos";Queimada Nova;Baixo-Baixo;0,001;False;0,0;;True;True
Comércio varejista de materiais de construção não especificados anteriormente;"G - Comércio; reparação de veículos";Ribeiro Gonçalves;Baixo-Baixo;0,001;False;0,0;T7,T8;True;True
Comércio varejista de materiais de construção não especificados anteriormente;"G - Comércio; reparação de veículos";Santa Cruz do Piauí;Baixo-Alto;0,044;False;0,0;;False;False
Comércio varejista de materiais de construção não especificados anteriormente;"G - Comércio; reparação de veículos";Santa Filomena;Baixo-Baixo;0,001;False;0,0;;True;True
Comércio varejista de materiais de construção não especificados anteriormente;"G - Comércio; reparação de veículos";Santa Rosa do Piauí;Baixo-Alto;0,007;False;0,0;;True;False
Comércio varejista de materiais de construção não especificados anteriormente;"G - Comércio; reparação de veículos";Santo Antônio de Lisboa;Baixo-Baixo;0,001;False;0,0;T3;True;False
Comércio varejista de materiais de construção não especificados anteriormente;"G - Comércio; reparação de veículos";Santo Antônio dos Milagres;Baixo-Baixo;0,001;False;0,0;;True;False
Comércio varejista de materiais de construção não especificados anteriormente;"G - Comércio; reparação de veículos";Santo Inácio do Piauí;Baixo-Baixo;0,001;False;0,0;;True;False
Comércio varejista de materiais de construção não especificados anteriormente;"G - Comércio; reparação de veículos";São Francisco do Piauí;Baixo-Alto;0,01;False;0,0;;True;True
Comércio varejista de materiais de construção não especificados anteriormente;"G - Comércio; reparação de veículos";São Gonçalo do Piauí;Baixo-Baixo;0,001;False;0,0;;True;False
Comércio varejista de materiais de construção não especificados anteriormente;"G - Comércio; reparação de veículos";São João da Canabrava;Alto-Baixo;0,001;True;3,2981;T2;True;False
Comércio varejista de materiais de construção não especificados anteriormente;"G - Comércio; reparação de veículos";São João da Fronteira;Baixo-Baixo;0,001;False;0,0;;True;False
Comércio varejista de materiais de construção não especificados anteriormente;"G - Comércio; reparação de veículos";São João da Serra;Baixo-Baixo;0,001;False;0,0;;True;False
Comércio varejista de materiais de construção não especificados anteriormente;"G - Comércio; reparação de veículos";São João da Varjota;Baixo-Alto;0,001;False;0,0;;True;True
Comércio varejista de materiais de construção não especificados anteriormente;"G - Comércio; reparação de veículos";São José do Divino;Baixo-Baixo;0,001;False;0,0;;True;False
Comércio varejista de materiais de construção não especificados anteriormente;"G - Comércio; reparação de veículos";São José do Piauí;Baixo-Alto;0,022;False;0,0;;True;False
Comércio varejista de materiais de construção não especificados anteriormente;"G - Comércio; reparação de veículos";São Julião;Baixo-Baixo;0,001;False;0,0;T7;True;False
Comércio varejista de materiais de construção não especificados anteriormente;"G - Comércio; reparação de veículos";São Miguel do Fidalgo;Baixo-Baixo;0,001;False;0,0;;True;False
Comércio varejista de materiais de construção não especificados anteriormente;"G - Comércio; reparação de veículos";Sebastião Leal;Baixo-Baixo;0,001;False;0,0;;True;True
Comércio varejista de materiais de construção não especificados anteriormente;"G - Comércio; reparação de veículos";Simões;Baixo-Baixo;0,001;False;0,0;;True;False
Comércio varejista de materiais de construção não especificados anteriormente;"G - Comércio; reparação de veículos";Socorro do Piauí;Baixo-Baixo;0,001;False;0,0;;True;False
Comércio varejista de materiais de construção não especificados anteriormente;"G - Comércio; reparação de veículos";Sussuapara;Baixo-Baixo;0,001;False;0,0;;True;False
Comércio varejista de materiais de construção não especificados anteriormente;"G - Comércio; reparação de veículos";Tanque do Piauí;Baixo-Alto;0,033;False;0,0;;True;False
Comércio varejista de materiais de construção não especificados anteriormente;"G - Comércio; reparação de veículos";União;Baixo-Baixo;0,001;False;0,0;T3,T7;True;False
Comércio varejista de materiais de construção não especificados anteriormente;"G - Comércio; reparação de veículos";Várzea Grande;Baixo-Alto;0,011;False;0,0;T7;True;False
Comércio varejista de materiais de construção não especificados anteriormente;"G - Comércio; reparação de veículos";Vera Mendes;Baixo-Baixo;0,001;False;0,0;;True;False
Comércio varejista de materiais de construção não especificados anteriormente;"G - Comércio; reparação de veículos";Vila Nova do Piauí;Baixo-Baixo;0,001;False;0,0;;True;False
Comércio varejista de materiais de construção não especificados anteriormente;"G - Comércio; reparação de veículos";Wall Ferraz;Baixo-Alto;0,019;False;0,0;;True;False
Comércio varejista de medicamentos veterinários;"G - Comércio; reparação de veículos";Agricolândia;Baixo-Baixo;0,001;False;0,0;;True;False
Comércio varejista de medicamentos veterinários;"G - Comércio; reparação de veículos";Água Branca;Alto-Baixo;0,001;True;8,5713;T1;True;False
Comércio varejista de medicamentos veterinários;"G - Comércio; reparação de veículos";Alagoinha do Piauí;Baixo-Baixo;0,001;False;0,0;T7;True;False
Comércio varejista de medicamentos veterinários;"G - Comércio; reparação de veículos";Alegrete do Piauí;Baixo-Baixo;0,001;False;0,0;;True;False
Comércio varejista de medicamentos veterinários;"G - Comércio; reparação de veículos";Altos;Baixo-Alto;0,012;False;0,0;;True;False
Comércio varejista de medicamentos veterinários;"G - Comércio; reparação de veículos";Anísio de Abreu;Baixo-Baixo;0,001;False;0,0;;True;False
Comércio varejista de medicamentos veterinários;"G - Comércio; reparação de veículos";Aroeiras do Itaim;Baixo-Alto;0,034;False;0,0;;False;False
Comércio varejista de medicamentos veterinários;"G - Comércio; reparação de veículos";Arraial;Baixo-Baixo;0,001;False;0,0;;True;False
Comércio varejista de medicamentos veterinários;"G - Comércio; reparação de veículos";Assunção do Piauí;Baixo-Baixo;0,001;False;0,0;;True;False
Comércio varejista de medicamentos veterinários;"G - Comércio; reparação de veículos";Baixa Grande do Ribeiro;Baixo-Alto;0,001;False;0,0;T7;True;False
Comércio varejista de medicamentos veterinários;"G - Comércio; reparação de veículos";Barro Duro;Baixo-Baixo;0,001;False;0,0;;True;False
Comércio varejista de medicamentos veterinários;"G - Comércio; reparação de veículos";Belém do Piauí;Baixo-Baixo;0,001;False;0,0;;True;False
Comércio varejista de medicamentos veterinários;"G - Comércio; reparação de veículos";Beneditinos;Alto-Baixo;0,001;True;5,453;T1;True;False
Comércio varejista de medicamentos veterinários;"G - Comércio; reparação de veículos";Bertolínia;Baixo-Baixo;0,001;False;0,0;;True;False
Comércio varejista de medicamentos veterinários;"G - Comércio; reparação de veículos";Bocaina;Baixo-Baixo;0,001;False;0,0;;True;False
Comércio varejista de medicamentos veterinários;"G - Comércio; reparação de veículos";Bom Princípio do Piauí;Baixo-Baixo;0,001;False;0,0;;True;False
Comércio varejista de medicamentos veterinários;"G - Comércio; reparação de veículos";Boqueirão do Piauí;Baixo-Baixo;0,001;False;0,0;;True;False
Comércio varejista de medicamentos veterinários;"G - Comércio; reparação de veículos";Buriti dos Lopes;Baixo-Baixo;0,001;False;0,0;;True;False
Comércio varejista de medicamentos veterinários;"G - Comércio; reparação de veículos";Buriti dos Montes;Baixo-Baixo;0,001;False;0,0;;True;True
Comércio varejista de medicamentos veterinários;"G - Comércio; reparação de veículos";Cajazeiras do Piauí;Baixo-Baixo;0,001;False;0,0;;True;False
Comércio varejista de medicamentos veterinários;"G - Comércio; reparação de veículos";Cajueiro da Praia;Baixo-Baixo;0,001;False;0,0;;True;False
Comércio varejista de medicamentos veterinários;"G - Comércio; reparação de veículos";Caldeirão Grande do Piauí;Baixo-Baixo;0,001;False;0,0;;True;False
Comércio varejista de medicamentos veterinários;"G - Comércio; reparação de veículos";Campo Grande do Piauí;Baixo-Baixo;0,001;False;0,0;;True;False
Comércio varejista de medicamentos veterinários;"G - Comércio; reparação de veículos";Canavieira;Baixo-Baixo;0,001;False;0,0;;True;False
Comércio varejista de medicamentos veterinários;"G - Comércio; reparação de veículos";Canto do Buriti;Alto-Baixo;0,001;True;0,7027;T3,T7;True;True
Comércio varejista de medicamentos veterinários;"G - Comércio; reparação de veículos";Caraúbas do Piauí;Baixo-Baixo;0,001;False;0,0;T7;True;False
Comércio varejista de medicamentos veterinários;"G - Comércio; reparação de veículos";Caridade do Piauí;Baixo-Baixo;0,001;False;0,0;;True;False
Comércio varejista de medicamentos veterinários;"G - Comércio; reparação de veículos";Caxingó;Baixo-Baixo;0,001;False;0,0;;True;False
Comércio varejista de medicamentos veterinários;"G - Comércio; reparação de veículos";Cocal;Baixo-Baixo;0,001;False;0,0;T7;True;False
Comércio varejista de medicamentos veterinários;"G - Comércio; reparação de veículos";Cocal dos Alves;Baixo-Baixo;0,001;False;0,0;;True;False
Comércio varejista de medicamentos veterinários;"G - Comércio; reparação de veículos";Colônia do Piauí;Baixo-Baixo;0,001;False;0,0;T7;True;False
Comércio varejista de medicamentos veterinários;"G - Comércio; reparação de veículos";Cristino Castro;Baixo-Baixo;0,001;False;0,0;;True;False
Comércio varejista de medicamentos veterinários;"G - Comércio; reparação de veículos";Curimatá;Alto-Baixo;0,001;True;1,1672;T1,T7;True;True
Comércio varejista de medicamentos veterinários;"G - Comércio; reparação de veículos";Demerval Lobão;Baixo-Alto;0,009;False;0,0;;True;False
Comércio varejista de medicamentos veterinários;"G - Comércio; reparação de veículos";Dom Expedito Lopes;Baixo-Alto;0,047;False;0,0;;False;False
Comércio varejista de medicamentos veterinários;"G - Comércio; reparação de veículos";Flores do Piauí;Baixo-Baixo;0,001;False;0,0;;True;False
Comércio varejista de medicamentos veterinários;"G - Comércio; reparação de veículos";Floresta do Piauí;Baixo-Baixo;0,001;False;0,0;;True;False
Comércio varejista de medicamentos veterinários;"G - Comércio; reparação de veículos";Floriano;Alto-Baixo;0,001;True;1,2497;T1,T7;True;False
Comércio varejista de medicamentos veterinários;"G - Comércio; reparação de veículos";Francisco Macedo;Baixo-Baixo;0,001;False;0,0;;True;False
Comércio varejista de medicamentos veterinários;"G - Comércio; reparação de veículos";Francisco Santos;Baixo-Baixo;0,001;False;0,0;;True;False
Comércio varejista de medicamentos veterinários;"G - Comércio; reparação de veículos";Fronteiras;Baixo-Baixo;0,001;False;0,0;;True;False
Comércio varejista de medicamentos veterinários;"G - Comércio; reparação de veículos";Guadalupe;Baixo-Baixo;0,001;False;0,0;;True;False
Comércio varejista de medicamentos veterinários;"G - Comércio; reparação de veículos";Ilha Grande;Baixo-Baixo;0,001;False;0,0;;True;False
Comércio varejista de medicamentos veterinários;"G - Comércio; reparação de veículos";Itainópolis;Alto-Baixo;0,001;True;1,6434;T1,T3;True;False
Comércio varejista de medicamentos veterinários;"G - Comércio; reparação de veículos";Joca Marques;Baixo-Baixo;0,001;False;0,0;;True;False
Comércio varejista de medicamentos veterinários;"G - Comércio; reparação de veículos";Juazeiro do Piauí;Baixo-Baixo;0,001;False;0,0;;True;False
Comércio varejista de medicamentos veterinários;"G - Comércio; reparação de veículos";Jurema;Baixo-Baixo;0,001;False;0,0;;True;False
Comércio varejista de medicamentos veterinários;"G - Comércio; reparação de veículos";Lagoa do Piauí;Baixo-Alto;0,01;False;0,0;;True;False
Comércio varejista de medicamentos veterinários;"G - Comércio; reparação de veículos";Landri Sales;Baixo-Baixo;0,001;False;0,0;;True;False
Comércio varejista de medicamentos veterinários;"G - Comércio; reparação de veículos";Luís Correia;Baixo-Baixo;0,001;False;0,0;;True;False
Comércio varejista de medicamentos veterinários;"G - Comércio; reparação de veículos";Luzilândia;Baixo-Baixo;0,001;False;0,0;T8;True;False
Comércio varejista de medicamentos veterinários;"G - Comércio; reparação de veículos";Madeiro;Baixo-Baixo;0,001;False;0,0;;True;False
Comércio varejista de medicamentos veterinários;"G - Comércio; reparação de veículos";Marcolândia;Baixo-Baixo;0,001;False;0,0;;True;False
Comércio varejista de medicamentos veterinários;"G - Comércio; reparação de veículos";Marcos Parente;Baixo-Baixo;0,001;False;0,0;;True;False
Comércio varejista de medicamentos veterinários;"G - Comércio; reparação de veículos";Massapê do Piauí;Baixo-Baixo;0,001;False;0,0;;True;False
Comércio varejista de medicamentos veterinários;"G - Comércio; reparação de veículos";Matias Olímpio;Baixo-Baixo;0,001;False;0,0;;True;False
Comércio varejista de medicamentos veterinários;"G - Comércio; reparação de veículos";Miguel Leão;Baixo-Baixo;0,001;False;0,0;;True;False
Comércio varejista de medicamentos veterinários;"G - Comércio; reparação de veículos";Milton Brandão;Baixo-Baixo;0,001;False;0,0;;True;False
Comércio varejista de medicamentos veterinários;"G - Comércio; reparação de veículos";Monsenhor Gil;Baixo-Alto;0,043;False;0,0;;False;False
Comércio varejista de medicamentos veterinários;"G - Comércio; reparação de veículos";Monsenhor Hipólito;Baixo-Baixo;0,001;False;0,0;;True;False
Comércio varejista de medicamentos veterinários;"G - Comércio; reparação de veículos";Murici dos Portelas;Baixo-Baixo;0,001;False;0,0;;True;False
Comércio varejista de medicamentos veterinários;"G - Comércio; reparação de veículos";Nazária;Baixo-Alto;0,004;False;0,0;;True;False
Comércio varejista de medicamentos veterinários;"G - Comércio; reparação de veículos";Padre Marcos;Baixo-Baixo;0,001;False;0,0;;True;False
Comércio varejista de medicamentos veterinários;"G - Comércio; reparação de veículos";Palmeirais;Baixo-Alto;0,013;False;0,0;;True;False
Comércio varejista de medicamentos veterinários;"G - Comércio; reparação de veículos";Parnaíba;Baixo-Baixo;0,001;False;0,0;T7;True;False
Comércio varejista de medicamentos veterinários;"G - Comércio; reparação de veículos";Pau D'Arco do Piauí;Baixo-Alto;0,022;False;0,0;;False;False
Comércio varejista de medicamentos veterinários;"G - Comércio; reparação de veículos";Pio IX;Baixo-Baixo;0,001;False;0,0;;True;False
Comércio varejista de medicamentos veterinários;"G - Comércio; reparação de veículos";Piracuruca;Baixo-Baixo;0,001;False;0,0;T7;True;False
Comércio varejista de medicamentos veterinários;"G - Comércio; reparação de veículos";Porto;Baixo-Baixo;0,001;False;0,0;;True;False
Comércio varejista de medicamentos veterinários;"G - Comércio; reparação de veículos";Porto Alegre do Piauí;Baixo-Baixo;0,001;False;0,0;;True;False
Comércio varejista de medicamentos veterinários;"G - Comércio; reparação de veículos";Prata do Piauí;Baixo-Baixo;0,001;False;0,0;;True;False
Comércio varejista de medicamentos veterinários;"G - Comércio; reparação de veículos";Redenção do Gurguéia;Baixo-Alto;0,017;False;0,0;;False;False
Comércio varejista de medicamentos veterinários;"G - Comércio; reparação de veículos";Ribeira do Piauí;Baixo-Baixo;0,001;False;0,0;;True;False
Comércio varejista de medicamentos veterinários;"G - Comércio; reparação de veículos";Santa Filomena;Baixo-Alto;0,043;False;0,0;;False;False
Comércio varejista de medicamentos veterinários;"G - Comércio; reparação de veículos";Santa Rosa do Piauí;Baixo-Baixo;0,001;False;0,0;;True;False
Comércio varejista de medicamentos veterinários;"G - Comércio; reparação de veículos";Santana do Piauí;Baixo-Alto;0,039;False;0,0;;False;False
Comércio varejista de medicamentos veterinários;"G - Comércio; reparação de veículos";Santo Antônio de Lisboa;Baixo-Baixo;0,001;False;0,0;;True;False
Comércio varejista de medicamentos veterinários;"G - Comércio; reparação de veículos";São Francisco do Piauí;Baixo-Baixo;0,001;False;0,0;;True;False
Comércio varejista de medicamentos veterinários;"G - Comércio; reparação de veículos";São Gonçalo do Piauí;Baixo-Alto;0,047;False;0,0;;False;False
Comércio varejista de medicamentos veterinários;"G - Comércio; reparação de veículos";São João da Canabrava;Baixo-Baixo;0,001;False;0,0;;True;False
Comércio varejista de medicamentos veterinários;"G - Comércio; reparação de veículos";São João da Fronteira;Baixo-Baixo;0,001;False;0,0;;True;False
Comércio varejista de medicamentos veterinários;"G - Comércio; reparação de veículos";São João da Varjota;Baixo-Baixo;0,001;False;0,0;;True;False
Comércio varejista de medicamentos veterinários;"G - Comércio; reparação de veículos";São João do Piauí;Baixo-Baixo;0,001;False;0,0;T3,T7;True;False
Comércio varejista de medicamentos veterinários;"G - Comércio; reparação de veículos";São José do Divino;Baixo-Baixo;0,001;False;0,0;;True;False
Comércio varejista de medicamentos veterinários;"G - Comércio; reparação de veículos";São José do Piauí;Baixo-Baixo;0,001;False;0,0;;True;False
Comércio varejista de medicamentos veterinários;"G - Comércio; reparação de veículos";São Julião;Baixo-Baixo;0,001;False;0,0;;True;False
Comércio varejista de medicamentos veterinários;"G - Comércio; reparação de veículos";São Luis do Piauí;Baixo-Baixo;0,001;False;0,0;;True;False
Comércio varejista de medicamentos veterinários;"G - Comércio; reparação de veículos";São Raimundo Nonato;Alto-Baixo;0,001;True;14,8385;T1;True;False
Comércio varejista de medicamentos veterinários;"G - Comércio; reparação de veículos";Simões;Baixo-Baixo;0,001;False;0,0;;True;False
Comércio varejista de medicamentos veterinários;"G - Comércio; reparação de veículos";Simplício Mendes;Alto-Baixo;0,001;True;0,9886;T1,T3,T7;True;False
Comércio varejista de medicamentos veterinários;"G - Comércio; reparação de veículos";Socorro do Piauí;Baixo-Baixo;0,001;False;0,0;;True;False
Comércio varejista de medicamentos veterinários;"G - Comércio; reparação de veículos";Tanque do Piauí;Baixo-Baixo;0,001;False;0,0;;True;False
Comércio varejista de medicamentos veterinários;"G - Comércio; reparação de veículos";União;Baixo-Alto;0,008;False;0,0;T7;True;False
Comércio varejista de medicamentos veterinários;"G - Comércio; reparação de veículos";Várzea Grande;Baixo-Baixo;0,001;False;0,0;;True;False
Comércio varejista de medicamentos veterinários;"G - Comércio; reparação de veículos";Vila Nova do Piauí;Baixo-Baixo;0,001;False;0,0;;True;False
Comércio varejista de medicamentos veterinários;"G - Comércio; reparação de veículos";Wall Ferraz;Baixo-Baixo;0,001;False;0,0;;True;False
Comércio varejista de mercadorias em geral, com predominância de produtos alimentícios - hipermercados;"G - Comércio; reparação de veículos";Altos;Alto-Alto;0,028;True;26,4376;T1;False;True
Comércio varejista de mercadorias em geral, com predominância de produtos alimentícios - hipermercados;"G - Comércio; reparação de veículos";Aroeiras do Itaim;Baixo-Alto;0,012;False;0,0;;False;False
Comércio varejista de mercadorias em geral, com predominância de produtos alimentícios - hipermercados;"G - Comércio; reparação de veículos";Barreiras do Piauí;Alto-Baixo;0,001;True;1,2572;T2,T8;True;False
Comércio varejista de mercadorias em geral, com predominância de produtos alimentícios - hipermercados;"G - Comércio; reparação de veículos";Bom Princípio do Piauí;Baixo-Alto;0,036;False;0,0;;False;False
Comércio varejista de mercadorias em geral, com predominância de produtos alimentícios - hipermercados;"G - Comércio; reparação de veículos";Cajueiro da Praia;Baixo-Baixo;0,049;False;0,0;;False;False
Comércio varejista de mercadorias em geral, com predominância de produtos alimentícios - hipermercados;"G - Comércio; reparação de veículos";Caracol;Alto-Baixo;0,001;True;17,499;T1,T2;True;False
Comércio varejista de mercadorias em geral, com predominância de produtos alimentícios - hipermercados;"G - Comércio; reparação de veículos";Curralinhos;Baixo-Alto;0,03;False;0,0;;False;False
Comércio varejista de mercadorias em geral, com predominância de produtos alimentícios - hipermercados;"G - Comércio; reparação de veículos";Demerval Lobão;Alto-Alto;0,022;True;18,3039;T1;False;False
Comércio varejista de mercadorias em geral, com predominância de produtos alimentícios - hipermercados;"G - Comércio; reparação de veículos";Dom Expedito Lopes;Baixo-Alto;0,022;False;0,0;T7,T8;False;False
Comércio varejista de mercadorias em geral, com predominância de produtos alimentícios - hipermercados;"G - Comércio; reparação de veículos";Ilha Grande;Baixo-Alto;0,013;False;0,0;;False;True
Comércio varejista de mercadorias em geral, com predominância de produtos alimentícios - hipermercados;"G - Comércio; reparação de veículos";Ipiranga do Piauí;Baixo-Alto;0,017;False;0,0;;False;False
Comércio varejista de mercadorias em geral, com predominância de produtos alimentícios - hipermercados;"G - Comércio; reparação de veículos";José de Freitas;Baixo-Alto;0,001;False;0,0;T7;True;True
Comércio varejista de mercadorias em geral, com predominância de produtos alimentícios - hipermercados;"G - Comércio; reparação de veículos";Lagoa do Piauí;Baixo-Alto;0,007;False;0,0;;False;False
Comércio varejista de mercadorias em geral, com predominância de produtos alimentícios - hipermercados;"G - Comércio; reparação de veículos";Luís Correia;Baixo-Alto;0,034;False;0,0;T8;False;False
Comércio varejista de mercadorias em geral, com predominância de produtos alimentícios - hipermercados;"G - Comércio; reparação de veículos";Monsenhor Gil;Baixo-Alto;0,025;False;0,0;;False;False
Comércio varejista de mercadorias em geral, com predominância de produtos alimentícios - hipermercados;"G - Comércio; reparação de veículos";Nazária;Baixo-Alto;0,012;False;0,0;;False;False
Comércio varejista de mercadorias em geral, com predominância de produtos alimentícios - hipermercados;"G - Comércio; reparação de veículos";Palmeirais;Baixo-Alto;0,026;False;0,0;T7;False;False
Comércio varejista de mercadorias em geral, com predominância de produtos alimentícios - hipermercados;"G - Comércio; reparação de veículos";Paquetá;Baixo-Alto;0,008;False;0,0;;False;False
Comércio varejista de mercadorias em geral, com predominância de produtos alimentícios - hipermercados;"G - Comércio; reparação de veículos";Parnaíba;Alto-Baixo;0,001;True;457,1573;T1,T7;True;False
Comércio varejista de mercadorias em geral, com predominância de produtos alimentícios - hipermercados;"G - Comércio; reparação de veículos";Pau D'Arco do Piauí;Baixo-Alto;0,002;False;0,0;;False;True
Comércio varejista de mercadorias em geral, com predominância de produtos alimentícios - hipermercados;"G - Comércio; reparação de veículos";Santana do Piauí;Baixo-Alto;0,023;False;0,0;;False;False
Comércio varejista de mercadorias em geral, com predominância de produtos alimentícios - hipermercados;"G - Comércio; reparação de veículos";Sussuapara;Baixo-Alto;0,038;False;0,0;;False;False
Comércio varejista de mercadorias em geral, com predominância de produtos alimentícios - hipermercados;"G - Comércio; reparação de veículos";Teresina;Alto-Alto;0,005;True;1159,8494;T1,T7;False;True
Comércio varejista de mercadorias em geral, com predominância de produtos alimentícios - hipermercados;"G - Comércio; reparação de veículos";União;Alto-Alto;0,015;True;46,4093;T1;False;True
Comércio varejista de mercadorias em geral, com predominância de produtos alimentícios - minimercados, mercearias e armazéns;"G - Comércio; reparação de veículos";Amarante;Alto-Alto;0,022;True;52,9182;T2,T4;False;False
Comércio varejista de mercadorias em geral, com predominância de produtos alimentícios - minimercados, mercearias e armazéns;"G - Comércio; reparação de veículos";Bela Vista do Piauí;Baixo-Baixo;0,011;True;2,565;T1,T2,T8;False;True
Comércio varejista de mercadorias em geral, com predominância de produtos alimentícios - minimercados, mercearias e armazéns;"G - Comércio; reparação de veículos";Beneditinos;Alto-Baixo;0,049;True;18,0597;T1,T3,T7;False;False
Comércio varejista de mercadorias em geral, com predominância de produtos alimentícios - minimercados, mercearias e armazéns;"G - Comércio; reparação de veículos";Currais;Baixo-Alto;0,001;True;2,7235;T1;False;False
Comércio varejista de mercadorias em geral, com predominância de produtos alimentícios - minimercados, mercearias e armazéns;"G - Comércio; reparação de veículos";Curralinhos;Alto-Alto;0,016;True;5,523;T1;False;True
Comércio varejista de mercadorias em geral, com predominância de produtos alimentícios - minimercados, mercearias e armazéns;"G - Comércio; reparação de veículos";Guaribas;Baixo-Alto;0,017;False;0,0;T8;False;False
Comércio varejista de mercadorias em geral, com predominância de produtos alimentícios - minimercados, mercearias e armazéns;"G - Comércio; reparação de veículos";Ilha Grande;Alto-Baixo;0,001;True;6,102;T1,T3,T7;True;False
Comércio varejista de mercadorias em geral, com predominância de produtos alimentícios - minimercados, mercearias e armazéns;"G - Comércio; reparação de veículos";Isaías Coelho;Alto-Baixo;0,031;True;67,9558;T1,T3;False;False
Comércio varejista de mercadorias em geral, com predominância de produtos alimentícios - minimercados, mercearias e armazéns;"G - Comércio; reparação de veículos";Jacobina do Piauí;Baixo-Baixo;0,033;False;0,0;T7;False;False
Comércio varejista de mercadorias em geral, com predominância de produtos alimentícios - minimercados, mercearias e armazéns;"G - Comércio; reparação de veículos";José de Freitas;Baixo-Alto;0,018;False;0,0;T7,T8;False;False
Comércio varejista de mercadorias em geral, com predominância de produtos alimentícios - minimercados, mercearias e armazéns;"G - Comércio; reparação de veículos";Lagoa do Piauí;Baixo-Alto;0,027;False;0,0;T7;False;False
Comércio varejista de mercadorias em geral, com predominância de produtos alimentícios - minimercados, mercearias e armazéns;"G - Comércio; reparação de veículos";Miguel Leão;Baixo-Alto;0,043;False;0,0;T8;False;True
Comércio varejista de mercadorias em geral, com predominância de produtos alimentícios - minimercados, mercearias e armazéns;"G - Comércio; reparação de veículos";Nazária;Alto-Alto;0,005;True;22,3127;T1,T7;False;False
Comércio varejista de mercadorias em geral, com predominância de produtos alimentícios - minimercados, mercearias e armazéns;"G - Comércio; reparação de veículos";Nova Santa Rita;Baixo-Baixo;0,016;False;0,0;T3,T6,T7;False;False
Comércio varejista de mercadorias em geral, com predominância de produtos alimentícios - minimercados, mercearias e armazéns;"G - Comércio; reparação de veículos";Paes Landim;Alto-Baixo;0,001;True;26,6248;T1,T2;True;True
Comércio varejista de mercadorias em geral, com predominância de produtos alimentícios - minimercados, mercearias e armazéns;"G - Comércio; reparação de veículos";Palmeirais;Alto-Alto;0,001;True;46,2659;T1,T3;True;False
Comércio varejista de mercadorias em geral, com predominância de produtos alimentícios - minimercados, mercearias e armazéns;"G - Comércio; reparação de veículos";Paulistana;Alto-Baixo;0,019;True;10,3241;T1,T3,T7;False;True
Comércio varejista de mercadorias em geral, com predominância de produtos alimentícios - minimercados, mercearias e armazéns;"G - Comércio; reparação de veículos";Santo Inácio do Piauí;Baixo-Baixo;0,016;False;0,0;T7;False;False
Comércio varejista de mercadorias em geral, com predominância de produtos alimentícios - minimercados, mercearias e armazéns;"G - Comércio; reparação de veículos";São Félix do Piauí;Alto-Baixo;0,03;True;15,9979;T2;False;False
Comércio varejista de mercadorias em geral, com predominância de produtos alimentícios - minimercados, mercearias e armazéns;"G - Comércio; reparação de veículos";São Pedro do Piauí;Alto-Alto;0,027;True;65,1825;T1,T2;False;False
Comércio varejista de mercadorias em geral, com predominância de produtos alimentícios - minimercados, mercearias e armazéns;"G - Comércio; reparação de veículos";Sebastião Barros;Alto-Alto;0,02;True;7,3686;T1,T2;False;False
Comércio varejista de mercadorias em geral, com predominância de produtos alimentícios - minimercados, mercearias e armazéns;"G - Comércio; reparação de veículos";Simões;Alto-Baixo;0,042;True;16,1302;T1,T3;False;False
Comércio varejista de mercadorias em geral, com predominância de produtos alimentícios - minimercados, mercearias e armazéns;"G - Comércio; reparação de veículos";União;Alto-Alto;0,031;True;102,3432;T1,T3;False;False
Comércio varejista de mercadorias em geral, com predominância de produtos alimentícios - minimercados, mercearias e armazéns;"G - Comércio; reparação de veículos";Várzea Branca;Alto-Alto;0,038;True;5,4635;T1,T8;False;False
Comércio varejista de mercadorias em geral, com predominância de produtos alimentícios - supermercados;"G - Comércio; reparação de veículos";Água Branca;Alto-Baixo;0,001;True;115,3191;T1;True;True
Comércio varejista de mercadorias em geral, com predominância de produtos alimentícios - supermercados;"G - Comércio; reparação de veículos";Altos;Alto-Alto;0,005;True;29,1455;T3,T7;False;False
Comércio varejista de mercadorias em geral, com predominância de produtos alimentícios - supermercados;"G - Comércio; reparação de veículos";Alvorada do Gurguéia;Alto-Alto;0,025;True;2,0042;T1;False;False
Comércio varejista de mercadorias em geral, com predominância de produtos alimentícios - supermercados;"G - Comércio; reparação de veículos";Baixa Grande do Ribeiro;Alto-Alto;0,024;True;24,358;T1;False;False
Comércio varejista de mercadorias em geral, com predominância de produtos alimentícios - supermercados;"G - Comércio; reparação de veículos";Barra D'Alcântara;Baixo-Alto;0,045;False;0,0;T7;False;False
Comércio varejista de mercadorias em geral, com predominância de produtos alimentícios - supermercados;"G - Comércio; reparação de veículos";Barras;Alto-Alto;0,017;True;63,6518;T1,T6;False;False
Comércio varejista de mercadorias em geral, com predominância de produtos alimentícios - supermercados;"G - Comércio; reparação de veículos";Batalha;Alto-Alto;0,015;True;114,235;T1;False;False
Comércio varejista de mercadorias em geral, com predominância de produtos alimentícios - supermercados;"G - Comércio; reparação de veículos";Bom Princípio do Piauí;Baixo-Alto;0,003;False;0,0;;True;False
Comércio varejista de mercadorias em geral, com predominância de produtos alimentícios - supermercados;"G - Comércio; reparação de veículos";Brasileira;Baixo-Alto;0,004;False;0,0;;False;True
Comércio varejista de mercadorias em geral, com predominância de produtos alimentícios - supermercados;"G - Comércio; reparação de veículos";Cabeceiras do Piauí;Baixo-Alto;0,034;False;0,0;;False;False
Comércio varejista de mercadorias em geral, com predominância de produtos alimentícios - supermercados;"G - Comércio; reparação de veículos";Cajueiro da Praia;Baixo-Alto;0,036;False;0,0;;False;True
Comércio varejista de mercadorias em geral, com predominância de produtos alimentícios - supermercados;"G - Comércio; reparação de veículos";Cocal dos Alves;Baixo-Alto;0,016;False;0,0;;False;False
Comércio varejista de mercadorias em geral, com predominância de produtos alimentícios - supermercados;"G - Comércio; reparação de veículos";Currais;Baixo-Alto;0,017;False;0,0;T7;False;False
Comércio varejista de mercadorias em geral, com predominância de produtos alimentícios - supermercados;"G - Comércio; reparação de veículos";Demerval Lobão;Baixo-Alto;0,049;False;0,0;;False;False
Comércio varejista de mercadorias em geral, com predominância de produtos alimentícios - supermercados;"G - Comércio; reparação de veículos";Guadalupe;Alto-Baixo;0,001;True;47,2792;T1,T2;True;False
Comércio varejista de mercadorias em geral, com predominância de produtos alimentícios - supermercados;"G - Comércio; reparação de veículos";Guaribas;Baixo-Alto;0,033;False;0,0;;False;False
Comércio varejista de mercadorias em geral, com predominância de produtos alimentícios - supermercados;"G - Comércio; reparação de veículos";Ilha Grande;Baixo-Alto;0,005;False;0,0;;False;True
Comércio varejista de mercadorias em geral, com predominância de produtos alimentícios - supermercados;"G - Comércio; reparação de veículos";Jerumenha;Baixo-Alto;0,033;False;0,0;T7;False;False
Comércio varejista de mercadorias em geral, com predominância de produtos alimentícios - supermercados;"G - Comércio; reparação de veículos";José de Freitas;Alto-Alto;0,011;True;165,8022;T1,T2;False;False
Comércio varejista de mercadorias em geral, com predominância de produtos alimentícios - supermercados;"G - Comércio; reparação de veículos";Lagoa Alegre;Baixo-Alto;0,024;False;0,0;T7;False;True
Comércio varejista de mercadorias em geral, com predominância de produtos alimentícios - supermercados;"G - Comércio; reparação de veículos";Lagoa de São Francisco;Baixo-Alto;0,037;False;0,0;;False;False
Comércio varejista de mercadorias em geral, com predominância de produtos alimentícios - supermercados;"G - Comércio; reparação de veículos";Luís Correia;Alto-Alto;0,027;True;167,9792;T2;False;False
Comércio varejista de mercadorias em geral, com predominância de produtos alimentícios - supermercados;"G - Comércio; reparação de veículos";Monte Alegre do Piauí;Baixo-Alto;0,034;False;0,0;;False;False
Comércio varejista de mercadorias em geral, com predominância de produtos alimentícios - supermercados;"G - Comércio; reparação de veículos";Nazária;Baixo-Alto;0,026;False;0,0;;False;False
Comércio varejista de mercadorias em geral, com predominância de produtos alimentícios - supermercados;"G - Comércio; reparação de veículos";Nova Santa Rita;Baixo-Alto;0,031;False;0,0;;False;False
Comércio varejista de mercadorias em geral, com predominância de produtos alimentícios - supermercados;"G - Comércio; reparação de veículos";Oeiras;Alto-Baixo;0,045;True;208,0409;T1,T8;False;False
Comércio varejista de mercadorias em geral, com predominância de produtos alimentícios - supermercados;"G - Comércio; reparação de veículos";Pau D'Arco do Piauí;Baixo-Alto;0,042;False;0,0;;False;False
Comércio varejista de mercadorias em geral, com predominância de produtos alimentícios - supermercados;"G - Comércio; reparação de veículos";São José do Piauí;Alto-Baixo;0,001;True;25,479;T1,T2;True;False
Comércio varejista de mercadorias em geral, com predominância de produtos alimentícios - supermercados;"G - Comércio; reparação de veículos";São Julião;Alto-Baixo;0,001;True;27,4927;T1;True;True
Comércio varejista de mercadorias em geral, com predominância de produtos alimentícios - supermercados;"G - Comércio; reparação de veículos";São Raimundo Nonato;Alto-Baixo;0,001;True;270,1192;T1;True;False
Comércio varejista de mercadorias em geral, com predominância de produtos alimentícios - supermercados;"G - Comércio; reparação de veículos";Sebastião Barros;Baixo-Alto;0,04;False;0,0;;False;False
Comércio varejista de mercadorias em geral, com predominância de produtos alimentícios - supermercados;"G - Comércio; reparação de veículos";União;Alto-Alto;0,002;True;14,4473;T1,T7;True;True
Comércio varejista de mercadorias em lojas de conveniência;"G - Comércio; reparação de veículos";Agricolândia;Baixo-Baixo;0,001;False;0,0;;True;False
Comércio varejista de mercadorias em lojas de conveniência;"G - Comércio; reparação de veículos";Alegrete do Piauí;Baixo-Baixo;0,001;False;0,0;;True;False
Comércio varejista de mercadorias em lojas de conveniência;"G - Comércio; reparação de veículos";Altos;Baixo-Alto;0,001;False;0,0;T7;True;True
Comércio varejista de mercadorias em lojas de conveniência;"G - Comércio; reparação de veículos";Alvorada do Gurguéia;Baixo-Baixo;0,001;False;0,0;;True;False
Comércio varejista de mercadorias em lojas de conveniência;"G - Comércio; reparação de veículos";Anísio de Abreu;Baixo-Baixo;0,001;False;0,0;;True;False
Comércio varejista de mercadorias em lojas de conveniência;"G - Comércio; reparação de veículos";Antônio Almeida;Baixo-Baixo;0,001;False;0,0;;True;False
Comércio varejista de mercadorias em lojas de conveniência;"G - Comércio; reparação de veículos";Aroazes;Baixo-Baixo;0,001;False;0,0;;True;False
Comércio varejista de mercadorias em lojas de conveniência;"G - Comércio; reparação de veículos";Assunção do Piauí;Baixo-Baixo;0,001;False;0,0;;True;False
Comércio varejista de mercadorias em lojas de conveniência;"G - Comércio; reparação de veículos";Avelino Lopes;Baixo-Baixo;0,001;False;0,0;;True;False
Comércio varejista de mercadorias em lojas de conveniência;"G - Comércio; reparação de veículos";Barreiras do Piauí;Baixo-Baixo;0,001;False;0,0;;True;False
Comércio varejista de mercadorias em lojas de conveniência;"G - Comércio; reparação de veículos";Barro Duro;Baixo-Baixo;0,001;False;0,0;;True;False
Comércio varejista de mercadorias em lojas de conveniência;"G - Comércio; reparação de veículos";Batalha;Baixo-Alto;0,045;False;0,0;;False;False
Comércio varejista de mercadorias em lojas de conveniência;"G - Comércio; reparação de veículos";Bertolínia;Baixo-Baixo;0,001;False;0,0;;True;False
Comércio varejista de mercadorias em lojas de conveniência;"G - Comércio; reparação de veículos";Boa Hora;Baixo-Alto;0,026;False;0,0;;False;False
Comércio varejista de mercadorias em lojas de conveniência;"G - Comércio; reparação de veículos";Bonfim do Piauí;Baixo-Baixo;0,001;False;0,0;;True;False
Comércio varejista de mercadorias em lojas de conveniência;"G - Comércio; reparação de veículos";Brejo do Piauí;Baixo-Baixo;0,001;False;0,0;;True;False
Comércio varejista de mercadorias em lojas de conveniência;"G - Comércio; reparação de veículos";Cabeceiras do Piauí;Baixo-Alto;0,012;False;0,0;T3;True;False
Comércio varejista de mercadorias em lojas de conveniência;"G - Comércio; reparação de veículos";Cajueiro da Praia;Baixo-Baixo;0,001;False;0,0;T7;True;False
Comércio varejista de mercadorias em lojas de conveniência;"G - Comércio; reparação de veículos";Caldeirão Grande do Piauí;Baixo-Baixo;0,001;False;0,0;;True;False
Comércio varejista de mercadorias em lojas de conveniência;"G - Comércio; reparação de veículos";Campinas do Piauí;Baixo-Baixo;0,001;False;0,0;;True;False
Comércio varejista de mercadorias em lojas de conveniência;"G - Comércio; reparação de veículos";Campo Alegre do Fidalgo;Baixo-Baixo;0,001;False;0,0;;True;False
Comércio varejista de mercadorias em lojas de conveniência;"G - Comércio; reparação de veículos";Campo Maior;Alto-Baixo;0,001;True;25,0281;T1,T5;True;False
Comércio varejista de mercadorias em lojas de conveniência;"G - Comércio; reparação de veículos";Canto do Buriti;Baixo-Baixo;0,001;False;0,0;;True;False
Comércio varejista de mercadorias em lojas de conveniência;"G - Comércio; reparação de veículos";Capitão Gervásio Oliveira;Baixo-Baixo;0,001;False;0,0;;True;False
Comércio varejista de mercadorias em lojas de conveniência;"G - Comércio; reparação de veículos";Caracol;Baixo-Baixo;0,001;False;0,0;;True;False
Comércio varejista de mercadorias em lojas de conveniência;"G - Comércio; reparação de veículos";Caraúbas do Piauí;Baixo-Baixo;0,001;False;0,0;;True;False
Comércio varejista de mercadorias em lojas de conveniência;"G - Comércio; reparação de veículos";Caxingó;Baixo-Baixo;0,001;False;0,0;;True;False
Comércio varejista de mercadorias em lojas de conveniência;"G - Comércio; reparação de veículos";Cocal;Baixo-Baixo;0,001;False;0,0;T7;True;False
Comércio varejista de mercadorias em lojas de conveniência;"G - Comércio; reparação de veículos";Cocal de Telha;Baixo-Alto;0,034;False;0,0;;False;False
Comércio varejista de mercadorias em lojas de conveniência;"G - Comércio; reparação de veículos";Cocal dos Alves;Baixo-Baixo;0,001;False;0,0;;True;False
Comércio varejista de mercadorias em lojas de conveniência;"G - Comércio; reparação de veículos";Coivaras;Baixo-Alto;0,024;False;0,0;;False;True
Comércio varejista de mercadorias em lojas de conveniência;"G - Comércio; reparação de veículos";Colônia do Gurguéia;Baixo-Baixo;0,001;False;0,0;;True;False
Comércio varejista de mercadorias em lojas de conveniência;"G - Comércio; reparação de veículos";Colônia do Piauí;Baixo-Baixo;0,001;False;0,0;;True;False
Comércio varejista de mercadorias em lojas de conveniência;"G - Comércio; reparação de veículos";Conceição do Canindé;Baixo-Baixo;0,001;False;0,0;;True;False
Comércio varejista de mercadorias em lojas de conveniência;"G - Comércio; reparação de veículos";Cristalândia do Piauí;Baixo-Baixo;0,001;False;0,0;;True;False
Comércio varejista de mercadorias em lojas de conveniência;"G - Comércio; reparação de veículos";Curimatá;Baixo-Baixo;0,001;False;0,0;;True;False
Comércio varejista de mercadorias em lojas de conveniência;"G - Comércio; reparação de veículos";Curralinhos;Baixo-Alto;0,006;False;0,0;;True;False
Comércio varejista de mercadorias em lojas de conveniência;"G - Comércio; reparação de veículos";Demerval Lobão;Baixo-Alto;0,002;False;0,0;T7;True;True
Comércio varejista de mercadorias em lojas de conveniência;"G - Comércio; reparação de veículos";Dirceu Arcoverde;Baixo-Baixo;0,001;False;0,0;;True;False
Comércio varejista de mercadorias em lojas de conveniência;"G - Comércio; reparação de veículos";Dom Expedito Lopes;Baixo-Baixo;0,001;False;0,0;;True;False
Comércio varejista de mercadorias em lojas de conveniência;"G - Comércio; reparação de veículos";Eliseu Martins;Baixo-Baixo;0,001;False;0,0;;True;False
Comércio varejista de mercadorias em lojas de conveniência;"G - Comércio; reparação de veículos";Fartura do Piauí;Baixo-Baixo;0,001;False;0,0;;True;False
Comércio varejista de mercadorias em lojas de conveniência;"G - Comércio; reparação de veículos";Francisco Ayres;Baixo-Alto;0,022;False;0,0;;True;False
Comércio varejista de mercadorias em lojas de conveniência;"G - Comércio; reparação de veículos";Francisco Macedo;Baixo-Baixo;0,001;False;0,0;;True;False
Comércio varejista de mercadorias em lojas de conveniência;"G - Comércio; reparação de veículos";Fronteiras;Baixo-Baixo;0,001;False;0,0;;True;False
Comércio varejista de mercadorias em lojas de conveniência;"G - Comércio; reparação de veículos";Guadalupe;Baixo-Baixo;0,001;False;0,0;T8;True;False
Comércio varejista de mercadorias em lojas de conveniência;"G - Comércio; reparação de veículos";Ilha Grande;Baixo-Alto;0,046;False;0,0;;False;False
Comércio varejista de mercadorias em lojas de conveniência;"G - Comércio; reparação de veículos";Jaicós;Alto-Baixo;0,001;True;4,8417;T1;True;False
Comércio varejista de mercadorias em lojas de conveniência;"G - Comércio; reparação de veículos";Jatobá do Piauí;Baixo-Alto;0,025;False;0,0;;True;False
Comércio varejista de mercadorias em lojas de conveniência;"G - Comércio; reparação de veículos";João Costa;Baixo-Baixo;0,001;False;0,0;;True;False
Comércio varejista de mercadorias em lojas de conveniência;"G - Comércio; reparação de veículos";Joca Marques;Baixo-Baixo;0,001;False;0,0;;True;False
Comércio varejista de mercadorias em lojas de conveniência;"G - Comércio; reparação de veículos";José de Freitas;Baixo-Alto;0,002;False;0,0;T8;True;False
Comércio varejista de mercadorias em lojas de conveniência;"G - Comércio; reparação de veículos";Júlio Borges;Baixo-Baixo;0,001;False;0,0;;True;False
Comércio varejista de mercadorias em lojas de conveniência;"G - Comércio; reparação de veículos";Lagoa Alegre;Baixo-Baixo;0,001;False;0,0;;True;False
Comércio varejista de mercadorias em lojas de conveniência;"G - Comércio; reparação de veículos";Lagoa do Piauí;Alto-Alto;0,024;True;11,5228;T1;True;False
Comércio varejista de mercadorias em lojas de conveniência;"G - Comércio; reparação de veículos";Lagoa do Sítio;Baixo-Baixo;0,001;False;0,0;;True;False
Comércio varejista de mercadorias em lojas de conveniência;"G - Comércio; reparação de veículos";Landri Sales;Baixo-Baixo;0,001;False;0,0;;True;False
Comércio varejista de mercadorias em lojas de conveniência;"G - Comércio; reparação de veículos";Luzilândia;Baixo-Baixo;0,001;False;0,0;;True;False
Comércio varejista de mercadorias em lojas de conveniência;"G - Comércio; reparação de veículos";Madeiro;Baixo-Baixo;0,001;False;0,0;;True;False
Comércio varejista de mercadorias em lojas de conveniência;"G - Comércio; reparação de veículos";Manoel Emídio;Baixo-Baixo;0,001;False;0,0;;True;False
Comércio varejista de mercadorias em lojas de conveniência;"G - Comércio; reparação de veículos";Marcolândia;Baixo-Baixo;0,001;False;0,0;;True;False
Comércio varejista de mercadorias em lojas de conveniência;"G - Comércio; reparação de veículos";Marcos Parente;Baixo-Baixo;0,001;False;0,0;T7;True;False
Comércio varejista de mercadorias em lojas de conveniência;"G - Comércio; reparação de veículos";Matias Olímpio;Baixo-Baixo;0,001;False;0,0;;True;False
Comércio varejista de mercadorias em lojas de conveniência;"G - Comércio; reparação de veículos";Miguel Leão;Baixo-Baixo;0,001;False;0,0;T8;True;False
Comércio varejista de mercadorias em lojas de conveniência;"G - Comércio; reparação de veículos";Milton Brandão;Baixo-Baixo;0,001;False;0,0;;True;False
Comércio varejista de mercadorias em lojas de conveniência;"G - Comércio; reparação de veículos";Monsenhor Gil;Baixo-Alto;0,009;False;0,0;;True;False
Comércio varejista de mercadorias em lojas de conveniência;"G - Comércio; reparação de veículos";Monte Alegre do Piauí;Baixo-Baixo;0,001;False;0,0;;True;False
Comércio varejista de mercadorias em lojas de conveniência;"G - Comércio; reparação de veículos";Morro Cabeça no Tempo;Baixo-Baixo;0,001;False;0,0;;True;False
Comércio varejista de mercadorias em lojas de conveniência;"G - Comércio; reparação de veículos";Morro do Chapéu do Piauí;Baixo-Baixo;0,001;False;0,0;;True;False
Comércio varejista de mercadorias em lojas de conveniência;"G - Comércio; reparação de veículos";Murici dos Portelas;Baixo-Baixo;0,001;False;0,0;;True;False
Comércio varejista de mercadorias em lojas de conveniência;"G - Comércio; reparação de veículos";Nazária;Baixo-Alto;0,002;False;0,0;;True;False
Comércio varejista de mercadorias em lojas de conveniência;"G - Comércio; reparação de veículos";Nossa Senhora de Nazaré;Baixo-Alto;0,024;False;0,0;;False;False
Comércio varejista de mercadorias em lojas de conveniência;"G - Comércio; reparação de veículos";Novo Santo Antônio;Baixo-Alto;0,032;False;0,0;;False;False
Comércio varejista de mercadorias em lojas de conveniência;"G - Comércio; reparação de veículos";Padre Marcos;Baixo-Baixo;0,001;False;0,0;;True;False
Comércio varejista de mercadorias em lojas de conveniência;"G - Comércio; reparação de veículos";Paes Landim;Baixo-Baixo;0,001;False;0,0;;True;False
Comércio varejista de mercadorias em lojas de conveniência;"G - Comércio; reparação de veículos";Palmeira do Piauí;Baixo-Baixo;0,001;False;0,0;;True;False
Comércio varejista de mercadorias em lojas de conveniência;"G - Comércio; reparação de veículos";Palmeirais;Baixo-Alto;0,007;False;0,0;;True;False
Comércio varejista de mercadorias em lojas de conveniência;"G - Comércio; reparação de veículos";Parnaíba;Alto-Baixo;0,001;True;4,3758;T1,T5;True;True
Comércio varejista de mercadorias em lojas de conveniência;"G - Comércio; reparação de veículos";Pau D'Arco do Piauí;Baixo-Alto;0,009;False;0,0;;True;False
Comércio varejista de mercadorias em lojas de conveniência;"G - Comércio; reparação de veículos";Paulistana;Alto-Baixo;0,001;True;5,1781;T1,T5;True;False
Comércio varejista de mercadorias em lojas de conveniência;"G - Comércio; reparação de veículos";Pio IX;Baixo-Baixo;0,001;False;0,0;;True;False
Comércio varejista de mercadorias em lojas de conveniência;"G - Comércio; reparação de veículos";Porto;Baixo-Baixo;0,001;False;0,0;;True;False
Comércio varejista de mercadorias em lojas de conveniência;"G - Comércio; reparação de veículos";Porto Alegre do Piauí;Baixo-Baixo;0,001;False;0,0;;True;False
Comércio varejista de mercadorias em lojas de conveniência;"G - Comércio; reparação de veículos";Ribeiro Gonçalves;Baixo-Baixo;0,001;False;0,0;;True;False
Comércio varejista de mercadorias em lojas de conveniência;"G - Comércio; reparação de veículos";Santa Filomena;Baixo-Baixo;0,001;False;0,0;;True;False
Comércio varejista de mercadorias em lojas de conveniência;"G - Comércio; reparação de veículos";Santa Rosa do Piauí;Baixo-Baixo;0,001;False;0,0;;True;False
Comércio varejista de mercadorias em lojas de conveniência;"G - Comércio; reparação de veículos";Santana do Piauí;Baixo-Baixo;0,001;False;0,0;;True;False
Comércio varejista de mercadorias em lojas de conveniência;"G - Comércio; reparação de veículos";Santo Antônio de Lisboa;Baixo-Baixo;0,001;False;0,0;;True;False
Comércio varejista de mercadorias em lojas de conveniência;"G - Comércio; reparação de veículos";Santo Antônio dos Milagres;Baixo-Baixo;0,001;False;0,0;;True;False
Comércio varejista de mercadorias em lojas de conveniência;"G - Comércio; reparação de veículos";Santo Inácio do Piauí;Baixo-Baixo;0,001;False;0,0;;True;False
Comércio varejista de mercadorias em lojas de conveniência;"G - Comércio; reparação de veículos";São Francisco do Piauí;Baixo-Baixo;0,001;False;0,0;;True;False
Comércio varejista de mercadorias em lojas de conveniência;"G - Comércio; reparação de veículos";São Gonçalo do Gurguéia;Baixo-Baixo;0,001;False;0,0;;True;False
Comércio varejista de mercadorias em lojas de conveniência;"G - Comércio; reparação de veículos";São Gonçalo do Piauí;Baixo-Baixo;0,001;False;0,0;;True;False
Comércio varejista de mercadorias em lojas de conveniência;"G - Comércio; reparação de veículos";São João da Canabrava;Baixo-Baixo;0,001;False;0,0;;True;False
Comércio varejista de mercadorias em lojas de conveniência;"G - Comércio; reparação de veículos";São João da Fronteira;Baixo-Baixo;0,001;False;0,0;;True;False
Comércio varejista de mercadorias em lojas de conveniência;"G - Comércio; reparação de veículos";São João do Piauí;Baixo-Baixo;0,001;False;0,0;T7;True;False
Comércio varejista de mercadorias em lojas de conveniência;"G - Comércio; reparação de veículos";São José do Divino;Baixo-Baixo;0,001;False;0,0;;True;False
Comércio varejista de mercadorias em lojas de conveniência;"G - Comércio; reparação de veículos";São José do Piauí;Baixo-Baixo;0,001;False;0,0;;True;False
Comércio varejista de mercadorias em lojas de conveniência;"G - Comércio; reparação de veículos";São Lourenço do Piauí;Baixo-Baixo;0,001;False;0,0;;True;False
Comércio varejista de mercadorias em lojas de conveniência;"G - Comércio; reparação de veículos";São Luis do Piauí;Baixo-Baixo;0,001;False;0,0;;True;False
Comércio varejista de mercadorias em lojas de conveniência;"G - Comércio; reparação de veículos";São Miguel da Baixa Grande;Baixo-Baixo;0,001;False;0,0;;True;False
Comércio varejista de mercadorias em lojas de conveniência;"G - Comércio; reparação de veículos";São Miguel do Fidalgo;Baixo-Baixo;0,001;False;0,0;;True;False
Comércio varejista de mercadorias em lojas de conveniência;"G - Comércio; reparação de veículos";São Raimundo Nonato;Baixo-Baixo;0,001;False;0,0;;True;False
Comércio varejista de mercadorias em lojas de conveniência;"G - Comércio; reparação de veículos";Sebastião Barros;Baixo-Baixo;0,001;False;0,0;;True;False
Comércio varejista de mercadorias em lojas de conveniência;"G - Comércio; reparação de veículos";Sebastião Leal;Baixo-Baixo;0,001;False;0,0;;True;False
Comércio varejista de mercadorias em lojas de conveniência;"G - Comércio; reparação de veículos";Sigefredo Pacheco;Baixo-Alto;0,042;False;0,0;;False;False
Comércio varejista de mercadorias em lojas de conveniência;"G - Comércio; reparação de veículos";Simões;Baixo-Baixo;0,001;False;0,0;;True;False
Comércio varejista de mercadorias em lojas de conveniência;"G - Comércio; reparação de veículos";Simplício Mendes;Baixo-Baixo;0,001;False;0,0;T7;True;False
Comércio varejista de mercadorias em lojas de conveniência;"G - Comércio; reparação de veículos";Socorro do Piauí;Baixo-Baixo;0,001;False;0,0;;True;False
Comércio varejista de mercadorias em lojas de conveniência;"G - Comércio; reparação de veículos";Sussuapara;Baixo-Baixo;0,001;False;0,0;;True;False
Comércio varejista de mercadorias em lojas de conveniência;"G - Comércio; reparação de veículos";Tamboril do Piauí;Baixo-Baixo;0,001;False;0,0;;True;False
Comércio varejista de mercadorias em lojas de conveniência;"G - Comércio; reparação de veículos";União;Baixo-Alto;0,004;False;0,0;T7;True;True
Comércio varejista de mercadorias em lojas de conveniência;"G - Comércio; reparação de veículos";Valença do Piauí;Baixo-Baixo;0,001;False;0,0;;True;False
Comércio varejista de mercadorias em lojas de conveniência;"G - Comércio; reparação de veículos";Várzea Branca;Baixo-Baixo;0,001;False;0,0;;True;False
Comércio varejista de mercadorias em lojas de conveniência;"G - Comércio; reparação de veículos";Várzea Grande;Baixo-Baixo;0,001;False;0,0;;True;False
Comércio varejista de mercadorias em lojas de conveniência;"G - Comércio; reparação de veículos";Vera Mendes;Baixo-Baixo;0,001;False;0,0;;True;False
Comércio varejista de mercadorias em lojas de conveniência;"G - Comércio; reparação de veículos";Vila Nova do Piauí;Baixo-Baixo;0,001;False;0,0;;True;False
Comércio varejista de móveis;"G - Comércio; reparação de veículos";Alvorada do Gurguéia;Baixo-Alto;0,001;False;0,0;T7;True;True
Comércio varejista de móveis;"G - Comércio; reparação de veículos";Angical do Piauí;Alto-Alto;0,049;True;5,7577;T1,T3;False;False
Comércio varejista de móveis;"G - Comércio; reparação de veículos";Assunção do Piauí;Alto-Baixo;0,001;True;4,0103;T2,T6;True;False
Comércio varejista de móveis;"G - Comércio; reparação de veículos";Baixa Grande do Ribeiro;Alto-Alto;0,019;True;2,1739;T3;False;False
Comércio varejista de móveis;"G - Comércio; reparação de veículos";Belém do Piauí;Baixo-Alto;0,017;False;0,0;;False;False
Comércio varejista de móveis;"G - Comércio; reparação de veículos";Buriti dos Lopes;Baixo-Baixo;0,047;False;0,0;T7;False;False
Comércio varejista de móveis;"G - Comércio; reparação de veículos";Cocal de Telha;Alto-Baixo;0,001;True;10,3433;T2;True;False
Comércio varejista de móveis;"G - Comércio; reparação de veículos";Currais;Baixo-Alto;0,005;False;0,0;;False;False
Comércio varejista de móveis;"G - Comércio; reparação de veículos";Eliseu Martins;Alto-Alto;0,023;True;7,7716;T2,T3;False;False
Comércio varejista de móveis;"G - Comércio; reparação de veículos";Fartura do Piauí;Baixo-Alto;0,047;False;0,0;T3;False;False
Comércio varejista de móveis;"G - Comércio; reparação de veículos";Francisco Ayres;Baixo-Alto;0,02;False;0,0;;False;False
Comércio varejista de móveis;"G - Comércio; reparação de veículos";Fronteiras;Alto-Baixo;0,001;True;4,2818;T1,T2;True;False
Comércio varejista de móveis;"G - Comércio; reparação de veículos";Guaribas;Baixo-Alto;0,003;True;0,1615;T2;False;False
Comércio varejista de móveis;"G - Comércio; reparação de veículos";Jerumenha;Alto-Alto;0,028;True;3,8116;T1,T7,T8;False;False
Comércio varejista de móveis;"G - Comércio; reparação de veículos";Manoel Emídio;Alto-Alto;0,035;True;10,6851;T1,T2,T3;False;False
Comércio varejista de móveis;"G - Comércio; reparação de veículos";Nossa Senhora dos Remédios;Alto-Alto;0,016;True;2,9624;T3;False;False
Comércio varejista de móveis;"G - Comércio; reparação de veículos";Palmeira do Piauí;Alto-Alto;0,033;True;10,8646;T1;False;False
Comércio varejista de móveis;"G - Comércio; reparação de veículos";Paulistana;Alto-Baixo;0,001;True;15,2862;T1,T3;True;False
Comércio varejista de móveis;"G - Comércio; reparação de veículos";Pavussu;Baixo-Alto;0,012;False;0,0;T3,T7;False;False
Comércio varejista de móveis;"G - Comércio; reparação de veículos";Piracuruca;Alto-Baixo;0,018;True;19,4182;T1,T3;False;True
Comércio varejista de móveis;"G - Comércio; reparação de veículos";Riacho Frio;Baixo-Alto;0,038;False;0,0;;False;False
Comércio varejista de móveis;"G - Comércio; reparação de veículos";Santa Filomena;Baixo-Alto;0,049;False;0,0;;False;False
Comércio varejista de móveis;"G - Comércio; reparação de veículos";Santo Antônio de Lisboa;Baixo-Baixo;0,024;True;1,1471;T1,T3;False;False
Comércio varejista de móveis;"G - Comércio; reparação de veículos";São João da Varjota;Alto-Alto;0,037;True;2,664;T1;False;False
Comércio varejista de móveis;"G - Comércio; reparação de veículos";São José do Peixe;Baixo-Alto;0,04;False;0,0;T7;False;False
Comércio varejista de móveis;"G - Comércio; reparação de veículos";São Lourenço do Piauí;Baixo-Alto;0,045;False;0,0;T4;False;False
Comércio varejista de móveis;"G - Comércio; reparação de veículos";Sebastião Barros;Baixo-Alto;0,005;False;0,0;;False;False
Comércio varejista de móveis;"G - Comércio; reparação de veículos";Sussuapara;Baixo-Baixo;0,043;False;0,0;T3;False;False
Comércio varejista de outros artigos de uso doméstico não especificados anteriormente;"G - Comércio; reparação de veículos";Água Branca;Alto-Baixo;0,001;True;30,6968;T1,T7;True;False
Comércio varejista de outros artigos de uso doméstico não especificados anteriormente;"G - Comércio; reparação de veículos";Alto Longá;Baixo-Baixo;0,001;False;0,0;;True;False
Comércio varejista de outros artigos de uso doméstico não especificados anteriormente;"G - Comércio; reparação de veículos";Amarante;Baixo-Alto;0,022;False;0,0;;False;False
Comércio varejista de outros artigos de uso doméstico não especificados anteriormente;"G - Comércio; reparação de veículos";Bom Jesus;Alto-Baixo;0,001;True;11,9013;T1,T7;True;False
Comércio varejista de outros artigos de uso doméstico não especificados anteriormente;"G - Comércio; reparação de veículos";Bom Princípio do Piauí;Baixo-Alto;0,04;False;0,0;;False;False
Comércio varejista de outros artigos de uso doméstico não especificados anteriormente;"G - Comércio; reparação de veículos";Cocal;Alto-Baixo;0,001;True;0,7659;T3,T7;True;False
Comércio varejista de outros artigos de uso doméstico não especificados anteriormente;"G - Comércio; reparação de veículos";Demerval Lobão;Baixo-Alto;0,042;False;0,0;;False;False
Comércio varejista de outros artigos de uso doméstico não especificados anteriormente;"G - Comércio; reparação de veículos";Elesbão Veloso;Baixo-Baixo;0,001;False;0,0;;True;False
Comércio varejista de outros artigos de uso doméstico não especificados anteriormente;"G - Comércio; reparação de veículos";Floriano;Alto-Baixo;0,001;True;32,8332;T1,T7;True;False
Comércio varejista de outros artigos de uso doméstico não especificados anteriormente;"G - Comércio; reparação de veículos";Francisco Ayres;Baixo-Alto;0,013;False;0,0;;False;False
Comércio varejista de outros artigos de uso doméstico não especificados anteriormente;"G - Comércio; reparação de veículos";Ilha Grande;Baixo-Alto;0,025;False;0,0;;False;False
Comércio varejista de outros artigos de uso doméstico não especificados anteriormente;"G - Comércio; reparação de veículos";Itaueira;Baixo-Alto;0,037;False;0,0;;False;False
Comércio varejista de outros artigos de uso doméstico não especificados anteriormente;"G - Comércio; reparação de veículos";Jerumenha;Baixo-Alto;0,049;False;0,0;;False;False
Comércio varejista de outros artigos de uso doméstico não especificados anteriormente;"G - Comércio; reparação de veículos";Luís Correia;Baixo-Alto;0,044;False;0,0;T8;False;False
Comércio varejista de outros artigos de uso doméstico não especificados anteriormente;"G - Comércio; reparação de veículos";Nazaré do Piauí;Baixo-Alto;0,037;False;0,0;T7,T8;False;False
Comércio varejista de outros artigos de uso doméstico não especificados anteriormente;"G - Comércio; reparação de veículos";Nazária;Baixo-Alto;0,025;False;0,0;T7;False;False
Comércio varejista de outros artigos de uso doméstico não especificados anteriormente;"G - Comércio; reparação de veículos";Pimenteiras;Baixo-Baixo;0,001;False;0,0;;True;False
Comércio varejista de outros artigos de uso doméstico não especificados anteriormente;"G - Comércio; reparação de veículos";Santa Rosa do Piauí;Alto-Baixo;0,001;True;0,2885;T6;True;False
Comércio varejista de outros artigos de uso doméstico não especificados anteriormente;"G - Comércio; reparação de veículos";São João do Piauí;Alto-Baixo;0,001;True;5,6433;T1,T3;True;False
Comércio varejista de outros artigos de uso doméstico não especificados anteriormente;"G - Comércio; reparação de veículos";São Miguel do Tapuio;Baixo-Baixo;0,001;False;0,0;;True;False
Comércio varejista de outros artigos de uso doméstico não especificados anteriormente;"G - Comércio; reparação de veículos";São Raimundo Nonato;Alto-Baixo;0,001;True;1,2499;T3,T7;True;False
Comércio varejista de outros artigos de uso doméstico não especificados anteriormente;"G - Comércio; reparação de veículos";Simplício Mendes;Baixo-Baixo;0,001;False;0,0;;True;False
Comércio varejista de outros artigos de uso doméstico não especificados anteriormente;"G - Comércio; reparação de veículos";Teresina;Alto-Baixo;0,001;True;16,8749;T1,T3,T7;True;False
Comércio varejista de outros artigos de uso doméstico não especificados anteriormente;"G - Comércio; reparação de veículos";União;Baixo-Alto;0,043;False;0,0;;False;False
Comércio varejista de outros produtos não especificados anteriormente;"G - Comércio; reparação de veículos";Alegrete do Piauí;Baixo-Baixo;0,001;False;0,0;T8;True;False
Comércio varejista de outros produtos não especificados anteriormente;"G - Comércio; reparação de veículos";Alvorada do Gurguéia;Baixo-Alto;0,025;False;0,0;;False;False
Comércio varejista de outros produtos não especificados anteriormente;"G - Comércio; reparação de veículos";Antônio Almeida;Baixo-Alto;0,005;False;0,0;;True;False
Comércio varejista de outros produtos não especificados anteriormente;"G - Comércio; reparação de veículos";Aroazes;Baixo-Baixo;0,001;False;0,0;;True;False
Comércio varejista de outros produtos não especificados anteriormente;"G - Comércio; reparação de veículos";Arraial;Baixo-Baixo;0,001;False;0,0;;True;False
Comércio varejista de outros produtos não especificados anteriormente;"G - Comércio; reparação de veículos";Baixa Grande do Ribeiro;Baixo-Alto;0,007;False;0,0;;True;False
Comércio varejista de outros produtos não especificados anteriormente;"G - Comércio; reparação de veículos";Belém do Piauí;Baixo-Baixo;0,001;False;0,0;;True;False
Comércio varejista de outros produtos não especificados anteriormente;"G - Comércio; reparação de veículos";Bom Jesus;Alto-Baixo;0,001;True;1,6796;T3,T7;True;True
Comércio varejista de outros produtos não especificados anteriormente;"G - Comércio; reparação de veículos";Campo Alegre do Fidalgo;Baixo-Baixo;0,001;False;0,0;;True;False
Comércio varejista de outros produtos não especificados anteriormente;"G - Comércio; reparação de veículos";Campo Grande do Piauí;Baixo-Baixo;0,001;False;0,0;;True;False
Comércio varejista de outros produtos não especificados anteriormente;"G - Comércio; reparação de veículos";Campo Largo do Piauí;Baixo-Baixo;0,001;False;0,0;;True;False
Comércio varejista de outros produtos não especificados anteriormente;"G - Comércio; reparação de veículos";Castelo do Piauí;Baixo-Baixo;0,001;False;0,0;;True;False
Comércio varejista de outros produtos não especificados anteriormente;"G - Comércio; reparação de veículos";Conceição do Canindé;Baixo-Baixo;0,001;False;0,0;;True;False
Comércio varejista de outros produtos não especificados anteriormente;"G - Comércio; reparação de veículos";Corrente;Alto-Baixo;0,001;True;15,9982;T1,T3;True;True
Comércio varejista de outros produtos não especificados anteriormente;"G - Comércio; reparação de veículos";Cristalândia do Piauí;Baixo-Alto;0,011;False;0,0;T7;True;True
Comércio varejista de outros produtos não especificados anteriormente;"G - Comércio; reparação de veículos";Curimatá;Baixo-Baixo;0,001;False;0,0;T3;True;False
Comércio varejista de outros produtos não especificados anteriormente;"G - Comércio; reparação de veículos";Curralinhos;Baixo-Baixo;0,001;False;0,0;;True;False
Comércio varejista de outros produtos não especificados anteriormente;"G - Comércio; reparação de veículos";Demerval Lobão;Alto-Baixo;0,001;True;1,2994;T3;True;False
Comércio varejista de outros produtos não especificados anteriormente;"G - Comércio; reparação de veículos";Eliseu Martins;Baixo-Baixo;0,001;False;0,0;;True;False
Comércio varejista de outros produtos não especificados anteriormente;"G - Comércio; reparação de veículos";Esperantina;Baixo-Baixo;0,001;False;0,0;T7;True;False
Comércio varejista de outros produtos não especificados anteriormente;"G - Comércio; reparação de veículos";Francisco Ayres;Baixo-Alto;0,032;False;0,0;;False;False
Comércio varejista de outros produtos não especificados anteriormente;"G - Comércio; reparação de veículos";Ilha Grande;Baixo-Alto;0,018;False;0,0;;False;False
Comércio varejista de outros produtos não especificados anteriormente;"G - Comércio; reparação de veículos";Jacobina do Piauí;Baixo-Baixo;0,001;False;0,0;T7;True;False
Comércio varejista de outros produtos não especificados anteriormente;"G - Comércio; reparação de veículos";Jerumenha;Baixo-Alto;0,004;False;0,0;;True;False
Comércio varejista de outros produtos não especificados anteriormente;"G - Comércio; reparação de veículos";João Costa;Baixo-Baixo;0,001;False;0,0;;True;False
Comércio varejista de outros produtos não especificados anteriormente;"G - Comércio; reparação de veículos";Landri Sales;Baixo-Baixo;0,001;False;0,0;T8;True;False
Comércio varejista de outros produtos não especificados anteriormente;"G - Comércio; reparação de veículos";Luzilândia;Baixo-Baixo;0,001;False;0,0;;True;False
Comércio varejista de outros produtos não especificados anteriormente;"G - Comércio; reparação de veículos";Manoel Emídio;Baixo-Alto;0,028;False;0,0;;False;False
Comércio varejista de outros produtos não especificados anteriormente;"G - Comércio; reparação de veículos";Miguel Alves;Baixo-Baixo;0,001;False;0,0;T8;True;False
Comércio varejista de outros produtos não especificados anteriormente;"G - Comércio; reparação de veículos";Miguel Leão;Baixo-Baixo;0,001;False;0,0;;True;False
Comércio varejista de outros produtos não especificados anteriormente;"G - Comércio; reparação de veículos";Nazaré do Piauí;Baixo-Alto;0,018;False;0,0;;False;False
Comércio varejista de outros produtos não especificados anteriormente;"G - Comércio; reparação de veículos";Oeiras;Alto-Baixo;0,001;True;5,6805;T2,T7;True;False
Comércio varejista de outros produtos não especificados anteriormente;"G - Comércio; reparação de veículos";Padre Marcos;Baixo-Baixo;0,001;False;0,0;;True;False
Comércio varejista de outros produtos não especificados anteriormente;"G - Comércio; reparação de veículos";Palmeira do Piauí;Baixo-Alto;0,028;False;0,0;;False;False
Comércio varejista de outros produtos não especificados anteriormente;"G - Comércio; reparação de veículos";Palmeirais;Baixo-Baixo;0,001;False;0,0;;True;False
Comércio varejista de outros produtos não especificados anteriormente;"G - Comércio; reparação de veículos";Parnaguá;Baixo-Alto;0,031;False;0,0;;False;False
Comércio varejista de outros produtos não especificados anteriormente;"G - Comércio; reparação de veículos";Parnaíba;Alto-Baixo;0,001;True;6,6835;T1,T7;True;True
Comércio varejista de outros produtos não especificados anteriormente;"G - Comércio; reparação de veículos";Paulistana;Baixo-Baixo;0,001;False;0,0;T7;True;False
Comércio varejista de outros produtos não especificados anteriormente;"G - Comércio; reparação de veículos";Pedro II;Alto-Baixo;0,001;True;3,8448;T2,T4;True;False
Comércio varejista de outros produtos não especificados anteriormente;"G - Comércio; reparação de veículos";Pio IX;Baixo-Baixo;0,001;False;0,0;;True;False
Comércio varejista de outros produtos não especificados anteriormente;"G - Comércio; reparação de veículos";Piracuruca;Alto-Baixo;0,001;True;1,6449;T1;True;False
Comércio varejista de outros produtos não especificados anteriormente;"G - Comércio; reparação de veículos";Ribeiro Gonçalves;Baixo-Alto;0,007;False;0,0;;True;False
Comércio varejista de outros produtos não especificados anteriormente;"G - Comércio; reparação de veículos";Santo Antônio de Lisboa;Baixo-Baixo;0,001;False;0,0;;True;False
Comércio varejista de outros produtos não especificados anteriormente;"G - Comércio; reparação de veículos";Santo Inácio do Piauí;Baixo-Baixo;0,001;False;0,0;;True;False
Comércio varejista de outros produtos não especificados anteriormente;"G - Comércio; reparação de veículos";São Gonçalo do Gurguéia;Baixo-Alto;0,022;False;0,0;;False;True
Comércio varejista de outros produtos não especificados anteriormente;"G - Comércio; reparação de veículos";São Gonçalo do Piauí;Baixo-Baixo;0,001;False;0,0;;True;False
Comércio varejista de outros produtos não especificados anteriormente;"G - Comércio; reparação de veículos";São João da Canabrava;Baixo-Baixo;0,001;False;0,0;;True;False
Comércio varejista de outros produtos não especificados anteriormente;"G - Comércio; reparação de veículos";São José do Peixe;Baixo-Alto;0,016;False;0,0;;False;False
Comércio varejista de outros produtos não especificados anteriormente;"G - Comércio; reparação de veículos";São José do Piauí;Baixo-Baixo;0,001;False;0,0;;True;False
Comércio varejista de outros produtos não especificados anteriormente;"G - Comércio; reparação de veículos";São Miguel da Baixa Grande;Baixo-Baixo;0,001;False;0,0;;True;False
Comércio varejista de outros produtos não especificados anteriormente;"G - Comércio; reparação de veículos";São Miguel do Fidalgo;Baixo-Baixo;0,001;False;0,0;;True;False
Comércio varejista de outros produtos não especificados anteriormente;"G - Comércio; reparação de veículos";Sebastião Barros;Baixo-Alto;0,017;False;0,0;;False;False
Comércio varejista de outros produtos não especificados anteriormente;"G - Comércio; reparação de veículos";Sebastião Leal;Baixo-Alto;0,033;False;0,0;;False;False
Comércio varejista de outros produtos não especificados anteriormente;"G - Comércio; reparação de veículos";Simões;Baixo-Baixo;0,001;False;0,0;;True;False
Comércio varejista de outros produtos não especificados anteriormente;"G - Comércio; reparação de veículos";Socorro do Piauí;Baixo-Baixo;0,001;False;0,0;;True;False
Comércio varejista de outros produtos não especificados anteriormente;"G - Comércio; reparação de veículos";Sussuapara;Baixo-Baixo;0,001;False;0,0;;True;False
Comércio varejista de outros produtos não especificados anteriormente;"G - Comércio; reparação de veículos";Uruçuí;Alto-Baixo;0,001;True;43,475;T1;True;True
Comércio varejista de outros produtos não especificados anteriormente;"G - Comércio; reparação de veículos";Valença do Piauí;Baixo-Baixo;0,001;False;0,0;T7;True;False
Comércio varejista de outros produtos não especificados anteriormente;"G - Comércio; reparação de veículos";Vila Nova do Piauí;Baixo-Baixo;0,001;False;0,0;;True;False
Comércio varejista de produtos alimentícios em geral ou especializado em produtos alimentícios não especificados anteriormente;"G - Comércio; reparação de veículos";Altos;Alto-Alto;0,007;True;3,259;T1,T7;False;True
Comércio varejista de produtos alimentícios em geral ou especializado em produtos alimentícios não especificados anteriormente;"G - Comércio; reparação de veículos";Aroeiras do Itaim;Baixo-Alto;0,037;False;0,0;;False;False
Comércio varejista de produtos alimentícios em geral ou especializado em produtos alimentícios não especificados anteriormente;"G - Comércio; reparação de veículos";Barras;Baixo-Alto;0,037;False;0,0;;False;False
Comércio varejista de produtos alimentícios em geral ou especializado em produtos alimentícios não especificados anteriormente;"G - Comércio; reparação de veículos";Batalha;Baixo-Alto;0,027;False;0,0;T7;False;False
Comércio varejista de produtos alimentícios em geral ou especializado em produtos alimentícios não especificados anteriormente;"G - Comércio; reparação de veículos";Bom Princípio do Piauí;Baixo-Alto;0,01;False;0,0;;False;False
Comércio varejista de produtos alimentícios em geral ou especializado em produtos alimentícios não especificados anteriormente;"G - Comércio; reparação de veículos";Cajueiro da Praia;Alto-Alto;0,019;True;0,894;T1,T3;False;True
Comércio varejista de produtos alimentícios em geral ou especializado em produtos alimentícios não especificados anteriormente;"G - Comércio; reparação de veículos";Curralinhos;Baixo-Alto;0,036;False;0,0;;False;False
Comércio varejista de produtos alimentícios em geral ou especializado em produtos alimentícios não especificados anteriormente;"G - Comércio; reparação de veículos";Demerval Lobão;Baixo-Alto;0,011;False;0,0;T7;False;False
Comércio varejista de produtos alimentícios em geral ou especializado em produtos alimentícios não especificados anteriormente;"G - Comércio; reparação de veículos";Dom Expedito Lopes;Baixo-Alto;0,027;False;0,0;;False;False
Comércio varejista de produtos alimentícios em geral ou especializado em produtos alimentícios não especificados anteriormente;"G - Comércio; reparação de veículos";Ilha Grande;Baixo-Alto;0,008;False;0,0;;False;True
Comércio varejista de produtos alimentícios em geral ou especializado em produtos alimentícios não especificados anteriormente;"G - Comércio; reparação de veículos";Ipiranga do Piauí;Baixo-Alto;0,028;False;0,0;;False;False
Comércio varejista de produtos alimentícios em geral ou especializado em produtos alimentícios não especificados anteriormente;"G - Comércio; reparação de veículos";José de Freitas;Baixo-Alto;0,009;False;0,0;T7;False;False
Comércio varejista de produtos alimentícios em geral ou especializado em produtos alimentícios não especificados anteriormente;"G - Comércio; reparação de veículos";Lagoa de São Francisco;Baixo-Alto;0,034;False;0,0;;False;False
Comércio varejista de produtos alimentícios em geral ou especializado em produtos alimentícios não especificados anteriormente;"G - Comércio; reparação de veículos";Lagoa do Piauí;Baixo-Alto;0,017;False;0,0;;False;False
Comércio varejista de produtos alimentícios em geral ou especializado em produtos alimentícios não especificados anteriormente;"G - Comércio; reparação de veículos";Luís Correia;Alto-Alto;0,039;True;15,7009;T2;False;False
Comércio varejista de produtos alimentícios em geral ou especializado em produtos alimentícios não especificados anteriormente;"G - Comércio; reparação de veículos";Miguel Alves;Alto-Baixo;0,001;True;3,7826;T2;True;True
Comércio varejista de produtos alimentícios em geral ou especializado em produtos alimentícios não especificados anteriormente;"G - Comércio; reparação de veículos";Monsenhor Gil;Baixo-Alto;0,042;False;0,0;;False;False
Comércio varejista de produtos alimentícios em geral ou especializado em produtos alimentícios não especificados anteriormente;"G - Comércio; reparação de veículos";Nazária;Baixo-Alto;0,003;False;0,0;;False;False
Comércio varejista de produtos alimentícios em geral ou especializado em produtos alimentícios não especificados anteriormente;"G - Comércio; reparação de veículos";Palmeirais;Baixo-Alto;0,035;False;0,0;;False;False
Comércio varejista de produtos alimentícios em geral ou especializado em produtos alimentícios não especificados anteriormente;"G - Comércio; reparação de veículos";Paquetá;Baixo-Alto;0,035;False;0,0;;False;False
Comércio varejista de produtos alimentícios em geral ou especializado em produtos alimentícios não especificados anteriormente;"G - Comércio; reparação de veículos";Pau D'Arco do Piauí;Baixo-Alto;0,015;False;0,0;;False;False
Comércio varejista de produtos alimentícios em geral ou especializado em produtos alimentícios não especificados anteriormente;"G - Comércio; reparação de veículos";Santana do Piauí;Baixo-Alto;0,032;False;0,0;;False;False
Comércio varejista de produtos alimentícios em geral ou especializado em produtos alimentícios não especificados anteriormente;"G - Comércio; reparação de veículos";São João do Piauí;Alto-Baixo;0,001;True;7,2023;T1,T7;True;False
Comércio varejista de produtos alimentícios em geral ou especializado em produtos alimentícios não especificados anteriormente;"G - Comércio; reparação de veículos";São Raimundo Nonato;Alto-Baixo;0,001;True;8,9369;T1;True;False
Comércio varejista de produtos alimentícios em geral ou especializado em produtos alimentícios não especificados anteriormente;"G - Comércio; reparação de veículos";União;Baixo-Alto;0,004;False;0,0;T7;False;True
Comércio varejista de produtos farmacêuticos, com manipulação de fórmulas;"G - Comércio; reparação de veículos";Água Branca;Alto-Baixo;0,001;True;1,1165;T1;True;False
Comércio varejista de produtos farmacêuticos, com manipulação de fórmulas;"G - Comércio; reparação de veículos";Alagoinha do Piauí;Baixo-Baixo;0,001;False;0,0;;True;False
Comércio varejista de produtos farmacêuticos, com manipulação de fórmulas;"G - Comércio; reparação de veículos";Altos;Baixo-Alto;0,003;False;0,0;T7;True;True
Comércio varejista de produtos farmacêuticos, com manipulação de fórmulas;"G - Comércio; reparação de veículos";Angical do Piauí;Baixo-Baixo;0,001;False;0,0;;True;False
Comércio varejista de produtos farmacêuticos, com manipulação de fórmulas;"G - Comércio; reparação de veículos";Aroeiras do Itaim;Baixo-Baixo;0,001;False;0,0;;True;False
Comércio varejista de produtos farmacêuticos, com manipulação de fórmulas;"G - Comércio; reparação de veículos";Barra D'Alcântara;Baixo-Baixo;0,001;False;0,0;;True;False
Comércio varejista de produtos farmacêuticos, com manipulação de fórmulas;"G - Comércio; reparação de veículos";Barras;Baixo-Alto;0,044;False;0,0;;False;False
Comércio varejista de produtos farmacêuticos, com manipulação de fórmulas;"G - Comércio; reparação de veículos";Batalha;Baixo-Alto;0,04;False;0,0;;False;False
Comércio varejista de produtos farmacêuticos, com manipulação de fórmulas;"G - Comércio; reparação de veículos";Bela Vista do Piauí;Baixo-Baixo;0,001;False;0,0;;True;True
Comércio varejista de produtos farmacêuticos, com manipulação de fórmulas;"G - Comércio; reparação de veículos";Beneditinos;Baixo-Baixo;0,001;False;0,0;;True;False
Comércio varejista de produtos farmacêuticos, com manipulação de fórmulas;"G - Comércio; reparação de veículos";Boa Hora;Baixo-Alto;0,033;False;0,0;;False;False
Comércio varejista de produtos farmacêuticos, com manipulação de fórmulas;"G - Comércio; reparação de veículos";Bocaina;Baixo-Baixo;0,001;False;0,0;;True;False
Comércio varejista de produtos farmacêuticos, com manipulação de fórmulas;"G - Comércio; reparação de veículos";Boqueirão do Piauí;Baixo-Baixo;0,001;False;0,0;;True;False
Comércio varejista de produtos farmacêuticos, com manipulação de fórmulas;"G - Comércio; reparação de veículos";Brasileira;Baixo-Alto;0,036;False;0,0;;False;True
Comércio varejista de produtos farmacêuticos, com manipulação de fórmulas;"G - Comércio; reparação de veículos";Buriti dos Montes;Baixo-Baixo;0,001;False;0,0;;True;False
Comércio varejista de produtos farmacêuticos, com manipulação de fórmulas;"G - Comércio; reparação de veículos";Cajazeiras do Piauí;Baixo-Baixo;0,001;False;0,0;;True;False
Comércio varejista de produtos farmacêuticos, com manipulação de fórmulas;"G - Comércio; reparação de veículos";Canavieira;Baixo-Baixo;0,001;False;0,0;;True;False
Comércio varejista de produtos farmacêuticos, com manipulação de fórmulas;"G - Comércio; reparação de veículos";Canto do Buriti;Baixo-Baixo;0,001;False;0,0;;True;False
Comércio varejista de produtos farmacêuticos, com manipulação de fórmulas;"G - Comércio; reparação de veículos";Capitão de Campos;Baixo-Alto;0,049;False;0,0;;False;False
Comércio varejista de produtos farmacêuticos, com manipulação de fórmulas;"G - Comércio; reparação de veículos";Caridade do Piauí;Baixo-Baixo;0,001;False;0,0;;True;False
Comércio varejista de produtos farmacêuticos, com manipulação de fórmulas;"G - Comércio; reparação de veículos";Corrente;Baixo-Baixo;0,001;False;0,0;T7;True;False
Comércio varejista de produtos farmacêuticos, com manipulação de fórmulas;"G - Comércio; reparação de veículos";Cristino Castro;Baixo-Baixo;0,001;False;0,0;;True;False
Comércio varejista de produtos farmacêuticos, com manipulação de fórmulas;"G - Comércio; reparação de veículos";Curralinhos;Baixo-Alto;0,02;False;0,0;;False;False
Comércio varejista de produtos farmacêuticos, com manipulação de fórmulas;"G - Comércio; reparação de veículos";Demerval Lobão;Baixo-Alto;0,008;False;0,0;;True;True
Comércio varejista de produtos farmacêuticos, com manipulação de fórmulas;"G - Comércio; reparação de veículos";Dom Inocêncio;Baixo-Baixo;0,001;False;0,0;;True;False
Comércio varejista de produtos farmacêuticos, com manipulação de fórmulas;"G - Comércio; reparação de veículos";Domingos Mourão;Baixo-Alto;0,027;False;0,0;;False;False
Comércio varejista de produtos farmacêuticos, com manipulação de fórmulas;"G - Comércio; reparação de veículos";Flores do Piauí;Baixo-Baixo;0,001;False;0,0;;True;False
Comércio varejista de produtos farmacêuticos, com manipulação de fórmulas;"G - Comércio; reparação de veículos";Floresta do Piauí;Baixo-Baixo;0,001;False;0,0;;True;False
Comércio varejista de produtos farmacêuticos, com manipulação de fórmulas;"G - Comércio; reparação de veículos";Francinópolis;Baixo-Baixo;0,001;False;0,0;;True;False
Comércio varejista de produtos farmacêuticos, com manipulação de fórmulas;"G - Comércio; reparação de veículos";Francisco Santos;Baixo-Baixo;0,001;False;0,0;;True;True
Comércio varejista de produtos farmacêuticos, com manipulação de fórmulas;"G - Comércio; reparação de veículos";Geminiano;Baixo-Baixo;0,001;False;0,0;;True;False
Comércio varejista de produtos farmacêuticos, com manipulação de fórmulas;"G - Comércio; reparação de veículos";Ilha Grande;Baixo-Alto;0,015;False;0,0;;True;False
Comércio varejista de produtos farmacêuticos, com manipulação de fórmulas;"G - Comércio; reparação de veículos";Inhuma;Baixo-Baixo;0,001;False;0,0;;True;True
Comércio varejista de produtos farmacêuticos, com manipulação de fórmulas;"G - Comércio; reparação de veículos";Ipiranga do Piauí;Baixo-Baixo;0,001;False;0,0;;True;False
Comércio varejista de produtos farmacêuticos, com manipulação de fórmulas;"G - Comércio; reparação de veículos";Itainópolis;Baixo-Baixo;0,001;False;0,0;;True;False
Comércio varejista de produtos farmacêuticos, com manipulação de fórmulas;"G - Comércio; reparação de veículos";Jaicós;Baixo-Baixo;0,001;False;0,0;;True;False
Comércio varejista de produtos farmacêuticos, com manipulação de fórmulas;"G - Comércio; reparação de veículos";Jardim do Mulato;Baixo-Baixo;0,001;False;0,0;;True;False
Comércio varejista de produtos farmacêuticos, com manipulação de fórmulas;"G - Comércio; reparação de veículos";José de Freitas;Alto-Alto;0,003;True;1,5236;T2;True;False
Comércio varejista de produtos farmacêuticos, com manipulação de fórmulas;"G - Comércio; reparação de veículos";Jurema;Baixo-Baixo;0,001;False;0,0;;True;False
Comércio varejista de produtos farmacêuticos, com manipulação de fórmulas;"G - Comércio; reparação de veículos";Lagoa de São Francisco;Baixo-Alto;0,013;False;0,0;;True;True
Comércio varejista de produtos farmacêuticos, com manipulação de fórmulas;"G - Comércio; reparação de veículos";Lagoa do Barro do Piauí;Baixo-Baixo;0,001;False;0,0;;True;False
Comércio varejista de produtos farmacêuticos, com manipulação de fórmulas;"G - Comércio; reparação de veículos";Lagoa do Piauí;Baixo-Alto;0,009;False;0,0;;True;False
Comércio varejista de produtos farmacêuticos, com manipulação de fórmulas;"G - Comércio; reparação de veículos";Massapê do Piauí;Baixo-Baixo;0,001;False;0,0;;True;False
Comércio varejista de produtos farmacêuticos, com manipulação de fórmulas;"G - Comércio; reparação de veículos";Monsenhor Gil;Baixo-Alto;0,03;False;0,0;;False;False
Comércio varejista de produtos farmacêuticos, com manipulação de fórmulas;"G - Comércio; reparação de veículos";Monsenhor Hipólito;Baixo-Baixo;0,001;False;0,0;;True;False
Comércio varejista de produtos farmacêuticos, com manipulação de fórmulas;"G - Comércio; reparação de veículos";Nazária;Baixo-Alto;0,012;False;0,0;;True;False
Comércio varejista de produtos farmacêuticos, com manipulação de fórmulas;"G - Comércio; reparação de veículos";Nova Santa Rita;Baixo-Baixo;0,001;False;0,0;;True;False
Comércio varejista de produtos farmacêuticos, com manipulação de fórmulas;"G - Comércio; reparação de veículos";Novo Oriente do Piauí;Baixo-Baixo;0,001;False;0,0;;True;False
Comércio varejista de produtos farmacêuticos, com manipulação de fórmulas;"G - Comércio; reparação de veículos";Oeiras;Baixo-Baixo;0,001;False;0,0;T7;True;False
Comércio varejista de produtos farmacêuticos, com manipulação de fórmulas;"G - Comércio; reparação de veículos";Pajeú do Piauí;Baixo-Baixo;0,001;False;0,0;;True;False
Comércio varejista de produtos farmacêuticos, com manipulação de fórmulas;"G - Comércio; reparação de veículos";Palmeirais;Baixo-Alto;0,019;False;0,0;;False;False
Comércio varejista de produtos farmacêuticos, com manipulação de fórmulas;"G - Comércio; reparação de veículos";Paquetá;Baixo-Baixo;0,001;False;0,0;;True;False
Comércio varejista de produtos farmacêuticos, com manipulação de fórmulas;"G - Comércio; reparação de veículos";Parnaguá;Baixo-Baixo;0,001;False;0,0;;True;False
Comércio varejista de produtos farmacêuticos, com manipulação de fórmulas;"G - Comércio; reparação de veículos";Parnaíba;Alto-Baixo;0,001;True;9,9464;T1,T3;True;False
Comércio varejista de produtos farmacêuticos, com manipulação de fórmulas;"G - Comércio; reparação de veículos";Pau D'Arco do Piauí;Baixo-Alto;0,017;False;0,0;;False;False
Comércio varejista de produtos farmacêuticos, com manipulação de fórmulas;"G - Comércio; reparação de veículos";Pavussu;Baixo-Baixo;0,001;False;0,0;;True;False
Comércio varejista de produtos farmacêuticos, com manipulação de fórmulas;"G - Comércio; reparação de veículos";Pedro Laurentino;Baixo-Baixo;0,001;False;0,0;;True;False
Comércio varejista de produtos farmacêuticos, com manipulação de fórmulas;"G - Comércio; reparação de veículos";Picos;Baixo-Baixo;0,001;False;0,0;T3,T7;True;True
Comércio varejista de produtos farmacêuticos, com manipulação de fórmulas;"G - Comércio; reparação de veículos";Piracuruca;Baixo-Baixo;0,001;False;0,0;T7;True;False
Comércio varejista de produtos farmacêuticos, com manipulação de fórmulas;"G - Comércio; reparação de veículos";Prata do Piauí;Baixo-Baixo;0,001;False;0,0;;True;False
Comércio varejista de produtos farmacêuticos, com manipulação de fórmulas;"G - Comércio; reparação de veículos";Regeneração;Baixo-Baixo;0,001;False;0,0;;True;False
Comércio varejista de produtos farmacêuticos, com manipulação de fórmulas;"G - Comércio; reparação de veículos";Riacho Frio;Baixo-Baixo;0,001;False;0,0;;True;False
Comércio varejista de produtos farmacêuticos, com manipulação de fórmulas;"G - Comércio; reparação de veículos";Ribeira do Piauí;Baixo-Baixo;0,001;False;0,0;;True;True
Comércio varejista de produtos farmacêuticos, com manipulação de fórmulas;"G - Comércio; reparação de veículos";Rio Grande do Piauí;Baixo-Baixo;0,001;False;0,0;;True;False
Comércio varejista de produtos farmacêuticos, com manipulação de fórmulas;"G - Comércio; reparação de veículos";Santa Cruz dos Milagres;Baixo-Baixo;0,001;False;0,0;;True;False
Comércio varejista de produtos farmacêuticos, com manipulação de fórmulas;"G - Comércio; reparação de veículos";São Félix do Piauí;Baixo-Baixo;0,001;False;0,0;;True;False
Comércio varejista de produtos farmacêuticos, com manipulação de fórmulas;"G - Comércio; reparação de veículos";São João da Varjota;Baixo-Baixo;0,001;False;0,0;;True;False
Comércio varejista de produtos farmacêuticos, com manipulação de fórmulas;"G - Comércio; reparação de veículos";São Julião;Baixo-Baixo;0,001;False;0,0;;True;False
Comércio varejista de produtos farmacêuticos, com manipulação de fórmulas;"G - Comércio; reparação de veículos";São Raimundo Nonato;Alto-Baixo;0,001;True;3,6898;T1,T3;True;True
Comércio varejista de produtos farmacêuticos, com manipulação de fórmulas;"G - Comércio; reparação de veículos";Tanque do Piauí;Baixo-Baixo;0,001;False;0,0;;True;False
Comércio varejista de produtos farmacêuticos, com manipulação de fórmulas;"G - Comércio; reparação de veículos";União;Alto-Alto;0,002;True;3,4447;T1;True;True
Comércio varejista de produtos farmacêuticos, com manipulação de fórmulas;"G - Comércio; reparação de veículos";Uruçuí;Alto-Baixo;0,001;True;0,8788;T1,T7;True;False
Comércio varejista de produtos farmacêuticos, com manipulação de fórmulas;"G - Comércio; reparação de veículos";Wall Ferraz;Baixo-Baixo;0,001;False;0,0;;True;False
Comércio varejista de produtos farmacêuticos, sem manipulação de fórmulas;"G - Comércio; reparação de veículos";Altos;Alto-Alto;0,015;True;78,1459;T1,T3,T7;False;False
Comércio varejista de produtos farmacêuticos, sem manipulação de fórmulas;"G - Comércio; reparação de veículos";Boa Hora;Baixo-Alto;0,021;True;1,5098;T2,T7,T8;False;False
Comércio varejista de produtos farmacêuticos, sem manipulação de fórmulas;"G - Comércio; reparação de veículos";Bom Princípio do Piauí;Baixo-Alto;0,013;False;0,0;T7;False;False
Comércio varejista de produtos farmacêuticos, sem manipulação de fórmulas;"G - Comércio; reparação de veículos";Campinas do Piauí;Alto-Baixo;0,006;True;10,4529;T1,T3,T7;False;True
Comércio varejista de produtos farmacêuticos, sem manipulação de fórmulas;"G - Comércio; reparação de veículos";Currais;Baixo-Alto;0,037;False;0,0;;False;False
Comércio varejista de produtos farmacêuticos, sem manipulação de fórmulas;"G - Comércio; reparação de veículos";Dirceu Arcoverde;Baixo-Baixo;0,037;False;0,0;T7,T8;False;False
Comércio varejista de produtos farmacêuticos, sem manipulação de fórmulas;"G - Comércio; reparação de veículos";Floresta do Piauí;Baixo-Baixo;0,022;True;1,2478;T1,T7;False;True
Comércio varejista de produtos farmacêuticos, sem manipulação de fórmulas;"G - Comércio; reparação de veículos";Francisco Ayres;Alto-Alto;0,03;True;5,0023;T1,T2;False;False
Comércio varejista de produtos farmacêuticos, sem manipulação de fórmulas;"G - Comércio; reparação de veículos";Guaribas;Alto-Alto;0,014;True;7,7064;T2,T3,T8;False;False
Comércio varejista de produtos farmacêuticos, sem manipulação de fórmulas;"G - Comércio; reparação de veículos";Ilha Grande;Baixo-Alto;0,005;False;0,0;T7;False;False
Comércio varejista de produtos farmacêuticos, sem manipulação de fórmulas;"G - Comércio; reparação de veículos";Inhuma;Alto-Alto;0,04;True;45,6595;T1,T3,T7;False;False
Comércio varejista de produtos farmacêuticos, sem manipulação de fórmulas;"G - Comércio; reparação de veículos";Itainópolis;Alto-Baixo;0,038;True;28,2914;T1,T3;False;False
Comércio varejista de produtos farmacêuticos, sem manipulação de fórmulas;"G - Comércio; reparação de veículos";José de Freitas;Alto-Alto;0,001;True;12,3866;T1,T7,T8;False;False
Comércio varejista de produtos farmacêuticos, sem manipulação de fórmulas;"G - Comércio; reparação de veículos";Lagoa Alegre;Alto-Alto;0,041;True;8,6804;T1,T7;False;True
Comércio varejista de produtos farmacêuticos, sem manipulação de fórmulas;"G - Comércio; reparação de veículos";Lagoa de São Francisco;Baixo-Alto;0,014;True;3,0202;T2,T6,T7;False;False
Comércio varejista de produtos farmacêuticos, sem manipulação de fórmulas;"G - Comércio; reparação de veículos";Lagoa do Sítio;Baixo-Alto;0,012;True;3,3661;T1,T2,T6;False;False
Comércio varejista de produtos farmacêuticos, sem manipulação de fórmulas;"G - Comércio; reparação de veículos";Luís Correia;Alto-Alto;0,049;True;22,5784;T2;False;False
Comércio varejista de produtos farmacêuticos, sem manipulação de fórmulas;"G - Comércio; reparação de veículos";Nazária;Baixo-Alto;0,008;False;0,0;T7;False;False
Comércio varejista de produtos farmacêuticos, sem manipulação de fórmulas;"G - Comércio; reparação de veículos";Novo Oriente do Piauí;Alto-Alto;0,007;True;29,2811;T1,T2;False;False
Comércio varejista de produtos farmacêuticos, sem manipulação de fórmulas;"G - Comércio; reparação de veículos";Paes Landim;Baixo-Baixo;0,009;True;3,3331;T1,T6;False;True
Comércio varejista de produtos farmacêuticos, sem manipulação de fórmulas;"G - Comércio; reparação de veículos";Pau D'Arco do Piauí;Baixo-Alto;0,045;False;0,0;T7;False;False
Comércio varejista de produtos farmacêuticos, sem manipulação de fórmulas;"G - Comércio; reparação de veículos";Riacho Frio;Baixo-Alto;0,009;False;0,0;T7;False;False
Comércio varejista de produtos farmacêuticos, sem manipulação de fórmulas;"G - Comércio; reparação de veículos";Ribeiro Gonçalves;Baixo-Alto;0,017;True;3,166;T2,T3,T7;False;False
Comércio varejista de produtos farmacêuticos, sem manipulação de fórmulas;"G - Comércio; reparação de veículos";Santo Inácio do Piauí;Baixo-Baixo;0,012;False;0,0;T3,T7;False;True
Comércio varejista de produtos farmacêuticos, sem manipulação de fórmulas;"G - Comércio; reparação de veículos";São Lourenço do Piauí;Alto-Baixo;0,019;True;5,2095;T1,T2,T7;False;False
Comércio varejista de produtos farmacêuticos, sem manipulação de fórmulas;"G - Comércio; reparação de veículos";São Miguel do Fidalgo;Baixo-Baixo;0,003;False;0,0;;False;False
Comércio varejista de produtos farmacêuticos, sem manipulação de fórmulas;"G - Comércio; reparação de veículos";União;Alto-Alto;0,005;True;14,529;T1,T7;False;True
Comércio varejista de produtos farmacêuticos, sem manipulação de fórmulas;"G - Comércio; reparação de veículos";Valença do Piauí;Alto-Alto;0,039;True;85,739;T1;False;False
Comércio varejista de suvenires, bijuterias e artesanatos;"G - Comércio; reparação de veículos";Água Branca;Baixo-Baixo;0,001;False;0,0;T7;True;False
Comércio varejista de suvenires, bijuterias e artesanatos;"G - Comércio; reparação de veículos";Alagoinha do Piauí;Baixo-Baixo;0,001;False;0,0;;True;False
Comércio varejista de suvenires, bijuterias e artesanatos;"G - Comércio; reparação de veículos";Alegrete do Piauí;Baixo-Baixo;0,001;False;0,0;;True;False
Comércio varejista de suvenires, bijuterias e artesanatos;"G - Comércio; reparação de veículos";Altos;Baixo-Alto;0,008;False;0,0;;True;True
Comércio varejista de suvenires, bijuterias e artesanatos;"G - Comércio; reparação de veículos";Angical do Piauí;Baixo-Baixo;0,001;False;0,0;;True;False
Comércio varejista de suvenires, bijuterias e artesanatos;"G - Comércio; reparação de veículos";Anísio de Abreu;Baixo-Baixo;0,001;False;0,0;;True;False
Comércio varejista de suvenires, bijuterias e artesanatos;"G - Comércio; reparação de veículos";Aroazes;Baixo-Baixo;0,001;False;0,0;;True;False
Comércio varejista de suvenires, bijuterias e artesanatos;"G - Comércio; reparação de veículos";Arraial;Baixo-Baixo;0,001;False;0,0;;True;False
Comércio varejista de suvenires, bijuterias e artesanatos;"G - Comércio; reparação de veículos";Assunção do Piauí;Baixo-Baixo;0,001;False;0,0;;True;False
Comércio varejista de suvenires, bijuterias e artesanatos;"G - Comércio; reparação de veículos";Barreiras do Piauí;Baixo-Baixo;0,001;False;0,0;;True;False
Comércio varejista de suvenires, bijuterias e artesanatos;"G - Comércio; reparação de veículos";Bela Vista do Piauí;Baixo-Baixo;0,001;False;0,0;;True;False
Comércio varejista de suvenires, bijuterias e artesanatos;"G - Comércio; reparação de veículos";Belém do Piauí;Baixo-Baixo;0,001;False;0,0;;True;False
Comércio varejista de suvenires, bijuterias e artesanatos;"G - Comércio; reparação de veículos";Beneditinos;Baixo-Baixo;0,001;False;0,0;;True;False
Comércio varejista de suvenires, bijuterias e artesanatos;"G - Comércio; reparação de veículos";Bertolínia;Baixo-Baixo;0,001;False;0,0;;True;False
Comércio varejista de suvenires, bijuterias e artesanatos;"G - Comércio; reparação de veículos";Bocaina;Baixo-Baixo;0,001;False;0,0;;True;False
Comércio varejista de suvenires, bijuterias e artesanatos;"G - Comércio; reparação de veículos";Bonfim do Piauí;Baixo-Alto;0,023;False;0,0;;True;False
Comércio varejista de suvenires, bijuterias e artesanatos;"G - Comércio; reparação de veículos";Boqueirão do Piauí;Baixo-Baixo;0,001;False;0,0;;True;False
Comércio varejista de suvenires, bijuterias e artesanatos;"G - Comércio; reparação de veículos";Buriti dos Montes;Baixo-Baixo;0,001;False;0,0;;True;False
Comércio varejista de suvenires, bijuterias e artesanatos;"G - Comércio; reparação de veículos";Cajueiro da Praia;Baixo-Baixo;0,001;False;0,0;;True;False
Comércio varejista de suvenires, bijuterias e artesanatos;"G - Comércio; reparação de veículos";Caldeirão Grande do Piauí;Baixo-Baixo;0,001;False;0,0;;True;False
Comércio varejista de suvenires, bijuterias e artesanatos;"G - Comércio; reparação de veículos";Campinas do Piauí;Baixo-Baixo;0,001;False;0,0;;True;False
Comércio varejista de suvenires, bijuterias e artesanatos;"G - Comércio; reparação de veículos";Campo Alegre do Fidalgo;Baixo-Baixo;0,001;False;0,0;;True;False
Comércio varejista de suvenires, bijuterias e artesanatos;"G - Comércio; reparação de veículos";Campo Grande do Piauí;Baixo-Baixo;0,001;False;0,0;;True;False
Comércio varejista de suvenires, bijuterias e artesanatos;"G - Comércio; reparação de veículos";Campo Largo do Piauí;Baixo-Baixo;0,001;False;0,0;;True;False
Comércio varejista de suvenires, bijuterias e artesanatos;"G - Comércio; reparação de veículos";Campo Maior;Baixo-Baixo;0,001;False;0,0;;True;False
Comércio varejista de suvenires, bijuterias e artesanatos;"G - Comércio; reparação de veículos";Canavieira;Baixo-Baixo;0,001;False;0,0;;True;False
Comércio varejista de suvenires, bijuterias e artesanatos;"G - Comércio; reparação de veículos";Canto do Buriti;Baixo-Baixo;0,001;False;0,0;T7;True;False
Comércio varejista de suvenires, bijuterias e artesanatos;"G - Comércio; reparação de veículos";Capitão Gervásio Oliveira;Baixo-Baixo;0,001;False;0,0;;True;False
Comércio varejista de suvenires, bijuterias e artesanatos;"G - Comércio; reparação de veículos";Caracol;Baixo-Baixo;0,001;False;0,0;;True;False
Comércio varejista de suvenires, bijuterias e artesanatos;"G - Comércio; reparação de veículos";Caraúbas do Piauí;Baixo-Baixo;0,001;False;0,0;;True;False
Comércio varejista de suvenires, bijuterias e artesanatos;"G - Comércio; reparação de veículos";Caridade do Piauí;Baixo-Baixo;0,001;False;0,0;;True;False
Comércio varejista de suvenires, bijuterias e artesanatos;"G - Comércio; reparação de veículos";Castelo do Piauí;Baixo-Baixo;0,001;False;0,0;;True;False
Comércio varejista de suvenires, bijuterias e artesanatos;"G - Comércio; reparação de veículos";Caxingó;Baixo-Baixo;0,001;False;0,0;;True;False
Comércio varejista de suvenires, bijuterias e artesanatos;"G - Comércio; reparação de veículos";Cocal;Baixo-Baixo;0,001;False;0,0;;True;False
Comércio varejista de suvenires, bijuterias e artesanatos;"G - Comércio; reparação de veículos";Cocal de Telha;Baixo-Baixo;0,001;False;0,0;;True;False
Comércio varejista de suvenires, bijuterias e artesanatos;"G - Comércio; reparação de veículos";Coivaras;Baixo-Baixo;0,001;False;0,0;;True;False
Comércio varejista de suvenires, bijuterias e artesanatos;"G - Comércio; reparação de veículos";Colônia do Gurguéia;Baixo-Baixo;0,001;False;0,0;;True;False
Comércio varejista de suvenires, bijuterias e artesanatos;"G - Comércio; reparação de veículos";Conceição do Canindé;Baixo-Baixo;0,001;False;0,0;;True;False
Comércio varejista de suvenires, bijuterias e artesanatos;"G - Comércio; reparação de veículos";Coronel José Dias;Baixo-Alto;0,03;False;0,0;;False;False
Comércio varejista de suvenires, bijuterias e artesanatos;"G - Comércio; reparação de veículos";Corrente;Baixo-Baixo;0,001;False;0,0;T3,T7;True;False
Comércio varejista de suvenires, bijuterias e artesanatos;"G - Comércio; reparação de veículos";Cristalândia do Piauí;Baixo-Baixo;0,001;False;0,0;;True;True
Comércio varejista de suvenires, bijuterias e artesanatos;"G - Comércio; reparação de veículos";Cristino Castro;Baixo-Baixo;0,001;False;0,0;;True;False
Comércio varejista de suvenires, bijuterias e artesanatos;"G - Comércio; reparação de veículos";Curimatá;Baixo-Baixo;0,001;False;0,0;T7;True;False
Comércio varejista de suvenires, bijuterias e artesanatos;"G - Comércio; reparação de veículos";Curral Novo do Piauí;Baixo-Baixo;0,001;False;0,0;;True;False
Comércio varejista de suvenires, bijuterias e artesanatos;"G - Comércio; reparação de veículos";Curralinhos;Baixo-Alto;0,011;False;0,0;;True;False
Comércio varejista de suvenires, bijuterias e artesanatos;"G - Comércio; reparação de veículos";Demerval Lobão;Baixo-Alto;0,005;False;0,0;;True;False
Comércio varejista de suvenires, bijuterias e artesanatos;"G - Comércio; reparação de veículos";Dirceu Arcoverde;Baixo-Alto;0,023;False;0,0;;True;False
Comércio varejista de suvenires, bijuterias e artesanatos;"G - Comércio; reparação de veículos";Dom Expedito Lopes;Baixo-Alto;0,048;False;0,0;;False;False
Comércio varejista de suvenires, bijuterias e artesanatos;"G - Comércio; reparação de veículos";Dom Inocêncio;Baixo-Baixo;0,001;False;0,0;;True;False
Comércio varejista de suvenires, bijuterias e artesanatos;"G - Comércio; reparação de veículos";Elesbão Veloso;Baixo-Baixo;0,001;False;0,0;;True;False
Comércio varejista de suvenires, bijuterias e artesanatos;"G - Comércio; reparação de veículos";Eliseu Martins;Baixo-Baixo;0,001;False;0,0;;True;False
Comércio varejista de suvenires, bijuterias e artesanatos;"G - Comércio; reparação de veículos";Esperantina;Baixo-Baixo;0,001;False;0,0;;True;False
Comércio varejista de suvenires, bijuterias e artesanatos;"G - Comércio; reparação de veículos";Fartura do Piauí;Baixo-Alto;0,02;False;0,0;;True;False
Comércio varejista de suvenires, bijuterias e artesanatos;"G - Comércio; reparação de veículos";Flores do Piauí;Baixo-Baixo;0,001;False;0,0;;True;False
Comércio varejista de suvenires, bijuterias e artesanatos;"G - Comércio; reparação de veículos";Floresta do Piauí;Baixo-Baixo;0,001;False;0,0;;True;False
Comércio varejista de suvenires, bijuterias e artesanatos;"G - Comércio; reparação de veículos";Floriano;Alto-Baixo;0,001;True;2,8346;T1,T3,T7;True;False
Comércio varejista de suvenires, bijuterias e artesanatos;"G - Comércio; reparação de veículos";Francinópolis;Baixo-Baixo;0,001;False;0,0;;True;False
Comércio varejista de suvenires, bijuterias e artesanatos;"G - Comércio; reparação de veículos";Francisco Macedo;Baixo-Baixo;0,001;False;0,0;;True;False
Comércio varejista de suvenires, bijuterias e artesanatos;"G - Comércio; reparação de veículos";Francisco Santos;Baixo-Baixo;0,001;False;0,0;;True;False
Comércio varejista de suvenires, bijuterias e artesanatos;"G - Comércio; reparação de veículos";Fronteiras;Baixo-Baixo;0,001;False;0,0;;True;False
Comércio varejista de suvenires, bijuterias e artesanatos;"G - Comércio; reparação de veículos";Hugo Napoleão;Baixo-Baixo;0,001;False;0,0;;True;False
Comércio varejista de suvenires, bijuterias e artesanatos;"G - Comércio; reparação de veículos";Ilha Grande;Baixo-Alto;0,017;False;0,0;;True;False
Comércio varejista de suvenires, bijuterias e artesanatos;"G - Comércio; reparação de veículos";Itainópolis;Baixo-Baixo;0,001;False;0,0;;True;False
Comércio varejista de suvenires, bijuterias e artesanatos;"G - Comércio; reparação de veículos";Jacobina do Piauí;Baixo-Baixo;0,001;False;0,0;;True;False
Comércio varejista de suvenires, bijuterias e artesanatos;"G - Comércio; reparação de veículos";Jaicós;Baixo-Baixo;0,001;False;0,0;;True;False
Comércio varejista de suvenires, bijuterias e artesanatos;"G - Comércio; reparação de veículos";Jardim do Mulato;Baixo-Baixo;0,001;False;0,0;;True;False
Comércio varejista de suvenires, bijuterias e artesanatos;"G - Comércio; reparação de veículos";Jatobá do Piauí;Baixo-Baixo;0,001;False;0,0;;True;False
Comércio varejista de suvenires, bijuterias e artesanatos;"G - Comércio; reparação de veículos";João Costa;Baixo-Alto;0,04;False;0,0;;False;False
Comércio varejista de suvenires, bijuterias e artesanatos;"G - Comércio; reparação de veículos";Joca Marques;Baixo-Baixo;0,001;False;0,0;;True;False
Comércio varejista de suvenires, bijuterias e artesanatos;"G - Comércio; reparação de veículos";José de Freitas;Baixo-Alto;0,003;False;0,0;;True;True
Comércio varejista de suvenires, bijuterias e artesanatos;"G - Comércio; reparação de veículos";Juazeiro do Piauí;Baixo-Baixo;0,001;False;0,0;;True;False
Comércio varejista de suvenires, bijuterias e artesanatos;"G - Comércio; reparação de veículos";Jurema;Baixo-Baixo;0,001;False;0,0;;True;False
Comércio varejista de suvenires, bijuterias e artesanatos;"G - Comércio; reparação de veículos";Lagoa Alegre;Baixo-Alto;0,005;False;0,0;;True;True
Comércio varejista de suvenires, bijuterias e artesanatos;"G - Comércio; reparação de veículos";Lagoa de São Francisco;Baixo-Alto;0,049;False;0,0;;False;False
Comércio varejista de suvenires, bijuterias e artesanatos;"G - Comércio; reparação de veículos";Lagoa do Barro do Piauí;Baixo-Baixo;0,001;False;0,0;;True;False
Comércio varejista de suvenires, bijuterias e artesanatos;"G - Comércio; reparação de veículos";Lagoa do Piauí;Baixo-Alto;0,008;False;0,0;;True;False
Comércio varejista de suvenires, bijuterias e artesanatos;"G - Comércio; reparação de veículos";Lagoa do Sítio;Baixo-Baixo;0,001;False;0,0;;True;False
Comércio varejista de suvenires, bijuterias e artesanatos;"G - Comércio; reparação de veículos";Lagoinha do Piauí;Baixo-Baixo;0,001;False;0,0;;True;False
Comércio varejista de suvenires, bijuterias e artesanatos;"G - Comércio; reparação de veículos";Landri Sales;Baixo-Baixo;0,001;False;0,0;;True;False
Comércio varejista de suvenires, bijuterias e artesanatos;"G - Comércio; reparação de veículos";Luzilândia;Baixo-Baixo;0,001;False;0,0;;True;False
Comércio varejista de suvenires, bijuterias e artesanatos;"G - Comércio; reparação de veículos";Marcolândia;Baixo-Baixo;0,001;False;0,0;;True;False
Comércio varejista de suvenires, bijuterias e artesanatos;"G - Comércio; reparação de veículos";Marcos Parente;Baixo-Baixo;0,001;False;0,0;;True;False
Comércio varejista de suvenires, bijuterias e artesanatos;"G - Comércio; reparação de veículos";Massapê do Piauí;Baixo-Baixo;0,001;False;0,0;;True;False
Comércio varejista de suvenires, bijuterias e artesanatos;"G - Comércio; reparação de veículos";Matias Olímpio;Baixo-Baixo;0,001;False;0,0;;True;False
Comércio varejista de suvenires, bijuterias e artesanatos;"G - Comércio; reparação de veículos";Miguel Leão;Baixo-Baixo;0,001;False;0,0;;True;False
Comércio varejista de suvenires, bijuterias e artesanatos;"G - Comércio; reparação de veículos";Milton Brandão;Baixo-Baixo;0,001;False;0,0;;True;False
Comércio varejista de suvenires, bijuterias e artesanatos;"G - Comércio; reparação de veículos";Monsenhor Gil;Baixo-Alto;0,023;False;0,0;;True;False
Comércio varejista de suvenires, bijuterias e artesanatos;"G - Comércio; reparação de veículos";Monsenhor Hipólito;Baixo-Baixo;0,001;False;0,0;;True;False
Comércio varejista de suvenires, bijuterias e artesanatos;"G - Comércio; reparação de veículos";Morro do Chapéu do Piauí;Baixo-Baixo;0,001;False;0,0;;True;False
Comércio varejista de suvenires, bijuterias e artesanatos;"G - Comércio; reparação de veículos";Nazária;Baixo-Alto;0,002;False;0,0;;True;False
Comércio varejista de suvenires, bijuterias e artesanatos;"G - Comércio; reparação de veículos";Nossa Senhora de Nazaré;Baixo-Baixo;0,001;False;0,0;;True;False
Comércio varejista de suvenires, bijuterias e artesanatos;"G - Comércio; reparação de veículos";Nova Santa Rita;Baixo-Baixo;0,001;False;0,0;;True;False
Comércio varejista de suvenires, bijuterias e artesanatos;"G - Comércio; reparação de veículos";Novo Santo Antônio;Baixo-Baixo;0,001;False;0,0;;True;False
Comércio varejista de suvenires, bijuterias e artesanatos;"G - Comércio; reparação de veículos";Oeiras;Alto-Baixo;0,001;True;1,2926;T1,T8;True;False
Comércio varejista de suvenires, bijuterias e artesanatos;"G - Comércio; reparação de veículos";Olho D'Água do Piauí;Baixo-Baixo;0,001;False;0,0;;True;False
Comércio varejista de suvenires, bijuterias e artesanatos;"G - Comércio; reparação de veículos";Padre Marcos;Baixo-Baixo;0,001;False;0,0;;True;False
Comércio varejista de suvenires, bijuterias e artesanatos;"G - Comércio; reparação de veículos";Paes Landim;Baixo-Baixo;0,001;False;0,0;;True;False
Comércio varejista de suvenires, bijuterias e artesanatos;"G - Comércio; reparação de veículos";Pajeú do Piauí;Baixo-Baixo;0,001;False;0,0;;True;False
Comércio varejista de suvenires, bijuterias e artesanatos;"G - Comércio; reparação de veículos";Palmeirais;Baixo-Alto;0,013;False;0,0;;True;False
Comércio varejista de suvenires, bijuterias e artesanatos;"G - Comércio; reparação de veículos";Parnaguá;Baixo-Baixo;0,001;False;0,0;;True;False
Comércio varejista de suvenires, bijuterias e artesanatos;"G - Comércio; reparação de veículos";Parnaíba;Alto-Baixo;0,001;True;23,6833;T1,T7;True;False
Comércio varejista de suvenires, bijuterias e artesanatos;"G - Comércio; reparação de veículos";Pau D'Arco do Piauí;Baixo-Alto;0,016;False;0,0;;True;False
Comércio varejista de suvenires, bijuterias e artesanatos;"G - Comércio; reparação de veículos";Paulistana;Baixo-Baixo;0,001;False;0,0;;True;True
Comércio varejista de suvenires, bijuterias e artesanatos;"G - Comércio; reparação de veículos";Pavussu;Baixo-Baixo;0,001;False;0,0;;True;True
Comércio varejista de suvenires, bijuterias e artesanatos;"G - Comércio; reparação de veículos";Pedro Laurentino;Baixo-Baixo;0,001;False;0,0;;True;False
Comércio varejista de suvenires, bijuterias e artesanatos;"G - Comércio; reparação de veículos";Picos;Alto-Baixo;0,001;True;38,0275;T1,T3;True;False
Comércio varejista de suvenires, bijuterias e artesanatos;"G - Comércio; reparação de veículos";Pimenteiras;Baixo-Baixo;0,001;False;0,0;;True;False
Comércio varejista de suvenires, bijuterias e artesanatos;"G - Comércio; reparação de veículos";Pio IX;Baixo-Baixo;0,001;False;0,0;T8;True;False
Comércio varejista de suvenires, bijuterias e artesanatos;"G - Comércio; reparação de veículos";Piracuruca;Baixo-Baixo;0,001;False;0,0;T7;True;False
Comércio varejista de suvenires, bijuterias e artesanatos;"G - Comércio; reparação de veículos";Porto Alegre do Piauí;Baixo-Baixo;0,001;False;0,0;;True;False
Comércio varejista de suvenires, bijuterias e artesanatos;"G - Comércio; reparação de veículos";Prata do Piauí;Baixo-Baixo;0,001;False;0,0;;True;False
Comércio varejista de suvenires, bijuterias e artesanatos;"G - Comércio; reparação de veículos";Queimada Nova;Baixo-Baixo;0,001;False;0,0;;True;True
Comércio varejista de suvenires, bijuterias e artesanatos;"G - Comércio; reparação de veículos";Regeneração;Baixo-Baixo;0,001;False;0,0;;True;False
Comércio varejista de suvenires, bijuterias e artesanatos;"G - Comércio; reparação de veículos";Riacho Frio;Baixo-Baixo;0,001;False;0,0;;True;True
Comércio varejista de suvenires, bijuterias e artesanatos;"G - Comércio; reparação de veículos";Ribeira do Piauí;Baixo-Baixo;0,001;False;0,0;;True;False
Comércio varejista de suvenires, bijuterias e artesanatos;"G - Comércio; reparação de veículos";Rio Grande do Piauí;Baixo-Baixo;0,001;False;0,0;;True;False
Comércio varejista de suvenires, bijuterias e artesanatos;"G - Comércio; reparação de veículos";Santa Cruz dos Milagres;Baixo-Baixo;0,001;False;0,0;;True;True
Comércio varejista de suvenires, bijuterias e artesanatos;"G - Comércio; reparação de veículos";Santana do Piauí;Baixo-Alto;0,048;False;0,0;;False;False
Comércio varejista de suvenires, bijuterias e artesanatos;"G - Comércio; reparação de veículos";Santo Antônio de Lisboa;Baixo-Baixo;0,001;False;0,0;;True;False
Comércio varejista de suvenires, bijuterias e artesanatos;"G - Comércio; reparação de veículos";Santo Inácio do Piauí;Baixo-Baixo;0,001;False;0,0;;True;False
Comércio varejista de suvenires, bijuterias e artesanatos;"G - Comércio; reparação de veículos";São Braz do Piauí;Baixo-Alto;0,031;False;0,0;;False;False
Comércio varejista de suvenires, bijuterias e artesanatos;"G - Comércio; reparação de veículos";São Félix do Piauí;Baixo-Baixo;0,001;False;0,0;;True;False
Comércio varejista de suvenires, bijuterias e artesanatos;"G - Comércio; reparação de veículos";São Francisco de Assis do Piauí;Baixo-Baixo;0,001;False;0,0;;True;True
Comércio varejista de suvenires, bijuterias e artesanatos;"G - Comércio; reparação de veículos";São Gonçalo do Gurguéia;Baixo-Baixo;0,001;False;0,0;;True;False
Comércio varejista de suvenires, bijuterias e artesanatos;"G - Comércio; reparação de veículos";São Gonçalo do Piauí;Baixo-Baixo;0,001;False;0,0;;True;False
Comércio varejista de suvenires, bijuterias e artesanatos;"G - Comércio; reparação de veículos";São João da Canabrava;Baixo-Baixo;0,001;False;0,0;;True;False
Comércio varejista de suvenires, bijuterias e artesanatos;"G - Comércio; reparação de veículos";São João da Fronteira;Baixo-Baixo;0,001;False;0,0;;True;False
Comércio varejista de suvenires, bijuterias e artesanatos;"G - Comércio; reparação de veículos";São João da Serra;Baixo-Baixo;0,001;False;0,0;;True;False
Comércio varejista de suvenires, bijuterias e artesanatos;"G - Comércio; reparação de veículos";São João do Arraial;Baixo-Baixo;0,001;False;0,0;;True;False
Comércio varejista de suvenires, bijuterias e artesanatos;"G - Comércio; reparação de veículos";São José do Divino;Baixo-Baixo;0,001;False;0,0;;True;False
Comércio varejista de suvenires, bijuterias e artesanatos;"G - Comércio; reparação de veículos";São José do Piauí;Baixo-Baixo;0,001;False;0,0;T7,T8;True;False
Comércio varejista de suvenires, bijuterias e artesanatos;"G - Comércio; reparação de veículos";São Julião;Baixo-Baixo;0,001;False;0,0;;True;False
Comércio varejista de suvenires, bijuterias e artesanatos;"G - Comércio; reparação de veículos";São Lourenço do Piauí;Baixo-Alto;0,021;False;0,0;;True;False
Comércio varejista de suvenires, bijuterias e artesanatos;"G - Comércio; reparação de veículos";São Luis do Piauí;Baixo-Baixo;0,001;False;0,0;;True;False
Comércio varejista de suvenires, bijuterias e artesanatos;"G - Comércio; reparação de veículos";São Miguel da Baixa Grande;Baixo-Baixo;0,001;False;0,0;;True;False
Comércio varejista de suvenires, bijuterias e artesanatos;"G - Comércio; reparação de veículos";São Miguel do Fidalgo;Baixo-Baixo;0,001;False;0,0;;True;False
Comércio varejista de suvenires, bijuterias e artesanatos;"G - Comércio; reparação de veículos";São Raimundo Nonato;Alto-Baixo;0,001;True;91,9598;T1;True;False
Comércio varejista de suvenires, bijuterias e artesanatos;"G - Comércio; reparação de veículos";Sigefredo Pacheco;Baixo-Baixo;0,001;False;0,0;;True;False
Comércio varejista de suvenires, bijuterias e artesanatos;"G - Comércio; reparação de veículos";Simões;Baixo-Baixo;0,001;False;0,0;;True;False
Comércio varejista de suvenires, bijuterias e artesanatos;"G - Comércio; reparação de veículos";Socorro do Piauí;Baixo-Baixo;0,001;False;0,0;;True;False
Comércio varejista de suvenires, bijuterias e artesanatos;"G - Comércio; reparação de veículos";Tamboril do Piauí;Baixo-Baixo;0,001;False;0,0;;True;False
Comércio varejista de suvenires, bijuterias e artesanatos;"G - Comércio; reparação de veículos";União;Alto-Alto;0,002;True;40,9114;T1;True;True
Comércio varejista de suvenires, bijuterias e artesanatos;"G - Comércio; reparação de veículos";Uruçuí;Alto-Baixo;0,001;True;1,5796;T1;True;True
Comércio varejista de suvenires, bijuterias e artesanatos;"G - Comércio; reparação de veículos";Valença do Piauí;Baixo-Baixo;0,001;False;0,0;T7;True;False
Comércio varejista de suvenires, bijuterias e artesanatos;"G - Comércio; reparação de veículos";Várzea Branca;Baixo-Alto;0,021;False;0,0;;True;False
Comércio varejista de suvenires, bijuterias e artesanatos;"G - Comércio; reparação de veículos";Vila Nova do Piauí;Baixo-Baixo;0,001;False;0,0;;True;False
Comércio varejista de tecidos;"G - Comércio; reparação de veículos";Água Branca;Alto-Baixo;0,001;True;11,5127;T1,T3,T7;True;False
Comércio varejista de tecidos;"G - Comércio; reparação de veículos";Altos;Baixo-Alto;0,028;False;0,0;T7;False;False
Comércio varejista de tecidos;"G - Comércio; reparação de veículos";Barras;Baixo-Alto;0,02;False;0,0;T3,T7,T8;False;False
Comércio varejista de tecidos;"G - Comércio; reparação de veículos";Batalha;Alto-Alto;0,016;True;1,7305;T3;False;False
Comércio varejista de tecidos;"G - Comércio; reparação de veículos";Boa Hora;Baixo-Alto;0,044;False;0,0;;False;False
Comércio varejista de tecidos;"G - Comércio; reparação de veículos";Bom Jesus;Alto-Baixo;0,001;True;1,7625;T1,T7;True;True
Comércio varejista de tecidos;"G - Comércio; reparação de veículos";Brasileira;Baixo-Alto;0,011;False;0,0;T7;False;True
Comércio varejista de tecidos;"G - Comércio; reparação de veículos";Brejo do Piauí;Baixo-Baixo;0,001;False;0,0;;True;False
Comércio varejista de tecidos;"G - Comércio; reparação de veículos";Campo Maior;Alto-Baixo;0,001;True;27,632;T1,T3;True;False
Comércio varejista de tecidos;"G - Comércio; reparação de veículos";Canto do Buriti;Baixo-Baixo;0,001;False;0,0;T3,T7;True;False
Comércio varejista de tecidos;"G - Comércio; reparação de veículos";Cocal de Telha;Baixo-Alto;0,03;False;0,0;;False;False
Comércio varejista de tecidos;"G - Comércio; reparação de veículos";Coivaras;Baixo-Alto;0,038;False;0,0;;False;False
Comércio varejista de tecidos;"G - Comércio; reparação de veículos";Domingos Mourão;Baixo-Alto;0,039;False;0,0;;False;False
Comércio varejista de tecidos;"G - Comércio; reparação de veículos";Guadalupe;Alto-Baixo;0,001;True;7,8827;T1,T2,T4;True;False
Comércio varejista de tecidos;"G - Comércio; reparação de veículos";Ilha Grande;Baixo-Alto;0,03;False;0,0;;False;False
Comércio varejista de tecidos;"G - Comércio; reparação de veículos";Inhuma;Baixo-Alto;0,042;False;0,0;T7;False;False
Comércio varejista de tecidos;"G - Comércio; reparação de veículos";Ipiranga do Piauí;Baixo-Alto;0,016;False;0,0;;False;False
Comércio varejista de tecidos;"G - Comércio; reparação de veículos";Isaías Coelho;Baixo-Baixo;0,001;False;0,0;;True;False
Comércio varejista de tecidos;"G - Comércio; reparação de veículos";Jatobá do Piauí;Baixo-Alto;0,029;False;0,0;;False;False
Comércio varejista de tecidos;"G - Comércio; reparação de veículos";Jerumenha;Baixo-Alto;0,018;False;0,0;;False;False
Comércio varejista de tecidos;"G - Comércio; reparação de veículos";José de Freitas;Baixo-Alto;0,047;False;0,0;T7;False;False
Comércio varejista de tecidos;"G - Comércio; reparação de veículos";Lagoa de São Francisco;Baixo-Alto;0,014;False;0,0;;False;True
Comércio varejista de tecidos;"G - Comércio; reparação de veículos";Monsenhor Gil;Baixo-Baixo;0,001;False;0,0;;True;False
Comércio varejista de tecidos;"G - Comércio; reparação de veículos";Nazaré do Piauí;Baixo-Alto;0,008;False;0,0;;False;False
Comércio varejista de tecidos;"G - Comércio; reparação de veículos";Nossa Senhora de Nazaré;Baixo-Alto;0,029;False;0,0;;False;False
Comércio varejista de tecidos;"G - Comércio; reparação de veículos";Novo Oriente do Piauí;Baixo-Alto;0,015;False;0,0;;False;False
Comércio varejista de tecidos;"G - Comércio; reparação de veículos";Novo Santo Antônio;Baixo-Alto;0,023;False;0,0;;False;False
Comércio varejista de tecidos;"G - Comércio; reparação de veículos";Parnaíba;Alto-Baixo;0,001;True;11,3525;T3;True;False
Comércio varejista de tecidos;"G - Comércio; reparação de veículos";Patos do Piauí;Baixo-Baixo;0,001;False;0,0;;True;False
Comércio varejista de tecidos;"G - Comércio; reparação de veículos";Picos;Alto-Baixo;0,001;True;11,7606;T1,T3;True;False
Comércio varejista de tecidos;"G - Comércio; reparação de veículos";Prata do Piauí;Alto-Baixo;0,001;True;2,0682;T2,T4;True;False
Comércio varejista de tecidos;"G - Comércio; reparação de veículos";Santa Rosa do Piauí;Baixo-Alto;0,039;False;0,0;;False;False
Comércio varejista de tecidos;"G - Comércio; reparação de veículos";São Francisco do Piauí;Baixo-Alto;0,046;False;0,0;;False;False
Comércio varejista de tecidos;"G - Comércio; reparação de veículos";São João do Piauí;Baixo-Baixo;0,001;False;0,0;T7;True;False
Comércio varejista de tecidos;"G - Comércio; reparação de veículos";São Raimundo Nonato;Baixo-Baixo;0,001;False;0,0;T3,T7;True;False
Comércio varejista de tecidos;"G - Comércio; reparação de veículos";Simplício Mendes;Baixo-Baixo;0,001;False;0,0;T7;True;False
Comércio varejista de tecidos;"G - Comércio; reparação de veículos";Teresina;Baixo-Baixo;0,001;False;0,0;T7;True;False
Comércio varejista de tecidos;"G - Comércio; reparação de veículos";Várzea Grande;Baixo-Alto;0,048;False;0,0;;False;False
Comércio varejista especializado de eletrodomésticos e equipamentos de áudio e vídeo;"G - Comércio; reparação de veículos";Água Branca;Alto-Baixo;0,001;True;20,2078;T3,T7;True;False
Comércio varejista especializado de eletrodomésticos e equipamentos de áudio e vídeo;"G - Comércio; reparação de veículos";Alegrete do Piauí;Baixo-Baixo;0,001;False;0,0;;True;False
Comércio varejista especializado de eletrodomésticos e equipamentos de áudio e vídeo;"G - Comércio; reparação de veículos";Alvorada do Gurguéia;Baixo-Baixo;0,001;False;0,0;T7;True;False
Comércio varejista especializado de eletrodomésticos e equipamentos de áudio e vídeo;"G - Comércio; reparação de veículos";Batalha;Baixo-Alto;0,002;False;0,0;T7;True;False
Comércio varejista especializado de eletrodomésticos e equipamentos de áudio e vídeo;"G - Comércio; reparação de veículos";Belém do Piauí;Baixo-Baixo;0,001;False;0,0;;True;False
Comércio varejista especializado de eletrodomésticos e equipamentos de áudio e vídeo;"G - Comércio; reparação de veículos";Boa Hora;Baixo-Alto;0,035;False;0,0;;False;False
Comércio varejista especializado de eletrodomésticos e equipamentos de áudio e vídeo;"G - Comércio; reparação de veículos";Bom Jesus;Baixo-Baixo;0,001;False;0,0;T3,T7;True;False
Comércio varejista especializado de eletrodomésticos e equipamentos de áudio e vídeo;"G - Comércio; reparação de veículos";Bom Princípio do Piauí;Baixo-Alto;0,023;False;0,0;T3;False;True
Comércio varejista especializado de eletrodomésticos e equipamentos de áudio e vídeo;"G - Comércio; reparação de veículos";Brasileira;Baixo-Alto;0,004;False;0,0;;True;True
Comércio varejista especializado de eletrodomésticos e equipamentos de áudio e vídeo;"G - Comércio; reparação de veículos";Buriti dos Lopes;Baixo-Alto;0,035;False;0,0;;False;True
Comércio varejista especializado de eletrodomésticos e equipamentos de áudio e vídeo;"G - Comércio; reparação de veículos";Cabeceiras do Piauí;Baixo-Alto;0,009;False;0,0;;False;False
Comércio varejista especializado de eletrodomésticos e equipamentos de áudio e vídeo;"G - Comércio; reparação de veículos";Campo Alegre do Fidalgo;Baixo-Baixo;0,001;False;0,0;T7;True;False
Comércio varejista especializado de eletrodomésticos e equipamentos de áudio e vídeo;"G - Comércio; reparação de veículos";Campo Grande do Piauí;Baixo-Baixo;0,001;False;0,0;;True;False
Comércio varejista especializado de eletrodomésticos e equipamentos de áudio e vídeo;"G - Comércio; reparação de veículos";Capitão de Campos;Baixo-Alto;0,046;True;0,09;T4;False;False
Comércio varejista especializado de eletrodomésticos e equipamentos de áudio e vídeo;"G - Comércio; reparação de veículos";Cocal;Baixo-Alto;0,008;False;0,0;T3,T7;True;False
Comércio varejista especializado de eletrodomésticos e equipamentos de áudio e vídeo;"G - Comércio; reparação de veículos";Cocal dos Alves;Alto-Alto;0,01;True;1,9673;T1;True;False
Comércio varejista especializado de eletrodomésticos e equipamentos de áudio e vídeo;"G - Comércio; reparação de veículos";Colônia do Piauí;Baixo-Baixo;0,001;False;0,0;;True;False
Comércio varejista especializado de eletrodomésticos e equipamentos de áudio e vídeo;"G - Comércio; reparação de veículos";Conceição do Canindé;Baixo-Baixo;0,001;False;0,0;;True;False
Comércio varejista especializado de eletrodomésticos e equipamentos de áudio e vídeo;"G - Comércio; reparação de veículos";Domingos Mourão;Baixo-Alto;0,002;False;0,0;;True;True
Comércio varejista especializado de eletrodomésticos e equipamentos de áudio e vídeo;"G - Comércio; reparação de veículos";Eliseu Martins;Baixo-Baixo;0,001;False;0,0;T7;True;False
Comércio varejista especializado de eletrodomésticos e equipamentos de áudio e vídeo;"G - Comércio; reparação de veículos";Ilha Grande;Baixo-Alto;0,006;False;0,0;;True;True
Comércio varejista especializado de eletrodomésticos e equipamentos de áudio e vídeo;"G - Comércio; reparação de veículos";Isaías Coelho;Baixo-Baixo;0,001;False;0,0;;True;False
Comércio varejista especializado de eletrodomésticos e equipamentos de áudio e vídeo;"G - Comércio; reparação de veículos";Jacobina do Piauí;Baixo-Baixo;0,001;False;0,0;;True;False
Comércio varejista especializado de eletrodomésticos e equipamentos de áudio e vídeo;"G - Comércio; reparação de veículos";Jerumenha;Baixo-Alto;0,03;False;0,0;;False;False
Comércio varejista especializado de eletrodomésticos e equipamentos de áudio e vídeo;"G - Comércio; reparação de veículos";Júlio Borges;Baixo-Alto;0,016;True;0,2575;T4;False;False
Comércio varejista especializado de eletrodomésticos e equipamentos de áudio e vídeo;"G - Comércio; reparação de veículos";Lagoa Alegre;Baixo-Alto;0,001;False;0,0;T7;True;True
Comércio varejista especializado de eletrodomésticos e equipamentos de áudio e vídeo;"G - Comércio; reparação de veículos";Lagoa de São Francisco;Baixo-Alto;0,004;False;0,0;;True;True
Comércio varejista especializado de eletrodomésticos e equipamentos de áudio e vídeo;"G - Comércio; reparação de veículos";Manoel Emídio;Baixo-Baixo;0,001;False;0,0;T3;True;False
Comércio varejista especializado de eletrodomésticos e equipamentos de áudio e vídeo;"G - Comércio; reparação de veículos";Marcos Parente;Alto-Alto;0,029;True;1,0179;T3;False;False
Comércio varejista especializado de eletrodomésticos e equipamentos de áudio e vídeo;"G - Comércio; reparação de veículos";Miguel Alves;Alto-Alto;0,018;True;11,8454;T1,T2;False;False
Comércio varejista especializado de eletrodomésticos e equipamentos de áudio e vídeo;"G - Comércio; reparação de veículos";Miguel Leão;Baixo-Baixo;0,001;False;0,0;;True;False
Comércio varejista especializado de eletrodomésticos e equipamentos de áudio e vídeo;"G - Comércio; reparação de veículos";Monsenhor Gil;Baixo-Baixo;0,001;False;0,0;;True;False
Comércio varejista especializado de eletrodomésticos e equipamentos de áudio e vídeo;"G - Comércio; reparação de veículos";Morro Cabeça no Tempo;Baixo-Alto;0,044;False;0,0;;False;False
Comércio varejista especializado de eletrodomésticos e equipamentos de áudio e vídeo;"G - Comércio; reparação de veículos";Nossa Senhora dos Remédios;Baixo-Alto;0,011;False;0,0;T7;False;True
Comércio varejista especializado de eletrodomésticos e equipamentos de áudio e vídeo;"G - Comércio; reparação de veículos";Padre Marcos;Baixo-Baixo;0,001;False;0,0;;True;False
Comércio varejista especializado de eletrodomésticos e equipamentos de áudio e vídeo;"G - Comércio; reparação de veículos";Palmeira do Piauí;Baixo-Baixo;0,001;False;0,0;;True;False
Comércio varejista especializado de eletrodomésticos e equipamentos de áudio e vídeo;"G - Comércio; reparação de veículos";Parnaguá;Baixo-Alto;0,043;True;0,043;T4;False;False
Comércio varejista especializado de eletrodomésticos e equipamentos de áudio e vídeo;"G - Comércio; reparação de veículos";Patos do Piauí;Baixo-Baixo;0,001;False;0,0;;True;False
Comércio varejista especializado de eletrodomésticos e equipamentos de áudio e vídeo;"G - Comércio; reparação de veículos";Pau D'Arco do Piauí;Baixo-Baixo;0,001;False;0,0;;True;False
Comércio varejista especializado de eletrodomésticos e equipamentos de áudio e vídeo;"G - Comércio; reparação de veículos";Paulistana;Baixo-Baixo;0,001;False;0,0;T7;True;False
Comércio varejista especializado de eletrodomésticos e equipamentos de áudio e vídeo;"G - Comércio; reparação de veículos";Picos;Alto-Baixo;0,001;True;0,4662;T3,T7;True;True
Comércio varejista especializado de eletrodomésticos e equipamentos de áudio e vídeo;"G - Comércio; reparação de veículos";Pimenteiras;Baixo-Baixo;0,001;False;0,0;;True;False
Comércio varejista especializado de eletrodomésticos e equipamentos de áudio e vídeo;"G - Comércio; reparação de veículos";Pio IX;Baixo-Baixo;0,001;False;0,0;;True;False
Comércio varejista especializado de eletrodomésticos e equipamentos de áudio e vídeo;"G - Comércio; reparação de veículos";Piracuruca;Alto-Alto;0,042;True;25,2253;T1,T3,T7;False;False
Comércio varejista especializado de eletrodomésticos e equipamentos de áudio e vídeo;"G - Comércio; reparação de veículos";Porto Alegre do Piauí;Baixo-Alto;0,015;False;0,0;;False;False
Comércio varejista especializado de eletrodomésticos e equipamentos de áudio e vídeo;"G - Comércio; reparação de veículos";Santa Cruz do Piauí;Baixo-Baixo;0,001;False;0,0;;True;False
Comércio varejista especializado de eletrodomésticos e equipamentos de áudio e vídeo;"G - Comércio; reparação de veículos";Santo Antônio de Lisboa;Baixo-Baixo;0,001;False;0,0;;True;False
Comércio varejista especializado de eletrodomésticos e equipamentos de áudio e vídeo;"G - Comércio; reparação de veículos";Santo Inácio do Piauí;Baixo-Baixo;0,001;False;0,0;;True;False
Comércio varejista especializado de eletrodomésticos e equipamentos de áudio e vídeo;"G - Comércio; reparação de veículos";São João da Canabrava;Baixo-Baixo;0,001;False;0,0;;True;False
Comércio varejista especializado de eletrodomésticos e equipamentos de áudio e vídeo;"G - Comércio; reparação de veículos";São João da Fronteira;Alto-Alto;0,033;True;5,4373;T1;False;False
Comércio varejista especializado de eletrodomésticos e equipamentos de áudio e vídeo;"G - Comércio; reparação de veículos";São José do Divino;Alto-Alto;0,029;True;1,746;T1;False;True
Comércio varejista especializado de eletrodomésticos e equipamentos de áudio e vídeo;"G - Comércio; reparação de veículos";São José do Piauí;Baixo-Baixo;0,001;False;0,0;;True;False
Comércio varejista especializado de eletrodomésticos e equipamentos de áudio e vídeo;"G - Comércio; reparação de veículos";São Miguel do Fidalgo;Baixo-Baixo;0,001;False;0,0;;True;False
Comércio varejista especializado de eletrodomésticos e equipamentos de áudio e vídeo;"G - Comércio; reparação de veículos";São Raimundo Nonato;Alto-Baixo;0,001;True;5,2643;T1,T7;True;False
Comércio varejista especializado de eletrodomésticos e equipamentos de áudio e vídeo;"G - Comércio; reparação de veículos";Sigefredo Pacheco;Baixo-Baixo;0,001;False;0,0;;True;False
Comércio varejista especializado de eletrodomésticos e equipamentos de áudio e vídeo;"G - Comércio; reparação de veículos";Simões;Baixo-Baixo;0,001;False;0,0;;True;False
Comércio varejista especializado de eletrodomésticos e equipamentos de áudio e vídeo;"G - Comércio; reparação de veículos";Socorro do Piauí;Baixo-Baixo;0,001;False;0,0;T7;True;False
Comércio varejista especializado de eletrodomésticos e equipamentos de áudio e vídeo;"G - Comércio; reparação de veículos";União;Alto-Alto;0,014;True;15,768;T1,T3;False;False
Comércio varejista especializado de eletrodomésticos e equipamentos de áudio e vídeo;"G - Comércio; reparação de veículos";Vila Nova do Piauí;Baixo-Baixo;0,001;False;0,0;;True;False
Comércio varejista especializado de equipamentos de telefonia e comunicação;"G - Comércio; reparação de veículos";Água Branca;Baixo-Baixo;0,001;False;0,0;;True;False
Comércio varejista especializado de equipamentos de telefonia e comunicação;"G - Comércio; reparação de veículos";Alagoinha do Piauí;Baixo-Baixo;0,001;False;0,0;;True;False
Comércio varejista especializado de equipamentos de telefonia e comunicação;"G - Comércio; reparação de veículos";Alegrete do Piauí;Baixo-Baixo;0,001;False;0,0;;True;False
Comércio varejista especializado de equipamentos de telefonia e comunicação;"G - Comércio; reparação de veículos";Altos;Alto-Alto;0,003;True;34,7906;T1;True;True
Comércio varejista especializado de equipamentos de telefonia e comunicação;"G - Comércio; reparação de veículos";Angical do Piauí;Baixo-Baixo;0,001;False;0,0;;True;False
Comércio varejista especializado de equipamentos de telefonia e comunicação;"G - Comércio; reparação de veículos";Arraial;Baixo-Baixo;0,001;False;0,0;;True;False
Comércio varejista especializado de equipamentos de telefonia e comunicação;"G - Comércio; reparação de veículos";Batalha;Alto-Alto;0,029;True;3,4788;T1,T3,T7;False;False
Comércio varejista especializado de equipamentos de telefonia e comunicação;"G - Comércio; reparação de veículos";Bela Vista do Piauí;Baixo-Baixo;0,001;False;0,0;;True;False
Comércio varejista especializado de equipamentos de telefonia e comunicação;"G - Comércio; reparação de veículos";Belém do Piauí;Baixo-Baixo;0,001;False;0,0;;True;False
Comércio varejista especializado de equipamentos de telefonia e comunicação;"G - Comércio; reparação de veículos";Beneditinos;Baixo-Baixo;0,001;False;0,0;;True;False
Comércio varejista especializado de equipamentos de telefonia e comunicação;"G - Comércio; reparação de veículos";Bocaina;Baixo-Baixo;0,001;False;0,0;;True;False
Comércio varejista especializado de equipamentos de telefonia e comunicação;"G - Comércio; reparação de veículos";Bom Jesus;Alto-Baixo;0,001;True;13,6777;T1,T3;True;True
Comércio varejista especializado de equipamentos de telefonia e comunicação;"G - Comércio; reparação de veículos";Bom Princípio do Piauí;Baixo-Alto;0,015;False;0,0;;True;False
Comércio varejista especializado de equipamentos de telefonia e comunicação;"G - Comércio; reparação de veículos";Boqueirão do Piauí;Baixo-Baixo;0,001;False;0,0;;True;False
Comércio varejista especializado de equipamentos de telefonia e comunicação;"G - Comércio; reparação de veículos";Brasileira;Baixo-Alto;0,021;False;0,0;;False;True
Comércio varejista especializado de equipamentos de telefonia e comunicação;"G - Comércio; reparação de veículos";Buriti dos Lopes;Baixo-Alto;0,04;False;0,0;;False;False
Comércio varejista especializado de equipamentos de telefonia e comunicação;"G - Comércio; reparação de veículos";Campo Alegre do Fidalgo;Baixo-Baixo;0,001;False;0,0;;True;False
Comércio varejista especializado de equipamentos de telefonia e comunicação;"G - Comércio; reparação de veículos";Campo Grande do Piauí;Baixo-Baixo;0,001;False;0,0;;True;False
Comércio varejista especializado de equipamentos de telefonia e comunicação;"G - Comércio; reparação de veículos";Canavieira;Baixo-Baixo;0,001;False;0,0;;True;False
Comércio varejista especializado de equipamentos de telefonia e comunicação;"G - Comércio; reparação de veículos";Canto do Buriti;Baixo-Baixo;0,001;False;0,0;;True;False
Comércio varejista especializado de equipamentos de telefonia e comunicação;"G - Comércio; reparação de veículos";Caridade do Piauí;Baixo-Baixo;0,001;False;0,0;;True;False
Comércio varejista especializado de equipamentos de telefonia e comunicação;"G - Comércio; reparação de veículos";Castelo do Piauí;Baixo-Baixo;0,001;False;0,0;T8;True;False
Comércio varejista especializado de equipamentos de telefonia e comunicação;"G - Comércio; reparação de veículos";Coivaras;Baixo-Alto;0,009;False;0,0;;True;True
Comércio varejista especializado de equipamentos de telefonia e comunicação;"G - Comércio; reparação de veículos";Conceição do Canindé;Baixo-Baixo;0,001;False;0,0;;True;False
Comércio varejista especializado de equipamentos de telefonia e comunicação;"G - Comércio; reparação de veículos";Corrente;Alto-Baixo;0,001;True;13,2623;T1,T7;True;False
Comércio varejista especializado de equipamentos de telefonia e comunicação;"G - Comércio; reparação de veículos";Cristino Castro;Baixo-Baixo;0,001;False;0,0;;True;False
Comércio varejista especializado de equipamentos de telefonia e comunicação;"G - Comércio; reparação de veículos";Curimatá;Baixo-Baixo;0,001;False;0,0;;True;False
Comércio varejista especializado de equipamentos de telefonia e comunicação;"G - Comércio; reparação de veículos";Curralinhos;Baixo-Alto;0,046;False;0,0;;False;False
Comércio varejista especializado de equipamentos de telefonia e comunicação;"G - Comércio; reparação de veículos";Demerval Lobão;Baixo-Alto;0,018;False;0,0;;True;False
Comércio varejista especializado de equipamentos de telefonia e comunicação;"G - Comércio; reparação de veículos";Dom Inocêncio;Baixo-Baixo;0,001;False;0,0;;True;False
Comércio varejista especializado de equipamentos de telefonia e comunicação;"G - Comércio; reparação de veículos";Domingos Mourão;Baixo-Alto;0,037;False;0,0;;False;False
Comércio varejista especializado de equipamentos de telefonia e comunicação;"G - Comércio; reparação de veículos";Eliseu Martins;Baixo-Baixo;0,001;False;0,0;;True;False
Comércio varejista especializado de equipamentos de telefonia e comunicação;"G - Comércio; reparação de veículos";Flores do Piauí;Baixo-Baixo;0,001;False;0,0;;True;False
Comércio varejista especializado de equipamentos de telefonia e comunicação;"G - Comércio; reparação de veículos";Floresta do Piauí;Baixo-Baixo;0,001;False;0,0;;True;False
Comércio varejista especializado de equipamentos de telefonia e comunicação;"G - Comércio; reparação de veículos";Floriano;Alto-Baixo;0,001;True;76,9554;T1;True;False
Comércio varejista especializado de equipamentos de telefonia e comunicação;"G - Comércio; reparação de veículos";Francinópolis;Baixo-Baixo;0,001;False;0,0;;True;False
Comércio varejista especializado de equipamentos de telefonia e comunicação;"G - Comércio; reparação de veículos";Francisco Santos;Baixo-Baixo;0,001;False;0,0;;True;False
Comércio varejista especializado de equipamentos de telefonia e comunicação;"G - Comércio; reparação de veículos";Hugo Napoleão;Baixo-Baixo;0,001;False;0,0;;True;False
Comércio varejista especializado de equipamentos de telefonia e comunicação;"G - Comércio; reparação de veículos";Ilha Grande;Baixo-Alto;0,01;False;0,0;;True;False
Comércio varejista especializado de equipamentos de telefonia e comunicação;"G - Comércio; reparação de veículos";Ipiranga do Piauí;Baixo-Alto;0,041;False;0,0;;False;False
Comércio varejista especializado de equipamentos de telefonia e comunicação;"G - Comércio; reparação de veículos";Itainópolis;Baixo-Baixo;0,001;False;0,0;;True;False
Comércio varejista especializado de equipamentos de telefonia e comunicação;"G - Comércio; reparação de veículos";Jaicós;Baixo-Baixo;0,001;False;0,0;T7;True;False
Comércio varejista especializado de equipamentos de telefonia e comunicação;"G - Comércio; reparação de veículos";Jardim do Mulato;Baixo-Baixo;0,001;False;0,0;;True;False
Comércio varejista especializado de equipamentos de telefonia e comunicação;"G - Comércio; reparação de veículos";José de Freitas;Alto-Alto;0,001;True;5,0086;T1,T2;True;False
Comércio varejista especializado de equipamentos de telefonia e comunicação;"G - Comércio; reparação de veículos";Jurema;Baixo-Baixo;0,001;False;0,0;;True;False
Comércio varejista especializado de equipamentos de telefonia e comunicação;"G - Comércio; reparação de veículos";Lagoa de São Francisco;Baixo-Alto;0,018;False;0,0;;True;False
Comércio varejista especializado de equipamentos de telefonia e comunicação;"G - Comércio; reparação de veículos";Lagoa do Barro do Piauí;Baixo-Baixo;0,001;False;0,0;;True;False
Comércio varejista especializado de equipamentos de telefonia e comunicação;"G - Comércio; reparação de veículos";Lagoa do Piauí;Baixo-Alto;0,033;False;0,0;;False;False
Comércio varejista especializado de equipamentos de telefonia e comunicação;"G - Comércio; reparação de veículos";Lagoinha do Piauí;Baixo-Baixo;0,001;False;0,0;;True;False
Comércio varejista especializado de equipamentos de telefonia e comunicação;"G - Comércio; reparação de veículos";Landri Sales;Baixo-Baixo;0,001;False;0,0;;True;False
Comércio varejista especializado de equipamentos de telefonia e comunicação;"G - Comércio; reparação de veículos";Luís Correia;Baixo-Alto;0,014;False;0,0;T8;True;False
Comércio varejista especializado de equipamentos de telefonia e comunicação;"G - Comércio; reparação de veículos";Luzilândia;Baixo-Baixo;0,001;False;0,0;;True;False
Comércio varejista especializado de equipamentos de telefonia e comunicação;"G - Comércio; reparação de veículos";Massapê do Piauí;Baixo-Baixo;0,001;False;0,0;;True;False
Comércio varejista especializado de equipamentos de telefonia e comunicação;"G - Comércio; reparação de veículos";Miguel Leão;Baixo-Baixo;0,001;False;0,0;;True;False
Comércio varejista especializado de equipamentos de telefonia e comunicação;"G - Comércio; reparação de veículos";Monsenhor Hipólito;Baixo-Baixo;0,001;False;0,0;;True;False
Comércio varejista especializado de equipamentos de telefonia e comunicação;"G - Comércio; reparação de veículos";Nazária;Baixo-Alto;0,007;False;0,0;;True;False
Comércio varejista especializado de equipamentos de telefonia e comunicação;"G - Comércio; reparação de veículos";Nova Santa Rita;Baixo-Baixo;0,001;False;0,0;T8;True;False
Comércio varejista especializado de equipamentos de telefonia e comunicação;"G - Comércio; reparação de veículos";Oeiras;Alto-Baixo;0,001;True;24,8808;T1,T2,T3;True;False
Comércio varejista especializado de equipamentos de telefonia e comunicação;"G - Comércio; reparação de veículos";Olho D'Água do Piauí;Baixo-Baixo;0,001;False;0,0;;True;False
Comércio varejista especializado de equipamentos de telefonia e comunicação;"G - Comércio; reparação de veículos";Padre Marcos;Baixo-Baixo;0,001;False;0,0;T7;True;False
Comércio varejista especializado de equipamentos de telefonia e comunicação;"G - Comércio; reparação de veículos";Pajeú do Piauí;Baixo-Baixo;0,001;False;0,0;;True;False
Comércio varejista especializado de equipamentos de telefonia e comunicação;"G - Comércio; reparação de veículos";Pau D'Arco do Piauí;Baixo-Alto;0,008;False;0,0;;True;False
Comércio varejista especializado de equipamentos de telefonia e comunicação;"G - Comércio; reparação de veículos";Paulistana;Alto-Baixo;0,001;True;7,3953;T1;True;True
Comércio varejista especializado de equipamentos de telefonia e comunicação;"G - Comércio; reparação de veículos";Pavussu;Baixo-Baixo;0,001;False;0,0;;True;False
Comércio varejista especializado de equipamentos de telefonia e comunicação;"G - Comércio; reparação de veículos";Pedro Laurentino;Baixo-Baixo;0,001;False;0,0;;True;False
Comércio varejista especializado de equipamentos de telefonia e comunicação;"G - Comércio; reparação de veículos";Picos;Alto-Baixo;0,001;True;112,4325;T1;True;False
Comércio varejista especializado de equipamentos de telefonia e comunicação;"G - Comércio; reparação de veículos";Pio IX;Baixo-Baixo;0,001;False;0,0;;True;False
Comércio varejista especializado de equipamentos de telefonia e comunicação;"G - Comércio; reparação de veículos";Prata do Piauí;Baixo-Baixo;0,001;False;0,0;;True;False
Comércio varejista especializado de equipamentos de telefonia e comunicação;"G - Comércio; reparação de veículos";Regeneração;Baixo-Baixo;0,001;False;0,0;;True;False
Comércio varejista especializado de equipamentos de telefonia e comunicação;"G - Comércio; reparação de veículos";Ribeira do Piauí;Baixo-Baixo;0,001;False;0,0;;True;False
Comércio varejista especializado de equipamentos de telefonia e comunicação;"G - Comércio; reparação de veículos";Rio Grande do Piauí;Baixo-Baixo;0,001;False;0,0;;True;False
Comércio varejista especializado de equipamentos de telefonia e comunicação;"G - Comércio; reparação de veículos";Santa Cruz dos Milagres;Baixo-Baixo;0,001;False;0,0;;True;False
Comércio varejista especializado de equipamentos de telefonia e comunicação;"G - Comércio; reparação de veículos";Santo Antônio de Lisboa;Baixo-Baixo;0,001;False;0,0;;True;False
Comércio varejista especializado de equipamentos de telefonia e comunicação;"G - Comércio; reparação de veículos";Santo Inácio do Piauí;Baixo-Baixo;0,001;False;0,0;;True;False
Comércio varejista especializado de equipamentos de telefonia e comunicação;"G - Comércio; reparação de veículos";São Félix do Piauí;Baixo-Baixo;0,001;False;0,0;;True;False
Comércio varejista especializado de equipamentos de telefonia e comunicação;"G - Comércio; reparação de veículos";São Gonçalo do Piauí;Baixo-Baixo;0,001;False;0,0;;True;False
Comércio varejista especializado de equipamentos de telefonia e comunicação;"G - Comércio; reparação de veículos";São João da Canabrava;Baixo-Baixo;0,001;False;0,0;;True;False
Comércio varejista especializado de equipamentos de telefonia e comunicação;"G - Comércio; reparação de veículos";São José do Piauí;Baixo-Baixo;0,001;False;0,0;;True;False
Comércio varejista especializado de equipamentos de telefonia e comunicação;"G - Comércio; reparação de veículos";São Julião;Baixo-Baixo;0,001;False;0,0;;True;False
Comércio varejista especializado de equipamentos de telefonia e comunicação;"G - Comércio; reparação de veículos";São Miguel da Baixa Grande;Baixo-Baixo;0,001;False;0,0;;True;False
Comércio varejista especializado de equipamentos de telefonia e comunicação;"G - Comércio; reparação de veículos";São Miguel do Fidalgo;Baixo-Baixo;0,001;False;0,0;;True;False
Comércio varejista especializado de equipamentos de telefonia e comunicação;"G - Comércio; reparação de veículos";São Raimundo Nonato;Alto-Baixo;0,001;True;16,1264;T1;True;True
Comércio varejista especializado de equipamentos de telefonia e comunicação;"G - Comércio; reparação de veículos";Simões;Baixo-Baixo;0,001;False;0,0;;True;False
Comércio varejista especializado de equipamentos de telefonia e comunicação;"G - Comércio; reparação de veículos";Socorro do Piauí;Baixo-Baixo;0,001;False;0,0;;True;False
Comércio varejista especializado de equipamentos de telefonia e comunicação;"G - Comércio; reparação de veículos";União;Alto-Alto;0,008;True;3,7301;T1;True;True
Comércio varejista especializado de equipamentos de telefonia e comunicação;"G - Comércio; reparação de veículos";Uruçuí;Alto-Baixo;0,001;True;27,0532;T1;True;True
Comércio varejista especializado de equipamentos de telefonia e comunicação;"G - Comércio; reparação de veículos";Valença do Piauí;Alto-Baixo;0,001;True;4,8048;T1,T3,T7;True;False
Comércio varejista especializado de equipamentos de telefonia e comunicação;"G - Comércio; reparação de veículos";Vila Nova do Piauí;Baixo-Baixo;0,001;False;0,0;;True;False
Comércio varejista especializado de equipamentos e suprimentos de informática;"G - Comércio; reparação de veículos";Altos;Alto-Baixo;0,001;True;3,0575;T1;True;True
Comércio varejista especializado de equipamentos e suprimentos de informática;"G - Comércio; reparação de veículos";Alvorada do Gurguéia;Baixo-Alto;0,001;False;0,0;T7;True;False
Comércio varejista especializado de equipamentos e suprimentos de informática;"G - Comércio; reparação de veículos";Baixa Grande do Ribeiro;Alto-Alto;0,008;True;5,6218;T1;False;False
Comércio varejista especializado de equipamentos e suprimentos de informática;"G - Comércio; reparação de veículos";Bom Princípio do Piauí;Baixo-Alto;0,02;False;0,0;;False;False
Comércio varejista especializado de equipamentos e suprimentos de informática;"G - Comércio; reparação de veículos";Bonfim do Piauí;Baixo-Alto;0,046;False;0,0;T7;False;False
Comércio varejista especializado de equipamentos e suprimentos de informática;"G - Comércio; reparação de veículos";Brejo do Piauí;Baixo-Alto;0,015;False;0,0;;False;False
Comércio varejista especializado de equipamentos e suprimentos de informática;"G - Comércio; reparação de veículos";Corrente;Alto-Baixo;0,001;True;3,1743;T1,T3;True;False
Comércio varejista especializado de equipamentos e suprimentos de informática;"G - Comércio; reparação de veículos";Cristino Castro;Alto-Baixo;0,001;True;8,9921;T1,T3;True;True
Comércio varejista especializado de equipamentos e suprimentos de informática;"G - Comércio; reparação de veículos";Currais;Baixo-Alto;0,001;False;0,0;;True;False
Comércio varejista especializado de equipamentos e suprimentos de informática;"G - Comércio; reparação de veículos";Dirceu Arcoverde;Baixo-Alto;0,047;False;0,0;;False;False
Comércio varejista especializado de equipamentos e suprimentos de informática;"G - Comércio; reparação de veículos";Esperantina;Alto-Baixo;0,001;True;1,5397;T1,T3;True;False
Comércio varejista especializado de equipamentos e suprimentos de informática;"G - Comércio; reparação de veículos";Fartura do Piauí;Baixo-Alto;0,034;False;0,0;;False;False
Comércio varejista especializado de equipamentos e suprimentos de informática;"G - Comércio; reparação de veículos";Gilbués;Baixo-Alto;0,032;False;0,0;;False;False
Comércio varejista especializado de equipamentos e suprimentos de informática;"G - Comércio; reparação de veículos";Guaribas;Baixo-Alto;0,001;False;0,0;;True;False
Comércio varejista especializado de equipamentos e suprimentos de informática;"G - Comércio; reparação de veículos";Ilha Grande;Baixo-Alto;0,001;False;0,0;;True;True
Comércio varejista especializado de equipamentos e suprimentos de informática;"G - Comércio; reparação de veículos";João Costa;Baixo-Alto;0,038;False;0,0;;False;False
Comércio varejista especializado de equipamentos e suprimentos de informática;"G - Comércio; reparação de veículos";Lagoa do Sítio;Baixo-Alto;0,033;False;0,0;;False;False
Comércio varejista especializado de equipamentos e suprimentos de informática;"G - Comércio; reparação de veículos";Luís Correia;Baixo-Alto;0,012;False;0,0;;False;True
Comércio varejista especializado de equipamentos e suprimentos de informática;"G - Comércio; reparação de veículos";Novo Oriente do Piauí;Baixo-Alto;0,047;False;0,0;;False;False
Comércio varejista especializado de equipamentos e suprimentos de informática;"G - Comércio; reparação de veículos";Palmeira do Piauí;Baixo-Alto;0,001;False;0,0;;True;False
Comércio varejista especializado de equipamentos e suprimentos de informática;"G - Comércio; reparação de veículos";Parnaíba;Alto-Baixo;0,001;True;13,2225;T1,T3,T7;True;False
Comércio varejista especializado de equipamentos e suprimentos de informática;"G - Comércio; reparação de veículos";Ribeiro Gonçalves;Alto-Alto;0,006;True;1,8091;T1,T3;False;True
Comércio varejista especializado de equipamentos e suprimentos de informática;"G - Comércio; reparação de veículos";Santa Filomena;Baixo-Alto;0,011;False;0,0;;False;False
Comércio varejista especializado de equipamentos e suprimentos de informática;"G - Comércio; reparação de veículos";Santa Luz;Baixo-Alto;0,011;False;0,0;;False;False
Comércio varejista especializado de equipamentos e suprimentos de informática;"G - Comércio; reparação de veículos";São Lourenço do Piauí;Baixo-Alto;0,041;False;0,0;;False;False
Comércio varejista especializado de equipamentos e suprimentos de informática;"G - Comércio; reparação de veículos";São Raimundo Nonato;Alto-Baixo;0,001;True;10,5615;T1,T3;True;False
Construção de edifícios;F - Construção;Altos;Alto-Alto;0,02;True;309,9712;T1,T3,T7;False;False
Construção de edifícios;F - Construção;Baixa Grande do Ribeiro;Alto-Alto;0,007;True;105,4379;T1,T7;False;False
Construção de edifícios;F - Construção;Batalha;Alto-Alto;0,01;True;131,977;T1,T7;False;False
Construção de edifícios;F - Construção;Bom Princípio do Piauí;Baixo-Alto;0,023;False;0,0;;False;False
Construção de edifícios;F - Construção;Bonfim do Piauí;Baixo-Alto;0,029;False;0,0;;False;False
Construção de edifícios;F - Construção;Brasileira;Alto-Alto;0,026;True;4,151;T1,T7;False;False
Construção de edifícios;F - Construção;Cajueiro da Praia;Alto-Alto;0,026;True;152,7147;T1,T7;False;False
Construção de edifícios;F - Construção;Canto do Buriti;Baixo-Baixo;0,025;False;0,0;;False;False
Construção de edifícios;F - Construção;Coivaras;Baixo-Alto;0,025;False;0,0;T8;False;True
Construção de edifícios;F - Construção;Corrente;Alto-Baixo;0,001;True;88,7897;T1,T3;True;True
Construção de edifícios;F - Construção;Domingos Mourão;Baixo-Alto;0,025;False;0,0;;False;False
Construção de edifícios;F - Construção;Fartura do Piauí;Baixo-Alto;0,048;False;0,0;T7;False;False
Construção de edifícios;F - Construção;Francisco Ayres;Baixo-Alto;0,048;False;0,0;;False;False
Construção de edifícios;F - Construção;José de Freitas;Alto-Alto;0,001;True;83,6347;T1,T2;False;False
Construção de edifícios;F - Construção;Lagoa de São Francisco;Baixo-Alto;0,004;False;0,0;T6,T7,T8;False;False
Construção de edifícios;F - Construção;Lagoa do Piauí;Baixo-Alto;0,028;False;0,0;;False;False
Construção de edifícios;F - Construção;Marcos Parente;Alto-Baixo;0,001;True;12,9255;T1,T7;True;False
Construção de edifícios;F - Construção;Palmeirais;Baixo-Alto;0,014;False;0,0;;False;False
Construção de edifícios;F - Construção;Pau D'Arco do Piauí;Baixo-Alto;0,016;False;0,0;T7;False;False
Construção de edifícios;F - Construção;Picos;Alto-Baixo;0,001;True;388,8261;T1,T3;True;True
Construção de edifícios;F - Construção;Ribeiro Gonçalves;Alto-Alto;0,001;True;115,6205;T2,T7;True;False
Construção de edifícios;F - Construção;Santa Filomena;Alto-Alto;0,031;True;97,7284;T1;False;False
Construção de edifícios;F - Construção;São João do Piauí;Alto-Baixo;0,037;True;5,5868;T1,T7;False;False
Construção de edifícios;F - Construção;São Lourenço do Piauí;Baixo-Alto;0,044;False;0,0;;False;False
Construção de edifícios;F - Construção;Teresina;Alto-Alto;0,006;True;168,7848;T3,T5,T7;False;True
Construção de rodovias e ferrovias;F - Construção;Alagoinha do Piauí;Alto-Baixo;0,001;True;15,5015;T1;True;False
Construção de rodovias e ferrovias;F - Construção;Alto Longá;Baixo-Baixo;0,001;False;0,0;;True;False
Construção de rodovias e ferrovias;F - Construção;Altos;Baixo-Alto;0,009;False;0,0;T3,T7;False;True
Construção de rodovias e ferrovias;F - Construção;Aroeiras do Itaim;Baixo-Alto;0,018;False;0,0;;False;False
Construção de rodovias e ferrovias;F - Construção;Bom Princípio do Piauí;Baixo-Alto;0,014;False;0,0;;False;False
Construção de rodovias e ferrovias;F - Construção;Brasileira;Baixo-Alto;0,043;False;0,0;;False;False
Construção de rodovias e ferrovias;F - Construção;Brejo do Piauí;Baixo-Baixo;0,001;False;0,0;;True;False
Construção de rodovias e ferrovias;F - Construção;Cajueiro da Praia;Baixo-Alto;0,038;False;0,0;;False;True
Construção de rodovias e ferrovias;F - Construção;Cocal;Baixo-Alto;0,041;False;0,0;T7;False;False
Construção de rodovias e ferrovias;F - Construção;Curralinhos;Baixo-Alto;0,046;False;0,0;;False;False
Construção de rodovias e ferrovias;F - Construção;Demerval Lobão;Baixo-Alto;0,021;False;0,0;;False;False
Construção de rodovias e ferrovias;F - Construção;Francisco Ayres;Baixo-Alto;0,013;False;0,0;;False;False
Construção de rodovias e ferrovias;F - Construção;Ilha Grande;Baixo-Alto;0,019;False;0,0;T7;False;True
Construção de rodovias e ferrovias;F - Construção;Ipiranga do Piauí;Baixo-Alto;0,038;False;0,0;T8;False;False
Construção de rodovias e ferrovias;F - Construção;José de Freitas;Alto-Alto;0,003;True;41,6204;T1,T2;False;False
Construção de rodovias e ferrovias;F - Construção;Lagoa Alegre;Baixo-Alto;0,008;False;0,0;;False;True
Construção de rodovias e ferrovias;F - Construção;Lagoa do Piauí;Baixo-Alto;0,03;False;0,0;;False;False
Construção de rodovias e ferrovias;F - Construção;Nazária;Baixo-Alto;0,007;False;0,0;;False;False
Construção de rodovias e ferrovias;F - Construção;Palmeirais;Baixo-Alto;0,007;False;0,0;;False;False
Construção de rodovias e ferrovias;F - Construção;Paquetá;Baixo-Alto;0,018;False;0,0;T7;False;False
Construção de rodovias e ferrovias;F - Construção;Passagem Franca do Piauí;Baixo-Baixo;0,001;False;0,0;;True;False
Construção de rodovias e ferrovias;F - Construção;Patos do Piauí;Baixo-Baixo;0,001;False;0,0;;True;False
Construção de rodovias e ferrovias;F - Construção;Pau D'Arco do Piauí;Baixo-Alto;0,048;False;0,0;T7;False;False
Construção de rodovias e ferrovias;F - Construção;Pedro II;Alto-Baixo;0,001;True;3,2473;T2;True;False
Construção de rodovias e ferrovias;F - Construção;Picos;Alto-Baixo;0,001;True;88,9593;T1,T7;True;False
Construção de rodovias e ferrovias;F - Construção;Ribeiro Gonçalves;Baixo-Alto;0,029;False;0,0;;False;False
Construção de rodovias e ferrovias;F - Construção;Santa Filomena;Alto-Alto;0,04;True;1,9907;T1;False;False
Construção de rodovias e ferrovias;F - Construção;São João da Varjota;Baixo-Alto;0,034;False;0,0;;False;False
Construção de rodovias e ferrovias;F - Construção;São João do Piauí;Baixo-Baixo;0,001;False;0,0;;True;False
Construção de rodovias e ferrovias;F - Construção;São José do Divino;Baixo-Alto;0,037;False;0,0;;False;False
Construção de rodovias e ferrovias;F - Construção;São Miguel do Tapuio;Baixo-Baixo;0,001;False;0,0;;True;False
Construção de rodovias e ferrovias;F - Construção;São Pedro do Piauí;Baixo-Baixo;0,001;False;0,0;T7;True;False
Construção de rodovias e ferrovias;F - Construção;São Raimundo Nonato;Baixo-Baixo;0,001;False;0,0;T7;True;False
Construção de rodovias e ferrovias;F - Construção;Sebastião Barros;Alto-Baixo;0,001;True;49,1976;T1,T2;True;True
Construção de rodovias e ferrovias;F - Construção;Simplício Mendes;Baixo-Baixo;0,001;False;0,0;T7;True;False
Construção de rodovias e ferrovias;F - Construção;União;Alto-Alto;0,002;True;129,3535;T1;True;True
Construção de rodovias e ferrovias;F - Construção;Wall Ferraz;Baixo-Alto;0,027;False;0,0;;False;False
Criação de bovinos para corte;A - Agricultura, pecuária, produção florestal, pesca e aquicultura;Água Branca;Alto-Baixo;0,001;True;1,6568;T1;True;False
Criação de bovinos para corte;A - Agricultura, pecuária, produção florestal, pesca e aquicultura;Alvorada do Gurguéia;Baixo-Alto;0,03;False;0,0;T3,T7;False;False
Criação de bovinos para corte;A - Agricultura, pecuária, produção florestal, pesca e aquicultura;Amarante;Baixo-Alto;0,011;False;0,0;;False;False
Criação de bovinos para corte;A - Agricultura, pecuária, produção florestal, pesca e aquicultura;Antônio Almeida;Baixo-Alto;0,043;False;0,0;;False;False
Criação de bovinos para corte;A - Agricultura, pecuária, produção florestal, pesca e aquicultura;Baixa Grande do Ribeiro;Alto-Alto;0,001;True;5,2099;T1,T7;True;False
Criação de bovinos para corte;A - Agricultura, pecuária, produção florestal, pesca e aquicultura;Bertolínia;Alto-Baixo;0,001;True;37,5717;T2;True;False
Criação de bovinos para corte;A - Agricultura, pecuária, produção florestal, pesca e aquicultura;Bom Jesus;Alto-Alto;0,006;True;90,1496;T1,T3;False;False
Criação de bovinos para corte;A - Agricultura, pecuária, produção florestal, pesca e aquicultura;Colônia do Gurguéia;Alto-Baixo;0,001;True;1,4552;T1,T7;True;False
Criação de bovinos para corte;A - Agricultura, pecuária, produção florestal, pesca e aquicultura;Currais;Alto-Alto;0,006;True;99,1549;T1,T3;False;True
Criação de bovinos para corte;A - Agricultura, pecuária, produção florestal, pesca e aquicultura;Gilbués;Baixo-Alto;0,006;False;0,0;;False;False
Criação de bovinos para corte;A - Agricultura, pecuária, produção florestal, pesca e aquicultura;Guaribas;Baixo-Alto;0,027;False;0,0;;False;False
Criação de bovinos para corte;A - Agricultura, pecuária, produção florestal, pesca e aquicultura;Juazeiro do Piauí;Alto-Baixo;0,001;True;1,3765;T1,T3;True;False
Criação de bovinos para corte;A - Agricultura, pecuária, produção florestal, pesca e aquicultura;Júlio Borges;Baixo-Alto;0,027;False;0,0;T8;False;False
Criação de bovinos para corte;A - Agricultura, pecuária, produção florestal, pesca e aquicultura;Manoel Emídio;Baixo-Alto;0,013;False;0,0;;False;False
Criação de bovinos para corte;A - Agricultura, pecuária, produção florestal, pesca e aquicultura;Monte Alegre do Piauí;Alto-Alto;0,017;True;15,4829;T1,T2,T3;False;False
Criação de bovinos para corte;A - Agricultura, pecuária, produção florestal, pesca e aquicultura;Morro Cabeça no Tempo;Baixo-Alto;0,006;False;0,0;;False;False
Criação de bovinos para corte;A - Agricultura, pecuária, produção florestal, pesca e aquicultura;Palmeira do Piauí;Baixo-Alto;0,001;False;0,0;T3;True;False
Criação de bovinos para corte;A - Agricultura, pecuária, produção florestal, pesca e aquicultura;Redenção do Gurguéia;Alto-Alto;0,008;True;13,2137;T1;False;True
Criação de bovinos para corte;A - Agricultura, pecuária, produção florestal, pesca e aquicultura;Riacho Frio;Baixo-Alto;0,003;False;0,0;T3;True;True
Criação de bovinos para corte;A - Agricultura, pecuária, produção florestal, pesca e aquicultura;Ribeiro Gonçalves;Alto-Alto;0,004;True;11,4446;T1,T2;False;False
Criação de bovinos para corte;A - Agricultura, pecuária, produção florestal, pesca e aquicultura;Santa Luz;Baixo-Alto;0,004;False;0,0;T3,T7;True;True
Criação de bovinos para corte;A - Agricultura, pecuária, produção florestal, pesca e aquicultura;Sebastião Barros;Baixo-Alto;0,021;False;0,0;T3,T8;False;False
Criação de bovinos para corte;A - Agricultura, pecuária, produção florestal, pesca e aquicultura;Sebastião Leal;Baixo-Alto;0,008;False;0,0;T7;False;True
Criação de bovinos para leite;A - Agricultura, pecuária, produção florestal, pesca e aquicultura;Alegrete do Piauí;Baixo-Baixo;0,001;False;0,0;;True;False
Criação de bovinos para leite;A - Agricultura, pecuária, produção florestal, pesca e aquicultura;Altos;Baixo-Alto;0,002;False;0,0;T7;True;True
Criação de bovinos para leite;A - Agricultura, pecuária, produção florestal, pesca e aquicultura;Alvorada do Gurguéia;Baixo-Baixo;0,001;False;0,0;;True;False
Criação de bovinos para leite;A - Agricultura, pecuária, produção florestal, pesca e aquicultura;Amarante;Baixo-Baixo;0,001;False;0,0;T8;True;False
Criação de bovinos para leite;A - Agricultura, pecuária, produção florestal, pesca e aquicultura;Aroazes;Baixo-Alto;0,041;False;0,0;;False;False
Criação de bovinos para leite;A - Agricultura, pecuária, produção florestal, pesca e aquicultura;Arraial;Baixo-Baixo;0,001;False;0,0;;True;False
Criação de bovinos para leite;A - Agricultura, pecuária, produção florestal, pesca e aquicultura;Belém do Piauí;Baixo-Baixo;0,001;False;0,0;;True;False
Criação de bovinos para leite;A - Agricultura, pecuária, produção florestal, pesca e aquicultura;Campo Alegre do Fidalgo;Baixo-Baixo;0,001;False;0,0;;True;False
Criação de bovinos para leite;A - Agricultura, pecuária, produção florestal, pesca e aquicultura;Campo Grande do Piauí;Baixo-Baixo;0,001;False;0,0;;True;False
Criação de bovinos para leite;A - Agricultura, pecuária, produção florestal, pesca e aquicultura;Campo Largo do Piauí;Baixo-Baixo;0,001;False;0,0;;True;False
Criação de bovinos para leite;A - Agricultura, pecuária, produção florestal, pesca e aquicultura;Campo Maior;Alto-Baixo;0,001;True;21,335;T1;True;False
Criação de bovinos para leite;A - Agricultura, pecuária, produção florestal, pesca e aquicultura;Caraúbas do Piauí;Alto-Baixo;0,001;True;1,6951;T1;True;False
Criação de bovinos para leite;A - Agricultura, pecuária, produção florestal, pesca e aquicultura;Castelo do Piauí;Baixo-Baixo;0,001;False;0,0;;True;False
Criação de bovinos para leite;A - Agricultura, pecuária, produção florestal, pesca e aquicultura;Coivaras;Baixo-Alto;0,042;False;0,0;;False;False
Criação de bovinos para leite;A - Agricultura, pecuária, produção florestal, pesca e aquicultura;Colônia do Piauí;Baixo-Baixo;0,001;False;0,0;;True;False
Criação de bovinos para leite;A - Agricultura, pecuária, produção florestal, pesca e aquicultura;Conceição do Canindé;Baixo-Baixo;0,001;False;0,0;;True;False
Criação de bovinos para leite;A - Agricultura, pecuária, produção florestal, pesca e aquicultura;Corrente;Alto-Alto;0,035;True;1,98;T3,T7;False;False
Criação de bovinos para leite;A - Agricultura, pecuária, produção florestal, pesca e aquicultura;Curimatá;Baixo-Alto;0,023;False;0,0;;False;False
Criação de bovinos para leite;A - Agricultura, pecuária, produção florestal, pesca e aquicultura;Eliseu Martins;Baixo-Baixo;0,001;False;0,0;;True;False
Criação de bovinos para leite;A - Agricultura, pecuária, produção florestal, pesca e aquicultura;Esperantina;Baixo-Baixo;0,001;False;0,0;;True;False
Criação de bovinos para leite;A - Agricultura, pecuária, produção florestal, pesca e aquicultura;Floriano;Baixo-Baixo;0,001;False;0,0;T3,T7;True;False
Criação de bovinos para leite;A - Agricultura, pecuária, produção florestal, pesca e aquicultura;Ilha Grande;Baixo-Baixo;0,048;False;0,0;T3,T7;False;False
Criação de bovinos para leite;A - Agricultura, pecuária, produção florestal, pesca e aquicultura;Jacobina do Piauí;Baixo-Baixo;0,001;False;0,0;;True;False
Criação de bovinos para leite;A - Agricultura, pecuária, produção florestal, pesca e aquicultura;Jatobá do Piauí;Baixo-Alto;0,042;False;0,0;;False;False
Criação de bovinos para leite;A - Agricultura, pecuária, produção florestal, pesca e aquicultura;Jerumenha;Baixo-Baixo;0,001;False;0,0;;True;False
Criação de bovinos para leite;A - Agricultura, pecuária, produção florestal, pesca e aquicultura;João Costa;Baixo-Baixo;0,001;False;0,0;;True;False
Criação de bovinos para leite;A - Agricultura, pecuária, produção florestal, pesca e aquicultura;José de Freitas;Baixo-Alto;0,01;False;0,0;T8;True;False
Criação de bovinos para leite;A - Agricultura, pecuária, produção florestal, pesca e aquicultura;Júlio Borges;Baixo-Alto;0,004;True;0,0062;T4;True;False
Criação de bovinos para leite;A - Agricultura, pecuária, produção florestal, pesca e aquicultura;Lagoa do Sítio;Baixo-Alto;0,029;False;0,0;;False;False
Criação de bovinos para leite;A - Agricultura, pecuária, produção florestal, pesca e aquicultura;Landri Sales;Baixo-Baixo;0,001;False;0,0;;True;False
Criação de bovinos para leite;A - Agricultura, pecuária, produção florestal, pesca e aquicultura;Luzilândia;Baixo-Baixo;0,001;False;0,0;;True;False
Criação de bovinos para leite;A - Agricultura, pecuária, produção florestal, pesca e aquicultura;Manoel Emídio;Baixo-Baixo;0,001;False;0,0;;True;False
Criação de bovinos para leite;A - Agricultura, pecuária, produção florestal, pesca e aquicultura;Miguel Alves;Baixo-Baixo;0,001;False;0,0;;True;False
Criação de bovinos para leite;A - Agricultura, pecuária, produção florestal, pesca e aquicultura;Miguel Leão;Baixo-Baixo;0,001;False;0,0;;True;False
Criação de bovinos para leite;A - Agricultura, pecuária, produção florestal, pesca e aquicultura;Nossa Senhora de Nazaré;Baixo-Alto;0,041;False;0,0;;False;False
Criação de bovinos para leite;A - Agricultura, pecuária, produção florestal, pesca e aquicultura;Novo Oriente do Piauí;Baixo-Alto;0,049;False;0,0;;False;False
Criação de bovinos para leite;A - Agricultura, pecuária, produção florestal, pesca e aquicultura;Padre Marcos;Baixo-Baixo;0,001;False;0,0;;True;False
Criação de bovinos para leite;A - Agricultura, pecuária, produção florestal, pesca e aquicultura;Paulistana;Baixo-Baixo;0,001;False;0,0;;True;False
Criação de bovinos para leite;A - Agricultura, pecuária, produção florestal, pesca e aquicultura;Pio IX;Baixo-Baixo;0,001;False;0,0;;True;False
Criação de bovinos para leite;A - Agricultura, pecuária, produção florestal, pesca e aquicultura;Riacho Frio;Baixo-Alto;0,016;False;0,0;;False;True
Criação de bovinos para leite;A - Agricultura, pecuária, produção florestal, pesca e aquicultura;Santo Antônio de Lisboa;Baixo-Baixo;0,001;False;0,0;;True;False
Criação de bovinos para leite;A - Agricultura, pecuária, produção florestal, pesca e aquicultura;Santo Inácio do Piauí;Baixo-Baixo;0,001;False;0,0;;True;False
Criação de bovinos para leite;A - Agricultura, pecuária, produção florestal, pesca e aquicultura;São Gonçalo do Piauí;Baixo-Baixo;0,001;False;0,0;;True;False
Criação de bovinos para leite;A - Agricultura, pecuária, produção florestal, pesca e aquicultura;São João da Canabrava;Baixo-Baixo;0,001;False;0,0;;True;False
Criação de bovinos para leite;A - Agricultura, pecuária, produção florestal, pesca e aquicultura;São José do Piauí;Baixo-Baixo;0,001;False;0,0;;True;False
Criação de bovinos para leite;A - Agricultura, pecuária, produção florestal, pesca e aquicultura;São Miguel da Baixa Grande;Baixo-Baixo;0,001;False;0,0;;True;False
Criação de bovinos para leite;A - Agricultura, pecuária, produção florestal, pesca e aquicultura;São Miguel do Fidalgo;Baixo-Baixo;0,001;False;0,0;;True;False
Criação de bovinos para leite;A - Agricultura, pecuária, produção florestal, pesca e aquicultura;Sebastião Barros;Baixo-Alto;0,003;False;0,0;T3,T8;True;True
Criação de bovinos para leite;A - Agricultura, pecuária, produção florestal, pesca e aquicultura;Sebastião Leal;Baixo-Baixo;0,001;False;0,0;;True;False
Criação de bovinos para leite;A - Agricultura, pecuária, produção florestal, pesca e aquicultura;Simões;Baixo-Baixo;0,001;False;0,0;;True;False
Criação de bovinos para leite;A - Agricultura, pecuária, produção florestal, pesca e aquicultura;Socorro do Piauí;Baixo-Baixo;0,001;False;0,0;;True;False
Criação de bovinos para leite;A - Agricultura, pecuária, produção florestal, pesca e aquicultura;Sussuapara;Baixo-Baixo;0,001;False;0,0;;True;False
Criação de bovinos para leite;A - Agricultura, pecuária, produção florestal, pesca e aquicultura;Teresina;Alto-Baixo;0,001;True;4,0278;T1,T3;True;False
Criação de bovinos para leite;A - Agricultura, pecuária, produção florestal, pesca e aquicultura;Vila Nova do Piauí;Baixo-Baixo;0,001;False;0,0;;True;False
Criação de frangos para corte;A - Agricultura, pecuária, produção florestal, pesca e aquicultura;Acauã;Baixo-Baixo;0,001;False;0,0;;True;False
Criação de frangos para corte;A - Agricultura, pecuária, produção florestal, pesca e aquicultura;Alagoinha do Piauí;Baixo-Baixo;0,001;False;0,0;;True;False
Criação de frangos para corte;A - Agricultura, pecuária, produção florestal, pesca e aquicultura;Alto Longá;Baixo-Baixo;0,001;False;0,0;;True;False
Criação de frangos para corte;A - Agricultura, pecuária, produção florestal, pesca e aquicultura;Altos;Alto-Alto;0,001;True;63,7265;T1,T3;True;True
Criação de frangos para corte;A - Agricultura, pecuária, produção florestal, pesca e aquicultura;Alvorada do Gurguéia;Baixo-Alto;0,041;False;0,0;;False;False
Criação de frangos para corte;A - Agricultura, pecuária, produção florestal, pesca e aquicultura;Anísio de Abreu;Baixo-Baixo;0,001;False;0,0;;True;False
Criação de frangos para corte;A - Agricultura, pecuária, produção florestal, pesca e aquicultura;Antônio Almeida;Baixo-Alto;0,025;False;0,0;;True;False
Criação de frangos para corte;A - Agricultura, pecuária, produção florestal, pesca e aquicultura;Aroazes;Baixo-Alto;0,017;False;0,0;;True;False
Criação de frangos para corte;A - Agricultura, pecuária, produção florestal, pesca e aquicultura;Aroeiras do Itaim;Baixo-Baixo;0,001;False;0,0;;True;False
Criação de frangos para corte;A - Agricultura, pecuária, produção florestal, pesca e aquicultura;Assunção do Piauí;Baixo-Baixo;0,001;False;0,0;;True;False
Criação de frangos para corte;A - Agricultura, pecuária, produção florestal, pesca e aquicultura;Avelino Lopes;Baixo-Baixo;0,001;False;0,0;;True;False
Criação de frangos para corte;A - Agricultura, pecuária, produção florestal, pesca e aquicultura;Baixa Grande do Ribeiro;Baixo-Alto;0,048;False;0,0;;False;False
Criação de frangos para corte;A - Agricultura, pecuária, produção florestal, pesca e aquicultura;Barra D'Alcântara;Baixo-Baixo;0,001;False;0,0;;True;False
Criação de frangos para corte;A - Agricultura, pecuária, produção florestal, pesca e aquicultura;Barreiras do Piauí;Baixo-Baixo;0,001;False;0,0;;True;False
Criação de frangos para corte;A - Agricultura, pecuária, produção florestal, pesca e aquicultura;Barro Duro;Baixo-Baixo;0,001;False;0,0;;True;False
Criação de frangos para corte;A - Agricultura, pecuária, produção florestal, pesca e aquicultura;Bela Vista do Piauí;Baixo-Baixo;0,001;False;0,0;;True;False
Criação de frangos para corte;A - Agricultura, pecuária, produção florestal, pesca e aquicultura;Beneditinos;Baixo-Baixo;0,001;False;0,0;;True;False
Criação de frangos para corte;A - Agricultura, pecuária, produção florestal, pesca e aquicultura;Bertolínia;Baixo-Baixo;0,001;False;0,0;;True;False
Criação de frangos para corte;A - Agricultura, pecuária, produção florestal, pesca e aquicultura;Betânia do Piauí;Baixo-Baixo;0,001;False;0,0;;True;True
Criação de frangos para corte;A - Agricultura, pecuária, produção florestal, pesca e aquicultura;Bocaina;Baixo-Baixo;0,001;False;0,0;;True;False
Criação de frangos para corte;A - Agricultura, pecuária, produção florestal, pesca e aquicultura;Bom Princípio do Piauí;Baixo-Baixo;0,001;False;0,0;;True;False
Criação de frangos para corte;A - Agricultura, pecuária, produção florestal, pesca e aquicultura;Bonfim do Piauí;Baixo-Baixo;0,001;False;0,0;;True;True
Criação de frangos para corte;A - Agricultura, pecuária, produção florestal, pesca e aquicultura;Boqueirão do Piauí;Baixo-Baixo;0,001;False;0,0;;True;False
Criação de frangos para corte;A - Agricultura, pecuária, produção florestal, pesca e aquicultura;Brejo do Piauí;Baixo-Baixo;0,001;False;0,0;;True;False
Criação de frangos para corte;A - Agricultura, pecuária, produção florestal, pesca e aquicultura;Buriti dos Montes;Baixo-Baixo;0,001;False;0,0;;True;False
Criação de frangos para corte;A - Agricultura, pecuária, produção florestal, pesca e aquicultura;Cajazeiras do Piauí;Baixo-Baixo;0,001;False;0,0;;True;False
Criação de frangos para corte;A - Agricultura, pecuária, produção florestal, pesca e aquicultura;Cajueiro da Praia;Baixo-Baixo;0,001;False;0,0;;True;False
Criação de frangos para corte;A - Agricultura, pecuária, produção florestal, pesca e aquicultura;Caldeirão Grande do Piauí;Baixo-Baixo;0,001;False;0,0;;True;False
Criação de frangos para corte;A - Agricultura, pecuária, produção florestal, pesca e aquicultura;Campinas do Piauí;Baixo-Baixo;0,001;False;0,0;;True;False
Criação de frangos para corte;A - Agricultura, pecuária, produção florestal, pesca e aquicultura;Campo Maior;Baixo-Alto;0,017;False;0,0;T7;True;False
Criação de frangos para corte;A - Agricultura, pecuária, produção florestal, pesca e aquicultura;Canavieira;Baixo-Baixo;0,001;False;0,0;;True;False
Criação de frangos para corte;A - Agricultura, pecuária, produção florestal, pesca e aquicultura;Canto do Buriti;Baixo-Baixo;0,001;False;0,0;;True;False
Criação de frangos para corte;A - Agricultura, pecuária, produção florestal, pesca e aquicultura;Capitão Gervásio Oliveira;Baixo-Baixo;0,001;False;0,0;;True;True
Criação de frangos para corte;A - Agricultura, pecuária, produção florestal, pesca e aquicultura;Caracol;Baixo-Baixo;0,001;False;0,0;;True;True
Criação de frangos para corte;A - Agricultura, pecuária, produção florestal, pesca e aquicultura;Caridade do Piauí;Baixo-Baixo;0,001;False;0,0;;True;False
Criação de frangos para corte;A - Agricultura, pecuária, produção florestal, pesca e aquicultura;Cocal de Telha;Baixo-Baixo;0,001;False;0,0;;True;False
Criação de frangos para corte;A - Agricultura, pecuária, produção florestal, pesca e aquicultura;Colônia do Gurguéia;Baixo-Baixo;0,001;False;0,0;;True;True
Criação de frangos para corte;A - Agricultura, pecuária, produção florestal, pesca e aquicultura;Coronel José Dias;Baixo-Baixo;0,001;False;0,0;;True;False
Criação de frangos para corte;A - Agricultura, pecuária, produção florestal, pesca e aquicultura;Corrente;Baixo-Baixo;0,001;False;0,0;;True;False
Criação de frangos para corte;A - Agricultura, pecuária, produção florestal, pesca e aquicultura;Cristalândia do Piauí;Baixo-Baixo;0,001;False;0,0;;True;True
Criação de frangos para corte;A - Agricultura, pecuária, produção florestal, pesca e aquicultura;Cristino Castro;Baixo-Baixo;0,001;False;0,0;;True;False
Criação de frangos para corte;A - Agricultura, pecuária, produção florestal, pesca e aquicultura;Currais;Baixo-Baixo;0,001;False;0,0;;True;True
Criação de frangos para corte;A - Agricultura, pecuária, produção florestal, pesca e aquicultura;Curral Novo do Piauí;Baixo-Baixo;0,001;False;0,0;;True;False
Criação de frangos para corte;A - Agricultura, pecuária, produção florestal, pesca e aquicultura;Curralinhos;Baixo-Alto;0,012;False;0,0;;True;False
Criação de frangos para corte;A - Agricultura, pecuária, produção florestal, pesca e aquicultura;Demerval Lobão;Baixo-Alto;0,034;False;0,0;;False;True
Criação de frangos para corte;A - Agricultura, pecuária, produção florestal, pesca e aquicultura;Dirceu Arcoverde;Baixo-Baixo;0,001;False;0,0;;True;True
Criação de frangos para corte;A - Agricultura, pecuária, produção florestal, pesca e aquicultura;Dom Expedito Lopes;Baixo-Baixo;0,001;False;0,0;;True;False
Criação de frangos para corte;A - Agricultura, pecuária, produção florestal, pesca e aquicultura;Dom Inocêncio;Baixo-Baixo;0,001;False;0,0;;True;False
Criação de frangos para corte;A - Agricultura, pecuária, produção florestal, pesca e aquicultura;Domingos Mourão;Baixo-Baixo;0,001;False;0,0;;True;False
Criação de frangos para corte;A - Agricultura, pecuária, produção florestal, pesca e aquicultura;Fartura do Piauí;Baixo-Baixo;0,001;False;0,0;;True;True
Criação de frangos para corte;A - Agricultura, pecuária, produção florestal, pesca e aquicultura;Flores do Piauí;Baixo-Baixo;0,001;False;0,0;;True;False
Criação de frangos para corte;A - Agricultura, pecuária, produção florestal, pesca e aquicultura;Floresta do Piauí;Baixo-Baixo;0,001;False;0,0;;True;False
Criação de frangos para corte;A - Agricultura, pecuária, produção florestal, pesca e aquicultura;Francinópolis;Baixo-Baixo;0,001;False;0,0;T7;True;False
Criação de frangos para corte;A - Agricultura, pecuária, produção florestal, pesca e aquicultura;Francisco Ayres;Baixo-Baixo;0,001;False;0,0;;True;False
Criação de frangos para corte;A - Agricultura, pecuária, produção florestal, pesca e aquicultura;Francisco Macedo;Baixo-Baixo;0,001;False;0,0;;True;False
Criação de frangos para corte;A - Agricultura, pecuária, produção florestal, pesca e aquicultura;Francisco Santos;Baixo-Baixo;0,001;False;0,0;;True;False
Criação de frangos para corte;A - Agricultura, pecuária, produção florestal, pesca e aquicultura;Fronteiras;Baixo-Baixo;0,001;False;0,0;;True;False
Criação de frangos para corte;A - Agricultura, pecuária, produção florestal, pesca e aquicultura;Geminiano;Baixo-Baixo;0,001;False;0,0;;True;False
Criação de frangos para corte;A - Agricultura, pecuária, produção florestal, pesca e aquicultura;Gilbués;Baixo-Baixo;0,001;False;0,0;;True;False
Criação de frangos para corte;A - Agricultura, pecuária, produção florestal, pesca e aquicultura;Guadalupe;Baixo-Baixo;0,001;False;0,0;;True;False
Criação de frangos para corte;A - Agricultura, pecuária, produção florestal, pesca e aquicultura;Guaribas;Baixo-Baixo;0,001;False;0,0;;True;True
Criação de frangos para corte;A - Agricultura, pecuária, produção florestal, pesca e aquicultura;Hugo Napoleão;Baixo-Baixo;0,001;False;0,0;;True;False
Criação de frangos para corte;A - Agricultura, pecuária, produção florestal, pesca e aquicultura;Ilha Grande;Baixo-Baixo;0,001;False;0,0;;True;False
Criação de frangos para corte;A - Agricultura, pecuária, produção florestal, pesca e aquicultura;Inhuma;Baixo-Alto;0,03;False;0,0;;True;False
Criação de frangos para corte;A - Agricultura, pecuária, produção florestal, pesca e aquicultura;Ipiranga do Piauí;Baixo-Baixo;0,001;False;0,0;;True;False
Criação de frangos para corte;A - Agricultura, pecuária, produção florestal, pesca e aquicultura;Itainópolis;Baixo-Baixo;0,001;False;0,0;;True;False
Criação de frangos para corte;A - Agricultura, pecuária, produção florestal, pesca e aquicultura;Itaueira;Baixo-Baixo;0,001;False;0,0;T7,T8;True;False
Criação de frangos para corte;A - Agricultura, pecuária, produção florestal, pesca e aquicultura;Jaicós;Baixo-Baixo;0,001;False;0,0;;True;False
Criação de frangos para corte;A - Agricultura, pecuária, produção florestal, pesca e aquicultura;Jatobá do Piauí;Baixo-Baixo;0,001;False;0,0;;True;False
Criação de frangos para corte;A - Agricultura, pecuária, produção florestal, pesca e aquicultura;Joca Marques;Baixo-Baixo;0,001;False;0,0;;True;False
Criação de frangos para corte;A - Agricultura, pecuária, produção florestal, pesca e aquicultura;José de Freitas;Alto-Alto;0,004;True;97,3161;T1,T2;True;False
Criação de frangos para corte;A - Agricultura, pecuária, produção florestal, pesca e aquicultura;Juazeiro do Piauí;Baixo-Baixo;0,001;False;0,0;;True;False
Criação de frangos para corte;A - Agricultura, pecuária, produção florestal, pesca e aquicultura;Júlio Borges;Baixo-Baixo;0,001;False;0,0;;True;True
Criação de frangos para corte;A - Agricultura, pecuária, produção florestal, pesca e aquicultura;Jurema;Baixo-Baixo;0,001;False;0,0;;True;True
Criação de frangos para corte;A - Agricultura, pecuária, produção florestal, pesca e aquicultura;Lagoa de São Francisco;Baixo-Baixo;0,001;False;0,0;;True;False
Criação de frangos para corte;A - Agricultura, pecuária, produção florestal, pesca e aquicultura;Lagoa do Barro do Piauí;Baixo-Baixo;0,001;False;0,0;;True;False
Criação de frangos para corte;A - Agricultura, pecuária, produção florestal, pesca e aquicultura;Lagoa do Sítio;Baixo-Alto;0,013;False;0,0;;True;False
Criação de frangos para corte;A - Agricultura, pecuária, produção florestal, pesca e aquicultura;Luís Correia;Baixo-Baixo;0,001;False;0,0;;True;False
Criação de frangos para corte;A - Agricultura, pecuária, produção florestal, pesca e aquicultura;Madeiro;Baixo-Baixo;0,001;False;0,0;;True;False
Criação de frangos para corte;A - Agricultura, pecuária, produção florestal, pesca e aquicultura;Manoel Emídio;Baixo-Alto;0,047;False;0,0;;False;False
Criação de frangos para corte;A - Agricultura, pecuária, produção florestal, pesca e aquicultura;Marcolândia;Baixo-Baixo;0,001;False;0,0;;True;False
Criação de frangos para corte;A - Agricultura, pecuária, produção florestal, pesca e aquicultura;Marcos Parente;Baixo-Baixo;0,001;False;0,0;;True;False
Criação de frangos para corte;A - Agricultura, pecuária, produção florestal, pesca e aquicultura;Massapê do Piauí;Baixo-Baixo;0,001;False;0,0;;True;False
Criação de frangos para corte;A - Agricultura, pecuária, produção florestal, pesca e aquicultura;Matias Olímpio;Baixo-Baixo;0,001;False;0,0;;True;False
Criação de frangos para corte;A - Agricultura, pecuária, produção florestal, pesca e aquicultura;Milton Brandão;Baixo-Baixo;0,001;False;0,0;;True;False
Criação de frangos para corte;A - Agricultura, pecuária, produção florestal, pesca e aquicultura;Monsenhor Hipólito;Baixo-Baixo;0,001;False;0,0;;True;False
Criação de frangos para corte;A - Agricultura, pecuária, produção florestal, pesca e aquicultura;Monte Alegre do Piauí;Baixo-Baixo;0,001;False;0,0;;True;True
Criação de frangos para corte;A - Agricultura, pecuária, produção florestal, pesca e aquicultura;Morro Cabeça no Tempo;Baixo-Baixo;0,001;False;0,0;;True;False
Criação de frangos para corte;A - Agricultura, pecuária, produção florestal, pesca e aquicultura;Morro do Chapéu do Piauí;Baixo-Baixo;0,001;False;0,0;;True;False
Criação de frangos para corte;A - Agricultura, pecuária, produção florestal, pesca e aquicultura;Murici dos Portelas;Baixo-Baixo;0,001;False;0,0;;True;False
Criação de frangos para corte;A - Agricultura, pecuária, produção florestal, pesca e aquicultura;Nazaré do Piauí;Baixo-Baixo;0,001;False;0,0;;True;False
Criação de frangos para corte;A - Agricultura, pecuária, produção florestal, pesca e aquicultura;Nazária;Alto-Alto;0,02;True;9,8366;T1;True;False
Criação de frangos para corte;A - Agricultura, pecuária, produção florestal, pesca e aquicultura;Nossa Senhora de Nazaré;Baixo-Baixo;0,001;False;0,0;;True;False
Criação de frangos para corte;A - Agricultura, pecuária, produção florestal, pesca e aquicultura;Nova Santa Rita;Baixo-Baixo;0,001;False;0,0;;True;False
Criação de frangos para corte;A - Agricultura, pecuária, produção florestal, pesca e aquicultura;Novo Oriente do Piauí;Baixo-Alto;0,016;False;0,0;;True;False
Criação de frangos para corte;A - Agricultura, pecuária, produção florestal, pesca e aquicultura;Novo Santo Antônio;Baixo-Baixo;0,001;False;0,0;;True;False
Criação de frangos para corte;A - Agricultura, pecuária, produção florestal, pesca e aquicultura;Oeiras;Baixo-Baixo;0,001;False;0,0;;True;False
Criação de frangos para corte;A - Agricultura, pecuária, produção florestal, pesca e aquicultura;Olho D'Água do Piauí;Baixo-Baixo;0,001;False;0,0;;True;False
Criação de frangos para corte;A - Agricultura, pecuária, produção florestal, pesca e aquicultura;Paes Landim;Baixo-Baixo;0,001;False;0,0;;True;False
Criação de frangos para corte;A - Agricultura, pecuária, produção florestal, pesca e aquicultura;Pajeú do Piauí;Baixo-Baixo;0,001;False;0,0;;True;False
Criação de frangos para corte;A - Agricultura, pecuária, produção florestal, pesca e aquicultura;Palmeira do Piauí;Baixo-Alto;0,048;False;0,0;;False;False
Criação de frangos para corte;A - Agricultura, pecuária, produção florestal, pesca e aquicultura;Palmeirais;Baixo-Alto;0,002;False;0,0;;True;False
Criação de frangos para corte;A - Agricultura, pecuária, produção florestal, pesca e aquicultura;Paquetá;Baixo-Baixo;0,001;False;0,0;;True;False
Criação de frangos para corte;A - Agricultura, pecuária, produção florestal, pesca e aquicultura;Parnaguá;Baixo-Baixo;0,001;False;0,0;;True;True
Criação de frangos para corte;A - Agricultura, pecuária, produção florestal, pesca e aquicultura;Parnaíba;Baixo-Baixo;0,001;False;0,0;T3,T7;True;False
Criação de frangos para corte;A - Agricultura, pecuária, produção florestal, pesca e aquicultura;Pau D'Arco do Piauí;Baixo-Alto;0,007;False;0,0;;True;False
Criação de frangos para corte;A - Agricultura, pecuária, produção florestal, pesca e aquicultura;Pavussu;Baixo-Baixo;0,001;False;0,0;;True;True
Criação de frangos para corte;A - Agricultura, pecuária, produção florestal, pesca e aquicultura;Pedro Laurentino;Baixo-Baixo;0,001;False;0,0;;True;True
Criação de frangos para corte;A - Agricultura, pecuária, produção florestal, pesca e aquicultura;Picos;Baixo-Baixo;0,001;False;0,0;T7;True;False
Criação de frangos para corte;A - Agricultura, pecuária, produção florestal, pesca e aquicultura;Porto;Baixo-Baixo;0,001;False;0,0;;True;False
Criação de frangos para corte;A - Agricultura, pecuária, produção florestal, pesca e aquicultura;Porto Alegre do Piauí;Baixo-Baixo;0,001;False;0,0;;True;False
Criação de frangos para corte;A - Agricultura, pecuária, produção florestal, pesca e aquicultura;Prata do Piauí;Baixo-Baixo;0,001;False;0,0;;True;False
Criação de frangos para corte;A - Agricultura, pecuária, produção florestal, pesca e aquicultura;Queimada Nova;Baixo-Baixo;0,001;False;0,0;;True;True
Criação de frangos para corte;A - Agricultura, pecuária, produção florestal, pesca e aquicultura;Redenção do Gurguéia;Baixo-Baixo;0,001;False;0,0;;True;False
Criação de frangos para corte;A - Agricultura, pecuária, produção florestal, pesca e aquicultura;Riacho Frio;Baixo-Baixo;0,001;False;0,0;;True;True
Criação de frangos para corte;A - Agricultura, pecuária, produção florestal, pesca e aquicultura;Ribeira do Piauí;Baixo-Baixo;0,001;False;0,0;;True;False
Criação de frangos para corte;A - Agricultura, pecuária, produção florestal, pesca e aquicultura;Ribeiro Gonçalves;Baixo-Alto;0,019;False;0,0;;True;False
Criação de frangos para corte;A - Agricultura, pecuária, produção florestal, pesca e aquicultura;Rio Grande do Piauí;Baixo-Baixo;0,001;False;0,0;;True;True
Criação de frangos para corte;A - Agricultura, pecuária, produção florestal, pesca e aquicultura;Santa Cruz dos Milagres;Baixo-Baixo;0,001;False;0,0;;True;False
Criação de frangos para corte;A - Agricultura, pecuária, produção florestal, pesca e aquicultura;Santa Filomena;Baixo-Baixo;0,001;False;0,0;;True;True
Criação de frangos para corte;A - Agricultura, pecuária, produção florestal, pesca e aquicultura;Santa Luz;Baixo-Baixo;0,001;False;0,0;;True;False
Criação de frangos para corte;A - Agricultura, pecuária, produção florestal, pesca e aquicultura;Santa Rosa do Piauí;Baixo-Baixo;0,001;False;0,0;;True;False
Criação de frangos para corte;A - Agricultura, pecuária, produção florestal, pesca e aquicultura;Santana do Piauí;Baixo-Baixo;0,001;False;0,0;;True;False
Criação de frangos para corte;A - Agricultura, pecuária, produção florestal, pesca e aquicultura;São Braz do Piauí;Baixo-Baixo;0,001;False;0,0;;True;False
Criação de frangos para corte;A - Agricultura, pecuária, produção florestal, pesca e aquicultura;São Félix do Piauí;Baixo-Baixo;0,001;False;0,0;;True;False
Criação de frangos para corte;A - Agricultura, pecuária, produção florestal, pesca e aquicultura;São Francisco de Assis do Piauí;Baixo-Baixo;0,001;False;0,0;;True;False
Criação de frangos para corte;A - Agricultura, pecuária, produção florestal, pesca e aquicultura;São Francisco do Piauí;Baixo-Baixo;0,001;False;0,0;;True;False
Criação de frangos para corte;A - Agricultura, pecuária, produção florestal, pesca e aquicultura;São Gonçalo do Gurguéia;Baixo-Baixo;0,001;False;0,0;;True;True
Criação de frangos para corte;A - Agricultura, pecuária, produção florestal, pesca e aquicultura;São João da Serra;Baixo-Baixo;0,001;False;0,0;;True;False
Criação de frangos para corte;A - Agricultura, pecuária, produção florestal, pesca e aquicultura;São João da Varjota;Baixo-Baixo;0,001;False;0,0;;True;False
Criação de frangos para corte;A - Agricultura, pecuária, produção florestal, pesca e aquicultura;São João do Arraial;Baixo-Baixo;0,001;False;0,0;;True;False
Criação de frangos para corte;A - Agricultura, pecuária, produção florestal, pesca e aquicultura;São João do Piauí;Baixo-Baixo;0,001;False;0,0;;True;False
Criação de frangos para corte;A - Agricultura, pecuária, produção florestal, pesca e aquicultura;São José do Peixe;Baixo-Baixo;0,001;False;0,0;;True;False
Criação de frangos para corte;A - Agricultura, pecuária, produção florestal, pesca e aquicultura;São Julião;Baixo-Baixo;0,001;False;0,0;;True;False
Criação de frangos para corte;A - Agricultura, pecuária, produção florestal, pesca e aquicultura;São Lourenço do Piauí;Baixo-Baixo;0,001;False;0,0;;True;False
Criação de frangos para corte;A - Agricultura, pecuária, produção florestal, pesca e aquicultura;São Luis do Piauí;Baixo-Baixo;0,001;False;0,0;;True;False
Criação de frangos para corte;A - Agricultura, pecuária, produção florestal, pesca e aquicultura;São Miguel do Tapuio;Baixo-Baixo;0,001;False;0,0;;True;False
Criação de frangos para corte;A - Agricultura, pecuária, produção florestal, pesca e aquicultura;São Raimundo Nonato;Baixo-Baixo;0,001;False;0,0;;True;False
Criação de frangos para corte;A - Agricultura, pecuária, produção florestal, pesca e aquicultura;Sebastião Barros;Baixo-Baixo;0,001;False;0,0;;True;True
Criação de frangos para corte;A - Agricultura, pecuária, produção florestal, pesca e aquicultura;Sebastião Leal;Baixo-Alto;0,047;False;0,0;;False;False
Criação de frangos para corte;A - Agricultura, pecuária, produção florestal, pesca e aquicultura;Simplício Mendes;Baixo-Baixo;0,001;False;0,0;;True;False
Criação de frangos para corte;A - Agricultura, pecuária, produção florestal, pesca e aquicultura;Tamboril do Piauí;Baixo-Baixo;0,001;False;0,0;T8;True;True
Criação de frangos para corte;A - Agricultura, pecuária, produção florestal, pesca e aquicultura;Tanque do Piauí;Baixo-Baixo;0,001;False;0,0;;True;False
Criação de frangos para corte;A - Agricultura, pecuária, produção florestal, pesca e aquicultura;Teresina;Alto-Alto;0,002;True;132,4256;T1,T3,T7;True;True
Criação de frangos para corte;A - Agricultura, pecuária, produção florestal, pesca e aquicultura;União;Baixo-Alto;0,002;False;0,0;T7;True;True
Criação de frangos para corte;A - Agricultura, pecuária, produção florestal, pesca e aquicultura;Uruçuí;Alto-Baixo;0,001;True;226,4747;T1,T3;True;True
Criação de frangos para corte;A - Agricultura, pecuária, produção florestal, pesca e aquicultura;Várzea Branca;Baixo-Baixo;0,001;False;0,0;;True;False
Criação de frangos para corte;A - Agricultura, pecuária, produção florestal, pesca e aquicultura;Várzea Grande;Baixo-Baixo;0,001;False;0,0;;True;False
Criação de frangos para corte;A - Agricultura, pecuária, produção florestal, pesca e aquicultura;Vera Mendes;Baixo-Baixo;0,001;False;0,0;;True;False
Criação de frangos para corte;A - Agricultura, pecuária, produção florestal, pesca e aquicultura;Wall Ferraz;Baixo-Baixo;0,001;False;0,0;;True;False
Cultivo de arroz;A - Agricultura, pecuária, produção florestal, pesca e aquicultura;Angical do Piauí;Baixo-Baixo;0,001;False;0,0;;True;False
Cultivo de arroz;A - Agricultura, pecuária, produção florestal, pesca e aquicultura;Baixa Grande do Ribeiro;Baixo-Alto;0,001;False;0,0;T3,T7;True;False
Cultivo de arroz;A - Agricultura, pecuária, produção florestal, pesca e aquicultura;Barreiras do Piauí;Baixo-Alto;0,049;False;0,0;T7,T8;False;True
Cultivo de arroz;A - Agricultura, pecuária, produção florestal, pesca e aquicultura;Batalha;Baixo-Baixo;0,001;False;0,0;;True;False
Cultivo de arroz;A - Agricultura, pecuária, produção florestal, pesca e aquicultura;Beneditinos;Baixo-Baixo;0,001;False;0,0;;True;False
Cultivo de arroz;A - Agricultura, pecuária, produção florestal, pesca e aquicultura;Bom Jesus;Alto-Alto;0,001;True;31,4803;T1,T3;True;True
Cultivo de arroz;A - Agricultura, pecuária, produção florestal, pesca e aquicultura;Cajueiro da Praia;Baixo-Baixo;0,045;False;0,0;;False;False
Cultivo de arroz;A - Agricultura, pecuária, produção florestal, pesca e aquicultura;Canavieira;Baixo-Baixo;0,001;False;0,0;;True;False
Cultivo de arroz;A - Agricultura, pecuária, produção florestal, pesca e aquicultura;Corrente;Alto-Baixo;0,001;True;5,4035;T1,T3;True;False
Cultivo de arroz;A - Agricultura, pecuária, produção florestal, pesca e aquicultura;Cristino Castro;Baixo-Alto;0,002;False;0,0;T7;True;False
Cultivo de arroz;A - Agricultura, pecuária, produção florestal, pesca e aquicultura;Currais;Alto-Alto;0,004;True;84,5336;T1;True;True
Cultivo de arroz;A - Agricultura, pecuária, produção florestal, pesca e aquicultura;Floriano;Alto-Baixo;0,001;True;55,3032;T1;True;True
Cultivo de arroz;A - Agricultura, pecuária, produção florestal, pesca e aquicultura;Francisco Ayres;Baixo-Alto;0,045;False;0,0;;False;False
Cultivo de arroz;A - Agricultura, pecuária, produção florestal, pesca e aquicultura;Francisco Santos;Baixo-Baixo;0,001;False;0,0;;True;False
Cultivo de arroz;A - Agricultura, pecuária, produção florestal, pesca e aquicultura;Geminiano;Baixo-Baixo;0,001;False;0,0;;True;False
Cultivo de arroz;A - Agricultura, pecuária, produção florestal, pesca e aquicultura;Gilbués;Alto-Alto;0,001;True;14,7139;T1;True;True
Cultivo de arroz;A - Agricultura, pecuária, produção florestal, pesca e aquicultura;Ilha Grande;Baixo-Baixo;0,045;False;0,0;;False;False
Cultivo de arroz;A - Agricultura, pecuária, produção florestal, pesca e aquicultura;Inhuma;Baixo-Baixo;0,001;False;0,0;;True;False
Cultivo de arroz;A - Agricultura, pecuária, produção florestal, pesca e aquicultura;Ipiranga do Piauí;Baixo-Baixo;0,001;False;0,0;;True;False
Cultivo de arroz;A - Agricultura, pecuária, produção florestal, pesca e aquicultura;Itainópolis;Baixo-Baixo;0,001;False;0,0;;True;False
Cultivo de arroz;A - Agricultura, pecuária, produção florestal, pesca e aquicultura;Jaicós;Baixo-Baixo;0,001;False;0,0;;True;False
Cultivo de arroz;A - Agricultura, pecuária, produção florestal, pesca e aquicultura;Monte Alegre do Piauí;Alto-Alto;0,004;True;11,6345;T1,T2;True;True
Cultivo de arroz;A - Agricultura, pecuária, produção florestal, pesca e aquicultura;Morro Cabeça no Tempo;Baixo-Alto;0,028;False;0,0;;False;False
Cultivo de arroz;A - Agricultura, pecuária, produção florestal, pesca e aquicultura;Oeiras;Baixo-Baixo;0,001;False;0,0;;True;False
Cultivo de arroz;A - Agricultura, pecuária, produção florestal, pesca e aquicultura;Olho D'Água do Piauí;Baixo-Baixo;0,001;False;0,0;;True;False
Cultivo de arroz;A - Agricultura, pecuária, produção florestal, pesca e aquicultura;Palmeira do Piauí;Alto-Alto;0,043;True;66,5644;T1,T7;False;False
Cultivo de arroz;A - Agricultura, pecuária, produção florestal, pesca e aquicultura;Picos;Baixo-Baixo;0,001;False;0,0;;True;False
Cultivo de arroz;A - Agricultura, pecuária, produção florestal, pesca e aquicultura;Piracuruca;Baixo-Baixo;0,001;False;0,0;;True;False
Cultivo de arroz;A - Agricultura, pecuária, produção florestal, pesca e aquicultura;Redenção do Gurguéia;Alto-Alto;0,012;True;1,5777;T1;False;True
Cultivo de arroz;A - Agricultura, pecuária, produção florestal, pesca e aquicultura;Riacho Frio;Baixo-Alto;0,005;False;0,0;;True;False
Cultivo de arroz;A - Agricultura, pecuária, produção florestal, pesca e aquicultura;Ribeira do Piauí;Baixo-Baixo;0,001;False;0,0;;True;False
Cultivo de arroz;A - Agricultura, pecuária, produção florestal, pesca e aquicultura;Santa Luz;Baixo-Alto;0,001;False;0,0;;True;True
Cultivo de arroz;A - Agricultura, pecuária, produção florestal, pesca e aquicultura;São Francisco de Assis do Piauí;Baixo-Baixo;0,001;False;0,0;;True;False
Cultivo de arroz;A - Agricultura, pecuária, produção florestal, pesca e aquicultura;São Gonçalo do Gurguéia;Baixo-Alto;0,012;False;0,0;T7;False;True
Cultivo de arroz;A - Agricultura, pecuária, produção florestal, pesca e aquicultura;Tanque do Piauí;Baixo-Baixo;0,001;False;0,0;;True;False
Cultivo de soja;A - Agricultura, pecuária, produção florestal, pesca e aquicultura;Alvorada do Gurguéia;Alto-Alto;0,028;True;51,0049;T1,T7;False;False
Cultivo de soja;A - Agricultura, pecuária, produção florestal, pesca e aquicultura;Amarante;Baixo-Alto;0,038;False;0,0;;False;False
Cultivo de soja;A - Agricultura, pecuária, produção florestal, pesca e aquicultura;Angical do Piauí;Baixo-Alto;0,044;False;0,0;;False;False
Cultivo de soja;A - Agricultura, pecuária, produção florestal, pesca e aquicultura;Antônio Almeida;Alto-Alto;0,002;True;74,6884;T1,T2;False;False
Cultivo de soja;A - Agricultura, pecuária, produção florestal, pesca e aquicultura;Baixa Grande do Ribeiro;Baixo-Alto;0,002;False;0,0;T3,T7;False;False
Cultivo de soja;A - Agricultura, pecuária, produção florestal, pesca e aquicultura;Bertolínia;Baixo-Alto;0,039;False;0,0;;False;False
Cultivo de soja;A - Agricultura, pecuária, produção florestal, pesca e aquicultura;Canavieira;Baixo-Alto;0,028;False;0,0;;False;False
Cultivo de soja;A - Agricultura, pecuária, produção florestal, pesca e aquicultura;Cocal de Telha;Alto-Baixo;0,001;True;9,9655;T2;True;False
Cultivo de soja;A - Agricultura, pecuária, produção florestal, pesca e aquicultura;Cocal dos Alves;Baixo-Alto;0,037;False;0,0;;False;False
Cultivo de soja;A - Agricultura, pecuária, produção florestal, pesca e aquicultura;Cristino Castro;Baixo-Alto;0,023;False;0,0;T7;False;True
Cultivo de soja;A - Agricultura, pecuária, produção florestal, pesca e aquicultura;Francinópolis;Baixo-Alto;0,037;False;0,0;;False;False
Cultivo de soja;A - Agricultura, pecuária, produção florestal, pesca e aquicultura;Gilbués;Baixo-Alto;0,001;False;0,0;T7,T8;True;True
Cultivo de soja;A - Agricultura, pecuária, produção florestal, pesca e aquicultura;Landri Sales;Baixo-Alto;0,003;False;0,0;;False;False
Cultivo de soja;A - Agricultura, pecuária, produção florestal, pesca e aquicultura;Manoel Emídio;Baixo-Alto;0,001;False;0,0;T7,T8;False;False
Cultivo de soja;A - Agricultura, pecuária, produção florestal, pesca e aquicultura;Marcos Parente;Baixo-Alto;0,038;False;0,0;;False;True
Cultivo de soja;A - Agricultura, pecuária, produção florestal, pesca e aquicultura;Nazária;Baixo-Alto;0,036;False;0,0;;False;False
Cultivo de soja;A - Agricultura, pecuária, produção florestal, pesca e aquicultura;Palmeira do Piauí;Alto-Alto;0,024;True;83,4713;T1,T3,T7;False;False
Cultivo de soja;A - Agricultura, pecuária, produção florestal, pesca e aquicultura;Porto Alegre do Piauí;Baixo-Alto;0,021;False;0,0;T7;False;True
Cultivo de soja;A - Agricultura, pecuária, produção florestal, pesca e aquicultura;Riacho Frio;Baixo-Alto;0,034;False;0,0;T7;False;False
Cultivo de soja;A - Agricultura, pecuária, produção florestal, pesca e aquicultura;Ribeiro Gonçalves;Baixo-Alto;0,002;False;0,0;T6,T7;False;False
Cultivo de soja;A - Agricultura, pecuária, produção florestal, pesca e aquicultura;Sebastião Leal;Alto-Alto;0,024;True;718,2012;T1,T3;False;False
Cultivo de soja;A - Agricultura, pecuária, produção florestal, pesca e aquicultura;Uruçuí;Alto-Alto;0,001;True;145,0476;T1,T3,T7;True;True
Educação infantil - pré-escola;P - Educação;Altos;Alto-Alto;0,004;True;95,804;T1,T3;True;True
Educação infantil - pré-escola;P - Educação;Barras;Alto-Alto;0,022;True;19,0631;T2,T7;False;False
Educação infantil - pré-escola;P - Educação;Batalha;Alto-Alto;0,003;True;81,7593;T1;True;False
Educação infantil - pré-escola;P - Educação;Bom Jesus;Alto-Baixo;0,001;True;51,1766;T1;True;False
Educação infantil - pré-escola;P - Educação;Bom Princípio do Piauí;Baixo-Alto;0,012;False;0,0;;False;False
Educação infantil - pré-escola;P - Educação;Brasileira;Baixo-Alto;0,005;False;0,0;;True;True
Educação infantil - pré-escola;P - Educação;Canavieira;Baixo-Baixo;0,001;False;0,0;;True;False
Educação infantil - pré-escola;P - Educação;Caracol;Alto-Baixo;0,001;True;8,6537;T1,T2;True;False
Educação infantil - pré-escola;P - Educação;Coivaras;Baixo-Alto;0,016;False;0,0;;False;True
Educação infantil - pré-escola;P - Educação;Corrente;Alto-Baixo;0,001;True;35,333;T1,T7;True;True
Educação infantil - pré-escola;P - Educação;Francisco Ayres;Baixo-Alto;0,009;False;0,0;;False;False
Educação infantil - pré-escola;P - Educação;Francisco Santos;Baixo-Baixo;0,001;False;0,0;;True;False
Educação infantil - pré-escola;P - Educação;Fronteiras;Alto-Baixo;0,001;True;14,5733;T1,T7;True;False
Educação infantil - pré-escola;P - Educação;Ilha Grande;Baixo-Alto;0,005;False;0,0;;True;True
Educação infantil - pré-escola;P - Educação;Ipiranga do Piauí;Baixo-Alto;0,024;False;0,0;;False;False
Educação infantil - pré-escola;P - Educação;Itainópolis;Baixo-Baixo;0,001;False;0,0;;True;False
Educação infantil - pré-escola;P - Educação;Jaicós;Baixo-Baixo;0,001;False;0,0;T3;True;False
Educação infantil - pré-escola;P - Educação;Jardim do Mulato;Baixo-Baixo;0,001;False;0,0;;True;False
Educação infantil - pré-escola;P - Educação;José de Freitas;Alto-Alto;0,001;True;5,1499;T2,T3,T7;True;True
Educação infantil - pré-escola;P - Educação;Lagoa de São Francisco;Baixo-Alto;0,02;False;0,0;;False;False
Educação infantil - pré-escola;P - Educação;Lagoa do Piauí;Baixo-Alto;0,038;False;0,0;T7;False;False
Educação infantil - pré-escola;P - Educação;Marcolândia;Alto-Baixo;0,001;True;3,1222;T6;True;False
Educação infantil - pré-escola;P - Educação;Nazaré do Piauí;Baixo-Alto;0,045;False;0,0;;False;False
Educação infantil - pré-escola;P - Educação;Nazária;Baixo-Alto;0,011;False;0,0;;False;False
Educação infantil - pré-escola;P - Educação;Oeiras;Alto-Baixo;0,001;True;50,6627;T1,T7,T8;True;False
Educação infantil - pré-escola;P - Educação;Olho D'Água do Piauí;Baixo-Baixo;0,001;False;0,0;;True;False
Educação infantil - pré-escola;P - Educação;Palmeirais;Baixo-Alto;0,016;False;0,0;;False;False
Educação infantil - pré-escola;P - Educação;Passagem Franca do Piauí;Baixo-Baixo;0,001;False;0,0;;True;False
Educação infantil - pré-escola;P - Educação;Patos do Piauí;Baixo-Baixo;0,001;False;0,0;;True;False
Educação infantil - pré-escola;P - Educação;Pau D'Arco do Piauí;Baixo-Alto;0,006;False;0,0;;True;False
Educação infantil - pré-escola;P - Educação;Ribeira do Piauí;Baixo-Baixo;0,001;False;0,0;;True;False
Educação infantil - pré-escola;P - Educação;São Francisco de Assis do Piauí;Baixo-Baixo;0,001;False;0,0;;True;False
Educação infantil - pré-escola;P - Educação;São João do Piauí;Baixo-Baixo;0,001;False;0,0;;True;False
Educação infantil - pré-escola;P - Educação;São José do Divino;Baixo-Alto;0,014;False;0,0;;False;True
Educação infantil - pré-escola;P - Educação;São Miguel do Tapuio;Baixo-Baixo;0,001;False;0,0;;True;False
Educação infantil - pré-escola;P - Educação;São Pedro do Piauí;Baixo-Baixo;0,001;False;0,0;T7;True;False
Educação infantil - pré-escola;P - Educação;São Raimundo Nonato;Alto-Baixo;0,001;True;2,2731;T3;True;False
Educação infantil - pré-escola;P - Educação;Simplício Mendes;Alto-Baixo;0,001;True;7,8766;T1,T7;True;False
Educação infantil - pré-escola;P - Educação;Teresina;Alto-Alto;0,039;True;740,494;T1,T7;False;False
Educação infantil - pré-escola;P - Educação;União;Alto-Alto;0,016;True;25,4172;T1,T7;False;True
Educação infantil - pré-escola;P - Educação;Uruçuí;Baixo-Baixo;0,001;False;0,0;T7;True;False
Ensino fundamental;P - Educação;Altos;Baixo-Alto;0,007;False;0,0;T5,T7;False;False
Ensino fundamental;P - Educação;Bom Princípio do Piauí;Baixo-Alto;0,006;False;0,0;;False;False
Ensino fundamental;P - Educação;Cajueiro da Praia;Baixo-Alto;0,024;False;0,0;;False;True
Ensino fundamental;P - Educação;Caraúbas do Piauí;Baixo-Alto;0,03;False;0,0;;False;True
Ensino fundamental;P - Educação;Cocal;Alto-Alto;0,04;True;2885,4998;T1;False;False
Ensino fundamental;P - Educação;Cocal dos Alves;Baixo-Alto;0,02;False;0,0;;False;True
Ensino fundamental;P - Educação;Curralinhos;Baixo-Alto;0,035;False;0,0;;False;False
Ensino fundamental;P - Educação;Demerval Lobão;Baixo-Alto;0,021;False;0,0;T7;False;False
Ensino fundamental;P - Educação;Esperantina;Alto-Baixo;0,001;True;95,6728;T1,T5;True;False
Ensino fundamental;P - Educação;José de Freitas;Baixo-Alto;0,038;False;0,0;T5,T7,T8;False;False
Ensino fundamental;P - Educação;Lagoa do Piauí;Baixo-Alto;0,007;False;0,0;;False;False
Ensino fundamental;P - Educação;Luís Correia;Alto-Alto;0,025;True;64,6081;T2,T6;False;False
Ensino fundamental;P - Educação;Marcos Parente;Baixo-Alto;0,049;False;0,0;;False;False
Ensino fundamental;P - Educação;Monsenhor Gil;Baixo-Alto;0,048;False;0,0;;False;False
Ensino fundamental;P - Educação;Nazária;Baixo-Alto;0,012;False;0,0;;False;False
Ensino fundamental;P - Educação;Palmeirais;Baixo-Alto;0,037;False;0,0;;False;False
Ensino fundamental;P - Educação;Pau D'Arco do Piauí;Baixo-Alto;0,037;False;0,0;;False;False
Ensino fundamental;P - Educação;Paulistana;Alto-Baixo;0,001;True;93,0949;T1;True;True
Ensino fundamental;P - Educação;Pedro II;Alto-Baixo;0,001;True;82,807;T2,T6;True;False
Ensino fundamental;P - Educação;Porto Alegre do Piauí;Baixo-Alto;0,048;False;0,0;;False;False
Ensino fundamental;P - Educação;Santo Antônio de Lisboa;Alto-Baixo;0,001;True;61,1484;T1;True;True
Ensino fundamental;P - Educação;Simplício Mendes;Alto-Baixo;0,001;True;12,1034;T1;True;False
Ensino fundamental;P - Educação;União;Baixo-Alto;0,002;False;0,0;T7;False;True
Fabricação de alimentos para animais;C - Indústrias de transformação;Água Branca;Baixo-Baixo;0,001;False;0,0;T7;True;False
Fabricação de alimentos para animais;C - Indústrias de transformação;Alagoinha do Piauí;Baixo-Baixo;0,001;False;0,0;;True;False
Fabricação de alimentos para animais;C - Indústrias de transformação;Alegrete do Piauí;Baixo-Baixo;0,001;False;0,0;;True;False
Fabricação de alimentos para animais;C - Indústrias de transformação;Aroeiras do Itaim;Baixo-Baixo;0,001;False;0,0;;True;False
Fabricação de alimentos para animais;C - Indústrias de transformação;Arraial;Baixo-Baixo;0,001;False;0,0;;True;False
Fabricação de alimentos para animais;C - Indústrias de transformação;Baixa Grande do Ribeiro;Baixo-Alto;0,007;False;0,0;;True;False
Fabricação de alimentos para animais;C - Indústrias de transformação;Barra D'Alcântara;Baixo-Alto;0,017;False;0,0;;True;False
Fabricação de alimentos para animais;C - Indústrias de transformação;Batalha;Baixo-Alto;0,015;False;0,0;;True;False
Fabricação de alimentos para animais;C - Indústrias de transformação;Bela Vista do Piauí;Baixo-Baixo;0,001;False;0,0;;True;False
Fabricação de alimentos para animais;C - Indústrias de transformação;Belém do Piauí;Baixo-Baixo;0,001;False;0,0;;True;False
Fabricação de alimentos para animais;C - Indústrias de transformação;Bocaina;Baixo-Baixo;0,001;False;0,0;;True;False
Fabricação de alimentos para animais;C - Indústrias de transformação;Boqueirão do Piauí;Baixo-Baixo;0,001;False;0,0;;True;False
Fabricação de alimentos para animais;C - Indústrias de transformação;Brasileira;Baixo-Baixo;0,001;False;0,0;;True;False
Fabricação de alimentos para animais;C - Indústrias de transformação;Buriti dos Montes;Baixo-Baixo;0,001;False;0,0;;True;False
Fabricação de alimentos para animais;C - Indústrias de transformação;Cajazeiras do Piauí;Baixo-Alto;0,039;False;0,0;;False;False
Fabricação de alimentos para animais;C - Indústrias de transformação;Campo Alegre do Fidalgo;Baixo-Baixo;0,001;False;0,0;;True;False
Fabricação de alimentos para animais;C - Indústrias de transformação;Campo Grande do Piauí;Baixo-Baixo;0,001;False;0,0;;True;False
Fabricação de alimentos para animais;C - Indústrias de transformação;Campo Largo do Piauí;Baixo-Alto;0,01;False;0,0;;True;False
Fabricação de alimentos para animais;C - Indústrias de transformação;Campo Maior;Baixo-Alto;0,024;False;0,0;T7;False;False
Fabricação de alimentos para animais;C - Indústrias de transformação;Canto do Buriti;Baixo-Baixo;0,001;False;0,0;;True;False
Fabricação de alimentos para animais;C - Indústrias de transformação;Capitão de Campos;Baixo-Baixo;0,001;False;0,0;;True;False
Fabricação de alimentos para animais;C - Indústrias de transformação;Caraúbas do Piauí;Baixo-Baixo;0,001;False;0,0;T7;True;False
Fabricação de alimentos para animais;C - Indústrias de transformação;Caridade do Piauí;Baixo-Baixo;0,001;False;0,0;;True;False
Fabricação de alimentos para animais;C - Indústrias de transformação;Castelo do Piauí;Baixo-Baixo;0,001;False;0,0;T7,T8;True;False
Fabricação de alimentos para animais;C - Indústrias de transformação;Cocal;Baixo-Baixo;0,001;False;0,0;T7;True;False
Fabricação de alimentos para animais;C - Indústrias de transformação;Cocal de Telha;Baixo-Baixo;0,001;False;0,0;;True;False
Fabricação de alimentos para animais;C - Indústrias de transformação;Coivaras;Baixo-Alto;0,011;False;0,0;;True;True
Fabricação de alimentos para animais;C - Indústrias de transformação;Conceição do Canindé;Baixo-Baixo;0,001;False;0,0;;True;False
Fabricação de alimentos para animais;C - Indústrias de transformação;Coronel José Dias;Baixo-Baixo;0,001;False;0,0;;True;False
Fabricação de alimentos para animais;C - Indústrias de transformação;Corrente;Alto-Baixo;0,001;True;11,0709;T1,T3,T7;True;False
Fabricação de alimentos para animais;C - Indústrias de transformação;Cristino Castro;Baixo-Baixo;0,001;False;0,0;;True;False
Fabricação de alimentos para animais;C - Indústrias de transformação;Curimatá;Baixo-Baixo;0,001;False;0,0;;True;False
Fabricação de alimentos para animais;C - Indústrias de transformação;Curral Novo do Piauí;Baixo-Baixo;0,001;False;0,0;;True;False
Fabricação de alimentos para animais;C - Indústrias de transformação;Curralinhos;Baixo-Baixo;0,001;False;0,0;;True;False
Fabricação de alimentos para animais;C - Indústrias de transformação;Dom Inocêncio;Baixo-Baixo;0,001;False;0,0;;True;False
Fabricação de alimentos para animais;C - Indústrias de transformação;Elesbão Veloso;Alto-Baixo;0,001;True;3,0664;T1;True;False
Fabricação de alimentos para animais;C - Indústrias de transformação;Eliseu Martins;Baixo-Baixo;0,001;False;0,0;;True;False
Fabricação de alimentos para animais;C - Indústrias de transformação;Floresta do Piauí;Baixo-Baixo;0,001;False;0,0;;True;False
Fabricação de alimentos para animais;C - Indústrias de transformação;Hugo Napoleão;Baixo-Baixo;0,001;False;0,0;;True;False
Fabricação de alimentos para animais;C - Indústrias de transformação;Ilha Grande;Baixo-Alto;0,023;False;0,0;;False;False
Fabricação de alimentos para animais;C - Indústrias de transformação;Jacobina do Piauí;Baixo-Baixo;0,001;False;0,0;;True;False
Fabricação de alimentos para animais;C - Indústrias de transformação;João Costa;Baixo-Baixo;0,001;False;0,0;;True;False
Fabricação de alimentos para animais;C - Indústrias de transformação;José de Freitas;Alto-Alto;0,027;True;13,8204;T2;False;False
Fabricação de alimentos para animais;C - Indústrias de transformação;Jurema;Baixo-Baixo;0,001;False;0,0;;True;False
Fabricação de alimentos para animais;C - Indústrias de transformação;Lagoa do Barro do Piauí;Baixo-Baixo;0,001;False;0,0;;True;False
Fabricação de alimentos para animais;C - Indústrias de transformação;Lagoa do Piauí;Baixo-Baixo;0,001;False;0,0;T7;True;False
Fabricação de alimentos para animais;C - Indústrias de transformação;Lagoinha do Piauí;Baixo-Baixo;0,001;False;0,0;;True;False
Fabricação de alimentos para animais;C - Indústrias de transformação;Landri Sales;Baixo-Baixo;0,001;False;0,0;;True;False
Fabricação de alimentos para animais;C - Indústrias de transformação;Luzilândia;Baixo-Baixo;0,001;False;0,0;;True;False
Fabricação de alimentos para animais;C - Indústrias de transformação;Massapê do Piauí;Baixo-Baixo;0,001;False;0,0;;True;False
Fabricação de alimentos para animais;C - Indústrias de transformação;Miguel Leão;Baixo-Baixo;0,001;False;0,0;;True;False
Fabricação de alimentos para animais;C - Indústrias de transformação;Monsenhor Hipólito;Baixo-Baixo;0,001;False;0,0;;True;False
Fabricação de alimentos para animais;C - Indústrias de transformação;Nazaré do Piauí;Baixo-Alto;0,03;False;0,0;;False;False
Fabricação de alimentos para animais;C - Indústrias de transformação;Nova Santa Rita;Baixo-Baixo;0,001;False;0,0;;True;False
Fabricação de alimentos para animais;C - Indústrias de transformação;Novo Oriente do Piauí;Baixo-Alto;0,021;False;0,0;T8;True;False
Fabricação de alimentos para animais;C - Indústrias de transformação;Novo Santo Antônio;Baixo-Baixo;0,001;False;0,0;;True;False
Fabricação de alimentos para animais;C - Indústrias de transformação;Oeiras;Alto-Baixo;0,001;True;82,557;T1,T2;True;False
Fabricação de alimentos para animais;C - Indústrias de transformação;Padre Marcos;Baixo-Baixo;0,001;False;0,0;;True;False
Fabricação de alimentos para animais;C - Indústrias de transformação;Pajeú do Piauí;Baixo-Baixo;0,001;False;0,0;;True;False
Fabricação de alimentos para animais;C - Indústrias de transformação;Palmeirais;Baixo-Baixo;0,001;False;0,0;;True;False
Fabricação de alimentos para animais;C - Indústrias de transformação;Paquetá;Baixo-Baixo;0,001;False;0,0;;True;False
Fabricação de alimentos para animais;C - Indústrias de transformação;Parnaíba;Alto-Baixo;0,001;True;12,4195;T1,T7;True;False
Fabricação de alimentos para animais;C - Indústrias de transformação;Pau D'Arco do Piauí;Baixo-Alto;0,034;False;0,0;;False;False
Fabricação de alimentos para animais;C - Indústrias de transformação;Paulistana;Baixo-Baixo;0,001;False;0,0;;True;False
Fabricação de alimentos para animais;C - Indústrias de transformação;Pedro II;Baixo-Baixo;0,001;False;0,0;T8;True;False
Fabricação de alimentos para animais;C - Indústrias de transformação;Pedro Laurentino;Baixo-Baixo;0,001;False;0,0;;True;False
Fabricação de alimentos para animais;C - Indústrias de transformação;Pio IX;Baixo-Baixo;0,001;False;0,0;;True;False
Fabricação de alimentos para animais;C - Indústrias de transformação;Prata do Piauí;Baixo-Baixo;0,001;False;0,0;;True;False
Fabricação de alimentos para animais;C - Indústrias de transformação;Santa Rosa do Piauí;Baixo-Alto;0,022;False;0,0;;False;False
Fabricação de alimentos para animais;C - Indústrias de transformação;Santo Antônio de Lisboa;Baixo-Baixo;0,001;False;0,0;;True;False
Fabricação de alimentos para animais;C - Indústrias de transformação;Santo Inácio do Piauí;Baixo-Baixo;0,001;False;0,0;;True;False
Fabricação de alimentos para animais;C - Indústrias de transformação;São Braz do Piauí;Baixo-Baixo;0,001;False;0,0;;True;False
Fabricação de alimentos para animais;C - Indústrias de transformação;São Francisco do Piauí;Baixo-Alto;0,035;False;0,0;;False;False
Fabricação de alimentos para animais;C - Indústrias de transformação;São Gonçalo do Piauí;Baixo-Baixo;0,001;False;0,0;;True;False
Fabricação de alimentos para animais;C - Indústrias de transformação;São João da Canabrava;Baixo-Baixo;0,001;False;0,0;;True;False
Fabricação de alimentos para animais;C - Indústrias de transformação;São João da Varjota;Baixo-Alto;0,044;False;0,0;;False;False
Fabricação de alimentos para animais;C - Indústrias de transformação;São José do Piauí;Baixo-Baixo;0,001;False;0,0;;True;False
Fabricação de alimentos para animais;C - Indústrias de transformação;São Julião;Baixo-Baixo;0,001;False;0,0;T7;True;False
Fabricação de alimentos para animais;C - Indústrias de transformação;São Miguel do Fidalgo;Baixo-Baixo;0,001;False;0,0;;True;False
Fabricação de alimentos para animais;C - Indústrias de transformação;Sigefredo Pacheco;Baixo-Baixo;0,001;False;0,0;T7;True;False
Fabricação de alimentos para animais;C - Indústrias de transformação;Simões;Baixo-Baixo;0,001;False;0,0;;True;False
Fabricação de alimentos para animais;C - Indústrias de transformação;Socorro do Piauí;Baixo-Baixo;0,001;False;0,0;;True;False
Fabricação de alimentos para animais;C - Indústrias de transformação;Sussuapara;Baixo-Baixo;0,001;False;0,0;;True;False
Fabricação de alimentos para animais;C - Indústrias de transformação;Teresina;Baixo-Alto;0,024;False;0,0;T7;False;False
Fabricação de alimentos para animais;C - Indústrias de transformação;Várzea Grande;Baixo-Alto;0,036;False;0,0;;False;False
Fabricação de alimentos para animais;C - Indústrias de transformação;Vila Nova do Piauí;Baixo-Baixo;0,001;False;0,0;;True;False
Fabricação de alimentos para animais;C - Indústrias de transformação;Wall Ferraz;Baixo-Alto;0,047;False;0,0;;False;False
Fabricação de artefatos de cerâmica e barro cozido para uso na construção, exceto azulejos e pisos;C - Indústrias de transformação;Acauã;Alto-Baixo;0,001;True;15,9571;T1,T7;True;False
Fabricação de artefatos de cerâmica e barro cozido para uso na construção, exceto azulejos e pisos;C - Indústrias de transformação;Altos;Baixo-Alto;0,014;False;0,0;;False;True
Fabricação de artefatos de cerâmica e barro cozido para uso na construção, exceto azulejos e pisos;C - Indústrias de transformação;Bom Princípio do Piauí;Baixo-Alto;0,019;False;0,0;;False;True
Fabricação de artefatos de cerâmica e barro cozido para uso na construção, exceto azulejos e pisos;C - Indústrias de transformação;Campo Alegre do Fidalgo;Baixo-Alto;0,03;False;0,0;;False;False
Fabricação de artefatos de cerâmica e barro cozido para uso na construção, exceto azulejos e pisos;C - Indústrias de transformação;Caraúbas do Piauí;Baixo-Alto;0,001;False;0,0;;True;False
Fabricação de artefatos de cerâmica e barro cozido para uso na construção, exceto azulejos e pisos;C - Indústrias de transformação;Cocal;Alto-Alto;0,022;True;9,0902;T3,T7;False;False
Fabricação de artefatos de cerâmica e barro cozido para uso na construção, exceto azulejos e pisos;C - Indústrias de transformação;Cocal dos Alves;Baixo-Alto;0,016;False;0,0;;False;True
Fabricação de artefatos de cerâmica e barro cozido para uso na construção, exceto azulejos e pisos;C - Indústrias de transformação;Colônia do Gurguéia;Alto-Baixo;0,001;True;1,5363;T1,T7;True;False
Fabricação de artefatos de cerâmica e barro cozido para uso na construção, exceto azulejos e pisos;C - Indústrias de transformação;Cristino Castro;Baixo-Alto;0,043;False;0,0;;False;False
Fabricação de artefatos de cerâmica e barro cozido para uso na construção, exceto azulejos e pisos;C - Indústrias de transformação;Curimatá;Alto-Baixo;0,001;True;1,8122;T3;True;False
Fabricação de artefatos de cerâmica e barro cozido para uso na construção, exceto azulejos e pisos;C - Indústrias de transformação;Guadalupe;Baixo-Alto;0,033;False;0,0;;False;False
Fabricação de artefatos de cerâmica e barro cozido para uso na construção, exceto azulejos e pisos;C - Indústrias de transformação;Inhuma;Alto-Baixo;0,001;True;2,8869;T3;True;False
Fabricação de artefatos de cerâmica e barro cozido para uso na construção, exceto azulejos e pisos;C - Indústrias de transformação;Jerumenha;Alto-Baixo;0,001;True;150,9617;T1,T4;True;True
Fabricação de artefatos de cerâmica e barro cozido para uso na construção, exceto azulejos e pisos;C - Indústrias de transformação;José de Freitas;Alto-Alto;0,013;True;53,8904;T2;False;False
Fabricação de artefatos de cerâmica e barro cozido para uso na construção, exceto azulejos e pisos;C - Indústrias de transformação;Lagoa Alegre;Baixo-Alto;0,007;False;0,0;;False;True
Fabricação de artefatos de cerâmica e barro cozido para uso na construção, exceto azulejos e pisos;C - Indústrias de transformação;Murici dos Portelas;Baixo-Alto;0,036;False;0,0;;False;False
Fabricação de artefatos de cerâmica e barro cozido para uso na construção, exceto azulejos e pisos;C - Indústrias de transformação;Nossa Senhora de Nazaré;Baixo-Alto;0,027;False;0,0;T7;False;False
Fabricação de artefatos de cerâmica e barro cozido para uso na construção, exceto azulejos e pisos;C - Indústrias de transformação;Parnaíba;Baixo-Alto;0,006;False;0,0;T7;False;True
Fabricação de artefatos de cerâmica e barro cozido para uso na construção, exceto azulejos e pisos;C - Indústrias de transformação;Queimada Nova;Baixo-Alto;0,032;False;0,0;;False;False
Fabricação de artefatos de cerâmica e barro cozido para uso na construção, exceto azulejos e pisos;C - Indústrias de transformação;São Francisco de Assis do Piauí;Alto-Baixo;0,001;True;43,3296;T1,T3;True;False
Fabricação de artefatos de cerâmica e barro cozido para uso na construção, exceto azulejos e pisos;C - Indústrias de transformação;Sussuapara;Alto-Baixo;0,001;True;61,1016;T1,T3,T4;True;False
Fabricação de artefatos de cerâmica e barro cozido para uso na construção, exceto azulejos e pisos;C - Indústrias de transformação;Teresina;Baixo-Alto;0,01;False;0,0;T7;False;False
Fabricação de esquadrias de metal;C - Indústrias de transformação;Água Branca;Alto-Baixo;0,001;True;7,1819;T1;True;False
Fabricação de esquadrias de metal;C - Indústrias de transformação;Altos;Baixo-Alto;0,006;False;0,0;;False;True
Fabricação de esquadrias de metal;C - Indústrias de transformação;Barras;Alto-Baixo;0,001;True;9,4728;T2,T7;True;False
Fabricação de esquadrias de metal;C - Indústrias de transformação;Bom Jesus;Baixo-Baixo;0,001;False;0,0;T3,T7;True;False
Fabricação de esquadrias de metal;C - Indústrias de transformação;Campo Maior;Alto-Baixo;0,001;True;5,2255;T1;True;False
Fabricação de esquadrias de metal;C - Indústrias de transformação;Canto do Buriti;Baixo-Baixo;0,001;False;0,0;;True;False
Fabricação de esquadrias de metal;C - Indústrias de transformação;Corrente;Alto-Baixo;0,001;True;8,0026;T1;True;True
Fabricação de esquadrias de metal;C - Indústrias de transformação;Curralinhos;Baixo-Alto;0,036;False;0,0;;False;False
Fabricação de esquadrias de metal;C - Indústrias de transformação;Demerval Lobão;Baixo-Alto;0,022;False;0,0;T7;False;True
Fabricação de esquadrias de metal;C - Indústrias de transformação;Francisco Ayres;Baixo-Alto;0,04;False;0,0;;False;False
Fabricação de esquadrias de metal;C - Indústrias de transformação;Inhuma;Baixo-Alto;0,047;False;0,0;;False;False
Fabricação de esquadrias de metal;C - Indústrias de transformação;Isaías Coelho;Baixo-Baixo;0,001;False;0,0;;True;False
Fabricação de esquadrias de metal;C - Indústrias de transformação;Joaquim Pires;Baixo-Baixo;0,001;False;0,0;T7;True;False
Fabricação de esquadrias de metal;C - Indústrias de transformação;José de Freitas;Baixo-Alto;0,007;False;0,0;;False;False
Fabricação de esquadrias de metal;C - Indústrias de transformação;Lagoa do Piauí;Baixo-Alto;0,025;False;0,0;;False;False
Fabricação de esquadrias de metal;C - Indústrias de transformação;Lagoa do Sítio;Baixo-Alto;0,036;False;0,0;;False;False
Fabricação de esquadrias de metal;C - Indústrias de transformação;Monsenhor Gil;Baixo-Alto;0,027;False;0,0;;False;False
Fabricação de esquadrias de metal;C - Indústrias de transformação;Nazária;Baixo-Alto;0,002;False;0,0;;True;False
Fabricação de esquadrias de metal;C - Indústrias de transformação;Novo Oriente do Piauí;Baixo-Alto;0,042;False;0,0;;False;False
Fabricação de esquadrias de metal;C - Indústrias de transformação;Palmeirais;Baixo-Alto;0,036;False;0,0;;False;False
Fabricação de esquadrias de metal;C - Indústrias de transformação;Passagem Franca do Piauí;Baixo-Baixo;0,001;False;0,0;;True;False
Fabricação de esquadrias de metal;C - Indústrias de transformação;Patos do Piauí;Baixo-Baixo;0,001;False;0,0;;True;False
Fabricação de esquadrias de metal;C - Indústrias de transformação;Pau D'Arco do Piauí;Baixo-Alto;0,036;False;0,0;;False;False
Fabricação de esquadrias de metal;C - Indústrias de transformação;Ribeiro Gonçalves;Baixo-Alto;0,049;False;0,0;;False;False
Fabricação de esquadrias de metal;C - Indústrias de transformação;Santa Cruz do Piauí;Baixo-Baixo;0,001;False;0,0;;True;False
Fabricação de esquadrias de metal;C - Indústrias de transformação;São João do Piauí;Baixo-Baixo;0,001;False;0,0;;True;False
Fabricação de esquadrias de metal;C - Indústrias de transformação;São Miguel do Tapuio;Baixo-Baixo;0,001;False;0,0;;True;False
Fabricação de esquadrias de metal;C - Indústrias de transformação;São Raimundo Nonato;Alto-Baixo;0,001;True;1,2298;T1,T7;True;False
Fabricação de esquadrias de metal;C - Indústrias de transformação;Simplício Mendes;Baixo-Baixo;0,001;False;0,0;;True;False
Fabricação de esquadrias de metal;C - Indústrias de transformação;Teresina;Alto-Baixo;0,001;True;99,2799;T1,T3;True;False
Fabricação de esquadrias de metal;C - Indústrias de transformação;União;Baixo-Alto;0,013;False;0,0;T7;False;True
Fabricação de esquadrias de metal;C - Indústrias de transformação;Valença do Piauí;Alto-Baixo;0,001;True;86,8275;T1;True;False
Fabricação de letras, letreiros e placas de qualquer material, exceto luminosos;C - Indústrias de transformação;Acauã;Baixo-Alto;0,028;False;0,0;;False;False
Fabricação de letras, letreiros e placas de qualquer material, exceto luminosos;C - Indústrias de transformação;Altos;Baixo-Alto;0,009;False;0,0;T7;False;True
Fabricação de letras, letreiros e placas de qualquer material, exceto luminosos;C - Indústrias de transformação;Aroeiras do Itaim;Baixo-Alto;0,03;False;0,0;;False;False
Fabricação de letras, letreiros e placas de qualquer material, exceto luminosos;C - Indústrias de transformação;Batalha;Baixo-Alto;0,044;False;0,0;;False;False
Fabricação de letras, letreiros e placas de qualquer material, exceto luminosos;C - Indústrias de transformação;Boa Hora;Baixo-Alto;0,045;False;0,0;;False;False
Fabricação de letras, letreiros e placas de qualquer material, exceto luminosos;C - Indústrias de transformação;Brasileira;Baixo-Alto;0,026;False;0,0;;False;True
Fabricação de letras, letreiros e placas de qualquer material, exceto luminosos;C - Indústrias de transformação;Cajueiro da Praia;Baixo-Baixo;0,047;False;0,0;;False;False
Fabricação de letras, letreiros e placas de qualquer material, exceto luminosos;C - Indústrias de transformação;Curralinhos;Baixo-Alto;0,019;False;0,0;;False;False
Fabricação de letras, letreiros e placas de qualquer material, exceto luminosos;C - Indústrias de transformação;Demerval Lobão;Baixo-Alto;0,005;False;0,0;;False;False
Fabricação de letras, letreiros e placas de qualquer material, exceto luminosos;C - Indústrias de transformação;Dom Expedito Lopes;Baixo-Alto;0,034;False;0,0;;False;False
Fabricação de letras, letreiros e placas de qualquer material, exceto luminosos;C - Indústrias de transformação;Domingos Mourão;Baixo-Alto;0,035;False;0,0;;False;False
Fabricação de letras, letreiros e placas de qualquer material, exceto luminosos;C - Indústrias de transformação;Ilha Grande;Baixo-Alto;0,018;False;0,0;;False;False
Fabricação de letras, letreiros e placas de qualquer material, exceto luminosos;C - Indústrias de transformação;Ipiranga do Piauí;Baixo-Alto;0,014;False;0,0;;False;False
Fabricação de letras, letreiros e placas de qualquer material, exceto luminosos;C - Indústrias de transformação;José de Freitas;Baixo-Alto;0,019;False;0,0;T7;False;False
Fabricação de letras, letreiros e placas de qualquer material, exceto luminosos;C - Indústrias de transformação;Lagoa de São Francisco;Baixo-Alto;0,034;False;0,0;;False;True
Fabricação de letras, letreiros e placas de qualquer material, exceto luminosos;C - Indústrias de transformação;Lagoa do Piauí;Baixo-Alto;0,009;False;0,0;;False;False
Fabricação de letras, letreiros e placas de qualquer material, exceto luminosos;C - Indústrias de transformação;Monsenhor Gil;Baixo-Alto;0,044;False;0,0;;False;False
Fabricação de letras, letreiros e placas de qualquer material, exceto luminosos;C - Indústrias de transformação;Nazária;Baixo-Alto;0,011;False;0,0;;False;False
Fabricação de letras, letreiros e placas de qualquer material, exceto luminosos;C - Indústrias de transformação;Palmeirais;Baixo-Alto;0,019;False;0,0;;False;False
Fabricação de letras, letreiros e placas de qualquer material, exceto luminosos;C - Indústrias de transformação;Paquetá;Baixo-Alto;0,029;False;0,0;;False;False
Fabricação de letras, letreiros e placas de qualquer material, exceto luminosos;C - Indústrias de transformação;Pau D'Arco do Piauí;Baixo-Alto;0,019;False;0,0;;False;False
Fabricação de letras, letreiros e placas de qualquer material, exceto luminosos;C - Indústrias de transformação;Picos;Alto-Baixo;0,001;True;43,1154;T1;True;False
Fabricação de letras, letreiros e placas de qualquer material, exceto luminosos;C - Indústrias de transformação;Piracuruca;Alto-Baixo;0,001;True;5,3139;T1,T7;True;False
Fabricação de letras, letreiros e placas de qualquer material, exceto luminosos;C - Indústrias de transformação;Piripiri;Alto-Baixo;0,001;True;14,9599;T1;True;False
Fabricação de letras, letreiros e placas de qualquer material, exceto luminosos;C - Indústrias de transformação;Santana do Piauí;Baixo-Alto;0,042;False;0,0;;False;False
Fabricação de letras, letreiros e placas de qualquer material, exceto luminosos;C - Indústrias de transformação;Sussuapara;Baixo-Alto;0,045;False;0,0;;False;False
Fabricação de letras, letreiros e placas de qualquer material, exceto luminosos;C - Indústrias de transformação;Teresina;Alto-Baixo;0,001;True;174,0825;T1;True;True
Fabricação de letras, letreiros e placas de qualquer material, exceto luminosos;C - Indústrias de transformação;União;Baixo-Alto;0,004;False;0,0;;False;False
Fabricação de móveis com predominância de madeira;C - Indústrias de transformação;Acauã;Baixo-Baixo;0,001;False;0,0;;True;False
Fabricação de móveis com predominância de madeira;C - Indústrias de transformação;Agricolândia;Baixo-Baixo;0,001;False;0,0;;True;False
Fabricação de móveis com predominância de madeira;C - Indústrias de transformação;Água Branca;Baixo-Baixo;0,001;False;0,0;T3;True;False
Fabricação de móveis com predominância de madeira;C - Indústrias de transformação;Alagoinha do Piauí;Baixo-Baixo;0,001;False;0,0;;True;False
Fabricação de móveis com predominância de madeira;C - Indústrias de transformação;Altos;Alto-Alto;0,006;True;3,1564;T1,T3;True;False
Fabricação de móveis com predominância de madeira;C - Indústrias de transformação;Anísio de Abreu;Baixo-Baixo;0,001;False;0,0;;True;False
Fabricação de móveis com predominância de madeira;C - Indústrias de transformação;Aroeiras do Itaim;Baixo-Baixo;0,001;False;0,0;;True;False
Fabricação de móveis com predominância de madeira;C - Indústrias de transformação;Assunção do Piauí;Baixo-Baixo;0,001;False;0,0;;True;False
Fabricação de móveis com predominância de madeira;C - Indústrias de transformação;Avelino Lopes;Baixo-Baixo;0,001;False;0,0;;True;False
Fabricação de móveis com predominância de madeira;C - Indústrias de transformação;Barra D'Alcântara;Baixo-Baixo;0,001;False;0,0;;True;False
Fabricação de móveis com predominância de madeira;C - Indústrias de transformação;Barreiras do Piauí;Baixo-Baixo;0,001;False;0,0;;True;False
Fabricação de móveis com predominância de madeira;C - Indústrias de transformação;Barro Duro;Baixo-Baixo;0,001;False;0,0;;True;False
Fabricação de móveis com predominância de madeira;C - Indústrias de transformação;Batalha;Baixo-Alto;0,025;False;0,0;;False;False
Fabricação de móveis com predominância de madeira;C - Indústrias de transformação;Bela Vista do Piauí;Baixo-Baixo;0,001;False;0,0;;True;False
Fabricação de móveis com predominância de madeira;C - Indústrias de transformação;Bertolínia;Baixo-Baixo;0,001;False;0,0;;True;False
Fabricação de móveis com predominância de madeira;C - Indústrias de transformação;Betânia do Piauí;Baixo-Baixo;0,001;False;0,0;;True;False
Fabricação de móveis com predominância de madeira;C - Indústrias de transformação;Bocaina;Baixo-Baixo;0,001;False;0,0;;True;False
Fabricação de móveis com predominância de madeira;C - Indústrias de transformação;Bom Princípio do Piauí;Baixo-Alto;0,002;False;0,0;;True;True
Fabricação de móveis com predominância de madeira;C - Indústrias de transformação;Bonfim do Piauí;Baixo-Baixo;0,001;False;0,0;;True;True
Fabricação de móveis com predominância de madeira;C - Indústrias de transformação;Boqueirão do Piauí;Baixo-Baixo;0,001;False;0,0;;True;False
Fabricação de móveis com predominância de madeira;C - Indústrias de transformação;Brasileira;Baixo-Alto;0,012;False;0,0;;True;True
Fabricação de móveis com predominância de madeira;C - Indústrias de transformação;Buriti dos Lopes;Baixo-Alto;0,005;False;0,0;;True;True
Fabricação de móveis com predominância de madeira;C - Indústrias de transformação;Cajazeiras do Piauí;Baixo-Baixo;0,001;False;0,0;;True;False
Fabricação de móveis com predominância de madeira;C - Indústrias de transformação;Caldeirão Grande do Piauí;Baixo-Baixo;0,001;False;0,0;;True;False
Fabricação de móveis com predominância de madeira;C - Indústrias de transformação;Campinas do Piauí;Baixo-Baixo;0,001;False;0,0;;True;False
Fabricação de móveis com predominância de madeira;C - Indústrias de transformação;Canto do Buriti;Alto-Baixo;0,001;True;3,252;T1,T7;True;False
Fabricação de móveis com predominância de madeira;C - Indústrias de transformação;Capitão de Campos;Baixo-Alto;0,014;False;0,0;;True;False
Fabricação de móveis com predominância de madeira;C - Indústrias de transformação;Caraúbas do Piauí;Baixo-Alto;0,023;False;0,0;;True;False
Fabricação de móveis com predominância de madeira;C - Indústrias de transformação;Caridade do Piauí;Baixo-Baixo;0,001;False;0,0;;True;False
Fabricação de móveis com predominância de madeira;C - Indústrias de transformação;Caxingó;Baixo-Baixo;0,001;False;0,0;;True;False
Fabricação de móveis com predominância de madeira;C - Indústrias de transformação;Cocal dos Alves;Baixo-Alto;0,003;False;0,0;;True;True
Fabricação de móveis com predominância de madeira;C - Indústrias de transformação;Coivaras;Baixo-Alto;0,046;False;0,0;;False;False
Fabricação de móveis com predominância de madeira;C - Indústrias de transformação;Coronel José Dias;Baixo-Baixo;0,001;False;0,0;;True;False
Fabricação de móveis com predominância de madeira;C - Indústrias de transformação;Corrente;Baixo-Baixo;0,001;False;0,0;;True;False
Fabricação de móveis com predominância de madeira;C - Indústrias de transformação;Cristalândia do Piauí;Baixo-Baixo;0,001;False;0,0;;True;False
Fabricação de móveis com predominância de madeira;C - Indústrias de transformação;Cristino Castro;Baixo-Baixo;0,001;False;0,0;;True;False
Fabricação de móveis com predominância de madeira;C - Indústrias de transformação;Curral Novo do Piauí;Baixo-Baixo;0,001;False;0,0;;True;True
Fabricação de móveis com predominância de madeira;C - Indústrias de transformação;Demerval Lobão;Baixo-Alto;0,027;False;0,0;T7;False;False
Fabricação de móveis com predominância de madeira;C - Indústrias de transformação;Dirceu Arcoverde;Baixo-Baixo;0,001;False;0,0;;True;True
Fabricação de móveis com predominância de madeira;C - Indústrias de transformação;Dom Expedito Lopes;Baixo-Baixo;0,001;False;0,0;;True;False
Fabricação de móveis com predominância de madeira;C - Indústrias de transformação;Domingos Mourão;Baixo-Alto;0,004;False;0,0;;True;True
Fabricação de móveis com predominância de madeira;C - Indústrias de transformação;Fartura do Piauí;Baixo-Baixo;0,001;False;0,0;;True;False
Fabricação de móveis com predominância de madeira;C - Indústrias de transformação;Flores do Piauí;Baixo-Baixo;0,001;False;0,0;;True;False
Fabricação de móveis com predominância de madeira;C - Indústrias de transformação;Floresta do Piauí;Baixo-Baixo;0,001;False;0,0;;True;True
Fabricação de móveis com predominância de madeira;C - Indústrias de transformação;Floriano;Alto-Baixo;0,001;True;31,7816;T1;True;True
Fabricação de móveis com predominância de madeira;C - Indústrias de transformação;Francinópolis;Baixo-Baixo;0,001;False;0,0;;True;False
Fabricação de móveis com predominância de madeira;C - Indústrias de transformação;Francisco Ayres;Baixo-Alto;0,047;False;0,0;;False;False
Fabricação de móveis com predominância de madeira;C - Indústrias de transformação;Francisco Macedo;Baixo-Baixo;0,001;False;0,0;;True;False
Fabricação de móveis com predominância de madeira;C - Indústrias de transformação;Fronteiras;Baixo-Baixo;0,001;False;0,0;;True;False
Fabricação de móveis com predominância de madeira;C - Indústrias de transformação;Guadalupe;Baixo-Baixo;0,001;False;0,0;;True;False
Fabricação de móveis com predominância de madeira;C - Indústrias de transformação;Hugo Napoleão;Baixo-Baixo;0,001;False;0,0;;True;False
Fabricação de móveis com predominância de madeira;C - Indústrias de transformação;Ilha Grande;Baixo-Alto;0,001;False;0,0;;True;True
Fabricação de móveis com predominância de madeira;C - Indústrias de transformação;Joca Marques;Baixo-Baixo;0,001;False;0,0;;True;False
Fabricação de móveis com predominância de madeira;C - Indústrias de transformação;José de Freitas;Baixo-Alto;0,003;False;0,0;T7;True;False
Fabricação de móveis com predominância de madeira;C - Indústrias de transformação;Juazeiro do Piauí;Baixo-Baixo;0,001;False;0,0;;True;False
Fabricação de móveis com predominância de madeira;C - Indústrias de transformação;Júlio Borges;Baixo-Baixo;0,001;False;0,0;;True;True
Fabricação de móveis com predominância de madeira;C - Indústrias de transformação;Jurema;Baixo-Baixo;0,001;False;0,0;;True;True
Fabricação de móveis com predominância de madeira;C - Indústrias de transformação;Lagoa de São Francisco;Baixo-Alto;0,002;False;0,0;;True;True
Fabricação de móveis com predominância de madeira;C - Indústrias de transformação;Lagoa do Barro do Piauí;Baixo-Baixo;0,001;False;0,0;;True;True
Fabricação de móveis com predominância de madeira;C - Indústrias de transformação;Lagoa do Piauí;Baixo-Alto;0,043;False;0,0;;False;False
Fabricação de móveis com predominância de madeira;C - Indústrias de transformação;Lagoinha do Piauí;Baixo-Baixo;0,001;False;0,0;;True;False
Fabricação de móveis com predominância de madeira;C - Indústrias de transformação;Luís Correia;Baixo-Alto;0,002;True;0,1435;T2,T8;True;True
Fabricação de móveis com predominância de madeira;C - Indústrias de transformação;Madeiro;Baixo-Baixo;0,001;False;0,0;;True;False
Fabricação de móveis com predominância de madeira;C - Indústrias de transformação;Marcolândia;Baixo-Baixo;0,001;False;0,0;;True;True
Fabricação de móveis com predominância de madeira;C - Indústrias de transformação;Marcos Parente;Baixo-Baixo;0,001;False;0,0;;True;False
Fabricação de móveis com predominância de madeira;C - Indústrias de transformação;Massapê do Piauí;Baixo-Baixo;0,001;False;0,0;;True;False
Fabricação de móveis com predominância de madeira;C - Indústrias de transformação;Matias Olímpio;Baixo-Baixo;0,001;False;0,0;T6,T8;True;False
Fabricação de móveis com predominância de madeira;C - Indústrias de transformação;Monsenhor Hipólito;Baixo-Baixo;0,001;False;0,0;;True;False
Fabricação de móveis com predominância de madeira;C - Indústrias de transformação;Morro do Chapéu do Piauí;Baixo-Baixo;0,001;False;0,0;;True;False
Fabricação de móveis com predominância de madeira;C - Indústrias de transformação;Murici dos Portelas;Baixo-Baixo;0,001;False;0,0;;True;False
Fabricação de móveis com predominância de madeira;C - Indústrias de transformação;Nazária;Baixo-Alto;0,009;False;0,0;;True;False
Fabricação de móveis com predominância de madeira;C - Indústrias de transformação;Nossa Senhora dos Remédios;Baixo-Baixo;0,001;False;0,0;;True;False
Fabricação de móveis com predominância de madeira;C - Indústrias de transformação;Paes Landim;Baixo-Baixo;0,001;False;0,0;;True;False
Fabricação de móveis com predominância de madeira;C - Indústrias de transformação;Paquetá;Baixo-Baixo;0,001;False;0,0;;True;True
Fabricação de móveis com predominância de madeira;C - Indústrias de transformação;Parnaguá;Baixo-Baixo;0,001;False;0,0;;True;False
Fabricação de móveis com predominância de madeira;C - Indústrias de transformação;Pau D'Arco do Piauí;Baixo-Alto;0,024;False;0,0;;True;False
Fabricação de móveis com predominância de madeira;C - Indústrias de transformação;Porto;Baixo-Baixo;0,001;False;0,0;;True;False
Fabricação de móveis com predominância de madeira;C - Indústrias de transformação;Porto Alegre do Piauí;Baixo-Baixo;0,001;False;0,0;;True;False
Fabricação de móveis com predominância de madeira;C - Indústrias de transformação;Prata do Piauí;Baixo-Baixo;0,001;False;0,0;;True;False
Fabricação de móveis com predominância de madeira;C - Indústrias de transformação;Queimada Nova;Baixo-Baixo;0,001;False;0,0;;True;False
Fabricação de móveis com predominância de madeira;C - Indústrias de transformação;Santa Cruz dos Milagres;Baixo-Baixo;0,001;False;0,0;;True;False
Fabricação de móveis com predominância de madeira;C - Indústrias de transformação;Santa Filomena;Baixo-Baixo;0,001;False;0,0;;True;True
Fabricação de móveis com predominância de madeira;C - Indústrias de transformação;Santa Rosa do Piauí;Baixo-Baixo;0,001;False;0,0;;True;False
Fabricação de móveis com predominância de madeira;C - Indústrias de transformação;Santana do Piauí;Baixo-Baixo;0,001;False;0,0;;True;False
Fabricação de móveis com predominância de madeira;C - Indústrias de transformação;Santo Antônio dos Milagres;Baixo-Baixo;0,001;False;0,0;;True;False
Fabricação de móveis com predominância de madeira;C - Indústrias de transformação;São Braz do Piauí;Baixo-Baixo;0,001;False;0,0;;True;False
Fabricação de móveis com predominância de madeira;C - Indústrias de transformação;São Félix do Piauí;Baixo-Baixo;0,001;False;0,0;;True;False
Fabricação de móveis com predominância de madeira;C - Indústrias de transformação;São Francisco do Piauí;Baixo-Baixo;0,001;False;0,0;;True;False
Fabricação de móveis com predominância de madeira;C - Indústrias de transformação;São Gonçalo do Gurguéia;Baixo-Baixo;0,001;False;0,0;;True;False
Fabricação de móveis com predominância de madeira;C - Indústrias de transformação;São João da Serra;Baixo-Baixo;0,001;False;0,0;;True;False
Fabricação de móveis com predominância de madeira;C - Indústrias de transformação;São João da Varjota;Baixo-Baixo;0,001;False;0,0;;True;False
Fabricação de móveis com predominância de madeira;C - Indústrias de transformação;São João do Arraial;Baixo-Baixo;0,001;False;0,0;;True;False
Fabricação de móveis com predominância de madeira;C - Indústrias de transformação;São João do Piauí;Alto-Baixo;0,001;True;1,7298;T1;True;False
Fabricação de móveis com predominância de madeira;C - Indústrias de transformação;São Julião;Baixo-Baixo;0,001;False;0,0;;True;False
Fabricação de móveis com predominância de madeira;C - Indústrias de transformação;São Lourenço do Piauí;Baixo-Baixo;0,001;False;0,0;;True;False
Fabricação de móveis com predominância de madeira;C - Indústrias de transformação;São Luis do Piauí;Baixo-Baixo;0,001;False;0,0;;True;False
Fabricação de móveis com predominância de madeira;C - Indústrias de transformação;São Miguel do Tapuio;Baixo-Baixo;0,001;False;0,0;;True;False
Fabricação de móveis com predominância de madeira;C - Indústrias de transformação;São Raimundo Nonato;Baixo-Baixo;0,001;False;0,0;T7;True;False
Fabricação de móveis com predominância de madeira;C - Indústrias de transformação;Sebastião Barros;Baixo-Baixo;0,001;False;0,0;;True;True
Fabricação de móveis com predominância de madeira;C - Indústrias de transformação;Simplício Mendes;Baixo-Baixo;0,001;False;0,0;;True;False
Fabricação de móveis com predominância de madeira;C - Indústrias de transformação;União;Alto-Alto;0,045;True;0,4984;T1,T7;False;False
Fabricação de móveis com predominância de madeira;C - Indústrias de transformação;Uruçuí;Alto-Baixo;0,001;True;2,673;T1;True;True
Fabricação de móveis com predominância de madeira;C - Indústrias de transformação;Várzea Branca;Baixo-Baixo;0,001;False;0,0;;True;False
Fabricação de móveis com predominância de madeira;C - Indústrias de transformação;Várzea Grande;Baixo-Baixo;0,001;False;0,0;T7;True;False
Fabricação de móveis com predominância de madeira;C - Indústrias de transformação;Vera Mendes;Baixo-Baixo;0,001;False;0,0;;True;False
Fabricação de móveis com predominância de madeira;C - Indústrias de transformação;Wall Ferraz;Baixo-Baixo;0,001;False;0,0;;True;False
Fabricação de produtos de padaria e confeitaria com predominância de produção própria;C - Indústrias de transformação;Altos;Alto-Alto;0,002;True;20,5285;T1;True;True
Fabricação de produtos de padaria e confeitaria com predominância de produção própria;C - Indústrias de transformação;Batalha;Baixo-Alto;0,015;False;0,0;T7;False;False
Fabricação de produtos de padaria e confeitaria com predominância de produção própria;C - Indústrias de transformação;Bom Jesus;Alto-Baixo;0,001;True;45,8438;T1;True;True
Fabricação de produtos de padaria e confeitaria com predominância de produção própria;C - Indústrias de transformação;Brasileira;Baixo-Alto;0,021;False;0,0;T7;False;True
Fabricação de produtos de padaria e confeitaria com predominância de produção própria;C - Indústrias de transformação;Cabeceiras do Piauí;Baixo-Alto;0,021;False;0,0;;False;False
Fabricação de produtos de padaria e confeitaria com predominância de produção própria;C - Indústrias de transformação;Canto do Buriti;Alto-Baixo;0,001;True;3,3599;T1,T5;True;False
Fabricação de produtos de padaria e confeitaria com predominância de produção própria;C - Indústrias de transformação;Castelo do Piauí;Alto-Baixo;0,001;True;36,3082;T1,T2,T5;True;False
Fabricação de produtos de padaria e confeitaria com predominância de produção própria;C - Indústrias de transformação;Coivaras;Baixo-Alto;0,009;False;0,0;;False;True
Fabricação de produtos de padaria e confeitaria com predominância de produção própria;C - Indústrias de transformação;Corrente;Alto-Baixo;0,001;True;99,7131;T1,T7;True;True
Fabricação de produtos de padaria e confeitaria com predominância de produção própria;C - Indústrias de transformação;Demerval Lobão;Baixo-Alto;0,014;False;0,0;;False;False
Fabricação de produtos de padaria e confeitaria com predominância de produção própria;C - Indústrias de transformação;Domingos Mourão;Baixo-Alto;0,032;False;0,0;;False;False
Fabricação de produtos de padaria e confeitaria com predominância de produção própria;C - Indústrias de transformação;José de Freitas;Alto-Alto;0,002;True;111,729;T1,T2;True;False
Fabricação de produtos de padaria e confeitaria com predominância de produção própria;C - Indústrias de transformação;Lagoa de São Francisco;Baixo-Alto;0,01;False;0,0;T8;False;True
Fabricação de produtos de padaria e confeitaria com predominância de produção própria;C - Indústrias de transformação;Lagoa do Piauí;Baixo-Alto;0,022;False;0,0;;False;False
Fabricação de produtos de padaria e confeitaria com predominância de produção própria;C - Indústrias de transformação;Nazária;Baixo-Alto;0,011;True;0,0137;T5;False;False
Fabricação de produtos de padaria e confeitaria com predominância de produção própria;C - Indústrias de transformação;Novo Santo Antônio;Baixo-Alto;0,013;False;0,0;;False;False
Fabricação de produtos de padaria e confeitaria com predominância de produção própria;C - Indústrias de transformação;Pau D'Arco do Piauí;Baixo-Alto;0,005;False;0,0;;False;False
Fabricação de produtos de padaria e confeitaria com predominância de produção própria;C - Indústrias de transformação;Picos;Alto-Baixo;0,001;True;123,9445;T1,T3;True;False
Fabricação de produtos de padaria e confeitaria com predominância de produção própria;C - Indústrias de transformação;Piracuruca;Alto-Baixo;0,001;True;108,3091;T1;True;False
Fabricação de produtos de padaria e confeitaria com predominância de produção própria;C - Indústrias de transformação;Porto;Alto-Baixo;0,001;True;10,1206;T2;True;False
Fabricação de produtos de padaria e confeitaria com predominância de produção própria;C - Indústrias de transformação;Regeneração;Alto-Baixo;0,001;True;15,3572;T1;True;False
Fabricação de produtos de padaria e confeitaria com predominância de produção própria;C - Indústrias de transformação;Sigefredo Pacheco;Baixo-Alto;0,044;False;0,0;T7;False;False
Fabricação de produtos de padaria e confeitaria com predominância de produção própria;C - Indústrias de transformação;União;Alto-Alto;0,004;True;3,9954;T3,T5;False;True
Fabricação de produtos de panificação industrial;C - Indústrias de transformação;Acauã;Baixo-Baixo;0,001;False;0,0;;True;False
Fabricação de produtos de panificação industrial;C - Indústrias de transformação;Agricolândia;Baixo-Baixo;0,001;False;0,0;;True;False
Fabricação de produtos de panificação industrial;C - Indústrias de transformação;Água Branca;Baixo-Baixo;0,001;False;0,0;T7;True;False
Fabricação de produtos de panificação industrial;C - Indústrias de transformação;Alagoinha do Piauí;Baixo-Baixo;0,001;False;0,0;;True;False
Fabricação de produtos de panificação industrial;C - Indústrias de transformação;Alegrete do Piauí;Baixo-Baixo;0,001;False;0,0;;True;False
Fabricação de produtos de panificação industrial;C - Indústrias de transformação;Altos;Alto-Alto;0,028;True;12,4686;T1;True;True
Fabricação de produtos de panificação industrial;C - Indústrias de transformação;Angical do Piauí;Baixo-Baixo;0,001;False;0,0;;True;False
Fabricação de produtos de panificação industrial;C - Indústrias de transformação;Anísio de Abreu;Baixo-Baixo;0,001;False;0,0;;True;False
Fabricação de produtos de panificação industrial;C - Indústrias de transformação;Arraial;Baixo-Baixo;0,001;False;0,0;;True;False
Fabricação de produtos de panificação industrial;C - Indústrias de transformação;Assunção do Piauí;Baixo-Baixo;0,001;False;0,0;;True;True
Fabricação de produtos de panificação industrial;C - Indústrias de transformação;Avelino Lopes;Baixo-Baixo;0,001;False;0,0;;True;True
Fabricação de produtos de panificação industrial;C - Indústrias de transformação;Barreiras do Piauí;Baixo-Baixo;0,001;False;0,0;;True;False
Fabricação de produtos de panificação industrial;C - Indústrias de transformação;Barro Duro;Baixo-Baixo;0,001;False;0,0;;True;False
Fabricação de produtos de panificação industrial;C - Indústrias de transformação;Bela Vista do Piauí;Baixo-Baixo;0,001;False;0,0;;True;False
Fabricação de produtos de panificação industrial;C - Indústrias de transformação;Belém do Piauí;Baixo-Baixo;0,001;False;0,0;;True;False
Fabricação de produtos de panificação industrial;C - Indústrias de transformação;Bertolínia;Baixo-Baixo;0,001;False;0,0;;True;False
Fabricação de produtos de panificação industrial;C - Indústrias de transformação;Betânia do Piauí;Baixo-Baixo;0,001;False;0,0;;True;True
Fabricação de produtos de panificação industrial;C - Indústrias de transformação;Bocaina;Baixo-Baixo;0,001;False;0,0;;True;False
Fabricação de produtos de panificação industrial;C - Indústrias de transformação;Bom Jesus;Baixo-Baixo;0,001;False;0,0;;True;True
Fabricação de produtos de panificação industrial;C - Indústrias de transformação;Bom Princípio do Piauí;Baixo-Alto;0,044;False;0,0;;False;False
Fabricação de produtos de panificação industrial;C - Indústrias de transformação;Bonfim do Piauí;Baixo-Baixo;0,001;False;0,0;;True;False
Fabricação de produtos de panificação industrial;C - Indústrias de transformação;Boqueirão do Piauí;Baixo-Baixo;0,001;False;0,0;;True;False
Fabricação de produtos de panificação industrial;C - Indústrias de transformação;Cabeceiras do Piauí;Baixo-Baixo;0,001;False;0,0;;True;False
Fabricação de produtos de panificação industrial;C - Indústrias de transformação;Cajueiro da Praia;Baixo-Baixo;0,001;False;0,0;;True;False
Fabricação de produtos de panificação industrial;C - Indústrias de transformação;Caldeirão Grande do Piauí;Baixo-Baixo;0,001;False;0,0;;True;False
Fabricação de produtos de panificação industrial;C - Indústrias de transformação;Campinas do Piauí;Baixo-Baixo;0,001;False;0,0;;True;False
Fabricação de produtos de panificação industrial;C - Indústrias de transformação;Campo Alegre do Fidalgo;Baixo-Baixo;0,001;False;0,0;;True;False
Fabricação de produtos de panificação industrial;C - Indústrias de transformação;Campo Grande do Piauí;Baixo-Baixo;0,001;False;0,0;;True;False
Fabricação de produtos de panificação industrial;C - Indústrias de transformação;Campo Largo do Piauí;Baixo-Baixo;0,001;False;0,0;;True;False
Fabricação de produtos de panificação industrial;C - Indústrias de transformação;Canavieira;Baixo-Baixo;0,001;False;0,0;;True;False
Fabricação de produtos de panificação industrial;C - Indústrias de transformação;Capitão de Campos;Baixo-Alto;0,026;False;0,0;T8;True;False
Fabricação de produtos de panificação industrial;C - Indústrias de transformação;Capitão Gervásio Oliveira;Baixo-Baixo;0,001;False;0,0;;True;False
Fabricação de produtos de panificação industrial;C - Indústrias de transformação;Caracol;Alto-Baixo;0,001;True;5,2437;T2;True;False
Fabricação de produtos de panificação industrial;C - Indústrias de transformação;Caridade do Piauí;Baixo-Baixo;0,001;False;0,0;;True;True
Fabricação de produtos de panificação industrial;C - Indústrias de transformação;Castelo do Piauí;Baixo-Baixo;0,001;False;0,0;;True;False
Fabricação de produtos de panificação industrial;C - Indústrias de transformação;Caxingó;Baixo-Baixo;0,001;False;0,0;;True;False
Fabricação de produtos de panificação industrial;C - Indústrias de transformação;Cocal;Alto-Baixo;0,001;True;0,7999;T3,T7;True;False
Fabricação de produtos de panificação industrial;C - Indústrias de transformação;Cocal de Telha;Baixo-Baixo;0,001;False;0,0;;True;False
Fabricação de produtos de panificação industrial;C - Indústrias de transformação;Colônia do Gurguéia;Baixo-Baixo;0,001;False;0,0;;True;True
Fabricação de produtos de panificação industrial;C - Indústrias de transformação;Conceição do Canindé;Baixo-Baixo;0,001;False;0,0;;True;False
Fabricação de produtos de panificação industrial;C - Indústrias de transformação;Coronel José Dias;Baixo-Baixo;0,001;False;0,0;;True;True
Fabricação de produtos de panificação industrial;C - Indústrias de transformação;Corrente;Alto-Baixo;0,001;True;37,5423;T1;True;True
Fabricação de produtos de panificação industrial;C - Indústrias de transformação;Cristalândia do Piauí;Baixo-Alto;0,039;False;0,0;;False;False
Fabricação de produtos de panificação industrial;C - Indústrias de transformação;Cristino Castro;Baixo-Baixo;0,001;False;0,0;;True;False
Fabricação de produtos de panificação industrial;C - Indústrias de transformação;Curimatá;Baixo-Baixo;0,001;False;0,0;;True;True
Fabricação de produtos de panificação industrial;C - Indústrias de transformação;Currais;Baixo-Baixo;0,001;False;0,0;;True;True
Fabricação de produtos de panificação industrial;C - Indústrias de transformação;Curral Novo do Piauí;Baixo-Baixo;0,001;False;0,0;;True;False
Fabricação de produtos de panificação industrial;C - Indústrias de transformação;Curralinhos;Baixo-Alto;0,038;False;0,0;;True;False
Fabricação de produtos de panificação industrial;C - Indústrias de transformação;Demerval Lobão;Alto-Alto;0,025;True;22,5498;T1,T7;True;False
Fabricação de produtos de panificação industrial;C - Indústrias de transformação;Dirceu Arcoverde;Baixo-Baixo;0,001;False;0,0;;True;False
Fabricação de produtos de panificação industrial;C - Indústrias de transformação;Dom Inocêncio;Baixo-Baixo;0,001;False;0,0;;True;True
Fabricação de produtos de panificação industrial;C - Indústrias de transformação;Domingos Mourão;Baixo-Alto;0,01;False;0,0;;True;False
Fabricação de produtos de panificação industrial;C - Indústrias de transformação;Eliseu Martins;Baixo-Baixo;0,001;False;0,0;;True;False
Fabricação de produtos de panificação industrial;C - Indústrias de transformação;Esperantina;Baixo-Baixo;0,001;False;0,0;T7;True;False
Fabricação de produtos de panificação industrial;C - Indústrias de transformação;Fartura do Piauí;Baixo-Baixo;0,001;False;0,0;;True;False
Fabricação de produtos de panificação industrial;C - Indústrias de transformação;Flores do Piauí;Baixo-Baixo;0,001;False;0,0;;True;False
Fabricação de produtos de panificação industrial;C - Indústrias de transformação;Floresta do Piauí;Baixo-Baixo;0,001;False;0,0;;True;False
Fabricação de produtos de panificação industrial;C - Indústrias de transformação;Floriano;Alto-Baixo;0,001;True;171,9825;T1;True;False
Fabricação de produtos de panificação industrial;C - Indústrias de transformação;Francisco Ayres;Baixo-Alto;0,032;False;0,0;;True;False
Fabricação de produtos de panificação industrial;C - Indústrias de transformação;Francisco Macedo;Baixo-Baixo;0,001;False;0,0;;True;False
Fabricação de produtos de panificação industrial;C - Indústrias de transformação;Francisco Santos;Baixo-Baixo;0,001;False;0,0;;True;False
Fabricação de produtos de panificação industrial;C - Indústrias de transformação;Fronteiras;Baixo-Baixo;0,001;False;0,0;;True;False
Fabricação de produtos de panificação industrial;C - Indústrias de transformação;Gilbués;Baixo-Baixo;0,001;False;0,0;;True;False
Fabricação de produtos de panificação industrial;C - Indústrias de transformação;Guadalupe;Alto-Baixo;0,001;True;7,798;T1,T2;True;False
Fabricação de produtos de panificação industrial;C - Indústrias de transformação;Hugo Napoleão;Baixo-Baixo;0,001;False;0,0;;True;False
Fabricação de produtos de panificação industrial;C - Indústrias de transformação;Ilha Grande;Baixo-Alto;0,01;False;0,0;;True;False
Fabricação de produtos de panificação industrial;C - Indústrias de transformação;Isaías Coelho;Baixo-Baixo;0,001;False;0,0;;True;False
Fabricação de produtos de panificação industrial;C - Indústrias de transformação;Itainópolis;Baixo-Baixo;0,001;False;0,0;;True;False
Fabricação de produtos de panificação industrial;C - Indústrias de transformação;Jacobina do Piauí;Baixo-Baixo;0,001;False;0,0;;True;False
Fabricação de produtos de panificação industrial;C - Indústrias de transformação;Jaicós;Baixo-Baixo;0,001;False;0,0;T7;True;False
Fabricação de produtos de panificação industrial;C - Indústrias de transformação;Jatobá do Piauí;Baixo-Baixo;0,001;False;0,0;;True;False
Fabricação de produtos de panificação industrial;C - Indústrias de transformação;Jerumenha;Baixo-Alto;0,019;False;0,0;;True;False
Fabricação de produtos de panificação industrial;C - Indústrias de transformação;João Costa;Baixo-Baixo;0,001;False;0,0;;True;True
Fabricação de produtos de panificação industrial;C - Indústrias de transformação;Joaquim Pires;Baixo-Baixo;0,001;False;0,0;;True;False
Fabricação de produtos de panificação industrial;C - Indústrias de transformação;Joca Marques;Baixo-Baixo;0,001;False;0,0;;True;False
Fabricação de produtos de panificação industrial;C - Indústrias de transformação;José de Freitas;Baixo-Alto;0,008;False;0,0;T8;True;False
Fabricação de produtos de panificação industrial;C - Indústrias de transformação;Juazeiro do Piauí;Baixo-Baixo;0,001;False;0,0;;True;False
Fabricação de produtos de panificação industrial;C - Indústrias de transformação;Júlio Borges;Baixo-Baixo;0,001;False;0,0;;True;True
Fabricação de produtos de panificação industrial;C - Indústrias de transformação;Lagoa Alegre;Baixo-Baixo;0,001;False;0,0;;True;False
Fabricação de produtos de panificação industrial;C - Indústrias de transformação;Lagoa de São Francisco;Baixo-Alto;0,002;False;0,0;;True;False
Fabricação de produtos de panificação industrial;C - Indústrias de transformação;Lagoa do Barro do Piauí;Baixo-Baixo;0,001;False;0,0;;True;True
Fabricação de produtos de panificação industrial;C - Indústrias de transformação;Lagoa do Piauí;Baixo-Alto;0,005;False;0,0;T7;True;False
Fabricação de produtos de panificação industrial;C - Indústrias de transformação;Lagoa do Sítio;Baixo-Baixo;0,001;False;0,0;;True;False
Fabricação de produtos de panificação industrial;C - Indústrias de transformação;Lagoinha do Piauí;Baixo-Baixo;0,001;False;0,0;;True;False
Fabricação de produtos de panificação industrial;C - Indústrias de transformação;Landri Sales;Baixo-Baixo;0,001;False;0,0;;True;False
Fabricação de produtos de panificação industrial;C - Indústrias de transformação;Luzilândia;Baixo-Baixo;0,001;False;0,0;T6,T8;True;True
Fabricação de produtos de panificação industrial;C - Indústrias de transformação;Madeiro;Baixo-Baixo;0,001;False;0,0;;True;True
Fabricação de produtos de panificação industrial;C - Indústrias de transformação;Marcolândia;Baixo-Baixo;0,001;False;0,0;T8;True;False
Fabricação de produtos de panificação industrial;C - Indústrias de transformação;Massapê do Piauí;Baixo-Baixo;0,001;False;0,0;;True;False
Fabricação de produtos de panificação industrial;C - Indústrias de transformação;Matias Olímpio;Baixo-Baixo;0,001;False;0,0;;True;True
Fabricação de produtos de panificação industrial;C - Indústrias de transformação;Miguel Alves;Baixo-Baixo;0,001;False;0,0;;True;False
Fabricação de produtos de panificação industrial;C - Indústrias de transformação;Miguel Leão;Baixo-Baixo;0,001;False;0,0;;True;False
Fabricação de produtos de panificação industrial;C - Indústrias de transformação;Monsenhor Hipólito;Baixo-Baixo;0,001;False;0,0;;True;False
Fabricação de produtos de panificação industrial;C - Indústrias de transformação;Monte Alegre do Piauí;Baixo-Baixo;0,001;False;0,0;;True;False
Fabricação de produtos de panificação industrial;C - Indústrias de transformação;Morro Cabeça no Tempo;Baixo-Baixo;0,001;False;0,0;;True;True
Fabricação de produtos de panificação industrial;C - Indústrias de transformação;Morro do Chapéu do Piauí;Baixo-Baixo;0,001;False;0,0;;True;False
Fabricação de produtos de panificação industrial;C - Indústrias de transformação;Murici dos Portelas;Baixo-Baixo;0,001;False;0,0;;True;False
Fabricação de produtos de panificação industrial;C - Indústrias de transformação;Nazária;Baixo-Alto;0,003;False;0,0;;True;False
Fabricação de produtos de panificação industrial;C - Indústrias de transformação;Nossa Senhora de Nazaré;Baixo-Baixo;0,001;False;0,0;;True;False
Fabricação de produtos de panificação industrial;C - Indústrias de transformação;Nossa Senhora dos Remédios;Baixo-Baixo;0,001;False;0,0;;True;False
Fabricação de produtos de panificação industrial;C - Indústrias de transformação;Nova Santa Rita;Baixo-Baixo;0,001;False;0,0;;True;True
Fabricação de produtos de panificação industrial;C - Indústrias de transformação;Olho D'Água do Piauí;Baixo-Baixo;0,001;False;0,0;;True;False
Fabricação de produtos de panificação industrial;C - Indústrias de transformação;Padre Marcos;Baixo-Baixo;0,001;False;0,0;;True;False
Fabricação de produtos de panificação industrial;C - Indústrias de transformação;Paes Landim;Baixo-Baixo;0,001;False;0,0;;True;False
Fabricação de produtos de panificação industrial;C - Indústrias de transformação;Pajeú do Piauí;Baixo-Baixo;0,001;False;0,0;;True;False
Fabricação de produtos de panificação industrial;C - Indústrias de transformação;Palmeirais;Baixo-Alto;0,029;False;0,0;;True;False
Fabricação de produtos de panificação industrial;C - Indústrias de transformação;Paquetá;Baixo-Alto;0,034;False;0,0;;False;False
Fabricação de produtos de panificação industrial;C - Indústrias de transformação;Parnaíba;Alto-Baixo;0,001;True;72,9783;T1,T7;True;False
Fabricação de produtos de panificação industrial;C - Indústrias de transformação;Patos do Piauí;Baixo-Baixo;0,001;False;0,0;;True;False
Fabricação de produtos de panificação industrial;C - Indústrias de transformação;Pau D'Arco do Piauí;Baixo-Alto;0,001;False;0,0;;True;True
Fabricação de produtos de panificação industrial;C - Indústrias de transformação;Paulistana;Baixo-Baixo;0,001;False;0,0;T7;True;True
Fabricação de produtos de panificação industrial;C - Indústrias de transformação;Pavussu;Baixo-Baixo;0,001;False;0,0;;True;False
Fabricação de produtos de panificação industrial;C - Indústrias de transformação;Pedro Laurentino;Baixo-Baixo;0,001;False;0,0;;True;False
Fabricação de produtos de panificação industrial;C - Indústrias de transformação;Pio IX;Baixo-Baixo;0,001;False;0,0;;True;False
Fabricação de produtos de panificação industrial;C - Indústrias de transformação;Porto;Baixo-Baixo;0,001;False;0,0;;True;True
Fabricação de produtos de panificação industrial;C - Indústrias de transformação;Queimada Nova;Baixo-Baixo;0,001;False;0,0;;True;True
Fabricação de produtos de panificação industrial;C - Indústrias de transformação;Redenção do Gurguéia;Baixo-Baixo;0,001;False;0,0;;True;False
Fabricação de produtos de panificação industrial;C - Indústrias de transformação;Ribeira do Piauí;Baixo-Baixo;0,001;False;0,0;;True;False
Fabricação de produtos de panificação industrial;C - Indústrias de transformação;Rio Grande do Piauí;Baixo-Baixo;0,001;False;0,0;;True;True
Fabricação de produtos de panificação industrial;C - Indústrias de transformação;Santa Filomena;Baixo-Baixo;0,001;False;0,0;;True;True
Fabricação de produtos de panificação industrial;C - Indústrias de transformação;Santa Luz;Baixo-Baixo;0,001;False;0,0;;True;True
Fabricação de produtos de panificação industrial;C - Indústrias de transformação;Santo Antônio de Lisboa;Baixo-Baixo;0,001;False;0,0;;True;False
Fabricação de produtos de panificação industrial;C - Indústrias de transformação;Santo Antônio dos Milagres;Baixo-Baixo;0,001;False;0,0;;True;False
Fabricação de produtos de panificação industrial;C - Indústrias de transformação;Santo Inácio do Piauí;Baixo-Baixo;0,001;False;0,0;;True;False
Fabricação de produtos de panificação industrial;C - Indústrias de transformação;São Braz do Piauí;Baixo-Baixo;0,001;False;0,0;;True;False
Fabricação de produtos de panificação industrial;C - Indústrias de transformação;São Francisco de Assis do Piauí;Baixo-Baixo;0,001;False;0,0;;True;False
Fabricação de produtos de panificação industrial;C - Indústrias de transformação;São Gonçalo do Piauí;Baixo-Baixo;0,001;False;0,0;;True;False
Fabricação de produtos de panificação industrial;C - Indústrias de transformação;São João da Canabrava;Baixo-Baixo;0,001;False;0,0;;True;False
Fabricação de produtos de panificação industrial;C - Indústrias de transformação;São João da Fronteira;Baixo-Baixo;0,001;False;0,0;;True;False
Fabricação de produtos de panificação industrial;C - Indústrias de transformação;São João do Arraial;Baixo-Baixo;0,001;False;0,0;;True;False
Fabricação de produtos de panificação industrial;C - Indústrias de transformação;São José do Divino;Baixo-Baixo;0,001;False;0,0;T7;True;False
Fabricação de produtos de panificação industrial;C - Indústrias de transformação;São José do Piauí;Baixo-Baixo;0,001;False;0,0;;True;False
Fabricação de produtos de panificação industrial;C - Indústrias de transformação;São Julião;Baixo-Baixo;0,001;False;0,0;;True;False
Fabricação de produtos de panificação industrial;C - Indústrias de transformação;São Lourenço do Piauí;Baixo-Baixo;0,001;False;0,0;;True;False
Fabricação de produtos de panificação industrial;C - Indústrias de transformação;São Luis do Piauí;Baixo-Baixo;0,001;False;0,0;;True;False
Fabricação de produtos de panificação industrial;C - Indústrias de transformação;São Miguel do Fidalgo;Baixo-Baixo;0,001;False;0,0;;True;False
Fabricação de produtos de panificação industrial;C - Indústrias de transformação;São Pedro do Piauí;Baixo-Baixo;0,001;False;0,0;;True;False
Fabricação de produtos de panificação industrial;C - Indústrias de transformação;Sigefredo Pacheco;Baixo-Baixo;0,001;False;0,0;;True;False
Fabricação de produtos de panificação industrial;C - Indústrias de transformação;Simões;Baixo-Baixo;0,001;False;0,0;;True;False
Fabricação de produtos de panificação industrial;C - Indústrias de transformação;Socorro do Piauí;Baixo-Baixo;0,001;False;0,0;;True;False
Fabricação de produtos de panificação industrial;C - Indústrias de transformação;União;Baixo-Alto;0,008;False;0,0;T7;True;False
Fabricação de produtos de panificação industrial;C - Indústrias de transformação;Uruçuí;Alto-Baixo;0,001;True;28,4378;T1;True;True
Fabricação de produtos de panificação industrial;C - Indústrias de transformação;Várzea Branca;Baixo-Baixo;0,001;False;0,0;;True;False
Fabricação de produtos de panificação industrial;C - Indústrias de transformação;Vera Mendes;Baixo-Baixo;0,001;False;0,0;;True;False
Fabricação de produtos de panificação industrial;C - Indústrias de transformação;Vila Nova do Piauí;Baixo-Baixo;0,001;False;0,0;;True;False
Fabricação de águas envasadas;C - Indústrias de transformação;Agricolândia;Baixo-Alto;0,044;False;0,0;;False;False
Fabricação de águas envasadas;C - Indústrias de transformação;Altos;Baixo-Alto;0,014;False;0,0;;False;True
Fabricação de águas envasadas;C - Indústrias de transformação;Angical do Piauí;Baixo-Baixo;0,001;False;0,0;;True;False
Fabricação de águas envasadas;C - Indústrias de transformação;Baixa Grande do Ribeiro;Baixo-Baixo;0,001;False;0,0;;True;False
Fabricação de águas envasadas;C - Indústrias de transformação;Batalha;Baixo-Baixo;0,001;False;0,0;;True;False
Fabricação de águas envasadas;C - Indústrias de transformação;Bom Princípio do Piauí;Baixo-Alto;0,007;False;0,0;;True;True
Fabricação de águas envasadas;C - Indústrias de transformação;Campo Maior;Alto-Baixo;0,001;True;19,5081;T1;True;False
Fabricação de águas envasadas;C - Indústrias de transformação;Canavieira;Baixo-Baixo;0,001;False;0,0;;True;False
Fabricação de águas envasadas;C - Indústrias de transformação;Caxingó;Baixo-Alto;0,044;False;0,0;;False;False
Fabricação de águas envasadas;C - Indústrias de transformação;Curralinhos;Baixo-Alto;0,012;False;0,0;;False;False
Fabricação de águas envasadas;C - Indústrias de transformação;Dom Expedito Lopes;Alto-Baixo;0,001;True;28,4403;T1,T2;True;False
Fabricação de águas envasadas;C - Indústrias de transformação;Floriano;Alto-Baixo;0,001;True;81,2027;T1;True;False
Fabricação de águas envasadas;C - Indústrias de transformação;Francisco Ayres;Baixo-Alto;0,013;False;0,0;;False;False
Fabricação de águas envasadas;C - Indústrias de transformação;Geminiano;Baixo-Baixo;0,001;False;0,0;;True;False
Fabricação de águas envasadas;C - Indústrias de transformação;Gilbués;Baixo-Baixo;0,001;False;0,0;;True;False
Fabricação de águas envasadas;C - Indústrias de transformação;Ilha Grande;Baixo-Alto;0,029;False;0,0;;False;True
Fabricação de águas envasadas;C - Indústrias de transformação;Inhuma;Baixo-Baixo;0,001;False;0,0;;True;False
Fabricação de águas envasadas;C - Indústrias de transformação;Itainópolis;Baixo-Baixo;0,001;False;0,0;;True;False
Fabricação de águas envasadas;C - Indústrias de transformação;Jaicós;Baixo-Baixo;0,001;False;0,0;;True;False
Fabricação de águas envasadas;C - Indústrias de transformação;Jardim do Mulato;Baixo-Baixo;0,001;False;0,0;;True;False
Fabricação de águas envasadas;C - Indústrias de transformação;João Costa;Baixo-Alto;0,018;False;0,0;T6;False;False
Fabricação de águas envasadas;C - Indústrias de transformação;José de Freitas;Baixo-Alto;0,017;False;0,0;T7;False;False
Fabricação de águas envasadas;C - Indústrias de transformação;Lagoa do Piauí;Baixo-Alto;0,019;False;0,0;;False;True
Fabricação de águas envasadas;C - Indústrias de transformação;Miguel Leão;Alto-Baixo;0,001;True;56,3763;T1,T2;True;False
Fabricação de águas envasadas;C - Indústrias de transformação;Monsenhor Gil;Baixo-Alto;0,016;False;0,0;;False;False
Fabricação de águas envasadas;C - Indústrias de transformação;Murici dos Portelas;Baixo-Alto;0,034;False;0,0;;False;False
Fabricação de águas envasadas;C - Indústrias de transformação;Nazária;Baixo-Alto;0,044;False;0,0;;False;True
Fabricação de águas envasadas;C - Indústrias de transformação;Oeiras;Baixo-Baixo;0,001;False;0,0;;True;False
Fabricação de águas envasadas;C - Indústrias de transformação;Parnaíba;Alto-Alto;0,045;True;10,2187;T1;False;False
Fabricação de águas envasadas;C - Indústrias de transformação;Pau D'Arco do Piauí;Baixo-Alto;0,028;False;0,0;;False;False
Fabricação de águas envasadas;C - Indústrias de transformação;Piracuruca;Baixo-Baixo;0,001;False;0,0;;True;False
Fabricação de águas envasadas;C - Indústrias de transformação;Regeneração;Baixo-Baixo;0,001;False;0,0;;True;False
Fabricação de águas envasadas;C - Indústrias de transformação;Riacho Frio;Baixo-Baixo;0,001;False;0,0;;True;False
Fabricação de águas envasadas;C - Indústrias de transformação;São Braz do Piauí;Baixo-Alto;0,025;False;0,0;;False;False
Fabricação de águas envasadas;C - Indústrias de transformação;São Francisco de Assis do Piauí;Baixo-Baixo;0,001;False;0,0;;True;False
Fabricação de águas envasadas;C - Indústrias de transformação;São José do Peixe;Baixo-Alto;0,045;False;0,0;;False;False
Fabricação de águas envasadas;C - Indústrias de transformação;Tanque do Piauí;Baixo-Baixo;0,001;False;0,0;;True;False
Fabricação de águas envasadas;C - Indústrias de transformação;Uruçuí;Baixo-Baixo;0,001;False;0,0;;True;False
Formação de condutores;P - Educação;Água Branca;Alto-Baixo;0,001;True;12,1694;T1,T7;True;False
Formação de condutores;P - Educação;Barras;Alto-Alto;0,046;True;6,1633;T1,T2;False;False
Formação de condutores;P - Educação;Batalha;Baixo-Alto;0,006;False;0,0;;False;False
Formação de condutores;P - Educação;Boa Hora;Baixo-Alto;0,041;False;0,0;;False;False
Formação de condutores;P - Educação;Bom Jesus;Alto-Baixo;0,001;True;19,1297;T1,T3;True;True
Formação de condutores;P - Educação;Bom Princípio do Piauí;Baixo-Alto;0,001;False;0,0;;True;True
Formação de condutores;P - Educação;Buriti dos Lopes;Alto-Alto;0,028;True;8,2186;T1;False;True
Formação de condutores;P - Educação;Cabeceiras do Piauí;Baixo-Alto;0,033;False;0,0;;False;False
Formação de condutores;P - Educação;Cajueiro da Praia;Baixo-Alto;0,014;False;0,0;;False;True
Formação de condutores;P - Educação;Cocal;Baixo-Alto;0,016;True;0,0155;T3,T7;False;False
Formação de condutores;P - Educação;Currais;Baixo-Alto;0,015;False;0,0;;False;False
Formação de condutores;P - Educação;Domingos Mourão;Baixo-Alto;0,03;False;0,0;;False;False
Formação de condutores;P - Educação;Elesbão Veloso;Alto-Baixo;0,001;True;0,9383;T1,T7,T8;True;False
Formação de condutores;P - Educação;Guaribas;Baixo-Alto;0,011;False;0,0;;False;False
Formação de condutores;P - Educação;Ilha Grande;Baixo-Alto;0,001;False;0,0;;True;True
Formação de condutores;P - Educação;Lagoa de São Francisco;Baixo-Alto;0,01;False;0,0;;False;False
Formação de condutores;P - Educação;Luís Correia;Alto-Alto;0,013;True;13,9999;T2;False;False
Formação de condutores;P - Educação;Marcolândia;Alto-Baixo;0,001;True;5,7137;T2,T3;True;True
Formação de condutores;P - Educação;Parnaíba;Alto-Alto;0,013;True;165,1482;T1,T3;False;False
Formação de condutores;P - Educação;Santa Luz;Baixo-Alto;0,017;False;0,0;;False;False
Formação de condutores;P - Educação;São João do Piauí;Alto-Baixo;0,001;True;3,7216;T1,T7;True;False
Hotéis;I - Alojamento e alimentação;Água Branca;Alto-Baixo;0,001;True;2,544;T1;True;False
Hotéis;I - Alojamento e alimentação;Alegrete do Piauí;Baixo-Baixo;0,001;False;0,0;;True;False
Hotéis;I - Alojamento e alimentação;Alvorada do Gurguéia;Baixo-Alto;0,016;False;0,0;;True;False
Hotéis;I - Alojamento e alimentação;Anísio de Abreu;Baixo-Baixo;0,001;False;0,0;;True;False
Hotéis;I - Alojamento e alimentação;Assunção do Piauí;Baixo-Baixo;0,001;False;0,0;;True;False
Hotéis;I - Alojamento e alimentação;Baixa Grande do Ribeiro;Alto-Alto;0,035;True;8,3572;T1;False;False
Hotéis;I - Alojamento e alimentação;Barreiras do Piauí;Baixo-Baixo;0,001;False;0,0;;True;False
Hotéis;I - Alojamento e alimentação;Batalha;Baixo-Baixo;0,001;False;0,0;T7;True;False
Hotéis;I - Alojamento e alimentação;Belém do Piauí;Baixo-Baixo;0,001;False;0,0;;True;False
Hotéis;I - Alojamento e alimentação;Beneditinos;Baixo-Baixo;0,001;False;0,0;;True;False
Hotéis;I - Alojamento e alimentação;Bom Princípio do Piauí;Baixo-Alto;0,003;False;0,0;T7;True;False
Hotéis;I - Alojamento e alimentação;Cajueiro da Praia;Alto-Alto;0,007;True;605,1923;T1,T3,T7;True;True
Hotéis;I - Alojamento e alimentação;Caldeirão Grande do Piauí;Baixo-Baixo;0,001;False;0,0;;True;False
Hotéis;I - Alojamento e alimentação;Campo Grande do Piauí;Baixo-Baixo;0,001;False;0,0;;True;False
Hotéis;I - Alojamento e alimentação;Campo Largo do Piauí;Baixo-Baixo;0,001;False;0,0;;True;False
Hotéis;I - Alojamento e alimentação;Caraúbas do Piauí;Baixo-Baixo;0,001;False;0,0;;True;False
Hotéis;I - Alojamento e alimentação;Castelo do Piauí;Baixo-Baixo;0,001;False;0,0;T7;True;False
Hotéis;I - Alojamento e alimentação;Caxingó;Baixo-Baixo;0,001;False;0,0;;True;False
Hotéis;I - Alojamento e alimentação;Cristino Castro;Alto-Baixo;0,001;True;8,2612;T3;True;False
Hotéis;I - Alojamento e alimentação;Curimatá;Baixo-Baixo;0,001;False;0,0;T7;True;False
Hotéis;I - Alojamento e alimentação;Currais;Baixo-Alto;0,024;False;0,0;;False;False
Hotéis;I - Alojamento e alimentação;Esperantina;Baixo-Baixo;0,001;False;0,0;T7;True;False
Hotéis;I - Alojamento e alimentação;Francisco Macedo;Baixo-Baixo;0,001;False;0,0;;True;False
Hotéis;I - Alojamento e alimentação;Francisco Santos;Baixo-Baixo;0,001;False;0,0;;True;False
Hotéis;I - Alojamento e alimentação;Fronteiras;Baixo-Baixo;0,001;False;0,0;;True;False
Hotéis;I - Alojamento e alimentação;Guaribas;Baixo-Alto;0,032;False;0,0;;False;False
Hotéis;I - Alojamento e alimentação;Ilha Grande;Baixo-Alto;0,011;False;0,0;;True;True
Hotéis;I - Alojamento e alimentação;Itainópolis;Baixo-Baixo;0,001;False;0,0;;True;False
Hotéis;I - Alojamento e alimentação;Jaicós;Baixo-Baixo;0,001;False;0,0;T7;True;False
Hotéis;I - Alojamento e alimentação;Jerumenha;Baixo-Alto;0,026;False;0,0;;False;False
Hotéis;I - Alojamento e alimentação;Joca Marques;Baixo-Baixo;0,001;False;0,0;;True;False
Hotéis;I - Alojamento e alimentação;José de Freitas;Baixo-Alto;0,006;False;0,0;T8;True;False
Hotéis;I - Alojamento e alimentação;Juazeiro do Piauí;Baixo-Baixo;0,001;False;0,0;;True;False
Hotéis;I - Alojamento e alimentação;Landri Sales;Baixo-Baixo;0,001;False;0,0;;True;False
Hotéis;I - Alojamento e alimentação;Luís Correia;Alto-Alto;0,001;True;207,8239;T2,T6;True;True
Hotéis;I - Alojamento e alimentação;Luzilândia;Baixo-Baixo;0,001;False;0,0;;True;False
Hotéis;I - Alojamento e alimentação;Manoel Emídio;Baixo-Alto;0,041;False;0,0;;False;False
Hotéis;I - Alojamento e alimentação;Marcolândia;Baixo-Baixo;0,001;False;0,0;T3,T6;True;False
Hotéis;I - Alojamento e alimentação;Matias Olímpio;Baixo-Baixo;0,001;False;0,0;;True;False
Hotéis;I - Alojamento e alimentação;Miguel Leão;Baixo-Baixo;0,001;False;0,0;;True;False
Hotéis;I - Alojamento e alimentação;Morro do Chapéu do Piauí;Baixo-Baixo;0,001;False;0,0;;True;False
Hotéis;I - Alojamento e alimentação;Nazária;Baixo-Alto;0,039;False;0,0;;False;False
Hotéis;I - Alojamento e alimentação;Nossa Senhora dos Remédios;Baixo-Baixo;0,001;False;0,0;;True;False
Hotéis;I - Alojamento e alimentação;Padre Marcos;Baixo-Baixo;0,001;False;0,0;;True;False
Hotéis;I - Alojamento e alimentação;Palmeira do Piauí;Baixo-Alto;0,018;False;0,0;;False;False
Hotéis;I - Alojamento e alimentação;Pau D'Arco do Piauí;Baixo-Alto;0,037;False;0,0;;False;False
Hotéis;I - Alojamento e alimentação;Paulistana;Alto-Baixo;0,001;True;1,4528;T1,T7;True;False
Hotéis;I - Alojamento e alimentação;Pedro II;Alto-Baixo;0,001;True;19,6378;T2;True;False
Hotéis;I - Alojamento e alimentação;Picos;Alto-Baixo;0,001;True;17,7203;T1,T3,T7;True;False
Hotéis;I - Alojamento e alimentação;Pio IX;Baixo-Baixo;0,001;False;0,0;;True;False
Hotéis;I - Alojamento e alimentação;Piracuruca;Baixo-Baixo;0,001;False;0,0;;True;False
Hotéis;I - Alojamento e alimentação;Regeneração;Alto-Baixo;0,001;True;0,6757;T3,T7;True;False
Hotéis;I - Alojamento e alimentação;Ribeiro Gonçalves;Alto-Alto;0,014;True;3,1604;T1,T3,T6;False;False
Hotéis;I - Alojamento e alimentação;Santo Antônio de Lisboa;Baixo-Baixo;0,001;False;0,0;;True;False
Hotéis;I - Alojamento e alimentação;São João da Canabrava;Baixo-Baixo;0,001;False;0,0;;True;False
Hotéis;I - Alojamento e alimentação;São João da Fronteira;Baixo-Baixo;0,001;False;0,0;;True;False
Hotéis;I - Alojamento e alimentação;São João da Serra;Baixo-Baixo;0,001;False;0,0;;True;False
Hotéis;I - Alojamento e alimentação;São José do Divino;Baixo-Baixo;0,001;False;0,0;;True;False
Hotéis;I - Alojamento e alimentação;São José do Piauí;Baixo-Baixo;0,001;False;0,0;;True;False
Hotéis;I - Alojamento e alimentação;São Luis do Piauí;Baixo-Baixo;0,001;False;0,0;;True;False
Hotéis;I - Alojamento e alimentação;São Miguel da Baixa Grande;Baixo-Baixo;0,001;False;0,0;;True;False
Hotéis;I - Alojamento e alimentação;Simões;Baixo-Baixo;0,001;False;0,0;;True;False
Hotéis;I - Alojamento e alimentação;Valença do Piauí;Alto-Baixo;0,001;True;16,2686;T1,T3,T7;True;False
Hotéis;I - Alojamento e alimentação;Vila Nova do Piauí;Baixo-Baixo;0,001;False;0,0;;True;False
Impressão de material para uso publicitário;C - Indústrias de transformação;Alegrete do Piauí;Baixo-Baixo;0,001;False;0,0;;True;False
Impressão de material para uso publicitário;C - Indústrias de transformação;Alto Longá;Baixo-Baixo;0,001;False;0,0;;True;False
Impressão de material para uso publicitário;C - Indústrias de transformação;Altos;Baixo-Alto;0,029;False;0,0;T7;False;False
Impressão de material para uso publicitário;C - Indústrias de transformação;Arraial;Baixo-Baixo;0,001;False;0,0;;True;False
Impressão de material para uso publicitário;C - Indústrias de transformação;Baixa Grande do Ribeiro;Baixo-Alto;0,021;False;0,0;;False;False
Impressão de material para uso publicitário;C - Indústrias de transformação;Belém do Piauí;Baixo-Baixo;0,001;False;0,0;;True;False
Impressão de material para uso publicitário;C - Indústrias de transformação;Bom Princípio do Piauí;Baixo-Alto;0,041;False;0,0;;False;False
Impressão de material para uso publicitário;C - Indústrias de transformação;Campo Alegre do Fidalgo;Baixo-Baixo;0,001;False;0,0;;True;False
Impressão de material para uso publicitário;C - Indústrias de transformação;Campo Grande do Piauí;Baixo-Baixo;0,001;False;0,0;;True;False
Impressão de material para uso publicitário;C - Indústrias de transformação;Campo Largo do Piauí;Baixo-Baixo;0,001;False;0,0;;True;False
Impressão de material para uso publicitário;C - Indústrias de transformação;Capitão de Campos;Baixo-Baixo;0,001;False;0,0;;True;False
Impressão de material para uso publicitário;C - Indústrias de transformação;Caraúbas do Piauí;Baixo-Baixo;0,001;False;0,0;;True;False
Impressão de material para uso publicitário;C - Indústrias de transformação;Castelo do Piauí;Baixo-Baixo;0,001;False;0,0;;True;False
Impressão de material para uso publicitário;C - Indústrias de transformação;Cocal;Baixo-Baixo;0,001;False;0,0;;True;False
Impressão de material para uso publicitário;C - Indústrias de transformação;Conceição do Canindé;Baixo-Baixo;0,001;False;0,0;;True;False
Impressão de material para uso publicitário;C - Indústrias de transformação;Corrente;Alto-Baixo;0,001;True;1,475;T3,T7;True;False
Impressão de material para uso publicitário;C - Indústrias de transformação;Curimatá;Baixo-Baixo;0,001;False;0,0;;True;False
Impressão de material para uso publicitário;C - Indústrias de transformação;Curralinhos;Baixo-Alto;0,038;False;0,0;;False;False
Impressão de material para uso publicitário;C - Indústrias de transformação;Demerval Lobão;Baixo-Alto;0,008;False;0,0;;True;False
Impressão de material para uso publicitário;C - Indústrias de transformação;Eliseu Martins;Baixo-Baixo;0,001;False;0,0;;True;False
Impressão de material para uso publicitário;C - Indústrias de transformação;Esperantina;Baixo-Baixo;0,001;False;0,0;;True;False
Impressão de material para uso publicitário;C - Indústrias de transformação;Fartura do Piauí;Baixo-Alto;0,044;False;0,0;;False;False
Impressão de material para uso publicitário;C - Indústrias de transformação;Floriano;Alto-Baixo;0,001;True;17,7183;T1,T7;True;False
Impressão de material para uso publicitário;C - Indústrias de transformação;Ilha Grande;Baixo-Alto;0,01;False;0,0;;True;False
Impressão de material para uso publicitário;C - Indústrias de transformação;Ipiranga do Piauí;Baixo-Alto;0,026;False;0,0;;False;False
Impressão de material para uso publicitário;C - Indústrias de transformação;Jacobina do Piauí;Baixo-Baixo;0,001;False;0,0;;True;False
Impressão de material para uso publicitário;C - Indústrias de transformação;José de Freitas;Baixo-Alto;0,04;False;0,0;;False;False
Impressão de material para uso publicitário;C - Indústrias de transformação;Lagoa do Piauí;Baixo-Alto;0,029;False;0,0;;False;False
Impressão de material para uso publicitário;C - Indústrias de transformação;Landri Sales;Baixo-Baixo;0,001;False;0,0;;True;False
Impressão de material para uso publicitário;C - Indústrias de transformação;Luís Correia;Baixo-Alto;0,04;False;0,0;;False;False
Impressão de material para uso publicitário;C - Indústrias de transformação;Luzilândia;Baixo-Baixo;0,001;False;0,0;T6,T8;True;False
Impressão de material para uso publicitário;C - Indústrias de transformação;Miguel Alves;Baixo-Baixo;0,001;False;0,0;T7;True;False
Impressão de material para uso publicitário;C - Indústrias de transformação;Miguel Leão;Baixo-Baixo;0,001;False;0,0;;True;False
Impressão de material para uso publicitário;C - Indústrias de transformação;Monsenhor Gil;Baixo-Alto;0,041;False;0,0;;False;False
Impressão de material para uso publicitário;C - Indústrias de transformação;Monte Alegre do Piauí;Baixo-Alto;0,04;False;0,0;;False;False
Impressão de material para uso publicitário;C - Indústrias de transformação;Morro Cabeça no Tempo;Baixo-Alto;0,04;False;0,0;;False;False
Impressão de material para uso publicitário;C - Indústrias de transformação;Nazaré do Piauí;Baixo-Alto;0,029;False;0,0;;False;False
Impressão de material para uso publicitário;C - Indústrias de transformação;Nazária;Baixo-Alto;0,004;False;0,0;;True;False
Impressão de material para uso publicitário;C - Indústrias de transformação;Novo Oriente do Piauí;Baixo-Alto;0,031;False;0,0;;False;False
Impressão de material para uso publicitário;C - Indústrias de transformação;Oeiras;Alto-Baixo;0,001;True;13,712;T2;True;False
Impressão de material para uso publicitário;C - Indústrias de transformação;Padre Marcos;Baixo-Baixo;0,001;False;0,0;;True;False
Impressão de material para uso publicitário;C - Indústrias de transformação;Palmeirais;Baixo-Alto;0,038;False;0,0;;False;False
Impressão de material para uso publicitário;C - Indústrias de transformação;Pau D'Arco do Piauí;Baixo-Alto;0,043;False;0,0;;False;False
Impressão de material para uso publicitário;C - Indústrias de transformação;Paulistana;Baixo-Baixo;0,001;False;0,0;;True;False
Impressão de material para uso publicitário;C - Indústrias de transformação;Pedro II;Baixo-Baixo;0,001;False;0,0;;True;False
Impressão de material para uso publicitário;C - Indústrias de transformação;Pio IX;Baixo-Baixo;0,001;False;0,0;T8;True;False
Impressão de material para uso publicitário;C - Indústrias de transformação;Santo Antônio de Lisboa;Baixo-Baixo;0,001;False;0,0;;True;False
Impressão de material para uso publicitário;C - Indústrias de transformação;Santo Inácio do Piauí;Baixo-Baixo;0,001;False;0,0;;True;False
Impressão de material para uso publicitário;C - Indústrias de transformação;São Gonçalo do Piauí;Baixo-Baixo;0,001;False;0,0;;True;False
Impressão de material para uso publicitário;C - Indústrias de transformação;São João da Canabrava;Baixo-Baixo;0,001;False;0,0;;True;False
Impressão de material para uso publicitário;C - Indústrias de transformação;São João do Piauí;Baixo-Baixo;0,001;False;0,0;;True;False
Impressão de material para uso publicitário;C - Indústrias de transformação;São José do Piauí;Baixo-Baixo;0,001;False;0,0;;True;False
Impressão de material para uso publicitário;C - Indústrias de transformação;São Miguel da Baixa Grande;Baixo-Baixo;0,001;False;0,0;;True;False
Impressão de material para uso publicitário;C - Indústrias de transformação;São Miguel do Fidalgo;Baixo-Baixo;0,001;False;0,0;;True;False
Impressão de material para uso publicitário;C - Indústrias de transformação;São Miguel do Tapuio;Baixo-Baixo;0,001;False;0,0;;True;False
Impressão de material para uso publicitário;C - Indústrias de transformação;São Raimundo Nonato;Alto-Baixo;0,001;True;64,6755;T1,T3;True;False
Impressão de material para uso publicitário;C - Indústrias de transformação;Sigefredo Pacheco;Baixo-Baixo;0,001;False;0,0;;True;False
Impressão de material para uso publicitário;C - Indústrias de transformação;Simões;Baixo-Baixo;0,001;False;0,0;;True;False
Impressão de material para uso publicitário;C - Indústrias de transformação;Simplício Mendes;Baixo-Baixo;0,001;False;0,0;;True;False
Impressão de material para uso publicitário;C - Indústrias de transformação;Socorro do Piauí;Baixo-Baixo;0,001;False;0,0;;True;False
Impressão de material para uso publicitário;C - Indústrias de transformação;União;Baixo-Alto;0,011;False;0,0;;True;False
Impressão de material para uso publicitário;C - Indústrias de transformação;Uruçuí;Alto-Baixo;0,001;True;11,5301;T1;True;True
Impressão de material para uso publicitário;C - Indústrias de transformação;Valença do Piauí;Alto-Baixo;0,001;True;7,4735;T1;True;False
Impressão de material para uso publicitário;C - Indústrias de transformação;Vila Nova do Piauí;Baixo-Baixo;0,001;False;0,0;;True;False
Laboratórios clínicos;Q - Saúde humana e serviços sociais;Água Branca;Alto-Baixo;0,001;True;5,6389;T1,T3;True;False
Laboratórios clínicos;Q - Saúde humana e serviços sociais;Amarante;Alto-Baixo;0,001;True;16,4788;T2,T8;True;False
Laboratórios clínicos;Q - Saúde humana e serviços sociais;Aroeiras do Itaim;Baixo-Alto;0,024;False;0,0;;False;False
Laboratórios clínicos;Q - Saúde humana e serviços sociais;Baixa Grande do Ribeiro;Baixo-Alto;0,041;False;0,0;;False;False
Laboratórios clínicos;Q - Saúde humana e serviços sociais;Barras;Alto-Baixo;0,001;True;3,9196;T2,T7;True;False
Laboratórios clínicos;Q - Saúde humana e serviços sociais;Bom Jesus;Alto-Baixo;0,001;True;52,5073;T1;True;True
Laboratórios clínicos;Q - Saúde humana e serviços sociais;Bom Princípio do Piauí;Baixo-Alto;0,041;False;0,0;;False;False
Laboratórios clínicos;Q - Saúde humana e serviços sociais;Cocal dos Alves;Baixo-Alto;0,048;False;0,0;;False;False
Laboratórios clínicos;Q - Saúde humana e serviços sociais;Dom Expedito Lopes;Baixo-Alto;0,018;False;0,0;;False;False
Laboratórios clínicos;Q - Saúde humana e serviços sociais;Elesbão Veloso;Alto-Baixo;0,001;True;1,9289;T1,T2;True;False
Laboratórios clínicos;Q - Saúde humana e serviços sociais;Guadalupe;Alto-Baixo;0,001;True;2,9652;T2,T7,T8;True;False
Laboratórios clínicos;Q - Saúde humana e serviços sociais;Guaribas;Baixo-Alto;0,017;False;0,0;;False;False
Laboratórios clínicos;Q - Saúde humana e serviços sociais;Ilha Grande;Baixo-Alto;0,004;False;0,0;;False;False
Laboratórios clínicos;Q - Saúde humana e serviços sociais;Ipiranga do Piauí;Baixo-Alto;0,009;False;0,0;T8;False;False
Laboratórios clínicos;Q - Saúde humana e serviços sociais;Luís Correia;Baixo-Alto;0,038;False;0,0;;False;False
Laboratórios clínicos;Q - Saúde humana e serviços sociais;Marcolândia;Alto-Baixo;0,001;True;6,8057;T1,T2;True;False
Laboratórios clínicos;Q - Saúde humana e serviços sociais;Paquetá;Baixo-Alto;0,025;False;0,0;;False;False
Laboratórios clínicos;Q - Saúde humana e serviços sociais;Parnaíba;Alto-Baixo;0,001;True;66,3147;T1,T7;True;True
Laboratórios clínicos;Q - Saúde humana e serviços sociais;Paulistana;Alto-Baixo;0,001;True;26,6312;T1,T3;True;False
Laboratórios clínicos;Q - Saúde humana e serviços sociais;Picos;Alto-Baixo;0,001;True;174,0034;T1;True;False
Laboratórios clínicos;Q - Saúde humana e serviços sociais;Pio IX;Alto-Baixo;0,001;True;1,52;T2,T8;True;False
Laboratórios clínicos;Q - Saúde humana e serviços sociais;Santana do Piauí;Baixo-Alto;0,025;False;0,0;;False;False
Laboratórios clínicos;Q - Saúde humana e serviços sociais;São Raimundo Nonato;Alto-Baixo;0,001;True;2,1052;T3,T7;True;False
Laboratórios clínicos;Q - Saúde humana e serviços sociais;Uruçuí;Alto-Baixo;0,001;True;10,3201;T1,T3,T7;True;True
Lanchonetes, casas de chá, de sucos e similares;I - Alojamento e alimentação;Altos;Alto-Alto;0,006;True;46,071;T1;False;True
Lanchonetes, casas de chá, de sucos e similares;I - Alojamento e alimentação;Barra D'Alcântara;Baixo-Alto;0,049;False;0,0;T7;False;False
Lanchonetes, casas de chá, de sucos e similares;I - Alojamento e alimentação;Batalha;Baixo-Alto;0,017;False;0,0;T7;False;False
Lanchonetes, casas de chá, de sucos e similares;I - Alojamento e alimentação;Coivaras;Baixo-Alto;0,028;False;0,0;;False;False
Lanchonetes, casas de chá, de sucos e similares;I - Alojamento e alimentação;Corrente;Alto-Baixo;0,001;True;0,845;T3,T7;True;False
Lanchonetes, casas de chá, de sucos e similares;I - Alojamento e alimentação;Curralinhos;Baixo-Alto;0,015;False;0,0;;False;False
Lanchonetes, casas de chá, de sucos e similares;I - Alojamento e alimentação;Demerval Lobão;Alto-Alto;0,033;True;8,4971;T1;False;False
Lanchonetes, casas de chá, de sucos e similares;I - Alojamento e alimentação;Ilha Grande;Baixo-Alto;0,005;False;0,0;;False;True
Lanchonetes, casas de chá, de sucos e similares;I - Alojamento e alimentação;José de Freitas;Alto-Alto;0,001;True;1,3744;T2,T7;True;True
Lanchonetes, casas de chá, de sucos e similares;I - Alojamento e alimentação;Lagoa de São Francisco;Baixo-Alto;0,017;False;0,0;;False;False
Lanchonetes, casas de chá, de sucos e similares;I - Alojamento e alimentação;Lagoa do Piauí;Baixo-Alto;0,002;False;0,0;;True;False
Lanchonetes, casas de chá, de sucos e similares;I - Alojamento e alimentação;Luís Correia;Alto-Alto;0,029;True;3,7309;T2;False;False
Lanchonetes, casas de chá, de sucos e similares;I - Alojamento e alimentação;Nazária;Baixo-Alto;0,014;False;0,0;T7;False;False
Lanchonetes, casas de chá, de sucos e similares;I - Alojamento e alimentação;Novo Oriente do Piauí;Baixo-Alto;0,01;False;0,0;;False;False
Lanchonetes, casas de chá, de sucos e similares;I - Alojamento e alimentação;Olho D'Água do Piauí;Baixo-Alto;0,045;False;0,0;;False;False
Lanchonetes, casas de chá, de sucos e similares;I - Alojamento e alimentação;Pau D'Arco do Piauí;Baixo-Alto;0,004;False;0,0;;True;False
Lanchonetes, casas de chá, de sucos e similares;I - Alojamento e alimentação;Picos;Alto-Baixo;0,001;True;0,9942;T3,T7;True;True
Lanchonetes, casas de chá, de sucos e similares;I - Alojamento e alimentação;Piracuruca;Alto-Baixo;0,001;True;25,1139;T1;True;False
Lanchonetes, casas de chá, de sucos e similares;I - Alojamento e alimentação;São João do Piauí;Alto-Baixo;0,001;True;24,2613;T1;True;False
Lanchonetes, casas de chá, de sucos e similares;I - Alojamento e alimentação;São Miguel do Tapuio;Baixo-Baixo;0,001;False;0,0;T7;True;False
Lanchonetes, casas de chá, de sucos e similares;I - Alojamento e alimentação;São Raimundo Nonato;Alto-Baixo;0,001;True;5,5075;T1,T3,T7;True;False
Lanchonetes, casas de chá, de sucos e similares;I - Alojamento e alimentação;Simplício Mendes;Baixo-Baixo;0,001;False;0,0;;True;False
Lanchonetes, casas de chá, de sucos e similares;I - Alojamento e alimentação;Teresina;Alto-Alto;0,006;True;938,7306;T1,T3;True;False
Lanchonetes, casas de chá, de sucos e similares;I - Alojamento e alimentação;União;Alto-Alto;0,006;True;54,9667;T1;False;True
Lojas de departamentos ou magazines, exceto lojas francas (Duty free);"G - Comércio; reparação de veículos";Acauã;Baixo-Baixo;0,001;False;0,0;;True;True
Lojas de departamentos ou magazines, exceto lojas francas (Duty free);"G - Comércio; reparação de veículos";Agricolândia;Baixo-Baixo;0,001;False;0,0;;True;False
Lojas de departamentos ou magazines, exceto lojas francas (Duty free);"G - Comércio; reparação de veículos";Água Branca;Alto-Baixo;0,001;True;16,488;T3;True;False
Lojas de departamentos ou magazines, exceto lojas francas (Duty free);"G - Comércio; reparação de veículos";Alegrete do Piauí;Baixo-Baixo;0,001;False;0,0;;True;False
Lojas de departamentos ou magazines, exceto lojas francas (Duty free);"G - Comércio; reparação de veículos";Bela Vista do Piauí;Baixo-Baixo;0,001;False;0,0;;True;False
Lojas de departamentos ou magazines, exceto lojas francas (Duty free);"G - Comércio; reparação de veículos";Betânia do Piauí;Baixo-Baixo;0,001;False;0,0;;True;False
Lojas de departamentos ou magazines, exceto lojas francas (Duty free);"G - Comércio; reparação de veículos";Bocaina;Baixo-Baixo;0,001;False;0,0;;True;False
Lojas de departamentos ou magazines, exceto lojas francas (Duty free);"G - Comércio; reparação de veículos";Buriti dos Lopes;Baixo-Baixo;0,001;False;0,0;T3,T7;True;False
Lojas de departamentos ou magazines, exceto lojas francas (Duty free);"G - Comércio; reparação de veículos";Caraúbas do Piauí;Baixo-Baixo;0,001;False;0,0;;True;False
Lojas de departamentos ou magazines, exceto lojas francas (Duty free);"G - Comércio; reparação de veículos";Castelo do Piauí;Alto-Baixo;0,001;True;8,8816;T1,T2;True;False
Lojas de departamentos ou magazines, exceto lojas francas (Duty free);"G - Comércio; reparação de veículos";Cocal dos Alves;Baixo-Baixo;0,001;False;0,0;;True;False
Lojas de departamentos ou magazines, exceto lojas francas (Duty free);"G - Comércio; reparação de veículos";Coivaras;Baixo-Alto;0,007;False;0,0;;True;True
Lojas de departamentos ou magazines, exceto lojas francas (Duty free);"G - Comércio; reparação de veículos";Conceição do Canindé;Baixo-Baixo;0,001;False;0,0;;True;True
Lojas de departamentos ou magazines, exceto lojas francas (Duty free);"G - Comércio; reparação de veículos";Cristino Castro;Baixo-Baixo;0,001;False;0,0;T3;True;False
Lojas de departamentos ou magazines, exceto lojas francas (Duty free);"G - Comércio; reparação de veículos";Currais;Baixo-Baixo;0,001;False;0,0;;True;False
Lojas de departamentos ou magazines, exceto lojas francas (Duty free);"G - Comércio; reparação de veículos";Fartura do Piauí;Baixo-Alto;0,046;False;0,0;;False;False
Lojas de departamentos ou magazines, exceto lojas francas (Duty free);"G - Comércio; reparação de veículos";Floriano;Baixo-Alto;0,026;False;0,0;T7;False;False
Lojas de departamentos ou magazines, exceto lojas francas (Duty free);"G - Comércio; reparação de veículos";Gilbués;Alto-Baixo;0,001;True;4,902;T1,T2;True;False
Lojas de departamentos ou magazines, exceto lojas francas (Duty free);"G - Comércio; reparação de veículos";Guadalupe;Alto-Baixo;0,001;True;6,4376;T2;True;False
Lojas de departamentos ou magazines, exceto lojas francas (Duty free);"G - Comércio; reparação de veículos";Inhuma;Alto-Alto;0,036;True;0,5935;T3;False;False
Lojas de departamentos ou magazines, exceto lojas francas (Duty free);"G - Comércio; reparação de veículos";Jacobina do Piauí;Baixo-Baixo;0,001;False;0,0;;True;True
Lojas de departamentos ou magazines, exceto lojas francas (Duty free);"G - Comércio; reparação de veículos";José de Freitas;Alto-Alto;0,003;True;7,1818;T1,T2;True;False
Lojas de departamentos ou magazines, exceto lojas francas (Duty free);"G - Comércio; reparação de veículos";Lagoa Alegre;Baixo-Alto;0,007;False;0,0;;True;True
Lojas de departamentos ou magazines, exceto lojas francas (Duty free);"G - Comércio; reparação de veículos";Landri Sales;Baixo-Baixo;0,001;False;0,0;;True;False
Lojas de departamentos ou magazines, exceto lojas francas (Duty free);"G - Comércio; reparação de veículos";Luís Correia;Alto-Baixo;0,001;True;3,9953;T2,T4;True;True
Lojas de departamentos ou magazines, exceto lojas francas (Duty free);"G - Comércio; reparação de veículos";Miguel Alves;Alto-Alto;0,041;True;4,6255;T2,T4;False;True
Lojas de departamentos ou magazines, exceto lojas francas (Duty free);"G - Comércio; reparação de veículos";Murici dos Portelas;Baixo-Baixo;0,001;False;0,0;;True;False
Lojas de departamentos ou magazines, exceto lojas francas (Duty free);"G - Comércio; reparação de veículos";Nazaré do Piauí;Baixo-Alto;0,036;False;0,0;;False;False
Lojas de departamentos ou magazines, exceto lojas francas (Duty free);"G - Comércio; reparação de veículos";Novo Oriente do Piauí;Baixo-Alto;0,011;False;0,0;;False;False
Lojas de departamentos ou magazines, exceto lojas francas (Duty free);"G - Comércio; reparação de veículos";Novo Santo Antônio;Baixo-Alto;0,025;False;0,0;;False;False
Lojas de departamentos ou magazines, exceto lojas francas (Duty free);"G - Comércio; reparação de veículos";Palmeira do Piauí;Baixo-Baixo;0,001;False;0,0;;True;False
Lojas de departamentos ou magazines, exceto lojas francas (Duty free);"G - Comércio; reparação de veículos";Pau D'Arco do Piauí;Baixo-Alto;0,021;False;0,0;;False;False
Lojas de departamentos ou magazines, exceto lojas francas (Duty free);"G - Comércio; reparação de veículos";Paulistana;Baixo-Baixo;0,001;False;0,0;T3,T7;True;False
Lojas de departamentos ou magazines, exceto lojas francas (Duty free);"G - Comércio; reparação de veículos";Pavussu;Baixo-Alto;0,047;False;0,0;;False;False
Lojas de departamentos ou magazines, exceto lojas francas (Duty free);"G - Comércio; reparação de veículos";Riacho Frio;Baixo-Alto;0,019;False;0,0;;False;False
Lojas de departamentos ou magazines, exceto lojas francas (Duty free);"G - Comércio; reparação de veículos";Santa Luz;Baixo-Baixo;0,001;False;0,0;;True;False
Lojas de departamentos ou magazines, exceto lojas francas (Duty free);"G - Comércio; reparação de veículos";Santo Inácio do Piauí;Baixo-Baixo;0,001;False;0,0;;True;False
Lojas de departamentos ou magazines, exceto lojas francas (Duty free);"G - Comércio; reparação de veículos";São Francisco de Assis do Piauí;Baixo-Baixo;0,001;False;0,0;;True;True
Lojas de departamentos ou magazines, exceto lojas francas (Duty free);"G - Comércio; reparação de veículos";São Francisco do Piauí;Baixo-Alto;0,023;False;0,0;;False;False
Lojas de departamentos ou magazines, exceto lojas francas (Duty free);"G - Comércio; reparação de veículos";São Lourenço do Piauí;Baixo-Alto;0,046;False;0,0;;False;False
Lojas de departamentos ou magazines, exceto lojas francas (Duty free);"G - Comércio; reparação de veículos";São Miguel da Baixa Grande;Baixo-Alto;0,039;False;0,0;;False;False
Lojas de departamentos ou magazines, exceto lojas francas (Duty free);"G - Comércio; reparação de veículos";São Miguel do Tapuio;Baixo-Alto;0,026;False;0,0;T3;False;False
Lojas de departamentos ou magazines, exceto lojas francas (Duty free);"G - Comércio; reparação de veículos";Sebastião Leal;Baixo-Baixo;0,001;False;0,0;;True;False
Lojas de departamentos ou magazines, exceto lojas francas (Duty free);"G - Comércio; reparação de veículos";Simplício Mendes;Baixo-Baixo;0,001;False;0,0;T3;True;False
Lojas de departamentos ou magazines, exceto lojas francas (Duty free);"G - Comércio; reparação de veículos";Sussuapara;Baixo-Baixo;0,001;False;0,0;;True;True
Lojas de departamentos ou magazines, exceto lojas francas (Duty free);"G - Comércio; reparação de veículos";Tanque do Piauí;Baixo-Alto;0,029;False;0,0;;False;False
Lojas de departamentos ou magazines, exceto lojas francas (Duty free);"G - Comércio; reparação de veículos";Teresina;Baixo-Alto;0,018;False;0,0;T3,T7;False;False
Lojas de departamentos ou magazines, exceto lojas francas (Duty free);"G - Comércio; reparação de veículos";Várzea Grande;Baixo-Alto;0,048;False;0,0;;False;False
Lojas de departamentos ou magazines, exceto lojas francas (Duty free);"G - Comércio; reparação de veículos";Vera Mendes;Baixo-Baixo;0,001;False;0,0;;True;True
Lojas de departamentos ou magazines, exceto lojas francas (Duty free);"G - Comércio; reparação de veículos";Vila Nova do Piauí;Baixo-Baixo;0,001;False;0,0;;True;True
Lojas de variedades, exceto lojas de departamentos ou magazines;"G - Comércio; reparação de veículos";Aroazes;Baixo-Alto;0,014;False;0,0;;False;False
Lojas de variedades, exceto lojas de departamentos ou magazines;"G - Comércio; reparação de veículos";Barras;Alto-Alto;0,018;True;3,0945;T1,T6;False;False
Lojas de variedades, exceto lojas de departamentos ou magazines;"G - Comércio; reparação de veículos";Batalha;Baixo-Alto;0,002;False;0,0;T7;True;True
Lojas de variedades, exceto lojas de departamentos ou magazines;"G - Comércio; reparação de veículos";Boa Hora;Baixo-Alto;0,011;False;0,0;;False;False
Lojas de variedades, exceto lojas de departamentos ou magazines;"G - Comércio; reparação de veículos";Brasileira;Baixo-Alto;0,011;False;0,0;;False;True
Lojas de variedades, exceto lojas de departamentos ou magazines;"G - Comércio; reparação de veículos";Campo Largo do Piauí;Baixo-Alto;0,046;False;0,0;;False;False
Lojas de variedades, exceto lojas de departamentos ou magazines;"G - Comércio; reparação de veículos";Caraúbas do Piauí;Baixo-Alto;0,016;False;0,0;;False;False
Lojas de variedades, exceto lojas de departamentos ou magazines;"G - Comércio; reparação de veículos";Domingos Mourão;Baixo-Alto;0,032;False;0,0;;False;False
Lojas de variedades, exceto lojas de departamentos ou magazines;"G - Comércio; reparação de veículos";Inhuma;Baixo-Alto;0,03;False;0,0;;False;False
Lojas de variedades, exceto lojas de departamentos ou magazines;"G - Comércio; reparação de veículos";Lagoa de São Francisco;Baixo-Alto;0,031;False;0,0;;False;False
Lojas de variedades, exceto lojas de departamentos ou magazines;"G - Comércio; reparação de veículos";Lagoa do Sítio;Baixo-Alto;0,021;False;0,0;;False;False
Lojas de variedades, exceto lojas de departamentos ou magazines;"G - Comércio; reparação de veículos";Novo Oriente do Piauí;Baixo-Alto;0,033;False;0,0;;False;False
Lojas de variedades, exceto lojas de departamentos ou magazines;"G - Comércio; reparação de veículos";Paulistana;Alto-Baixo;0,001;True;1,8656;T1,T7;True;False
Lojas de variedades, exceto lojas de departamentos ou magazines;"G - Comércio; reparação de veículos";Picos;Alto-Baixo;0,001;True;1,9293;T1,T3,T7;True;False
Lojas de variedades, exceto lojas de departamentos ou magazines;"G - Comércio; reparação de veículos";Pimenteiras;Baixo-Alto;0,016;False;0,0;;False;False
Lojas de variedades, exceto lojas de departamentos ou magazines;"G - Comércio; reparação de veículos";Valença do Piauí;Alto-Baixo;0,001;True;59,5416;T1;True;False
Obras de urbanização - ruas, praças e calçadas;F - Construção;Alegrete do Piauí;Baixo-Baixo;0,001;False;0,0;T8;True;False
Obras de urbanização - ruas, praças e calçadas;F - Construção;Altos;Alto-Alto;0,005;True;4,7135;T1,T7;True;True
Obras de urbanização - ruas, praças e calçadas;F - Construção;Alvorada do Gurguéia;Baixo-Baixo;0,001;False;0,0;;True;False
Obras de urbanização - ruas, praças e calçadas;F - Construção;Aroazes;Baixo-Baixo;0,001;False;0,0;;True;False
Obras de urbanização - ruas, praças e calçadas;F - Construção;Barras;Baixo-Alto;0,031;False;0,0;T6;False;False
Obras de urbanização - ruas, praças e calçadas;F - Construção;Batalha;Baixo-Alto;0,03;False;0,0;T7;False;False
Obras de urbanização - ruas, praças e calçadas;F - Construção;Belém do Piauí;Baixo-Baixo;0,001;False;0,0;;True;False
Obras de urbanização - ruas, praças e calçadas;F - Construção;Bom Jesus;Baixo-Baixo;0,001;False;0,0;T7;True;False
Obras de urbanização - ruas, praças e calçadas;F - Construção;Brejo do Piauí;Baixo-Baixo;0,001;False;0,0;T7;True;False
Obras de urbanização - ruas, praças e calçadas;F - Construção;Cabeceiras do Piauí;Baixo-Alto;0,034;False;0,0;;False;False
Obras de urbanização - ruas, praças e calçadas;F - Construção;Campo Alegre do Fidalgo;Baixo-Baixo;0,001;False;0,0;;True;False
Obras de urbanização - ruas, praças e calçadas;F - Construção;Campo Grande do Piauí;Baixo-Baixo;0,001;False;0,0;;True;False
Obras de urbanização - ruas, praças e calçadas;F - Construção;Caracol;Alto-Baixo;0,001;True;9,8428;T2;True;False
Obras de urbanização - ruas, praças e calçadas;F - Construção;Caraúbas do Piauí;Baixo-Baixo;0,001;False;0,0;;True;False
Obras de urbanização - ruas, praças e calçadas;F - Construção;Castelo do Piauí;Baixo-Baixo;0,001;False;0,0;T7;True;False
Obras de urbanização - ruas, praças e calçadas;F - Construção;Cocal;Baixo-Baixo;0,001;False;0,0;;True;False
Obras de urbanização - ruas, praças e calçadas;F - Construção;Coivaras;Baixo-Alto;0,026;False;0,0;T8;False;True
Obras de urbanização - ruas, praças e calçadas;F - Construção;Conceição do Canindé;Baixo-Baixo;0,001;False;0,0;;True;False
Obras de urbanização - ruas, praças e calçadas;F - Construção;Curimatá;Baixo-Baixo;0,001;False;0,0;T7;True;False
Obras de urbanização - ruas, praças e calçadas;F - Construção;Curralinhos;Baixo-Alto;0,044;False;0,0;;False;False
Obras de urbanização - ruas, praças e calçadas;F - Construção;Demerval Lobão;Baixo-Alto;0,025;False;0,0;T7;False;False
Obras de urbanização - ruas, praças e calçadas;F - Construção;Domingos Mourão;Baixo-Alto;0,048;False;0,0;;False;False
Obras de urbanização - ruas, praças e calçadas;F - Construção;Eliseu Martins;Baixo-Baixo;0,001;False;0,0;;True;False
Obras de urbanização - ruas, praças e calçadas;F - Construção;Esperantina;Alto-Baixo;0,001;True;4,9252;T1;True;False
Obras de urbanização - ruas, praças e calçadas;F - Construção;Floriano;Baixo-Baixo;0,001;False;0,0;;True;False
Obras de urbanização - ruas, praças e calçadas;F - Construção;Ilha Grande;Baixo-Alto;0,024;False;0,0;;False;False
Obras de urbanização - ruas, praças e calçadas;F - Construção;Isaías Coelho;Baixo-Baixo;0,001;False;0,0;T7;True;False
Obras de urbanização - ruas, praças e calçadas;F - Construção;Jacobina do Piauí;Baixo-Baixo;0,001;False;0,0;;True;False
Obras de urbanização - ruas, praças e calçadas;F - Construção;Jerumenha;Baixo-Baixo;0,001;False;0,0;;True;False
Obras de urbanização - ruas, praças e calçadas;F - Construção;João Costa;Baixo-Baixo;0,001;False;0,0;;True;False
Obras de urbanização - ruas, praças e calçadas;F - Construção;José de Freitas;Baixo-Alto;0,001;False;0,0;T8;True;True
Obras de urbanização - ruas, praças e calçadas;F - Construção;Lagoa de São Francisco;Baixo-Alto;0,03;False;0,0;;False;False
Obras de urbanização - ruas, praças e calçadas;F - Construção;Lagoa do Piauí;Baixo-Alto;0,02;False;0,0;T7;False;False
Obras de urbanização - ruas, praças e calçadas;F - Construção;Landri Sales;Baixo-Baixo;0,001;False;0,0;T8;True;False
Obras de urbanização - ruas, praças e calçadas;F - Construção;Luzilândia;Baixo-Baixo;0,001;False;0,0;T8;True;False
Obras de urbanização - ruas, praças e calçadas;F - Construção;Manoel Emídio;Baixo-Baixo;0,001;False;0,0;;True;False
Obras de urbanização - ruas, praças e calçadas;F - Construção;Miguel Alves;Baixo-Alto;0,049;False;0,0;T8;False;False
Obras de urbanização - ruas, praças e calçadas;F - Construção;Miguel Leão;Baixo-Baixo;0,001;False;0,0;T8;True;False
Obras de urbanização - ruas, praças e calçadas;F - Construção;Nazária;Alto-Alto;0,014;True;19,882;T1;True;False
Obras de urbanização - ruas, praças e calçadas;F - Construção;Oeiras;Alto-Baixo;0,001;True;37,5179;T1,T2,T7;True;False
Obras de urbanização - ruas, praças e calçadas;F - Construção;Padre Marcos;Baixo-Baixo;0,001;False;0,0;;True;False
Obras de urbanização - ruas, praças e calçadas;F - Construção;Palmeira do Piauí;Baixo-Baixo;0,001;False;0,0;;True;False
Obras de urbanização - ruas, praças e calçadas;F - Construção;Palmeirais;Baixo-Alto;0,009;False;0,0;;True;False
Obras de urbanização - ruas, praças e calçadas;F - Construção;Paquetá;Alto-Baixo;0,001;True;16,239;T1;True;False
Obras de urbanização - ruas, praças e calçadas;F - Construção;Parnaíba;Alto-Baixo;0,001;True;23,8938;T1;True;False
Obras de urbanização - ruas, praças e calçadas;F - Construção;Passagem Franca do Piauí;Baixo-Baixo;0,001;False;0,0;T7;True;False
Obras de urbanização - ruas, praças e calçadas;F - Construção;Patos do Piauí;Baixo-Baixo;0,001;False;0,0;T7;True;False
Obras de urbanização - ruas, praças e calçadas;F - Construção;Pau D'Arco do Piauí;Baixo-Alto;0,016;False;0,0;;True;False
Obras de urbanização - ruas, praças e calçadas;F - Construção;Paulistana;Baixo-Baixo;0,001;False;0,0;T7;True;False
Obras de urbanização - ruas, praças e calçadas;F - Construção;Pio IX;Baixo-Baixo;0,001;False;0,0;T8;True;False
Obras de urbanização - ruas, praças e calçadas;F - Construção;Piripiri;Alto-Baixo;0,001;True;82,0431;T1;True;False
Obras de urbanização - ruas, praças e calçadas;F - Construção;Regeneração;Alto-Baixo;0,001;True;1,3046;T1;True;False
Obras de urbanização - ruas, praças e calçadas;F - Construção;Santa Cruz do Piauí;Baixo-Alto;0,022;False;0,0;T7;False;False
Obras de urbanização - ruas, praças e calçadas;F - Construção;Santa Rosa do Piauí;Baixo-Alto;0,037;False;0,0;;False;False
Obras de urbanização - ruas, praças e calçadas;F - Construção;Santo Antônio de Lisboa;Baixo-Baixo;0,001;False;0,0;T7;True;False
Obras de urbanização - ruas, praças e calçadas;F - Construção;Santo Inácio do Piauí;Baixo-Baixo;0,001;False;0,0;;True;False
Obras de urbanização - ruas, praças e calçadas;F - Construção;São Gonçalo do Piauí;Baixo-Baixo;0,001;False;0,0;;True;False
Obras de urbanização - ruas, praças e calçadas;F - Construção;São João da Canabrava;Baixo-Baixo;0,001;False;0,0;;True;False
Obras de urbanização - ruas, praças e calçadas;F - Construção;São João da Varjota;Baixo-Alto;0,011;False;0,0;T7;True;False
Obras de urbanização - ruas, praças e calçadas;F - Construção;São João do Piauí;Baixo-Baixo;0,001;False;0,0;;True;False
Obras de urbanização - ruas, praças e calçadas;F - Construção;São José do Peixe;Baixo-Baixo;0,001;False;0,0;;True;False
Obras de urbanização - ruas, praças e calçadas;F - Construção;São José do Piauí;Baixo-Baixo;0,001;False;0,0;;True;False
Obras de urbanização - ruas, praças e calçadas;F - Construção;São Miguel da Baixa Grande;Baixo-Baixo;0,001;False;0,0;;True;False
Obras de urbanização - ruas, praças e calçadas;F - Construção;São Miguel do Fidalgo;Baixo-Baixo;0,001;False;0,0;;True;False
Obras de urbanização - ruas, praças e calçadas;F - Construção;São Miguel do Tapuio;Baixo-Baixo;0,001;False;0,0;T7;True;False
Obras de urbanização - ruas, praças e calçadas;F - Construção;São Pedro do Piauí;Baixo-Baixo;0,001;False;0,0;T7,T8;True;False
Obras de urbanização - ruas, praças e calçadas;F - Construção;São Raimundo Nonato;Baixo-Baixo;0,001;False;0,0;T7;True;False
Obras de urbanização - ruas, praças e calçadas;F - Construção;Sebastião Leal;Baixo-Baixo;0,001;False;0,0;;True;False
Obras de urbanização - ruas, praças e calçadas;F - Construção;Simões;Baixo-Baixo;0,001;False;0,0;;True;False
Obras de urbanização - ruas, praças e calçadas;F - Construção;Simplício Mendes;Baixo-Baixo;0,001;False;0,0;;True;False
Obras de urbanização - ruas, praças e calçadas;F - Construção;Socorro do Piauí;Baixo-Baixo;0,001;False;0,0;;True;False
Obras de urbanização - ruas, praças e calçadas;F - Construção;Sussuapara;Baixo-Baixo;0,001;False;0,0;;True;False
Obras de urbanização - ruas, praças e calçadas;F - Construção;Teresina;Alto-Alto;0,015;True;227,3103;T1;False;True
Obras de urbanização - ruas, praças e calçadas;F - Construção;União;Alto-Alto;0,001;True;6,7892;T1,T7;True;True
Obras de urbanização - ruas, praças e calçadas;F - Construção;Valença do Piauí;Baixo-Baixo;0,001;False;0,0;T7;True;False
Obras de urbanização - ruas, praças e calçadas;F - Construção;Vila Nova do Piauí;Baixo-Baixo;0,001;False;0,0;;True;False
Padaria e confeitaria com predominância de revenda;I - Alojamento e alimentação;Água Branca;Alto-Baixo;0,001;True;43,0274;T1;True;False
Padaria e confeitaria com predominância de revenda;I - Alojamento e alimentação;Altos;Baixo-Alto;0,004;False;0,0;T3,T7;True;True
Padaria e confeitaria com predominância de revenda;I - Alojamento e alimentação;Amarante;Alto-Baixo;0,001;True;5,6807;T2;True;False
Padaria e confeitaria com predominância de revenda;I - Alojamento e alimentação;Barras;Alto-Alto;0,017;True;0,9987;T3,T6;False;False
Padaria e confeitaria com predominância de revenda;I - Alojamento e alimentação;Bom Princípio do Piauí;Baixo-Alto;0,043;False;0,0;;False;False
Padaria e confeitaria com predominância de revenda;I - Alojamento e alimentação;Cabeceiras do Piauí;Alto-Alto;0,01;True;1,7794;T3,T7;False;False
Padaria e confeitaria com predominância de revenda;I - Alojamento e alimentação;Demerval Lobão;Alto-Alto;0,044;True;30,9318;T1;False;False
Padaria e confeitaria com predominância de revenda;I - Alojamento e alimentação;Dirceu Arcoverde;Baixo-Alto;0,022;False;0,0;T7;False;False
Padaria e confeitaria com predominância de revenda;I - Alojamento e alimentação;Ipiranga do Piauí;Baixo-Alto;0,04;False;0,0;;False;False
Padaria e confeitaria com predominância de revenda;I - Alojamento e alimentação;Jaicós;Alto-Baixo;0,001;True;3,0695;T1,T3,T7;True;True
Padaria e confeitaria com predominância de revenda;I - Alojamento e alimentação;José de Freitas;Alto-Alto;0,001;True;53,3324;T1,T2,T3;True;True
Padaria e confeitaria com predominância de revenda;I - Alojamento e alimentação;Lagoa Alegre;Alto-Alto;0,001;True;2,0823;T3,T7;True;True
Padaria e confeitaria com predominância de revenda;I - Alojamento e alimentação;Lagoa de São Francisco;Baixo-Alto;0,036;False;0,0;;False;False
Padaria e confeitaria com predominância de revenda;I - Alojamento e alimentação;Lagoa do Piauí;Baixo-Alto;0,009;False;0,0;;False;False
Padaria e confeitaria com predominância de revenda;I - Alojamento e alimentação;Miguel Alves;Alto-Alto;0,042;True;30,7635;T1,T2;False;False
Padaria e confeitaria com predominância de revenda;I - Alojamento e alimentação;Nazária;Baixo-Alto;0,012;False;0,0;T7;False;False
Padaria e confeitaria com predominância de revenda;I - Alojamento e alimentação;Novo Oriente do Piauí;Baixo-Alto;0,032;False;0,0;;False;False
Padaria e confeitaria com predominância de revenda;I - Alojamento e alimentação;Palmeirais;Baixo-Alto;0,048;False;0,0;;False;False
Padaria e confeitaria com predominância de revenda;I - Alojamento e alimentação;Pau D'Arco do Piauí;Baixo-Alto;0,014;False;0,0;;False;False
Padaria e confeitaria com predominância de revenda;I - Alojamento e alimentação;Pio IX;Alto-Baixo;0,001;True;5,8319;T2,T8;True;False
Padaria e confeitaria com predominância de revenda;I - Alojamento e alimentação;Queimada Nova;Alto-Baixo;0,001;True;11,7355;T2;True;True
Padaria e confeitaria com predominância de revenda;I - Alojamento e alimentação;Ribeiro Gonçalves;Baixo-Alto;0,031;False;0,0;;False;False
Padaria e confeitaria com predominância de revenda;I - Alojamento e alimentação;São Lourenço do Piauí;Alto-Alto;0,013;True;3,6098;T1,T4,T7;False;False
Padaria e confeitaria com predominância de revenda;I - Alojamento e alimentação;Teresina;Alto-Alto;0,005;True;156,1841;T1,T7;False;False
Padaria e confeitaria com predominância de revenda;I - Alojamento e alimentação;União;Alto-Alto;0,001;True;40,3681;T1,T3;True;True
Promoção de vendas;M - Atividades profissionais, científicas e técnicas;Altos;Alto-Alto;0,002;True;102,3529;T1,T7;True;True
Promoção de vendas;M - Atividades profissionais, científicas e técnicas;Bom Princípio do Piauí;Baixo-Alto;0,041;False;0,0;;False;False
Promoção de vendas;M - Atividades profissionais, científicas e técnicas;Cajueiro da Praia;Baixo-Baixo;0,046;False;0,0;;False;False
Promoção de vendas;M - Atividades profissionais, científicas e técnicas;Campo Maior;Alto-Alto;0,017;True;1,5227;T5,T7;False;False
Promoção de vendas;M - Atividades profissionais, científicas e técnicas;Coivaras;Baixo-Alto;0,021;False;0,0;;False;True
Promoção de vendas;M - Atividades profissionais, científicas e técnicas;Curralinhos;Baixo-Alto;0,015;False;0,0;;False;False
Promoção de vendas;M - Atividades profissionais, científicas e técnicas;Demerval Lobão;Baixo-Alto;0,009;False;0,0;T7;False;True
Promoção de vendas;M - Atividades profissionais, científicas e técnicas;Elesbão Veloso;Baixo-Baixo;0,001;False;0,0;;True;False
Promoção de vendas;M - Atividades profissionais, científicas e técnicas;Ilha Grande;Baixo-Alto;0,009;False;0,0;;False;True
Promoção de vendas;M - Atividades profissionais, científicas e técnicas;José de Freitas;Alto-Alto;0,002;True;31,2753;T2;True;True
Promoção de vendas;M - Atividades profissionais, científicas e técnicas;Lagoa de São Francisco;Baixo-Alto;0,046;False;0,0;;False;False
Promoção de vendas;M - Atividades profissionais, científicas e técnicas;Lagoa do Piauí;Baixo-Alto;0,01;False;0,0;;False;False
Promoção de vendas;M - Atividades profissionais, científicas e técnicas;Luís Correia;Baixo-Alto;0,04;False;0,0;;False;False
Promoção de vendas;M - Atividades profissionais, científicas e técnicas;Monsenhor Gil;Baixo-Alto;0,022;False;0,0;;False;False
Promoção de vendas;M - Atividades profissionais, científicas e técnicas;Nazária;Baixo-Alto;0,012;False;0,0;;False;False
Promoção de vendas;M - Atividades profissionais, científicas e técnicas;Palmeirais;Baixo-Alto;0,018;False;0,0;;False;False
Promoção de vendas;M - Atividades profissionais, científicas e técnicas;Parnaíba;Alto-Baixo;0,001;True;98,9666;T1,T7;True;False
Promoção de vendas;M - Atividades profissionais, científicas e técnicas;Pau D'Arco do Piauí;Baixo-Alto;0,003;False;0,0;;True;True
Promoção de vendas;M - Atividades profissionais, científicas e técnicas;Paulistana;Alto-Baixo;0,001;True;0,3085;T5;True;True
Promoção de vendas;M - Atividades profissionais, científicas e técnicas;Pimenteiras;Baixo-Baixo;0,001;False;0,0;;True;False
Promoção de vendas;M - Atividades profissionais, científicas e técnicas;Piripiri;Alto-Baixo;0,001;True;15,1003;T1;True;False
Promoção de vendas;M - Atividades profissionais, científicas e técnicas;São João do Piauí;Alto-Baixo;0,001;True;1,194;T1;True;True
Promoção de vendas;M - Atividades profissionais, científicas e técnicas;Teresina;Alto-Alto;0,007;True;298,3587;T1,T5,T7;False;True
Promoção de vendas;M - Atividades profissionais, científicas e técnicas;União;Alto-Alto;0,001;True;0,3116;T5,T7;True;True
Provedores de acesso às redes de comunicações;J - Informação e comunicação;Agricolândia;Alto-Baixo;0,001;True;5,1548;T1;True;False
Provedores de acesso às redes de comunicações;J - Informação e comunicação;Altos;Baixo-Alto;0,004;False;0,0;T7;False;True
Provedores de acesso às redes de comunicações;J - Informação e comunicação;Batalha;Baixo-Alto;0,012;False;0,0;;False;False
Provedores de acesso às redes de comunicações;J - Informação e comunicação;Brasileira;Baixo-Alto;0,008;False;0,0;;False;True
Provedores de acesso às redes de comunicações;J - Informação e comunicação;Buriti dos Lopes;Baixo-Alto;0,033;False;0,0;;False;True
Provedores de acesso às redes de comunicações;J - Informação e comunicação;Cabeceiras do Piauí;Baixo-Alto;0,043;False;0,0;;False;False
Provedores de acesso às redes de comunicações;J - Informação e comunicação;Cajueiro da Praia;Baixo-Baixo;0,049;False;0,0;T7;False;False
Provedores de acesso às redes de comunicações;J - Informação e comunicação;Campo Maior;Alto-Baixo;0,001;True;55,5603;T1,T3;True;False
Provedores de acesso às redes de comunicações;J - Informação e comunicação;Cocal de Telha;Baixo-Alto;0,036;False;0,0;;False;False
Provedores de acesso às redes de comunicações;J - Informação e comunicação;Coivaras;Baixo-Alto;0,025;False;0,0;;False;True
Provedores de acesso às redes de comunicações;J - Informação e comunicação;Domingos Mourão;Baixo-Alto;0,047;False;0,0;;False;False
Provedores de acesso às redes de comunicações;J - Informação e comunicação;Ilha Grande;Baixo-Alto;0,04;False;0,0;;False;False
Provedores de acesso às redes de comunicações;J - Informação e comunicação;Jatobá do Piauí;Baixo-Alto;0,025;False;0,0;;False;True
Provedores de acesso às redes de comunicações;J - Informação e comunicação;José de Freitas;Baixo-Alto;0,004;False;0,0;;False;False
Provedores de acesso às redes de comunicações;J - Informação e comunicação;Lagoa de São Francisco;Baixo-Alto;0,015;False;0,0;;False;False
Provedores de acesso às redes de comunicações;J - Informação e comunicação;Lagoinha do Piauí;Baixo-Alto;0,037;False;0,0;;False;True
Provedores de acesso às redes de comunicações;J - Informação e comunicação;Nazária;Baixo-Alto;0,04;False;0,0;;False;False
Provedores de acesso às redes de comunicações;J - Informação e comunicação;Nossa Senhora de Nazaré;Baixo-Alto;0,026;False;0,0;;False;True
Provedores de acesso às redes de comunicações;J - Informação e comunicação;Novo Santo Antônio;Baixo-Alto;0,038;False;0,0;;False;False
Provedores de acesso às redes de comunicações;J - Informação e comunicação;Oeiras;Baixo-Baixo;0,001;False;0,0;T7;True;False
Provedores de acesso às redes de comunicações;J - Informação e comunicação;Parnaíba;Alto-Baixo;0,001;True;3,2431;T3,T7;True;False
Provedores de acesso às redes de comunicações;J - Informação e comunicação;Sigefredo Pacheco;Baixo-Alto;0,039;False;0,0;;False;True
Restaurantes e similares;I - Alojamento e alimentação;Alegrete do Piauí;Baixo-Baixo;0,001;False;0,0;;True;False
Restaurantes e similares;I - Alojamento e alimentação;Altos;Alto-Alto;0,002;True;82,171;T1;True;True
Restaurantes e similares;I - Alojamento e alimentação;Alvorada do Gurguéia;Baixo-Alto;0,043;False;0,0;;False;False
Restaurantes e similares;I - Alojamento e alimentação;Batalha;Baixo-Alto;0,047;False;0,0;T7;False;False
Restaurantes e similares;I - Alojamento e alimentação;Belém do Piauí;Baixo-Baixo;0,001;False;0,0;;True;False
Restaurantes e similares;I - Alojamento e alimentação;Bocaina;Alto-Baixo;0,001;True;3,792;T2;True;False
Restaurantes e similares;I - Alojamento e alimentação;Bom Princípio do Piauí;Baixo-Alto;0,009;False;0,0;;False;False
Restaurantes e similares;I - Alojamento e alimentação;Cajueiro da Praia;Alto-Alto;0,03;True;363,5607;T1;False;True
Restaurantes e similares;I - Alojamento e alimentação;Campo Grande do Piauí;Baixo-Baixo;0,001;False;0,0;;True;False
Restaurantes e similares;I - Alojamento e alimentação;Canto do Buriti;Alto-Baixo;0,001;True;51,7324;T1;True;False
Restaurantes e similares;I - Alojamento e alimentação;Castelo do Piauí;Baixo-Baixo;0,001;False;0,0;;True;False
Restaurantes e similares;I - Alojamento e alimentação;Colônia do Piauí;Baixo-Baixo;0,001;False;0,0;;True;False
Restaurantes e similares;I - Alojamento e alimentação;Conceição do Canindé;Baixo-Baixo;0,001;False;0,0;;True;False
Restaurantes e similares;I - Alojamento e alimentação;Corrente;Alto-Baixo;0,001;True;45,2648;T1,T3;True;False
Restaurantes e similares;I - Alojamento e alimentação;Cristino Castro;Alto-Baixo;0,001;True;9,2328;T1,T7;True;False
Restaurantes e similares;I - Alojamento e alimentação;Curimatá;Baixo-Baixo;0,001;False;0,0;T7;True;False
Restaurantes e similares;I - Alojamento e alimentação;Domingos Mourão;Baixo-Alto;0,032;False;0,0;;False;False
Restaurantes e similares;I - Alojamento e alimentação;Esperantina;Alto-Baixo;0,001;True;22,6328;T1,T7;True;False
Restaurantes e similares;I - Alojamento e alimentação;Guaribas;Baixo-Alto;0,041;False;0,0;;False;False
Restaurantes e similares;I - Alojamento e alimentação;Ilha Grande;Baixo-Alto;0,01;False;0,0;T7;False;True
Restaurantes e similares;I - Alojamento e alimentação;José de Freitas;Alto-Alto;0,002;True;41,17;T1,T2;True;False
Restaurantes e similares;I - Alojamento e alimentação;Lagoa de São Francisco;Baixo-Alto;0,003;False;0,0;;True;True
Restaurantes e similares;I - Alojamento e alimentação;Lagoa do Piauí;Baixo-Alto;0,025;False;0,0;T7;False;False
Restaurantes e similares;I - Alojamento e alimentação;Lagoinha do Piauí;Alto-Baixo;0,001;True;17,0196;T2,T7;True;False
Restaurantes e similares;I - Alojamento e alimentação;Luís Correia;Alto-Alto;0,006;True;219,2101;T2;True;True
Restaurantes e similares;I - Alojamento e alimentação;Luzilândia;Alto-Baixo;0,001;True;15,6059;T2;True;False
Restaurantes e similares;I - Alojamento e alimentação;Nazária;Alto-Alto;0,009;True;9,6774;T1;False;False
Restaurantes e similares;I - Alojamento e alimentação;Palmeirais;Baixo-Alto;0,019;False;0,0;;False;False
Restaurantes e similares;I - Alojamento e alimentação;Pau D'Arco do Piauí;Baixo-Alto;0,011;False;0,0;;False;False
Restaurantes e similares;I - Alojamento e alimentação;Picos;Alto-Baixo;0,001;True;441,7791;T1;True;True
Restaurantes e similares;I - Alojamento e alimentação;Pio IX;Baixo-Baixo;0,001;False;0,0;;True;False
Restaurantes e similares;I - Alojamento e alimentação;Piracuruca;Alto-Baixo;0,001;True;20,9126;T1,T7;True;False
Restaurantes e similares;I - Alojamento e alimentação;Santo Inácio do Piauí;Baixo-Baixo;0,001;False;0,0;;True;False
Restaurantes e similares;I - Alojamento e alimentação;São Gonçalo do Piauí;Baixo-Baixo;0,001;False;0,0;;True;False
Restaurantes e similares;I - Alojamento e alimentação;São Miguel da Baixa Grande;Baixo-Baixo;0,001;False;0,0;;True;False
Restaurantes e similares;I - Alojamento e alimentação;São Miguel do Fidalgo;Baixo-Baixo;0,001;False;0,0;;True;False
Restaurantes e similares;I - Alojamento e alimentação;São Raimundo Nonato;Alto-Baixo;0,001;True;45,0427;T1,T7;True;False
Restaurantes e similares;I - Alojamento e alimentação;Teresina;Alto-Alto;0,027;True;4190,7259;T1,T3;False;False
Restaurantes e similares;I - Alojamento e alimentação;União;Alto-Alto;0,009;True;14,2161;T1,T7;False;True
Restaurantes e similares;I - Alojamento e alimentação;Valença do Piauí;Alto-Baixo;0,001;True;60,1507;T1;True;False
Restaurantes e similares;I - Alojamento e alimentação;Vila Nova do Piauí;Baixo-Baixo;0,001;False;0,0;;True;False
Serviços advocatícios;M - Atividades profissionais, científicas e técnicas;Altos;Baixo-Alto;0,015;False;0,0;T7;False;False
Serviços advocatícios;M - Atividades profissionais, científicas e técnicas;Baixa Grande do Ribeiro;Baixo-Alto;0,018;False;0,0;T7;False;False
Serviços advocatícios;M - Atividades profissionais, científicas e técnicas;Bom Princípio do Piauí;Baixo-Alto;0,035;False;0,0;;False;False
Serviços advocatícios;M - Atividades profissionais, científicas e técnicas;Capitão de Campos;Baixo-Alto;0,035;False;0,0;;False;False
Serviços advocatícios;M - Atividades profissionais, científicas e técnicas;Cristalândia do Piauí;Baixo-Alto;0,038;False;0,0;;False;False
Serviços advocatícios;M - Atividades profissionais, científicas e técnicas;Demerval Lobão;Baixo-Alto;0,013;False;0,0;;False;False
Serviços advocatícios;M - Atividades profissionais, científicas e técnicas;Domingos Mourão;Baixo-Alto;0,013;False;0,0;;False;False
Serviços advocatícios;M - Atividades profissionais, científicas e técnicas;Ilha Grande;Baixo-Alto;0,01;False;0,0;;False;False
Serviços advocatícios;M - Atividades profissionais, científicas e técnicas;João Costa;Baixo-Alto;0,03;False;0,0;;False;False
Serviços advocatícios;M - Atividades profissionais, científicas e técnicas;José de Freitas;Baixo-Alto;0,021;False;0,0;T7;False;False
Serviços advocatícios;M - Atividades profissionais, científicas e técnicas;Lagoa de São Francisco;Baixo-Alto;0,005;False;0,0;;False;False
Serviços advocatícios;M - Atividades profissionais, científicas e técnicas;Lagoa do Piauí;Baixo-Alto;0,027;False;0,0;;False;False
Serviços advocatícios;M - Atividades profissionais, científicas e técnicas;Luís Correia;Baixo-Alto;0,035;False;0,0;;False;False
Serviços advocatícios;M - Atividades profissionais, científicas e técnicas;Monte Alegre do Piauí;Baixo-Alto;0,013;False;0,0;;False;False
Serviços advocatícios;M - Atividades profissionais, científicas e técnicas;Nazária;Baixo-Alto;0,005;False;0,0;;False;False
Serviços advocatícios;M - Atividades profissionais, científicas e técnicas;Palmeirais;Baixo-Alto;0,012;False;0,0;;False;False
Serviços advocatícios;M - Atividades profissionais, científicas e técnicas;Parnaíba;Alto-Baixo;0,001;True;66,0716;T1;True;True
Serviços advocatícios;M - Atividades profissionais, científicas e técnicas;Riacho Frio;Baixo-Alto;0,048;False;0,0;;False;False
Serviços advocatícios;M - Atividades profissionais, científicas e técnicas;Santa Rosa do Piauí;Alto-Baixo;0,001;True;12,7616;T6;True;False
Serviços advocatícios;M - Atividades profissionais, científicas e técnicas;São Gonçalo do Gurguéia;Baixo-Alto;0,015;False;0,0;;False;True
Serviços advocatícios;M - Atividades profissionais, científicas e técnicas;União;Baixo-Alto;0,018;False;0,0;;False;False
Serviços advocatícios;M - Atividades profissionais, científicas e técnicas;Valença do Piauí;Alto-Baixo;0,001;True;7,0692;T1,T3;True;False
Serviços combinados de escritório e apoio administrativo;N - Atividades administrativas e serviços complementares;Água Branca;Alto-Baixo;0,001;True;7,1809;T1;True;False
Serviços combinados de escritório e apoio administrativo;N - Atividades administrativas e serviços complementares;Alegrete do Piauí;Baixo-Baixo;0,001;False;0,0;;True;False
Serviços combinados de escritório e apoio administrativo;N - Atividades administrativas e serviços complementares;Altos;Alto-Alto;0,028;True;1,4808;T1,T7;False;False
Serviços combinados de escritório e apoio administrativo;N - Atividades administrativas e serviços complementares;Angical do Piauí;Baixo-Baixo;0,001;False;0,0;;True;False
Serviços combinados de escritório e apoio administrativo;N - Atividades administrativas e serviços complementares;Aroazes;Baixo-Baixo;0,001;False;0,0;;True;False
Serviços combinados de escritório e apoio administrativo;N - Atividades administrativas e serviços complementares;Arraial;Baixo-Baixo;0,001;False;0,0;;True;False
Serviços combinados de escritório e apoio administrativo;N - Atividades administrativas e serviços complementares;Batalha;Baixo-Baixo;0,001;False;0,0;;True;False
Serviços combinados de escritório e apoio administrativo;N - Atividades administrativas e serviços complementares;Belém do Piauí;Baixo-Baixo;0,001;False;0,0;;True;False
Serviços combinados de escritório e apoio administrativo;N - Atividades administrativas e serviços complementares;Beneditinos;Baixo-Baixo;0,001;False;0,0;;True;False
Serviços combinados de escritório e apoio administrativo;N - Atividades administrativas e serviços complementares;Bom Princípio do Piauí;Baixo-Alto;0,022;False;0,0;;False;False
Serviços combinados de escritório e apoio administrativo;N - Atividades administrativas e serviços complementares;Buriti dos Lopes;Baixo-Alto;0,046;False;0,0;;False;True
Serviços combinados de escritório e apoio administrativo;N - Atividades administrativas e serviços complementares;Cajueiro da Praia;Alto-Baixo;0,001;True;31,3105;T1;True;False
Serviços combinados de escritório e apoio administrativo;N - Atividades administrativas e serviços complementares;Campo Alegre do Fidalgo;Baixo-Baixo;0,001;False;0,0;;True;False
Serviços combinados de escritório e apoio administrativo;N - Atividades administrativas e serviços complementares;Campo Grande do Piauí;Baixo-Baixo;0,001;False;0,0;;True;False
Serviços combinados de escritório e apoio administrativo;N - Atividades administrativas e serviços complementares;Canavieira;Baixo-Baixo;0,001;False;0,0;;True;False
Serviços combinados de escritório e apoio administrativo;N - Atividades administrativas e serviços complementares;Caraúbas do Piauí;Baixo-Baixo;0,001;False;0,0;;True;False
Serviços combinados de escritório e apoio administrativo;N - Atividades administrativas e serviços complementares;Castelo do Piauí;Baixo-Baixo;0,001;False;0,0;;True;False
Serviços combinados de escritório e apoio administrativo;N - Atividades administrativas e serviços complementares;Cocal;Baixo-Baixo;0,001;False;0,0;T7;True;False
Serviços combinados de escritório e apoio administrativo;N - Atividades administrativas e serviços complementares;Colônia do Piauí;Baixo-Baixo;0,001;False;0,0;;True;False
Serviços combinados de escritório e apoio administrativo;N - Atividades administrativas e serviços complementares;Conceição do Canindé;Baixo-Baixo;0,001;False;0,0;;True;False
Serviços combinados de escritório e apoio administrativo;N - Atividades administrativas e serviços complementares;Curimatá;Baixo-Baixo;0,001;False;0,0;;True;False
Serviços combinados de escritório e apoio administrativo;N - Atividades administrativas e serviços complementares;Curralinhos;Alto-Alto;0,035;True;0,8303;T3;False;False
Serviços combinados de escritório e apoio administrativo;N - Atividades administrativas e serviços complementares;Demerval Lobão;Baixo-Alto;0,007;False;0,0;;True;False
Serviços combinados de escritório e apoio administrativo;N - Atividades administrativas e serviços complementares;Dom Expedito Lopes;Baixo-Alto;0,036;False;0,0;;False;False
Serviços combinados de escritório e apoio administrativo;N - Atividades administrativas e serviços complementares;Esperantina;Baixo-Baixo;0,001;False;0,0;T7;True;False
Serviços combinados de escritório e apoio administrativo;N - Atividades administrativas e serviços complementares;Floriano;Alto-Baixo;0,001;True;122,6994;T1;True;False
Serviços combinados de escritório e apoio administrativo;N - Atividades administrativas e serviços complementares;Francisco Santos;Baixo-Baixo;0,001;False;0,0;;True;False
Serviços combinados de escritório e apoio administrativo;N - Atividades administrativas e serviços complementares;Ilha Grande;Alto-Alto;0,01;True;128,5909;T1;True;True
Serviços combinados de escritório e apoio administrativo;N - Atividades administrativas e serviços complementares;Inhuma;Baixo-Baixo;0,001;False;0,0;;True;False
Serviços combinados de escritório e apoio administrativo;N - Atividades administrativas e serviços complementares;Itainópolis;Baixo-Baixo;0,001;False;0,0;;True;False
Serviços combinados de escritório e apoio administrativo;N - Atividades administrativas e serviços complementares;Jacobina do Piauí;Baixo-Baixo;0,001;False;0,0;;True;False
Serviços combinados de escritório e apoio administrativo;N - Atividades administrativas e serviços complementares;Jaicós;Baixo-Baixo;0,001;False;0,0;;True;False
Serviços combinados de escritório e apoio administrativo;N - Atividades administrativas e serviços complementares;Jardim do Mulato;Baixo-Baixo;0,001;False;0,0;;True;False
Serviços combinados de escritório e apoio administrativo;N - Atividades administrativas e serviços complementares;José de Freitas;Baixo-Alto;0,016;False;0,0;;False;False
Serviços combinados de escritório e apoio administrativo;N - Atividades administrativas e serviços complementares;Lagoa de São Francisco;Baixo-Alto;0,042;False;0,0;;False;False
Serviços combinados de escritório e apoio administrativo;N - Atividades administrativas e serviços complementares;Lagoa do Piauí;Baixo-Alto;0,011;False;0,0;;True;False
Serviços combinados de escritório e apoio administrativo;N - Atividades administrativas e serviços complementares;Landri Sales;Baixo-Baixo;0,001;False;0,0;;True;False
Serviços combinados de escritório e apoio administrativo;N - Atividades administrativas e serviços complementares;Luís Correia;Baixo-Alto;0,005;False;0,0;;True;True
Serviços combinados de escritório e apoio administrativo;N - Atividades administrativas e serviços complementares;Luzilândia;Baixo-Baixo;0,001;False;0,0;;True;False
Serviços combinados de escritório e apoio administrativo;N - Atividades administrativas e serviços complementares;Manoel Emídio;Baixo-Baixo;0,001;False;0,0;;True;False
Serviços combinados de escritório e apoio administrativo;N - Atividades administrativas e serviços complementares;Monsenhor Gil;Baixo-Alto;0,03;False;0,0;;False;False
Serviços combinados de escritório e apoio administrativo;N - Atividades administrativas e serviços complementares;Nazária;Baixo-Alto;0,003;False;0,0;;True;False
Serviços combinados de escritório e apoio administrativo;N - Atividades administrativas e serviços complementares;Nossa Senhora dos Remédios;Alto-Baixo;0,001;True;19,0364;T1;True;False
Serviços combinados de escritório e apoio administrativo;N - Atividades administrativas e serviços complementares;Oeiras;Baixo-Baixo;0,001;False;0,0;;True;False
Serviços combinados de escritório e apoio administrativo;N - Atividades administrativas e serviços complementares;Padre Marcos;Baixo-Baixo;0,001;False;0,0;;True;False
Serviços combinados de escritório e apoio administrativo;N - Atividades administrativas e serviços complementares;Palmeira do Piauí;Baixo-Baixo;0,001;False;0,0;;True;False
Serviços combinados de escritório e apoio administrativo;N - Atividades administrativas e serviços complementares;Palmeirais;Baixo-Alto;0,016;False;0,0;;False;False
Serviços combinados de escritório e apoio administrativo;N - Atividades administrativas e serviços complementares;Paquetá;Baixo-Alto;0,048;False;0,0;;False;False
Serviços combinados de escritório e apoio administrativo;N - Atividades administrativas e serviços complementares;Parnaíba;Alto-Alto;0,038;True;274,2454;T1,T5;False;True
Serviços combinados de escritório e apoio administrativo;N - Atividades administrativas e serviços complementares;Pau D'Arco do Piauí;Baixo-Alto;0,021;False;0,0;;False;False
Serviços combinados de escritório e apoio administrativo;N - Atividades administrativas e serviços complementares;Pedro II;Alto-Baixo;0,001;True;68,1538;T2;True;False
Serviços combinados de escritório e apoio administrativo;N - Atividades administrativas e serviços complementares;Picos;Alto-Baixo;0,001;True;273,9394;T1,T5;True;False
Serviços combinados de escritório e apoio administrativo;N - Atividades administrativas e serviços complementares;Pio IX;Baixo-Baixo;0,001;False;0,0;T8;True;False
Serviços combinados de escritório e apoio administrativo;N - Atividades administrativas e serviços complementares;Piracuruca;Baixo-Baixo;0,001;False;0,0;;True;False
Serviços combinados de escritório e apoio administrativo;N - Atividades administrativas e serviços complementares;Queimada Nova;Alto-Baixo;0,001;True;9,3922;T2;True;True
Serviços combinados de escritório e apoio administrativo;N - Atividades administrativas e serviços complementares;Regeneração;Baixo-Baixo;0,001;False;0,0;;True;False
Serviços combinados de escritório e apoio administrativo;N - Atividades administrativas e serviços complementares;Riacho Frio;Baixo-Baixo;0,001;False;0,0;;True;False
Serviços combinados de escritório e apoio administrativo;N - Atividades administrativas e serviços complementares;Ribeira do Piauí;Baixo-Baixo;0,001;False;0,0;;True;False
Serviços combinados de escritório e apoio administrativo;N - Atividades administrativas e serviços complementares;Santana do Piauí;Baixo-Alto;0,049;False;0,0;;False;False
Serviços combinados de escritório e apoio administrativo;N - Atividades administrativas e serviços complementares;Santo Antônio de Lisboa;Baixo-Baixo;0,001;False;0,0;;True;False
Serviços combinados de escritório e apoio administrativo;N - Atividades administrativas e serviços complementares;Santo Inácio do Piauí;Baixo-Baixo;0,001;False;0,0;;True;False
Serviços combinados de escritório e apoio administrativo;N - Atividades administrativas e serviços complementares;São João da Canabrava;Baixo-Baixo;0,001;False;0,0;;True;False
Serviços combinados de escritório e apoio administrativo;N - Atividades administrativas e serviços complementares;São José do Piauí;Baixo-Baixo;0,001;False;0,0;;True;False
Serviços combinados de escritório e apoio administrativo;N - Atividades administrativas e serviços complementares;São Miguel da Baixa Grande;Baixo-Baixo;0,001;False;0,0;;True;False
Serviços combinados de escritório e apoio administrativo;N - Atividades administrativas e serviços complementares;São Miguel do Fidalgo;Baixo-Baixo;0,001;False;0,0;;True;False
Serviços combinados de escritório e apoio administrativo;N - Atividades administrativas e serviços complementares;Sebastião Leal;Baixo-Baixo;0,001;False;0,0;T5;True;False
Serviços combinados de escritório e apoio administrativo;N - Atividades administrativas e serviços complementares;Sigefredo Pacheco;Baixo-Baixo;0,001;False;0,0;;True;False
Serviços combinados de escritório e apoio administrativo;N - Atividades administrativas e serviços complementares;Simões;Baixo-Baixo;0,001;False;0,0;;True;False
Serviços combinados de escritório e apoio administrativo;N - Atividades administrativas e serviços complementares;Socorro do Piauí;Baixo-Baixo;0,001;False;0,0;T7;True;False
Serviços combinados de escritório e apoio administrativo;N - Atividades administrativas e serviços complementares;Tanque do Piauí;Baixo-Baixo;0,001;False;0,0;;True;False
Serviços combinados de escritório e apoio administrativo;N - Atividades administrativas e serviços complementares;União;Baixo-Alto;0,009;False;0,0;;True;False
Serviços combinados de escritório e apoio administrativo;N - Atividades administrativas e serviços complementares;Uruçuí;Baixo-Baixo;0,001;False;0,0;T7;True;False
Serviços combinados de escritório e apoio administrativo;N - Atividades administrativas e serviços complementares;Valença do Piauí;Baixo-Baixo;0,001;False;0,0;T7;True;False
Serviços combinados de escritório e apoio administrativo;N - Atividades administrativas e serviços complementares;Vila Nova do Piauí;Baixo-Baixo;0,001;False;0,0;;True;False
Serviços de comunicação multimídia - SCM;J - Informação e comunicação;Altos;Baixo-Alto;0,036;False;0,0;T7;False;False
Serviços de comunicação multimídia - SCM;J - Informação e comunicação;Batalha;Alto-Alto;0,006;True;8,9656;T1;False;False
Serviços de comunicação multimídia - SCM;J - Informação e comunicação;Brejo do Piauí;Baixo-Alto;0,034;False;0,0;;False;False
Serviços de comunicação multimídia - SCM;J - Informação e comunicação;Campo Largo do Piauí;Baixo-Alto;0,025;False;0,0;;False;False
Serviços de comunicação multimídia - SCM;J - Informação e comunicação;Castelo do Piauí;Alto-Baixo;0,001;True;17,8045;T1;True;True
Serviços de comunicação multimídia - SCM;J - Informação e comunicação;Corrente;Alto-Baixo;0,001;True;53,0277;T1;True;True
Serviços de comunicação multimídia - SCM;J - Informação e comunicação;Fronteiras;Alto-Baixo;0,001;True;9,6025;T1;True;False
Serviços de comunicação multimídia - SCM;J - Informação e comunicação;Guadalupe;Alto-Baixo;0,001;True;6,6482;T6,T8;True;False
Serviços de comunicação multimídia - SCM;J - Informação e comunicação;Ilha Grande;Alto-Alto;0,013;True;3,3229;T3,T5;False;False
Serviços de comunicação multimídia - SCM;J - Informação e comunicação;Ipiranga do Piauí;Baixo-Alto;0,048;False;0,0;T8;False;False
Serviços de comunicação multimídia - SCM;J - Informação e comunicação;João Costa;Baixo-Alto;0,03;False;0,0;;False;False
Serviços de comunicação multimídia - SCM;J - Informação e comunicação;Lagoa de São Francisco;Baixo-Alto;0,024;True;0,406;T3;False;False
Serviços de comunicação multimídia - SCM;J - Informação e comunicação;Lagoa do Piauí;Baixo-Alto;0,011;False;0,0;;False;False
Serviços de comunicação multimídia - SCM;J - Informação e comunicação;Morro do Chapéu do Piauí;Baixo-Alto;0,029;False;0,0;;False;False
Serviços de comunicação multimídia - SCM;J - Informação e comunicação;Nazária;Baixo-Alto;0,014;False;0,0;;False;False
Serviços de comunicação multimídia - SCM;J - Informação e comunicação;Novo Oriente do Piauí;Baixo-Alto;0,028;False;0,0;;False;False
Serviços de comunicação multimídia - SCM;J - Informação e comunicação;Oeiras;Alto-Baixo;0,018;True;99,8724;T1,T2;False;False
Serviços de comunicação multimídia - SCM;J - Informação e comunicação;Pau D'Arco do Piauí;Baixo-Alto;0,022;False;0,0;;False;False
Serviços de comunicação multimídia - SCM;J - Informação e comunicação;Picos;Alto-Baixo;0,001;True;661,3104;T1,T3;True;False
Serviços de comunicação multimídia - SCM;J - Informação e comunicação;Santo Inácio do Piauí;Alto-Baixo;0,001;True;18,825;T1;True;False
Serviços de comunicação multimídia - SCM;J - Informação e comunicação;São José do Piauí;Alto-Baixo;0,001;True;4,3391;T1;True;False
Serviços de comunicação multimídia - SCM;J - Informação e comunicação;União;Baixo-Alto;0,013;False;0,0;T7;False;True
Serviços de engenharia;M - Atividades profissionais, científicas e técnicas;Alegrete do Piauí;Baixo-Baixo;0,001;False;0,0;;True;False
Serviços de engenharia;M - Atividades profissionais, científicas e técnicas;Altos;Baixo-Alto;0,001;False;0,0;T7;True;True
Serviços de engenharia;M - Atividades profissionais, científicas e técnicas;Alvorada do Gurguéia;Baixo-Baixo;0,001;False;0,0;;True;False
Serviços de engenharia;M - Atividades profissionais, científicas e técnicas;Arraial;Baixo-Baixo;0,001;False;0,0;;True;False
Serviços de engenharia;M - Atividades profissionais, científicas e técnicas;Baixa Grande do Ribeiro;Alto-Baixo;0,001;True;29,3494;T1;True;True
Serviços de engenharia;M - Atividades profissionais, científicas e técnicas;Belém do Piauí;Baixo-Baixo;0,001;False;0,0;;True;False
Serviços de engenharia;M - Atividades profissionais, científicas e técnicas;Boa Hora;Baixo-Alto;0,033;False;0,0;;False;False
Serviços de engenharia;M - Atividades profissionais, científicas e técnicas;Brejo do Piauí;Baixo-Alto;0,033;False;0,0;;False;False
Serviços de engenharia;M - Atividades profissionais, científicas e técnicas;Campo Grande do Piauí;Baixo-Baixo;0,001;False;0,0;;True;False
Serviços de engenharia;M - Atividades profissionais, científicas e técnicas;Capitão de Campos;Baixo-Baixo;0,001;False;0,0;;True;False
Serviços de engenharia;M - Atividades profissionais, científicas e técnicas;Caraúbas do Piauí;Baixo-Baixo;0,001;False;0,0;;True;False
Serviços de engenharia;M - Atividades profissionais, científicas e técnicas;Castelo do Piauí;Baixo-Baixo;0,001;False;0,0;T7;True;False
Serviços de engenharia;M - Atividades profissionais, científicas e técnicas;Cocal;Baixo-Baixo;0,001;False;0,0;T7;True;False
Serviços de engenharia;M - Atividades profissionais, científicas e técnicas;Colônia do Piauí;Baixo-Baixo;0,001;False;0,0;;True;False
Serviços de engenharia;M - Atividades profissionais, científicas e técnicas;Conceição do Canindé;Baixo-Baixo;0,001;False;0,0;;True;False
Serviços de engenharia;M - Atividades profissionais, científicas e técnicas;Curimatá;Baixo-Baixo;0,001;False;0,0;T7;True;False
Serviços de engenharia;M - Atividades profissionais, científicas e técnicas;Curralinhos;Baixo-Alto;0,019;False;0,0;T7;False;False
Serviços de engenharia;M - Atividades profissionais, científicas e técnicas;Demerval Lobão;Baixo-Alto;0,022;False;0,0;;False;False
Serviços de engenharia;M - Atividades profissionais, científicas e técnicas;Eliseu Martins;Baixo-Baixo;0,001;False;0,0;;True;False
Serviços de engenharia;M - Atividades profissionais, científicas e técnicas;Floriano;Alto-Baixo;0,001;True;78,5341;T1;True;False
Serviços de engenharia;M - Atividades profissionais, científicas e técnicas;Francisco Ayres;Baixo-Alto;0,036;False;0,0;;False;False
Serviços de engenharia;M - Atividades profissionais, científicas e técnicas;Ilha Grande;Baixo-Alto;0,01;False;0,0;;False;False
Serviços de engenharia;M - Atividades profissionais, científicas e técnicas;José de Freitas;Baixo-Alto;0,001;False;0,0;;True;True
Serviços de engenharia;M - Atividades profissionais, científicas e técnicas;Lagoa Alegre;Baixo-Alto;0,028;False;0,0;;False;True
Serviços de engenharia;M - Atividades profissionais, científicas e técnicas;Lagoa do Piauí;Baixo-Alto;0,027;False;0,0;;False;False
Serviços de engenharia;M - Atividades profissionais, científicas e técnicas;Landri Sales;Baixo-Baixo;0,001;False;0,0;;True;False
Serviços de engenharia;M - Atividades profissionais, científicas e técnicas;Luzilândia;Baixo-Baixo;0,001;False;0,0;;True;False
Serviços de engenharia;M - Atividades profissionais, científicas e técnicas;Manoel Emídio;Baixo-Baixo;0,001;False;0,0;;True;False
Serviços de engenharia;M - Atividades profissionais, científicas e técnicas;Miguel Alves;Baixo-Alto;0,011;False;0,0;;False;False
Serviços de engenharia;M - Atividades profissionais, científicas e técnicas;Miguel Leão;Baixo-Baixo;0,001;False;0,0;;True;False
Serviços de engenharia;M - Atividades profissionais, científicas e técnicas;Nazária;Baixo-Alto;0,011;False;0,0;;False;False
Serviços de engenharia;M - Atividades profissionais, científicas e técnicas;Nossa Senhora de Nazaré;Baixo-Alto;0,023;False;0,0;;False;True
Serviços de engenharia;M - Atividades profissionais, científicas e técnicas;Oeiras;Baixo-Baixo;0,001;False;0,0;T7,T8;True;False
Serviços de engenharia;M - Atividades profissionais, científicas e técnicas;Padre Marcos;Baixo-Baixo;0,001;False;0,0;;True;False
Serviços de engenharia;M - Atividades profissionais, científicas e técnicas;Pajeú do Piauí;Alto-Baixo;0,001;True;18,7105;T1;True;False
Serviços de engenharia;M - Atividades profissionais, científicas e técnicas;Palmeirais;Baixo-Alto;0,02;False;0,0;;False;False
Serviços de engenharia;M - Atividades profissionais, científicas e técnicas;Parnaíba;Alto-Baixo;0,001;True;59,6324;T1,T7;True;True
Serviços de engenharia;M - Atividades profissionais, científicas e técnicas;Pau D'Arco do Piauí;Baixo-Alto;0,011;False;0,0;;False;False
Serviços de engenharia;M - Atividades profissionais, científicas e técnicas;Paulistana;Alto-Baixo;0,001;True;3,54;T1;True;True
Serviços de engenharia;M - Atividades profissionais, científicas e técnicas;Pedro II;Baixo-Baixo;0,001;False;0,0;;True;False
Serviços de engenharia;M - Atividades profissionais, científicas e técnicas;Picos;Alto-Baixo;0,001;True;7,0783;T1,T7;True;False
Serviços de engenharia;M - Atividades profissionais, científicas e técnicas;Pio IX;Baixo-Baixo;0,001;False;0,0;;True;False
Serviços de engenharia;M - Atividades profissionais, científicas e técnicas;Santo Antônio de Lisboa;Baixo-Baixo;0,001;False;0,0;;True;False
Serviços de engenharia;M - Atividades profissionais, científicas e técnicas;Santo Inácio do Piauí;Baixo-Baixo;0,001;False;0,0;;True;False
Serviços de engenharia;M - Atividades profissionais, científicas e técnicas;São João da Canabrava;Baixo-Baixo;0,001;False;0,0;;True;False
Serviços de engenharia;M - Atividades profissionais, científicas e técnicas;São José do Piauí;Baixo-Baixo;0,001;False;0,0;;True;False
Serviços de engenharia;M - Atividades profissionais, científicas e técnicas;São Miguel do Fidalgo;Baixo-Baixo;0,001;False;0,0;;True;False
Serviços de engenharia;M - Atividades profissionais, científicas e técnicas;Sebastião Leal;Baixo-Baixo;0,001;False;0,0;;True;False
Serviços de engenharia;M - Atividades profissionais, científicas e técnicas;Simões;Baixo-Baixo;0,001;False;0,0;;True;False
Serviços de engenharia;M - Atividades profissionais, científicas e técnicas;União;Alto-Alto;0,016;True;21,5724;T1;False;True
Serviços de engenharia;M - Atividades profissionais, científicas e técnicas;Vila Nova do Piauí;Baixo-Baixo;0,001;False;0,0;;True;False
Serviços de funerárias;S - Outras atividades de serviços;Alagoinha do Piauí;Alto-Baixo;0,001;True;16,5904;T1,T7;True;False
Serviços de funerárias;S - Outras atividades de serviços;Baixa Grande do Ribeiro;Baixo-Alto;0,047;False;0,0;;False;False
Serviços de funerárias;S - Outras atividades de serviços;Bonfim do Piauí;Baixo-Alto;0,035;False;0,0;;False;False
Serviços de funerárias;S - Outras atividades de serviços;Brejo do Piauí;Baixo-Alto;0,04;False;0,0;;False;False
Serviços de funerárias;S - Outras atividades de serviços;Canto do Buriti;Alto-Baixo;0,001;True;18,374;T1;True;True
Serviços de funerárias;S - Outras atividades de serviços;Dirceu Arcoverde;Baixo-Alto;0,036;False;0,0;;False;False
Serviços de funerárias;S - Outras atividades de serviços;Fartura do Piauí;Baixo-Alto;0,022;False;0,0;;False;False
Serviços de funerárias;S - Outras atividades de serviços;Floriano;Alto-Baixo;0,001;True;33,4667;T1,T7;True;False
Serviços de funerárias;S - Outras atividades de serviços;Guadalupe;Alto-Baixo;0,001;True;21,6543;T2,T8;True;False
Serviços de funerárias;S - Outras atividades de serviços;Guaribas;Baixo-Alto;0,043;False;0,0;;False;False
Serviços de funerárias;S - Outras atividades de serviços;Ilha Grande;Baixo-Alto;0,016;False;0,0;T7;False;False
Serviços de funerárias;S - Outras atividades de serviços;Inhuma;Baixo-Alto;0,046;False;0,0;;False;False
Serviços de funerárias;S - Outras atividades de serviços;Ipiranga do Piauí;Baixo-Alto;0,019;False;0,0;;False;False
Serviços de funerárias;S - Outras atividades de serviços;Isaías Coelho;Alto-Baixo;0,001;True;1,0035;T3;True;False
Serviços de funerárias;S - Outras atividades de serviços;Jaicós;Alto-Baixo;0,001;True;5,0656;T1,T3,T7;True;False
Serviços de funerárias;S - Outras atividades de serviços;Jerumenha;Baixo-Alto;0,038;False;0,0;;False;False
Serviços de funerárias;S - Outras atividades de serviços;José de Freitas;Baixo-Alto;0,043;False;0,0;T7,T8;False;False
Serviços de funerárias;S - Outras atividades de serviços;Luís Correia;Baixo-Alto;0,045;False;0,0;T8;False;False
Serviços de funerárias;S - Outras atividades de serviços;Luzilândia;Alto-Baixo;0,001;True;1,6198;T2;True;False
Serviços de funerárias;S - Outras atividades de serviços;Monte Alegre do Piauí;Baixo-Alto;0,044;False;0,0;;False;False
Serviços de funerárias;S - Outras atividades de serviços;Nazaré do Piauí;Baixo-Alto;0,036;False;0,0;;False;False
Serviços de funerárias;S - Outras atividades de serviços;Novo Oriente do Piauí;Baixo-Alto;0,021;False;0,0;;False;False
Serviços de funerárias;S - Outras atividades de serviços;Picos;Alto-Baixo;0,001;True;89,3909;T1,T3;True;False
Serviços de funerárias;S - Outras atividades de serviços;São Lourenço do Piauí;Baixo-Alto;0,014;False;0,0;;False;False
Serviços de funerárias;S - Outras atividades de serviços;São Raimundo Nonato;Alto-Baixo;0,001;True;217,7579;T1;True;False
Serviços de funerárias;S - Outras atividades de serviços;União;Alto-Baixo;0,001;True;18,5463;T1;True;False
Serviços de funerárias;S - Outras atividades de serviços;Uruçuí;Alto-Baixo;0,001;True;8,7654;T1;True;True
Serviços de funerárias;S - Outras atividades de serviços;Valença do Piauí;Alto-Baixo;0,001;True;21,7059;T1,T7;True;False
Serviços de funerárias;S - Outras atividades de serviços;Várzea Branca;Baixo-Alto;0,031;False;0,0;;False;False
Serviços de manutenção e reparação mecânica de veículos automotores;"G - Comércio; reparação de veículos";Água Branca;Alto-Baixo;0,001;True;15,001;T1;True;False
Serviços de manutenção e reparação mecânica de veículos automotores;"G - Comércio; reparação de veículos";Altos;Alto-Alto;0,007;True;3,873;T1;False;True
Serviços de manutenção e reparação mecânica de veículos automotores;"G - Comércio; reparação de veículos";Batalha;Baixo-Alto;0,014;False;0,0;;False;False
Serviços de manutenção e reparação mecânica de veículos automotores;"G - Comércio; reparação de veículos";Bom Jesus;Alto-Baixo;0,001;True;86,6826;T1;True;True
Serviços de manutenção e reparação mecânica de veículos automotores;"G - Comércio; reparação de veículos";Bom Princípio do Piauí;Baixo-Alto;0,029;False;0,0;;False;False
Serviços de manutenção e reparação mecânica de veículos automotores;"G - Comércio; reparação de veículos";Brasileira;Baixo-Alto;0,04;False;0,0;;False;False
Serviços de manutenção e reparação mecânica de veículos automotores;"G - Comércio; reparação de veículos";Curralinhos;Baixo-Alto;0,025;False;0,0;;False;False
Serviços de manutenção e reparação mecânica de veículos automotores;"G - Comércio; reparação de veículos";Demerval Lobão;Baixo-Alto;0,011;False;0,0;;False;False
Serviços de manutenção e reparação mecânica de veículos automotores;"G - Comércio; reparação de veículos";Floriano;Alto-Baixo;0,001;True;7,5979;T1,T7;True;False
Serviços de manutenção e reparação mecânica de veículos automotores;"G - Comércio; reparação de veículos";Ilha Grande;Baixo-Alto;0,005;False;0,0;;False;True
Serviços de manutenção e reparação mecânica de veículos automotores;"G - Comércio; reparação de veículos";José de Freitas;Baixo-Alto;0,003;False;0,0;;False;False
Serviços de manutenção e reparação mecânica de veículos automotores;"G - Comércio; reparação de veículos";Lagoa de São Francisco;Baixo-Alto;0,038;False;0,0;;False;False
Serviços de manutenção e reparação mecânica de veículos automotores;"G - Comércio; reparação de veículos";Lagoa do Piauí;Baixo-Alto;0,013;False;0,0;;False;False
Serviços de manutenção e reparação mecânica de veículos automotores;"G - Comércio; reparação de veículos";Luís Correia;Baixo-Alto;0,028;False;0,0;;False;False
Serviços de manutenção e reparação mecânica de veículos automotores;"G - Comércio; reparação de veículos";Monsenhor Gil;Baixo-Alto;0,041;False;0,0;;False;False
Serviços de manutenção e reparação mecânica de veículos automotores;"G - Comércio; reparação de veículos";Nazária;Baixo-Alto;0,003;False;0,0;;False;False
Serviços de manutenção e reparação mecânica de veículos automotores;"G - Comércio; reparação de veículos";Palmeirais;Baixo-Alto;0,023;False;0,0;;False;False
Serviços de manutenção e reparação mecânica de veículos automotores;"G - Comércio; reparação de veículos";Pau D'Arco do Piauí;Baixo-Alto;0,014;False;0,0;;False;False
Serviços de manutenção e reparação mecânica de veículos automotores;"G - Comércio; reparação de veículos";Simplício Mendes;Alto-Baixo;0,001;True;2,8952;T1;True;False
Serviços de manutenção e reparação mecânica de veículos automotores;"G - Comércio; reparação de veículos";União;Baixo-Alto;0,008;False;0,0;T7;False;True
Serviços de manutenção e reparação mecânica de veículos automotores;"G - Comércio; reparação de veículos";Uruçuí;Alto-Baixo;0,001;True;2,6488;T3,T7;True;False
Transporte rodoviário de carga, exceto produtos perigosos e mudanças, intermunicipal, interestadual e internacional;H - Transporte, armazenagem e correio;Água Branca;Baixo-Baixo;0,001;False;0,0;;True;False
Transporte rodoviário de carga, exceto produtos perigosos e mudanças, intermunicipal, interestadual e internacional;H - Transporte, armazenagem e correio;Alagoinha do Piauí;Baixo-Baixo;0,001;False;0,0;;True;False
Transporte rodoviário de carga, exceto produtos perigosos e mudanças, intermunicipal, interestadual e internacional;H - Transporte, armazenagem e correio;Alegrete do Piauí;Baixo-Baixo;0,001;False;0,0;;True;False
Transporte rodoviário de carga, exceto produtos perigosos e mudanças, intermunicipal, interestadual e internacional;H - Transporte, armazenagem e correio;Altos;Alto-Alto;0,035;True;1,2815;T1,T7;False;False
Transporte rodoviário de carga, exceto produtos perigosos e mudanças, intermunicipal, interestadual e internacional;H - Transporte, armazenagem e correio;Anísio de Abreu;Baixo-Baixo;0,001;False;0,0;;True;False
Transporte rodoviário de carga, exceto produtos perigosos e mudanças, intermunicipal, interestadual e internacional;H - Transporte, armazenagem e correio;Arraial;Baixo-Baixo;0,001;False;0,0;;True;False
Transporte rodoviário de carga, exceto produtos perigosos e mudanças, intermunicipal, interestadual e internacional;H - Transporte, armazenagem e correio;Assunção do Piauí;Baixo-Baixo;0,001;False;0,0;;True;True
Transporte rodoviário de carga, exceto produtos perigosos e mudanças, intermunicipal, interestadual e internacional;H - Transporte, armazenagem e correio;Baixa Grande do Ribeiro;Baixo-Alto;0,018;False;0,0;T3,T7;True;False
Transporte rodoviário de carga, exceto produtos perigosos e mudanças, intermunicipal, interestadual e internacional;H - Transporte, armazenagem e correio;Batalha;Baixo-Alto;0,038;False;0,0;;False;False
Transporte rodoviário de carga, exceto produtos perigosos e mudanças, intermunicipal, interestadual e internacional;H - Transporte, armazenagem e correio;Bela Vista do Piauí;Baixo-Baixo;0,001;False;0,0;;True;False
Transporte rodoviário de carga, exceto produtos perigosos e mudanças, intermunicipal, interestadual e internacional;H - Transporte, armazenagem e correio;Belém do Piauí;Baixo-Baixo;0,001;False;0,0;;True;False
Transporte rodoviário de carga, exceto produtos perigosos e mudanças, intermunicipal, interestadual e internacional;H - Transporte, armazenagem e correio;Bocaina;Baixo-Baixo;0,001;False;0,0;;True;False
Transporte rodoviário de carga, exceto produtos perigosos e mudanças, intermunicipal, interestadual e internacional;H - Transporte, armazenagem e correio;Bonfim do Piauí;Baixo-Baixo;0,001;False;0,0;;True;False
Transporte rodoviário de carga, exceto produtos perigosos e mudanças, intermunicipal, interestadual e internacional;H - Transporte, armazenagem e correio;Boqueirão do Piauí;Baixo-Baixo;0,001;False;0,0;;True;False
Transporte rodoviário de carga, exceto produtos perigosos e mudanças, intermunicipal, interestadual e internacional;H - Transporte, armazenagem e correio;Brasileira;Baixo-Alto;0,033;False;0,0;;False;False
Transporte rodoviário de carga, exceto produtos perigosos e mudanças, intermunicipal, interestadual e internacional;H - Transporte, armazenagem e correio;Buriti dos Montes;Baixo-Baixo;0,001;False;0,0;;True;True
Transporte rodoviário de carga, exceto produtos perigosos e mudanças, intermunicipal, interestadual e internacional;H - Transporte, armazenagem e correio;Cabeceiras do Piauí;Baixo-Baixo;0,001;False;0,0;;True;False
Transporte rodoviário de carga, exceto produtos perigosos e mudanças, intermunicipal, interestadual e internacional;H - Transporte, armazenagem e correio;Cajueiro da Praia;Baixo-Baixo;0,001;False;0,0;;True;False
Transporte rodoviário de carga, exceto produtos perigosos e mudanças, intermunicipal, interestadual e internacional;H - Transporte, armazenagem e correio;Caldeirão Grande do Piauí;Baixo-Baixo;0,001;False;0,0;T8;True;False
Transporte rodoviário de carga, exceto produtos perigosos e mudanças, intermunicipal, interestadual e internacional;H - Transporte, armazenagem e correio;Campinas do Piauí;Baixo-Baixo;0,001;False;0,0;;True;False
Transporte rodoviário de carga, exceto produtos perigosos e mudanças, intermunicipal, interestadual e internacional;H - Transporte, armazenagem e correio;Campo Alegre do Fidalgo;Baixo-Baixo;0,001;False;0,0;;True;True
Transporte rodoviário de carga, exceto produtos perigosos e mudanças, intermunicipal, interestadual e internacional;H - Transporte, armazenagem e correio;Campo Grande do Piauí;Baixo-Baixo;0,001;False;0,0;;True;False
Transporte rodoviário de carga, exceto produtos perigosos e mudanças, intermunicipal, interestadual e internacional;H - Transporte, armazenagem e correio;Canto do Buriti;Alto-Baixo;0,001;True;1,6737;T1;True;False
Transporte rodoviário de carga, exceto produtos perigosos e mudanças, intermunicipal, interestadual e internacional;H - Transporte, armazenagem e correio;Capitão Gervásio Oliveira;Baixo-Baixo;0,001;False;0,0;;True;True
Transporte rodoviário de carga, exceto produtos perigosos e mudanças, intermunicipal, interestadual e internacional;H - Transporte, armazenagem e correio;Caridade do Piauí;Baixo-Baixo;0,001;False;0,0;;True;False
Transporte rodoviário de carga, exceto produtos perigosos e mudanças, intermunicipal, interestadual e internacional;H - Transporte, armazenagem e correio;Castelo do Piauí;Baixo-Baixo;0,001;False;0,0;;True;False
Transporte rodoviário de carga, exceto produtos perigosos e mudanças, intermunicipal, interestadual e internacional;H - Transporte, armazenagem e correio;Caxingó;Baixo-Baixo;0,001;False;0,0;;True;False
Transporte rodoviário de carga, exceto produtos perigosos e mudanças, intermunicipal, interestadual e internacional;H - Transporte, armazenagem e correio;Cocal de Telha;Baixo-Baixo;0,001;False;0,0;;True;False
Transporte rodoviário de carga, exceto produtos perigosos e mudanças, intermunicipal, interestadual e internacional;H - Transporte, armazenagem e correio;Conceição do Canindé;Baixo-Baixo;0,001;False;0,0;;True;False
Transporte rodoviário de carga, exceto produtos perigosos e mudanças, intermunicipal, interestadual e internacional;H - Transporte, armazenagem e correio;Coronel José Dias;Baixo-Baixo;0,001;False;0,0;;True;True
Transporte rodoviário de carga, exceto produtos perigosos e mudanças, intermunicipal, interestadual e internacional;H - Transporte, armazenagem e correio;Corrente;Baixo-Baixo;0,001;False;0,0;T7;True;False
Transporte rodoviário de carga, exceto produtos perigosos e mudanças, intermunicipal, interestadual e internacional;H - Transporte, armazenagem e correio;Cristalândia do Piauí;Baixo-Baixo;0,001;False;0,0;;True;True
Transporte rodoviário de carga, exceto produtos perigosos e mudanças, intermunicipal, interestadual e internacional;H - Transporte, armazenagem e correio;Cristino Castro;Baixo-Baixo;0,001;False;0,0;;True;False
Transporte rodoviário de carga, exceto produtos perigosos e mudanças, intermunicipal, interestadual e internacional;H - Transporte, armazenagem e correio;Curimatá;Alto-Baixo;0,001;True;66,5645;T1;True;True
Transporte rodoviário de carga, exceto produtos perigosos e mudanças, intermunicipal, interestadual e internacional;H - Transporte, armazenagem e correio;Curral Novo do Piauí;Baixo-Baixo;0,001;False;0,0;;True;False
Transporte rodoviário de carga, exceto produtos perigosos e mudanças, intermunicipal, interestadual e internacional;H - Transporte, armazenagem e correio;Curralinhos;Baixo-Alto;0,017;False;0,0;;True;False
Transporte rodoviário de carga, exceto produtos perigosos e mudanças, intermunicipal, interestadual e internacional;H - Transporte, armazenagem e correio;Demerval Lobão;Alto-Alto;0,015;True;11,5511;T1;True;False
Transporte rodoviário de carga, exceto produtos perigosos e mudanças, intermunicipal, interestadual e internacional;H - Transporte, armazenagem e correio;Dirceu Arcoverde;Baixo-Baixo;0,001;False;0,0;;True;True
Transporte rodoviário de carga, exceto produtos perigosos e mudanças, intermunicipal, interestadual e internacional;H - Transporte, armazenagem e correio;Dom Expedito Lopes;Alto-Alto;0,036;True;1,3484;T1;False;False
Transporte rodoviário de carga, exceto produtos perigosos e mudanças, intermunicipal, interestadual e internacional;H - Transporte, armazenagem e correio;Dom Inocêncio;Baixo-Baixo;0,001;False;0,0;;True;True
Transporte rodoviário de carga, exceto produtos perigosos e mudanças, intermunicipal, interestadual e internacional;H - Transporte, armazenagem e correio;Esperantina;Alto-Baixo;0,001;True;3,3233;T1;True;False
Transporte rodoviário de carga, exceto produtos perigosos e mudanças, intermunicipal, interestadual e internacional;H - Transporte, armazenagem e correio;Flores do Piauí;Baixo-Baixo;0,001;False;0,0;;True;False
Transporte rodoviário de carga, exceto produtos perigosos e mudanças, intermunicipal, interestadual e internacional;H - Transporte, armazenagem e correio;Floresta do Piauí;Baixo-Baixo;0,001;False;0,0;;True;False
Transporte rodoviário de carga, exceto produtos perigosos e mudanças, intermunicipal, interestadual e internacional;H - Transporte, armazenagem e correio;Floriano;Alto-Baixo;0,001;True;262,0504;T1;True;False
Transporte rodoviário de carga, exceto produtos perigosos e mudanças, intermunicipal, interestadual e internacional;H - Transporte, armazenagem e correio;Francinópolis;Baixo-Baixo;0,001;False;0,0;;True;False
Transporte rodoviário de carga, exceto produtos perigosos e mudanças, intermunicipal, interestadual e internacional;H - Transporte, armazenagem e correio;Francisco Macedo;Baixo-Baixo;0,001;False;0,0;;True;False
Transporte rodoviário de carga, exceto produtos perigosos e mudanças, intermunicipal, interestadual e internacional;H - Transporte, armazenagem e correio;Francisco Santos;Baixo-Baixo;0,001;False;0,0;;True;False
Transporte rodoviário de carga, exceto produtos perigosos e mudanças, intermunicipal, interestadual e internacional;H - Transporte, armazenagem e correio;Fronteiras;Baixo-Baixo;0,001;False;0,0;T7,T8;True;False
Transporte rodoviário de carga, exceto produtos perigosos e mudanças, intermunicipal, interestadual e internacional;H - Transporte, armazenagem e correio;Hugo Napoleão;Baixo-Baixo;0,001;False;0,0;;True;False
Transporte rodoviário de carga, exceto produtos perigosos e mudanças, intermunicipal, interestadual e internacional;H - Transporte, armazenagem e correio;Ilha Grande;Baixo-Alto;0,018;False;0,0;;True;False
Transporte rodoviário de carga, exceto produtos perigosos e mudanças, intermunicipal, interestadual e internacional;H - Transporte, armazenagem e correio;Ipiranga do Piauí;Alto-Alto;0,019;True;1,8369;T2,T8;True;False
Transporte rodoviário de carga, exceto produtos perigosos e mudanças, intermunicipal, interestadual e internacional;H - Transporte, armazenagem e correio;Isaías Coelho;Baixo-Baixo;0,001;False;0,0;T7;True;False
Transporte rodoviário de carga, exceto produtos perigosos e mudanças, intermunicipal, interestadual e internacional;H - Transporte, armazenagem e correio;Itainópolis;Baixo-Baixo;0,001;False;0,0;;True;False
Transporte rodoviário de carga, exceto produtos perigosos e mudanças, intermunicipal, interestadual e internacional;H - Transporte, armazenagem e correio;Jacobina do Piauí;Baixo-Baixo;0,001;False;0,0;;True;False
Transporte rodoviário de carga, exceto produtos perigosos e mudanças, intermunicipal, interestadual e internacional;H - Transporte, armazenagem e correio;Jaicós;Baixo-Baixo;0,001;False;0,0;;True;False
Transporte rodoviário de carga, exceto produtos perigosos e mudanças, intermunicipal, interestadual e internacional;H - Transporte, armazenagem e correio;Jardim do Mulato;Baixo-Baixo;0,001;False;0,0;;True;False
Transporte rodoviário de carga, exceto produtos perigosos e mudanças, intermunicipal, interestadual e internacional;H - Transporte, armazenagem e correio;Jatobá do Piauí;Baixo-Baixo;0,001;False;0,0;;True;False
Transporte rodoviário de carga, exceto produtos perigosos e mudanças, intermunicipal, interestadual e internacional;H - Transporte, armazenagem e correio;João Costa;Baixo-Baixo;0,001;False;0,0;;True;False
Transporte rodoviário de carga, exceto produtos perigosos e mudanças, intermunicipal, interestadual e internacional;H - Transporte, armazenagem e correio;Joca Marques;Baixo-Baixo;0,001;False;0,0;;True;False
Transporte rodoviário de carga, exceto produtos perigosos e mudanças, intermunicipal, interestadual e internacional;H - Transporte, armazenagem e correio;José de Freitas;Baixo-Alto;0,032;False;0,0;;True;False
Transporte rodoviário de carga, exceto produtos perigosos e mudanças, intermunicipal, interestadual e internacional;H - Transporte, armazenagem e correio;Juazeiro do Piauí;Baixo-Baixo;0,001;False;0,0;;True;False
Transporte rodoviário de carga, exceto produtos perigosos e mudanças, intermunicipal, interestadual e internacional;H - Transporte, armazenagem e correio;Jurema;Baixo-Baixo;0,001;False;0,0;;True;True
Transporte rodoviário de carga, exceto produtos perigosos e mudanças, intermunicipal, interestadual e internacional;H - Transporte, armazenagem e correio;Lagoa de São Francisco;Baixo-Alto;0,02;False;0,0;;True;False
Transporte rodoviário de carga, exceto produtos perigosos e mudanças, intermunicipal, interestadual e internacional;H - Transporte, armazenagem e correio;Lagoa do Barro do Piauí;Baixo-Baixo;0,001;False;0,0;T7;True;False
Transporte rodoviário de carga, exceto produtos perigosos e mudanças, intermunicipal, interestadual e internacional;H - Transporte, armazenagem e correio;Lagoa do Piauí;Alto-Alto;0,012;True;1,1833;T1;True;False
Transporte rodoviário de carga, exceto produtos perigosos e mudanças, intermunicipal, interestadual e internacional;H - Transporte, armazenagem e correio;Lagoinha do Piauí;Baixo-Baixo;0,001;False;0,0;;True;False
Transporte rodoviário de carga, exceto produtos perigosos e mudanças, intermunicipal, interestadual e internacional;H - Transporte, armazenagem e correio;Luzilândia;Baixo-Baixo;0,001;False;0,0;;True;False
Transporte rodoviário de carga, exceto produtos perigosos e mudanças, intermunicipal, interestadual e internacional;H - Transporte, armazenagem e correio;Marcolândia;Baixo-Baixo;0,001;False;0,0;;True;False
Transporte rodoviário de carga, exceto produtos perigosos e mudanças, intermunicipal, interestadual e internacional;H - Transporte, armazenagem e correio;Marcos Parente;Baixo-Baixo;0,001;False;0,0;;True;False
Transporte rodoviário de carga, exceto produtos perigosos e mudanças, intermunicipal, interestadual e internacional;H - Transporte, armazenagem e correio;Massapê do Piauí;Baixo-Baixo;0,001;False;0,0;;True;False
Transporte rodoviário de carga, exceto produtos perigosos e mudanças, intermunicipal, interestadual e internacional;H - Transporte, armazenagem e correio;Matias Olímpio;Baixo-Baixo;0,001;False;0,0;;True;False
Transporte rodoviário de carga, exceto produtos perigosos e mudanças, intermunicipal, interestadual e internacional;H - Transporte, armazenagem e correio;Miguel Leão;Baixo-Baixo;0,001;False;0,0;;True;False
Transporte rodoviário de carga, exceto produtos perigosos e mudanças, intermunicipal, interestadual e internacional;H - Transporte, armazenagem e correio;Milton Brandão;Baixo-Baixo;0,001;False;0,0;;True;False
Transporte rodoviário de carga, exceto produtos perigosos e mudanças, intermunicipal, interestadual e internacional;H - Transporte, armazenagem e correio;Monsenhor Hipólito;Baixo-Baixo;0,001;False;0,0;;True;False
Transporte rodoviário de carga, exceto produtos perigosos e mudanças, intermunicipal, interestadual e internacional;H - Transporte, armazenagem e correio;Monte Alegre do Piauí;Baixo-Alto;0,036;False;0,0;;False;False
Transporte rodoviário de carga, exceto produtos perigosos e mudanças, intermunicipal, interestadual e internacional;H - Transporte, armazenagem e correio;Morro Cabeça no Tempo;Baixo-Alto;0,019;False;0,0;;True;False
Transporte rodoviário de carga, exceto produtos perigosos e mudanças, intermunicipal, interestadual e internacional;H - Transporte, armazenagem e correio;Nazaré do Piauí;Baixo-Alto;0,044;False;0,0;;False;False
Transporte rodoviário de carga, exceto produtos perigosos e mudanças, intermunicipal, interestadual e internacional;H - Transporte, armazenagem e correio;Nazária;Baixo-Alto;0,003;False;0,0;T7;True;False
Transporte rodoviário de carga, exceto produtos perigosos e mudanças, intermunicipal, interestadual e internacional;H - Transporte, armazenagem e correio;Nossa Senhora de Nazaré;Baixo-Baixo;0,001;False;0,0;;True;False
Transporte rodoviário de carga, exceto produtos perigosos e mudanças, intermunicipal, interestadual e internacional;H - Transporte, armazenagem e correio;Nossa Senhora dos Remédios;Baixo-Baixo;0,001;False;0,0;;True;False
Transporte rodoviário de carga, exceto produtos perigosos e mudanças, intermunicipal, interestadual e internacional;H - Transporte, armazenagem e correio;Nova Santa Rita;Baixo-Baixo;0,001;False;0,0;T8;True;False
Transporte rodoviário de carga, exceto produtos perigosos e mudanças, intermunicipal, interestadual e internacional;H - Transporte, armazenagem e correio;Novo Santo Antônio;Baixo-Baixo;0,001;False;0,0;T8;True;False
Transporte rodoviário de carga, exceto produtos perigosos e mudanças, intermunicipal, interestadual e internacional;H - Transporte, armazenagem e correio;Olho D'Água do Piauí;Baixo-Baixo;0,001;False;0,0;;True;False
Transporte rodoviário de carga, exceto produtos perigosos e mudanças, intermunicipal, interestadual e internacional;H - Transporte, armazenagem e correio;Padre Marcos;Baixo-Baixo;0,001;False;0,0;;True;False
Transporte rodoviário de carga, exceto produtos perigosos e mudanças, intermunicipal, interestadual e internacional;H - Transporte, armazenagem e correio;Paes Landim;Baixo-Baixo;0,001;False;0,0;;True;False
Transporte rodoviário de carga, exceto produtos perigosos e mudanças, intermunicipal, interestadual e internacional;H - Transporte, armazenagem e correio;Parnaíba;Alto-Baixo;0,001;True;70,7567;T1;True;False
Transporte rodoviário de carga, exceto produtos perigosos e mudanças, intermunicipal, interestadual e internacional;H - Transporte, armazenagem e correio;Passagem Franca do Piauí;Baixo-Baixo;0,001;False;0,0;;True;False
Transporte rodoviário de carga, exceto produtos perigosos e mudanças, intermunicipal, interestadual e internacional;H - Transporte, armazenagem e correio;Patos do Piauí;Baixo-Baixo;0,001;False;0,0;;True;False
Transporte rodoviário de carga, exceto produtos perigosos e mudanças, intermunicipal, interestadual e internacional;H - Transporte, armazenagem e correio;Pau D'Arco do Piauí;Baixo-Alto;0,011;False;0,0;;True;False
Transporte rodoviário de carga, exceto produtos perigosos e mudanças, intermunicipal, interestadual e internacional;H - Transporte, armazenagem e correio;Paulistana;Baixo-Baixo;0,001;False;0,0;T7;True;False
Transporte rodoviário de carga, exceto produtos perigosos e mudanças, intermunicipal, interestadual e internacional;H - Transporte, armazenagem e correio;Pedro Laurentino;Baixo-Baixo;0,001;False;0,0;;True;True
Transporte rodoviário de carga, exceto produtos perigosos e mudanças, intermunicipal, interestadual e internacional;H - Transporte, armazenagem e correio;Pio IX;Baixo-Baixo;0,001;False;0,0;T8;True;False
Transporte rodoviário de carga, exceto produtos perigosos e mudanças, intermunicipal, interestadual e internacional;H - Transporte, armazenagem e correio;Piracuruca;Alto-Baixo;0,001;True;9,3639;T1,T7;True;False
Transporte rodoviário de carga, exceto produtos perigosos e mudanças, intermunicipal, interestadual e internacional;H - Transporte, armazenagem e correio;Piripiri;Alto-Baixo;0,001;True;310,5898;T1;True;False
Transporte rodoviário de carga, exceto produtos perigosos e mudanças, intermunicipal, interestadual e internacional;H - Transporte, armazenagem e correio;Prata do Piauí;Baixo-Baixo;0,001;False;0,0;;True;False
Transporte rodoviário de carga, exceto produtos perigosos e mudanças, intermunicipal, interestadual e internacional;H - Transporte, armazenagem e correio;Queimada Nova;Baixo-Baixo;0,001;False;0,0;T8;True;True
Transporte rodoviário de carga, exceto produtos perigosos e mudanças, intermunicipal, interestadual e internacional;H - Transporte, armazenagem e correio;Redenção do Gurguéia;Baixo-Alto;0,026;False;0,0;;True;False
Transporte rodoviário de carga, exceto produtos perigosos e mudanças, intermunicipal, interestadual e internacional;H - Transporte, armazenagem e correio;Regeneração;Baixo-Baixo;0,001;False;0,0;;True;False
Transporte rodoviário de carga, exceto produtos perigosos e mudanças, intermunicipal, interestadual e internacional;H - Transporte, armazenagem e correio;Ribeira do Piauí;Baixo-Baixo;0,001;False;0,0;;True;False
Transporte rodoviário de carga, exceto produtos perigosos e mudanças, intermunicipal, interestadual e internacional;H - Transporte, armazenagem e correio;Santa Cruz dos Milagres;Baixo-Baixo;0,001;False;0,0;;True;False
Transporte rodoviário de carga, exceto produtos perigosos e mudanças, intermunicipal, interestadual e internacional;H - Transporte, armazenagem e correio;Santana do Piauí;Baixo-Alto;0,031;False;0,0;;False;False
Transporte rodoviário de carga, exceto produtos perigosos e mudanças, intermunicipal, interestadual e internacional;H - Transporte, armazenagem e correio;Santo Antônio de Lisboa;Baixo-Baixo;0,001;False;0,0;T3,T7;True;False
Transporte rodoviário de carga, exceto produtos perigosos e mudanças, intermunicipal, interestadual e internacional;H - Transporte, armazenagem e correio;Santo Inácio do Piauí;Baixo-Baixo;0,001;False;0,0;;True;False
Transporte rodoviário de carga, exceto produtos perigosos e mudanças, intermunicipal, interestadual e internacional;H - Transporte, armazenagem e correio;São Braz do Piauí;Baixo-Baixo;0,001;False;0,0;;True;False
Transporte rodoviário de carga, exceto produtos perigosos e mudanças, intermunicipal, interestadual e internacional;H - Transporte, armazenagem e correio;São Félix do Piauí;Baixo-Baixo;0,001;False;0,0;;True;False
Transporte rodoviário de carga, exceto produtos perigosos e mudanças, intermunicipal, interestadual e internacional;H - Transporte, armazenagem e correio;São Francisco de Assis do Piauí;Baixo-Baixo;0,001;False;0,0;;True;True
Transporte rodoviário de carga, exceto produtos perigosos e mudanças, intermunicipal, interestadual e internacional;H - Transporte, armazenagem e correio;São Gonçalo do Piauí;Baixo-Baixo;0,001;False;0,0;;True;False
Transporte rodoviário de carga, exceto produtos perigosos e mudanças, intermunicipal, interestadual e internacional;H - Transporte, armazenagem e correio;São João da Canabrava;Baixo-Baixo;0,001;False;0,0;;True;False
Transporte rodoviário de carga, exceto produtos perigosos e mudanças, intermunicipal, interestadual e internacional;H - Transporte, armazenagem e correio;São João da Serra;Baixo-Baixo;0,001;False;0,0;T8;True;False
Transporte rodoviário de carga, exceto produtos perigosos e mudanças, intermunicipal, interestadual e internacional;H - Transporte, armazenagem e correio;São Julião;Baixo-Baixo;0,001;False;0,0;;True;False
Transporte rodoviário de carga, exceto produtos perigosos e mudanças, intermunicipal, interestadual e internacional;H - Transporte, armazenagem e correio;São Luis do Piauí;Baixo-Baixo;0,001;False;0,0;;True;False
Transporte rodoviário de carga, exceto produtos perigosos e mudanças, intermunicipal, interestadual e internacional;H - Transporte, armazenagem e correio;São Miguel da Baixa Grande;Baixo-Baixo;0,001;False;0,0;;True;False
Transporte rodoviário de carga, exceto produtos perigosos e mudanças, intermunicipal, interestadual e internacional;H - Transporte, armazenagem e correio;São Miguel do Fidalgo;Baixo-Baixo;0,001;False;0,0;;True;False
Transporte rodoviário de carga, exceto produtos perigosos e mudanças, intermunicipal, interestadual e internacional;H - Transporte, armazenagem e correio;Sigefredo Pacheco;Baixo-Baixo;0,001;False;0,0;;True;False
Transporte rodoviário de carga, exceto produtos perigosos e mudanças, intermunicipal, interestadual e internacional;H - Transporte, armazenagem e correio;Simões;Baixo-Baixo;0,001;False;0,0;;True;False
Transporte rodoviário de carga, exceto produtos perigosos e mudanças, intermunicipal, interestadual e internacional;H - Transporte, armazenagem e correio;Socorro do Piauí;Baixo-Baixo;0,001;False;0,0;;True;True
Transporte rodoviário de carga, exceto produtos perigosos e mudanças, intermunicipal, interestadual e internacional;H - Transporte, armazenagem e correio;União;Alto-Alto;0,022;True;1,1507;T1,T7;False;False
Transporte rodoviário de carga, exceto produtos perigosos e mudanças, intermunicipal, interestadual e internacional;H - Transporte, armazenagem e correio;Valença do Piauí;Alto-Baixo;0,001;True;5,0009;T1,T7;True;False
Transporte rodoviário de carga, exceto produtos perigosos e mudanças, intermunicipal, interestadual e internacional;H - Transporte, armazenagem e correio;Várzea Branca;Baixo-Baixo;0,001;False;0,0;;True;True
Transporte rodoviário de carga, exceto produtos perigosos e mudanças, intermunicipal, interestadual e internacional;H - Transporte, armazenagem e correio;Vila Nova do Piauí;Baixo-Baixo;0,001;False;0,0;;True;False
