subclasse_A,subclasse_B,n_A,n_B,n_co,corr_pearson,I_AB,p_AB,I_BA,p_BA,I_medio,significativo
Criação de bovinos para corte,Cultivo de arroz,30,10,7,0.4695538106809858,0.19125187079276343,5.30005145608632e-07,0.20023819661200734,1.1549247206746349e-06,0.19574503370238538,True
Criação de bovinos para corte,Cultivo de soja,30,21,5,0.19834827821320103,0.17897349943438895,2.8058935821970456e-06,0.17874616197575932,1.3971827124004766e-05,0.17885983070507414,True
Comércio varejista especializado de equipamentos e suprimentos de informática,Criação de bovinos para corte,13,30,7,0.24720712718228585,0.13043527387354473,8.005289163214617e-05,0.1798438565150408,1.7136195580676146e-06,0.15513956519429278,True
Formação de condutores,Serviços combinados de escritório e apoio administrativo,19,14,5,0.34561796758379254,0.06657030948467767,0.01565746564462337,0.23369919388970106,2.067838536070315e-10,0.15013475168718937,True
Comércio varejista de gás liqüefeito de petróleo (GLP),Criação de frangos para corte,34,10,6,0.3888252504678555,0.1298851251691364,1.303781077780791e-05,0.1665685669686402,6.364410120361378e-09,0.1482268460688883,True
Atividades de contabilidade,Criação de bovinos para corte,28,30,10,0.18322622861148088,0.11873202560298309,4.1541955522702526e-06,0.17415782667625868,9.649795378600568e-07,0.14644492613962087,True
"Fabricação de artefatos de cerâmica e barro cozido para uso na construção, exceto azulejos e pisos",Restaurantes e similares,17,37,5,0.09942611389558646,0.19947119023619203,7.993770835702032e-08,0.08806945058328654,0.006544382107349601,0.14377032040973928,True
Comércio varejista de animais vivos e de artigos e alimentos para animais de estimação,"Obras de urbanização - ruas, praças e calçadas",22,13,6,0.5222313031361437,0.11504571938258235,0.00010703069278438929,0.16841016220671817,2.910807562474073e-08,0.14172794079465026,True
"Comércio varejista de mercadorias em geral, com predominância de produtos alimentícios - supermercados","Fabricação de artefatos de cerâmica e barro cozido para uso na construção, exceto azulejos e pisos",50,17,5,0.05566033391453518,0.10064567937828905,0.0002019548093544519,0.18156773818206187,2.958667727873053e-06,0.14110670878017545,True
Atividades de apoio à agricultura não especificadas anteriormente,Criação de bovinos para corte,13,30,10,0.5005849879347298,0.12085371511950924,0.00037289838444382604,0.16060002799497597,3.45894939956527e-05,0.14072687155724262,True
Comércio varejista de animais vivos e de artigos e alimentos para animais de estimação,Serviços combinados de escritório e apoio administrativo,22,14,6,0.491744629603691,0.09273792447496942,0.0019194418727827803,0.18713015740160538,2.5834093907957335e-08,0.1399340409382874,True
Comércio varejista de artigos do vestuário e acessórios,Construção de rodovias e ferrovias,46,17,8,0.30491771656790817,0.1593291154639375,6.691286576626492e-06,0.12027569404893569,4.592085059295241e-06,0.1398024047564366,True
Comércio varejista de animais vivos e de artigos e alimentos para animais de estimação,Restaurantes e similares,22,37,14,0.6107726242739717,0.0937477470407595,0.001442928281434942,0.1747957002234626,8.803453060099696e-08,0.13427172363211104,True
Atividade odontológica com recursos para realização de procedimentos cirúrgicos,"Fabricação de artefatos de cerâmica e barro cozido para uso na construção, exceto azulejos e pisos",39,17,5,0.06596384052948003,0.07341486196042517,0.0015329311896350394,0.19395738201186152,4.4093889589947005e-07,0.13368612198614335,True
Comércio varejista de bebidas,Criação de frangos para corte,27,10,5,0.495420492075686,0.11961663618825126,2.0924388539540024e-05,0.14774019179633593,4.133658619497293e-06,0.1336784139922936,True
Atividades de apoio à agricultura não especificadas anteriormente,Comércio varejista de medicamentos veterinários,13,26,6,0.22334035771373095,0.11920789066229688,0.0003133520415741505,0.14565240552367759,4.069634075638428e-08,0.13243014809298723,True
Construção de rodovias e ferrovias,Criação de bovinos para corte,17,30,6,0.15080812065948088,0.10406736150945542,7.005657686270021e-05,0.15385548170266727,3.948001131754843e-05,0.12896142160606133,True
Comércio varejista de animais vivos e de artigos e alimentos para animais de estimação,Criação de frangos para corte,22,10,6,0.41992647223112456,0.10298366414878639,0.00034575138631917597,0.1546362082911528,2.4192755372950563e-06,0.12880993621996958,True
Comércio varejista de artigos do vestuário e acessórios,Serviços combinados de escritório e apoio administrativo,46,14,6,0.22945377948256673,0.09172826448593202,0.005617381164413913,0.16567031237190166,3.917582207879557e-06,0.12869928842891684,True
Criação de frangos para corte,"Lanchonetes, casas de chá, de sucos e similares",10,32,6,0.3950217011815505,0.13656992191832742,1.5314576648948602e-05,0.12006636067439201,5.8038458518160325e-05,0.1283181412963597,True
Restaurantes e similares,Serviços combinados de escritório e apoio administrativo,37,14,10,0.5965518361601586,0.09614875039244208,0.0047953479719434755,0.1599105393658439,6.088710256479035e-06,0.12802964487914298,True
Atividades de associações de defesa de direitos sociais,Criação de bovinos para corte,19,30,9,0.14395800314954113,0.08519051797095997,0.0011909781269647923,0.1693401881822522,2.907829759666364e-06,0.12726535307660608,True
"Obras de urbanização - ruas, praças e calçadas",Padaria e confeitaria com predominância de revenda,13,26,6,0.45663130950947856,0.13928714749269558,1.2648151949773864e-05,0.11331532896453655,2.5498008775576263e-05,0.12630123822861605,True
Comércio varejista de animais vivos e de artigos e alimentos para animais de estimação,Comércio varejista de artigos de papelaria,22,14,9,0.6462233016991559,0.11585555437812246,8.83930127803536e-05,0.13505160357015997,2.246110993995728e-06,0.12545357897414122,True
Comércio varejista de artigos de papelaria,Construção de rodovias e ferrovias,14,17,5,0.42556572878195925,0.12244076003335548,8.76658199234346e-06,0.1284311624524306,5.917582060598673e-06,0.12543596124289305,True
"Comércio varejista de mercadorias em geral, com predominância de produtos alimentícios - hipermercados","Obras de urbanização - ruas, praças e calçadas",12,13,6,0.5515082647127857,0.10995879006177614,0.00010536607027017096,0.14058322261698067,3.3456039574148455e-06,0.1252710063393784,True
Criação de bovinos para corte,"Transporte rodoviário de carga, exceto produtos perigosos e mudanças, intermunicipal, interestadual e internacional",30,24,9,0.27124221811542226,0.15936444313882098,7.214180509668098e-06,0.09050850578458697,0.0006074984482743621,0.12493647446170397,True
Atividades de apoio à agricultura não especificadas anteriormente,Cultivo de soja,13,21,6,0.4531865897498826,0.1057666503146314,0.001949818248249525,0.14242420690820454,0.0007008546773633545,0.12409542861141797,True
Comércio varejista de gás liqüefeito de petróleo (GLP),"Comércio varejista de produtos farmacêuticos, com manipulação de fórmulas",34,13,6,0.45140931202777135,0.14789548437733188,9.337700216359342e-07,0.09475896398500105,3.470201231172599e-05,0.12132722418116647,True
Criação de bovinos para corte,Serviços advocatícios,30,18,5,0.13212674554816353,0.15813057416281961,9.709136099495328e-06,0.0822837844235243,0.0003702127533904291,0.12020717929317196,True
Comércio varejista de gás liqüefeito de petróleo (GLP),"Comércio varejista de mercadorias em geral, com predominância de produtos alimentícios - hipermercados",34,12,6,0.34781090803563086,0.12512657322427237,8.03914076237775e-06,0.11290936211212162,6.477743890254196e-05,0.119017967668197,True
Construção de rodovias e ferrovias,Restaurantes e similares,17,37,10,0.4898317638379311,0.09200498423982914,0.000592687521320784,0.14547912440475516,8.152940157062897e-06,0.11874205432229215,True
Atividades de associações de defesa de direitos sociais,Construção de edifícios,19,67,12,0.2757374205339472,0.06786300867120665,0.007342592561560428,0.16917687177579363,2.1382359241208746e-08,0.11851994022350014,True
Comércio varejista de artigos de papelaria,"Obras de urbanização - ruas, praças e calçadas",14,13,6,0.5742640607662762,0.1007401415832957,0.00019902193842957655,0.1338328983049178,1.3835098264824018e-05,0.11728651994410674,True
Comércio varejista de gás liqüefeito de petróleo (GLP),"Lanchonetes, casas de chá, de sucos e similares",34,32,15,0.45201396728608495,0.11042914641478796,0.00017508222053193184,0.12208592827650719,2.3027513999104162e-05,0.11625753734564757,True
Comércio varejista de artigos de papelaria,Comércio varejista de bebidas,14,27,8,0.5162548128437984,0.11622159569542702,1.592757069784088e-05,0.11603251959537522,3.878707949944071e-05,0.11612705764540113,True
Atividades de associações de defesa de direitos sociais,Comércio varejista de artigos do vestuário e acessórios,19,46,11,0.34631077188394843,0.08856557250383242,0.0009703034287057861,0.14176138857545909,4.877508112115286e-05,0.11516348053964576,True
Comércio varejista de bebidas,Comércio varejista de gás liqüefeito de petróleo (GLP),27,34,8,0.3320324422827757,0.12139795143261664,2.5917918180992256e-05,0.1086901096232217,0.00019906795940635944,0.11504403052791917,True
Construção de edifícios,Construção de rodovias e ferrovias,67,17,12,0.34677314898366546,0.15650377365337587,9.640740146063828e-07,0.07290610073815877,0.003958144912466843,0.11470493719576733,True
Comércio varejista de animais vivos e de artigos e alimentos para animais de estimação,"Lanchonetes, casas de chá, de sucos e similares",22,32,15,0.6140535429125037,0.08360035907736246,0.00478283015970747,0.14315431952232474,1.471540023521978e-06,0.1133773392998436,True
Atividades de organizações religiosas,Fabricação de móveis com predominância de madeira,30,15,5,0.15484633023148606,0.1346161767401461,4.396549278448793e-06,0.08949456030776116,0.0013877516624566679,0.11205536852395362,True
Comércio a varejo de peças e acessórios novos para motocicletas e motonetas,Criação de frangos para corte,26,10,6,0.5116697880299239,0.08867243102804798,0.0003526243424730018,0.13402071227763315,4.724899433640404e-06,0.11134657165284056,True
Hotéis,Restaurantes e similares,22,37,16,0.6744575829030192,0.12471984814859859,0.0020891321494718638,0.097584143820771,0.002818359071949218,0.1111519959846848,True
Hotéis,Serviços combinados de escritório e apoio administrativo,22,14,10,0.4625366846604987,0.04495545189640375,0.15249365968971818,0.17652412844571927,5.824235604734257e-07,0.1107397901710615,False
"Comércio varejista de suvenires, bijuterias e artesanatos","Obras de urbanização - ruas, praças e calçadas",10,13,5,0.5101740129553579,0.07324113415729354,0.0016860624033753393,0.14823528202687525,2.9808802376053384e-06,0.1107382080920844,True
Educação infantil - pré-escola,"Obras de urbanização - ruas, praças e calçadas",25,13,9,0.550931182886727,0.09974242417304416,0.00034256188305494776,0.12134262142003042,7.040975575700351e-05,0.11054252279653728,True
Comércio varejista de animais vivos e de artigos e alimentos para animais de estimação,Educação infantil - pré-escola,22,25,14,0.6483904090293254,0.09972900410729221,0.0006877041562578809,0.11821291415713774,2.1922147685477652e-05,0.10897095913221497,True
Comércio varejista de gás liqüefeito de petróleo (GLP),Padaria e confeitaria com predominância de revenda,34,26,9,0.3732947111899878,0.10672950748552915,0.00020142734435786233,0.10947735869100293,0.00014593988189487303,0.10810343308826603,True
Construção de edifícios,Ensino fundamental,67,11,7,0.14344997628978082,0.15978481200444247,9.652213010366282e-07,0.05525878094706604,0.018987234580070764,0.10752179647575426,True
Comércio varejista de materiais de construção em geral,Serviços combinados de escritório e apoio administrativo,98,14,8,0.17900834523261003,0.09947410338838084,0.0004347572336277187,0.11450608437063718,0.0005302377076737533,0.106990093879509,True
"Comércio varejista de suvenires, bijuterias e artesanatos",Padaria e confeitaria com predominância de revenda,10,26,9,0.5609975156389727,0.09008626882889982,0.0002783363683887795,0.12330159459643526,1.0117391162952567e-05,0.10669393171266754,True
"Comércio varejista de mercadorias em geral, com predominância de produtos alimentícios - minimercados, mercearias e armazéns",Criação de bovinos para corte,130,30,19,0.08285467413359505,0.0952912290124755,0.0006740424749792409,0.11660874320196057,0.0010632286378185398,0.10594998610721804,True
Comércio varejista de animais vivos e de artigos e alimentos para animais de estimação,Comércio varejista de artigos do vestuário e acessórios,22,46,13,0.3903008641319711,0.06989422188687429,0.016079336653281272,0.14044373606338886,6.003635517718761e-05,0.10516897897513158,True
"Comércio atacadista de mercadorias em geral, com predominância de produtos alimentícios",Comércio varejista de bebidas,12,27,6,0.4234889867271837,0.11140505806345266,0.00014066004007874403,0.09889410073344529,0.00030533448109297474,0.10514957939844898,True
Comércio varejista de artigos do vestuário e acessórios,Criação de bovinos para corte,46,30,13,0.3917006484703351,0.08042781157531177,0.015053685216229474,0.12888119857842326,0.0003292250742487963,0.10465450507686752,True
Comércio varejista de bebidas,Construção de rodovias e ferrovias,27,17,8,0.4791745311142542,0.107926309053613,0.0002016428545925645,0.10073617168868143,0.00017735776182476893,0.10433124037114722,True
Comércio varejista de bebidas,"Obras de urbanização - ruas, praças e calçadas",27,13,7,0.5406391893292549,0.0837809705145889,0.001710579817223633,0.1244768990555614,0.00013373912740197803,0.10412893478507515,True
Comércio varejista de móveis,Cultivo de soja,74,21,9,0.08728455273681397,0.09143549906133537,0.001463705740949553,0.11631906901231857,0.0020598802672280483,0.10387728403682697,True
Comércio varejista de artigos de papelaria,Criação de bovinos para corte,14,30,6,0.22783720042808034,0.06995659693943732,0.009159823703403343,0.1376862889508433,0.0001542003842173615,0.10382144294514031,True
Comércio varejista de animais vivos e de artigos e alimentos para animais de estimação,Comércio varejista de bebidas,22,27,11,0.529724769687244,0.08335779884456007,0.0032680992119634845,0.12393625548511174,5.417658008769924e-06,0.1036470271648359,True
Comércio varejista de gás liqüefeito de petróleo (GLP),Comércio varejista de madeira e artefatos,34,15,5,0.302312162119368,0.11953233522766496,4.747477581765106e-05,0.08754844903239745,0.00020520732505913578,0.1035403921300312,True
Comércio varejista de animais vivos e de artigos e alimentos para animais de estimação,Comércio varejista de gás liqüefeito de petróleo (GLP),22,34,9,0.4510994600596727,0.08583685607331261,0.003130760894009072,0.12064654415169024,5.2884857522080725e-05,0.10324170011250142,True
Comércio varejista de animais vivos e de artigos e alimentos para animais de estimação,Construção de rodovias e ferrovias,22,17,6,0.39361937001831554,0.09310164221488974,0.001215464744976281,0.11194420227205894,1.980017845649791e-05,0.10252292224347434,True
Educação infantil - pré-escola,Serviços combinados de escritório e apoio administrativo,25,14,7,0.5377225762973515,0.07099722838200236,0.006564758079888791,0.13348607940420115,0.0001042393811177035,0.10224165389310175,True
Comércio varejista de mercadorias em lojas de conveniência,Construção de edifícios,11,67,6,0.16154890137551098,0.06304092207887224,0.007036599176047279,0.1402525605202502,8.26684980232302e-06,0.10164674129956122,True
Construção de rodovias e ferrovias,Serviços combinados de escritório e apoio administrativo,17,14,5,0.47972932543652513,0.06764203237339313,0.006210994922060559,0.13365713141501956,0.000111636740594904,0.10064958189420634,True
Comércio varejista de animais vivos e de artigos e alimentos para animais de estimação,Padaria e confeitaria com predominância de revenda,22,26,10,0.4864267337103122,0.08617750933213089,0.003237965966188199,0.11509806206399377,5.321416505258445e-05,0.10063778569806234,True
Atividades de organizações religiosas,Comércio varejista especializado de eletrodomésticos e equipamentos de áudio e vídeo,30,20,7,0.14382216907405665,0.10736615550898261,0.00024072695681004317,0.09382911376997329,0.0033954824831035455,0.10059763463947795,True
"Fabricação de artefatos de cerâmica e barro cozido para uso na construção, exceto azulejos e pisos",Serviços de comunicação multimídia - SCM,17,47,7,0.0695212312625197,0.14565317834753455,0.00015089071204764279,0.055468843451965275,0.01574309115535874,0.10056101089974992,True
"Comércio varejista de produtos farmacêuticos, com manipulação de fórmulas",Construção de edifícios,13,67,11,0.2677074561610007,0.0649140065233339,0.0034813238040912247,0.13604140685283014,4.6771636936095116e-06,0.10047770668808202,True
Construção de rodovias e ferrovias,Educação infantil - pré-escola,17,25,12,0.6566340450673571,0.10008860224976546,0.00011646855927681641,0.10082424608505797,0.00031638553391734624,0.10045642416741171,True
Padaria e confeitaria com predominância de revenda,Serviços de engenharia,26,17,8,0.38432278985736107,0.1216671741556069,3.8631430638120504e-05,0.07919504458460526,0.001162455862759454,0.10043110937010608,True
Construção de rodovias e ferrovias,"Lanchonetes, casas de chá, de sucos e similares",17,32,9,0.4240920159431131,0.08060500162760817,0.0020301594769710726,0.12025704493492581,5.333983837627338e-05,0.10043102328126699,True
Comércio varejista de animais vivos e de artigos e alimentos para animais de estimação,Construção de edifícios,22,67,16,0.3448645214731901,0.05617407401926496,0.03442736900583095,0.14373026604776598,1.2342469940771945e-06,0.09995217003351548,True
Comércio varejista de gás liqüefeito de petróleo (GLP),"Transporte rodoviário de carga, exceto produtos perigosos e mudanças, intermunicipal, interestadual e internacional",34,24,9,0.4121293839328625,0.11299312377154766,7.120084851803618e-05,0.08687097661010033,0.0008747132855679682,0.09993205019082399,True
Comércio varejista de gás liqüefeito de petróleo (GLP),Serviços de engenharia,34,17,6,0.31482728160497464,0.12162865898768109,5.6718757931858275e-05,0.07760130307980856,0.00121365700455914,0.09961498103374483,True
"Comércio varejista de produtos farmacêuticos, sem manipulação de fórmulas",Criação de bovinos para corte,156,30,23,0.20423635040103666,0.07766679192062738,0.006083915913253717,0.12129537303349305,0.0009614401223137889,0.09948108247706022,True
Comércio varejista de artigos do vestuário e acessórios,Comércio varejista de mercadorias em lojas de conveniência,46,11,5,0.16264160326003368,0.12814385117162738,0.0007033365205060817,0.07000869672992587,0.0031041654136787617,0.09907627395077662,True
Comércio a varejo de peças e acessórios novos para motocicletas e motonetas,Comércio varejista de gás liqüefeito de petróleo (GLP),26,34,9,0.3915838847813706,0.08936711895309978,0.0001526120977899491,0.10858228247540552,0.00019325033543548967,0.09897470071425266,True
Comércio varejista especializado de equipamentos de telefonia e comunicação,Criação de frangos para corte,21,10,5,0.43497534976756486,0.08034204009735887,0.0012845457849120139,0.11757029238071279,0.00024285734312450718,0.09895616623903583,True
Comércio varejista de artigos do vestuário e acessórios,Comércio varejista de bebidas,46,27,10,0.19382743666186672,0.11302816664133764,0.000527480172795506,0.0830347292956487,0.0015449966160497194,0.09803144796849317,True
Comércio varejista de madeira e artefatos,Comércio varejista de materiais de construção em geral,15,98,12,0.35886284220220754,0.07685320797574903,0.0015529302225449227,0.11904260682905647,3.091934093751086e-05,0.09794790740240275,True
Comércio varejista de animais vivos e de artigos e alimentos para animais de estimação,Serviços de engenharia,22,17,7,0.5644052294117854,0.10636093606015684,0.0002947458314726594,0.08949008802210966,0.0006377512323298432,0.09792551204113326,True
Comércio varejista de animais vivos e de artigos e alimentos para animais de estimação,Comércio varejista de mercadorias em lojas de conveniência,22,11,7,0.6318800787359651,0.11552492446371063,8.821317569822777e-05,0.07857921960455505,0.0009802133776476844,0.09705207203413284,True
Comércio varejista de artigos do vestuário e acessórios,Serviços de engenharia,46,17,6,0.23452381355466007,0.11557300952564277,0.0014986981872724002,0.07845808024044784,0.001566328853837187,0.09701554488304531,True
Atividades de apoio à agricultura não especificadas anteriormente,Comércio varejista de artigos do vestuário e acessórios,13,46,9,0.4265943036246893,0.09985460357197014,0.001976977137732933,0.09399204195235313,0.005098390852255612,0.09692332276216163,True
Comércio a varejo de peças e acessórios novos para motocicletas e motonetas,Construção de rodovias e ferrovias,26,17,5,0.3137709244974403,0.08415059478350399,0.0003133488362058641,0.10957147407087735,3.522590207942629e-05,0.09686103442719067,True
Comércio varejista de bebidas,Restaurantes e similares,27,37,18,0.6323172443277845,0.08384173523425242,0.0014947060160549642,0.1096927702377057,0.0009875695341725627,0.09676725273597905,True
Comércio varejista de artigos de papelaria,Padaria e confeitaria com predominância de revenda,14,26,7,0.5002430401173842,0.09317780354391221,0.0005755222508427038,0.10003511093571239,0.00036178261796756725,0.0966064572398123,True
Comércio varejista de artigos do vestuário e acessórios,Comércio varejista de produtos alimentícios em geral ou especializado em produtos alimentícios não especificados anteriormente,46,20,10,0.2820596750514957,0.11376663675461476,0.00038290834009691764,0.07878689262817236,0.001559064008562846,0.09627676469139357,True
Casas lotéricas,Educação infantil - pré-escola,51,25,13,0.3620778548199685,0.11038773544074178,0.00021876562159985148,0.08191196376233924,0.0022389736820714497,0.09614984960154051,True
Comércio varejista de gás liqüefeito de petróleo (GLP),Criação de bovinos para corte,34,30,11,0.24563309843785405,0.06718848533360558,0.01356698422244584,0.12401560741400194,0.0005418311425109048,0.09560204637380376,True
Casas lotéricas,Comércio varejista de artigos de papelaria,51,14,7,0.325721797805846,0.10660530659667347,0.0005862527091915286,0.08451041911414918,0.0019311728403667236,0.09555786285541132,True
Casas lotéricas,Comércio varejista de mercadorias em lojas de conveniência,51,11,6,0.21711466852763806,0.12233590723051761,4.5997244354421415e-05,0.06858781599481022,0.0033523347947806916,0.09546186161266391,True
Comércio varejista de artigos do vestuário e acessórios,Restaurantes e similares,46,37,17,0.43397092340266147,0.09174452372133376,0.0062706809499545125,0.09882536630123809,0.002913814041303569,0.09528494501128593,True
Criação de frangos para corte,Educação infantil - pré-escola,10,25,5,0.28556875332151516,0.10291743641141282,0.0008630956407599949,0.0872827557483888,0.0010846178866787029,0.0951000960799008,True
Comércio varejista de gás liqüefeito de petróleo (GLP),Restaurantes e similares,34,37,14,0.4079636707511691,0.08194265282115605,0.0037288102015866796,0.10642538229313354,0.0007752314163498031,0.0941840175571448,True
Atividades de apoio à agricultura não especificadas anteriormente,Atividades de contabilidade,13,28,5,0.16116999393664824,0.1092437525171254,0.0014743292709925658,0.07869288390539839,0.0009532520589339209,0.09396831821126189,True
Comércio varejista de artigos do vestuário e acessórios,Ensino fundamental,46,11,8,0.26113173128348854,0.12768770306050284,0.0002960853930116147,0.05960746165407848,0.013533268365334302,0.09364758235729066,True
Comércio varejista especializado de eletrodomésticos e equipamentos de áudio e vídeo,Ensino fundamental,20,11,5,0.2008045669275949,0.11353702517053763,0.0007297869603474894,0.07336322630177541,0.003060240771687065,0.09345012573615652,True
Comércio varejista de animais vivos e de artigos e alimentos para animais de estimação,Comércio varejista de materiais de construção em geral,22,98,17,0.374162411861374,0.06021989275847815,0.021609214590769994,0.126479542619261,2.0175043257329446e-05,0.09334971768886957,True
"Obras de urbanização - ruas, praças e calçadas",Restaurantes e similares,13,37,8,0.45479629210015093,0.1032200185185105,0.000575463584116292,0.08324376492364945,0.005129734918499184,0.09323189172107997,True
Atividades de contabilidade,Criação de frangos para corte,28,10,5,0.330889610035293,0.0667199656852582,0.004028686211385732,0.11889506387953003,4.416113768542048e-05,0.09280751478239412,True
Atividades de apoio à agricultura não especificadas anteriormente,Construção de edifícios,13,67,10,0.32334747337853575,0.06536952608876813,0.033746261330588855,0.11996054639652462,8.048435508652112e-05,0.09266503624264638,True
Atividades do Correio Nacional,Padaria e confeitaria com predominância de revenda,54,26,7,0.182257716012076,0.10442747556035949,0.00037718422632169036,0.08062924638408447,0.002356796889731924,0.09252836097222197,True
Comércio varejista de bebidas,Padaria e confeitaria com predominância de revenda,27,26,13,0.5037251177520385,0.0965516477312509,0.0004319326553989468,0.08774383125632335,0.0011276413631173402,0.09214773949378713,True
Comércio varejista de bebidas,"Comércio varejista de mercadorias em geral, com predominância de produtos alimentícios - hipermercados",27,12,6,0.4503276708037439,0.07862978128870345,0.0036755392096578985,0.10480701330369419,0.00020490742740466946,0.09171839729619882,True
Comércio varejista de artigos do vestuário e acessórios,"Obras de urbanização - ruas, praças e calçadas",46,13,5,0.11802577049919608,0.09711219794701471,0.0035639534945482018,0.08618723608708766,0.004324836358904512,0.09164971701705119,True
Atividades de apoio à agricultura não especificadas anteriormente,Atividades de associações de defesa de direitos sociais,13,19,5,0.3152194750892416,0.11299363103950441,0.0012279410829785814,0.07017985529562815,0.007583722327532075,0.09158674316756628,True
Comércio varejista de materiais de construção em geral,Comércio varejista de mercadorias em lojas de conveniência,98,11,9,0.23803038675468338,0.1252186036948256,1.3488665717936074e-05,0.0578350518743181,0.012413840693257525,0.09152682778457186,True
Criação de bovinos para corte,Serviços de engenharia,30,17,7,0.15810089423334248,0.1270923182551956,0.00046753474171341765,0.055844498489706636,0.02081010838628498,0.09146840837245111,True
Casas lotéricas,Comércio varejista de madeira e artefatos,51,15,7,0.2682838179040918,0.11964663970084984,0.00012060801368616947,0.06320646643347366,0.006316984870735331,0.09142655306716174,True
Casas lotéricas,Comércio varejista de animais vivos e de artigos e alimentos para animais de estimação,51,22,12,0.32096634139934965,0.11097939540707563,0.00043064691561955795,0.0705056053701469,0.01175317566786668,0.09074250038861126,True
Coleta de resíduos não-perigosos,Padaria e confeitaria com predominância de revenda,11,26,6,0.36640119565774776,0.0723776478932397,0.0030611342549051114,0.10866711902478841,0.0001113235042383071,0.09052238345901406,True
Construção de edifícios,Criação de frangos para corte,67,10,7,0.24539820527436218,0.12651702752406455,3.006775130906744e-05,0.05253180204045173,0.05452348094167983,0.08952441478225814,False
"Comércio atacadista de mercadorias em geral, com predominância de produtos alimentícios",Padaria e confeitaria com predominância de revenda,12,26,7,0.350689722965801,0.0886885207777109,0.001077211644973781,0.08917583246174723,0.0016147151296510653,0.08893217661972908,True
"Atividades de consultoria em gestão empresarial, exceto consultoria técnica específica",Comércio varejista de gás liqüefeito de petróleo (GLP),12,34,5,0.33672675387453044,0.07905122761243848,0.0007136749809384826,0.09845787231242925,0.0007142995716291229,0.08875454996243387,True
"Comércio atacadista de mercadorias em geral, com predominância de produtos alimentícios",Serviços combinados de escritório e apoio administrativo,12,14,7,0.6069236928500851,0.055532889073893414,0.033466050282133813,0.12196511966410611,0.0012378017537292131,0.08874900436899977,True
"Comércio varejista de produtos farmacêuticos, sem manipulação de fórmulas",Cultivo de arroz,156,10,9,0.15266548028949165,0.08746248395877988,0.001352618156963749,0.08991788668135761,0.016169169307902933,0.08869018532006875,True
Comércio varejista de gás liqüefeito de petróleo (GLP),Construção de rodovias e ferrovias,34,17,8,0.3816345971611363,0.097438525539761,0.0007096533290266396,0.07981505496892391,0.0015521380935370117,0.08862679025434245,True
Comércio a varejo de peças e acessórios novos para veículos automotores,"Fabricação de artefatos de cerâmica e barro cozido para uso na construção, exceto azulejos e pisos",34,17,5,0.06261186613617839,0.06683344400695647,0.002861919996208489,0.1101151175931234,0.0019159701408079943,0.08847428080003994,True
Comércio varejista de artigos do vestuário e acessórios,Educação infantil - pré-escola,46,25,15,0.45689604406727513,0.10265618833998609,0.0031165870764999055,0.07396424903232204,0.00532030251251495,0.08831021868615407,True
Criação de bovinos para corte,Serviços de manutenção e reparação mecânica de veículos automotores,30,14,8,0.25564290572981146,0.13111795067244825,0.0003370784642288124,0.04484164913023248,0.040057636466427834,0.08797979990134036,True
Comércio varejista de artigos de papelaria,Educação infantil - pré-escola,14,25,11,0.6615567585005538,0.08500707840862047,0.0014170185949202736,0.0904263887291253,0.0015743393847870862,0.08771673356887288,True
Atividades de organizações religiosas,Comércio varejista de artigos do vestuário e acessórios,30,46,9,0.07654689921095985,0.07288551503820995,0.0072346974516423,0.10241363268099178,0.0035738517668854105,0.08764957385960087,True
Comércio varejista de gás liqüefeito de petróleo (GLP),Comércio varejista de materiais de construção em geral,34,98,20,0.14755570547933622,0.05467907603798051,0.030413585250194285,0.12044095513993566,8.070357382807348e-05,0.08756001558895808,True
"Lanchonetes, casas de chá, de sucos e similares",Padaria e confeitaria com predominância de revenda,32,26,14,0.5034582204297199,0.09217121055539194,0.0011662121663996803,0.08278249658364668,0.0016461638274115993,0.08747685356951931,True
Comércio varejista de artigos de papelaria,Restaurantes e similares,14,37,11,0.5995796558449263,0.07807616843023422,0.0032576813784275537,0.09677340816216431,0.0022623900014286697,0.08742478829619926,True
Casas lotéricas,"Obras de urbanização - ruas, praças e calçadas",51,13,6,0.29901383754251276,0.11072262239593961,0.0003432682176210368,0.06410497865788456,0.02318490538600543,0.08741380052691208,True
"Comércio varejista de produtos farmacêuticos, com manipulação de fórmulas",Padaria e confeitaria com predominância de revenda,13,26,9,0.5154927542466559,0.06367328965187236,0.0050091520491911635,0.110892620863455,9.175254619594992e-05,0.08728295525766368,True
Comércio varejista de mercadorias em lojas de conveniência,Educação infantil - pré-escola,11,25,7,0.5456667488556346,0.0659556927496156,0.006750398230614724,0.10835134767913268,8.264682585965321e-05,0.08715352021437414,True
Comércio varejista especializado de eletrodomésticos e equipamentos de áudio e vídeo,Construção de rodovias e ferrovias,20,17,6,0.29565576772562097,0.09109721660584184,0.005316063784837345,0.08240883698253444,0.0016657761750988138,0.08675302679418814,True
Formação de condutores,Hotéis,19,22,8,0.4541816678991674,0.04268928123742223,0.07429777910055037,0.1305302123266556,0.002148170518463462,0.08660974678203892,False
Comércio varejista de mercadorias em lojas de conveniência,Padaria e confeitaria com predominância de revenda,11,26,6,0.3756802483347738,0.0608959290527031,0.007743101566133453,0.11155426480251221,7.329466132732747e-05,0.08622509692760766,True
Comércio varejista especializado de equipamentos de telefonia e comunicação,Construção de rodovias e ferrovias,21,17,10,0.5517468784692753,0.08125827328253296,0.001124658862491223,0.09083692024957322,0.0003505029836030802,0.08604759676605309,True
Comércio varejista de artigos do vestuário e acessórios,Construção de edifícios,46,67,24,0.43777553799042296,0.06981407669433187,0.026712906658207365,0.10227892364234524,0.00039064217371995283,0.08604650016833856,True
"Comércio varejista de produtos farmacêuticos, sem manipulação de fórmulas","Fabricação de artefatos de cerâmica e barro cozido para uso na construção, exceto azulejos e pisos",156,17,12,-0.05588351862729346,0.054229477812132505,0.03048675743597598,0.11785771668951495,0.0016032697876845604,0.08604359725082372,True
Comércio varejista de artigos do vestuário e acessórios,Criação de frangos para corte,46,10,5,0.21308451727143657,0.10606645773321616,0.0018088462992013866,0.06495761010717514,0.02002781368368888,0.08551203392019566,True
Criação de frangos para corte,Restaurantes e similares,10,37,6,0.4413190022374611,0.08722527535106478,0.002852086179949215,0.0833139713169188,0.007858634488843825,0.0852696233339918,True
Construção de edifícios,Serviços de engenharia,67,17,12,0.2583535597822532,0.12021220440542729,5.6532266171801546e-05,0.049952245921779936,0.024241219662585137,0.08508222516360361,True
Educação infantil - pré-escola,Restaurantes e similares,25,37,18,0.6980037908631243,0.06833517484099436,0.007978615748818014,0.10167839445701181,0.001049423615905748,0.08500678464900308,True
Comércio varejista de gás liqüefeito de petróleo (GLP),Comércio varejista de hortifrutigranjeiros,34,20,8,0.43595979154382775,0.08725757648424241,0.0025941265770490426,0.0822161125462614,0.001186558464138488,0.0847368445152519,True
Comércio varejista de gás liqüefeito de petróleo (GLP),Fabricação de produtos de panificação industrial,34,15,7,0.4447438928419837,0.10472319064056293,0.0002482988809050021,0.06473992859852501,0.009890642394085259,0.08473155961954397,True
Comércio varejista de artigos do vestuário e acessórios,Hotéis,46,22,12,0.49193937554566536,0.059227708965033175,0.06533501407700276,0.1098286407850391,0.0040428882800389926,0.08452817487503614,False
Comércio varejista de animais vivos e de artigos e alimentos para animais de estimação,"Comércio varejista de suvenires, bijuterias e artesanatos",22,10,5,0.47382896617443876,0.0796686405625107,0.005940477821865684,0.08936175265398627,0.0004710207828813121,0.0845151966082485,True
Comércio varejista de bebidas,"Lanchonetes, casas de chá, de sucos e similares",27,32,16,0.5746765499284069,0.07977775658701795,0.0035291886071091515,0.0890449264349557,0.002289643740258722,0.08441134151098684,True
Comércio varejista de mercadorias em lojas de conveniência,"Lanchonetes, casas de chá, de sucos e similares",11,32,7,0.49989260141213726,0.06325939436935615,0.006379152392697505,0.1046734080099492,0.00016086441846245168,0.08396640118965268,True
Construção de rodovias e ferrovias,Padaria e confeitaria com predominância de revenda,17,26,10,0.4533679990315582,0.08148565311368788,0.0008260856654400405,0.08600744938390678,0.001728655018736418,0.08374655124879733,True
Caixas econômicas,Restaurantes e similares,12,37,9,0.3928247992307629,0.06789740521406316,0.004358772175053885,0.09924634223128521,0.002412089443557953,0.08357187372267419,True
Caixas econômicas,Comércio varejista de artigos de papelaria,12,14,5,0.39327392988322923,0.09918754730170723,8.747478527616045e-05,0.06785450258895206,0.011583174791683876,0.08352102494532965,True
Comércio varejista de gás liqüefeito de petróleo (GLP),Comércio varejista especializado de equipamentos de telefonia e comunicação,34,21,8,0.350834519885676,0.09723464442052357,0.0007209142716037195,0.06957779182639247,0.004105736757404215,0.08340621812345803,True
Caixas econômicas,"Comércio varejista de produtos farmacêuticos, sem manipulação de fórmulas",12,156,11,0.339127258323507,0.0785372473385544,0.0008499555527675002,0.08790331423563379,0.0016086487584787998,0.08322028078709409,True
Atividades de condicionamento físico,Serviços combinados de escritório e apoio administrativo,22,14,10,0.6993957371888433,0.02740998830347916,0.1307728158990945,0.13862739398131668,3.3050342702115035e-05,0.08301869114239792,False
Comércio varejista de materiais de construção em geral,Construção de rodovias e ferrovias,98,17,14,0.3475027538384237,0.10650612841168479,0.00014467659118557754,0.05948863606195704,0.014751474607405054,0.08299738223682092,True
"Comércio varejista de mercadorias em geral, com predominância de produtos alimentícios - hipermercados",Padaria e confeitaria com predominância de revenda,12,26,6,0.42362489847329216,0.08768065697980137,0.0014139949102228888,0.07821273321370255,0.004193634804299827,0.08294669509675195,True
Criação de bovinos para corte,Criação de frangos para corte,30,10,5,0.23152704309421504,0.09222375383725062,0.00970899427706806,0.07355574342223133,0.00958348594816419,0.08288974862974097,True
Comércio varejista de animais vivos e de artigos e alimentos para animais de estimação,Comércio varejista especializado de equipamentos de telefonia e comunicação,22,21,11,0.6292453954766849,0.07929523077143422,0.004375148841319299,0.08583094039900444,0.0007013741065643856,0.08256308558521933,True
Comércio varejista de produtos alimentícios em geral ou especializado em produtos alimentícios não especificados anteriormente,Serviços combinados de escritório e apoio administrativo,20,14,8,0.6372544775989463,0.026380459173333967,0.16161922577762,0.1386587891542124,7.384097407484388e-05,0.08251962416377318,False
Atividades de organizações religiosas,Comércio varejista de animais vivos e de artigos e alimentos para animais de estimação,30,22,8,0.2144380524287267,0.09546210084224216,0.0008654522848332377,0.06894371610591421,0.014279272912568908,0.08220290847407818,True
Comércio varejista de materiais de construção em geral,Educação infantil - pré-escola,98,25,18,0.45306100800543864,0.10091556662106224,0.00042535949881215363,0.06307819719592021,0.017960202406749438,0.08199688190849122,True
"Atividades de consultoria em gestão empresarial, exceto consultoria técnica específica",Padaria e confeitaria com predominância de revenda,12,26,8,0.5232007736099443,0.07450623940911814,0.0014336412614021112,0.08909112518458166,0.0012827011999733938,0.0817986822968499,True
Comércio varejista de artigos do vestuário e acessórios,"Comércio varejista de produtos farmacêuticos, com manipulação de fórmulas",46,13,7,0.26129052026050464,0.09769451638264226,0.005150442947484767,0.06502735915164144,0.0031207070261644303,0.08136093776714184,True
Construção de rodovias e ferrovias,Hotéis,17,22,7,0.3269627176283277,0.04123551442735711,0.06947532340575416,0.12125793020070744,0.002251236032085237,0.08124672231403227,False
Comércio varejista de madeira e artefatos,Padaria e confeitaria com predominância de revenda,15,26,8,0.5344068131604973,0.07381306392608145,0.0021480746240315715,0.08843282940032011,0.0016327627059545989,0.08112294666320077,True
Comércio varejista de animais vivos e de artigos e alimentos para animais de estimação,"Comércio varejista de produtos farmacêuticos, com manipulação de fórmulas",22,13,8,0.5883446494498595,0.08835406923288323,0.0032606928035708296,0.07374133668869681,0.0011772281700042687,0.08104770296079003,True
Atividades do Correio Nacional,"Lanchonetes, casas de chá, de sucos e similares",54,32,9,0.04929951188763404,0.0688783581267448,0.014896442351513535,0.09289814658636195,0.0012212094715285825,0.08088825235655336,True
Casas lotéricas,Comércio varejista especializado de equipamentos de telefonia e comunicação,51,21,9,0.3021449481991921,0.09280519015148742,0.0013796587188398771,0.0686762859544908,0.004608984905858654,0.0807407380529891,True
Administração pública em geral,Criação de bovinos para corte,94,30,11,-0.0011778276853571612,0.09005236511159186,0.0009156580386989927,0.07127083544886224,0.026072512091840354,0.08066160028022705,True
Atividades de apoio à agricultura não especificadas anteriormente,"Transporte rodoviário de carga, exceto produtos perigosos e mudanças, intermunicipal, interestadual e internacional",13,24,7,0.2711790486604577,0.08008272119764119,0.018410758538006434,0.08099328119181261,0.002345076939607868,0.0805380011947269,True
Comércio a varejo de peças e acessórios novos para motocicletas e motonetas,Comércio varejista de artigos do vestuário e acessórios,26,46,12,0.28423889969776533,0.060180299675228074,0.006902098207004577,0.10078738413473877,0.0026087273272631124,0.08048384190498342,True
Comércio varejista de artigos do vestuário e acessórios,Cultivo de soja,46,21,6,0.0743000560779895,0.0730068175819281,0.025436133208037285,0.08772689075665233,0.01505182937429052,0.08036685416929021,True
"Comercio varejista de artigos de cama, mesa e banho",Comércio varejista de animais vivos e de artigos e alimentos para animais de estimação,14,22,8,0.3848958477970824,0.09813153774195528,0.000266027721514328,0.06234887911153022,0.025173327590135353,0.08024020842674275,True
"Lanchonetes, casas de chá, de sucos e similares","Obras de urbanização - ruas, praças e calçadas",32,13,9,0.5422431769344314,0.06802800977255115,0.011728478489081404,0.0921540793034581,0.0011751547186969052,0.08009104453800463,True
"Comércio varejista de mercadorias em geral, com predominância de produtos alimentícios - minimercados, mercearias e armazéns",Criação de frangos para corte,130,10,6,0.08678499211977803,0.08264675391246774,0.002595163322460817,0.07709410766067135,0.008662104555814362,0.07987043078656955,True
Casas lotéricas,"Comércio varejista de produtos farmacêuticos, com manipulação de fórmulas",51,13,5,0.17324676321794868,0.09533388654593043,0.0015375016436538467,0.06412962947732984,0.004645630830020247,0.07973175801163013,True
Comércio varejista de artigos de papelaria,Serviços de engenharia,14,17,6,0.5498099159197419,0.09288192496579574,0.0009290078967776202,0.06642239279845384,0.005462401730959418,0.07965215888212479,True
Comércio varejista de artigos do vestuário e acessórios,"Comércio varejista de mercadorias em geral, com predominância de produtos alimentícios - supermercados",46,50,20,0.4825016274202023,0.09324596463807933,0.004727934668967985,0.06594808449986074,0.008408900338067246,0.07959702456897003,True
Comércio varejista de artigos de papelaria,Serviços combinados de escritório e apoio administrativo,14,14,6,0.502817074437583,0.06015872652883449,0.015669099571502764,0.0989007000173755,0.005741828030242691,0.079529713273105,True
Comércio varejista de artigos do vestuário e acessórios,Comércio varejista de gás liqüefeito de petróleo (GLP),46,34,16,0.3152836843664569,0.10074360592034434,0.0037758045036899723,0.05785205425967352,0.031900721067468975,0.07929783009000893,True
Comércio varejista de bebidas,Construção de edifícios,27,67,18,0.4092397790624435,0.047695702177956004,0.05172091687256494,0.11075598428826806,0.00018304828397068459,0.07922584323311203,False
Comércio varejista de gás liqüefeito de petróleo (GLP),Educação infantil - pré-escola,34,25,11,0.36325879767685104,0.08572252838624396,0.0013100436408100026,0.0727212942845946,0.006864072144125003,0.07922191133541928,True
"Bancos múltiplos, com carteira comercial",Comércio varejista de artigos do vestuário e acessórios,11,46,6,0.21220724268558905,0.0627933401017697,0.00862709606430628,0.09505322545154647,0.006832256621434319,0.07892328277665808,True
Ensino fundamental,Restaurantes e similares,11,37,7,0.3747468227152099,0.02455143987601228,0.15805089483041246,0.13316067639369333,4.409881321693884e-05,0.0788560581348528,False
Comércio varejista de artigos do vestuário e acessórios,Padaria e confeitaria com predominância de revenda,46,26,10,0.23375729642991996,0.0998141396155473,0.005128401597788776,0.05778174394308295,0.026452567811296523,0.07879794177931512,True
Comércio varejista de artigos de papelaria,Construção de edifícios,14,67,10,0.33061753831319063,0.05599390538531065,0.031029241131099405,0.10095398560918627,0.0008945241695797007,0.07847394549724845,True
"Comércio atacadista de mercadorias em geral, com predominância de produtos alimentícios",Comércio varejista de artigos de papelaria,12,14,6,0.6014194939066663,0.08795741761996101,0.0016156798260022755,0.06874613963111942,0.008138679071140048,0.07835177862554021,True
Fabricação de produtos de panificação industrial,"Obras de urbanização - ruas, praças e calçadas",15,13,5,0.44940280083740036,0.05655693231072618,0.02002543081831125,0.09967675509988401,0.0006726251315572775,0.0781168437053051,True
Comércio varejista de materiais de construção em geral,"Obras de urbanização - ruas, praças e calçadas",98,13,10,0.27767114098790474,0.09937007174140079,0.0005198227792895979,0.05595936428529349,0.04182111610251719,0.07766471801334714,True
Comércio varejista de materiais de construção em geral,Ensino fundamental,98,11,6,0.06439980831897811,0.11645747421672462,2.8652968193227918e-05,0.03873166257750107,0.06445280226239672,0.07759456839711285,False
Comércio varejista de artigos de papelaria,Comércio varejista de artigos do vestuário e acessórios,14,46,8,0.37473784202202204,0.06384877117853262,0.011771886379843088,0.09132854576755403,0.006052818764730687,0.07758865847304333,True
Comércio varejista de artigos do vestuário e acessórios,"Comércio varejista de suvenires, bijuterias e artesanatos",46,10,5,0.17868586219517654,0.08996536960108685,0.008733222267591025,0.06494940139818474,0.004963749000655763,0.0774573854996358,True
"Comércio varejista de produtos farmacêuticos, com manipulação de fórmulas",Construção de rodovias e ferrovias,13,17,5,0.459665890046874,0.06791322720362934,0.002284365407750894,0.08681766621988332,0.0007106683151918119,0.07736544671175632,True
Atividades de cobrança e informações cadastrais,Casas lotéricas,14,51,6,0.2372854404309157,0.06360251192314358,0.005030790404683417,0.09060759834029809,0.002983703756867909,0.07710505513172083,True
Padaria e confeitaria com predominância de revenda,Serviços combinados de escritório e apoio administrativo,26,14,6,0.2932407239857819,0.06915286242495482,0.0076422565546411985,0.08471246348019641,0.011022722019928703,0.07693266295257561,True
Atividades de organizações religiosas,Comércio varejista de madeira e artefatos,30,15,7,0.2915277032815038,0.09176114750933659,0.0007784088367278297,0.061800788829341695,0.004717092636025362,0.07678096816933914,True
Atividades de associações de defesa de direitos sociais,Hotéis,19,22,9,0.3740532921258225,0.033710411908863834,0.11776820500173302,0.1198471890027095,0.0025500962849614494,0.07677880045578667,False
"Atividades de consultoria em gestão empresarial, exceto consultoria técnica específica",Comércio varejista de animais vivos e de artigos e alimentos para animais de estimação,12,22,5,0.43386164750760675,0.08660869701414933,0.00027268657411739415,0.06679150042281427,0.01720087959727514,0.0767000987184818,True
Caixas econômicas,Serviços de engenharia,12,17,5,0.21551394955999575,0.09249579443991345,0.00013137341703082234,0.06024764047794753,0.0122131796074487,0.07637171745893048,True
Educação infantil - pré-escola,Padaria e confeitaria com predominância de revenda,25,26,12,0.4183805735597104,0.07689460925373028,0.004710875198684942,0.07572428084594955,0.003330217782906417,0.07630944504983991,True
Cartórios,Serviços combinados de escritório e apoio administrativo,70,14,8,0.21445832186229757,0.0582840386116638,0.024481034200703747,0.09382674620813046,0.0047259478140387725,0.07605539240989713,True
Caixas econômicas,Padaria e confeitaria com predominância de revenda,12,26,5,0.27344267934879585,0.08792898400748049,0.00027649943150021873,0.06388517490909473,0.01102388054584387,0.07590707945828762,True
"Lanchonetes, casas de chá, de sucos e similares",Serviços combinados de escritório e apoio administrativo,32,14,11,0.5273807221925307,0.05619014752582775,0.03131136563899593,0.09553787953696473,0.0060704827670296025,0.07586401353139624,True
"Comércio varejista de produtos farmacêuticos, com manipulação de fórmulas",Criação de bovinos para corte,13,30,8,0.191444860573839,0.03919871844507101,0.053020081591020354,0.11246097838923413,0.0020995607560719506,0.07582984841715257,False
Construção de rodovias e ferrovias,Fabricação de produtos de panificação industrial,17,15,5,0.4366069449242917,0.08131425732853165,0.002089574595023909,0.07021806279621809,0.00901215366305557,0.07576616006237487,True
"Comércio varejista de mercadorias em geral, com predominância de produtos alimentícios - hipermercados",Construção de rodovias e ferrovias,12,17,6,0.5927198785186788,0.08695547309113628,0.0012542700398452695,0.06425972869908289,0.012822900042088128,0.0756076008951096,True
"Atividades de consultoria em gestão empresarial, exceto consultoria técnica específica","Obras de urbanização - ruas, praças e calçadas",12,13,6,0.5868660496473899,0.05642970597651556,0.01609265090385072,0.094530109214617,0.0031366405420457017,0.07547990759556628,True
Comércio varejista de animais vivos e de artigos e alimentos para animais de estimação,Comércio varejista de produtos alimentícios em geral ou especializado em produtos alimentícios não especificados anteriormente,22,20,9,0.6062234534669332,0.0782535392198639,0.004665841370188531,0.0726246674023343,0.00246746137198259,0.0754391033110991,True
Criação de bovinos para corte,Fabricação de alimentos para animais,30,13,8,0.30474575717308705,0.08825257690367007,0.013701736632773673,0.06180198782031305,0.006512501771176027,0.07502728236199156,True
"Comércio varejista de mercadorias em geral, com predominância de produtos alimentícios - minimercados, mercearias e armazéns",Cultivo de soja,130,21,14,0.09834752428708034,0.07256091670202786,0.008584070913251992,0.07748317372949372,0.030327499379104214,0.07502204521576078,True
Comércio varejista de produtos alimentícios em geral ou especializado em produtos alimentícios não especificados anteriormente,Construção de edifícios,20,67,15,0.32956129556169655,0.04398716447795771,0.043441424612066175,0.10592577573655095,0.0002699731509265642,0.07495647010725433,True
Atividades de organizações religiosas,Restaurantes e similares,30,37,12,0.3480517674196544,0.06208012208045782,0.022401744233160475,0.08771054511114654,0.006065827022568642,0.07489533359580218,True
Caixas econômicas,Serviços combinados de escritório e apoio administrativo,12,14,5,0.2605959902246662,0.06529423345185631,0.009008887886932281,0.08443067103204518,0.015722094489407184,0.07486245224195075,True
Cartórios,Construção de rodovias e ferrovias,70,17,11,0.2607738322714368,0.0830594397669815,0.0028912911358768634,0.06638419032937076,0.008787304591349996,0.07472181504817613,True
Comércio varejista de medicamentos veterinários,Criação de bovinos para corte,26,30,13,0.30477440134341083,0.07144898172629087,0.002591325418124134,0.07798566812640824,0.018957643319777513,0.07471732492634955,True
Atividades de organizações religiosas,Formação de condutores,30,19,6,0.1781175087524531,0.08594561599458313,0.002308951405178709,0.06330448711666599,0.023973734713454476,0.07462505155562456,True
Casas lotéricas,Serviços combinados de escritório e apoio administrativo,51,14,5,0.054263518054964634,0.08839545534408459,0.002627365655226118,0.06073239070462745,0.0558192761381573,0.07456392302435602,False
"Comércio varejista de produtos farmacêuticos, com manipulação de fórmulas","Obras de urbanização - ruas, praças e calçadas",13,13,6,0.6314035291964983,0.032834246465709815,0.09892040833707955,0.11539357357677232,0.0003407197453466748,0.07411391002124107,False
Comércio varejista de mercadorias em lojas de conveniência,Restaurantes e similares,11,37,7,0.47218253060333937,0.04618926681361118,0.03977138175751533,0.10163659791027241,0.0025840380263089315,0.0739129323619418,True
Atividades de organizações religiosas,Hotéis,30,22,7,0.16923873132937048,0.026085851259338703,0.19802650670282895,0.12138171284096597,0.0017340341125975929,0.07373378205015234,False
"Comércio varejista de mercadorias em geral, com predominância de produtos alimentícios - supermercados",Construção de edifícios,50,67,26,0.438565537990986,0.050205790918057734,0.03637214117963582,0.09676059852547886,0.0017347961585536466,0.0734831947217683,True
Comércio varejista de produtos alimentícios em geral ou especializado em produtos alimentícios não especificados anteriormente,"Obras de urbanização - ruas, praças e calçadas",20,13,7,0.5755939708747376,0.0385788330332928,0.0752345332333177,0.10833928605579385,0.00032633797781277726,0.07345905954454332,False
Atividades de organizações religiosas,Educação infantil - pré-escola,30,25,8,0.3104830589587931,0.07914778927528363,0.004607994875385866,0.06718919750061415,0.01253037777065565,0.0731684933879489,True
Padaria e confeitaria com predominância de revenda,Restaurantes e similares,26,37,14,0.45551375181301984,0.06778248732479358,0.008616732253870232,0.0783343271262576,0.01443308994258145,0.07305840722552559,True
Casas lotéricas,Construção de rodovias e ferrovias,51,17,6,0.10344188669555984,0.07967553099476679,0.0048570189455200636,0.06620859931814999,0.008750371467777407,0.07294206515645839,True
Comércio varejista de artigos de papelaria,"Lanchonetes, casas de chá, de sucos e similares",14,32,11,0.6540507579699921,0.06715529481582465,0.008365741308129988,0.0786677659249064,0.00873457933840059,0.07291153037036552,True
Atividades de contabilidade,Comércio varejista de materiais de construção em geral,28,98,20,0.3088629452465142,0.05205180034654166,0.022528116296451836,0.09376830723504076,0.0012216329096301098,0.07291005379079121,True
Comércio varejista especializado de equipamentos de telefonia e comunicação,"Obras de urbanização - ruas, praças e calçadas",21,13,8,0.6160296070515766,0.05381905549559776,0.025291259951462832,0.0919804632435397,0.0021919315800036907,0.07289975936956873,True
"Aparelhamento de placas e execução de trabalhos em mármore, granito, ardósia e outras pedras",Serviços combinados de escritório e apoio administrativo,14,14,5,0.5375862630409886,0.012923758519894503,0.32103344901623276,0.13286319205428415,0.0004124863391578145,0.07289347528708932,False
Fabricação de móveis com predominância de madeira,Serviços combinados de escritório e apoio administrativo,15,14,6,0.4359808302194669,0.014438215438094017,0.31774372641001547,0.13067896313449912,0.00029361898102042846,0.07255858928629656,False
Caixas econômicas,Comércio varejista de animais vivos e de artigos e alimentos para animais de estimação,12,22,7,0.2972565610846601,0.09910789770258731,7.390532098049174e-05,0.04560692998016594,0.07733899637038572,0.07235741384137662,False
Comércio varejista de materiais de construção em geral,Criação de frangos para corte,98,10,7,0.23796295808304593,0.09688577573336761,0.0010663433244923258,0.04780930545478056,0.07929811773438744,0.07234754059407408,False
Comércio varejista de materiais de construção em geral,"Comércio varejista de produtos farmacêuticos, com manipulação de fórmulas",98,13,10,0.2397447089984383,0.10011344525327985,0.00043019223018664094,0.044246111124703356,0.037183122173804026,0.0721797781889916,True
"Comércio varejista de suvenires, bijuterias e artesanatos",Construção de rodovias e ferrovias,10,17,6,0.5571849554102423,0.07075541704297782,0.002351567167881885,0.0735775346521799,0.005091808384592064,0.07216647584757885,True
Casas lotéricas,Comércio varejista de hortifrutigranjeiros,51,20,9,0.26738762508622116,0.0806090916576398,0.00584605701117953,0.06349130832078764,0.009230322923876391,0.07205019998921372,True
Comércio varejista de bebidas,Comércio varejista de materiais de construção em geral,27,98,18,0.38193177506513715,0.048466734299451725,0.04177564829140249,0.09557581363401876,0.0005591349277661933,0.07202127396673524,True
Comércio varejista de artigos de papelaria,Fabricação de alimentos para animais,14,13,7,0.3680522138859432,0.05480335194657601,0.029983735645998426,0.0891889093946024,0.00043617277395311093,0.07199613067058921,True
Comércio atacadista de cereais e leguminosas beneficiados,Comércio varejista de materiais de construção em geral,13,98,8,0.1840302011224641,0.041021631986462546,0.05651921463781291,0.10175240127505361,0.0002717109072966497,0.07138701663075808,False
Comércio varejista de animais vivos e de artigos e alimentos para animais de estimação,Comércio varejista de madeira e artefatos,22,15,9,0.5866004037481267,0.07274790251477369,0.010713239474808539,0.06977152961293155,0.003611398906736666,0.07125971606385262,True
Caixas econômicas,"Comércio varejista de produtos farmacêuticos, com manipulação de fórmulas",12,13,7,0.3665196604107408,0.09059190535094695,0.0002501232054702125,0.05167882242613776,0.01218318916889991,0.07113536388854236,True
Comércio varejista de gás liqüefeito de petróleo (GLP),"Fabricação de artefatos de cerâmica e barro cozido para uso na construção, exceto azulejos e pisos",34,17,6,0.055688146724945264,0.027649868899765135,0.17545280462007384,0.11461299032966053,0.0024527431596819372,0.07113142961471283,False
Atividades do Correio Nacional,Comércio varejista de animais vivos e de artigos e alimentos para animais de estimação,54,22,9,0.14299316387258998,0.08633433078082567,0.002316347633491663,0.055671576215482535,0.04685612008635334,0.07100295349815411,True
Casas lotéricas,"Lanchonetes, casas de chá, de sucos e similares",51,32,14,0.30018401263948824,0.08193820856492483,0.0038821591517637973,0.05975927257214004,0.03144904477038742,0.07084874056853244,True
Coleta de resíduos não-perigosos,"Obras de urbanização - ruas, praças e calçadas",11,13,5,0.42778041805965583,0.040860425223519646,0.05474368539388357,0.10078488834696882,0.0014594518119276274,0.07082265678524423,False
Comércio a varejo de peças e acessórios novos para motocicletas e motonetas,Criação de bovinos para corte,26,30,9,0.26871714808325065,0.05136181066654115,0.02522896628170679,0.09014531488904662,0.009071260081313362,0.07075356277779388,True
Comércio varejista de ferragens e ferramentas,Criação de bovinos para corte,12,30,5,0.32703048446969735,0.062075699341216525,0.009697433073842094,0.07934831151401085,0.019388451311256435,0.07071200542761369,True
Comércio varejista de animais vivos e de artigos e alimentos para animais de estimação,Fabricação de alimentos para animais,22,13,7,0.3656681174542507,0.04421537622594101,0.07495625105465999,0.0971261117474636,7.10994634244271e-05,0.07067074398670231,False
Comércio varejista especializado de equipamentos de telefonia e comunicação,Criação de bovinos para corte,21,30,8,0.26077188534186085,0.04452552104072296,0.05146435359130243,0.09666177075975815,0.0074421908149851675,0.07059364590024056,False
"Lanchonetes, casas de chá, de sucos e similares",Restaurantes e similares,32,37,24,0.7500494140359005,0.07396570045057677,0.010274450635622911,0.06691397710967067,0.027065855900885973,0.07043983878012372,True
"Atividades de consultoria em gestão empresarial, exceto consultoria técnica específica",Serviços combinados de escritório e apoio administrativo,12,14,5,0.47365671775769874,0.04793411865537281,0.02828508465118838,0.09266048098330613,0.00472559331403653,0.07029729981933946,True
Cultivo de soja,"Transporte rodoviário de carga, exceto produtos perigosos e mudanças, intermunicipal, interestadual e internacional",21,24,7,0.2411957368572779,0.07062698836859312,0.03570394481753819,0.06970383628926578,0.005489107131462616,0.07016541232892945,True
Construção de rodovias e ferrovias,"Transporte rodoviário de carga, exceto produtos perigosos e mudanças, intermunicipal, interestadual e internacional",17,24,8,0.49039949233028846,0.06953420684268592,0.005521429595310663,0.07071513739908443,0.0065404596162332565,0.07012467212088518,True
Atividades de condicionamento físico,Restaurantes e similares,22,37,17,0.7317646037041777,0.037644440514924854,0.07072445622066484,0.1025472857648648,0.0031161768551146098,0.07009586313989483,False
Comércio varejista de artigos de papelaria,Comércio varejista de mercadorias em lojas de conveniência,14,11,5,0.5723488499976191,0.09044725743567726,0.0007788821889252144,0.049700414043903206,0.026529788583979846,0.07007383573979023,True
Casas lotéricas,Comércio varejista de materiais de construção em geral,51,98,33,0.39171875999870553,0.07282826198088464,0.013624237682066696,0.06723640461785374,0.010437512689634797,0.0700323332993692,True
Comércio varejista de animais vivos e de artigos e alimentos para animais de estimação,"Lojas de departamentos ou magazines, exceto lojas francas (Duty free)",22,39,11,0.203566004964251,0.045668013117882024,0.06720358917058689,0.0940583279116214,0.0012128426902987645,0.06986317051475172,False
Cartórios,Serviços de engenharia,70,17,10,0.1815772653110669,0.07889035388708535,0.004294533602472359,0.060768896067065044,0.007167461225838593,0.06982962497707519,True
Atividades de contabilidade,Construção de edifícios,28,67,22,0.43070487013548886,0.04930393032810942,0.028491486962966557,0.08947144339895052,0.003373889644653592,0.06938768686352997,True
Criação de bovinos para corte,Educação infantil - pré-escola,30,25,8,0.2252800686543929,0.09144940457235744,0.0070349233895660975,0.047205913374750635,0.050120182180165035,0.06932765897355403,False
"Comércio varejista de mercadorias em geral, com predominância de produtos alimentícios - minimercados, mercearias e armazéns",Cultivo de arroz,130,10,8,0.15447195565755273,0.05964651893356105,0.02096192670993941,0.0783704208676137,0.033524710785164384,0.06900846990058737,True
Comércio varejista de produtos alimentícios em geral ou especializado em produtos alimentícios não especificados anteriormente,Restaurantes e similares,20,37,14,0.7034351617420019,0.030260975721454163,0.12357718521776995,0.10772897441785494,0.0006568703651571406,0.06899497506965455,False
"Lojas de departamentos ou magazines, exceto lojas francas (Duty free)","Obras de urbanização - ruas, praças e calçadas",39,13,5,0.1652403381728979,0.07922879487235877,0.00318042439534174,0.05822029038480812,0.034186232009320264,0.06872454262858345,True
Comércio a varejo de peças e acessórios novos para motocicletas e motonetas,Padaria e confeitaria com predominância de revenda,26,26,10,0.399238184951162,0.05701350280824569,0.008183521880923037,0.08042152156836167,0.0025967644346151916,0.06871751218830369,True
Comércio varejista de bebidas,Hotéis,27,22,12,0.41651092531763195,0.04518780343562944,0.05677904215094698,0.09215428572576134,0.011294541483449022,0.0686710445806954,False
Construção de edifícios,Restaurantes e similares,67,37,24,0.5256968804064714,0.08422140915391801,0.0036965563604543206,0.05310812868872393,0.05863413144904564,0.06866476892132098,False
Comércio varejista especializado de equipamentos de telefonia e comunicação,Padaria e confeitaria com predominância de revenda,21,26,11,0.49595767177681704,0.05886112336041706,0.015076038157457098,0.07804489719086725,0.00528061638595568,0.06845301027564216,True
Comércio varejista de bebidas,Criação de bovinos para corte,27,30,7,0.12358189121756492,0.05070551799436132,0.041046105634674826,0.08606393685919102,0.015487569722409,0.06838472742677618,True
Comércio a varejo de peças e acessórios novos para motocicletas e motonetas,Construção de edifícios,26,67,18,0.3670311610936745,0.03406637906262659,0.09464946084951747,0.102473460485343,0.0005520781310180473,0.0682699197739848,False
Construção de edifícios,Padaria e confeitaria com predominância de revenda,67,26,18,0.37859985539322083,0.09505824800813853,0.0010145678582344302,0.041440210213337006,0.07454487706986282,0.06824922911073777,False
"Aparelhamento de placas e execução de trabalhos em mármore, granito, ardósia e outras pedras",Construção de edifícios,14,67,11,0.2615590910933181,0.039923033769789916,0.062006066618242095,0.09649968655885036,0.0020370524054685057,0.06821136016432014,False
Atividades de condicionamento físico,Comércio varejista de artigos do vestuário e acessórios,22,46,12,0.3768640415234757,0.05099620426592489,0.024451590141331067,0.08526666664246223,0.01083857223626454,0.06813143545419356,True
"Comércio varejista de produtos farmacêuticos, com manipulação de fórmulas",Educação infantil - pré-escola,13,25,9,0.5889686409448485,0.053994709046780144,0.010079367366112492,0.08159883822005898,0.002683491992117439,0.06779677363341956,True
Construção de edifícios,"Obras de urbanização - ruas, praças e calçadas",67,13,8,0.21745349325033617,0.09482886471507146,0.0023765805013081817,0.040268593547344765,0.11418417685956606,0.06754872913120812,False
Atividades de cobrança e informações cadastrais,Comércio varejista de animais vivos e de artigos e alimentos para animais de estimação,14,22,9,0.5920209811723095,0.06223553401470521,0.00736324167707097,0.0728239495268963,0.013330321191627949,0.06752974177080076,True
Comércio varejista de hortifrutigranjeiros,"Obras de urbanização - ruas, praças e calçadas",20,13,6,0.4365959955938286,0.04122542483935125,0.06292421711822889,0.09358496386938621,0.0026527320739514397,0.06740519435436873,False
Construção de edifícios,Hotéis,67,22,17,0.49294936300776704,0.05152280299500193,0.046447157651163654,0.08219974367433353,0.02505217530218747,0.06686127333466772,True
Atividades do Correio Nacional,Comercio varejista de artigos de armarinho,54,21,6,0.08309204391686652,0.0677973275919367,0.017327580674361198,0.0654820164074562,0.004940805354046719,0.06663967199969645,True
Atividades de contabilidade,Comércio varejista de artigos de papelaria,28,14,9,0.5801377301718451,0.059637851715189934,0.016694371687193687,0.07334639772830927,0.006199578520248056,0.0664921247217496,True
Comércio varejista de gás liqüefeito de petróleo (GLP),"Lojas de departamentos ou magazines, exceto lojas francas (Duty free)",34,39,14,0.2082232892309,0.03917423241047815,0.11203722528151938,0.09368081320752922,0.0008261065590414747,0.06642752280900369,False
"Comercio varejista de artigos de cama, mesa e banho",Serviços combinados de escritório e apoio administrativo,14,14,6,0.2833328844285068,0.04184741758535122,0.07511902243690682,0.09090579340102335,0.006290500975243893,0.06637660549318729,False
Comércio varejista de materiais de construção em geral,"Comércio varejista de produtos farmacêuticos, sem manipulação de fórmulas",98,156,76,0.4471698066430191,0.08553785332569826,0.0026711019756737488,0.046970807570232066,0.053213165714095505,0.06625433044796517,False
Comércio varejista de materiais de construção em geral,Serviços de engenharia,98,17,14,0.2945378575100282,0.0857561605506759,0.001783234413717027,0.04672125753086031,0.034942021631952896,0.0662387090407681,True
Atividades de organizações religiosas,Comércio varejista de artigos de óptica,30,26,9,0.19186534326016247,0.08875652869685571,0.0012835299960293305,0.042430623002044726,0.055559157430626234,0.06559357584945022,False
Atividades de associações de defesa de direitos sociais,Restaurantes e similares,19,37,12,0.5683435607728599,0.022873269765611277,0.19657021483631737,0.10829889839609898,0.0017495077685488448,0.06558608408085513,False
Caixas econômicas,Construção de rodovias e ferrovias,12,17,6,0.3453410200809405,0.07665905027818389,0.0018648398144366083,0.05432498947002827,0.020623955722211495,0.06549201987410608,True
"Comércio varejista de mercadorias em geral, com predominância de produtos alimentícios - supermercados",Criação de bovinos para corte,50,30,15,0.3522865303457188,0.04686155505401502,0.04395039256161654,0.08407501769831559,0.011331798520864172,0.06546828637616531,True
Comércio varejista de medicamentos veterinários,Cultivo de arroz,26,10,6,0.17005274252071836,0.06572966939312551,0.008386835405612815,0.06512632240239748,0.08263896786904729,0.06542799589776149,False
"Comércio varejista de mercadorias em geral, com predominância de produtos alimentícios - minimercados, mercearias e armazéns",Padaria e confeitaria com predominância de revenda,130,26,18,0.212220696833194,0.06401284933025068,0.014341491898858633,0.06676343810297006,0.007870282824964162,0.06538814371661036,True
Atividades de organizações religiosas,"Lanchonetes, casas de chá, de sucos e similares",30,32,9,0.236956021887835,0.06371055437873865,0.02006701657740466,0.06697882745104665,0.015121264559033214,0.06534469091489264,True
Casas lotéricas,Comércio varejista de produtos alimentícios em geral ou especializado em produtos alimentícios não especificados anteriormente,51,20,9,0.2245665838195595,0.0742480566063324,0.010193194858305924,0.056011428445347664,0.015952863169787848,0.06512974252584003,True
Comércio varejista de bebidas,Fabricação de alimentos para animais,27,13,6,0.3460504199180587,0.04631669099653924,0.049171316767077505,0.0836725635762679,0.0005946492103884814,0.06499462728640357,True
Ensino fundamental,"Lanchonetes, casas de chá, de sucos e similares",11,32,7,0.34978558447513297,0.02369613137125883,0.193668515502189,0.10615886295174948,0.0001852054722247399,0.06492749716150416,False
"Aparelhamento de placas e execução de trabalhos em mármore, granito, ardósia e outras pedras",Comércio varejista de artigos do vestuário e acessórios,14,46,7,0.25367614855685633,0.04859950679491428,0.021475482218276217,0.08125435591334006,0.013838890913296629,0.06492693135412717,True
Comércio varejista de produtos alimentícios em geral ou especializado em produtos alimentícios não especificados anteriormente,Educação infantil - pré-escola,20,25,12,0.695551885958225,0.05758746161526451,0.011614941035432117,0.0721279142343188,0.009954829086536093,0.06485768792479166,True
"Comércio varejista de mercadorias em geral, com predominância de produtos alimentícios - hipermercados","Comércio varejista de suvenires, bijuterias e artesanatos",12,10,5,0.6984288194181371,0.08116196250554475,0.004114214667726857,0.04833228247707166,0.04230908407601537,0.0647471224913082,True
Comércio varejista de bebidas,Serviços de engenharia,27,17,7,0.4621507158255212,0.07906113646560461,0.004360824648973301,0.05031373154620893,0.026588261170491616,0.06468743400590678,True
Comércio varejista de gás liqüefeito de petróleo (GLP),Construção de edifícios,34,67,19,0.2520994929334228,0.013380345286747607,0.32868699675725077,0.1153663116499174,0.00011284448438696922,0.0643733284683325,False
Caixas econômicas,Comércio varejista de combustíveis para veículos automotores,12,133,11,0.3601464092485127,0.06120231211801667,0.009229090769592635,0.06748631766893931,0.008965357753608256,0.06434431489347799,True
Comércio varejista especializado de eletrodomésticos e equipamentos de áudio e vídeo,Educação infantil - pré-escola,20,25,8,0.34564056480153693,0.07348309473828228,0.014230416967713905,0.05497059447598914,0.02379119590790488,0.06422684460713571,True
Construção de edifícios,Cultivo de soja,67,21,5,0.03999260851603499,0.08061278349923187,0.005493053632097125,0.04768562042628652,0.14792748612403223,0.0641492019627592,False
Caixas econômicas,Comércio varejista de madeira e artefatos,12,15,8,0.4008535686721876,0.07376656784444299,0.0016033402470312138,0.054267588082520114,0.021162544191918597,0.06401707796348155,True
Construção de edifícios,Serviços de manutenção e reparação mecânica de veículos automotores,67,14,12,0.2906513542971772,0.08705249590476247,0.0025927870721689675,0.04077134071417691,0.048565653108464515,0.06391191830946968,True
"Comércio varejista de mercadorias em geral, com predominância de produtos alimentícios - hipermercados",Restaurantes e similares,12,37,6,0.4930291043203719,0.06620021756702053,0.012894822759743348,0.061498203467146476,0.0345746799430437,0.0638492105170835,True
Comércio varejista de madeira e artefatos,"Obras de urbanização - ruas, praças e calçadas",15,13,7,0.6548032706781489,0.03558904607865871,0.07903783970329414,0.09193951976998287,0.0027051072199497117,0.06376428292432079,False
Caixas econômicas,Comércio varejista de bebidas,12,27,6,0.2644891464367585,0.06181706107203251,0.009190585356789042,0.06558860405183238,0.011161966178574565,0.06370283256193245,True
"Aparelhamento de placas e execução de trabalhos em mármore, granito, ardósia e outras pedras",Hotéis,14,22,8,0.4600242965290966,0.03389541383658486,0.08134465000110558,0.09332351469757635,0.01625822932023448,0.06360946426708061,False
Comércio varejista de produtos alimentícios em geral ou especializado em produtos alimentícios não especificados anteriormente,Hotéis,20,22,10,0.47099468851821946,0.02812064409451076,0.12810719374963658,0.0990754411520006,0.005240951800043195,0.06359804262325569,False
Restaurantes e similares,Serviços de engenharia,37,17,10,0.5299023260396133,0.08073451425836814,0.016423468447346254,0.04622338398480716,0.04179621331185051,0.06347894912158765,True
Comércio varejista de bebidas,"Comércio varejista de suvenires, bijuterias e artesanatos",27,10,6,0.4458281194495018,0.07261482096878845,0.008548749423882925,0.05428146788570615,0.016186257454747204,0.0634481444272473,True
Comércio varejista de materiais de construção em geral,Padaria e confeitaria com predominância de revenda,98,26,20,0.3980822224588933,0.07992775391610668,0.0025724293077315327,0.04650552006526032,0.047204130244601905,0.0632166369906835,True
Comércio varejista de materiais de construção em geral,"Lanchonetes, casas de chá, de sucos e similares",98,32,27,0.5075816411873001,0.075210282201468,0.00563506051458993,0.05121180646098056,0.045978931416263455,0.06321104433122428,True
Atividades de condicionamento físico,Construção de edifícios,22,67,17,0.4711955713176665,0.03523719508451847,0.08223577796492854,0.09095344883177688,0.00301445274935386,0.06309532195814767,False
Atividades de organizações religiosas,"Comercio varejista de artigos de cama, mesa e banho",30,14,6,0.41634439665673634,0.07133370467562439,0.009668564537843014,0.05477458505430984,0.029828937229946638,0.06305414486496712,True
"Comércio varejista de produtos farmacêuticos, sem manipulação de fórmulas",Criação de frangos para corte,156,10,8,0.25885749809924785,0.04475298759690181,0.06136378489448311,0.08120763839184883,0.00499776227639054,0.06298031299437531,False
"Comércio varejista de suvenires, bijuterias e artesanatos",Construção de edifícios,10,67,7,0.23893280570215975,0.03239644352317585,0.10778216892345538,0.09348243589562902,0.001307174923401386,0.06293943970940244,False
Administração pública em geral,Cultivo de arroz,94,10,5,0.07354184140071994,0.06800950511268737,0.01612736871975097,0.057778618333865106,0.08695500624719321,0.06289406172327625,False
Criação de bovinos para corte,Hotéis,30,22,8,0.20530066072136222,0.08370355439725899,0.014618466871727704,0.04176998426989998,0.15630824583384428,0.06273676933357948,False
Comércio varejista de medicamentos veterinários,Criação de frangos para corte,26,10,6,0.46932041834836435,0.04888775861948512,0.041234775738231554,0.07658155453753795,0.009739500084179552,0.06273465657851154,True
Atividades de condicionamento físico,Criação de bovinos para corte,22,30,9,0.25717343490494804,0.030618144172419703,0.1284593542539922,0.09464146278264958,0.008122979313301647,0.06262980347753463,False
Comércio varejista de artigos de papelaria,Comércio varejista de materiais de construção em geral,14,98,10,0.2761818766883683,0.038678624608788174,0.08566077981636133,0.0864680972520134,0.0016437591034416017,0.06257336093040079,False
Atividades de cobrança e informações cadastrais,"Obras de urbanização - ruas, praças e calçadas",14,13,7,0.5967590830011689,0.03154848878859453,0.10026434696897907,0.09352871644895872,0.001958306461300794,0.06253860261877663,False
"Comércio atacadista de mercadorias em geral, com predominância de produtos alimentícios",Restaurantes e similares,12,37,9,0.6013502813854703,0.06020186040920829,0.019736350429935802,0.06438730785127308,0.04067756132512278,0.062294584130240686,True
Educação infantil - pré-escola,"Lojas de variedades, exceto lojas de departamentos ou magazines",25,17,9,0.35135149722490266,0.06356074630352981,0.013829942401091163,0.060958635625456746,0.011502486742251544,0.06225969096449328,True
Casas lotéricas,Fabricação de alimentos para animais,51,13,8,0.45074943888896535,0.061810843589597715,0.022310636042523826,0.06255780349722986,0.009596852628103614,0.062184323543413786,True
Comércio varejista de combustíveis para veículos automotores,Cultivo de soja,133,21,13,-0.023378456259216942,0.06673068294177094,0.011570151308274124,0.05755306601551638,0.0856708622977177,0.06214187447864366,False
Casas lotéricas,Serviços de manutenção e reparação mecânica de veículos automotores,51,14,6,0.23903686895903398,0.08162767914699476,0.004271334038836541,0.0424614484327561,0.040946964693512895,0.062044563789875426,True
"Comércio varejista de mercadorias em geral, com predominância de produtos alimentícios - supermercados",Construção de rodovias e ferrovias,50,17,11,0.45913531995598716,0.0521578495119285,0.028371771122488364,0.07189828854469807,0.003497727632048038,0.06202806902831329,True
Comércio a varejo de peças e acessórios novos para motocicletas e motonetas,Educação infantil - pré-escola,26,25,11,0.5243694223969976,0.04679542857145855,0.03322827268812365,0.07723494010454537,0.004502088195032903,0.06201518433800196,True
Educação infantil - pré-escola,"Lanchonetes, casas de chá, de sucos e similares",25,32,17,0.6590771982486564,0.05145166521072254,0.03603556001040353,0.07251787955356181,0.010712172375559662,0.06198477238214217,True
Comércio varejista de hortifrutigranjeiros,Comércio varejista de materiais de construção em geral,20,98,16,0.3789242785401775,0.0328161419134592,0.1306083824275024,0.09083643515582727,0.0011888599846465804,0.06182628853464324,False
Comércio varejista de artigos do vestuário e acessórios,Serviços de manutenção e reparação mecânica de veículos automotores,46,14,8,0.3524130230238206,0.0776532717487055,0.01665545059291527,0.045255219668556924,0.03275345280639793,0.061454245708631214,True
Comércio varejista de artigos de papelaria,"Comércio varejista de suvenires, bijuterias e artesanatos",14,10,5,0.5226513231983153,0.06666095374482542,0.011852588502979811,0.056186390168414285,0.01813906590346929,0.06142367195661985,True
Comércio varejista de animais vivos e de artigos e alimentos para animais de estimação,Serviços de manutenção e reparação mecânica de veículos automotores,22,14,9,0.6428322945204528,0.07403123020310444,0.010134204054471886,0.048650921447561994,0.02800512656760305,0.06134107582533321,True
"Comércio varejista de mercadorias em geral, com predominância de produtos alimentícios - minimercados, mercearias e armazéns",Construção de rodovias e ferrovias,130,17,12,0.2231932097388651,0.05805122438099991,0.03109197181014383,0.06443103373357943,0.00828834569422279,0.06124112905728967,True
Comércio a varejo de peças e acessórios novos para motocicletas e motonetas,Fabricação de alimentos para animais,26,13,6,0.281865020703005,0.03967911483112306,0.059472019219402865,0.08279149179540629,0.0004964336067476874,0.061235303313264676,False
Comércio varejista de artigos do vestuário e acessórios,Comércio varejista de combustíveis para veículos automotores,46,133,38,0.36174538507603854,0.06663016814928659,0.03200780872806445,0.05549927575244261,0.026888100349125928,0.0610647219508646,True
Atividades de organizações religiosas,"Lojas de variedades, exceto lojas de departamentos ou magazines",30,17,5,0.2067017290644375,0.08232792481906909,0.0025203974659397644,0.039563322828141255,0.06706634213447311,0.060945623823605174,False
Cartórios,Criação de frangos para corte,70,10,6,0.2388616295945996,0.08032183165401474,0.0034694612913470538,0.041255537085460973,0.10002906678916307,0.06078868436973786,False
Comércio varejista especializado de equipamentos de telefonia e comunicação,Educação infantil - pré-escola,21,25,17,0.822586614534414,0.057252821800945215,0.017567657204818454,0.06397150776097821,0.014665549565718576,0.06061216478096171,True
Comércio varejista de bebidas,Educação infantil - pré-escola,27,25,13,0.5232911804962402,0.0643847365012027,0.015080412475631327,0.05681613673052469,0.022452329164727492,0.0606004366158637,True
Caixas econômicas,"Lanchonetes, casas de chá, de sucos e similares",12,32,12,0.4903882063727671,0.05409081967322817,0.020669855250473063,0.06690661998116154,0.014603175702631933,0.06049871982719486,True
"Comércio varejista de cosméticos, produtos de perfumaria e de higiene pessoal",Construção de rodovias e ferrovias,22,17,6,0.18566812419136003,0.06564911148920628,0.006757835931072847,0.055346313274316807,0.021571566866839212,0.06049771238176155,True
Fabricação de produtos de panificação industrial,Serviços combinados de escritório e apoio administrativo,15,14,6,0.6669699696741592,0.03903466339435003,0.08388042975425547,0.0817527852464857,0.014166796872571542,0.06039372432041787,False
Comércio a varejo de peças e acessórios novos para motocicletas e motonetas,Comércio varejista de animais vivos e de artigos e alimentos para animais de estimação,26,22,10,0.5427119082096301,0.051849997680678224,0.019638023426321132,0.06884760858511313,0.016970947802970888,0.06034880313289567,True
Criação de bovinos para corte,Serviços combinados de escritório e apoio administrativo,30,14,5,0.1494176808080338,0.09603985114501035,0.004039498566986764,0.024593057039476444,0.2617709777564682,0.0603164540922434,False
Comércio varejista de animais vivos e de artigos e alimentos para animais de estimação,"Lojas de variedades, exceto lojas de departamentos ou magazines",22,17,7,0.2671730032596824,0.053796594845481785,0.05013395839247402,0.06623669227523805,0.005970083677905769,0.06001664356035992,False
Comércio a varejo de peças e acessórios novos para motocicletas e motonetas,Cultivo de soja,26,21,5,0.16976297085559247,0.0569836069729043,0.015528753402540141,0.06297815836496158,0.059989728833763266,0.059980882668932936,False
"Comércio varejista de mercadorias em geral, com predominância de produtos alimentícios - hipermercados","Lanchonetes, casas de chá, de sucos e similares",12,32,7,0.5071934731121329,0.06484022770141748,0.01789597033223353,0.05432636944223947,0.03986932127221216,0.05958329857182847,True
"Comércio varejista de mercadorias em geral, com predominância de produtos alimentícios - minimercados, mercearias e armazéns","Comércio varejista de suvenires, bijuterias e artesanatos",130,10,6,0.20062430603096137,0.0790543892885328,0.0032203052285020377,0.040033489955253014,0.05994925550935132,0.0595439396218929,False
Formação de condutores,Restaurantes e similares,19,37,13,0.5149498220804971,0.03576532482835884,0.10124955792575813,0.08328911570962233,0.007170253617414587,0.059527220268990585,False
Comércio varejista de medicamentos veterinários,Construção de edifícios,26,67,19,0.4089755628195337,0.04120758961510363,0.05781772118154556,0.07782276316032734,0.00813147705766594,0.05951517638771549,False
Atividades de apoio à agricultura não especificadas anteriormente,Comércio varejista de combustíveis para veículos automotores,13,133,8,0.07978821956175301,0.058705769295491,0.0445920083585356,0.059649814899195026,0.015405128834907257,0.059177792097343015,True
"Aparelhamento de placas e execução de trabalhos em mármore, granito, ardósia e outras pedras",Comércio varejista de gás liqüefeito de petróleo (GLP),14,34,5,0.28898960956146597,0.026606426011541767,0.15268329520796142,0.09174320864743972,0.0010231532764152398,0.059174817329490745,False
Comércio varejista de hortifrutigranjeiros,Criação de bovinos para corte,20,30,6,0.14408052286162532,0.043659915650696185,0.05305849464472973,0.07466437891229083,0.025643106531650157,0.05916214728149351,False
Comércio varejista de produtos alimentícios em geral ou especializado em produtos alimentícios não especificados anteriormente,Construção de rodovias e ferrovias,20,17,7,0.5500451747382265,0.051408795046551124,0.030705441812634446,0.06650567730287785,0.00818727350997472,0.05895723617471449,True
Atividades de apoio à agricultura não especificadas anteriormente,"Comércio varejista de mercadorias em geral, com predominância de produtos alimentícios - minimercados, mercearias e armazéns",13,130,7,0.08420309616442226,0.06707875660475046,0.03277815607409851,0.050687066399288834,0.045108070458711014,0.058882911502019644,True
Criação de bovinos para corte,Restaurantes e similares,30,37,11,0.24206993235324675,0.07890619821486927,0.018242884441002357,0.03854570512155397,0.13354502991227846,0.05872595166821162,False
Casas lotéricas,Padaria e confeitaria com predominância de revenda,51,26,10,0.24579432738753254,0.07205907168279574,0.0071085172216078015,0.045306325025105246,0.05533812619907554,0.05868269835395049,False
"Comércio varejista de produtos farmacêuticos, com manipulação de fórmulas",Fabricação de alimentos para animais,13,13,6,0.23620458064258693,0.04099464239340606,0.04711534289571452,0.076283795903623,0.001632206927809607,0.058639219148514526,True
Atividades de contabilidade,Casas lotéricas,28,51,14,0.3631670347538494,0.05184209136136105,0.021418744353001555,0.06467552786980564,0.01950335756629392,0.05825880961558334,True
"Atividades de consultoria em gestão empresarial, exceto consultoria técnica específica",Construção de rodovias e ferrovias,12,17,5,0.5059580591982801,0.06243900705932663,0.0061753835638903845,0.05405453153277121,0.03132735287276609,0.058246769296048925,True
"Comércio varejista de suvenires, bijuterias e artesanatos",Serviços combinados de escritório e apoio administrativo,10,14,5,0.5857279685445707,0.03797348882678604,0.07784248064095277,0.07833606014041798,0.020053087005939368,0.05815477448360201,False
Educação infantil - pré-escola,Fabricação de alimentos para animais,25,13,9,0.4900427540856348,0.04083493736918343,0.08768436717023315,0.07544363652561879,0.001502871398390394,0.058139286947401114,False
Cartórios,"Obras de urbanização - ruas, praças e calçadas",70,13,8,0.1693618394279413,0.057011606171153056,0.027074189837597507,0.05896478450293648,0.043628481825641524,0.05798819533704477,True
"Comércio atacadista de mercadorias em geral, com predominância de produtos alimentícios",Educação infantil - pré-escola,12,25,7,0.6080107063969747,0.06028126604761531,0.01726796072570888,0.05556443053325764,0.024648893809979866,0.05792284829043647,True
Comércio a varejo de peças e acessórios novos para motocicletas e motonetas,Comércio varejista de materiais de construção em geral,26,98,18,0.36686868459804367,0.02544840141183429,0.16673281117701594,0.09033222870264249,0.0009617567341303119,0.05789031505723839,False
Atividades de organizações religiosas,Comércio varejista especializado de equipamentos de telefonia e comunicação,30,21,7,0.31162010476159274,0.06628096306925493,0.015242829278972274,0.049083720737517655,0.02579633161062225,0.057682341903386294,True
Construção de edifícios,"Transporte rodoviário de carga, exceto produtos perigosos e mudanças, intermunicipal, interestadual e internacional",67,24,14,0.31148535027334684,0.0809792897065778,0.006251201391893377,0.0340625268193969,0.0950511767676448,0.05752090826298735,False
Casas lotéricas,"Comércio varejista de produtos farmacêuticos, sem manipulação de fórmulas",51,156,40,0.3320410835847969,0.06747249440809686,0.01545522958084521,0.047561480106860114,0.05820757112689037,0.05751698725747849,False
"Comércio varejista de mercadorias em geral, com predominância de produtos alimentícios - minimercados, mercearias e armazéns","Fabricação de artefatos de cerâmica e barro cozido para uso na construção, exceto azulejos e pisos",130,17,8,-0.08519882131314037,0.04210866562668086,0.07902008748797246,0.07280037539504905,0.028729177619283244,0.057454520510864956,False
"Bancos múltiplos, com carteira comercial",Restaurantes e similares,11,37,5,0.18024121251112915,0.028343173490206083,0.13190049534939374,0.08625409237042009,0.00459678715931709,0.057298632930313086,False
Atividades de condicionamento físico,Comércio varejista de animais vivos e de artigos e alimentos para animais de estimação,22,22,11,0.6797372810109042,0.053110521901525105,0.014047420405243614,0.06147240886878232,0.018349245629990907,0.057291465385153714,True
Comércio varejista de materiais de construção em geral,Restaurantes e similares,98,37,28,0.4810394026584233,0.0662536612426467,0.015008465177458363,0.04820474622305721,0.07391166867633558,0.05722920373285195,False
Construção de edifícios,Educação infantil - pré-escola,67,25,21,0.5388617064015148,0.08036823596173953,0.007809729957563701,0.033973690149037485,0.12658005748913953,0.057170963055388505,False
Comércio varejista de combustíveis para veículos automotores,Cultivo de arroz,133,10,7,0.09922282366720148,0.05426547895271706,0.031072646636776523,0.06003444204774245,0.08282130042860242,0.05714996050022975,False
"Comércio varejista de produtos farmacêuticos, com manipulação de fórmulas",Restaurantes e similares,13,37,12,0.6471892848206379,0.03423730417491031,0.08091171503589456,0.08002797697938804,0.010579691571666206,0.057132640577149174,False
Comércio varejista especializado de equipamentos de telefonia e comunicação,Construção de edifícios,21,67,19,0.5018154156847667,0.03984237564541758,0.060952798807786625,0.0743386853808302,0.01098053146556764,0.05709053051312389,False
Atividades de apoio à agricultura não especificadas anteriormente,Comércio varejista de gás liqüefeito de petróleo (GLP),13,34,7,0.2052275717865375,0.06669925692239126,0.03842631004068918,0.047432976709325274,0.060570496931786746,0.05706611681585827,False
Comércio varejista especializado de equipamentos e suprimentos de informática,Hotéis,13,22,10,0.5834988704420999,0.0807772842340049,0.012411324523062973,0.03333857864811356,0.21036251382111953,0.05705793144105923,False
Comércio varejista de bebidas,"Comércio varejista de produtos farmacêuticos, com manipulação de fórmulas",27,13,6,0.45438077732807547,0.07348246246941265,0.005438082917355396,0.04050555681927292,0.05665579433777966,0.056994009644342786,False
Criação de bovinos para corte,Fabricação de móveis com predominância de madeira,30,15,6,0.3112802340173002,0.07815988514729695,0.019124630991093194,0.03580698212554533,0.12103109621136487,0.05698343363642114,False
Caixas econômicas,Hotéis,12,22,8,0.3972361880215403,0.00519608053161646,0.4329176595444852,0.10833817667803351,0.00826713616892932,0.05676712860482499,False
Atividades de cobrança e informações cadastrais,Educação infantil - pré-escola,14,25,11,0.669622839260325,0.04623387854726227,0.02875415593790649,0.06721497782356659,0.00964704009471914,0.05672442818541443,True
Construção de edifícios,Serviços combinados de escritório e apoio administrativo,67,14,9,0.20734331947398635,0.067958800901239,0.01972607740606925,0.04525332385998381,0.10592730662573635,0.0566060623806114,False
Coleta de resíduos não-perigosos,Construção de edifícios,11,67,6,0.12493960368620491,0.03265320782023903,0.08955109262496064,0.0804704705596515,0.007862229502797939,0.056561839189945264,False
Comércio varejista de animais vivos e de artigos e alimentos para animais de estimação,Hotéis,22,22,7,0.3103734768785162,0.008391840312083856,0.39713763523225626,0.10462515607513834,0.012673361250308025,0.0565084981936111,False
Atividades de associações de defesa de direitos sociais,Fabricação de alimentos para animais,19,13,5,0.16980376113829831,0.04414356037426715,0.05938046191073673,0.06867395773468496,0.003926636071718073,0.05640875905447605,False
Educação infantil - pré-escola,Ensino fundamental,25,11,6,0.34190209263834503,0.07655294360375822,0.002503193090431914,0.035902471346546595,0.08610322661669007,0.056227707475152405,False
Atividades de organizações religiosas,Ensino fundamental,30,11,5,0.16352127389089374,0.07231929128144145,0.011333122877044558,0.040040106811191294,0.06684453431671933,0.05617969904631637,False
Comércio varejista de artigos do vestuário e acessórios,Comércio varejista especializado de equipamentos de telefonia e comunicação,46,21,11,0.37368771752291424,0.06438411596169694,0.04361024152584685,0.04789746109718592,0.035056681441951947,0.05614078852944143,True
Caixas econômicas,Educação infantil - pré-escola,12,25,9,0.45298774560235994,0.06780493328185902,0.004763193953678551,0.044459346316916316,0.06654668552110438,0.056132139799387665,False
Atividades de condicionamento físico,Hotéis,22,22,12,0.576079293664644,0.01969383077560987,0.24786259451276937,0.09244974598789467,0.018308613891714284,0.056071788381752266,False
"Lanchonetes, casas de chá, de sucos e similares",Serviços de engenharia,32,17,12,0.5898138710993119,0.07046803921194646,0.010343141515615358,0.041150816426948705,0.05714352042965291,0.05580942781944758,False
Atividades de associações de defesa de direitos sociais,Comércio varejista especializado de equipamentos e suprimentos de informática,19,13,5,0.24041535568477979,0.032865624393588755,0.11917431961722641,0.07843348208059622,0.012143292361081717,0.05564955323709249,False
Comércio a varejo de peças e acessórios novos para motocicletas e motonetas,"Obras de urbanização - ruas, praças e calçadas",26,13,6,0.44955664161038944,0.029266389521263356,0.12792433502861694,0.08172365513203632,0.005525842636628472,0.05549502232664984,False
Atividades de contabilidade,Padaria e confeitaria com predominância de revenda,28,26,11,0.4102380698316067,0.037808318201056394,0.09345917898669637,0.07301333356554583,0.006583400689553044,0.05541082588330111,False
Casas lotéricas,Restaurantes e similares,51,37,13,0.2295859254856096,0.05524520428889433,0.040960275565719656,0.055531960274477356,0.06452764039058052,0.05538858228168585,False
Comércio atacadista de cereais e leguminosas beneficiados,Comércio varejista de gás liqüefeito de petróleo (GLP),13,34,6,0.4260885732555202,0.04594195611627552,0.04214461502266697,0.06471855925704427,0.01602177649258655,0.055330257686659896,True
Comércio a varejo de peças e acessórios novos para motocicletas e motonetas,"Lojas de variedades, exceto lojas de departamentos ou magazines",26,17,5,0.24267983350729444,0.04757278901345027,0.03163945187899807,0.06280937706268562,0.011808572390564334,0.055191083038067947,True
Atividades do Correio Nacional,Comércio varejista de artigos do vestuário e acessórios,54,46,15,0.1935328632580234,0.03980759022246287,0.10159235925659443,0.07054083484750948,0.023730734204824543,0.055174212534986174,False
Comércio varejista de artigos de papelaria,Comércio varejista especializado de equipamentos de telefonia e comunicação,14,21,10,0.7065827025702085,0.05843285288621019,0.02397013214964991,0.05179102169363842,0.02611951744335136,0.055111937289924307,True
"Aparelhamento de placas e execução de trabalhos em mármore, granito, ardósia e outras pedras",Restaurantes e similares,14,37,8,0.5200363768950077,0.020756033092948153,0.200202016845824,0.08931679801035398,0.0070658390729246715,0.05503641555165107,False
Atividades de associações de defesa de direitos sociais,Serviços combinados de escritório e apoio administrativo,19,14,6,0.5364942069732717,0.006753136961430528,0.3948936368132936,0.1031809391671371,0.002153767186537139,0.05496703806428381,False
Comércio varejista de animais vivos e de artigos e alimentos para animais de estimação,Fabricação de produtos de panificação industrial,22,15,8,0.615235302348179,0.057107112268632396,0.03533353596695828,0.05280882728559139,0.03043182733712285,0.0549579697771119,True
Casas lotéricas,Fabricação de produtos de panificação industrial,51,15,6,0.09183392481845903,0.06903064779462775,0.016091789195888506,0.040877208760516974,0.07810771928994115,0.05495392827757237,False
Casas lotéricas,Comércio varejista de bebidas,51,27,13,0.3475385088903618,0.05199642282691293,0.04666964710162355,0.05708692853587266,0.022371970238294257,0.054541675681392794,True
Coleta de resíduos não-perigosos,Comércio varejista de bebidas,11,27,5,0.4219496017560473,0.04364566803512104,0.03708535861833791,0.06539396283718714,0.012738710895103214,0.054519815436154084,True
Atividades de condicionamento físico,Comércio varejista de gás liqüefeito de petróleo (GLP),22,34,10,0.4214740823083998,0.03233738365567327,0.09440728379348129,0.0766039186337888,0.003879046172176597,0.05447065114473104,False
Casas lotéricas,Fabricação de móveis com predominância de madeira,51,15,6,0.23053821311027867,0.06843723744954747,0.01614486765364048,0.04046938086378746,0.08764239009595959,0.05445330915666746,False
Comércio varejista de bebidas,Comércio varejista especializado de equipamentos de telefonia e comunicação,27,21,12,0.6070936023743038,0.05823836999609883,0.019924556800805265,0.050611924379165556,0.03398925612112551,0.054425147187632195,True
Comércio varejista de gás liqüefeito de petróleo (GLP),"Comércio varejista de produtos farmacêuticos, sem manipulação de fórmulas",34,156,25,0.28713674586373067,0.06543560707261366,0.01802467141332021,0.04327697765965596,0.07181897097003676,0.05435629236613481,False
Atividades de condicionamento físico,"Obras de urbanização - ruas, praças e calçadas",22,13,6,0.5512421357106347,0.028258678538622826,0.1361168634089414,0.08000989201341768,0.007126300834289429,0.05413428527602025,False
Atividades de contabilidade,Comércio varejista de artigos do vestuário e acessórios,28,46,13,0.2831275030102018,0.048752319718682845,0.03944269917387763,0.059503644026376375,0.05811862251859532,0.05412798187252961,False
Comércio varejista de gás liqüefeito de petróleo (GLP),Comércio varejista especializado de eletrodomésticos e equipamentos de áudio e vídeo,34,20,8,0.2194133377027446,0.04420219066595116,0.0820660417175626,0.06391515428018128,0.037825672496764204,0.05405867247306622,False
Atividades de associações de defesa de direitos sociais,Comércio varejista de materiais de construção em geral,19,98,12,0.2666808062745751,0.02289948627895681,0.2140197899795644,0.08520226604603662,0.0023466072580132493,0.054050876162496715,False
Comércio varejista de bebidas,Fabricação de produtos de panificação industrial,27,15,8,0.47159417799471454,0.055645024411878435,0.03951109006827594,0.052159044704392414,0.02726401176274212,0.05390203455813543,True
Comércio a varejo de peças e acessórios novos para motocicletas e motonetas,"Lojas de departamentos ou magazines, exceto lojas francas (Duty free)",26,39,10,0.17912357514427174,0.03754887486216591,0.07319916790635428,0.07021717345977571,0.010838359249596202,0.05388302416097081,False
Atividades de associações de defesa de direitos sociais,Comércio varejista de gás liqüefeito de petróleo (GLP),19,34,9,0.46498914684629317,0.025400397469073927,0.16984914575283883,0.08230561700142948,0.004530646105560998,0.0538530072352517,False
Fabricação de móveis com predominância de madeira,Formação de condutores,15,19,7,0.5464103718951767,0.055607217900963395,0.027576856345524772,0.05194346405446883,0.05474949117929122,0.05377534097771611,False
Comércio varejista de materiais de construção em geral,Comércio varejista especializado de equipamentos de telefonia e comunicação,98,21,15,0.429974576895738,0.071068927850884,0.0061655255231800755,0.03630576533541307,0.08126424553733713,0.05368734659314854,False
Atividades de contabilidade,Caixas econômicas,28,12,7,0.2476119973147017,0.04201541729862955,0.0578724844104157,0.06463296673702157,0.005465571631340056,0.05332419201782556,False
Comércio varejista de artigos do vestuário e acessórios,Formação de condutores,46,19,10,0.4485623261141487,0.06119892394461465,0.041358117397173356,0.04529928181171427,0.06724287008984499,0.053249102878164464,False
Educação infantil - pré-escola,Serviços de engenharia,25,17,8,0.5276081468100654,0.0673531784810907,0.012305175683903683,0.03898501144619021,0.07572097847241918,0.05316909496364045,False
Comércio varejista de artigos de papelaria,"Comércio varejista de produtos farmacêuticos, com manipulação de fórmulas",14,13,9,0.7817842834590131,0.0675789336774415,0.007537060542730008,0.0385767190540445,0.05014367166326469,0.053077826365743,False
"Comércio atacadista de mercadorias em geral, com predominância de produtos alimentícios","Comércio varejista de mercadorias em geral, com predominância de produtos alimentícios - hipermercados",12,12,5,0.7499959810777315,0.048667416731359346,0.04952695794707432,0.05746232521293241,0.03496066361238256,0.05306487097214588,True
Caixas econômicas,Serviços de manutenção e reparação mecânica de veículos automotores,12,14,5,0.3297264082634078,0.07113411840255517,0.004077840888228332,0.0348849981573404,0.0701315995940034,0.053009558279947785,False
Atividades de contabilidade,Construção de rodovias e ferrovias,28,17,9,0.4878035644281858,0.041251902449690535,0.056261129566034546,0.06469320189610206,0.007836287767072053,0.0529725521728963,False
Casas lotéricas,Comércio a varejo de peças e acessórios novos para motocicletas e motonetas,51,26,11,0.2321132350582201,0.06254511570812764,0.026290936274215616,0.043372987848797596,0.04367827527527327,0.05295905177846262,True
Caixas econômicas,Comércio varejista de artigos do vestuário e acessórios,12,46,8,0.45255273482452435,0.04733925576111026,0.03440765139885654,0.058076518470518694,0.06884065099166835,0.05270788711581448,False
Comércio varejista de materiais de construção em geral,Serviços de manutenção e reparação mecânica de veículos automotores,98,14,11,0.29947173782724146,0.07771023322199484,0.004856749881545533,0.027422130160102302,0.1438104368024763,0.05256618169104857,False
Comércio varejista de materiais de construção em geral,Comércio varejista de produtos alimentícios em geral ou especializado em produtos alimentícios não especificados anteriormente,98,20,14,0.35529498548882255,0.06875072768010786,0.009760312678760258,0.0362828077873639,0.0864917708942976,0.05251676773373588,False
Comércio varejista de bebidas,Comércio varejista de combustíveis para veículos automotores,27,133,22,0.3845872536754842,0.05541045115705975,0.029992965509920925,0.04909990050117376,0.05014134757087058,0.05225517582911675,False
Construção de rodovias e ferrovias,Serviços de manutenção e reparação mecânica de veículos automotores,17,14,5,0.4518905007993127,0.06463261830042115,0.008967167846302707,0.03985192089254965,0.051649075168235435,0.0522422695964854,False
Comércio varejista de materiais de construção não especificados anteriormente,Comércio varejista de móveis,11,74,7,0.1792543555706544,0.03563226715716599,0.06493163562987316,0.06855016611703058,0.01753522572444385,0.05209121663709829,False
"Comércio varejista de mercadorias em geral, com predominância de produtos alimentícios - hipermercados",Educação infantil - pré-escola,12,25,8,0.6044130969036701,0.054753502665074436,0.032836103698252316,0.04920677112202473,0.061483161924620326,0.05198013689354958,False
"Comércio varejista de mercadorias em geral, com predominância de produtos alimentícios - supermercados",Educação infantil - pré-escola,50,25,16,0.5702901208890385,0.047282255320412206,0.04698722468491917,0.05661486644359387,0.024788467684419873,0.05194856088200304,True
Atividades de contabilidade,Fabricação de alimentos para animais,28,13,10,0.3915416560849147,0.03579073322444904,0.08964516845171577,0.0678803573191402,0.00421145513074082,0.051835545271794625,False
Construção de rodovias e ferrovias,Fabricação de móveis com predominância de madeira,17,15,6,0.27795096066852376,0.050198573075169915,0.029770559921134514,0.05337909494653277,0.03597501682295699,0.05178883401085134,True
Comércio a varejo de peças e acessórios novos para motocicletas e motonetas,Comércio varejista de artigos de papelaria,26,14,8,0.5826928159282249,0.04305571098804004,0.03905342602510026,0.06051141224246288,0.01757191890241997,0.05178356161525146,True
Atividade odontológica com recursos para realização de procedimentos cirúrgicos,Casas lotéricas,39,51,12,0.24425373073488496,0.04185014404739245,0.048141987290582576,0.06168256450390252,0.02308925954214125,0.051766354275647485,True
Atividades de cobrança e informações cadastrais,Padaria e confeitaria com predominância de revenda,14,26,7,0.39171970568871217,0.03490474512375635,0.07918770475400144,0.06859705579239984,0.007929326672967274,0.0517509004580781,False
Comércio varejista de artigos do vestuário e acessórios,Comércio varejista de materiais de construção em geral,46,98,26,0.39534474192567315,0.05339364324299181,0.07255114515588452,0.04999927131988686,0.053374742483721024,0.05169645728143933,False
Comércio varejista de carnes - açougues,Padaria e confeitaria com predominância de revenda,15,26,5,0.33259573318461894,0.022261264966129807,0.16305996019629948,0.08091845225175118,0.0031974213313193463,0.05158985860894049,False
Comércio varejista de carnes - açougues,Comércio varejista de materiais de construção em geral,15,98,10,0.227490584126356,0.021414989206507803,0.1710979249405185,0.08135195653848341,0.0034938385106048605,0.05138347287249561,False
"Comércio varejista de produtos farmacêuticos, com manipulação de fórmulas",Serviços combinados de escritório e apoio administrativo,13,14,6,0.5609867850311144,0.026175643242576038,0.12208570108503936,0.07617060117125035,0.013722829953107942,0.051173122206913196,False
Atividades de apoio à agricultura não especificadas anteriormente,Cartórios,13,70,9,0.2267588898148168,0.03732028115724066,0.15657015728095725,0.06495098468302395,0.014033867715245658,0.051135632920132304,False
"Atividades de consultoria em gestão empresarial, exceto consultoria técnica específica",Comércio varejista de artigos de papelaria,12,14,5,0.47476524192875363,0.053482224215842374,0.02092733418814166,0.048424020043456174,0.05178526687525422,0.050953122129649274,False
Comércio varejista de combustíveis para veículos automotores,Criação de frangos para corte,133,10,9,0.20219929127358985,0.04638375692018232,0.05286820572661415,0.05523552157547943,0.03845661988533455,0.05080963924783087,False
Construção de edifícios,"Lanchonetes, casas de chá, de sucos e similares",67,32,25,0.5118727986376563,0.05910701103044156,0.03331528866932317,0.042509551405999595,0.07378316732349567,0.05080828121822058,False
Comércio varejista de bebidas,"Transporte rodoviário de carga, exceto produtos perigosos e mudanças, intermunicipal, interestadual e internacional",27,24,11,0.4776755836541651,0.04689168094122337,0.0562493886631632,0.05454697278858567,0.024130301913413376,0.05071932686490452,False
Atividades do Correio Nacional,"Comércio varejista de mercadorias em geral, com predominância de produtos alimentícios - supermercados",54,50,10,0.06145336712709452,0.05183042086940793,0.046710595005526455,0.04947948425958204,0.029810039395014015,0.05065495256449498,True
"Comércio varejista de suvenires, bijuterias e artesanatos",Educação infantil - pré-escola,10,25,7,0.5094570588609367,0.043627669809754695,0.05228792431868991,0.05767590424983423,0.02444413576256569,0.05065178702979446,False
Caixas econômicas,Comércio varejista de produtos alimentícios em geral ou especializado em produtos alimentícios não especificados anteriormente,12,20,5,0.2700166410321926,0.062083737162464805,0.010344974520888247,0.038773300216231654,0.07391909645356053,0.05042851868934823,False
Comércio varejista de hortifrutigranjeiros,Padaria e confeitaria com predominância de revenda,20,26,10,0.39424359626076577,0.04287374577576611,0.05834418794821857,0.05782039197383498,0.01972305941120097,0.050347068874800546,False
Atividades do Correio Nacional,Comércio varejista de bebidas,54,27,8,0.08392230981765449,0.042616928329800616,0.08022592614357754,0.05728686995483473,0.021608659178589746,0.04995189914231767,False
Comércio varejista de madeira e artefatos,Serviços combinados de escritório e apoio administrativo,15,14,6,0.46225388741071993,0.02184891654446244,0.20160480350530796,0.07790043855509557,0.0243062263995819,0.049874677549779006,False
Coleta de resíduos não-perigosos,Comércio varejista de materiais de construção em geral,11,98,6,0.1332410388811941,0.02057756929130378,0.21400992399685098,0.07907597915228655,0.005601149550926943,0.04982677422179516,False
Comércio varejista de gás liqüefeito de petróleo (GLP),Cultivo de soja,34,21,6,0.13602276424084983,0.05651104454814122,0.031173459074972272,0.04300915950412581,0.14099508817929618,0.04976010202613351,False
Comércio varejista de móveis,Criação de bovinos para corte,74,30,9,0.05840175734126087,0.04519793749432153,0.07458169558235687,0.05425982560815403,0.08391234519143409,0.04972888155123778,False
Caixas econômicas,Comércio varejista de materiais de construção em geral,12,98,10,0.3628773869326619,0.040977024410012934,0.057208062271023055,0.058224846854751273,0.026934771688322708,0.049600935632382104,False
Atividades de organizações religiosas,"Comércio varejista de produtos farmacêuticos, com manipulação de fórmulas",30,13,6,0.22986018227937882,0.06788001405942186,0.009713524070624837,0.03130906950343431,0.09561923356078544,0.04959454178142808,False
Comércio varejista especializado de eletrodomésticos e equipamentos de áudio e vídeo,Padaria e confeitaria com predominância de revenda,20,26,7,0.2929669298243398,0.05306798163737371,0.05692928092675034,0.04610253677728021,0.04830929688052393,0.04958525920732696,False
"Comércio varejista de mercadorias em geral, com predominância de produtos alimentícios - minimercados, mercearias e armazéns",Restaurantes e similares,130,37,23,0.16242554353270214,0.0387841875091046,0.09128658258230843,0.06019275065607848,0.04218377391474217,0.04948846908259154,False
"Comércio varejista de mercadorias em geral, com predominância de produtos alimentícios - supermercados",Fabricação de alimentos para animais,50,13,11,0.4122681466448169,0.04374688185757405,0.05839866265203536,0.0550648634083813,0.02084167829111424,0.049405872632977674,False
Comércio varejista de combustíveis para veículos automotores,Construção de rodovias e ferrovias,133,17,12,0.24450027557889292,0.044542530041428996,0.05939522280303618,0.05417852526552669,0.019936526375498264,0.04936052765347784,False
Construção de edifícios,Serviços advocatícios,67,18,14,0.3031078770143499,0.06741981148433715,0.016953829282314654,0.03126747746596822,0.0959470885226581,0.04934364447515269,False
"Comércio varejista de produtos farmacêuticos, com manipulação de fórmulas","Lanchonetes, casas de chá, de sucos e similares",13,32,13,0.6891073564715013,0.02939073509293716,0.1130994878749253,0.06928427947467432,0.012008485059860536,0.04933750728380574,False
"Lojas de departamentos ou magazines, exceto lojas francas (Duty free)",Padaria e confeitaria com predominância de revenda,39,26,9,0.21734911914897828,0.0665419859235442,0.014289912338486624,0.03191215034212533,0.13058873549519678,0.04922706813283476,False
Atividades de organizações religiosas,Serviços de comunicação multimídia - SCM,30,47,12,0.247443092996969,0.057799483759772716,0.023549440039048436,0.04058801193716932,0.06817402835576021,0.04919374784847102,False
Comércio varejista de produtos alimentícios em geral ou especializado em produtos alimentícios não especificados anteriormente,Criação de bovinos para corte,20,30,6,0.09601838260008012,0.021854841181416337,0.197722050318895,0.07635021590346346,0.019022224959712068,0.0491025285424399,False
Comércio atacadista de cereais e leguminosas beneficiados,Comércio varejista de hortifrutigranjeiros,13,20,6,0.5329149970428911,0.05009505160964659,0.02203081387690551,0.04810097234691863,0.03460424686804866,0.04909801197828261,True
Atividades de contabilidade,Comércio varejista de gás liqüefeito de petróleo (GLP),28,34,13,0.4586074458580709,0.036212788400348916,0.10420665215169317,0.06183533854019243,0.023123463752888717,0.049024063470270676,False
Cartórios,Comércio varejista de mercadorias em lojas de conveniência,70,11,6,0.12510123704822568,0.06321066408557528,0.017998595369256118,0.03475635389809715,0.07459496390938003,0.04898350899183622,False
"Lojas de variedades, exceto lojas de departamentos ou magazines",Serviços de engenharia,17,17,5,0.09951716955037324,0.05471537735726709,0.024602256755122898,0.04319474308365175,0.05316540006789841,0.04895506022045942,False
Caixas econômicas,Comércio varejista especializado de equipamentos de telefonia e comunicação,12,21,8,0.3603767303292215,0.0629836427611591,0.008077297317304005,0.034825412682025866,0.09337618079833249,0.04890452772159248,False
Comércio varejista de artigos do vestuário e acessórios,"Lanchonetes, casas de chá, de sucos e similares",46,32,17,0.4499125125971579,0.04561266727431944,0.10041349783843878,0.05206773013618177,0.04978181966837876,0.0488401987052506,False
Atividade odontológica com recursos para realização de procedimentos cirúrgicos,Atividades de organizações religiosas,39,30,14,0.3763731636986891,0.04467064792872947,0.038571787509187654,0.05285620114931283,0.032289032262609915,0.04876342453902115,True
Comércio varejista de artigos do vestuário e acessórios,Comércio varejista de ferragens e ferramentas,46,12,8,0.4099426025947016,0.044457387040137804,0.12788655778923352,0.053042606049596985,0.020882935317269515,0.04874999654486739,False
Comércio varejista de artigos de papelaria,"Comércio varejista de mercadorias em geral, com predominância de produtos alimentícios - minimercados, mercearias e armazéns",14,130,8,0.1705822799872664,0.038503177455900255,0.09578911457031086,0.05894004774983522,0.02114670189101548,0.04872161260286774,False
"Lanchonetes, casas de chá, de sucos e similares","Lojas de departamentos ou magazines, exceto lojas francas (Duty free)",32,39,14,0.286624921716173,0.03822288570244699,0.10537054775664112,0.05918645205341322,0.023735750877647545,0.0487046688779301,False
Comércio varejista de carnes - açougues,Construção de edifícios,15,67,11,0.2858046325471463,0.00987189595894563,0.33503076377014096,0.08752653850884234,0.004189312710835364,0.04869921723389399,False
Comércio varejista de materiais de construção em geral,Comércio varejista de medicamentos veterinários,98,26,18,0.30622457359456934,0.06214157160739795,0.020996348766984276,0.034939705721364823,0.1065882133410006,0.04854063866438139,False
Comércio a varejo de pneumáticos e câmaras-de-ar,Padaria e confeitaria com predominância de revenda,13,26,5,0.2703340730514395,0.034422417583179016,0.0919947890304112,0.06256192229929439,0.019172637238859622,0.0484921699412367,False
Atividades do Correio Nacional,Restaurantes e similares,54,37,9,0.08588787850928044,0.025622183736578177,0.21504326579291,0.07133135500465293,0.024600097104895375,0.048476769370615555,False
Atividades do Correio Nacional,Caixas econômicas,54,12,5,0.21615128489375862,0.04251890071422558,0.09563035374784101,0.054313889665462675,0.019120693593096674,0.04841639518984413,False
"Comércio varejista de mercadorias em geral, com predominância de produtos alimentícios - minimercados, mercearias e armazéns",Comércio varejista especializado de equipamentos e suprimentos de informática,130,13,8,0.12769562194631867,0.054487021577705394,0.028347172787831183,0.04219821875119068,0.10946586918031165,0.04834262016444804,False
Atividades de contabilidade,"Lojas de variedades, exceto lojas de departamentos ou magazines",28,17,10,0.29778088722770396,0.050082424418907874,0.029164520703312605,0.046588022230992635,0.038777335945292084,0.04833522332495026,True
Coleta de resíduos não-perigosos,"Lanchonetes, casas de chá, de sucos e similares",11,32,7,0.3621765115827123,0.03958020544449432,0.0630002325076152,0.05685239961731452,0.03456404675883231,0.04821630253090442,False
Comércio varejista de gás liqüefeito de petróleo (GLP),"Comércio varejista de mercadorias em geral, com predominância de produtos alimentícios - minimercados, mercearias e armazéns",34,130,24,0.2699831200373187,0.03641247228929767,0.11829653738268997,0.05949864456373029,0.017025330756266555,0.04795555842651398,False
Construção de rodovias e ferrovias,Formação de condutores,17,19,7,0.32866721105322055,0.054859080862422215,0.019710117467549044,0.04104380005102236,0.0850248744094329,0.04795144045672228,False
Comércio varejista de artigos do vestuário e acessórios,"Transporte rodoviário de carga, exceto produtos perigosos e mudanças, intermunicipal, interestadual e internacional",46,24,11,0.28431278431056983,0.050557386229116034,0.09191378311068193,0.0452448555430083,0.049284068530677586,0.047901120886062167,False
Comércio varejista de combustíveis para veículos automotores,Criação de bovinos para corte,133,30,22,0.16528506212096308,0.049675432407968435,0.03812917942691206,0.046015670626091396,0.11532785670329387,0.04784555151702992,False
Fabricação de produtos de panificação industrial,Restaurantes e similares,15,37,11,0.6739320643056368,0.039064426535566174,0.08831765577604672,0.05656429542564757,0.04512977831068725,0.047814360980606874,False
Atividades do Correio Nacional,Construção de rodovias e ferrovias,54,17,5,0.13050644133112932,0.0535558858178705,0.05103683305995108,0.04204854349479332,0.06871236250656278,0.04780221465633191,False
"Comércio varejista de mercadorias em geral, com predominância de produtos alimentícios - supermercados",Restaurantes e similares,50,37,22,0.5871141272127679,0.020240529711232975,0.24393943812632207,0.0753590370827032,0.011061741706557835,0.04779978339696808,False
Casas lotéricas,Comércio varejista de combustíveis para veículos automotores,51,133,34,0.29662038631085935,0.0543058688082622,0.046264398660321185,0.04125555474698494,0.06966994803520177,0.047780711777623566,False
"Comercio varejista de artigos de cama, mesa e banho",Educação infantil - pré-escola,14,25,11,0.5797653033851737,0.057602358915258146,0.020501815738967855,0.03772436385715263,0.1031417788708302,0.04766336138620539,False
Comércio varejista de animais vivos e de artigos e alimentos para animais de estimação,Comércio varejista especializado de eletrodomésticos e equipamentos de áudio e vídeo,22,20,8,0.3428002051512226,0.033112946884690186,0.1392565624834436,0.06208840160922361,0.04080358334077887,0.047600674246956895,False
Comércio varejista de madeira e artefatos,Criação de bovinos para corte,15,30,5,0.023538321743134544,0.024031266689893756,0.17899936204589012,0.07102791384754006,0.03902344821495519,0.047529590268716906,False
Comércio varejista de combustíveis para veículos automotores,Padaria e confeitaria com predominância de revenda,133,26,18,0.24851603782581602,0.03462830297778321,0.12212892211096399,0.06037989871234116,0.014912203726900981,0.04750410084506218,False
Atividade odontológica com recursos para realização de procedimentos cirúrgicos,Criação de frangos para corte,39,10,5,0.34108850412303493,0.024916834258072094,0.1650758881849464,0.07009036998281468,0.012995335475430086,0.04750360212044338,False
Atividades de associações de defesa de direitos sociais,Comércio varejista especializado de eletrodomésticos e equipamentos de áudio e vídeo,19,20,6,0.23725435111375956,0.03504468361640748,0.11518415189452258,0.05981556014529238,0.04839158276809592,0.047430121880849926,False
"Obras de urbanização - ruas, praças e calçadas","Transporte rodoviário de carga, exceto produtos perigosos e mudanças, intermunicipal, interestadual e internacional",13,24,7,0.48013328354314994,0.07991130885060467,0.0047288751670502985,0.014946405918018546,0.28432449527902004,0.04742885738431161,False
Laboratórios clínicos,Serviços combinados de escritório e apoio administrativo,22,14,7,0.38599893193144524,0.013018073114714156,0.29631205036663133,0.08174665439150049,0.0077065222261801375,0.04738236375310732,False
Educação infantil - pré-escola,Serviços de manutenção e reparação mecânica de veículos automotores,25,14,12,0.7230828176116049,0.06313366926420942,0.016424315136856913,0.03151596436516968,0.10145691400856255,0.04732481681468955,False
Atividades de cobrança e informações cadastrais,Caixas econômicas,14,12,6,0.22542392116450943,0.03403924423397714,0.08354243981815634,0.0605695767449324,0.009473848691785573,0.04730441048945477,False
"Comércio varejista de produtos farmacêuticos, sem manipulação de fórmulas",Construção de edifícios,156,67,51,0.3406134461338817,0.03368950002728849,0.11970663871969489,0.060834596795715755,0.02705888867961395,0.047262048411502125,False
Comércio a varejo de peças e acessórios novos para motocicletas e motonetas,Comércio varejista especializado de eletrodomésticos e equipamentos de áudio e vídeo,26,20,6,0.14658744629971493,0.03529975811472829,0.08771740727733474,0.059135395429581065,0.056488890277199805,0.04721757677215468,False
Comércio varejista de madeira e artefatos,"Lojas de variedades, exceto lojas de departamentos ou magazines",15,17,5,0.3090691016749503,0.052106757619587836,0.017773774784762882,0.04223691848815612,0.05149147819606021,0.04717183805387198,False
"Aparelhamento de placas e execução de trabalhos em mármore, granito, ardósia e outras pedras",Criação de bovinos para corte,14,30,6,0.16049387062411774,0.01617892733569896,0.2551453912210639,0.07805379259578786,0.024190716679209055,0.04711635996574341,False
Comercio varejista de artigos de armarinho,Comércio varejista especializado de eletrodomésticos e equipamentos de áudio e vídeo,21,20,6,0.25013736238537115,0.04477880837275752,0.04463432131033874,0.04942309884889343,0.0751633210076025,0.047100953610825474,False
"Atividades de consultoria em gestão empresarial, exceto consultoria técnica específica","Comércio varejista de mercadorias em geral, com predominância de produtos alimentícios - hipermercados",12,12,6,0.7114426908108342,0.03805855745059753,0.06493643908581892,0.056063996833540755,0.037630710452531,0.04706127714206915,False
Atividades de contabilidade,"Obras de urbanização - ruas, praças e calçadas",28,13,8,0.5097877730900606,0.024856528712661963,0.17350725871370104,0.06907185505811288,0.015591565652156116,0.04696419188538742,False
Comércio a varejo de pneumáticos e câmaras-de-ar,Construção de rodovias e ferrovias,13,17,5,0.3428271816977115,0.036763643941555985,0.06989971489882381,0.05684839148176009,0.02043378526844522,0.046806017711658036,False
Atividades de condicionamento físico,Construção de rodovias e ferrovias,22,17,9,0.5510183599257883,0.040355123505360614,0.053350766117469445,0.05311512494485105,0.020320474797351468,0.04673512422510583,False
Atividades de condicionamento físico,Casas lotéricas,22,51,12,0.3285519938154932,0.03314784399905437,0.10372330720738299,0.06024419410285794,0.03510874847803301,0.046696019050956154,False
Atividades de associações de defesa de direitos sociais,Caixas econômicas,19,12,5,0.17562233827511814,0.033781072618824994,0.10261757422862611,0.059528291315831074,0.010091238019428284,0.046654681967328034,False
Comércio varejista de artigos de papelaria,Comércio varejista de hortifrutigranjeiros,14,20,7,0.4519438075469311,0.046025243112145134,0.04516938848250405,0.04695915330014862,0.031585228117631724,0.046492198206146876,True
Comércio varejista de bebidas,Comércio varejista especializado de eletrodomésticos e equipamentos de áudio e vídeo,27,20,7,0.18672277642457746,0.05112270705859968,0.04862181010451164,0.041530573639244076,0.13219307239276612,0.04632664034892188,False
Criação de bovinos para corte,"Fabricação de artefatos de cerâmica e barro cozido para uso na construção, exceto azulejos e pisos",30,17,8,0.27975479387833674,0.019454036062259185,0.3208663893883854,0.07309745829312544,0.03309918309212008,0.04627574717769231,False
Atividades de apoio à agricultura não especificadas anteriormente,"Comércio varejista de mercadorias em geral, com predominância de produtos alimentícios - supermercados",13,50,8,0.2677322776657148,0.04922745223146648,0.08049916178175542,0.043146927156477784,0.05900512656049747,0.04618718969397213,False
"Comércio varejista de produtos farmacêuticos, sem manipulação de fórmulas",Construção de rodovias e ferrovias,156,17,13,0.28359696873579543,0.031646761005751166,0.15149229541753334,0.06071859414203599,0.01235967230305731,0.04618267757389358,False
Cartórios,Cultivo de soja,70,21,9,0.06704527070353208,0.048399873024036186,0.04408677980434826,0.043936785719120776,0.14185031906486179,0.046168329371578484,False
"Comercio varejista de artigos de cama, mesa e banho",Comércio varejista de gás liqüefeito de petróleo (GLP),14,34,6,0.10450640709392092,0.057234067470972164,0.019267664486433158,0.0349266895395048,0.10866814051655799,0.04608037850523848,False
"Comercio varejista de artigos de cama, mesa e banho",Padaria e confeitaria com predominância de revenda,14,26,7,0.29607677197980925,0.05374956707033001,0.026595563719241648,0.038275836136005076,0.09115523290080146,0.04601270160316755,False
Comércio varejista de animais vivos e de artigos e alimentos para animais de estimação,Ensino fundamental,22,11,5,0.4367655399336974,0.06726224198782559,0.019741834600619745,0.024451884012846124,0.19189689277410926,0.04585706300033585,False
"Comércio varejista de mercadorias em geral, com predominância de produtos alimentícios - supermercados",Comércio varejista especializado de eletrodomésticos e equipamentos de áudio e vídeo,50,20,12,0.34897246125757764,0.04400550495292184,0.06043974951081308,0.04755260265550134,0.08276708993174686,0.045779053804211586,False
Comércio varejista de gás liqüefeito de petróleo (GLP),Comércio varejista de produtos alimentícios em geral ou especializado em produtos alimentícios não especificados anteriormente,34,20,6,0.3008371041461321,0.0724593532015865,0.009763809032752294,0.018987928772339995,0.2348119814636767,0.04572364098696325,False
Comércio atacadista de cereais e leguminosas beneficiados,Criação de bovinos para corte,13,30,5,0.2254260926532936,0.028181964556552648,0.13052905513284796,0.06324422930183388,0.048422229630470236,0.04571309692919326,False
"Comércio varejista de mercadorias em geral, com predominância de produtos alimentícios - minimercados, mercearias e armazéns","Comércio varejista de produtos farmacêuticos, com manipulação de fórmulas",130,13,7,0.17206603941694876,0.06084127310701865,0.016882260563975897,0.030499803923950082,0.10597658995891213,0.04567053851548437,False
Educação infantil - pré-escola,Fabricação de produtos de panificação industrial,25,15,11,0.660878307570514,0.05217489452139608,0.03508496556630143,0.039136617331745706,0.07163254868458842,0.045655755926570896,False
Caixas econômicas,Casas lotéricas,12,51,7,0.36592873287469907,0.04793862358319389,0.028182321022178197,0.04336613963704787,0.09104510334301952,0.045652381610120876,False
"Comércio atacadista de mercadorias em geral, com predominância de produtos alimentícios",Serviços de engenharia,12,17,5,0.5130075058763551,0.06208186962536234,0.01413693991418554,0.02903998630731626,0.13345822939055446,0.0455609279663393,False
Casas lotéricas,Comércio varejista de artigos do vestuário e acessórios,51,46,19,0.34015770692034525,0.041698719302289584,0.10187679697262858,0.04939528304580582,0.09602944750102904,0.045547001174047703,False
Comércio varejista de produtos alimentícios em geral ou especializado em produtos alimentícios não especificados anteriormente,Padaria e confeitaria com predominância de revenda,20,26,9,0.4246064483151848,0.026240740268120656,0.1507500925207747,0.06473714094804782,0.015306769773798802,0.04548894060808424,False
Comércio varejista de artigos do vestuário e acessórios,Comércio varejista de madeira e artefatos,46,15,5,0.14165922935633404,0.05466026563847391,0.09733767863042675,0.03628113972249477,0.07283303020930129,0.04547070268048434,False
Administração pública em geral,Comércio varejista de móveis,94,74,30,0.013616064010279259,0.04901825554146518,0.0534691814454591,0.041893383168911565,0.1092920552494479,0.04545581935518837,False
Comércio varejista de animais vivos e de artigos e alimentos para animais de estimação,Formação de condutores,22,19,12,0.510009111853335,0.04158663932905754,0.09387094151159586,0.049303711820339755,0.05561250441997228,0.04544517557469865,False
Atividades de condicionamento físico,Comércio varejista de materiais de construção em geral,22,98,17,0.3788901242210729,0.024265678352616702,0.18742515745945154,0.0665204384049701,0.015100330763121178,0.0453930583787934,False
Comércio varejista de artigos de papelaria,Comércio varejista de combustíveis para veículos automotores,14,133,12,0.3816910740499913,0.05746503773286391,0.016765099345275633,0.03326939395241192,0.14003570704340274,0.04536721584263792,False
Comércio varejista de madeira e artefatos,Construção de edifícios,15,67,11,0.2663406161634797,0.029326174523856743,0.12431355764943197,0.06114388650385988,0.02816690032907153,0.04523503051385831,False
"Aparelhamento de placas e execução de trabalhos em mármore, granito, ardósia e outras pedras",Construção de rodovias e ferrovias,14,17,5,0.511676289197025,0.0344005855968072,0.09877634947096575,0.056060635972218255,0.012745910038758216,0.04523061078451272,False
Comércio varejista de madeira e artefatos,Restaurantes e similares,15,37,10,0.4846815197136146,0.037373808544575664,0.07510443130379191,0.052759608444946836,0.08345761260383555,0.04506670849476125,False
Comércio varejista de materiais de construção em geral,Serviços advocatícios,98,18,13,0.16237134719887486,0.064503362434245,0.020898274735202258,0.02537558979020939,0.1496162377952518,0.04493947611222719,False
Comércio varejista de ferragens e ferramentas,Comércio varejista de móveis,12,74,6,0.1601787580413454,0.03524633269802089,0.07862157640772258,0.05458894889270349,0.03417147645571314,0.04491764079536219,False
Casas lotéricas,"Comércio varejista de cosméticos, produtos de perfumaria e de higiene pessoal",51,22,12,0.49763092935593395,0.03966972061750034,0.09987161017472573,0.04992568335540712,0.03615602806956208,0.04479770198645373,False
Comércio varejista de carnes - açougues,Criação de bovinos para corte,15,30,6,0.19440321979719313,0.019577182928841044,0.1824953163786025,0.06983376826187064,0.03050116956655683,0.04470547559535584,False
Atividades de condicionamento físico,Atividades de organizações religiosas,22,30,8,0.2824927579855564,0.031328835632683974,0.09709004137425653,0.058004445022092115,0.023099518127765114,0.04466664032738804,False
Casas lotéricas,"Transporte rodoviário de carga, exceto produtos perigosos e mudanças, intermunicipal, interestadual e internacional",51,24,8,0.15926037429307902,0.05689687625846984,0.03069541750592569,0.03243610508307436,0.12615819876812806,0.0446664906707721,False
Comércio a varejo de peças e acessórios novos para motocicletas e motonetas,Comércio varejista de bebidas,26,27,12,0.5959859348799176,0.03194779574067997,0.10832409543131644,0.05688334488974086,0.020720519384252904,0.044415570315210415,False
Atividades do Correio Nacional,Educação infantil - pré-escola,54,25,6,0.030949924407381705,0.0459647906023041,0.07634025496852247,0.04262798432066982,0.07483890302718202,0.04429638746148696,False
"Comercio varejista de artigos de cama, mesa e banho",Construção de rodovias e ferrovias,14,17,6,0.2691040602589483,0.05626372116123762,0.019409615538072966,0.032163337801612485,0.11848236432912868,0.044213529481425054,False
"Obras de urbanização - ruas, praças e calçadas",Serviços de manutenção e reparação mecânica de veículos automotores,13,14,6,0.5666547185547154,0.08377358898048021,0.004848388488986389,0.004370379403790314,0.4393381989864899,0.04407198419213526,False
Comércio varejista de artigos do vestuário e acessórios,Comércio varejista de carnes - açougues,46,15,6,0.11087460990525981,0.06517867352827675,0.036652708564128715,0.0228712434223121,0.16863764483947502,0.044024958475294425,False
Comércio varejista especializado de equipamentos de telefonia e comunicação,Serviços combinados de escritório e apoio administrativo,21,14,8,0.6080324443123479,0.017290850476133175,0.25768638345621897,0.0707055286639291,0.01849434658458692,0.04399818957003113,False
Atividades de contabilidade,Educação infantil - pré-escola,28,25,16,0.6487941744584957,0.04159356677237435,0.060887010530392534,0.04639260104133418,0.05770200781223927,0.04399308390685426,False
Fabricação de alimentos para animais,Serviços de manutenção e reparação mecânica de veículos automotores,13,14,6,0.33751500994474926,0.06479253740775984,0.006650285965710252,0.02315868217130995,0.17790943211051902,0.043975609789534895,False
Cartórios,Comércio a varejo de peças e acessórios novos para motocicletas e motonetas,70,26,18,0.3310716821029338,0.05961796309079132,0.024682414954971352,0.02825416350600643,0.12531131437788784,0.04393606329839887,False
"Comércio varejista de mercadorias em geral, com predominância de produtos alimentícios - minimercados, mercearias e armazéns","Transporte rodoviário de carga, exceto produtos perigosos e mudanças, intermunicipal, interestadual e internacional",130,24,15,0.11254103718381528,0.04831725617536067,0.05875324485978824,0.039492791918428874,0.06591407293360725,0.043905024046894774,False
Comércio varejista de artigos de papelaria,Comércio varejista de madeira e artefatos,14,15,6,0.543468982159252,0.051613303194029306,0.040977385319404,0.036148917198765264,0.07728895592908339,0.04388111019639729,False
Atividades de condicionamento físico,Comércio varejista de artigos de papelaria,22,14,9,0.6792534726975668,0.03537232427869158,0.08898979565684279,0.05231265634104953,0.035846197549365404,0.04384249030987056,False
Serviços combinados de escritório e apoio administrativo,Serviços de manutenção e reparação mecânica de veículos automotores,14,14,7,0.6543144076775724,0.08818417743997832,0.015256800122034474,-0.0006137955979238212,0.49565178468358684,0.04378519092102725,False
Padaria e confeitaria com predominância de revenda,"Transporte rodoviário de carga, exceto produtos perigosos e mudanças, intermunicipal, interestadual e internacional",26,24,8,0.3975637496471117,0.05109859438691545,0.03217285019742077,0.036331266344888674,0.10978194706056371,0.04371493036590206,False
Comércio varejista de materiais de construção em geral,"Transporte rodoviário de carga, exceto produtos perigosos e mudanças, intermunicipal, interestadual e internacional",98,24,19,0.35961779209719086,0.06349591756922507,0.021243689850306217,0.02370015261862311,0.18853043524136798,0.04359803509392409,False
Comércio a varejo de peças e acessórios novos para veículos automotores,Criação de bovinos para corte,34,30,11,0.2663890642691235,0.03294772044201572,0.08855202445733107,0.05421083368075455,0.07544273719341486,0.04357927706138513,False
Atividades de contabilidade,"Comércio varejista de cosméticos, produtos de perfumaria e de higiene pessoal",28,22,15,0.4997842034114771,0.04129017274948978,0.06514474394826736,0.0456384104158384,0.04562847402498403,0.04346429158266409,False
Comércio varejista de artigos do vestuário e acessórios,Comércio varejista de hortifrutigranjeiros,46,20,10,0.22749818655808626,0.048340778237996374,0.09717513004531853,0.0382198102829097,0.07261144119081876,0.04328029426045304,False
Atividades de cobrança e informações cadastrais,Atividades de organizações religiosas,14,30,6,0.39003757695042013,0.03184107976820899,0.09931149686483193,0.05465243004726658,0.03536837119183425,0.043246754907737786,False
Construção de rodovias e ferrovias,Serviços advocatícios,17,18,6,0.359831425061545,0.05886062905078635,0.01898828559598287,0.02759363710136596,0.15858716899599407,0.04322713307607616,False
Comércio varejista especializado de equipamentos e suprimentos de informática,Serviços combinados de escritório e apoio administrativo,13,14,6,0.23913303193859783,0.0033593512324318277,0.45399591133772516,0.08265869867224633,0.01368930043922059,0.04300902495233908,False
"Comércio atacadista de mercadorias em geral, com predominância de produtos alimentícios","Comércio varejista de suvenires, bijuterias e artesanatos",12,10,5,0.6824129056117773,0.05291149765807832,0.03726489661060216,0.03308243888943755,0.10350745816671297,0.042996968273757936,False
Atividades de organizações religiosas,Serviços de manutenção e reparação mecânica de veículos automotores,30,14,5,0.19814970448563624,0.049010390132038006,0.04616928332095346,0.036895947045649205,0.06150160191326025,0.042953168588843606,False
Comércio a varejo de pneumáticos e câmaras-de-ar,Comércio varejista de artigos de papelaria,13,14,5,0.4080768237515167,0.03982836322286165,0.04505990286792933,0.04598296065210024,0.050207555909616154,0.042905661937480945,False
Comércio varejista de produtos alimentícios em geral ou especializado em produtos alimentícios não especificados anteriormente,Comércio varejista especializado de eletrodomésticos e equipamentos de áudio e vídeo,20,20,5,0.1782737663840127,0.03804250965472065,0.07771397380453647,0.04767809033441101,0.0809707250238092,0.04286029999456583,False
Comércio varejista de materiais de construção em geral,Hotéis,98,22,17,0.4015025350750067,0.016007533186737418,0.31822427131775455,0.06956263574176566,0.05433566577261208,0.04278508446425154,False
Comércio varejista de animais vivos e de artigos e alimentos para animais de estimação,Criação de bovinos para corte,22,30,7,0.10018555199460215,0.017279701243466547,0.2996421153602789,0.06794058624600957,0.04176696522725305,0.04261014374473806,False
Atividades de contabilidade,Comércio a varejo de peças e acessórios novos para motocicletas e motonetas,28,26,13,0.5070805023363925,0.049927978160225435,0.03332103160590243,0.03519878282514795,0.07387388118598388,0.042563380492686695,False
Comércio varejista de artigos de papelaria,Comércio varejista de produtos alimentícios em geral ou especializado em produtos alimentícios não especificados anteriormente,14,20,7,0.5615336984408325,0.05732739376908056,0.021476327328872762,0.027743903348746636,0.13113998355876894,0.0425356485589136,False
Comercio varejista de artigos de armarinho,Construção de rodovias e ferrovias,21,17,5,0.2241352079452749,0.04603648710842488,0.03503167336916542,0.03850601565221961,0.08361417449775121,0.04227125138032224,False
Comércio varejista de bebidas,Comércio varejista especializado de equipamentos e suprimentos de informática,27,13,7,0.2876140959622618,0.02199577366888542,0.21066527204218405,0.06250143146903915,0.030070259990138862,0.04224860256896228,False
"Comércio atacadista de mercadorias em geral, com predominância de produtos alimentícios","Comércio varejista de produtos farmacêuticos, com manipulação de fórmulas",12,13,5,0.5330879621811637,0.060659036785912834,0.027921419402812883,0.02381385658490161,0.1556850938515668,0.04223644668540722,False
"Comércio varejista de suvenires, bijuterias e artesanatos",Restaurantes e similares,10,37,8,0.5632482977978787,0.03070572273893859,0.1322995887989158,0.05356032734568745,0.045814533941429,0.04213302504231302,False
Atividade odontológica com recursos para realização de procedimentos cirúrgicos,"Bancos múltiplos, com carteira comercial",39,11,5,0.1526066498654219,0.054249271611279085,0.01894576586490943,0.02948405181039015,0.10839279587971368,0.04186666171083462,False
Comércio varejista especializado de equipamentos de telefonia e comunicação,"Lojas de variedades, exceto lojas de departamentos ou magazines",21,17,9,0.3451963100012653,0.04497971329620022,0.044525086096816165,0.038701211686041403,0.07011650204546037,0.04184046249112081,False
Atividades de condicionamento físico,Padaria e confeitaria com predominância de revenda,22,26,12,0.4986645489997835,0.027121899294934748,0.14936303637265136,0.05628241890716239,0.02681554793907431,0.04170215910104857,False
"Comércio varejista de mercadorias em geral, com predominância de produtos alimentícios - minimercados, mercearias e armazéns",Serviços advocatícios,130,18,11,0.19138381356763737,0.0597530121314758,0.02876069692924192,0.023593755843144923,0.16800486131183479,0.04167338398731036,False
Comércio varejista de combustíveis para veículos automotores,"Comércio varejista de produtos farmacêuticos, sem manipulação de fórmulas",133,156,100,0.3603307907010861,0.04233649272566285,0.08642532115405716,0.04094349152626583,0.08722880456414867,0.04163999212596434,False
Cartórios,"Comércio varejista de produtos farmacêuticos, sem manipulação de fórmulas",70,156,57,0.455016010330726,0.045485490438258745,0.06242235085732412,0.0377326673954046,0.1098142207582481,0.041609078916831674,False
Atividades de apoio à agricultura não especificadas anteriormente,Comércio varejista de hortifrutigranjeiros,13,20,7,0.21154142150481864,0.0546333793265486,0.06112772698176166,0.028573335007719265,0.14841893318285354,0.04160335716713393,False
"Bancos múltiplos, com carteira comercial","Comércio varejista de produtos farmacêuticos, sem manipulação de fórmulas",11,156,8,0.14891995770769229,0.033731020280529704,0.07884399931429464,0.049444921295583505,0.040115285602406674,0.04158797078805661,False
"Comércio varejista de mercadorias em geral, com predominância de produtos alimentícios - hipermercados",Fabricação de produtos de panificação industrial,12,15,7,0.652437958095293,0.05018965061055277,0.03648974335397373,0.03295135395620854,0.12291519722376892,0.041570502283380655,False
Comércio varejista de gás liqüefeito de petróleo (GLP),Comércio varejista de medicamentos veterinários,34,26,8,0.3347279237270857,0.0492660938979323,0.047992011756573597,0.033841008588861604,0.09980382000051696,0.04155355124339695,False
Casas lotéricas,"Lojas de departamentos ou magazines, exceto lojas francas (Duty free)",51,39,23,0.42627589542595895,0.04283427631570611,0.09638140780309984,0.040152950262623575,0.09837966497707146,0.041493613289164843,False
"Comércio varejista de mercadorias em geral, com predominância de produtos alimentícios - hipermercados",Comércio varejista de produtos alimentícios em geral ou especializado em produtos alimentícios não especificados anteriormente,12,20,5,0.6567865788107835,0.06561465488853567,0.016244303407916428,0.017349081941596695,0.25491481339319566,0.04148186841506618,False
Comércio varejista de gás liqüefeito de petróleo (GLP),Fabricação de móveis com predominância de madeira,34,15,6,0.1603809396461226,0.04943060871155416,0.05025665173623753,0.03339664818419613,0.15688161029951725,0.04141362844787515,False
"Comércio atacadista de mercadorias em geral, com predominância de produtos alimentícios","Lanchonetes, casas de chá, de sucos e similares",12,32,7,0.5011463778545808,0.044229241230974756,0.06809664816705478,0.03836704766672343,0.08326003523040171,0.04129814444884909,False
Atividades de organizações religiosas,Comércio a varejo de peças e acessórios novos para veículos automotores,30,34,9,0.26989718297571147,0.04622038278591667,0.06333494365510739,0.036059704614992326,0.08726263153145736,0.0411400437004545,False
"Comércio varejista de suvenires, bijuterias e artesanatos","Lanchonetes, casas de chá, de sucos e similares",10,32,9,0.5237028247140577,0.031063583296911997,0.10698014045631249,0.0511820857002634,0.0599167305059105,0.041122834498587696,False
Atividades de contabilidade,Comércio varejista de ferragens e ferramentas,28,12,5,0.11274425204913462,0.033671811623346225,0.09354913783067592,0.04831836763327548,0.033829221457111563,0.04099508962831085,False
Atividade odontológica com recursos para realização de procedimentos cirúrgicos,Comércio varejista de animais vivos e de artigos e alimentos para animais de estimação,39,22,14,0.5667637248790763,0.03820370141546246,0.06730268621635607,0.04377742864142637,0.07199042930881276,0.04099056502844442,False
Criação de bovinos para corte,Formação de condutores,30,19,10,0.3003059547809673,0.06253728178636929,0.06011100117404301,0.01942917522354838,0.25423868453546034,0.040983228504958835,False
Construção de rodovias e ferrovias,Serviços de engenharia,17,17,6,0.5404556293924528,0.0513195694367417,0.031015728976769113,0.03063338112754163,0.12072663524593563,0.04097647528214167,False
Comércio varejista de combustíveis para veículos automotores,Fabricação de alimentos para animais,133,13,11,0.2850920123156525,0.03253706564363267,0.13051664983851652,0.04935954052930811,0.030931694429541006,0.04094830308647039,False
"Comércio varejista de mercadorias em geral, com predominância de produtos alimentícios - supermercados",Serviços combinados de escritório e apoio administrativo,50,14,8,0.36913477665283434,-0.004250500328967933,0.4499895985016734,0.08611694392675809,0.012018902522811108,0.04093322179889508,False
Comércio varejista especializado de equipamentos de telefonia e comunicação,Fabricação de alimentos para animais,21,13,9,0.5258043379818605,0.02490871086869297,0.17825625655951377,0.05694748217932788,0.008120314116067699,0.04092809652401042,False
Atividades de associações de defesa de direitos sociais,"Lanchonetes, casas de chá, de sucos e similares",19,32,11,0.449954907016296,0.008954029670338176,0.3678574371594756,0.07266572915502,0.013130650162365786,0.040809879412679086,False
Atividades de apoio à agricultura não especificadas anteriormente,Comércio a varejo de peças e acessórios novos para motocicletas e motonetas,13,26,6,0.2866554900260371,0.04876041954363843,0.09484279464239004,0.03274795082807875,0.09909070491176986,0.04075418518585859,False
Comércio varejista de materiais de construção em geral,Fabricação de produtos de panificação industrial,98,15,10,0.28444927918586227,0.06690106402592871,0.012137869429936835,0.014596555480002254,0.28860418685671685,0.040748809752965486,False
Comércio varejista de produtos alimentícios em geral ou especializado em produtos alimentícios não especificados anteriormente,"Lojas de departamentos ou magazines, exceto lojas francas (Duty free)",20,39,7,0.10911396642916633,0.033822052057587926,0.09196010386797093,0.04764163049482835,0.05261584765219781,0.04073184127620814,False
Serviços combinados de escritório e apoio administrativo,Serviços de engenharia,14,17,6,0.5568140115225351,0.06796278251094454,0.029778142825043243,0.013261085368165606,0.2991987783260165,0.04061193393955507,False
Comércio varejista de gás liqüefeito de petróleo (GLP),Serviços advocatícios,34,18,6,0.411639879996286,0.06756345866496956,0.014331658386382867,0.013405041737905915,0.2866814749944008,0.040484250201437734,False
Atividades de cobrança e informações cadastrais,Construção de edifícios,14,67,11,0.3641342934543967,0.02378609967464726,0.16148713705689643,0.056857116362299766,0.03360744647285282,0.04032160801847351,False
"Aparelhamento de placas e execução de trabalhos em mármore, granito, ardósia e outras pedras",Comércio varejista de materiais de construção em geral,14,98,12,0.3486188235837968,0.016441736460055537,0.23336408027860778,0.0638356808599578,0.015877239670321782,0.04013870866000667,False
"Comércio varejista de mercadorias em geral, com predominância de produtos alimentícios - supermercados",Cultivo de soja,50,21,9,0.12340488113532155,0.048958926705999946,0.04078309154725742,0.03106693946074907,0.21951256486070175,0.04001293308337451,False
Cartórios,Comércio varejista de madeira e artefatos,70,15,11,0.23344628990378788,0.03739679652476058,0.1053089474339376,0.04237471256884394,0.05000039684156322,0.03988575454680226,False
Comércio varejista de hortifrutigranjeiros,"Lojas de departamentos ou magazines, exceto lojas francas (Duty free)",20,39,8,0.3088755017299106,0.032099866809325,0.10942415648131237,0.047655299985784286,0.06319126814946593,0.03987758339755464,False
Comércio varejista de produtos alimentícios em geral ou especializado em produtos alimentícios não especificados anteriormente,"Lanchonetes, casas de chá, de sucos e similares",20,32,15,0.6130180497501284,0.0123789891187961,0.3145086151380506,0.06723315181862759,0.013326587469097862,0.039806070468711846,False
Cultivo de arroz,Fabricação de alimentos para animais,10,13,5,0.19345301127314507,0.05001404950686871,0.11702524217406829,0.029414675542791674,0.11816139670904835,0.039714362524830196,False
Fabricação de águas envasadas,Restaurantes e similares,11,37,5,0.3152888636607128,0.02305485987046935,0.1891105000582245,0.05613922764437343,0.03820229328785345,0.03959704375742139,False
Criação de bovinos para corte,Padaria e confeitaria com predominância de revenda,30,26,7,0.11791049257748953,0.0570801494138785,0.06992546879804123,0.0220367037817625,0.22465177077678472,0.039558426597820495,False
Construção de edifícios,Fabricação de produtos de panificação industrial,67,15,9,0.3238208837984384,0.06589764118898368,0.018646597524363557,0.013126320211688289,0.3240344928944866,0.039511980700335986,False
Atividades de associações de defesa de direitos sociais,Fabricação de móveis com predominância de madeira,19,15,7,0.3396485785385679,0.037471895712837745,0.09081133896140803,0.04145856953022901,0.08544142636470148,0.039465232621533376,False
Atividades de cobrança e informações cadastrais,Fabricação de alimentos para animais,14,13,7,0.3288456400432495,0.023980655219350715,0.16751096321402875,0.054858880473282225,0.014305195740469366,0.03941976784631647,False
Comércio varejista de madeira e artefatos,"Lanchonetes, casas de chá, de sucos e similares",15,32,14,0.6791816546877422,0.03371438364470612,0.09435837570715139,0.04478586478473362,0.0689426416496591,0.03925012421471987,False
Comércio varejista de produtos alimentícios em geral ou especializado em produtos alimentícios não especificados anteriormente,Fabricação de alimentos para animais,20,13,6,0.30753581481278225,0.024799286223076252,0.17064164857060932,0.05362677436594234,0.017323720138883992,0.039213030294509295,False
Construção de edifícios,Criação de bovinos para corte,67,30,17,0.3178479222613828,0.053481465466989245,0.050473400688711985,0.024906127507475336,0.26168724947681415,0.03919379648723229,False
Coleta de resíduos não-perigosos,Comércio a varejo de peças e acessórios novos para motocicletas e motonetas,11,26,5,0.3666232209596382,0.041732336192675794,0.04846690177100257,0.03663293201331055,0.06870709217342058,0.03918263410299317,False
Educação infantil - pré-escola,Formação de condutores,25,19,12,0.5442545001668507,0.03935415274071274,0.0943745163247463,0.038700688632776634,0.10462692614658387,0.03902742068674468,False
Comércio varejista de medicamentos veterinários,"Comércio varejista de mercadorias em geral, com predominância de produtos alimentícios - minimercados, mercearias e armazéns",26,130,16,0.12426743014222574,0.028952363711761703,0.1461640078932147,0.04901257942229922,0.05126021062538726,0.03898247156703046,False
Construção de rodovias e ferrovias,Fabricação de produtos de padaria e confeitaria com predominância de produção própria,17,26,7,0.3025798634784165,0.042577718833257804,0.06020497195311328,0.03535274297185303,0.08958557029733621,0.038965230902555416,False
"Bancos múltiplos, com carteira comercial",Comércio varejista de animais vivos e de artigos e alimentos para animais de estimação,11,22,5,0.2228183521401887,0.04461944076371879,0.042029329038765634,0.0330788537274262,0.14149780501727177,0.03884914724557249,False
Atividades do Correio Nacional,Comércio a varejo de peças e acessórios novos para motocicletas e motonetas,54,26,7,0.016772387996346918,0.04158868284109185,0.0966167342183093,0.035861120613403324,0.07255152711704443,0.03872490172724759,False
Comércio varejista de bebidas,Serviços combinados de escritório e apoio administrativo,27,14,6,0.3232945266921532,0.04442095306224108,0.0648852510781132,0.03290592719727348,0.1793285246789868,0.03866344012975728,False
Casas lotéricas,"Comercio varejista de artigos de cama, mesa e banho",51,14,8,0.36462947241373245,0.03753167265986385,0.1166847201918233,0.03971960859222167,0.07972952703899483,0.03862564062604276,False
Comércio a varejo de pneumáticos e câmaras-de-ar,Comércio varejista de materiais de construção em geral,13,98,8,0.22746360153859277,0.017284252123760134,0.24230768410221476,0.05995022261298742,0.023036711172038787,0.038617237368373775,False
Comércio varejista de mercadorias em lojas de conveniência,Comércio varejista especializado de equipamentos de telefonia e comunicação,11,21,6,0.5775747730105348,0.02285437984426801,0.1684474355555467,0.05421864259702317,0.016114898486627487,0.038536511220645595,False
Atividade odontológica com recursos para realização de procedimentos cirúrgicos,"Obras de urbanização - ruas, praças e calçadas",39,13,7,0.49928936358903353,0.008311486947829504,0.3618073683099234,0.0687275422223601,0.018573570536434724,0.038519514585094804,False
Padaria e confeitaria com predominância de revenda,Serviços de manutenção e reparação mecânica de veículos automotores,26,14,6,0.39123692018033296,0.06023894746134614,0.021574475679203214,0.016744407478887408,0.26275005441691124,0.038491677470116774,False
"Comércio atacadista de mercadorias em geral, com predominância de produtos alimentícios","Comércio varejista de mercadorias em geral, com predominância de produtos alimentícios - minimercados, mercearias e armazéns",12,130,10,0.2527394753221526,0.019977912000076026,0.24313206372022617,0.05697485425603017,0.02862558383466682,0.0384763831280531,False
Serviços combinados de escritório e apoio administrativo,Serviços de comunicação multimídia - SCM,14,47,9,0.4638155053070604,0.06524207785215706,0.04302654290711724,0.011646963593177542,0.3104393139139059,0.038444520722667304,False
Atividades de organizações religiosas,Casas lotéricas,30,51,13,0.22995259898476328,0.04917058625004225,0.04537466180033769,0.027408390260530928,0.2015665804354625,0.038289488255286594,False
Atividades de organizações religiosas,Comércio varejista de materiais de construção em geral,30,98,22,0.4077911642844361,0.03452886363773105,0.14038963340435157,0.04191387075904965,0.0867789856718385,0.03822136719839035,False
Atividades de organizações religiosas,Comércio varejista de produtos alimentícios em geral ou especializado em produtos alimentícios não especificados anteriormente,30,20,6,0.31207598972932377,0.033522167711461166,0.12262287642639591,0.042856290440124546,0.05320505083347552,0.038189229075792856,False
"Comércio varejista de mercadorias em geral, com predominância de produtos alimentícios - hipermercados",Serviços de engenharia,12,17,5,0.5387319910317644,0.05881978787402242,0.024389999233661506,0.017423835599027916,0.2338765865887229,0.038121811736525166,False
Comércio varejista de mercadorias em lojas de conveniência,"Comércio varejista de produtos farmacêuticos, com manipulação de fórmulas",11,13,6,0.7125124609107927,0.036841448446220594,0.08534657333942602,0.0392782351619531,0.05346563296825246,0.03805984180408685,False
Atividade odontológica com recursos para realização de procedimentos cirúrgicos,Construção de rodovias e ferrovias,39,17,10,0.45059088267894976,0.03192596939448831,0.10416479016758445,0.044035007961785395,0.04924593750754086,0.03798048867813685,False
Comércio a varejo de peças e acessórios novos para veículos automotores,Construção de rodovias e ferrovias,34,17,10,0.43356782619941714,0.04404025581898754,0.048504852121124,0.03174681218441656,0.13987751526315945,0.03789353400170205,False
Atividades de associações de defesa de direitos sociais,Atividades de organizações religiosas,19,30,8,0.268897669210229,0.021187701804784655,0.22369861986759348,0.05456442411911938,0.03732560039278223,0.03787606296195202,False
Atividades de associações de defesa de direitos sociais,Formação de condutores,19,19,8,0.33284775141236067,0.04053138944498364,0.07353498884626318,0.03519124023869466,0.11489773013944604,0.03786131484183915,False
Comércio varejista de hortifrutigranjeiros,Cultivo de soja,20,21,5,0.20881449403155408,0.030629427242743104,0.10940632152282226,0.04481470553746061,0.14600217004849775,0.03772206639010185,False
"Comércio atacadista de mercadorias em geral, com predominância de produtos alimentícios",Comércio varejista de artigos do vestuário e acessórios,12,46,6,0.2914079000267126,0.031165468802885524,0.13943856576350683,0.04420780748864284,0.11196814267842758,0.03768663814576419,False
Atividades de contabilidade,Comércio varejista de bebidas,28,27,12,0.5910835286124899,0.027934546211520264,0.13381408077257145,0.04737806648445606,0.05092187110241593,0.03765630634798817,False
Atividades de associações de defesa de direitos sociais,Educação infantil - pré-escola,19,25,9,0.5123862757183241,0.023382209877028052,0.20879271955287437,0.05189162027610376,0.03899779296216128,0.037636915076565906,False
Comércio varejista de artigos do vestuário e acessórios,Comércio varejista especializado de eletrodomésticos e equipamentos de áudio e vídeo,46,20,11,0.3761968308296232,0.03681464644825522,0.16640554302999316,0.038166881725866346,0.13981896878811445,0.037490764087060785,False
Comércio varejista de materiais de construção em geral,"Comércio varejista de mercadorias em geral, com predominância de produtos alimentícios - hipermercados",98,12,9,0.2844413136837296,0.05003056108199347,0.050316003292089,0.024689996090226797,0.21455661746378057,0.03736027858611013,False
"Comércio atacadista de mercadorias em geral, com predominância de produtos alimentícios",Comércio varejista de produtos alimentícios em geral ou especializado em produtos alimentícios não especificados anteriormente,12,20,6,0.6560815829615636,0.056697260881426736,0.03110431185115269,0.017762656418562214,0.27014479903721145,0.037229958649994475,False
"Comércio varejista de mercadorias em geral, com predominância de produtos alimentícios - supermercados",Cultivo de arroz,50,10,6,0.2074897332752406,0.036402412039589174,0.10057032229349316,0.03800866890195107,0.1626623407962332,0.037205540470770126,False
Comércio varejista de gás liqüefeito de petróleo (GLP),Fabricação de alimentos para animais,34,13,5,0.16155150101071922,0.026720041484806892,0.18324340946667295,0.04764852182052268,0.04403192645456837,0.03718428165266478,False
Criação de bovinos para corte,"Lanchonetes, casas de chá, de sucos e similares",30,32,11,0.28441636487031985,0.06030633251679281,0.05975638788913778,0.014022186083520622,0.30885666511116816,0.03716425930015672,False
"Comercio varejista de artigos de cama, mesa e banho",Serviços de engenharia,14,17,6,0.3401945183760305,0.053939095376385374,0.02415171247153675,0.02035141435062276,0.21664158381362858,0.03714525486350407,False
Comércio a varejo de pneumáticos e câmaras-de-ar,Comércio varejista de bebidas,13,27,9,0.5748665136717878,0.031607586213961016,0.10527316307277268,0.04265596231747882,0.07716730851226561,0.03713177426571992,False
Cultivo de soja,Restaurantes e similares,21,37,6,0.07290008894532958,0.02881699078368972,0.2526858237882613,0.045310421529569954,0.0952021779786077,0.037063706156629836,False
Atividade médica ambulatorial com recursos para realização de exames complementares,Serviços combinados de escritório e apoio administrativo,15,14,5,0.41082383350911866,-0.01032761401137714,0.3682291253519175,0.08432423939041139,0.016574263398611067,0.03699831268951713,False
"Atividades de consultoria em gestão empresarial, exceto consultoria técnica específica","Comércio atacadista de mercadorias em geral, com predominância de produtos alimentícios",12,12,6,0.6553850168237827,0.03130156043158736,0.09772413254911072,0.04264097508910618,0.07979173367056347,0.036971267760346774,False
Comércio varejista de artigos do vestuário e acessórios,Comércio varejista de medicamentos veterinários,46,26,10,0.22052265478307964,0.03599059021136307,0.18043125448657094,0.03794563646441665,0.08336236060317759,0.03696811333788986,False
"Comércio atacadista de mercadorias em geral, com predominância de produtos alimentícios",Comércio varejista de materiais de construção em geral,12,98,7,0.20191061699774138,0.02397903454927069,0.23266083152252787,0.04991392413026716,0.05399197574950182,0.036946479339768926,False
"Comércio varejista de mercadorias em geral, com predominância de produtos alimentícios - minimercados, mercearias e armazéns","Comércio varejista de produtos farmacêuticos, sem manipulação de fórmulas",130,156,100,0.3126229406759317,0.03456653065874689,0.11672528542931276,0.03915507074834636,0.08210406452554858,0.03686080070354662,False
Comércio varejista de hortifrutigranjeiros,Construção de rodovias e ferrovias,20,17,7,0.4165794700485788,0.03277846460808214,0.10284261953466922,0.04071058191717046,0.07993004295400757,0.0367445232626263,False
Atividades de apoio à agricultura não especificadas anteriormente,"Comércio varejista de cosméticos, produtos de perfumaria e de higiene pessoal",13,22,7,0.32726982038510494,0.041664821370056115,0.1302350296252272,0.031575112691327636,0.11220241358123367,0.036619967030691876,False
Atividades de associações de defesa de direitos sociais,Cartórios,19,70,13,0.2306094860709159,0.028380992541926595,0.15344037897138452,0.04484572882125713,0.054514216671087815,0.036613360681591864,False
"Comercio varejista de artigos de cama, mesa e banho",Comércio varejista de mercadorias em lojas de conveniência,14,11,5,0.28478092496303664,0.06348781439624678,0.010650220626182738,0.009713888085336944,0.33810529989249005,0.03660085124079186,False
Comércio varejista de artigos de óptica,Construção de rodovias e ferrovias,26,17,5,0.18903686968626393,0.04143795230907914,0.06542498383345806,0.03175874294775268,0.12267072417592745,0.036598347628415906,False
Comércio a varejo de motocicletas e motonetas novas,Padaria e confeitaria com predominância de revenda,16,26,9,0.4844561946872785,0.016076183091826856,0.2327535584760475,0.057025112415404915,0.024370880658542874,0.036550647753615884,False
Comércio a varejo de peças e acessórios novos para veículos automotores,Serviços combinados de escritório e apoio administrativo,34,14,8,0.35285045130456666,0.02061921820637905,0.22685201540450667,0.052393520570789345,0.08053281252592548,0.036506369388584196,False
Comércio varejista de artigos de papelaria,Fabricação de produtos de panificação industrial,14,15,6,0.5779579031884818,0.03959998762906891,0.0824399784141388,0.033198436613340765,0.12145586096024802,0.03639921212120484,False
"Comércio varejista de mercadorias em geral, com predominância de produtos alimentícios - supermercados",Hotéis,50,22,15,0.46048981828771013,-0.0007909612629664332,0.4708273138869866,0.07344877298019531,0.03630737326560429,0.03632890585861444,False
Comércio varejista de combustíveis para veículos automotores,Comércio varejista de mercadorias em lojas de conveniência,133,11,8,0.3026951776878916,0.036742226018972896,0.0899961507839846,0.03561301257524579,0.06793646440697856,0.036177619297109345,False
Comércio a varejo de peças e acessórios novos para veículos automotores,"Obras de urbanização - ruas, praças e calçadas",34,13,5,0.22912063595388313,0.04897324069213759,0.02452676392734757,0.023235086231653653,0.21598851279569037,0.03610416346189562,False
"Comercio varejista de artigos de cama, mesa e banho",Comércio varejista de artigos de papelaria,14,14,7,0.4551506410499196,0.04866533444064288,0.03550044303160595,0.02337280100344735,0.1977220656621415,0.03601906772204511,False
Casas lotéricas,Comércio a varejo de peças e acessórios novos para veículos automotores,51,34,13,0.30134434895392187,0.035723978339484666,0.13212191116121558,0.03615428496978676,0.07080592277690406,0.03593913165463571,False
Comércio varejista especializado de eletrodomésticos e equipamentos de áudio e vídeo,Fabricação de móveis com predominância de madeira,20,15,5,0.3576492873218156,0.041299687046061025,0.11743381970575817,0.030249546142335708,0.14671003370979901,0.035774616594198366,False
Atividades de cobrança e informações cadastrais,Construção de rodovias e ferrovias,14,17,5,0.42940369163083986,0.030413395177338473,0.0868769257808849,0.041065396267515354,0.05259116359800033,0.03573939572242692,False
Comércio a varejo de peças e acessórios novos para veículos automotores,Comércio varejista de gás liqüefeito de petróleo (GLP),34,34,11,0.16955794800589338,0.048619483330298925,0.024353386071107642,0.022752452376963984,0.24054421146265648,0.035685967853631456,False
Comércio varejista de materiais de construção em geral,"Comércio varejista de suvenires, bijuterias e artesanatos",98,10,8,0.21609007060958296,0.05029055065183344,0.04293251666769935,0.021022328409443392,0.19269910802295614,0.03565643953063841,False
Comércio varejista de combustíveis para veículos automotores,"Fabricação de artefatos de cerâmica e barro cozido para uso na construção, exceto azulejos e pisos",133,17,12,0.059013628061697264,0.03495774566957907,0.10716451369586089,0.03628857372634053,0.18451501348231786,0.0356231596979598,False
Atividade médica ambulatorial restrita a consultas,Criação de bovinos para corte,18,30,7,0.14600115807954583,0.006167311992779672,0.4218598506695251,0.06487726734884898,0.04065175219260783,0.035522289670814326,False
Comércio varejista de madeira e artefatos,"Lojas de departamentos ou magazines, exceto lojas francas (Duty free)",15,39,6,0.2529712089616332,0.02509382180532256,0.18254978871374555,0.04582069929191852,0.05978063950635998,0.03545726054862054,False
Atividades de contabilidade,"Lanchonetes, casas de chá, de sucos e similares",28,32,20,0.6515486465241024,0.03020397010730116,0.12618145233375683,0.04063095193655664,0.10210425965415437,0.0354174610219289,False
Comércio varejista especializado de equipamentos de telefonia e comunicação,"Lojas de departamentos ou magazines, exceto lojas francas (Duty free)",21,39,8,0.16030593487855438,0.02864190737350012,0.13151099759613666,0.04207213878273474,0.06620534498253376,0.03535702307811743,False
Atividades de condicionamento físico,Educação infantil - pré-escola,22,25,14,0.7560748414056715,0.027550416107442834,0.13753542872515573,0.043100249022429274,0.06349760967277486,0.03532533256493606,False
Comércio varejista de carnes - açougues,Comércio varejista de gás liqüefeito de petróleo (GLP),15,34,7,0.4847958609094925,0.010821863137805723,0.33377638677069454,0.05966929954380014,0.02756218667233728,0.03524558134080293,False
Comércio varejista de ferragens e ferramentas,Comércio varejista de medicamentos veterinários,12,26,6,0.30416281376667015,0.023684203681032766,0.17906451881672908,0.046713244721360715,0.04323045198548839,0.03519872420119674,False
"Comercio varejista de artigos de cama, mesa e banho","Obras de urbanização - ruas, praças e calçadas",14,13,6,0.4404902063716937,0.0490780938190538,0.03833192909812519,0.021158208091345613,0.2623661058482284,0.035118150955199705,False
Comércio a varejo de peças e acessórios novos para motocicletas e motonetas,Comércio varejista de mercadorias em lojas de conveniência,26,11,6,0.5830305219426638,0.039788439596975325,0.06330437843881428,0.030366347390515254,0.11503856144928343,0.03507739349374529,False
Cartórios,Padaria e confeitaria com predominância de revenda,70,26,14,0.29901555436581057,0.04671759960198111,0.06087338351050155,0.02333071364545411,0.21236256823189587,0.035024156623717606,False
Fabricação de produtos de panificação industrial,Padaria e confeitaria com predominância de revenda,15,26,6,0.3821323597996952,0.026380775832105255,0.17629075835664815,0.04352512496289919,0.0735001647175284,0.03495295039750222,False
"Comércio varejista de cosméticos, produtos de perfumaria e de higiene pessoal",Comércio varejista de mercadorias em lojas de conveniência,22,11,6,0.3448378904039173,0.05812051349991418,0.017808097459544814,0.011783966545374872,0.3174062599692681,0.03495224002264453,False
Comércio varejista de materiais de construção em geral,"Comércio varejista de mercadorias em geral, com predominância de produtos alimentícios - supermercados",98,50,34,0.46106949470491443,0.054268762653876874,0.030189156073955593,0.015579227236172282,0.32209006047055155,0.03492399494502458,False
"Obras de urbanização - ruas, praças e calçadas",Serviços de comunicação multimídia - SCM,13,47,5,0.30700490473443465,0.06157315786992051,0.03198252063812501,0.008215980997852602,0.38963428477793227,0.03489456943388655,False
Coleta de resíduos não-perigosos,Comércio varejista de animais vivos e de artigos e alimentos para animais de estimação,11,22,5,0.43102581243493554,0.0342363081265356,0.08842356467305235,0.03550914306514206,0.13403553538189839,0.03487272559583883,False
Comércio varejista de combustíveis para veículos automotores,Comércio varejista de ferragens e ferramentas,133,12,10,0.18562775612708873,0.036696685351026596,0.08484619391938875,0.032774310055347415,0.11147443468615098,0.034735497703187006,False
Comércio varejista de bebidas,Comércio varejista de produtos alimentícios em geral ou especializado em produtos alimentícios não especificados anteriormente,27,20,9,0.5299400516564167,0.05756222235030446,0.03043347854146427,0.011908210570836684,0.3323246625078182,0.034735216460570574,False
Atividades de organizações religiosas,Padaria e confeitaria com predominância de revenda,30,26,10,0.2779711233095841,0.050714437594020154,0.04769586820927708,0.018701268952884827,0.26619602766837275,0.034707853273452494,False
Atividades de organizações religiosas,Comércio varejista de combustíveis para veículos automotores,30,133,22,0.18307027496396372,0.029443984112836354,0.17770714444791041,0.03995001577902905,0.08544985609526912,0.0346969999459327,False
Atividades de organizações religiosas,Comércio varejista de hortifrutigranjeiros,30,20,7,0.3131606648214743,0.0610920717910436,0.019424549776256163,0.008228616531482599,0.3796943022788548,0.0346603441612631,False
Comércio varejista especializado de eletrodomésticos e equipamentos de áudio e vídeo,"Lanchonetes, casas de chá, de sucos e similares",20,32,10,0.282922617733945,0.034396329854437184,0.1750627133984496,0.034674086442380674,0.14679235991466577,0.03453520814840893,False
"Comercio varejista de artigos de cama, mesa e banho",Comércio varejista especializado de eletrodomésticos e equipamentos de áudio e vídeo,14,20,6,0.3353786762237058,0.03494299565160721,0.09013216671907842,0.03405065734484615,0.14845464344186277,0.034496826498226676,False
Comércio varejista de hortifrutigranjeiros,"Comércio varejista de mercadorias em geral, com predominância de produtos alimentícios - hipermercados",20,12,5,0.432381727578914,0.02106805890135904,0.20913981525674014,0.04748628745629306,0.057929284410963434,0.03427717317882605,False
Serviços advocatícios,Serviços combinados de escritório e apoio administrativo,18,14,6,0.49101198823481423,-0.010377977154833854,0.34487929945968376,0.07890282459365226,0.01530490663897497,0.034262423719409206,False
Atividades de organizações religiosas,"Bancos múltiplos, com carteira comercial",30,11,5,0.2452362654575682,0.032566883270057606,0.1224579410928387,0.03587611867186432,0.0857286788341754,0.034221500970960966,False
Comércio varejista de madeira e artefatos,Educação infantil - pré-escola,15,25,10,0.5536708291198695,0.024613095136972952,0.15008866624448658,0.04371921341787079,0.06815311944858889,0.034166154277421874,False
Atividades de cobrança e informações cadastrais,Comércio varejista de artigos do vestuário e acessórios,14,46,5,0.18223415621514308,0.026076189446407473,0.14846350733383062,0.041935968111830896,0.1457825439270803,0.03400607877911918,False
Atividades de organizações religiosas,Caixas econômicas,30,12,6,0.278113408767272,0.04070195107978771,0.08333667182445348,0.027123061367544513,0.15900295364677852,0.03391250622366611,False
"Atividades de consultoria em gestão empresarial, exceto consultoria técnica específica","Comércio varejista de suvenires, bijuterias e artesanatos",12,10,8,0.7853272008251571,0.039637868401646126,0.05053562104381741,0.028143443622697717,0.12313892376386526,0.03389065601217192,False
Comércio varejista de combustíveis para veículos automotores,Comércio varejista de madeira e artefatos,133,15,12,0.31730248083781654,0.030154078977885877,0.14411636824184115,0.036793360345281044,0.08200723064393883,0.03347371966158346,False
Casas lotéricas,Comércio varejista de gás liqüefeito de petróleo (GLP),51,34,13,0.18393839082731203,0.04502052273569241,0.07683120302027473,0.021535972421011827,0.23842655652751193,0.03327824757835212,False
Restaurantes e similares,Serviços de manutenção e reparação mecânica de veículos automotores,37,14,11,0.637877176269386,0.05724126551536491,0.055379661611381255,0.009285729070749432,0.36476938531946196,0.03326349729305717,False
Cartórios,Comércio varejista de artigos do vestuário e acessórios,70,46,28,0.5276885599907045,0.03225333804475823,0.1337399168230089,0.03411487812272377,0.17390001870708993,0.033184108083741004,False
Atividades de condicionamento físico,Comércio varejista de bebidas,22,27,12,0.5284723549050248,0.013380983353277028,0.3172649593487812,0.05278965022708637,0.04426962272184609,0.0330853167901817,False
Atividades de associações de defesa de direitos sociais,Comércio a varejo de peças e acessórios novos para veículos automotores,19,34,10,0.38617805321448684,0.021486079867593676,0.22427846455628714,0.044648366179905224,0.03980030502944571,0.033067223023749454,False
Comércio varejista de ferragens e ferramentas,"Comércio varejista de mercadorias em geral, com predominância de produtos alimentícios - supermercados",12,50,8,0.3066374857878736,0.035034206715597795,0.09950660179979343,0.03107006036021907,0.1295749712215355,0.03305213353790843,False
Comércio varejista de combustíveis para veículos automotores,Restaurantes e similares,133,37,29,0.39950308886722663,0.014928360830170732,0.3052722131037816,0.05087256816118337,0.08183370832989906,0.03290046449567705,False
Comércio varejista de medicamentos veterinários,Padaria e confeitaria com predominância de revenda,26,26,10,0.3833702869254351,0.010175792224034415,0.3588631524219382,0.055530275924152314,0.027257859540943737,0.03285303407409337,False
"Comércio varejista de mercadorias em geral, com predominância de produtos alimentícios - supermercados",Comércio varejista especializado de equipamentos e suprimentos de informática,50,13,7,0.3052768518155377,0.016337863087206927,0.2719553108076937,0.04936467917374517,0.06642499474672152,0.03285127113047605,False
"Comércio varejista de produtos farmacêuticos, sem manipulação de fórmulas","Lojas de variedades, exceto lojas de departamentos ou magazines",156,17,11,0.175521207682374,0.028508184701175682,0.15442646803321508,0.03716969799088738,0.07614986501240265,0.03283894134603153,False
Comércio varejista de artigos do vestuário e acessórios,Serviços advocatícios,46,18,6,0.20923319555663927,0.03773943021452048,0.15605518142153352,0.027561437176787502,0.14844963390536864,0.03265043369565399,False
Atividades de organizações religiosas,"Comércio varejista de mercadorias em geral, com predominância de produtos alimentícios - supermercados",30,50,15,0.30503277769015874,0.04606331443947242,0.05779969908942884,0.01922820160697678,0.24331238627063734,0.0326457580232246,False
Atividade odontológica com recursos para realização de procedimentos cirúrgicos,Atividades do Correio Nacional,39,54,11,0.03683223158512769,0.035023625107937266,0.08926536618017689,0.03026037794584226,0.186162699132912,0.032642001526889765,False
Fabricação de produtos de padaria e confeitaria com predominância de produção própria,Serviços de engenharia,26,17,5,0.2288216542245562,0.03922903217264721,0.06571886093742092,0.026037175715755183,0.15206806263989087,0.0326331039442012,False
Casas lotéricas,"Lojas de variedades, exceto lojas de departamentos ou magazines",51,17,8,0.2753808050002961,0.03252829542114636,0.13058689547233782,0.03273257331472678,0.10623112119556771,0.03263043436793657,False
Comércio varejista de artigos de papelaria,"Comércio varejista de mercadorias em geral, com predominância de produtos alimentícios - supermercados",14,50,11,0.5802909915634035,0.037588803041657244,0.10344591886900711,0.02760955520491527,0.14835065269418274,0.032599179123286255,False
Comércio varejista especializado de eletrodomésticos e equipamentos de áudio e vídeo,Comércio varejista especializado de equipamentos de telefonia e comunicação,20,21,7,0.28794995339848894,0.037975938692563306,0.14105666291211205,0.027123143574181986,0.15117717013572457,0.03254954113337265,False
Atividades de contabilidade,Atividades de organizações religiosas,28,30,6,0.14157674319272393,0.026862000448979503,0.17277867755059906,0.03811733064688923,0.10968400146316215,0.032489665547934365,False
Caixas econômicas,Comércio varejista de gás liqüefeito de petróleo (GLP),12,34,7,0.31128214710140745,0.05374294379620696,0.022294404644863694,0.011130056328688758,0.34700474852972907,0.03243650006244786,False
Atividade médica ambulatorial restrita a consultas,Construção de edifícios,18,67,14,0.30788083957883033,0.011886683821755834,0.3058994234200767,0.052962173129812655,0.05256742126634947,0.032424428475784244,False
Atividades de organizações religiosas,"Comércio varejista de cosméticos, produtos de perfumaria e de higiene pessoal",30,22,7,0.2414940060661163,0.04411196638592465,0.05853323343761021,0.020718808074950815,0.21943208205389148,0.03241538723043773,False
Comércio varejista de materiais de construção em geral,Fabricação de alimentos para animais,98,13,11,0.38230417157103613,0.02971932476990596,0.15809661587802026,0.03467800636609681,0.08986186790745215,0.03219866556800138,False
Comércio a varejo de peças e acessórios novos para motocicletas e motonetas,Restaurantes e similares,26,37,13,0.5578829783422038,0.011652707121992326,0.3289236955546396,0.05270307966611907,0.0670665753360191,0.0321778933940557,False
"Atividades de consultoria em gestão empresarial, exceto consultoria técnica específica",Comércio varejista de bebidas,12,27,7,0.5319839677264366,0.03705646895473093,0.06434282902290266,0.027270381761595523,0.16934825284082894,0.032163425358163224,False
"Comércio varejista de produtos farmacêuticos, sem manipulação de fórmulas","Lojas de departamentos ou magazines, exceto lojas francas (Duty free)",156,39,31,0.29306670760319115,0.03325255348848278,0.1244270921488157,0.03095405976187866,0.13694738501002263,0.03210330662518072,False
"Comércio varejista de mercadorias em geral, com predominância de produtos alimentícios - minimercados, mercearias e armazéns","Lojas de variedades, exceto lojas de departamentos ou magazines",130,17,7,-0.10873670257015074,0.02973372994853734,0.15125012639215613,0.034411085831160926,0.10869573035765084,0.032072407889849136,False
Atividades do Correio Nacional,Comércio varejista de gás liqüefeito de petróleo (GLP),54,34,12,0.14113809528935498,0.054090352884776094,0.03665704439496786,0.010023712204157981,0.37770532881894026,0.03205703254446704,False
"Atividades de consultoria em gestão empresarial, exceto consultoria técnica específica",Coleta de resíduos não-perigosos,12,11,5,0.44759526980192316,0.04092279116709531,0.056262149108154504,0.023163486880855892,0.14430722081812764,0.0320431390239756,False
Cartórios,"Comércio varejista de suvenires, bijuterias e artesanatos",70,10,8,0.20873545334759888,0.034468592581478504,0.13403639206346413,0.02958778996919367,0.12828787419111198,0.032028191275336085,False
Comércio varejista de combustíveis para veículos automotores,Comércio varejista de gás liqüefeito de petróleo (GLP),133,34,24,0.28105727258530727,0.03326275045565362,0.13628129121529936,0.030673958680964963,0.15366290425330692,0.03196835456830929,False
Comércio atacadista de cereais e leguminosas beneficiados,Construção de edifícios,13,67,10,0.2807389185628773,0.011679080769627804,0.3294059408800882,0.052158242502173914,0.06013263859600113,0.03191866163590086,False
Comércio a varejo de motocicletas e motonetas novas,Comércio varejista de gás liqüefeito de petróleo (GLP),16,34,6,0.38362250923417696,0.021874346783817097,0.18478989954195285,0.04194224130241781,0.07784523632250918,0.03190829404311746,False
Atividades de organizações religiosas,Atividades do Correio Nacional,30,54,11,0.13525035851239714,0.041929329170620026,0.07701360789356311,0.021810395517169293,0.2731159233009811,0.03186986234389466,False
Comércio varejista de hortifrutigranjeiros,Comércio varejista de mercadorias em lojas de conveniência,20,11,5,0.41864067738988014,0.039062485121833176,0.0615746210207133,0.024645153739096558,0.1705347930545681,0.031853819430464864,False
Atividades de organizações religiosas,"Comércio varejista de produtos farmacêuticos, sem manipulação de fórmulas",30,156,22,0.19186786417560622,0.042070079917871164,0.07356578025692535,0.02140037536298474,0.22529473410879758,0.03173522764042795,False
Comércio varejista de hortifrutigranjeiros,Fabricação de alimentos para animais,20,13,6,0.2383353051836748,0.022067939999117384,0.20196576097478697,0.04130385362423185,0.06408358651927377,0.031685896811674615,False
Cartórios,Comércio varejista de animais vivos e de artigos e alimentos para animais de estimação,70,22,17,0.3024265162761581,0.04415287299072442,0.056488692620230346,0.01920464202216584,0.2579587840466488,0.03167875750644513,False
Atividade odontológica com recursos para realização de procedimentos cirúrgicos,Educação infantil - pré-escola,39,25,18,0.717533350145897,0.02166630409950752,0.19234546017879023,0.04162695749075985,0.07672244337403177,0.03164663079513368,False
Administração pública em geral,Comércio varejista de ferragens e ferramentas,94,12,5,0.03605564731116002,0.03622218332896077,0.1022721981134379,0.02698693178374771,0.14939684434748163,0.031604557556354246,False
Comércio varejista de animais vivos e de artigos e alimentos para animais de estimação,"Comércio varejista de mercadorias em geral, com predominância de produtos alimentícios - supermercados",22,50,13,0.48221429101955193,0.03316146981024501,0.1469437863443312,0.0299387912291436,0.1414089690987002,0.031550130519694304,False
"Comércio varejista de mercadorias em geral, com predominância de produtos alimentícios - hipermercados","Transporte rodoviário de carga, exceto produtos perigosos e mudanças, intermunicipal, interestadual e internacional",12,24,7,0.5899111080970192,0.04282334258060251,0.07597615253661301,0.020024934149491164,0.21855622693784,0.03142413836504684,False
Comércio varejista de artigos de óptica,"Lojas de variedades, exceto lojas de departamentos ou magazines",26,17,8,0.3980158573414803,0.03824456429696484,0.0883486090104485,0.024481274905384355,0.19783258164051393,0.0313629196011746,False
Comércio a varejo de pneumáticos e câmaras-de-ar,Comércio varejista de gás liqüefeito de petróleo (GLP),13,34,5,0.3943342565101264,0.02442490880667246,0.16084060370514602,0.038262869344285445,0.10567241659586679,0.031343889075478956,False
Atividades de apoio à agricultura não especificadas anteriormente,Casas lotéricas,13,51,5,0.04025906222156834,0.03922787634913927,0.1279960164014659,0.023316272845555375,0.22281683644026945,0.03127207459734732,False
Comércio varejista de artigos do vestuário e acessórios,"Comércio varejista de produtos farmacêuticos, sem manipulação de fórmulas",46,156,38,0.378367447907432,0.04326686395700834,0.12164234038918914,0.019087038371877328,0.261102515080188,0.031176951164442836,False
Atividade médica ambulatorial com recursos para realização de exames complementares,Casas lotéricas,15,51,6,0.07603944398002552,0.029003786087942362,0.13835730400050011,0.033333866164414146,0.1478859805633212,0.031168826126178252,False
Atividades de contabilidade,"Comercio varejista de artigos de cama, mesa e banho",28,14,12,0.532608129087801,0.025541073548405527,0.16368996334603725,0.0366895125668417,0.0737292322057652,0.031115293057623613,False
Comércio varejista especializado de equipamentos de telefonia e comunicação,Restaurantes e similares,21,37,18,0.7840737591741477,0.02503513128035836,0.18746997601542648,0.03713519944369818,0.1423127839313051,0.031085165362028273,False
"Aparelhamento de placas e execução de trabalhos em mármore, granito, ardósia e outras pedras",Formação de condutores,14,19,9,0.5639529962635627,0.03680080477514126,0.07133300566595334,0.025359741038445918,0.20622985743511552,0.03108027290679359,False
Comércio varejista de gás liqüefeito de petróleo (GLP),"Comércio varejista de mercadorias em geral, com predominância de produtos alimentícios - supermercados",34,50,17,0.36695415557492284,0.04334612376156854,0.07098131572995421,0.018809824632768955,0.24262062566452414,0.031077974197168748,False
Comércio varejista de materiais de construção em geral,"Fabricação de artefatos de cerâmica e barro cozido para uso na construção, exceto azulejos e pisos",98,17,11,0.1126687240886402,0.03085862801173231,0.15950428739168643,0.0312187217589264,0.20239102147243343,0.031038674885329354,False
"Comércio varejista de mercadorias em geral, com predominância de produtos alimentícios - hipermercados",Comércio varejista especializado de equipamentos de telefonia e comunicação,12,21,6,0.6219438432938709,0.04272302932815991,0.0915804152148742,0.01932667429566924,0.2376879391364608,0.031024851811914576,False
"Comercio varejista de artigos de cama, mesa e banho",Comércio varejista de bebidas,14,27,7,0.2939515133712018,0.04065856639977417,0.05991903891737155,0.021209661709793645,0.2264082019578057,0.03093411405478391,False
Atividades de organizações religiosas,Comércio varejista de gás liqüefeito de petróleo (GLP),30,34,7,0.03286967861611192,0.049484375219413006,0.05176316596686817,0.01209294140971879,0.32531049833030723,0.030788658314565898,False
Comércio varejista de combustíveis para veículos automotores,"Obras de urbanização - ruas, praças e calçadas",133,13,11,0.2955515617397484,0.01307855025513965,0.3363057573092629,0.04846435340366952,0.07403101364541737,0.030771451829404585,False
Criação de bovinos para corte,Laboratórios clínicos,30,22,9,0.27541040770394803,0.048334223134561406,0.09384396800351169,0.013184258751445483,0.2863157193951665,0.030759240943003446,False
Serviços combinados de escritório e apoio administrativo,Serviços de funerárias,14,22,7,0.35410011094631183,0.052074789300985684,0.07889387614153831,0.009377449197976786,0.3346374707303801,0.030726119249481234,False
"Comércio atacadista de mercadorias em geral, com predominância de produtos alimentícios",Construção de edifícios,12,67,9,0.26895410492272637,0.01647823810212682,0.29400931294795574,0.044956734111256606,0.08237053204024719,0.030717486106691713,False
Comércio varejista de madeira e artefatos,Construção de rodovias e ferrovias,15,17,5,0.42039413698326744,0.02835500254897182,0.1353946783865252,0.033048169779742585,0.11391125293748905,0.030701586164357204,False
Coleta de resíduos não-perigosos,Restaurantes e similares,11,37,5,0.2861082952401202,0.018141031163120477,0.2430892198396476,0.04300207253370008,0.10085185434091337,0.03057155184841028,False
Comércio varejista de combustíveis para veículos automotores,Comércio varejista de materiais de construção em geral,133,98,69,0.3648885073565952,0.017866896067593462,0.2748314359273509,0.04324602057502524,0.0680830941306945,0.03055645832130935,False
Atividades de contabilidade,Comércio varejista especializado de eletrodomésticos e equipamentos de áudio e vídeo,28,20,9,0.32900056850865017,0.020180463413180087,0.21737785102552226,0.04055841161613871,0.11394767192066124,0.030369437514659398,False
Cartórios,Comércio varejista de gás liqüefeito de petróleo (GLP),70,34,18,0.21824606283807874,0.047275818724913085,0.06275354219328294,0.013371534121025156,0.33114296107912866,0.03032367642296912,False
Comércio varejista de combustíveis para veículos automotores,Construção de edifícios,133,67,50,0.425595150499906,0.00937156333413726,0.3685521360183664,0.05117266655393578,0.055118850970310204,0.03027211494403652,False
Comércio varejista de artigos de óptica,Comércio varejista especializado de eletrodomésticos e equipamentos de áudio e vídeo,26,20,6,0.3083421632549441,0.0310759503211506,0.14606720157452102,0.029450617342394934,0.1964415323809649,0.030263283831772767,False
Casas lotéricas,Fabricação de produtos de padaria e confeitaria com predominância de produção própria,51,26,14,0.44831490545315006,0.02616555100043385,0.2184455249717418,0.0342858232286838,0.08341230113629694,0.030225687114558825,False
Atividades de associações de defesa de direitos sociais,Comércio varejista de artigos de óptica,19,26,9,0.23856505756871454,0.026403370325368,0.16678854735262666,0.03380677256346059,0.1149458550872971,0.030105071444414294,False
Cartórios,Comércio varejista de artigos de papelaria,70,14,11,0.35290852668456885,0.0358864530681882,0.10975976110047575,0.024283881084716952,0.19617781394931566,0.030085167076452576,False
Comércio varejista de produtos alimentícios em geral ou especializado em produtos alimentícios não especificados anteriormente,Formação de condutores,20,19,8,0.4480994113638702,0.038839372846377535,0.0667520107046286,0.021315646795308306,0.22851073397405908,0.03007750982084292,False
Comércio varejista de hortifrutigranjeiros,Educação infantil - pré-escola,20,25,13,0.5634588809152392,0.021853625215700764,0.20282632718790683,0.038221088324898324,0.10792653118138401,0.030037356770299544,False
Comércio varejista de combustíveis para veículos automotores,Comércio varejista especializado de eletrodomésticos e equipamentos de áudio e vídeo,133,20,17,0.2508229973207533,0.02248794333069956,0.20708274482743727,0.037566105937215696,0.11934573005212767,0.03002702463395763,False
Comércio varejista de materiais de construção em geral,Fabricação de móveis com predominância de madeira,98,15,12,0.3543327082852914,0.03516677512228666,0.1336434943811225,0.024824109983174893,0.19897965059943773,0.029995442552730775,False
Atividades de associações de defesa de direitos sociais,Comércio varejista de ferragens e ferramentas,19,12,5,0.17577025013812458,0.02137604392663835,0.2224965452546701,0.03854259290919351,0.05899679395423771,0.02995931841791593,False
Comércio varejista de mercadorias em lojas de conveniência,Comércio varejista de produtos alimentícios em geral ou especializado em produtos alimentícios não especificados anteriormente,11,20,5,0.5503188901570005,0.026838664582273686,0.14911215671373668,0.03300451332358243,0.11585922002797006,0.02992158895292806,False
Comércio varejista de combustíveis para veículos automotores,Comércio varejista de hortifrutigranjeiros,133,20,15,0.3154199804256717,0.028486612726128076,0.1657114159343347,0.031198919112285072,0.11705144301760273,0.029842765919206572,False
Atividade médica ambulatorial restrita a consultas,Casas lotéricas,18,51,6,0.1382565075639128,0.009447507911528256,0.353543115538924,0.05001359156143142,0.04851311970221975,0.029730549736479837,False
Caixas econômicas,"Comercio varejista de artigos de cama, mesa e banho",12,14,6,0.2981531641874812,0.030600941745042957,0.12743278008254783,0.028803604786817608,0.15341211031458646,0.029702273265930283,False
Comércio varejista de artigos de papelaria,Serviços de manutenção e reparação mecânica de veículos automotores,14,14,9,0.7713711794381641,0.0478096163965896,0.03928046710322361,0.011458090526672736,0.3167226496378555,0.02963385346163117,False
Cartórios,"Comércio varejista de mercadorias em geral, com predominância de produtos alimentícios - minimercados, mercearias e armazéns",70,130,47,0.1797057591584979,0.03042803271647844,0.14594145092340377,0.028656235069711787,0.16700867942851777,0.029542133893095113,False
Atividades de apoio à agricultura não especificadas anteriormente,Serviços de manutenção e reparação mecânica de veículos automotores,13,14,5,0.13541668575295776,0.0391472854823845,0.11514163721176768,0.019895468846646596,0.2170359797576215,0.02952137716451555,False
Comércio varejista de madeira e artefatos,"Comércio varejista de produtos farmacêuticos, com manipulação de fórmulas",15,13,8,0.6255991473228513,0.037904883371690054,0.07945420076793003,0.020939672919169483,0.19117159081597673,0.02942227814542977,False
Atividades de associações de defesa de direitos sociais,"Comércio varejista de cosméticos, produtos de perfumaria e de higiene pessoal",19,22,9,0.2714841489481608,0.02345160987253154,0.18803386304282227,0.03531667716499065,0.10375481439613943,0.029384143518761095,False
Atividades de associações de defesa de direitos sociais,"Transporte rodoviário de carga, exceto produtos perigosos e mudanças, intermunicipal, interestadual e internacional",19,24,10,0.6313898070238745,0.010255880126344393,0.3363899018125673,0.048435735310833054,0.034990145499769906,0.029345807718588725,False
Comércio varejista de bebidas,Serviços de manutenção e reparação mecânica de veículos automotores,27,14,6,0.40988927747607734,0.04674023366922621,0.058921125399091494,0.011939249474445815,0.33408693206508777,0.02933974157183601,False
Atividades de contabilidade,Comércio varejista de animais vivos e de artigos e alimentos para animais de estimação,28,22,13,0.5572978704967148,0.027369095221727462,0.151386299747508,0.031203258003126667,0.17382952188872575,0.029286176612427064,False
Comércio varejista de bebidas,"Comércio varejista de mercadorias em geral, com predominância de produtos alimentícios - supermercados",27,50,15,0.4460108654114759,0.04798577296277091,0.04831111456085701,0.01051214869622075,0.35601129683723176,0.02924896082949583,False
Comércio varejista de bebidas,Comércio varejista de madeira e artefatos,27,15,8,0.5566450186269359,0.035294342395676255,0.11481422857762297,0.023127115491122664,0.17395018400976442,0.02921072894339946,False
Administração pública em geral,Comércio varejista de gás liqüefeito de petróleo (GLP),94,34,11,0.04353140344123073,0.030731659859764553,0.15164990520334615,0.027459100236413847,0.17246441893582332,0.0290953800480892,False
Serviços combinados de escritório e apoio administrativo,"Transporte rodoviário de carga, exceto produtos perigosos e mudanças, intermunicipal, interestadual e internacional",14,24,7,0.58568785179939,0.04314336939399514,0.10178623419835131,0.014844624823804851,0.29484736051035854,0.028993997108899997,False
"Comércio varejista de cosméticos, produtos de perfumaria e de higiene pessoal",Cultivo de arroz,22,10,5,0.3052686169457844,0.017052270703132935,0.25254371824225275,0.040665392929971435,0.15061778322793612,0.028858831816552185,False
"Comércio varejista de mercadorias em geral, com predominância de produtos alimentícios - hipermercados","Lojas de departamentos ou magazines, exceto lojas francas (Duty free)",12,39,5,0.17386376237090362,0.02488900840503454,0.19292040783417813,0.032759839671885255,0.15939498405112557,0.028824424038459896,False
Atividades de contabilidade,Comércio varejista de hortifrutigranjeiros,28,20,11,0.49349763044127887,0.02561391564697047,0.16545047427419057,0.03182836120623789,0.09540621642183633,0.02872113842660418,False
Comércio varejista especializado de eletrodomésticos e equipamentos de áudio e vídeo,Restaurantes e similares,20,37,10,0.33546098658990614,0.027215023892918914,0.2292535352934636,0.030056630500567862,0.19145623166643883,0.028635827196743388,False
Casas lotéricas,Serviços advocatícios,51,18,7,0.1843692437460025,0.03859744975026742,0.10664568472450048,0.018573897005664208,0.2386594495298242,0.02858567337796581,False
"Aparelhamento de placas e execução de trabalhos em mármore, granito, ardósia e outras pedras",Caixas econômicas,14,12,6,0.3562836949256563,0.015652842427644816,0.24040965459671904,0.04143639080642996,0.05314654293388839,0.02854461661703739,False
"Atividades de consultoria em gestão empresarial, exceto consultoria técnica específica",Construção de edifícios,12,67,9,0.32616283833127574,0.011456328995753327,0.32474005557465535,0.04561020313006555,0.06986667805718358,0.02853326606290944,False
Comércio a varejo de motocicletas e motonetas novas,Criação de bovinos para corte,16,30,6,0.2835545442455198,0.008124880185318305,0.3371524745311145,0.0488797112030146,0.115579571567904,0.02850229569416645,False
Atividades de cobrança e informações cadastrais,Serviços combinados de escritório e apoio administrativo,14,14,7,0.5961949184558861,0.0066246014855737756,0.39634482322314024,0.050379959613455316,0.10984807997644813,0.028502280549514546,False
"Comércio varejista de cosméticos, produtos de perfumaria e de higiene pessoal",Serviços de engenharia,22,17,7,0.22407284384969028,0.043312910170834405,0.05542656336982206,0.013579653244428818,0.29820159577599387,0.02844628170763161,False
Atividade odontológica com recursos para realização de procedimentos cirúrgicos,Comércio varejista de artigos do vestuário e acessórios,39,46,18,0.364338719498602,0.024532878185907464,0.14081870128704305,0.0323524651422791,0.1966131208866445,0.028442671664093283,False
"Bancos múltiplos, com carteira comercial",Formação de condutores,11,19,5,0.2369353216302148,0.023988549279783465,0.1618173048809115,0.032890917744299406,0.15388077268735245,0.028439733512041435,False
Atividades de apoio à agricultura não especificadas anteriormente,"Comércio varejista de produtos farmacêuticos, sem manipulação de fórmulas",13,156,11,0.25493672904759535,0.03958260154796277,0.13079621130216595,0.017111452739290028,0.28114257028132983,0.0283470271436264,False
Caixas econômicas,Fabricação de alimentos para animais,12,13,6,0.45802014640417643,0.028010830844269297,0.13926288665335745,0.028405991031135856,0.1279551662101494,0.02820841093770258,False
Comércio varejista de mercadorias em lojas de conveniência,"Transporte rodoviário de carga, exceto produtos perigosos e mudanças, intermunicipal, interestadual e internacional",11,24,5,0.4941622942951988,0.022280757843311766,0.20335792222303578,0.03412556906039884,0.08967746385845221,0.028203163451855303,False
Comércio varejista de combustíveis para veículos automotores,"Comércio varejista de cosméticos, produtos de perfumaria e de higiene pessoal",133,22,19,0.38314195197340667,0.027094792285434408,0.15137891978760798,0.029267341778369694,0.14363878046498313,0.02818106703190205,False
Fabricação de produtos de padaria e confeitaria com predominância de produção própria,"Obras de urbanização - ruas, praças e calçadas",26,13,5,0.27841760441477525,0.033765413310201685,0.0880596033737196,0.022538911788551275,0.24883783975726897,0.02815216254937648,False
Atividades de associações de defesa de direitos sociais,Comércio varejista de artigos de papelaria,19,14,6,0.4441989620647977,0.010861924874356534,0.33801184701606635,0.045373622390158554,0.0618270812204616,0.028117773632257544,False
Comércio varejista de animais vivos e de artigos e alimentos para animais de estimação,Fabricação de produtos de padaria e confeitaria com predominância de produção própria,22,26,11,0.37346682703605466,0.01907809180725324,0.2954852321717216,0.037048478215841486,0.07232432211612513,0.02806328501154736,False
Comércio varejista de animais vivos e de artigos e alimentos para animais de estimação,Comércio varejista de combustíveis para veículos automotores,22,133,20,0.41532539377306227,0.02752811422347776,0.18689852825273717,0.028513255961140294,0.15930496810338735,0.028020685092309025,False
Atividades do Correio Nacional,Comércio varejista de combustíveis para veículos automotores,54,133,36,0.20689842409952544,0.030787389083329335,0.17013908113412646,0.025097151398151298,0.1943161073259711,0.027942270240740315,False
Comércio varejista de animais vivos e de artigos e alimentos para animais de estimação,Comércio varejista de hortifrutigranjeiros,22,20,8,0.3954101073516883,0.027397155588187363,0.18318333114587815,0.02844327446084468,0.15574334362297787,0.02792021502451602,False
Comércio varejista de artigos do vestuário e acessórios,"Comércio varejista de mercadorias em geral, com predominância de produtos alimentícios - hipermercados",46,12,6,0.22912566248012362,0.035452879575291814,0.20486354656377287,0.020378716371028067,0.2641373274724975,0.02791579797315994,False
Atividades de condicionamento físico,"Lanchonetes, casas de chá, de sucos e similares",22,32,18,0.738388737791193,0.005295559889213014,0.4403243235361807,0.05040282863255585,0.046262084971344535,0.027849194260884433,False
"Atividades de consultoria em gestão empresarial, exceto consultoria técnica específica",Educação infantil - pré-escola,12,25,7,0.523329054670109,0.02813894571677744,0.14131962303740675,0.027434047205769682,0.1742523452028022,0.027786496461273562,False
Atividades de condicionamento físico,Fabricação de alimentos para animais,22,13,9,0.4024439530644251,0.01194727743163089,0.3001951890538916,0.04360111916378667,0.04848538071481458,0.02777419829770878,False
Comércio a varejo de motocicletas e motonetas novas,Construção de rodovias e ferrovias,16,17,6,0.4237816214868837,0.018002478856133146,0.21816311030907887,0.03748991225503957,0.07738292712123766,0.02774619555558636,False
Comércio varejista de combustíveis para veículos automotores,"Lanchonetes, casas de chá, de sucos e similares",133,32,27,0.44273821712944683,0.006986750218845776,0.41052734766179927,0.04848035805771962,0.06769145218746099,0.0277335541382827,False
Comércio varejista de bebidas,"Comércio varejista de mercadorias em geral, com predominância de produtos alimentícios - minimercados, mercearias e armazéns",27,130,17,0.21697933221863416,0.03788415324709619,0.10055476107160866,0.01752163350550865,0.2629705658901097,0.02770289337630242,False
Caixas econômicas,"Comércio varejista de mercadorias em geral, com predominância de produtos alimentícios - supermercados",12,50,12,0.5172836785505823,0.041996594225659704,0.050632341407963806,0.01337141371644527,0.3133501119799601,0.027684003971052487,False
Cartórios,"Comércio varejista de produtos farmacêuticos, com manipulação de fórmulas",70,13,10,0.2816639077828389,0.03222894579622719,0.11735847124121929,0.02303889855601077,0.16274998275684405,0.02763392217611898,False
Atividades de cobrança e informações cadastrais,Comércio varejista de artigos de papelaria,14,14,7,0.5707754694203407,0.0192491348831556,0.20360677411184175,0.035958728492940475,0.08894082417838017,0.027603931688048037,False
Comércio varejista de artigos do vestuário e acessórios,"Comércio varejista de cosméticos, produtos de perfumaria e de higiene pessoal",46,22,14,0.45595142170152286,0.024829987712095502,0.24668202670591194,0.030312668540901668,0.14253565938229967,0.027571328126498585,False
Cartórios,Ensino fundamental,70,11,8,0.10107853531372656,0.03788849118441585,0.09553041395419215,0.01720470576119051,0.24976810776523806,0.027546598472803177,False
Comércio varejista de artigos de papelaria,Fabricação de produtos de padaria e confeitaria com predominância de produção própria,14,26,7,0.42801660708295197,0.025400869916028124,0.1919628025772016,0.02952809899558234,0.11763864635203175,0.02746448445580523,False
Atividades de contabilidade,"Comércio varejista de produtos farmacêuticos, com manipulação de fórmulas",28,13,9,0.5912120540316164,0.032174955846188055,0.11141368918505973,0.022652096910395096,0.16486180965207264,0.027413526378291576,False
"Comércio atacadista de mercadorias em geral, com predominância de produtos alimentícios","Comércio varejista de mercadorias em geral, com predominância de produtos alimentícios - supermercados",12,50,7,0.3508515606923055,0.036786672823626305,0.10791926849540956,0.01799276499166219,0.2451981522133575,0.02738971890764425,False
Atividades de condicionamento físico,Formação de condutores,22,19,12,0.5883508038024344,0.03366110257836108,0.09278983667481061,0.02109729056660171,0.23496779152082609,0.027379196572481397,False
"Comércio atacadista de mercadorias em geral, com predominância de produtos alimentícios",Comércio varejista especializado de equipamentos de telefonia e comunicação,12,21,9,0.7118045892581001,0.03978365717290691,0.07175628014126134,0.014819894398307387,0.2775760941676265,0.02730177578560715,False
Educação infantil - pré-escola,Fabricação de móveis com predominância de madeira,25,15,11,0.5854820185344662,0.025302271529410846,0.1949181545727816,0.028976426590269017,0.16644935769024582,0.02713934905983993,False
Atividade odontológica com recursos para realização de procedimentos cirúrgicos,Comércio varejista de materiais de construção em geral,39,98,28,0.47650449349361607,0.016131998200173234,0.27127586406357257,0.038025113422645834,0.10645541785914503,0.027078555811409534,False
"Comércio varejista de mercadorias em geral, com predominância de produtos alimentícios - supermercados",Padaria e confeitaria com predominância de revenda,50,26,15,0.49194558154885853,0.010252358632280564,0.35764439589483676,0.043679239264608226,0.0615813696940859,0.026965798948444395,False
"Comércio varejista de suvenires, bijuterias e artesanatos",Serviços de engenharia,10,17,6,0.6746355603970553,0.03514332101366363,0.09166962417107649,0.018220949254811374,0.23860886992366237,0.026682135134237502,False
Comércio a varejo de peças e acessórios novos para veículos automotores,Comércio varejista de animais vivos e de artigos e alimentos para animais de estimação,34,22,10,0.2610639518340234,0.0443359876908801,0.049917263734340876,0.009001048077930474,0.38611244698836583,0.026668517884405288,False
Atividade médica ambulatorial restrita a consultas,Caixas econômicas,18,12,5,0.18168973894396065,0.013250707048243984,0.27780515300407455,0.03991198164286696,0.05823717962719154,0.026581344345555473,False
Comércio varejista de madeira e artefatos,Formação de condutores,15,19,7,0.40807016588949463,0.029380193198846657,0.11485873114521161,0.023727455755240982,0.24048810525602926,0.026553824477043818,False
Atividade médica ambulatorial restrita a consultas,Comércio varejista de materiais de construção em geral,18,98,15,0.4124681865137275,0.004382234154489558,0.431702927078891,0.048673240545135145,0.04726094061869096,0.026527737349812352,False
Comércio varejista especializado de equipamentos de telefonia e comunicação,Serviços de engenharia,21,17,9,0.6223370744003072,0.03623473770799353,0.09793256091172592,0.016783727729469976,0.2683866684517464,0.026509232718731752,False
Educação infantil - pré-escola,"Lojas de departamentos ou magazines, exceto lojas francas (Duty free)",25,39,11,0.2669217947867211,0.022262605196041927,0.208442628619403,0.030740770954849297,0.14030560419635169,0.02650168807544561,False
Coleta de resíduos não-perigosos,Educação infantil - pré-escola,11,25,5,0.343649843643974,0.01790035684484486,0.2328083379923076,0.03489269539902345,0.13703137529788478,0.026396526121934154,False
Comércio varejista de animais vivos e de artigos e alimentos para animais de estimação,Fabricação de móveis com predominância de madeira,22,15,8,0.4306051135373873,0.023420454783218827,0.22685896277977347,0.029270650135527994,0.1505042478489222,0.02634555245937341,False
Construção de edifícios,Cultivo de arroz,67,10,5,0.15130383231080013,0.019458630424369256,0.28558118157819273,0.033170875110873306,0.24203291992877718,0.026314752767621283,False
"Comércio varejista de mercadorias em geral, com predominância de produtos alimentícios - supermercados","Obras de urbanização - ruas, praças e calçadas",50,13,7,0.3965802695014623,-0.00043373732743803313,0.4977276411641806,0.053036488114771914,0.05034021499225043,0.02630137539366694,False
"Comércio varejista de produtos farmacêuticos, sem manipulação de fórmulas",Restaurantes e similares,156,37,30,0.46640723374624665,0.004591981599703812,0.41906542575896755,0.04789901786078384,0.07705386052987408,0.026245499730243826,False
Comércio a varejo de peças e acessórios novos para veículos automotores,Comércio atacadista de cereais e leguminosas beneficiados,34,13,8,0.3538504250881975,0.03238494016577056,0.10171629203113747,0.02007935946324634,0.2114554189484415,0.02623214981450845,False
Comércio a varejo de pneumáticos e câmaras-de-ar,Comércio varejista de artigos do vestuário e acessórios,13,46,6,0.19196963482004586,0.01579364437756583,0.2632687867092825,0.03664006522799744,0.16251092630887015,0.026216854802781634,False
Atividades de associações de defesa de direitos sociais,Construção de rodovias e ferrovias,19,17,7,0.5498235782248941,0.009234629318896055,0.3723170153770627,0.04317237519605649,0.06817586984152028,0.026203502257476273,False
Cartórios,"Fabricação de artefatos de cerâmica e barro cozido para uso na construção, exceto azulejos e pisos",70,17,6,0.11688600370774017,0.017530298530598863,0.2730381924109112,0.034855969117408105,0.17084682171873838,0.026193133824003484,False
Comércio varejista de artigos de óptica,"Comércio varejista de mercadorias em geral, com predominância de produtos alimentícios - supermercados",26,50,16,0.40451001448069385,0.02679764475633777,0.18248902931120514,0.025549036317610165,0.1949278937592872,0.02617334053697397,False
Atividades de associações de defesa de direitos sociais,Comércio varejista de animais vivos e de artigos e alimentos para animais de estimação,19,22,8,0.4601273092030892,0.011058003887718276,0.3631899116730698,0.04128100811583327,0.08926900816458594,0.026169506001775773,False
Comércio varejista de artigos do vestuário e acessórios,"Lojas de variedades, exceto lojas de departamentos ou magazines",46,17,7,0.2272131587374837,0.03433034447368356,0.17156490952221737,0.017745726143320553,0.26433827822006634,0.02603803530850206,False
Atividades de condicionamento físico,Caixas econômicas,22,12,8,0.4250880991739725,0.013894145894797585,0.30720342856256555,0.038114644636084494,0.0635985719091553,0.02600439526544104,False
Cartórios,Cultivo de arroz,70,10,8,0.2510642316690499,0.023280611612613824,0.22857254671482718,0.02872493861161592,0.234308644229081,0.026002775112114872,False
"Comercio varejista de artigos de cama, mesa e banho",Comércio varejista de produtos alimentícios em geral ou especializado em produtos alimentícios não especificados anteriormente,14,20,9,0.5589880330097076,0.03433145507544694,0.11310393317624656,0.017539282159573844,0.2713260004318335,0.02593536861751039,False
Atividades de cobrança e informações cadastrais,"Lojas de variedades, exceto lojas de departamentos ou magazines",14,17,7,0.34757276026599976,0.02757655422830173,0.11089066653558977,0.02426883523858118,0.16926590982983625,0.025922694733441456,False
Padaria e confeitaria com predominância de revenda,Serviços de comunicação multimídia - SCM,26,47,16,0.4363130563424044,0.03918644274158991,0.10027878892821568,0.012605412764096161,0.3200904527449595,0.025895927752843037,False
Comércio varejista de mercadorias em lojas de conveniência,Serviços de comunicação multimídia - SCM,11,47,8,0.3920066977586397,0.016463655781704313,0.24275582129353096,0.03527926295768786,0.09620608794096785,0.025871459369696086,False
Comércio varejista de hortifrutigranjeiros,"Comércio varejista de produtos farmacêuticos, com manipulação de fórmulas",20,13,7,0.5080779588938157,0.03541842032190501,0.09337379975531052,0.0162661814004492,0.23246938450810173,0.025842300861177104,False
Atividades de organizações religiosas,Construção de edifícios,30,67,14,0.3071655346550038,0.02701279785147588,0.1964534114348574,0.024629121491719454,0.22514010120780203,0.025820959671597667,False
"Aparelhamento de placas e execução de trabalhos em mármore, granito, ardósia e outras pedras",Comércio varejista de animais vivos e de artigos e alimentos para animais de estimação,14,22,7,0.5556151592744047,0.01615299010195691,0.2605708880782641,0.03534998834742763,0.11992242991081331,0.025751489224692267,False
Atividades de cobrança e informações cadastrais,Comércio varejista de materiais de construção em geral,14,98,11,0.38843792161932145,0.01028999332553029,0.3550182587090325,0.04118730847780309,0.09764135115057299,0.025738650901666688,False
"Comércio varejista de produtos farmacêuticos, sem manipulação de fórmulas",Cultivo de soja,156,21,16,0.12638072908004516,0.010877258031962964,0.3491949922475375,0.040446799381328495,0.1627677366961841,0.02566202870664573,False
Comércio varejista de artigos do vestuário e acessórios,Fabricação de alimentos para animais,46,13,11,0.5471074672089601,0.02264470775351015,0.2603518409756721,0.028663424825793583,0.12626021333226733,0.025654066289651868,False
Fabricação de produtos de panificação industrial,"Transporte rodoviário de carga, exceto produtos perigosos e mudanças, intermunicipal, interestadual e internacional",15,24,9,0.6839426447500793,0.02492404860444666,0.1794277955778985,0.02618029562404808,0.18757199629575588,0.02555217211424737,False
"Comércio varejista de produtos farmacêuticos, com manipulação de fórmulas","Comércio varejista de suvenires, bijuterias e artesanatos",13,10,7,0.7114721874474635,0.017342841460256497,0.2387996250092792,0.033386558347509115,0.09866344231867669,0.025364699903882806,False
Atividades de associações de defesa de direitos sociais,"Comércio varejista de mercadorias em geral, com predominância de produtos alimentícios - minimercados, mercearias e armazéns",19,130,11,0.16288910378808336,0.014657836848871333,0.31979050470448445,0.03589748782133548,0.11722328873973104,0.025277662335103406,False
"Comércio varejista de cosméticos, produtos de perfumaria e de higiene pessoal",Comércio varejista de gás liqüefeito de petróleo (GLP),22,34,10,0.1543231606205984,0.040445610707611435,0.07499969643749513,0.009982083864010938,0.3834648783951676,0.025213847285811185,False
Criação de frangos para corte,Serviços de comunicação multimídia - SCM,10,47,5,0.27127035532603283,0.03472274982701119,0.13910924639393274,0.015611497055750535,0.2692928356021694,0.025167123441380862,False
Cartórios,"Comércio varejista de mercadorias em geral, com predominância de produtos alimentícios - hipermercados",70,12,7,0.2566487919635119,0.025845991619537555,0.19085784985239623,0.024223799461986845,0.20897242569645702,0.0250348955407622,False
"Comércio varejista de mercadorias em geral, com predominância de produtos alimentícios - minimercados, mercearias e armazéns","Obras de urbanização - ruas, praças e calçadas",130,13,7,0.09540168961624189,0.015126418936808082,0.2829717994873723,0.03487799780229975,0.13595036301827185,0.025002208369553913,False
"Lojas de variedades, exceto lojas de departamentos ou magazines",Serviços de manutenção e reparação mecânica de veículos automotores,17,14,7,0.24341154128677686,0.024752140762898063,0.20911866574008625,0.025107510624965104,0.15203702516867307,0.02492982569393158,False
Comércio a varejo de motocicletas e motonetas novas,Comércio varejista de artigos do vestuário e acessórios,16,46,5,0.16009859582655173,0.012279710084699696,0.283918459348521,0.037410490837823586,0.1295904157963566,0.024845100461261642,False
Fabricação de alimentos para animais,"Transporte rodoviário de carga, exceto produtos perigosos e mudanças, intermunicipal, interestadual e internacional",13,24,8,0.326108021921743,0.028977231802132318,0.14660058617256416,0.020688998315820228,0.2267113110725802,0.02483311505897627,False
Coleta de resíduos não-perigosos,"Comércio varejista de mercadorias em geral, com predominância de produtos alimentícios - minimercados, mercearias e armazéns",11,130,10,0.2699725904043286,0.014405146771282505,0.2796942749922848,0.03521768440054207,0.1081228756146661,0.024811415585912287,False
Atividade médica ambulatorial restrita a consultas,Comércio varejista de artigos do vestuário e acessórios,18,46,6,0.19993319409164179,0.013531798367229793,0.2817671143909506,0.03605965102210276,0.14918932430653176,0.024795724694666278,False
Casas lotéricas,Comércio atacadista de cereais e leguminosas beneficiados,51,13,5,0.277490891191431,0.029533455491412723,0.18261546703936804,0.019831420742192775,0.2130547948770411,0.02468243811680275,False
Educação infantil - pré-escola,"Transporte rodoviário de carga, exceto produtos perigosos e mudanças, intermunicipal, interestadual e internacional",25,24,14,0.6455157122230517,0.031825828481875804,0.16696238877533226,0.017462429041826818,0.24917797223834925,0.024644128761851312,False
Comércio varejista de medicamentos veterinários,Fabricação de alimentos para animais,26,13,9,0.33097997831463494,0.02125438453732375,0.19594594452418068,0.027885152930819196,0.12116971235138618,0.024569768734071473,False
Comércio varejista de animais vivos e de artigos e alimentos para animais de estimação,"Transporte rodoviário de carga, exceto produtos perigosos e mudanças, intermunicipal, interestadual e internacional",22,24,8,0.43016482766784814,0.025436777021674337,0.209610615056124,0.02354001361575791,0.20610888403764882,0.024488395318716123,False
Comércio atacadista de cereais e leguminosas beneficiados,Educação infantil - pré-escola,13,25,7,0.48228215736708485,0.022932598122038846,0.19473516418877168,0.025931511829738563,0.19000413061768257,0.024432054975888705,False
Atividades de organizações religiosas,Serviços de engenharia,30,17,5,0.1844096131358006,0.01654325546822887,0.29300732751481295,0.03224751885951965,0.12816968656833527,0.02439538716387426,False
Coleta de resíduos não-perigosos,Comércio varejista especializado de equipamentos de telefonia e comunicação,11,21,6,0.42601751671995725,0.024479482059093827,0.15904150142280443,0.02422140482421702,0.1863485154025309,0.024350443441655423,False
"Comércio atacadista de mercadorias em geral, com predominância de produtos alimentícios",Fabricação de produtos de padaria e confeitaria com predominância de produção própria,12,26,7,0.3270033419718007,0.030281521907903418,0.13768158084183285,0.018312708230009977,0.22656363315216305,0.024297115068956696,False
Educação infantil - pré-escola,Fabricação de produtos de padaria e confeitaria com predominância de produção própria,25,26,13,0.5689382193396256,0.02448980860774315,0.19859936832392777,0.023933324152299203,0.19118826695186375,0.024211566380021178,False
Comércio varejista de mercadorias em lojas de conveniência,Serviços de engenharia,11,17,6,0.6760410745166001,0.021214743485256326,0.20594913432516732,0.027150034134089673,0.15274467000847752,0.024182388809673,False
Comércio varejista de gás liqüefeito de petróleo (GLP),Ensino fundamental,34,11,7,0.49145727031571185,0.053233102200427034,0.03629358822436985,-0.0049660473008676115,0.4409133806895966,0.024133527449779712,False
Comércio varejista de bebidas,"Lojas de departamentos ou magazines, exceto lojas francas (Duty free)",27,39,14,0.36313724546489135,0.020883628848536145,0.23201303641045523,0.027267704343882825,0.19183999098271198,0.024075666596209487,False
Atividades de associações de defesa de direitos sociais,"Comercio varejista de artigos de cama, mesa e banho",19,14,8,0.4237412967963754,0.013345456707774992,0.3062611584170635,0.03480542418885886,0.10348562788922366,0.024075440448316925,False
"Comércio varejista de produtos farmacêuticos, sem manipulação de fórmulas","Lanchonetes, casas de chá, de sucos e similares",156,32,26,0.45384161207130186,0.0111904999228753,0.35581936926490454,0.03684135498467725,0.11898980643004914,0.024015927453776273,False
Atividades de condicionamento físico,"Comércio atacadista de mercadorias em geral, com predominância de produtos alimentícios",22,12,7,0.6488817865993173,0.0099493705691355,0.3379107755511226,0.037930702414958314,0.10536421508592853,0.023940036492046908,False
Formação de condutores,"Lanchonetes, casas de chá, de sucos e similares",19,32,13,0.5010958729271059,0.006577292020647391,0.3847237336960424,0.04128618374066961,0.09951267052024687,0.023931737880658503,False
"Comércio varejista de produtos farmacêuticos, sem manipulação de fórmulas",Hotéis,156,22,20,0.40460084753551123,0.007550907344568512,0.4091864812655342,0.04015847473044229,0.17886171469466594,0.0238546910375054,False
"Comércio varejista de mercadorias em geral, com predominância de produtos alimentícios - minimercados, mercearias e armazéns",Construção de edifícios,130,67,39,0.19952791368484005,-0.005103432184100122,0.46019571202157006,0.05264968130906778,0.048771811977619574,0.02377312456248383,False
"Bancos múltiplos, com carteira comercial",Comércio varejista de combustíveis para veículos automotores,11,133,6,0.06145239168290392,0.01157206775657769,0.3431229145621827,0.03588354883668663,0.09640277319144075,0.02372780829663216,False
Fabricação de móveis com predominância de madeira,Hotéis,15,22,10,0.49365322385171556,0.015124248832047323,0.322425604590609,0.032297370170555485,0.24513990227599086,0.023710809501301403,False
Atividades de organizações religiosas,Comércio varejista de bebidas,30,27,8,0.28782103394822206,0.022415764063108395,0.2198840470723028,0.024988605662468938,0.19623812970744292,0.023702184862788668,False
Comércio a varejo de pneumáticos e câmaras-de-ar,"Transporte rodoviário de carga, exceto produtos perigosos e mudanças, intermunicipal, interestadual e internacional",13,24,8,0.5397597563717619,0.013925428645664043,0.264781066878513,0.03342465812785581,0.1204994746342472,0.02367504338675993,False
Caixas econômicas,Fabricação de móveis com predominância de madeira,12,15,6,0.3190915768081895,0.02840296457966332,0.14075855350349592,0.018779093377548742,0.2782938285581027,0.02359102897860603,False
Construção de rodovias e ferrovias,"Lojas de departamentos ou magazines, exceto lojas francas (Duty free)",17,39,7,0.21846308109002505,0.02144388552743716,0.21818505107438546,0.025610173312204883,0.18555598845934945,0.023527029419821023,False
Comércio varejista de materiais de construção em geral,Construção de edifícios,98,67,40,0.46242674015660307,0.017975947962871382,0.27138192462610133,0.029006542439103354,0.17275704062240782,0.023491245200987367,False
Atividade médica ambulatorial com recursos para realização de exames complementares,"Lojas de variedades, exceto lojas de departamentos ou magazines",15,17,7,0.28210860729094633,0.03238183549692854,0.10550835441301643,0.014555272731673318,0.2805337178903874,0.02346855411430093,False
Comércio varejista de ferragens e ferramentas,"Comércio varejista de produtos farmacêuticos, sem manipulação de fórmulas",12,156,10,0.24380539276478283,0.02026642602526014,0.2282866705853125,0.026610373476536418,0.16248527715005462,0.02343839975089828,False
Cartórios,Hotéis,70,22,17,0.4377341861040343,-0.0067275000062903345,0.4071819392497399,0.05345442522984531,0.09716997277577855,0.023363462611777488,False
Cartórios,Comércio varejista de bebidas,70,27,17,0.33078386600101084,0.028480716693788273,0.16750277341266423,0.018056083877829202,0.2669428999821165,0.02326840028580874,False
"Atividades de consultoria em gestão empresarial, exceto consultoria técnica específica",Fabricação de produtos de panificação industrial,12,15,6,0.5529093305556616,0.023973771107864587,0.15845405112019484,0.022213642106503614,0.19480998106855174,0.0230937066071841,False
Atividade odontológica com recursos para realização de procedimentos cirúrgicos,Padaria e confeitaria com predominância de revenda,39,26,15,0.5007685589929801,0.008622013593603615,0.37156863819420455,0.03753737021999065,0.08074568623020983,0.023079691906797133,False
"Aparelhamento de placas e execução de trabalhos em mármore, granito, ardósia e outras pedras",Educação infantil - pré-escola,14,25,7,0.5343233574481621,0.012489733052339384,0.29263286052007287,0.03360021746612335,0.11762753660129915,0.023044975259231368,False
Atividade odontológica com recursos para realização de procedimentos cirúrgicos,"Lojas de variedades, exceto lojas de departamentos ou magazines",39,17,11,0.44063617930518617,0.024212797008038325,0.1854918320447363,0.021815906973498948,0.19707618230895996,0.023014351990768636,False
Comércio varejista de calçados,Padaria e confeitaria com predominância de revenda,22,26,12,0.4028691905276417,0.023959024522384936,0.17783374802005647,0.022033145711465044,0.205424944807097,0.02299608511692499,False
Comércio varejista de madeira e artefatos,"Comércio varejista de suvenires, bijuterias e artesanatos",15,10,5,0.516537635304798,0.023317741327257432,0.2122499992436922,0.022377692326812075,0.19929414128909784,0.022847716827034754,False
Comércio varejista de artigos do vestuário e acessórios,Comércio varejista especializado de equipamentos e suprimentos de informática,46,13,9,0.38075254751154863,-0.0011329447730908952,0.4769008781818402,0.046712251640724047,0.08213177044172665,0.022789653433816576,False
Construção de edifícios,Fabricação de águas envasadas,67,11,5,0.15373430237690383,0.03290826257407196,0.15187733532570952,0.01266012388468199,0.302551806474593,0.022784193229376973,False
Casas lotéricas,Formação de condutores,51,19,10,0.33202494269028654,0.03631076400528919,0.12515157100496593,0.009157615710882864,0.3712641508544771,0.022734189858086028,False
Comércio a varejo de pneumáticos e câmaras-de-ar,"Lojas de variedades, exceto lojas de departamentos ou magazines",13,17,5,0.23609887363152404,0.01980127488364586,0.21470403355798306,0.02563185987293178,0.17849446007479663,0.022716567378288817,False
Atividades de cobrança e informações cadastrais,Comércio varejista de mercadorias em lojas de conveniência,14,11,7,0.6445831300838344,0.0289763409268039,0.12464980426874656,0.01633585488165783,0.2681439251680131,0.022656097904230864,False
Atividade médica ambulatorial restrita a consultas,Construção de rodovias e ferrovias,18,17,6,0.49304428412595774,0.008006446674441321,0.37370802915110257,0.037299756973099965,0.08552117043623392,0.022653101823770644,False
"Comércio atacadista de mercadorias em geral, com predominância de produtos alimentícios",Fabricação de produtos de panificação industrial,12,15,5,0.6054895663022076,0.027672178920793638,0.19008506551346888,0.017626201268036698,0.27214473634203784,0.02264919009441517,False
"Lojas de departamentos ou magazines, exceto lojas francas (Duty free)",Restaurantes e similares,39,37,15,0.2662231711236213,0.023456793245464957,0.20828587552124472,0.021788984705236495,0.2716019523199662,0.022622888975350725,False
"Comércio varejista de cosméticos, produtos de perfumaria e de higiene pessoal",Padaria e confeitaria com predominância de revenda,22,26,8,0.2701058722628096,0.03157343536853081,0.12311946236543958,0.013603369027768306,0.3326230149880124,0.022588402198149556,False
"Comércio varejista de mercadorias em geral, com predominância de produtos alimentícios - minimercados, mercearias e armazéns",Comércio varejista especializado de eletrodomésticos e equipamentos de áudio e vídeo,130,20,14,0.12028653008239047,0.033378935615957235,0.13414154248716592,0.011779852876338844,0.37614646989610073,0.02257939424614804,False
Comércio a varejo de peças e acessórios novos para motocicletas e motonetas,"Comércio atacadista de mercadorias em geral, com predominância de produtos alimentícios",26,12,7,0.4071765755359794,0.006237862369360685,0.4089805181763544,0.038882717792750814,0.08019741454343177,0.02256029008105575,False
Construção de edifícios,Fabricação de móveis com predominância de madeira,67,15,13,0.3559022074673398,0.011296360525118614,0.3674540323490101,0.03372125911069877,0.13176550643785157,0.022508809817908693,False
Cartórios,Comércio varejista de hortifrutigranjeiros,70,20,15,0.354347590196184,0.02512752365579008,0.21326072220430914,0.019832941245633524,0.23600716255205573,0.022480232450711804,False
Administração pública em geral,Casas lotéricas,94,51,14,-0.1504856594807946,0.03049012251049727,0.15634514102568975,0.014400017917992128,0.32740542003839035,0.0224450702142447,False
Comércio varejista especializado de equipamentos e suprimentos de informática,Construção de edifícios,13,67,10,0.31156813044193415,0.04077253683113203,0.10097365198264191,0.004066581884071639,0.4474951194758865,0.022419559357601836,False
Cartórios,"Comércio atacadista de mercadorias em geral, com predominância de produtos alimentícios",70,12,8,0.27342148308967135,0.021668589059438786,0.23846277216983802,0.022618709624115958,0.22565670884990008,0.02214364934177737,False
Comércio varejista de materiais de construção em geral,Formação de condutores,98,19,14,0.3558501439982002,0.026656426377997734,0.21132194082606787,0.01762865725048631,0.27804824966788116,0.022142541814242023,False
Atividades de condicionamento físico,"Comércio varejista de mercadorias em geral, com predominância de produtos alimentícios - hipermercados",22,12,6,0.6129587481432665,0.0035983509576746897,0.44018429068618675,0.040667890847278336,0.0839572920743829,0.022133120902476513,False
"Comércio varejista de produtos farmacêuticos, sem manipulação de fórmulas",Educação infantil - pré-escola,156,25,21,0.43740582081105644,0.00956630213728535,0.3684946800108421,0.034504310522073506,0.11864891995870708,0.022035306329679427,False
Comércio varejista de combustíveis para veículos automotores,"Lojas de variedades, exceto lojas de departamentos ou magazines",133,17,15,0.24350850970245697,0.020206638519742505,0.23285342547573967,0.023763480762209042,0.188427912014068,0.021985059640975774,False
Comércio varejista especializado de eletrodomésticos e equipamentos de áudio e vídeo,Construção de edifícios,20,67,11,0.2730476523874738,0.02137186229078574,0.2740107589807201,0.022466161157877064,0.26364580565340423,0.021919011724331403,False
"Comércio varejista de suvenires, bijuterias e artesanatos",Fabricação de produtos de panificação industrial,10,15,6,0.5798097582591308,0.02106938348493964,0.2214591393457827,0.022673265407391358,0.23023844242026698,0.021871324446165498,False
Comércio varejista de artigos de óptica,Comércio varejista de materiais de construção em geral,26,98,19,0.368534979436572,0.017009056018889728,0.25750645169748554,0.026627166713171873,0.17183491487594932,0.0218181113660308,False
Fabricação de produtos de padaria e confeitaria com predominância de produção própria,"Lojas de departamentos ou magazines, exceto lojas francas (Duty free)",26,39,15,0.28906530325413715,0.021869871239510584,0.19175116701267786,0.021668307205235424,0.24371639691545033,0.021769089222373004,False
Comércio varejista especializado de eletrodomésticos e equipamentos de áudio e vídeo,Criação de bovinos para corte,20,30,5,0.11469805684347713,0.023466260286796336,0.24307509499866548,0.020040354271418846,0.31396410395518093,0.02175330727910759,False
Comércio varejista de carnes - açougues,"Lojas de departamentos ou magazines, exceto lojas francas (Duty free)",15,39,5,0.05262774852018593,0.0037653722741619847,0.44036534634033586,0.03973199043433319,0.1059817447717184,0.02174868135424759,False
Atividade odontológica com recursos para realização de procedimentos cirúrgicos,Fabricação de alimentos para animais,39,13,11,0.4269201527858228,0.004744391637617172,0.44296569431435834,0.03873543878930233,0.06547753434176251,0.021739915213459752,False
Comércio varejista de bebidas,"Comércio varejista de produtos farmacêuticos, sem manipulação de fórmulas",27,156,26,0.4633249255814445,0.03080483813583582,0.15743342503776225,0.012478675353212109,0.32659964285216425,0.021641756744523965,False
"Comércio varejista de mercadorias em geral, com predominância de produtos alimentícios - minimercados, mercearias e armazéns","Lanchonetes, casas de chá, de sucos e similares",130,32,19,0.16965966029416923,0.015430166165459825,0.3179870977791919,0.0278322247669227,0.19218981931807172,0.021631195466191265,False
Atividades do Correio Nacional,Comércio varejista de calçados,54,22,6,0.10528263121098853,0.013232180174438434,0.33420601984910997,0.029813864210875042,0.10139287407796871,0.021523022192656737,False
Atividade odontológica com recursos para realização de procedimentos cirúrgicos,Caixas econômicas,39,12,11,0.4069241015470401,0.015304771692751315,0.2764860457814488,0.027715675275967425,0.13748782366632617,0.02151022348435937,False
Comércio varejista de ferragens e ferramentas,"Lojas de departamentos ou magazines, exceto lojas francas (Duty free)",12,39,5,0.2338735662794292,0.027056084089792775,0.1471600579449423,0.01590831411775944,0.30425241093671807,0.021482199103776106,False
Comércio a varejo de peças e acessórios novos para motocicletas e motonetas,"Lanchonetes, casas de chá, de sucos e similares",26,32,12,0.5939087566061576,0.007042634981742415,0.3840831068764233,0.03583026528833276,0.12558684882516435,0.021436450135037588,False
Comércio varejista de artigos de óptica,Ensino fundamental,26,11,5,0.26657183510078253,0.029967534482456804,0.13509624977020457,0.012774698049068929,0.32117131641142427,0.021371116265762866,False
"Comércio varejista de produtos farmacêuticos, com manipulação de fórmulas","Lojas de variedades, exceto lojas de departamentos ou magazines",13,17,5,0.2637146944407677,0.022438709313493403,0.1714244187353426,0.02022944142873956,0.23495302182260397,0.02133407537111648,False
Atividade odontológica com recursos para realização de procedimentos cirúrgicos,Comércio varejista de gás liqüefeito de petróleo (GLP),39,34,10,0.3182220398138619,0.005239061878380691,0.42630205881942645,0.0369361079757092,0.12374535388567692,0.021087584927044944,False
Atividades de contabilidade,Comércio varejista especializado de equipamentos de telefonia e comunicação,28,21,16,0.7027674232605985,0.018103259645194995,0.23760277362430293,0.024001367357187196,0.18092626953553637,0.021052313501191095,False
Hotéis,Padaria e confeitaria com predominância de revenda,22,26,8,0.21061135972743858,0.034340143324513725,0.1822979935014169,0.007694928138156867,0.4129686173311042,0.021017535731335295,False
Comércio varejista de hortifrutigranjeiros,Construção de edifícios,20,67,14,0.353443175974585,0.0013139703133986519,0.4681038722569597,0.040587070772037596,0.11121514190587439,0.020950520542718124,False
Comércio atacadista de cereais e leguminosas beneficiados,Padaria e confeitaria com predominância de revenda,13,26,5,0.41162565547786867,0.013406334052378706,0.2966871984357462,0.02833907952081176,0.15781754337431209,0.020872706786595235,False
Comércio a varejo de motocicletas e motonetas novas,Fabricação de alimentos para animais,16,13,5,0.24715488104473765,0.0019136843606867248,0.44576607307681226,0.03980704427980746,0.05772405962475478,0.020860364320247092,False
"Comercio varejista de artigos de cama, mesa e banho",Comércio a varejo de peças e acessórios novos para motocicletas e motonetas,14,26,5,0.24579346498415866,0.040579605537279524,0.07330555327009312,0.0010855331619596415,0.4722713485045537,0.020832569349619582,False
Casas lotéricas,Comércio varejista de tecidos,51,10,5,0.3545675763711906,0.03437039932484371,0.14079300921535026,0.007239451783188767,0.3828108912987619,0.020804925554016238,False
Comércio a varejo de pneumáticos e câmaras-de-ar,Comércio varejista de animais vivos e de artigos e alimentos para animais de estimação,13,22,5,0.3894367123730344,0.02094798714691796,0.19073267103741698,0.020549285933397773,0.26260499203391585,0.020748636540157867,False
Comércio a varejo de peças e acessórios novos para motocicletas e motonetas,Comércio varejista de combustíveis para veículos automotores,26,133,23,0.4339448016171003,0.02046559558799801,0.18891893707820756,0.02102326297598712,0.23083270625243163,0.020744429281992563,False
Caixas econômicas,Construção de edifícios,12,67,11,0.4446808343975494,0.010599711678972449,0.353339639971948,0.030873980143907746,0.16572254609898157,0.020736845911440097,False
Atividades de contabilidade,Comércio a varejo de peças e acessórios novos para veículos automotores,28,34,19,0.5469951807556728,0.01504139370201696,0.26887431619443436,0.02642026522858723,0.1444856317097677,0.020730829465302095,False
Comércio varejista de artigos do vestuário e acessórios,Fabricação de móveis com predominância de madeira,46,15,10,0.45308837524049,0.015910680373438624,0.33617517747023656,0.025515470710173346,0.2014701555566673,0.020713075541805986,False
"Bancos múltiplos, com carteira comercial",Comércio varejista especializado de eletrodomésticos e equipamentos de áudio e vídeo,11,20,5,0.20227406846912946,0.024189706789758732,0.17221306484106924,0.017093638415700795,0.28836147668745027,0.02064167260272976,False
Atividade odontológica com recursos para realização de procedimentos cirúrgicos,Criação de bovinos para corte,39,30,13,0.2633129001501533,-0.001230702224713651,0.47147565505059913,0.04247915787081741,0.13194839476835846,0.02062422782305188,False
Atividades de cobrança e informações cadastrais,Criação de bovinos para corte,14,30,5,0.0766677841649297,0.0041218805098868355,0.46059541331545584,0.037027077706996335,0.1710216796664662,0.020574479108441585,False
Fabricação de móveis com predominância de madeira,"Lojas de departamentos ou magazines, exceto lojas francas (Duty free)",15,39,7,0.11528707631657352,0.02446785558442316,0.20957774025494963,0.016677220354190912,0.2867442872437327,0.020572537969307036,False
Atividades de associações de defesa de direitos sociais,Padaria e confeitaria com predominância de revenda,19,26,8,0.3464885852931181,0.0001317079599924232,0.4822267800169286,0.04088191973161933,0.07430136677534115,0.020506813845805875,False
Cartórios,Educação infantil - pré-escola,70,25,20,0.44598639079744634,0.02010855604050931,0.23692647304307707,0.020727854036585364,0.2567316851522455,0.020418205038547337,False
Comércio varejista de artigos do vestuário e acessórios,"Comércio varejista de mercadorias em geral, com predominância de produtos alimentícios - minimercados, mercearias e armazéns",46,130,31,0.15354791254828104,0.023817387745677817,0.26811665366979553,0.017017777968361524,0.2920183618137046,0.02041758285701967,False
Comércio varejista de materiais de construção em geral,Cultivo de soja,98,21,12,0.1354949671082522,0.02812667703809293,0.17128021849249014,0.012599259871524432,0.37781463778702357,0.020362968454808682,False
Casas lotéricas,Comércio varejista especializado de eletrodomésticos e equipamentos de áudio e vídeo,51,20,9,0.16662960860929513,0.030080374635385376,0.1642015227213507,0.010613269433712668,0.38315621851798554,0.020346822034549024,False
"Comercio varejista de artigos de cama, mesa e banho",Comércio varejista de madeira e artefatos,14,15,7,0.3804207456838535,0.03383825888492668,0.10324656818637251,0.006847481932954657,0.37385368543626596,0.020342870408940665,False
"Comércio varejista de produtos farmacêuticos, com manipulação de fórmulas",Serviços de engenharia,13,17,8,0.6612540318156832,0.02103791284067638,0.1889734269847667,0.019615120856627373,0.22339558599148174,0.020326516848651877,False
Comércio varejista de hortifrutigranjeiros,Fabricação de produtos de panificação industrial,20,15,8,0.5705715822553183,0.019484317536840677,0.23886405819554973,0.02110392333503605,0.23198703932433706,0.020294120435938364,False
Atividades de contabilidade,Comércio atacadista de cereais e leguminosas beneficiados,28,13,9,0.5406576337834277,0.019882414627492996,0.20358767949151296,0.02070464552111979,0.2174700256050321,0.02029353007430639,False
Comércio atacadista de cereais e leguminosas beneficiados,"Comércio varejista de mercadorias em geral, com predominância de produtos alimentícios - minimercados, mercearias e armazéns",13,130,9,0.16232982057920617,0.026208667484296157,0.1591341580578695,0.01432700524706605,0.3197288153154349,0.020267836365681104,False
"Atividades de consultoria em gestão empresarial, exceto consultoria técnica específica","Comércio varejista de produtos farmacêuticos, com manipulação de fórmulas",12,13,7,0.6472632984713979,0.032959887113346555,0.09104007687978088,0.00752534268774176,0.36459993317758027,0.02024261490054416,False
Comércio a varejo de pneumáticos e câmaras-de-ar,Construção de edifícios,13,67,11,0.38595379941517777,-0.0028091869930284385,0.4583255335996966,0.04314319412284444,0.08623273393441355,0.020167003564908,False
"Comércio varejista de mercadorias em geral, com predominância de produtos alimentícios - supermercados","Lojas de variedades, exceto lojas de departamentos ou magazines",50,17,10,0.2541972507355472,0.027170619169788274,0.17113953376076296,0.01305813042266601,0.33106797276310657,0.02011437479622714,False
Comércio varejista de mercadorias em lojas de conveniência,Formação de condutores,11,19,5,0.2659427094531066,0.013606459136298547,0.2948861175978923,0.026621106524632905,0.18794366852931732,0.020113782830465728,False
Hotéis,"Lanchonetes, casas de chá, de sucos e similares",22,32,15,0.5350732860327669,0.021424942968042034,0.33625368897909597,0.018728678099742668,0.2634439586110725,0.02007681053389235,False
Comércio varejista de artigos de papelaria,"Comércio varejista de cosméticos, produtos de perfumaria e de higiene pessoal",14,22,8,0.45874667162096083,0.00850362319982604,0.38336494931822707,0.03160133078545146,0.14514049597747858,0.02005247699263875,False
Atividades de associações de defesa de direitos sociais,Comércio varejista de bebidas,19,27,8,0.49177903408362084,-0.008780933301524194,0.3757328159195923,0.04878139731102325,0.05290946687096873,0.02000023200474953,False
"Comércio varejista de produtos farmacêuticos, sem manipulação de fórmulas",Fabricação de alimentos para animais,156,13,13,0.4024133383361271,0.01267799491840887,0.3496251711669329,0.027259562707986414,0.15430657929450858,0.01996877881319764,False
Comércio varejista de produtos alimentícios em geral ou especializado em produtos alimentícios não especificados anteriormente,Fabricação de águas envasadas,20,11,5,0.402447010443334,0.025961639498677927,0.16601084579361686,0.013897913037946187,0.3229856910799514,0.019929776268312056,False
Comércio varejista de combustíveis para veículos automotores,Educação infantil - pré-escola,133,25,21,0.4268906357883588,0.014648210614791518,0.32227594552882466,0.02511746562160966,0.19746607629479063,0.019882838118200588,False
"Lojas de departamentos ou magazines, exceto lojas francas (Duty free)","Transporte rodoviário de carga, exceto produtos perigosos e mudanças, intermunicipal, interestadual e internacional",39,24,7,0.04573333218207547,0.02460400102033142,0.20514815233401235,0.015123294922036143,0.30521735559259816,0.01986364797118378,False
"Comércio varejista de mercadorias em geral, com predominância de produtos alimentícios - minimercados, mercearias e armazéns",Serviços de manutenção e reparação mecânica de veículos automotores,130,14,5,0.09071964809375047,0.03278095196703669,0.13862825350915148,0.0069192528903373835,0.38933288194362475,0.019850102428687035,False
Comércio varejista de artigos de óptica,Padaria e confeitaria com predominância de revenda,26,26,9,0.3208033646476648,0.03494699892179423,0.10886716470367053,0.004676808189486943,0.4503070061321819,0.019811903555640588,False
Casas lotéricas,Comércio varejista de carnes - açougues,51,15,6,0.14073125688840168,0.028182048083570627,0.2057660700657768,0.011399347344215669,0.29722197601559175,0.01979069771389315,False
Formação de condutores,Serviços de engenharia,19,17,6,0.26927354186085284,0.02089679013077154,0.2516448816259062,0.018665173669942962,0.23441712338586085,0.01978098190035725,False
"Comércio varejista de produtos farmacêuticos, com manipulação de fórmulas",Fabricação de produtos de panificação industrial,13,15,5,0.6112426735363249,0.012054396788757289,0.31188326543832423,0.027492796078727875,0.16196451081708158,0.01977359643374258,False
Comércio a varejo de peças e acessórios novos para veículos automotores,Educação infantil - pré-escola,34,25,16,0.5735127004246391,0.03133613963712535,0.09833882529925708,0.008173578606519783,0.4043218710404274,0.019754859121822566,False
Comércio a varejo de peças e acessórios novos para motocicletas e motonetas,Fabricação de produtos de padaria e confeitaria com predominância de produção própria,26,26,10,0.3711596204919411,0.009851675721371227,0.35100839166130027,0.029257327982197073,0.12144948046919424,0.019554501851784152,False
Fabricação de produtos de panificação industrial,"Lanchonetes, casas de chá, de sucos e similares",15,32,9,0.5707981048826903,0.009701785645384618,0.3539712615059629,0.029326641037174285,0.17559995068675743,0.01951421334127945,False
"Atividades de consultoria em gestão empresarial, exceto consultoria técnica específica",Comércio varejista de madeira e artefatos,12,15,6,0.5856245053684903,0.022322989092418026,0.18490387045855816,0.01661043159421857,0.27269255123421077,0.019466710343318296,False
Atividades de condicionamento físico,"Lojas de departamentos ou magazines, exceto lojas francas (Duty free)",22,39,9,0.11433262901421919,0.012968104307678863,0.3067535883852035,0.02595063808870973,0.18996456587914895,0.019459371198194297,False
Atividade médica ambulatorial com recursos para realização de exames complementares,Educação infantil - pré-escola,15,25,11,0.5487532659500342,0.020623575771294218,0.20876225781314528,0.01823519288295127,0.2561240992469132,0.019429384327122743,False
Comércio a varejo de peças e acessórios novos para veículos automotores,Comércio varejista de bebidas,34,27,15,0.40810574818561307,0.032576531293095824,0.09479392929307079,0.0061654594688006,0.40415905092659804,0.019370995380948212,False
Comércio a varejo de pneumáticos e câmaras-de-ar,"Comércio varejista de mercadorias em geral, com predominância de produtos alimentícios - minimercados, mercearias e armazéns",13,130,8,0.180406478348385,0.0065245142644626605,0.41225465581528664,0.03214904312496704,0.13884849308801855,0.01933677869471485,False
Padaria e confeitaria com predominância de revenda,Serviços advocatícios,26,18,8,0.3982368837198733,0.04211986417321983,0.07584494298890437,-0.0035565118078829438,0.44108072454451575,0.01928167618266844,False
"Aparelhamento de placas e execução de trabalhos em mármore, granito, ardósia e outras pedras","Lanchonetes, casas de chá, de sucos e similares",14,32,13,0.6692414989373348,-0.005031573350075204,0.41104705293702226,0.04358301543857594,0.06640240226750092,0.01927572104425037,False
Comércio varejista de ferragens e ferramentas,"Transporte rodoviário de carga, exceto produtos perigosos e mudanças, intermunicipal, interestadual e internacional",12,24,7,0.3023162523453285,0.016354526371810157,0.26652976841199477,0.022060506107621527,0.21961878669794938,0.019207516239715842,False
"Aparelhamento de placas e execução de trabalhos em mármore, granito, ardósia e outras pedras","Obras de urbanização - ruas, praças e calçadas",14,13,5,0.5680096225763227,-0.01638412957773976,0.23906650445876837,0.05472929882953449,0.04239699265719558,0.019172584625897368,False
"Aparelhamento de placas e execução de trabalhos em mármore, granito, ardósia e outras pedras",Cartórios,14,70,12,0.351599152196644,0.01955141758278092,0.23254766966076573,0.018479697679878046,0.29054408119812236,0.019015557631329484,False
"Comércio varejista de mercadorias em geral, com predominância de produtos alimentícios - minimercados, mercearias e armazéns",Serviços combinados de escritório e apoio administrativo,130,14,10,0.13589292287251534,0.038822184539068064,0.08431837915992962,-0.000854752308888196,0.49790864228715814,0.018983716115089935,False
"Comércio varejista de mercadorias em geral, com predominância de produtos alimentícios - supermercados","Lanchonetes, casas de chá, de sucos e similares",50,32,23,0.6637389389417409,-0.005428462626121926,0.42597579048589473,0.04330155936944602,0.08325584006014092,0.018936548371662046,False
"Comércio varejista de cosméticos, produtos de perfumaria e de higiene pessoal",Educação infantil - pré-escola,22,25,15,0.6019484110462011,0.02980967767091467,0.127181937650938,0.007943897601293057,0.3995735843557109,0.018876787636103863,False
Atividade médica ambulatorial restrita a consultas,Atividades de organizações religiosas,18,30,6,0.2870868805715923,0.012054096495906596,0.29405134974213964,0.025639879314601623,0.20385994221847897,0.01884698790525411,False
Atividades de organizações religiosas,Comércio a varejo de peças e acessórios novos para motocicletas e motonetas,30,26,6,0.19771493644804478,0.03602485552576379,0.11122887249234731,0.0016367697058324933,0.4816820082969099,0.01883081261579814,False
"Comércio varejista de mercadorias em geral, com predominância de produtos alimentícios - minimercados, mercearias e armazéns",Comércio varejista de mercadorias em lojas de conveniência,130,11,6,0.12523801821475541,0.0226895957670222,0.21952303711592142,0.014971117106229802,0.283925631573844,0.018830356436626,False
"Comércio atacadista de mercadorias em geral, com predominância de produtos alimentícios",Comércio varejista de carnes - açougues,12,15,5,0.49016032328560954,0.04795294030165249,0.05946080599056531,-0.010298469958554312,0.3159775311135017,0.01882723517154909,False
Comércio varejista de produtos alimentícios em geral ou especializado em produtos alimentícios não especificados anteriormente,Fabricação de móveis com predominância de madeira,20,15,9,0.41219965648343826,0.0215435683105542,0.20063329499512078,0.016089787883213556,0.3024065582965423,0.01881667809688388,False
Atividades de cobrança e informações cadastrais,"Comércio varejista de mercadorias em geral, com predominância de produtos alimentícios - hipermercados",14,12,5,0.6158442445408131,-0.0003147560763856681,0.4847360809594277,0.037917850009840215,0.11373718509172448,0.018801546966727273,False
Comércio varejista de hortifrutigranjeiros,"Comércio varejista de produtos farmacêuticos, sem manipulação de fórmulas",20,156,18,0.4813913434904886,0.023324106594523927,0.1795214741863938,0.01423975285149785,0.2997150479866851,0.01878192972301089,False
Caixas econômicas,Comércio varejista de hortifrutigranjeiros,12,20,7,0.4097107136417491,0.028603820230569964,0.12274495878340264,0.00878667702686613,0.3586481072897669,0.018695248628718047,False
Comércio a varejo de peças e acessórios novos para veículos automotores,Comércio varejista de artigos de papelaria,34,14,9,0.4743303593158212,0.03496991906547575,0.08556481992744597,0.002383479169404642,0.446006663273596,0.018676699117440198,False
Cartórios,Comércio varejista especializado de equipamentos e suprimentos de informática,70,13,10,0.29163094772086035,0.0017974394536253596,0.4735969663643765,0.035129775181306146,0.14765154822837923,0.01846360731746575,False
Comércio varejista especializado de equipamentos de telefonia e comunicação,"Lanchonetes, casas de chá, de sucos e similares",21,32,17,0.7290563325066547,0.013976546314740403,0.31017891300133005,0.022816475351734464,0.24010255219799193,0.018396510833237435,False
Comercio varejista de artigos de armarinho,Padaria e confeitaria com predominância de revenda,21,26,7,0.21375796977688805,0.016322936798923816,0.27434152530719486,0.020450854484687163,0.23840427251034535,0.01838689564180549,False
"Atividades de consultoria em gestão empresarial, exceto consultoria técnica específica",Restaurantes e similares,12,37,9,0.5581357653824666,0.01727001988129834,0.2726069439657365,0.019431230549968113,0.29543920223273556,0.01835062521563323,False
Cartórios,Serviços de manutenção e reparação mecânica de veículos automotores,70,14,12,0.3358720170797819,0.022412525223104548,0.21094936087215915,0.014095718511095671,0.28338127143492226,0.01825412186710011,False
Comércio varejista de animais vivos e de artigos e alimentos para animais de estimação,Comércio varejista de carnes - açougues,22,15,6,0.4609858657788361,0.038739778817953395,0.10071292404946397,-0.0023344318326274857,0.47139816178862265,0.018202673492662955,False
Comércio varejista especializado de equipamentos e suprimentos de informática,Formação de condutores,13,19,5,0.3685898284943713,0.0368016809879069,0.14099431124582357,-0.0004837823619298226,0.4876011901032966,0.01815894931298854,False
Comércio atacadista de cereais e leguminosas beneficiados,Comércio varejista de bebidas,13,27,7,0.44962706400228875,0.018653099111879734,0.22813966052470952,0.01754200086796294,0.27900146860112063,0.018097549989921337,False
"Bancos múltiplos, com carteira comercial",Casas lotéricas,11,51,10,0.2983321148900345,0.017942454855854672,0.22964876065335527,0.018010390182687856,0.2670222126595635,0.017976422519271264,False
Construção de edifícios,Fabricação de alimentos para animais,67,13,11,0.40706681071992085,0.012508617892776009,0.3421982661108772,0.023113075851297203,0.189089296123565,0.017810846872036608,False
Comércio varejista de artigos de papelaria,"Comércio varejista de produtos farmacêuticos, sem manipulação de fórmulas",14,156,12,0.38614082666051697,0.031307183147784086,0.12862313488566507,0.004208666090026612,0.43386444681021075,0.01775792461890535,False
Atividades do Correio Nacional,Cartórios,54,70,20,0.20724146832468432,0.011436548743929733,0.33919800062738853,0.02401218940617178,0.20725707218177747,0.017724369075050758,False
Comércio atacadista de cereais e leguminosas beneficiados,Comércio varejista de artigos do vestuário e acessórios,13,46,6,0.1580084942186308,0.009805407193064023,0.3604915365938477,0.02550514964350766,0.2446208998578709,0.017655278418285843,False
Restaurantes e similares,"Transporte rodoviário de carga, exceto produtos perigosos e mudanças, intermunicipal, interestadual e internacional",37,24,15,0.6082812250958802,0.027713767313780908,0.2028729037360673,0.007554986673367927,0.3833499293085631,0.017634376993574417,False
Educação infantil - pré-escola,Fabricação de águas envasadas,25,11,5,0.3440140508125388,0.03148012193158812,0.12219707619993919,0.0037412051688375837,0.4541990518459697,0.017610663550212853,False
Comércio varejista de materiais de construção em geral,Criação de bovinos para corte,98,30,18,0.2125442323311875,0.020713803367150074,0.25113284660234947,0.014127825923243065,0.36744374172524963,0.01742081464519657,False
"Comércio varejista de mercadorias em geral, com predominância de produtos alimentícios - hipermercados",Construção de edifícios,12,67,6,0.19997575037939322,-0.004109468005475935,0.46445423312559087,0.03888130232575688,0.10325797982337614,0.01738591716014047,False
Atividades de apoio à agricultura não especificadas anteriormente,Atividades de condicionamento físico,13,22,5,0.15429270605537707,0.020673204545680512,0.2776884590408302,0.013952830636160539,0.2788440868153414,0.017313017590920524,False
Atividades de contabilidade,Restaurantes e similares,28,37,17,0.595506149462522,0.009948029253255485,0.35030000428422214,0.02448653177545717,0.2495544913255161,0.017217280514356326,False
Fabricação de alimentos para animais,Restaurantes e similares,13,37,10,0.3949434622362739,0.03394126602785528,0.10582824305543848,0.0003588992893133152,0.4946853874291678,0.017150082658584295,False
Fabricação de móveis com predominância de madeira,Restaurantes e similares,15,37,14,0.5898888921920226,0.0202073864216682,0.2643794433174262,0.013977024798982295,0.35430083914936733,0.017092205610325248,False
Comércio a varejo de peças e acessórios novos para veículos automotores,Padaria e confeitaria com predominância de revenda,34,26,11,0.3350257187584301,0.026720542287067932,0.14099256760032708,0.007330159033184263,0.4156969568775436,0.017025350660126098,False
Atividades de contabilidade,"Comércio atacadista de mercadorias em geral, com predominância de produtos alimentícios",28,12,6,0.5310307041743357,0.0008591041755414766,0.49660729488138494,0.03293681034252806,0.14045706191174856,0.016897957259034768,False
"Comércio varejista de mercadorias em geral, com predominância de produtos alimentícios - minimercados, mercearias e armazéns",Fabricação de águas envasadas,130,11,6,0.07366169936232297,0.03380970904557967,0.12860377189237981,-5.3934593170144915e-05,0.4800897764822654,0.016877887226204764,False
Ensino fundamental,"Lojas de departamentos ou magazines, exceto lojas francas (Duty free)",11,39,5,0.10737587530958417,-0.005600645848989158,0.3921143471142949,0.039305803975967474,0.0932361686338517,0.016852579063489158,False
Caixas econômicas,"Lojas de departamentos ou magazines, exceto lojas francas (Duty free)",12,39,7,0.34298193655920767,0.017334167051650747,0.22915570197858637,0.01618088088029507,0.31067003114989716,0.01675752396597291,False
Atividade médica ambulatorial restrita a consultas,Serviços combinados de escritório e apoio administrativo,18,14,5,0.5838721467281403,-0.023732890059553927,0.15175809028510978,0.057179507835581504,0.05986200070190765,0.016723308888013787,False
Atividade médica ambulatorial restrita a consultas,Comércio varejista de animais vivos e de artigos e alimentos para animais de estimação,18,22,10,0.5576089211162226,0.001637067871611527,0.46045603815524827,0.03175875605361658,0.14680068613056158,0.016697911962614054,False
Atividades de condicionamento físico,"Lojas de variedades, exceto lojas de departamentos ou magazines",22,17,6,0.16732244889386735,0.021993611156915296,0.2007693168266147,0.011373792159696599,0.3091056367493563,0.016683701658305947,False
Atividades de cobrança e informações cadastrais,Restaurantes e similares,14,37,12,0.6770602927256758,0.005675703214332312,0.3880809092250086,0.027670984479399488,0.22589869731269646,0.0166733438468659,False
"Bancos múltiplos, com carteira comercial",Comércio varejista de materiais de construção em geral,11,98,11,0.2646642512892463,0.016340945038829442,0.2586886278622459,0.01692250364359374,0.27648031450106825,0.01663172434121159,False
Comércio varejista de artigos de papelaria,Formação de condutores,14,19,7,0.5189465060528171,0.01867543954631906,0.23364639590751113,0.014555359278033322,0.31717566343487136,0.016615399412176192,False
Administração pública em geral,Comércio varejista de artigos do vestuário e acessórios,94,46,18,-0.025564931874470936,0.01573634888256463,0.31181925710486547,0.017101182943500687,0.33350953014795676,0.016418765913032658,False
Atividades de condicionamento físico,Comércio varejista especializado de eletrodomésticos e equipamentos de áudio e vídeo,22,20,7,0.27914493963280673,0.01216987443262224,0.2959800317121012,0.020657651043983066,0.2820659787029681,0.016413762738302654,False
Comércio varejista de carnes - açougues,"Comércio varejista de mercadorias em geral, com predominância de produtos alimentícios - minimercados, mercearias e armazéns",15,130,9,0.16196902568921873,0.0030303118108321444,0.4513066368994758,0.029739464287944134,0.16803292393467095,0.01638488804938814,False
Fabricação de alimentos para animais,"Lanchonetes, casas de chá, de sucos e similares",13,32,11,0.4561978140194452,0.030324337236611144,0.13813198524306947,0.002401002785281417,0.4476581446778153,0.01636267001094628,False
Comércio varejista de animais vivos e de artigos e alimentos para animais de estimação,"Comércio varejista de cosméticos, produtos de perfumaria e de higiene pessoal",22,22,13,0.44203050225836144,0.0011657954421254529,0.4888444694364529,0.03138958340422926,0.13573968874674686,0.016277689423177356,False
Comércio varejista de produtos alimentícios em geral ou especializado em produtos alimentícios não especificados anteriormente,Serviços de engenharia,20,17,7,0.6191124830444159,0.015979426568616395,0.25936369751081956,0.01657020814248653,0.258386920640609,0.01627481735555146,False
"Atividades de consultoria em gestão empresarial, exceto consultoria técnica específica",Comércio varejista de materiais de construção em geral,12,98,9,0.3093754865082675,0.008582272681884648,0.38208356515502584,0.023893247212231808,0.23559579575057277,0.016237759947058228,False
"Comércio varejista de mercadorias em geral, com predominância de produtos alimentícios - minimercados, mercearias e armazéns",Serviços de engenharia,130,17,7,0.1259199418346214,0.028455827859542277,0.15107929734283343,0.004017019688282817,0.4476907123870622,0.01623642377391255,False
Comercio varejista de artigos de armarinho,Comércio varejista de gás liqüefeito de petróleo (GLP),21,34,9,0.1086380128918976,0.03130586412800767,0.11260813725725038,0.0011222091099933307,0.47839462686324474,0.0162140366190005,False
Atividades de apoio à agricultura não especificadas anteriormente,Educação infantil - pré-escola,13,25,6,0.1738127461389158,0.01788914467947315,0.3070195257892203,0.014363122581254318,0.3237073941537433,0.016126133630363734,False
Comércio varejista de materiais de construção em geral,Cultivo de arroz,98,10,7,0.12476553108754763,0.020951571212377635,0.26216323215363624,0.011197367083590409,0.37912695041526356,0.016074469147984022,False
Atividades do Correio Nacional,Construção de edifícios,54,67,15,0.10844181127878931,-0.006338491570021081,0.42077958533494464,0.03837288316688459,0.12051121425283173,0.016017195798431756,False
"Comercio varejista de artigos de cama, mesa e banho",Comércio a varejo de pneumáticos e câmaras-de-ar,14,13,6,0.342673212761863,0.021158125266317693,0.21015690250279068,0.010779983974426888,0.34748385900529066,0.01596905462037229,False
Comércio varejista de artigos do vestuário e acessórios,Fabricação de produtos de panificação industrial,46,15,9,0.33291029743438233,0.03317942988248688,0.18038268561607085,-0.0014482744293495282,0.4756426865355525,0.015865577726568676,False
"Comercio varejista de artigos de cama, mesa e banho",Comércio varejista especializado de equipamentos de telefonia e comunicação,14,21,13,0.6996715311218066,0.02433420244121052,0.193738239952935,0.007333194946493176,0.3829634609750583,0.015833698693851848,False
Comércio a varejo de peças e acessórios novos para motocicletas e motonetas,Comércio atacadista de cereais e leguminosas beneficiados,26,13,6,0.42754913386152693,0.010283505211083281,0.32504620675531415,0.021097479507699343,0.2192566372893977,0.015690492359391312,False
Atividades de organizações religiosas,"Transporte rodoviário de carga, exceto produtos perigosos e mudanças, intermunicipal, interestadual e internacional",30,24,6,0.19894456706189875,0.031866449063839834,0.15382351086604146,-0.0005268376631502813,0.486207777337814,0.015669805700344777,False
Atividade médica ambulatorial com recursos para realização de exames complementares,Formação de condutores,15,19,9,0.5233164262128914,0.020658379962355766,0.18841013551896219,0.010637562470789402,0.36552929542446105,0.015647971216572583,False
Atividades de contabilidade,Serviços combinados de escritório e apoio administrativo,28,14,6,0.3629945644633498,-0.0024887978923891956,0.4653653379375617,0.03362603427124932,0.15898316044719613,0.015568618189430063,False
"Comércio varejista de produtos farmacêuticos, com manipulação de fórmulas",Serviços de comunicação multimídia - SCM,13,47,10,0.4966969007157722,0.011385801388005374,0.32688708424526747,0.01971506088732191,0.2250813497072175,0.015550431137663641,False
Comércio varejista de combustíveis para veículos automotores,Ensino fundamental,133,11,10,0.3392431432777272,0.030018608634121497,0.14673785697563335,0.0010580291794979582,0.48266759404593396,0.015538318906809727,False
"Comércio varejista de mercadorias em geral, com predominância de produtos alimentícios - supermercados",Formação de condutores,50,19,14,0.5416541383625868,0.018687137786883926,0.2591447771236726,0.012359380641812972,0.3361985234219674,0.01552325921434845,False
Atividades de organizações religiosas,Laboratórios clínicos,30,22,6,0.27483564105552444,0.012762798108793218,0.31889374365828244,0.01809033825962357,0.20601297006905872,0.015426568184208393,False
Comércio a varejo de pneumáticos e câmaras-de-ar,Serviços de engenharia,13,17,5,0.3944803488119533,0.020372126380175597,0.20450217188814462,0.010463305888781554,0.35866935567145347,0.015417716134478576,False
Comércio a varejo de peças e acessórios novos para veículos automotores,Comércio varejista de hortifrutigranjeiros,34,20,12,0.45316998213116544,0.0255585987791063,0.16946224363854018,0.005261539117985204,0.4139145619165274,0.015410068948545751,False
Comércio varejista de animais vivos e de artigos e alimentos para animais de estimação,"Comércio varejista de mercadorias em geral, com predominância de produtos alimentícios - minimercados, mercearias e armazéns",22,130,13,0.17408147554342415,0.004894874304533358,0.43512045365680396,0.02580313094435779,0.19702486471626895,0.015349002624445574,False
Comércio varejista de hortifrutigranjeiros,"Lanchonetes, casas de chá, de sucos e similares",20,32,15,0.591227722053939,0.014219968085670377,0.31672164741511977,0.016424050086035584,0.3200347461429142,0.01532200908585298,False
"Comércio varejista de cosméticos, produtos de perfumaria e de higiene pessoal",Criação de bovinos para corte,22,30,8,0.3460879078022421,0.01559161508325469,0.2819783922227079,0.014922623853672034,0.3304376160637136,0.015257119468463361,False
Casas lotéricas,Comércio varejista de artigos de óptica,51,26,11,0.3296560355726023,0.008454510764770145,0.4114704799372304,0.02183260557744218,0.21482039808860803,0.015143558171106162,False
Educação infantil - pré-escola,Hotéis,25,22,9,0.4181335035756819,-0.013802466208462632,0.3447132238217608,0.04398216457934495,0.1638241103604164,0.01508984918544116,False
Comércio a varejo de peças e acessórios novos para motocicletas e motonetas,"Comércio varejista de suvenires, bijuterias e artesanatos",26,10,5,0.43254539040198703,0.011389462997982174,0.30910188528155214,0.018785554477710808,0.23475602660032552,0.015087508737846492,False
"Lanchonetes, casas de chá, de sucos e similares","Lojas de variedades, exceto lojas de departamentos ou magazines",32,17,9,0.298224449017802,0.017263660529231714,0.3052525874867282,0.012842677615415295,0.3127963144309449,0.015053169072323505,False
"Comércio varejista de cosméticos, produtos de perfumaria e de higiene pessoal","Comércio varejista de produtos farmacêuticos, sem manipulação de fórmulas",22,156,19,0.38283425007443456,0.019025748085492553,0.2596824710035789,0.010998630767622872,0.341798386095181,0.015012189426557711,False
Atividades de contabilidade,Coleta de resíduos não-perigosos,28,11,8,0.462987386860431,0.007162024210870985,0.41474264686565027,0.02268833999961453,0.16887159549167297,0.014925182105242758,False
Coleta de resíduos não-perigosos,Comércio varejista de combustíveis para veículos automotores,11,133,9,0.2702759737643077,0.01077616835056701,0.3161406572928228,0.019060698879894488,0.22733804163508908,0.01491843361523075,False
Comércio varejista de hortifrutigranjeiros,"Transporte rodoviário de carga, exceto produtos perigosos e mudanças, intermunicipal, interestadual e internacional",20,24,12,0.6251056971115001,0.01394623760743869,0.31194865200415156,0.015754728887761752,0.2699900269162685,0.014850483247600221,False
"Atividades de consultoria em gestão empresarial, exceto consultoria técnica específica",Serviços de engenharia,12,17,6,0.5243573471664839,0.027733289506181712,0.14393710362250056,0.0019606086001618755,0.47956101349305547,0.014846949053171793,False
"Comércio varejista de mercadorias em geral, com predominância de produtos alimentícios - minimercados, mercearias e armazéns",Comércio varejista especializado de equipamentos de telefonia e comunicação,130,21,12,0.1453682780448977,0.02389050174853412,0.20785030847740854,0.005603898466178255,0.41439740921536183,0.014747200107356188,False
Cartórios,Criação de bovinos para corte,70,30,18,0.3893505279011023,0.017715995368053204,0.2792025625280812,0.011744830332213645,0.36635250694504684,0.014730412850133424,False
Comercio varejista de artigos de armarinho,Ensino fundamental,21,11,7,0.31837834993840913,0.02139412432776801,0.19753916620390877,0.008004980155541552,0.4014831413459692,0.01469955224165478,False
Atividades de contabilidade,"Comércio varejista de mercadorias em geral, com predominância de produtos alimentícios - hipermercados",28,12,5,0.4000685187372947,-0.0036590798005708093,0.43013279216447986,0.03301730518488131,0.15534410268803672,0.01467911269215525,False
"Atividades de consultoria em gestão empresarial, exceto consultoria técnica específica","Lanchonetes, casas de chá, de sucos e similares",12,32,9,0.5386359478058145,0.013508792908048725,0.29803860271820193,0.01584494603138011,0.3260744772554718,0.014676869469714417,False
Comércio varejista de hortifrutigranjeiros,"Comércio varejista de mercadorias em geral, com predominância de produtos alimentícios - minimercados, mercearias e armazéns",20,130,13,0.2002733846281249,0.01519697422893211,0.2900786377485351,0.013888330044424094,0.33098988354718745,0.014542652136678103,False
Comércio varejista de combustíveis para veículos automotores,"Comércio varejista de produtos farmacêuticos, com manipulação de fórmulas",133,13,11,0.35473907715709263,0.005727142996992026,0.4200113013928428,0.02303890938565141,0.1671757937452958,0.014383026191321719,False
"Comércio varejista de produtos farmacêuticos, sem manipulação de fórmulas",Fabricação de produtos de padaria e confeitaria com predominância de produção própria,156,26,21,0.35500049122100336,0.020584450117348684,0.23559876758853493,0.00814560259166738,0.3774293406653873,0.014365026354508032,False
"Aparelhamento de placas e execução de trabalhos em mármore, granito, ardósia e outras pedras",Padaria e confeitaria com predominância de revenda,14,26,7,0.503609961482734,-0.003152412013777284,0.4552963873166476,0.03187457493569041,0.1180430853616456,0.014361081460956562,False
Construção de edifícios,Formação de condutores,67,19,16,0.393800915119291,0.016377008670268766,0.3018199943349352,0.012111545702490636,0.35374437927400976,0.014244277186379701,False
Atividades de apoio à agricultura não especificadas anteriormente,Comércio varejista de materiais de construção em geral,13,98,12,0.33621482088156635,0.007734256001255839,0.42342020867172625,0.02066262135061864,0.23138529621316417,0.014198438675937241,False
Atividades de cobrança e informações cadastrais,Comércio varejista de bebidas,14,27,8,0.5149125648023506,0.0051042972874643525,0.3783854110170659,0.023231626339184942,0.1914980809702866,0.014167961813324647,False
"Comercio varejista de artigos de cama, mesa e banho",Fabricação de alimentos para animais,14,13,5,0.35549140954813985,0.006587580458508917,0.39053132127040713,0.02173697637409377,0.2139323058865636,0.014162278416301344,False
Fabricação de alimentos para animais,Serviços advocatícios,13,18,6,0.27877331493893254,0.0240408281278425,0.19862251530742842,0.004254525084088053,0.430516729159908,0.014147676605965276,False
Atividades de associações de defesa de direitos sociais,Casas lotéricas,19,51,8,0.14612520630608222,0.006988890566211336,0.39029322443040426,0.021182206853933957,0.24631787495441232,0.014085548710072646,False
Atividades de contabilidade,"Lojas de departamentos ou magazines, exceto lojas francas (Duty free)",28,39,12,0.20389148534317417,0.002285172732374617,0.46040832763129586,0.025844292575611192,0.20622015377043262,0.014064732653992905,False
Fabricação de produtos de padaria e confeitaria com predominância de produção própria,Serviços combinados de escritório e apoio administrativo,26,14,7,0.23900947462506777,0.012830335571783667,0.29493773811877494,0.015196228388185271,0.3443891422776941,0.01401328197998447,False
Comércio a varejo de pneumáticos e câmaras-de-ar,Fabricação de alimentos para animais,13,13,5,0.36580062688947085,0.0031095931081993027,0.4570946706360113,0.02483509101296409,0.18198646299067062,0.013972342060581698,False
Administração pública em geral,"Fabricação de artefatos de cerâmica e barro cozido para uso na construção, exceto azulejos e pisos",94,17,7,0.029006759697405415,-0.0007808454542186391,0.4770452921873192,0.028695956504256517,0.23772290668066948,0.013957555525018938,False
Fabricação de produtos de padaria e confeitaria com predominância de produção própria,Fabricação de produtos de panificação industrial,26,15,7,0.3711183635695079,0.01502838366658539,0.27830430920629423,0.012817998048421498,0.33646784679266495,0.013923190857503445,False
Comércio varejista especializado de eletrodomésticos e equipamentos de áudio e vídeo,Formação de condutores,20,19,7,0.38539038984462964,0.01399415680871173,0.35517721863069956,0.013821052128973756,0.3119983243218273,0.013907604468842743,False
Comércio varejista de carnes - açougues,Comércio varejista especializado de eletrodomésticos e equipamentos de áudio e vídeo,15,20,5,0.10037164833574058,0.00212526749019189,0.4597793123123049,0.025630086482103985,0.23785208752383247,0.013877676986147938,False
"Comércio varejista de mercadorias em geral, com predominância de produtos alimentícios - minimercados, mercearias e armazéns",Fabricação de produtos de panificação industrial,130,15,8,0.1188904186661258,0.02822419551562961,0.1546946597776775,-0.0005196684266310944,0.4895056531070846,0.013852263544499257,False
"Comercio varejista de artigos de cama, mesa e banho","Lojas de variedades, exceto lojas de departamentos ou magazines",14,17,9,0.48951322370767575,0.022922797775258498,0.23248694479058302,0.004762925226315033,0.4472196220141089,0.013842861500786766,False
Comércio a varejo de motocicletas e motonetas novas,Comércio varejista de artigos de papelaria,16,14,7,0.5632706915582829,-0.0015385607593760753,0.4468356942258901,0.029218265258721787,0.1428824608099915,0.013839852249672857,False
Comércio varejista de animais vivos e de artigos e alimentos para animais de estimação,Comércio varejista de calçados,22,22,10,0.31570859223782627,0.004018469603090375,0.45156204445302833,0.02347608795355601,0.1765296095964387,0.013747278778323192,False
Caixas econômicas,Comércio varejista especializado de eletrodomésticos e equipamentos de áudio e vídeo,12,20,5,0.25994863451632283,0.023207595837482733,0.1894756641954739,0.004058443310079953,0.4544419236475883,0.013633019573781343,False
Comércio varejista de gás liqüefeito de petróleo (GLP),Serviços de funerárias,34,22,8,0.11509115388615974,0.004028471034582375,0.43090787127131763,0.023177263389391148,0.16975475724531164,0.013602867211986761,False
Atividades de contabilidade,Comércio varejista de mercadorias em lojas de conveniência,28,11,8,0.5291192428194482,0.02354873078277871,0.19112442749451186,0.003623339061531643,0.4407677105946912,0.013586034922155177,False
Comércio varejista de bebidas,Comércio varejista de hortifrutigranjeiros,27,20,12,0.5835325730282218,0.01765729963123174,0.27570576641802425,0.00950558336643262,0.36500004456466617,0.01358144149883218,False
Construção de edifícios,Provedores de acesso às redes de comunicações,67,10,8,0.30153684578702744,0.019550285993368794,0.2753864604417124,0.007575695548335995,0.4230530952172772,0.013562990770852395,False
Atividades de cobrança e informações cadastrais,Fabricação de produtos de panificação industrial,14,15,7,0.6606007881755545,0.004136964579196429,0.42938477351793153,0.022986351977643985,0.18960280513291633,0.013561658278420208,False
Casas lotéricas,Ensino fundamental,51,11,6,0.0976785878705333,0.023571074190716322,0.2306783963114088,0.0035114082262320528,0.43008985439622277,0.013541241208474188,False
Comércio varejista de materiais de construção em geral,Comércio varejista especializado de equipamentos e suprimentos de informática,98,13,8,0.2046535820758066,-0.00867044652066526,0.38761110650023894,0.03569809865920516,0.13108482204159316,0.01351382606926995,False
Atividades de organizações religiosas,Fabricação de produtos de padaria e confeitaria com predominância de produção própria,30,26,8,0.3039118106929213,0.02691727414675507,0.1741250431749261,4.430343710210429e-05,0.48424025858875863,0.013480788791928587,False
Comércio varejista de madeira e artefatos,Comércio varejista de mercadorias em lojas de conveniência,15,11,6,0.5865071485385231,0.021442210283343716,0.22136568611696533,0.0054193070207956846,0.410634824043163,0.013430758652069701,False
Atividade odontológica com recursos para realização de procedimentos cirúrgicos,Serviços combinados de escritório e apoio administrativo,39,14,10,0.5312689247450794,-0.02051875202905203,0.2087738377050457,0.0473262498440871,0.09689863672781207,0.013403748907517535,False
Ensino fundamental,Serviços de comunicação multimídia - SCM,11,47,6,0.3092814509582252,-0.00062891262551411,0.4921717529876254,0.02741423782884506,0.14556294820966753,0.013392662601665474,False
"Comercio varejista de artigos de cama, mesa e banho","Comércio varejista de produtos farmacêuticos, com manipulação de fórmulas",14,13,9,0.5005647662831694,0.031334075762971994,0.12889508338690658,-0.004770275567717952,0.4178785172406853,0.01328190009762702,False
"Comércio varejista de cosméticos, produtos de perfumaria e de higiene pessoal","Comércio varejista de mercadorias em geral, com predominância de produtos alimentícios - supermercados",22,50,16,0.4761491403306073,0.017557088992190332,0.2670770868560686,0.008809898469881986,0.3945727482773444,0.01318349373103616,False
Formação de condutores,Serviços de manutenção e reparação mecânica de veículos automotores,19,14,8,0.532404023964607,0.011457643126155168,0.3509700465378963,0.014869300296074875,0.26397926350406065,0.01316347171111502,False
Comércio varejista de combustíveis para veículos automotores,Hotéis,133,22,18,0.2994710531073134,-0.009064415975880487,0.3762428992329051,0.035316910381365293,0.19269970554456733,0.013126247202742403,False
Comércio a varejo de peças e acessórios novos para motocicletas e motonetas,Fabricação de produtos de panificação industrial,26,15,7,0.5479214783068584,0.009263647736518882,0.3722276607401312,0.016929695333092264,0.27842907301388153,0.013096671534805572,False
Cartórios,"Transporte rodoviário de carga, exceto produtos perigosos e mudanças, intermunicipal, interestadual e internacional",70,24,18,0.3798998059076895,0.018587870494907933,0.26372776875136195,0.007422911870070975,0.38638891600825476,0.013005391182489454,False
"Atividades de atendimento hospitalar, exceto pronto-socorro e unidades para atendimento a urgências",Serviços combinados de escritório e apoio administrativo,12,14,5,0.4088867684556739,-0.025502044829737457,0.1505191362659657,0.051485847618989417,0.08441135680765827,0.01299190139462598,False
Atividade odontológica com recursos para realização de procedimentos cirúrgicos,"Lojas de departamentos ou magazines, exceto lojas francas (Duty free)",39,39,13,0.18876515794672533,0.008554764201841652,0.38505586548936827,0.01741256932674942,0.2669511911005308,0.012983666764295534,False
Atividades de condicionamento físico,Fabricação de móveis com predominância de madeira,22,15,11,0.6254309990660647,0.015222057067787257,0.2825640975238851,0.010645905036080212,0.3390339474067882,0.012933981051933736,False
Comércio a varejo de peças e acessórios novos para motocicletas e motonetas,"Transporte rodoviário de carga, exceto produtos perigosos e mudanças, intermunicipal, interestadual e internacional",26,24,10,0.5089243642166207,0.0026712517728611257,0.46705246259293975,0.02313590648860381,0.22303536095882975,0.012903579130732468,False
Comércio varejista de gás liqüefeito de petróleo (GLP),Serviços de comunicação multimídia - SCM,34,47,14,0.3235159549286202,0.023008617211681334,0.2252267622265956,0.002797057402161917,0.42355960269946125,0.012902837306921626,False
Comércio varejista de combustíveis para veículos automotores,Fabricação de produtos de padaria e confeitaria com predominância de produção própria,133,26,21,0.3599773643016981,0.011410055974365209,0.3447731956282889,0.014382490777545547,0.2637377021257923,0.012896273375955378,False
"Comércio atacadista de mercadorias em geral, com predominância de produtos alimentícios",Serviços de manutenção e reparação mecânica de veículos automotores,12,14,5,0.65445382541945,0.03444807144993878,0.1088599511769438,-0.008721175711116974,0.3543165656215818,0.012863447869410901,False
Atividades de condicionamento físico,"Comercio varejista de artigos de cama, mesa e banho",22,14,9,0.5663292066328842,0.005195249004825877,0.4081798643684977,0.020518098295924155,0.2351250413958395,0.012856673650375017,False
Comércio varejista de madeira e artefatos,Comércio varejista especializado de equipamentos de telefonia e comunicação,15,21,10,0.6046809572651356,0.008906558475136345,0.3849996352888072,0.01666342405533423,0.26607652557369865,0.012784991265235288,False
Atividades do Correio Nacional,Serviços de comunicação multimídia - SCM,54,47,12,0.031107852816389902,0.01096948794876294,0.35850088513229517,0.014600475038057982,0.2722611427367194,0.012784981493410461,False
Casas lotéricas,Serviços de comunicação multimídia - SCM,51,47,17,0.1570212925633691,0.027982518040781213,0.19634860455283004,-0.0024502094418235986,0.4541727931090696,0.012766154299478808,False
Atividades de contabilidade,"Comércio varejista de mercadorias em geral, com predominância de produtos alimentícios - minimercados, mercearias e armazéns",28,130,16,0.2435367146653429,0.003534410320666316,0.43951261429247673,0.02198426918815533,0.23346410661119882,0.012759339754410822,False
"Lojas de departamentos ou magazines, exceto lojas francas (Duty free)",Serviços advocatícios,39,18,6,0.07216572360110106,0.018643540370616586,0.2606724934701866,0.006707399487218054,0.3850546355938044,0.01267546992891732,False
Comércio a varejo de peças e acessórios novos para veículos automotores,Ensino fundamental,34,11,5,0.09730359681792848,0.025494036768828592,0.1595147878812812,-0.0003005729450575578,0.4944106345474738,0.012596731911885517,False
"Comércio varejista de produtos farmacêuticos, com manipulação de fórmulas",Formação de condutores,13,19,7,0.43748743995836636,0.014873879012953405,0.25785189832839434,0.01029919906360205,0.3748604510116089,0.012586539038277727,False
"Comércio varejista de produtos farmacêuticos, sem manipulação de fórmulas",Comércio varejista especializado de equipamentos e suprimentos de informática,156,13,12,0.32043939182153636,-0.00159685851060532,0.48317775374741234,0.02676895785443316,0.19173687601526312,0.012586049671913919,False
Comércio a varejo de peças e acessórios novos para motocicletas e motonetas,Serviços de engenharia,26,17,8,0.5482246687258635,0.013312944423467176,0.3080890219031332,0.011854494599369736,0.3308203805497877,0.012583719511418456,False
Atividades de contabilidade,Cartórios,28,70,19,0.2575114073558676,0.011697360259564317,0.32382133969980165,0.013468812656101939,0.32775192735238345,0.012583086457833128,False
Comércio varejista especializado de equipamentos de telefonia e comunicação,Ensino fundamental,21,11,6,0.38343969060895494,0.02767083898864244,0.1662161343066404,-0.002708298501437168,0.4746078381302078,0.012481270243602635,False
Comércio varejista de calçados,"Obras de urbanização - ruas, praças e calçadas",22,13,5,0.2403477430510788,0.015266010194768007,0.26949071714384176,0.00965040961209244,0.38662631781963497,0.012458209903430224,False
"Comércio varejista de cosméticos, produtos de perfumaria e de higiene pessoal",Comércio varejista de materiais de construção em geral,22,98,18,0.4873391301201598,0.00699365951755317,0.4060042287887535,0.01791336653032415,0.26147965415137264,0.01245351302393866,False
Comércio varejista de animais vivos e de artigos e alimentos para animais de estimação,Laboratórios clínicos,22,22,9,0.2843016900386771,0.002324593924857307,0.46620693875577945,0.02256649701145398,0.16679956936324558,0.012445545468155645,False
Atividades de cobrança e informações cadastrais,Formação de condutores,14,19,7,0.3449487373709849,0.013985084838352453,0.28489044761229154,0.01086548294295925,0.3565051375376033,0.012425283890655852,False
"Lanchonetes, casas de chá, de sucos e similares",Serviços de manutenção e reparação mecânica de veículos automotores,32,14,12,0.7042964873931027,0.03233871415045719,0.13394365402013225,-0.0075142221065586145,0.3921329885370196,0.01241224602194929,False
"Comércio varejista de cosméticos, produtos de perfumaria e de higiene pessoal",Ensino fundamental,22,11,5,0.12425153771148345,0.025465245967881443,0.19135475862344836,-0.0006437376806236446,0.4893549003526746,0.012410754143628898,False
Comércio atacadista de cereais e leguminosas beneficiados,Comércio varejista de artigos de óptica,13,26,9,0.5096779278562715,0.007233953460487448,0.3795819129582044,0.017451541239372686,0.27316647269310085,0.012342747349930067,False
"Bancos múltiplos, com carteira comercial",Comércio varejista de artigos de óptica,11,26,5,0.20235345072925798,0.006591218641397412,0.40547163786152796,0.018051748654633375,0.255427757648034,0.012321483648015392,False
Comércio a varejo de peças e acessórios novos para motocicletas e motonetas,Comércio varejista especializado de equipamentos de telefonia e comunicação,26,21,12,0.63596938559585,0.001835315393450563,0.4655521586034357,0.022763757875059017,0.20737851308648908,0.01229953663425479,False
Comércio a varejo de peças e acessórios novos para motocicletas e motonetas,"Comércio varejista de produtos farmacêuticos, com manipulação de fórmulas",26,13,7,0.5961297406663961,0.014223654754034986,0.3062336245541016,0.01030290165469606,0.3677575625061089,0.012263278204365523,False
Comércio varejista de bebidas,Fabricação de produtos de padaria e confeitaria com predominância de produção própria,27,26,11,0.43531926038651664,0.02045524089691787,0.2415204146032967,0.004062308993145495,0.4339488689717295,0.012258774945031681,False
Atividade médica ambulatorial restrita a consultas,"Lojas de variedades, exceto lojas de departamentos ou magazines",18,17,7,0.3000537828142768,0.011285748981881668,0.31337828212167207,0.013221351687263945,0.2987603556847661,0.012253550334572805,False
"Comércio varejista de produtos farmacêuticos, com manipulação de fórmulas",Comércio varejista especializado de equipamentos de telefonia e comunicação,13,21,12,0.7582408302497203,0.0031800012064307384,0.44200336281867275,0.021308156782542283,0.22202387058505585,0.01224407899448651,False
Comércio a varejo de peças e acessórios novos para motocicletas e motonetas,"Comércio varejista de mercadorias em geral, com predominância de produtos alimentícios - supermercados",26,50,15,0.4978085573255607,0.004921988184464991,0.41666394757722347,0.019525091609576113,0.2516418158683873,0.012223539897020552,False
Comércio varejista de bebidas,Serviços advocatícios,27,18,9,0.47598831937184716,0.02719903074471962,0.19116345890584419,-0.002753279049895606,0.4639235876820732,0.012222875847412006,False
Administração pública em geral,"Comércio varejista de mercadorias em geral, com predominância de produtos alimentícios - minimercados, mercearias e armazéns",94,130,53,0.05155922427012263,0.005466828016091142,0.46215365361354455,0.0186264700611919,0.2691997115075263,0.012046649038641522,False
Comércio a varejo de peças e acessórios novos para motocicletas e motonetas,Comércio a varejo de peças e acessórios novos para veículos automotores,26,34,14,0.3389732773027188,-0.005222203267491247,0.40631947817926317,0.029040974777084137,0.11277269842712495,0.011909385754796446,False
"Comércio varejista de mercadorias em geral, com predominância de produtos alimentícios - hipermercados","Comércio varejista de mercadorias em geral, com predominância de produtos alimentícios - minimercados, mercearias e armazéns",12,130,5,0.07214129172399156,0.00857881862390912,0.4109760162950963,0.01519147698970554,0.29806308637285694,0.011885147806807331,False
Atividade médica ambulatorial com recursos para realização de exames complementares,Criação de bovinos para corte,15,30,7,0.1942981025569505,0.0017766420427223156,0.4657427047465331,0.021847843039412104,0.2834773409884924,0.01181224254106721,False
Comércio varejista de produtos alimentícios em geral ou especializado em produtos alimentícios não especificados anteriormente,"Lojas de variedades, exceto lojas de departamentos ou magazines",20,17,6,0.20844957016691995,0.01849310614670925,0.23470551680424168,0.005112810690087246,0.4289066358053938,0.011802958418398249,False
Comércio varejista de ferragens e ferramentas,Comércio varejista especializado de equipamentos e suprimentos de informática,12,13,7,0.39407229390655485,-0.005755410110783202,0.3948222453398488,0.029230315704036985,0.18826390982122643,0.011737452796626892,False
Caixas econômicas,Comércio a varejo de peças e acessórios novos para veículos automotores,12,34,9,0.42236760140371127,0.008252465490127104,0.3834500137022254,0.015207675212874515,0.28151812824421685,0.01173007035150081,False
"Comércio atacadista de mercadorias em geral, com predominância de produtos alimentícios","Transporte rodoviário de carga, exceto produtos perigosos e mudanças, intermunicipal, interestadual e internacional",12,24,7,0.5266693262964611,0.0185223906616255,0.27641567869900363,0.0048656988875755295,0.43192224447344946,0.011694044774600515,False
"Bancos múltiplos, com carteira comercial","Lojas de departamentos ou magazines, exceto lojas francas (Duty free)",11,39,8,0.2944374351426399,0.0011844971701547443,0.4714288604174906,0.02219138941177112,0.23002300444757834,0.011687943290962932,False
Cartórios,Restaurantes e similares,70,37,26,0.5006452476783835,-0.002488484095681265,0.4765164993997075,0.02573293053667222,0.23221498389875506,0.011622223220495479,False
Comércio varejista de materiais de construção em geral,Serviços de comunicação multimídia - SCM,98,47,34,0.48839640966007114,0.026316355741143153,0.1952171551669552,-0.0031383158619764074,0.4409373606463579,0.011589019939583374,False
"Comércio varejista de mercadorias em geral, com predominância de produtos alimentícios - minimercados, mercearias e armazéns",Fabricação de alimentos para animais,130,13,7,0.06104311972261971,0.012229198908216487,0.324292807806693,0.010865266308018083,0.3356897858725636,0.011547232608117285,False
Comércio a varejo de peças e acessórios novos para veículos automotores,"Comércio varejista de produtos farmacêuticos, com manipulação de fórmulas",34,13,8,0.40181390149647794,0.026881950426773205,0.13620025240792327,-0.0037930423679734316,0.43211976543308017,0.011544454029399886,False
Atividades de cobrança e informações cadastrais,"Comercio varejista de artigos de cama, mesa e banho",14,14,8,0.6550021200853245,0.001437089429991292,0.4861497320836501,0.02158566570682358,0.21082552034085855,0.011511377568407435,False
"Comércio varejista de cosméticos, produtos de perfumaria e de higiene pessoal",Fabricação de alimentos para animais,22,13,10,0.6142501292857151,0.006028505422463331,0.4248890984588693,0.01697892719414666,0.23863486898372238,0.011503716308304995,False
Comércio varejista de produtos alimentícios em geral ou especializado em produtos alimentícios não especificados anteriormente,Fabricação de produtos de panificação industrial,20,15,6,0.6213381780112872,-5.802541345800666e-05,0.4953804726544113,0.02303490640941349,0.19922050352474463,0.011488440497977741,False
"Atividades de consultoria em gestão empresarial, exceto consultoria técnica específica",Formação de condutores,12,19,5,0.3447733391310585,0.015886452133646155,0.2521929568611414,0.0069909019631394596,0.411286416906653,0.011438677048392808,False
Comércio varejista de medicamentos veterinários,Comércio varejista especializado de equipamentos e suprimentos de informática,26,13,7,0.39558697154436,0.016135598812490923,0.2826294395411575,0.006714651812930919,0.4230739739291434,0.011425125312710921,False
Comércio a varejo de motocicletas e motonetas novas,"Lojas de departamentos ou magazines, exceto lojas francas (Duty free)",16,39,5,0.08695690157879662,0.002123883564092278,0.46344820138763104,0.020269801282677323,0.24384141833346623,0.011196842423384801,False
Fabricação de produtos de padaria e confeitaria com predominância de produção própria,Padaria e confeitaria com predominância de revenda,26,26,8,0.2572607039508177,0.012739747109490163,0.31335017339064175,0.009603244605701907,0.37730639846474145,0.011171495857596036,False
Caixas econômicas,"Transporte rodoviário de carga, exceto produtos perigosos e mudanças, intermunicipal, interestadual e internacional",12,24,6,0.2585860942204531,0.024578235573461386,0.16878247781731526,-0.002715990170641533,0.45309352132603986,0.010931122701409926,False
"Comercio varejista de artigos de cama, mesa e banho",Comércio varejista de hortifrutigranjeiros,14,20,6,0.27060044714433656,0.02173827156986744,0.2053867531830771,9.007346035302942e-05,0.49338076211888815,0.010914172515110235,False
Atividades de contabilidade,Serviços de engenharia,28,17,10,0.5688971019180444,0.014760507064313528,0.3013209494884478,0.007058750323087912,0.3879523892502438,0.01090962869370072,False
Comércio a varejo de motocicletas e motonetas novas,"Comércio atacadista de mercadorias em geral, com predominância de produtos alimentícios",16,12,6,0.4740670601431183,-0.007987824012248977,0.34594286694216125,0.029603643465696224,0.17880604235209724,0.010807909726723623,False
Atividades de associações de defesa de direitos sociais,"Lojas de variedades, exceto lojas de departamentos ou magazines",19,17,6,0.23120581562519943,0.01803709476867857,0.2770408508614669,0.0035459469505354094,0.44443780108734077,0.010791520859606989,False
"Comercio varejista de artigos de cama, mesa e banho",Criação de bovinos para corte,14,30,6,0.16427444842248454,0.0063626405610131545,0.43738399430859864,0.015212899367800502,0.3565396392070125,0.010787769964406828,False
"Bancos múltiplos, com carteira comercial","Comércio varejista de mercadorias em geral, com predominância de produtos alimentícios - minimercados, mercearias e armazéns",11,130,7,0.05470639291221831,0.01833469385182752,0.24083800650555537,0.0032232059641979947,0.4452339456516824,0.010778949908012758,False
Comércio varejista de móveis,Comércio varejista especializado de equipamentos e suprimentos de informática,74,13,7,0.23920550012957556,0.02087253794670466,0.2606219833977207,0.000403518464664266,0.48832182530290696,0.010638028205684463,False
Formação de condutores,Serviços advocatícios,19,18,8,0.4698615830533705,0.002982296317753579,0.4697095116981912,0.01827564828323458,0.26106573111997783,0.01062897230049408,False
Atividades de organizações religiosas,Cartórios,30,70,18,0.3195939791890707,0.021177519665742054,0.22087058103267526,1.0731805661999742e-05,0.48932869295386994,0.010594125735702026,False
Atividades de contabilidade,"Transporte rodoviário de carga, exceto produtos perigosos e mudanças, intermunicipal, interestadual e internacional",28,24,11,0.48526562833313236,0.007338147300551444,0.3574227499364944,0.013843613511920675,0.30526052249287283,0.010590880406236059,False
"Aparelhamento de placas e execução de trabalhos em mármore, granito, ardósia e outras pedras",Fabricação de alimentos para animais,14,13,6,0.3768645754079332,0.0017730978499990886,0.49221954473590884,0.019185814832202188,0.2283473306146131,0.010479456341100639,False
Fabricação de produtos de panificação industrial,Serviços de engenharia,15,17,5,0.5092880490674502,0.016483260994945202,0.2947735872998052,0.004249072919092375,0.46885379683971984,0.010366166957018788,False
Comércio varejista de produtos alimentícios em geral ou especializado em produtos alimentícios não especificados anteriormente,Comércio varejista especializado de equipamentos de telefonia e comunicação,20,21,12,0.7843008075607434,0.004524901371782708,0.432294308045577,0.016203293954405448,0.30480140846392245,0.010364097663094079,False
Comércio varejista de artigos de papelaria,Laboratórios clínicos,14,22,6,0.31584727045462063,0.005010137881228001,0.44598594625173504,0.015301304207272671,0.2664431350545194,0.010155721044250336,False
"Comercio varejista de artigos de cama, mesa e banho","Comércio atacadista de mercadorias em geral, com predominância de produtos alimentícios",14,12,6,0.49341009479456743,0.012670437546000588,0.33050585127901116,0.007601514634417797,0.39202680688777425,0.010135976090209192,False
Comércio varejista de hortifrutigranjeiros,Restaurantes e similares,20,37,15,0.5714968488070126,0.00217528601327972,0.47884981687352896,0.01775424490557513,0.2880541425780364,0.009964765459427425,False
Atividades de associações de defesa de direitos sociais,Comércio varejista especializado de equipamentos de telefonia e comunicação,19,21,9,0.5738766398334988,-0.0028189958662864366,0.44831213268005315,0.022656435197243464,0.2008698054767709,0.009918719665478514,False
Atividades de condicionamento físico,Comércio varejista de mercadorias em lojas de conveniência,22,11,7,0.5978894509228062,0.014328888308366662,0.27569240655064675,0.005496348996594849,0.4127833337106905,0.009912618652480755,False
Comércio atacadista de cereais e leguminosas beneficiados,Comércio varejista de animais vivos e de artigos e alimentos para animais de estimação,13,22,5,0.3431072097612784,0.00978285430330038,0.32901728521101836,0.00998132988045246,0.38895635587679434,0.00988209209187642,False
Laboratórios clínicos,Serviços de engenharia,22,17,8,0.2684803769337035,0.015159043708929783,0.23950827007152886,0.004288330524750824,0.39672729598940065,0.009723687116840303,False
Atividades de contabilidade,Fabricação de móveis com predominância de madeira,28,15,9,0.4579729369252169,0.011746869104570032,0.3312587147099012,0.00752078692145,0.4172093812545863,0.009633828013010015,False
Comércio varejista de combustíveis para veículos automotores,"Lojas de departamentos ou magazines, exceto lojas francas (Duty free)",133,39,33,0.3436398885451639,0.0035225968313591467,0.44787313628029324,0.01563499627012352,0.28632872469946447,0.009578796550741333,False
Comércio varejista de bebidas,Comércio varejista de carnes - açougues,27,15,7,0.5280640827258877,0.036062328785678985,0.11070512237284502,-0.01692761977002642,0.2351472572649535,0.009567354507826283,False
Comércio varejista de hortifrutigranjeiros,"Comércio varejista de suvenires, bijuterias e artesanatos",20,10,7,0.48338569173696144,0.010266137511098375,0.3723366593161524,0.00879247886152869,0.3568477813842674,0.009529308186313533,False
Atividades de contabilidade,"Comércio varejista de mercadorias em geral, com predominância de produtos alimentícios - supermercados",28,50,19,0.5822512191741579,0.014250490192726981,0.288602692741329,0.004561238707738979,0.4204049857298378,0.00940586445023298,False
Atividade odontológica com recursos para realização de procedimentos cirúrgicos,Construção de edifícios,39,67,30,0.49238840973146814,0.00103997210031429,0.49726360609776166,0.01776872825339872,0.2765925369574651,0.009404350176856504,False
Comércio a varejo de peças e acessórios novos para motocicletas e motonetas,"Comércio varejista de mercadorias em geral, com predominância de produtos alimentícios - minimercados, mercearias e armazéns",26,130,20,0.2503128941125614,0.0001369143198266163,0.49198816686897795,0.018642464549901653,0.26169909488155385,0.009389689434864134,False
Comércio varejista de bebidas,Fabricação de móveis com predominância de madeira,27,15,10,0.2617423662892794,0.008571111937394498,0.40065283529021545,0.010183220157013331,0.375176851718071,0.009377166047203914,False
Atividades de contabilidade,Comércio a varejo de pneumáticos e câmaras-de-ar,28,13,11,0.6077062092365026,0.00632599547685373,0.4048654178230946,0.01217103770324562,0.30521213668275027,0.009248516590049676,False
Fabricação de móveis com predominância de madeira,Fabricação de produtos de padaria e confeitaria com predominância de produção própria,15,26,10,0.48795739797055804,0.010194089622478066,0.3910305554372966,0.008205787415788413,0.3775545324866861,0.00919993851913324,False
Atividades de condicionamento físico,Fabricação de produtos de panificação industrial,22,15,9,0.7158692214230821,0.004139048976552412,0.4208239465864073,0.014234843296732736,0.3071607968967687,0.009186946136642574,False
"Comércio varejista de mercadorias em geral, com predominância de produtos alimentícios - supermercados",Fabricação de móveis com predominância de madeira,50,15,13,0.5173181685102273,0.006978067253458248,0.380882257865152,0.011341569204087012,0.342708997722615,0.00915981822877263,False
Comércio varejista de carnes - açougues,"Lojas de variedades, exceto lojas de departamentos ou magazines",15,17,6,0.224727395996022,0.0001800305250252382,0.4946509146411938,0.018134538774133215,0.22937788389576397,0.009157284649579227,False
Coleta de resíduos não-perigosos,Serviços de comunicação multimídia - SCM,11,47,5,0.24118368435350532,0.006272067568373942,0.3902581815643371,0.012020010719314174,0.31077293689187424,0.009146039143844058,False
Atividades do Correio Nacional,Comércio varejista especializado de eletrodomésticos e equipamentos de áudio e vídeo,54,20,11,0.25997582258616375,0.002786670836726279,0.46136487134263254,0.015044380688831571,0.32550928749490304,0.008915525762778926,False
Comércio varejista especializado de equipamentos de telefonia e comunicação,Formação de condutores,21,19,9,0.4758625757584179,0.013050627798645546,0.3162799892734373,0.004720854532373851,0.4395044687100963,0.008885741165509699,False
Coleta de resíduos não-perigosos,Comércio varejista de calçados,11,22,5,0.18751133255832808,0.008051748005751152,0.3727661929470738,0.009550422545359535,0.35758752462014654,0.008801085275555343,False
Comércio varejista de animais vivos e de artigos e alimentos para animais de estimação,Comércio varejista de artigos de óptica,22,26,9,0.2707159677076502,-0.008878920248816475,0.3824872129932075,0.02636464162280785,0.17100904522098703,0.008742860686995688,False
Comércio varejista de calçados,"Lojas de variedades, exceto lojas de departamentos ou magazines",22,17,5,0.236857739761847,0.011396255588796644,0.3201112738492695,0.006084735872141098,0.3980418450512282,0.00874049573046887,False
Cartórios,Comércio varejista de ferragens e ferramentas,70,12,9,0.3695721775139505,0.015156072775822687,0.3067021846749428,0.0022249707116805753,0.469571115263676,0.008690521743751631,False
Comércio varejista de combustíveis para veículos automotores,Fabricação de móveis com predominância de madeira,133,15,12,0.21897531693505795,-0.001944885100539672,0.48052942350141536,0.01931725822754611,0.2736753556312214,0.00868618656350322,False
Comércio atacadista de cereais e leguminosas beneficiados,"Lanchonetes, casas de chá, de sucos e similares",13,32,8,0.5090278299071919,0.005489069693988711,0.4064173520490615,0.01187536322088731,0.3518979238188913,0.00868221645743801,False
Cartórios,Fabricação de produtos de panificação industrial,70,15,13,0.33925740143966365,0.01384439587360173,0.2926314712680229,0.0034911870605191866,0.457934442644479,0.008667791467060457,False
Fabricação de alimentos para animais,Fabricação de produtos de padaria e confeitaria com predominância de produção própria,13,26,6,0.33389261553894667,0.016884392881333306,0.2648936645868992,0.000414893009689256,0.49537430518041703,0.008649642945511281,False
Casas lotéricas,Hotéis,51,22,8,0.1995791945713832,-0.0021837402917705005,0.45895408179846936,0.019464771535531028,0.32197737622781375,0.008640515621880264,False
Comércio a varejo de peças e acessórios novos para veículos automotores,Comércio a varejo de pneumáticos e câmaras-de-ar,34,13,10,0.41504487117272526,0.016514771105670494,0.2558225796549518,0.0007197939174945529,0.48532412789232804,0.008617282511582523,False
Comércio varejista de artigos de papelaria,"Transporte rodoviário de carga, exceto produtos perigosos e mudanças, intermunicipal, interestadual e internacional",14,24,8,0.5728254895598683,0.01259751988610037,0.32657884677646837,0.004613328629555896,0.4269191402216821,0.008605424257828133,False
Atividade médica ambulatorial restrita a consultas,Fabricação de alimentos para animais,18,13,6,0.35017614547902154,-0.006925240443614437,0.39714624588708514,0.024078786755173526,0.18123304372330995,0.008576773155779545,False
Comércio varejista de ferragens e ferramentas,Comércio varejista de materiais de construção em geral,12,98,8,0.3073447119029745,0.007890335180528353,0.3814559686190412,0.009261964688197908,0.3756593125422503,0.00857614993436313,False
Cartórios,Casas lotéricas,70,51,27,0.36135386074491127,0.010571531500822844,0.3909213739977494,0.006496075147817543,0.4171126705235571,0.008533803324320193,False
Comércio varejista especializado de equipamentos de telefonia e comunicação,Fabricação de produtos de panificação industrial,21,15,9,0.7435594544452713,0.008467299823441608,0.37494712480686565,0.00856439929500285,0.37502518126992657,0.00851584955922223,False
"Comércio varejista de cosméticos, produtos de perfumaria e de higiene pessoal","Comércio varejista de produtos farmacêuticos, com manipulação de fórmulas",22,13,8,0.38827827494192485,0.023188794943452187,0.21870348895623476,-0.006460340525465202,0.38195463465966395,0.008364227208993493,False
Comércio varejista de bebidas,Comércio varejista de medicamentos veterinários,27,26,9,0.41623324267101053,0.020608032055952186,0.2476615570641909,-0.0038913671713331375,0.4436843476152533,0.008358332442309524,False
Cartórios,Comércio varejista especializado de equipamentos de telefonia e comunicação,70,21,17,0.4366913721481507,0.009367235040293092,0.35895632976913994,0.0072670760722815435,0.41376178791518947,0.008317155556287318,False
Comércio a varejo de pneumáticos e câmaras-de-ar,"Comércio atacadista de mercadorias em geral, com predominância de produtos alimentícios",13,12,6,0.646732523213695,-0.0016204942081820598,0.4579233881334397,0.01821783793048482,0.2503372107525591,0.00829867186115138,False
Caixas econômicas,Formação de condutores,12,19,9,0.6043837516845834,0.01023320815606286,0.31359075148005466,0.006344244009343019,0.4296486160635517,0.00828872608270294,False
Comércio a varejo de pneumáticos e câmaras-de-ar,Educação infantil - pré-escola,13,25,9,0.5410565772912511,0.0032665444289249985,0.44824186303925145,0.013141762471110909,0.3346239067938885,0.008204153450017954,False
Administração pública em geral,Cultivo de soja,94,21,6,-0.051392165391992525,0.019406937073978708,0.28205855891704956,-0.003080220193621539,0.4845880069512372,0.008163358440178584,False
"Atividades de consultoria em gestão empresarial, exceto consultoria técnica específica",Comércio varejista de produtos alimentícios em geral ou especializado em produtos alimentícios não especificados anteriormente,12,20,7,0.6703606709610801,0.02158856094688528,0.1838882459200057,-0.005316685440632298,0.4290891449764198,0.008135937753126491,False
Comércio a varejo de motocicletas e motonetas novas,"Comércio varejista de mercadorias em geral, com predominância de produtos alimentícios - minimercados, mercearias e armazéns",16,130,10,0.20094410271469304,0.0038410392058377844,0.4364796167981135,0.012383081032834404,0.3213345199200375,0.008112060119336094,False
Atividades de cobrança e informações cadastrais,Coleta de resíduos não-perigosos,14,11,6,0.3976999734067875,0.0014086576199889914,0.4908181722920078,0.014792367785807736,0.2721718829849268,0.008100512702898363,False
Atividades do Correio Nacional,Comércio varejista de materiais de construção em geral,54,98,29,0.13665645217894395,0.011071629403363807,0.35693319540791,0.005073249969933741,0.4527147287330931,0.008072439686648773,False
Comércio varejista especializado de equipamentos de telefonia e comunicação,Fabricação de águas envasadas,21,11,5,0.42929093020045506,0.023230638268649222,0.19375942876851782,-0.007167149060102823,0.39518753114737337,0.0080317446042732,False
Comércio varejista de madeira e artefatos,Comércio varejista de produtos alimentícios em geral ou especializado em produtos alimentícios não especificados anteriormente,15,20,6,0.49647803477506436,0.010381596978716802,0.332244929431847,0.0056410335691011275,0.42885636509681435,0.008011315273908965,False
"Comércio varejista de mercadorias em geral, com predominância de produtos alimentícios - minimercados, mercearias e armazéns",Formação de condutores,130,19,11,0.0724695957591697,0.00585360754779022,0.4161266671613157,0.010142467771872629,0.3578470456865772,0.007998037659831425,False
Casas lotéricas,"Comércio varejista de mercadorias em geral, com predominância de produtos alimentícios - supermercados",51,50,18,0.29979212694314433,0.022187606944230904,0.24912413621972967,-0.00625162763338751,0.3974338677539704,0.007967989655421698,False
Fabricação de águas envasadas,"Lanchonetes, casas de chá, de sucos e similares",11,32,5,0.32758050180228543,-0.011978315951010041,0.33991473395738164,0.027847062918016714,0.19536402206239684,0.007934373483503336,False
Comércio a varejo de pneumáticos e câmaras-de-ar,"Lanchonetes, casas de chá, de sucos e similares",13,32,10,0.49736144448143776,0.003355303850550684,0.43717511427192823,0.012505348388544668,0.35582746654542774,0.007930326119547675,False
"Comércio atacadista de mercadorias em geral, com predominância de produtos alimentícios",Comércio varejista de hortifrutigranjeiros,12,20,5,0.3688388984262452,0.014396697712594404,0.30115680259903155,0.0013432581808831773,0.48839647009290765,0.00786997794673879,False
Atividades de organizações religiosas,Comércio varejista de tecidos,30,10,5,0.42372277436744904,0.023249870269523628,0.211317687043315,-0.007584394927930813,0.3926609298485778,0.007832737670796407,False
Atividades de associações de defesa de direitos sociais,Fabricação de produtos de panificação industrial,19,15,7,0.5994011055849456,-0.006542253682853803,0.40985153515949413,0.022163931909397184,0.21633772362571552,0.007810839113271691,False
Comércio varejista de madeira e artefatos,Serviços de comunicação multimídia - SCM,15,47,12,0.5303391838296305,0.013496783401846265,0.30393658665818457,0.002035948313823,0.4561056576063319,0.007766365857834632,False
Cartórios,Comércio varejista de produtos alimentícios em geral ou especializado em produtos alimentícios não especificados anteriormente,70,20,12,0.3371170271561469,0.0069747417551351346,0.39547968774185893,0.008532306058797177,0.3714112503375332,0.007753523906966156,False
Administração pública em geral,"Comércio varejista de mercadorias em geral, com predominância de produtos alimentícios - supermercados",94,50,18,0.047193289146413665,0.0069801521151177355,0.4082869811724835,0.008520243792733681,0.3625881320074552,0.007750197953925708,False
Atividade médica ambulatorial restrita a consultas,"Obras de urbanização - ruas, praças e calçadas",18,13,6,0.5950794682525781,-0.03319577870980739,0.08510455081642831,0.048692424905711754,0.06514892204802125,0.0077483230979521825,False
Construção de rodovias e ferrovias,Laboratórios clínicos,17,22,7,0.3916763361771212,0.005424586974598262,0.40622821249986296,0.010066334072959756,0.3119692082029052,0.007745460523779009,False
Atividades do Correio Nacional,Laboratórios clínicos,54,22,6,0.0017047465661633955,0.00274352922854225,0.45113120360373704,0.012702442420341194,0.2872512195194731,0.007722985824441721,False
Atividades de apoio à agricultura não especificadas anteriormente,Comércio varejista especializado de equipamentos de telefonia e comunicação,13,21,5,0.22801599211006315,0.00499814720518362,0.4447721848475581,0.010439457142020105,0.37526189805422916,0.007718802173601862,False
Comércio a varejo de pneumáticos e câmaras-de-ar,Comércio atacadista de cereais e leguminosas beneficiados,13,13,7,0.4462635699264879,0.005963263997019265,0.4056280651511325,0.00925821725668871,0.34836036064509074,0.007610740626853987,False
Atividades de apoio à agricultura não especificadas anteriormente,Restaurantes e similares,13,37,8,0.22065727817610473,0.0058319281591918464,0.4374301313048188,0.009312826909288186,0.3873689115672358,0.007572377534240017,False
Comércio varejista de combustíveis para veículos automotores,Serviços de engenharia,133,17,15,0.33673167233696233,0.004169111204413432,0.4546951097105424,0.010952987183241152,0.31327731383434065,0.007561049193827292,False
Comércio varejista de ferragens e ferramentas,Fabricação de alimentos para animais,12,13,5,0.31961410147451497,0.0088004508271566,0.39006927261279867,0.00631191533757757,0.42551405782378,0.007556183082367085,False
Atividade odontológica com recursos para realização de procedimentos cirúrgicos,"Comércio varejista de mercadorias em geral, com predominância de produtos alimentícios - minimercados, mercearias e armazéns",39,130,21,0.09179976827134845,0.003257226997208643,0.43984171221810603,0.011813516561442599,0.33557826130695734,0.0075353717793256204,False
Atividade médica ambulatorial com recursos para realização de exames complementares,Caixas econômicas,15,12,5,0.23645109363385405,0.006492349565241762,0.4204963160584937,0.008510132746655734,0.3551867797263455,0.0075012411559487475,False
Administração pública em geral,Comércio a varejo de peças e acessórios novos para motocicletas e motonetas,94,26,12,0.12316601921871731,0.013948547576443515,0.3207191754787698,0.0010133648916982145,0.48403945389897735,0.007480956234070865,False
Comércio varejista de bebidas,Formação de condutores,27,19,8,0.2506122369282304,0.01898106076224493,0.26769016418826863,-0.004117846386829918,0.45825308989620755,0.007431607187707507,False
"Comercio varejista de artigos de cama, mesa e banho",Formação de condutores,14,19,6,0.3974374399932449,0.011733629850095583,0.33688476095865344,0.003021086747522459,0.4688174698021856,0.0073773582988090215,False
"Comércio varejista de cosméticos, produtos de perfumaria e de higiene pessoal",Serviços advocatícios,22,18,10,0.34983844478981363,0.012739284542910715,0.3081603240137761,0.002014175657464834,0.4602074587733137,0.0073767301001877745,False
Comércio varejista de mercadorias em lojas de conveniência,Serviços de manutenção e reparação mecânica de veículos automotores,11,14,6,0.6324338724236118,0.009920197021379838,0.34427595955669543,0.004772158184723455,0.41167603190597674,0.007346177603051646,False
Comércio a varejo de peças e acessórios novos para motocicletas e motonetas,Comércio varejista de móveis,26,74,13,0.17998478315239083,0.006686720003180246,0.3923855610480528,0.007992097277305599,0.39459974411809684,0.0073394086402429224,False
"Atividades de consultoria em gestão empresarial, exceto consultoria técnica específica","Comércio varejista de mercadorias em geral, com predominância de produtos alimentícios - minimercados, mercearias e armazéns",12,130,7,0.15551215228744347,0.002392821670395689,0.44883977494605526,0.012080967736370863,0.3561929191857979,0.007236894703383276,False
Comércio a varejo de peças e acessórios novos para veículos automotores,Comércio varejista de produtos alimentícios em geral ou especializado em produtos alimentícios não especificados anteriormente,34,20,10,0.4520231726323795,0.01758585562932681,0.25187683699176566,-0.0031737593515777564,0.4459194714030198,0.007206048138874527,False
Fabricação de águas envasadas,Serviços de engenharia,11,17,5,0.4941135553397873,-0.0068672728975626655,0.3901474452351292,0.021225252983876213,0.22009213632970803,0.007178990043156774,False
Padaria e confeitaria com predominância de revenda,Serviços de funerárias,26,22,12,0.45048870473376124,0.004825270861773071,0.4376218651335034,0.009425123065584951,0.3429958982013708,0.007125196963679011,False
Comércio varejista de artigos do vestuário e acessórios,"Lojas de departamentos ou magazines, exceto lojas francas (Duty free)",46,39,17,0.3100416390135056,0.007878285956865967,0.4046327215008523,0.00622528699361481,0.4185715527700118,0.007051786475240389,False
Comércio varejista de artigos do vestuário e acessórios,Serviços de comunicação multimídia - SCM,46,47,16,0.321376610793081,0.01810950342876627,0.3007131325726513,-0.004358270948986047,0.4258649266855985,0.006875616239890112,False
Comercio varejista de artigos de armarinho,Comércio varejista de móveis,21,74,11,0.03599476054707784,0.01355663104097703,0.27265592456772325,0.00016149781489626803,0.4828571793104995,0.0068590644279366494,False
Atividades do Correio Nacional,"Lojas de variedades, exceto lojas de departamentos ou magazines",54,17,5,0.11501006141179805,0.013802856229217137,0.3135811790193149,-0.00015082440679592461,0.48928246364100275,0.0068260159112106065,False
Caixas econômicas,Serviços de comunicação multimídia - SCM,12,47,10,0.3904088554457689,0.017042436139587613,0.2762883463471001,-0.0037371862342109406,0.4469705369148308,0.006652624952688336,False
Comércio varejista de animais vivos e de artigos e alimentos para animais de estimação,Serviços de comunicação multimídia - SCM,22,47,15,0.5103389685467359,0.006711975027071337,0.3966667021856707,0.006586884609317457,0.3901833619848744,0.006649429818194397,False
Comércio a varejo de motocicletas e motonetas novas,Comércio varejista de materiais de construção em geral,16,98,12,0.3166022546554334,-0.015129291861267522,0.24536465431526666,0.02841882756643989,0.16070197021117633,0.006644767852586183,False
Fabricação de alimentos para animais,Fabricação de produtos de panificação industrial,13,15,6,0.33181695728835164,0.020213686850673474,0.228486903505825,-0.006948658368395814,0.40155009562386806,0.00663251424113883,False
Comércio a varejo de peças e acessórios novos para veículos automotores,Comércio varejista de mercadorias em lojas de conveniência,34,11,6,0.2037833870470937,0.028902210535844828,0.12471946278576007,-0.015655401482139182,0.2705638384850765,0.006623404526852823,False
"Atividades de consultoria em gestão empresarial, exceto consultoria técnica específica",Comércio varejista especializado de equipamentos de telefonia e comunicação,12,21,10,0.7426417221501695,0.01172101928133148,0.3208278822104611,0.0014536138858567296,0.4529606986457949,0.006587316583594105,False
Atividade médica ambulatorial com recursos para realização de exames complementares,Construção de rodovias e ferrovias,15,17,8,0.3896534555468274,0.0031904724520569346,0.43733325422378544,0.009837378436112237,0.3620894183769822,0.006513925444084586,False
Comércio a varejo de pneumáticos e câmaras-de-ar,"Comércio varejista de mercadorias em geral, com predominância de produtos alimentícios - supermercados",13,50,9,0.3542013727429735,0.00328937089445566,0.4545430773925555,0.00962174882445395,0.3716127450210235,0.0064555598594548055,False
"Comercio varejista de artigos de cama, mesa e banho",Construção de edifícios,14,67,12,0.4475158440387124,0.01400564812557335,0.31646782905101606,-0.0013250591466511987,0.4777040582028613,0.006340294489461076,False
Comércio varejista de bebidas,Comércio varejista de ferragens e ferramentas,27,12,6,0.28147670557126897,0.0010724420796280085,0.4949051354068094,0.011567534132442162,0.3497227389740063,0.006319988106035086,False
Comércio varejista de carnes - açougues,Comércio varejista de ferragens e ferramentas,15,12,5,0.23550461302588216,-0.004597612777060118,0.41896347341986795,0.01710518143664197,0.25161984796898507,0.0062537843297909256,False
Comércio varejista de gás liqüefeito de petróleo (GLP),Hotéis,34,22,7,0.1621809961811412,-0.0071266988981061406,0.3995757319155857,0.019631734502830234,0.3093553809572866,0.0062525178023620466,False
Atividades de condicionamento físico,Comércio varejista especializado de equipamentos e suprimentos de informática,22,13,6,0.3267835068773618,-0.011804502356703786,0.3168162173400275,0.02415824887196756,0.2407910474074645,0.0061768732576318874,False
Comércio varejista especializado de eletrodomésticos e equipamentos de áudio e vídeo,"Lojas de departamentos ou magazines, exceto lojas francas (Duty free)",20,39,8,0.19879485010413828,-0.0051384554626575825,0.4324117261602038,0.017226136431476434,0.2685921464259454,0.006043840484409426,False
Comércio a varejo de peças e acessórios novos para motocicletas e motonetas,Laboratórios clínicos,26,22,9,0.21954352745584513,-0.005734444475263838,0.4119302630633549,0.017796044813019336,0.2262093149531978,0.00603080016887775,False
Criação de bovinos para corte,Serviços de funerárias,30,22,7,0.16102011622867762,0.01830945270344025,0.29270316727288054,-0.006361490901390038,0.3955965168768918,0.005973980901025106,False
Caixas econômicas,Criação de bovinos para corte,12,30,6,0.29602566815371306,0.0028489997697116127,0.4576896818727434,0.008928267490394035,0.39747638882096026,0.005888633630052823,False
Casas lotéricas,Construção de edifícios,51,67,20,0.29564385868953424,-0.0012847649310708585,0.4990315806393364,0.013032614633057394,0.3508982324243954,0.005873924850993268,False
Atividades de cobrança e informações cadastrais,"Lanchonetes, casas de chá, de sucos e similares",14,32,12,0.5806189060391056,-0.004015289672835842,0.42693496535281,0.01575823823507697,0.3008745355224768,0.005871474281120564,False
Comércio varejista de artigos de óptica,Educação infantil - pré-escola,26,25,12,0.4708234532426804,0.015710016315635927,0.2501186870816281,-0.004028908099345878,0.43829011444621735,0.005840554108145025,False
Comércio a varejo de peças e acessórios novos para veículos automotores,Comércio varejista de madeira e artefatos,34,15,9,0.34505106574218974,0.01594657386800366,0.26615328044858855,-0.0043591611841723825,0.4210235124250611,0.005793706341915639,False
"Comércio varejista de mercadorias em geral, com predominância de produtos alimentícios - minimercados, mercearias e armazéns",Hotéis,130,22,16,0.12108445096993606,-0.01572101079011495,0.3095036173468255,0.02726881481893261,0.2540227752002413,0.005773902014408831,False
Atividades de associações de defesa de direitos sociais,"Comércio varejista de mercadorias em geral, com predominância de produtos alimentícios - supermercados",19,50,14,0.4664425482575443,0.0035219376219803897,0.44130732543366546,0.008011948677732802,0.3771747824751367,0.005766943149856596,False
Comércio a varejo de peças e acessórios novos para motocicletas e motonetas,Comércio a varejo de pneumáticos e câmaras-de-ar,26,13,8,0.5584535499765828,-0.000631029908568301,0.493414380776958,0.012078105857547476,0.317064270870015,0.005723537974489588,False
Atividades de condicionamento físico,"Comércio varejista de mercadorias em geral, com predominância de produtos alimentícios - minimercados, mercearias e armazéns",22,130,14,0.1819948020834929,0.0042754109562887655,0.4128730304189124,0.007119189674845855,0.4111207770101093,0.005697300315567311,False
"Atividades de consultoria em gestão empresarial, exceto consultoria técnica específica",Atividades de organizações religiosas,12,30,5,0.27438857091813945,0.002578640841653478,0.46310668178159853,0.008801703525394356,0.40908163411165815,0.005690172183523917,False
"Comércio varejista de suvenires, bijuterias e artesanatos",Comércio varejista especializado de equipamentos de telefonia e comunicação,10,21,9,0.6815345752808072,0.005494869425742538,0.3946577307395461,0.005867829132438908,0.4430839995202257,0.005681349279090723,False
Atividades de cobrança e informações cadastrais,Comércio varejista de madeira e artefatos,14,15,9,0.5863720807858295,0.003832052940225206,0.46187110945162163,0.007261320948129909,0.39017520835630004,0.005546686944177558,False
Comércio atacadista de cereais e leguminosas beneficiados,Fabricação de móveis com predominância de madeira,13,15,6,0.4419733622996157,0.002357728341716304,0.46553804386756,0.008653239713242819,0.3836480525634042,0.005505484027479562,False
"Bancos múltiplos, com carteira comercial","Comércio varejista de mercadorias em geral, com predominância de produtos alimentícios - supermercados",11,50,5,0.17852995481598305,0.011009639322142793,0.32452145086651807,-7.81361403398162e-05,0.49421969049982883,0.005465751590901489,False
"Comércio varejista de produtos farmacêuticos, sem manipulação de fórmulas","Obras de urbanização - ruas, praças e calçadas",156,13,12,0.31366917663429905,-0.027107814904437068,0.1674496666377937,0.037989293505221934,0.11961795410884041,0.005440739300392433,False
"Comércio varejista de mercadorias em geral, com predominância de produtos alimentícios - minimercados, mercearias e armazéns",Comércio varejista de produtos alimentícios em geral ou especializado em produtos alimentícios não especificados anteriormente,130,20,8,0.08932131119189146,0.013560110150627705,0.34934896843332264,-0.0028314289312511244,0.46920525544150615,0.00536434060968829,False
Comércio varejista de ferragens e ferramentas,"Comércio varejista de mercadorias em geral, com predominância de produtos alimentícios - minimercados, mercearias e armazéns",12,130,7,0.06502181721648699,0.008324992224381012,0.3740883111159616,0.0023925847285076215,0.48935171285612483,0.005358788476444317,False
Atividades de condicionamento físico,"Comércio varejista de produtos farmacêuticos, com manipulação de fórmulas",22,13,9,0.6932432600240164,0.0068119510851853094,0.3975464434558217,0.0037989515324881,0.4285237331637426,0.0053054513088367046,False
"Comercio varejista de artigos de cama, mesa e banho",Comércio varejista de combustíveis para veículos automotores,14,133,12,0.2543592887176831,0.0224525550203867,0.2103573900807328,-0.011892876376741301,0.3247265867651753,0.005279839321822698,False
Comércio atacadista de cereais e leguminosas beneficiados,Fabricação de produtos de panificação industrial,13,15,5,0.44817785031556046,0.006226891220112977,0.41101039142311047,0.00430792342799379,0.42832162145879904,0.005267407324053383,False
Atividade odontológica com recursos para realização de procedimentos cirúrgicos,Comércio varejista de artigos de papelaria,39,14,11,0.6001037673473666,-0.008344803939162756,0.36468632137392476,0.018726452870616965,0.2612816248636607,0.005190824465727105,False
Comércio varejista de gás liqüefeito de petróleo (GLP),Fabricação de produtos de padaria e confeitaria com predominância de produção própria,34,26,6,0.11634924683817319,-0.004575681519705542,0.4342078170303884,0.014860914581330702,0.27374626329232443,0.00514261653081258,False
"Comercio varejista de artigos de cama, mesa e banho","Comércio varejista de mercadorias em geral, com predominância de produtos alimentícios - minimercados, mercearias e armazéns",14,130,7,0.007247986142144854,0.007044451160039119,0.3606773731210988,0.003216145473672395,0.44936650704885434,0.005130298316855757,False
Comércio varejista de artigos de óptica,"Comércio varejista de produtos farmacêuticos, com manipulação de fórmulas",26,13,7,0.24214282859666608,0.018772304681524635,0.2451044227612118,-0.008530003321478227,0.37156498716214803,0.005121150680023204,False
Construção de edifícios,"Lojas de variedades, exceto lojas de departamentos ou magazines",67,17,13,0.3091120640328617,0.0021565096067402705,0.4581688867097294,0.008058255554453785,0.3833700768605133,0.005107382580597028,False
Comércio varejista de calçados,Construção de rodovias e ferrovias,22,17,7,0.2350678683477737,0.006372098234995679,0.3891406817355254,0.003782310669869466,0.46992501330002945,0.005077204452432572,False
"Comercio varejista de artigos de cama, mesa e banho",Serviços de manutenção e reparação mecânica de veículos automotores,14,14,8,0.5459995263949714,0.021515679923711607,0.21648459683304,-0.011466682736710322,0.33116546146004744,0.005024498593500642,False
Atividades de cobrança e informações cadastrais,"Comércio atacadista de mercadorias em geral, com predominância de produtos alimentícios",14,12,7,0.6652926538147641,-0.008821596527873858,0.36295469541254755,0.01882983993286657,0.247879495700696,0.005004121702496356,False
Atividades do Correio Nacional,"Comércio varejista de mercadorias em geral, com predominância de produtos alimentícios - minimercados, mercearias e armazéns",54,130,34,0.09208251245773644,-0.0010241537977045334,0.47118124421269764,0.011022970505454513,0.37214316974912043,0.00499940835387499,False
Comércio varejista de combustíveis para veículos automotores,Comércio varejista especializado de equipamentos de telefonia e comunicação,133,21,18,0.38521557034431975,-0.0066486975048403035,0.4012451256670654,0.016502548137997744,0.2621663913386427,0.00492692531657872,False
Atividades de condicionamento físico,"Bancos múltiplos, com carteira comercial",22,11,5,0.12953470892240568,0.0031061461246709903,0.4530119288419664,0.006589131227146626,0.3749425058334932,0.004847638675908808,False
Administração pública em geral,Comércio atacadista de cereais e leguminosas beneficiados,94,13,6,0.04805672166288182,0.0037678804677081304,0.4496734213775564,0.005642689490832358,0.402468261951546,0.004705284979270244,False
Atividade médica ambulatorial restrita a consultas,Educação infantil - pré-escola,18,25,11,0.6460538572650001,-0.01096377532412172,0.31922616880940285,0.020300759773627032,0.24055839499928128,0.004668492224752656,False
Atividades de cobrança e informações cadastrais,Serviços de engenharia,14,17,8,0.6313088897063733,0.0067055001160401285,0.3870054414641696,0.0026193700168984143,0.4458077258501344,0.004662435066469271,False
Administração pública em geral,Comércio varejista de combustíveis para veículos automotores,94,133,54,0.03671511904827476,0.017805480156935304,0.28736232035446185,-0.008546708062952088,0.3882125981728397,0.004629386046991608,False
Administração pública em geral,Comércio varejista especializado de equipamentos e suprimentos de informática,94,13,7,0.09481193703578054,0.01232119176168046,0.35775717431204007,-0.003137992598376973,0.4545253220103245,0.004591599581651744,False
Comércio varejista de artigos do vestuário e acessórios,Fabricação de produtos de padaria e confeitaria com predominância de produção própria,46,26,13,0.3245121394652687,0.006743856383569219,0.4187669066796069,0.0023301265934161843,0.47187259638212226,0.004536991488492702,False
"Comercio varejista de artigos de cama, mesa e banho","Comércio varejista de suvenires, bijuterias e artesanatos",14,10,5,0.4391604152999866,0.018788813072769715,0.23799497818348042,-0.00996460730497169,0.3434265101656173,0.004412102883899012,False
Cartórios,Comércio varejista de materiais de construção em geral,70,98,48,0.547978306125131,0.002997901567412904,0.44504116519430664,0.005609763827945979,0.39733126372662775,0.004303832697679442,False
Cartórios,Fabricação de águas envasadas,70,11,6,0.18229799641814587,-0.0011844733433422532,0.4814243953191214,0.009783016035896994,0.3647488021262295,0.00429927134627737,False
Comércio varejista de calçados,"Comércio varejista de produtos farmacêuticos, com manipulação de fórmulas",22,13,7,0.2218375942465739,0.013120801097466626,0.2960245469776881,-0.004581530794841186,0.4094582666109401,0.00426963515131272,False
Atividades de organizações religiosas,"Lojas de departamentos ou magazines, exceto lojas francas (Duty free)",30,39,11,0.19988968012554376,0.0005506511726293512,0.4846897801143372,0.007930038420797394,0.39039584755715295,0.004240344796713372,False
Comércio varejista de madeira e artefatos,"Comércio varejista de mercadorias em geral, com predominância de produtos alimentícios - minimercados, mercearias e armazéns",15,130,8,0.10346159029251743,0.00560133776714044,0.4130297752806037,0.0028773502626686146,0.4684785010621497,0.004239344014904527,False
"Comércio varejista de mercadorias em geral, com predominância de produtos alimentícios - hipermercados","Comércio varejista de mercadorias em geral, com predominância de produtos alimentícios - supermercados",12,50,6,0.30976146272187793,0.025293463984421487,0.20956123294504425,-0.016908792347676237,0.2553278420832581,0.004192335818372625,False
Administração pública em geral,Comércio varejista de medicamentos veterinários,94,26,12,0.14652018784490323,0.009956282472439015,0.3680276948301956,-0.0017482873473208406,0.48984548557901786,0.004103997562559088,False
"Comércio varejista de suvenires, bijuterias e artesanatos","Transporte rodoviário de carga, exceto produtos perigosos e mudanças, intermunicipal, interestadual e internacional",10,24,8,0.5978437332852035,0.0039008417991620017,0.4329116423068652,0.004270812268855531,0.44431486946660326,0.0040858270340087665,False
Atividades de associações de defesa de direitos sociais,Comércio a varejo de peças e acessórios novos para motocicletas e motonetas,19,26,7,0.3876054228767106,0.00023353988773358207,0.49738834176814667,0.007677580275523336,0.3837320006332938,0.003955560081628459,False
Comércio varejista de bebidas,"Lojas de variedades, exceto lojas de departamentos ou magazines",27,17,7,0.2973848836139892,-0.0012247034136692464,0.48092514044251766,0.008948854069065518,0.37823193111814585,0.003862075327698136,False
Comércio a varejo de motocicletas e motonetas novas,Comércio varejista de animais vivos e de artigos e alimentos para animais de estimação,16,22,7,0.45338819862671564,-0.00359524201316316,0.43583554176008366,0.011272900197058724,0.36449858169575916,0.003838829091947782,False
Comércio varejista de calçados,"Comércio varejista de mercadorias em geral, com predominância de produtos alimentícios - minimercados, mercearias e armazéns",22,130,15,0.1588002695295073,0.003993462000813364,0.438775052401014,0.0035205774657531314,0.46514022844445546,0.003757019733283248,False
Casas lotéricas,Comércio varejista de calçados,51,22,9,0.1977740988736406,0.0017714353729041468,0.46984903155958113,0.0056431308404148485,0.40449993307635324,0.0037072831066594977,False
Comércio a varejo de motocicletas e motonetas novas,Construção de edifícios,16,67,15,0.4313490582752943,-0.02229328405738129,0.1363820403252235,0.02970612922745106,0.18603113338919858,0.0037064225850348843,False
Serviços de engenharia,"Transporte rodoviário de carga, exceto produtos perigosos e mudanças, intermunicipal, interestadual e internacional",17,24,6,0.47287868372725606,-0.00515752675357753,0.41649486190762747,0.012562407333204309,0.3378928782388752,0.0037024402898133894,False
Comércio a varejo de peças e acessórios novos para veículos automotores,"Lojas de variedades, exceto lojas de departamentos ou magazines",34,17,12,0.43254019412470285,0.01709521269015025,0.2463744867832312,-0.009703747623814053,0.37050330211647414,0.0036957325331680993,False
Atividades de condicionamento físico,Serviços de engenharia,22,17,9,0.6205305828105233,0.00395411058460148,0.4409516743690586,0.003415025810849806,0.44248398689351964,0.003684568197725643,False
Administração pública em geral,Atividades do Correio Nacional,94,54,17,-0.0747641954301309,-0.00507982277882145,0.43517947481707303,0.012429045836147387,0.335988779102867,0.0036746115286629684,False
"Comércio varejista de cosméticos, produtos de perfumaria e de higiene pessoal",Serviços de manutenção e reparação mecânica de veículos automotores,22,14,8,0.42702523847477325,0.017404996575955574,0.24067111094172666,-0.010259070803655424,0.33492754270214614,0.003572962886150075,False
Atividades de apoio à agricultura não especificadas anteriormente,Padaria e confeitaria com predominância de revenda,13,26,5,0.16674292010993672,0.0028003342816752216,0.4574854285002312,0.00429944147963802,0.4353201392427557,0.0035498878806566204,False
Atividades do Correio Nacional,Comércio varejista de artigos de óptica,54,26,5,0.05200467863475496,-0.006431154914590337,0.4221462001330458,0.013414090718000699,0.31051245278826195,0.003491467901705181,False
Administração pública em geral,Construção de edifícios,94,67,29,0.050683592643581334,-0.00016003117964654996,0.4965491798999438,0.007084737016274519,0.4015263657672056,0.0034623529183139845,False
Comércio a varejo de peças e acessórios novos para motocicletas e motonetas,"Comércio varejista de cosméticos, produtos de perfumaria e de higiene pessoal",26,22,11,0.4927933213809345,-0.015569525995004793,0.26854102255690826,0.022452246305098934,0.21306599549227206,0.0034413601550470707,False
"Comércio varejista de mercadorias em geral, com predominância de produtos alimentícios - minimercados, mercearias e armazéns",Serviços de comunicação multimídia - SCM,130,47,23,0.08261182724310416,0.008176158410127272,0.393680692146749,-0.001310488597552895,0.49890864091115816,0.0034328349062871886,False
Cultivo de arroz,Restaurantes e similares,10,37,5,0.14398665921689088,0.0014321318335141894,0.4869597354749323,0.0053886349862208,0.43864172888573405,0.003410383409867495,False
Comércio varejista especializado de equipamentos de telefonia e comunicação,Fabricação de produtos de padaria e confeitaria com predominância de produção própria,21,26,13,0.6162763209110634,0.0026647105294108084,0.47026466999573674,0.004142330738797589,0.4406041965451919,0.0034035206341041986,False
Atividades de apoio à agricultura não especificadas anteriormente,Laboratórios clínicos,13,22,5,0.16180858941455745,-0.0006573144657378395,0.4981823490459607,0.00734583322349828,0.3819992510446696,0.00334425937888022,False
Comércio varejista de medicamentos veterinários,"Transporte rodoviário de carga, exceto produtos perigosos e mudanças, intermunicipal, interestadual e internacional",26,24,10,0.5456599482453373,-0.009774435871634228,0.369082783719644,0.016429884359332368,0.2642901228152681,0.00332772424384907,False
Comércio varejista de carnes - açougues,"Lanchonetes, casas de chá, de sucos e similares",15,32,11,0.5180125941808627,-0.020844767978912663,0.18614721240664833,0.027485016687729517,0.1954726787791028,0.003320124354408427,False
Atividades de associações de defesa de direitos sociais,"Lojas de departamentos ou magazines, exceto lojas francas (Duty free)",19,39,6,0.06595074267566589,-0.006239521498146845,0.41313946213080555,0.012835075196135304,0.3182875528676705,0.003297776848994229,False
Atividades do Correio Nacional,"Lojas de departamentos ou magazines, exceto lojas francas (Duty free)",54,39,13,0.21034095715879308,0.0031601922106607974,0.45893553702939377,0.0033043561404084818,0.4249613307251294,0.0032322741755346396,False
Casas lotéricas,Laboratórios clínicos,51,22,10,0.30394640660843264,0.01550026868763845,0.3095164086693024,-0.00912984921161943,0.35798401405815883,0.0031852097380095108,False
Formação de condutores,"Lojas de variedades, exceto lojas de departamentos ou magazines",19,17,5,0.2871835587586494,0.012145373057134761,0.3233065522970867,-0.005884333634334484,0.4109199631736185,0.003130519711400139,False
Comércio varejista de hortifrutigranjeiros,Comércio varejista de móveis,20,74,8,0.12248315829846033,-0.005906873716950339,0.4056515224775057,0.01204930128528691,0.34142027453961676,0.0030712137841682856,False
Comércio varejista de artigos do vestuário e acessórios,Comércio varejista de calçados,46,22,7,0.1613081195903008,0.002479052129272619,0.4943856782941411,0.003652775084150561,0.42779868973931345,0.00306591360671159,False
Comércio varejista de ferragens e ferramentas,"Comércio varejista de produtos farmacêuticos, com manipulação de fórmulas",12,13,5,0.26641660238241466,0.014492340022512653,0.28942585860640946,-0.00843207421883588,0.3472836631452767,0.0030301329018383866,False
Atividades de condicionamento físico,Comércio varejista especializado de equipamentos de telefonia e comunicação,22,21,13,0.8382821506622614,-0.001384096194990133,0.47630077879985167,0.007366003234650846,0.38855163920495084,0.0029909535198303565,False
Comercio varejista de artigos de armarinho,Educação infantil - pré-escola,21,25,9,0.3258104051850912,0.008543539214444918,0.3459793396727663,-0.0026327486790853,0.4621838110388239,0.002955395267679809,False
Comércio varejista de artigos de papelaria,Hotéis,14,22,5,0.2484083185404107,-0.0011577607571845415,0.46522634506193045,0.007033802550543702,0.4356604762574269,0.0029380208966795804,False
Comércio atacadista de cereais e leguminosas beneficiados,Comércio varejista de combustíveis para veículos automotores,13,133,12,0.3077021308519974,0.008576097511080244,0.3764137640540519,-0.002749363396879218,0.4733221965420683,0.0029133670571005127,False
"Comércio varejista de mercadorias em geral, com predominância de produtos alimentícios - minimercados, mercearias e armazéns",Educação infantil - pré-escola,130,25,13,0.16719997329094347,0.003276643662843916,0.45200379589650064,0.002503784888701806,0.47602115174577614,0.002890214275772861,False
Atividade odontológica com recursos para realização de procedimentos cirúrgicos,"Comércio varejista de mercadorias em geral, com predominância de produtos alimentícios - hipermercados",39,12,6,0.4832071016399507,-0.017608440866746372,0.23221326638982331,0.023325197921871255,0.2201049181637008,0.0028583785275624416,False
Atividades de condicionamento físico,Comércio varejista de produtos alimentícios em geral ou especializado em produtos alimentícios não especificados anteriormente,22,20,12,0.8012918242825692,0.0008632483373730905,0.49849579796613946,0.0048120085876068,0.4608450661392941,0.002837628462489945,False
Comércio a varejo de peças e acessórios novos para motocicletas e motonetas,Comércio varejista de produtos alimentícios em geral ou especializado em produtos alimentícios não especificados anteriormente,26,20,7,0.44551373135666544,-0.000622535537932332,0.48624229333386043,0.0062021550168918985,0.4103814519368581,0.0027898097394797833,False
Atividades de cobrança e informações cadastrais,"Comércio varejista de mercadorias em geral, com predominância de produtos alimentícios - minimercados, mercearias e armazéns",14,130,8,0.1042213740168626,-0.00741716995029701,0.3939012724702547,0.012927390910706958,0.32266347712296284,0.002755110480204974,False
"Comercio varejista de artigos de cama, mesa e banho",Fabricação de produtos de panificação industrial,14,15,5,0.33865781039765236,0.012324980995838088,0.3204225592835675,-0.006991473508893034,0.38548914760038083,0.002666753743472527,False
"Comércio varejista de cosméticos, produtos de perfumaria e de higiene pessoal","Lojas de variedades, exceto lojas de departamentos ou magazines",22,17,8,0.4071218358399451,0.004049023585878325,0.4348498576931588,0.001140689415375674,0.4785023196749921,0.0025948565006269995,False
Comércio varejista de artigos de papelaria,Serviços advocatícios,14,18,8,0.6443488899352794,0.016456115799756317,0.2683606071254542,-0.011390510864043626,0.31247344168933094,0.0025328024678563455,False
Comércio varejista de materiais de construção em geral,Comércio varejista especializado de eletrodomésticos e equipamentos de áudio e vídeo,98,20,14,0.2677323623854919,0.0029709417776593106,0.46582852771672656,0.0019642717081548742,0.4843676989066313,0.0024676067429070924,False
Coleta de resíduos não-perigosos,Comércio varejista de móveis,11,74,7,0.20379784322752978,-0.005463961631618154,0.4080965788949122,0.010381383082554579,0.3684406611624965,0.002458710725468212,False
Atividades do Correio Nacional,"Comércio varejista de cosméticos, produtos de perfumaria e de higiene pessoal",54,22,6,0.010835857878072709,-0.0044097974660756096,0.41944466937509,0.009264756867513334,0.3706850100014677,0.0024274797007188625,False
Atividades de contabilidade,Fabricação de produtos de padaria e confeitaria com predominância de produção própria,28,26,13,0.5016980561543561,0.00336151287178514,0.4364029895543202,0.001435984486379502,0.4770486882266442,0.002398748679082321,False
Comércio atacadista de cereais e leguminosas beneficiados,"Transporte rodoviário de carga, exceto produtos perigosos e mudanças, intermunicipal, interestadual e internacional",13,24,6,0.5550559793875308,0.008692914492134272,0.3663375116646414,-0.003909327247383328,0.45235751241212574,0.002391793622375472,False
Comércio varejista de gás liqüefeito de petróleo (GLP),Formação de condutores,34,19,8,0.21979950816595895,0.014393326768036382,0.29772572919178175,-0.009610854402662669,0.37763786055993853,0.0023912361826868567,False
Cartórios,Comércio varejista de combustíveis para veículos automotores,70,133,51,0.368769112369554,0.005636741388238648,0.39873636853749045,-0.0009985358982240971,0.49338775372416827,0.0023191027450072755,False
Atividades de contabilidade,Comércio varejista de medicamentos veterinários,28,26,14,0.46014443253730036,0.008010577570049233,0.3861878072034426,-0.003495934926795329,0.460898503856086,0.002257321321626952,False
Hotéis,Serviços de engenharia,22,17,9,0.310120742099394,0.006138715422932078,0.42539968911823123,-0.0016473995851058634,0.47369984537759297,0.002245657918913107,False
Construção de rodovias e ferrovias,Serviços de funerárias,17,22,6,0.31754324856273053,-0.008248065714743779,0.4008246109571534,0.012540714610368948,0.3107237387793988,0.0021463244478125846,False
"Comércio varejista de cosméticos, produtos de perfumaria e de higiene pessoal",Comércio varejista de hortifrutigranjeiros,22,20,12,0.4224919461526506,0.008261768184028628,0.38218815201130996,-0.003986574621692366,0.43256411874762496,0.0021375967811681313,False
Educação infantil - pré-escola,Serviços advocatícios,25,18,11,0.5718142623474062,0.011564278212298234,0.3492796237671788,-0.007334887879620021,0.39072844062144746,0.0021146951663391063,False
Comércio a varejo de peças e acessórios novos para motocicletas e motonetas,"Comércio varejista de produtos farmacêuticos, sem manipulação de fórmulas",26,156,24,0.4499564058402674,0.005985053380858852,0.42207186664156415,-0.001873827795547858,0.47009267069088606,0.002055612792655497,False
Comércio varejista de materiais de construção em geral,"Lojas de variedades, exceto lojas de departamentos ou magazines",98,17,12,0.35278476528862807,0.007172710064054767,0.4001631026223708,-0.0030862866826654165,0.4750106112340809,0.0020432116906946756,False
Atividade médica ambulatorial com recursos para realização de exames complementares,Atividades de associações de defesa de direitos sociais,15,19,7,0.38729325815350363,0.000829486522109026,0.4847976511166615,0.0031666997959077,0.4483428878135834,0.0019980931590083627,False
Administração pública em geral,Comércio varejista de materiais de construção em geral,94,98,40,0.01687777787615883,0.005348950438840636,0.43966647568063244,-0.00147296863737674,0.4737662503640808,0.001937990900731948,False
Fabricação de produtos de padaria e confeitaria com predominância de produção própria,Restaurantes e similares,26,37,16,0.5293463847075428,-0.00945686076056869,0.35522097909932604,0.013299023048371795,0.3387093020296121,0.001921081143901552,False
"Comércio varejista de produtos farmacêuticos, sem manipulação de fórmulas",Serviços combinados de escritório e apoio administrativo,156,14,11,0.35464431201907193,-0.03681589582806264,0.10372199870662469,0.040519039345469875,0.1402577303972678,0.001851571758703617,False
Atividades de associações de defesa de direitos sociais,Comércio varejista de combustíveis para veículos automotores,19,133,13,0.22246952186216704,-0.008556789560158014,0.3753864988194776,0.012200714979111538,0.3339214213167769,0.001821962709476762,False
Atividades de contabilidade,Serviços de manutenção e reparação mecânica de veículos automotores,28,14,10,0.6105817504681559,0.011194613404820605,0.3078882518777737,-0.007619279514605569,0.3768082942134224,0.0017876669451075181,False
Caixas econômicas,"Comércio varejista de mercadorias em geral, com predominância de produtos alimentícios - minimercados, mercearias e armazéns",12,130,9,0.17483083637641167,0.017267023797580147,0.24857742424748347,-0.013740172131555877,0.3231895703519764,0.0017634258330121349,False
Comércio varejista de combustíveis para veículos automotores,Provedores de acesso às redes de comunicações,133,10,7,0.13263061164932632,0.013520878930393486,0.30384416600642195,-0.010053090379846603,0.3636157933845966,0.0017338942752734418,False
Comércio atacadista de cereais e leguminosas beneficiados,Restaurantes e similares,13,37,10,0.4716085717848794,-0.005469079660954905,0.40650780399467934,0.008928282760197146,0.3911579477316434,0.0017296015496211202,False
"Atividades de consultoria em gestão empresarial, exceto consultoria técnica específica","Transporte rodoviário de carga, exceto produtos perigosos e mudanças, intermunicipal, interestadual e internacional",12,24,8,0.6073027661693549,0.0029005471134267696,0.48502692361897254,0.0005488398242732025,0.4913732805327179,0.001724693468849986,False
"Comercio varejista de artigos de cama, mesa e banho",Comércio varejista de carnes - açougues,14,15,8,0.415001642685362,0.021779084431453804,0.22360932589978122,-0.018400735247230418,0.20123229834240014,0.001689174592111693,False
Atividade médica ambulatorial com recursos para realização de exames complementares,Construção de edifícios,15,67,13,0.4136570334574018,0.008277280727324709,0.38002174255376797,-0.004927593773762443,0.4465635978775474,0.0016748434767811329,False
Comércio varejista de artigos de óptica,Criação de bovinos para corte,26,30,8,0.1911370499710615,0.00931246095192516,0.36560312237048187,-0.005967836318222145,0.422544942087051,0.0016723123168515077,False
Atividades de contabilidade,Fabricação de produtos de panificação industrial,28,15,7,0.4364048446896426,0.003123123384842191,0.46533759045400475,0.00016087722609506517,0.49533733042645467,0.001642000305468628,False
Atividades de cobrança e informações cadastrais,Fabricação de águas envasadas,14,11,5,0.412492144844614,0.008425933896373614,0.3462929922537191,-0.005157380956121609,0.4252596017991684,0.0016342764701260028,False
Cartórios,"Lanchonetes, casas de chá, de sucos e similares",70,32,25,0.5249098142671755,-0.002752423807297537,0.4677503572837472,0.00599396604360246,0.42321522311083715,0.0016207711181524616,False
Atividades de associações de defesa de direitos sociais,Atividades de condicionamento físico,19,22,11,0.6506565910142752,-0.007838790925697421,0.3808203440997713,0.011056216792131316,0.3322957488565419,0.0016087129332169473,False
"Comércio varejista de mercadorias em geral, com predominância de produtos alimentícios - supermercados",Comércio varejista especializado de equipamentos de telefonia e comunicação,50,21,17,0.6254071675955286,-0.004415299945589362,0.45177242312511257,0.007543133824427497,0.4177734668598665,0.0015639169394190675,False
Atividades de associações de defesa de direitos sociais,Serviços de manutenção e reparação mecânica de veículos automotores,19,14,8,0.615813735133498,-0.0003707069272199973,0.4894047997277452,0.0034683807358931664,0.4479778343230628,0.0015488369043365846,False
Comércio varejista de ferragens e ferramentas,Fabricação de produtos de padaria e confeitaria com predominância de produção própria,12,26,6,0.2260350554212247,0.005127417111551211,0.4290538737157073,-0.0020619089068534516,0.47848731050591276,0.00153275410234888,False
Comércio varejista de animais vivos e de artigos e alimentos para animais de estimação,Comércio varejista de ferragens e ferramentas,22,12,5,0.1348178573666383,-0.014580925350117496,0.32134480827109685,0.017634999578688623,0.25260568645250897,0.0015270371142855638,False
Atividades de associações de defesa de direitos sociais,Comércio a varejo de pneumáticos e câmaras-de-ar,19,13,7,0.5116361029612364,-0.00614667420893854,0.4171452383554665,0.009171879438845445,0.36829823337646417,0.0015126026149534528,False
Atividade médica ambulatorial restrita a consultas,"Comércio varejista de mercadorias em geral, com predominância de produtos alimentícios - minimercados, mercearias e armazéns",18,130,8,0.036855193805260804,-0.006995777813279208,0.39144286441072984,0.010009958945339171,0.38264655030108186,0.0015070905660299816,False
Comércio varejista de produtos alimentícios em geral ou especializado em produtos alimentícios não especificados anteriormente,Fabricação de produtos de padaria e confeitaria com predominância de produção própria,20,26,12,0.44768401636202143,0.002884649833192346,0.422798705244806,-1.3530869358633924e-05,0.4881909626042704,0.001435559481916856,False
Coleta de resíduos não-perigosos,"Comércio varejista de mercadorias em geral, com predominância de produtos alimentícios - supermercados",11,50,5,0.21484423740457873,0.005502906352190807,0.41085725926569233,-0.0026730580359892162,0.44633093336018553,0.0014149241581007954,False
Comércio a varejo de peças e acessórios novos para veículos automotores,Serviços advocatícios,34,18,11,0.45104917874189693,0.006015363356129398,0.4047323117052775,-0.0031948219709562113,0.4410008534416944,0.0014102706925865933,False
Comércio varejista de artigos de óptica,Comércio varejista de madeira e artefatos,26,15,10,0.43622201560061524,0.00798845494769468,0.38486749694527167,-0.005281958229657869,0.41304285778810695,0.0013532483590184058,False
Casas lotéricas,Criação de bovinos para corte,51,30,10,0.1448682197671507,-0.001801114106307107,0.48689395664814883,0.004403465752904423,0.4701126560142122,0.0013011758232986583,False
Comércio a varejo de peças e acessórios novos para motocicletas e motonetas,Comércio varejista de medicamentos veterinários,26,26,11,0.4712943021109238,-0.0012957183870133079,0.48468365605052544,0.00371009547668835,0.4569456565105997,0.0012071885448375211,False
Cartórios,Fabricação de móveis com predominância de madeira,70,15,13,0.38604477177202234,-0.008919440918949981,0.3764252483038618,0.011257346098292844,0.35869656124544097,0.0011689525896714315,False
Comércio varejista de produtos alimentícios em geral ou especializado em produtos alimentícios não especificados anteriormente,"Comércio varejista de suvenires, bijuterias e artesanatos",20,10,8,0.7472071880978254,-0.012916559496030138,0.30705829955661934,0.01519905098509196,0.2838146738530385,0.0011412457445309108,False
Comércio a varejo de pneumáticos e câmaras-de-ar,Fabricação de produtos de panificação industrial,13,15,6,0.5798916396441349,-0.0005076481530572189,0.4666223359107186,0.0027219891328861792,0.4761093263325424,0.0011071704899144803,False
Comércio varejista de carnes - açougues,Educação infantil - pré-escola,15,25,9,0.49057897084697244,-0.02156924121095927,0.17097404920129888,0.023782381481377565,0.19791737252863828,0.0011065701352091471,False
Comércio varejista de artigos de óptica,"Obras de urbanização - ruas, praças e calçadas",26,13,5,0.25658044705784133,0.01570982433735178,0.277176816152215,-0.013520546807224853,0.3190550324802883,0.0010946387650634633,False
"Comercio varejista de artigos de cama, mesa e banho","Comércio varejista de mercadorias em geral, com predominância de produtos alimentícios - supermercados",14,50,11,0.42740169208683515,0.014940963330641313,0.2956728785329754,-0.012848588207906417,0.31812630870488934,0.0010461875613674478,False
Atividades de associações de defesa de direitos sociais,Comércio varejista de hortifrutigranjeiros,19,20,8,0.5315074457147219,-0.012059571022996086,0.3395472370729825,0.014110725314781419,0.2847867334604978,0.0010255771458926666,False
Comércio a varejo de peças e acessórios novos para motocicletas e motonetas,Formação de condutores,26,19,8,0.2499449700822462,-0.008247673904785915,0.39142988953992225,0.010255916730813703,0.37598640835467134,0.001004121413013894,False
"Comércio varejista de cosméticos, produtos de perfumaria e de higiene pessoal",Comércio varejista de madeira e artefatos,22,15,9,0.34270349911279036,0.011352221733082177,0.3331236079438925,-0.00947774024124286,0.36332380615113236,0.0009372407459196591,False
Fabricação de produtos de panificação industrial,Formação de condutores,15,19,6,0.3710826571764046,9.539374393964325e-05,0.49077085558748323,0.001252081008035591,0.4665244501975184,0.0006737373759876171,False
"Comércio varejista de mercadorias em geral, com predominância de produtos alimentícios - minimercados, mercearias e armazéns",Serviços de funerárias,130,22,14,0.1173444440257783,-0.00418848526328487,0.44073532437555185,0.005509431274514821,0.40746716223717483,0.0006604730056149755,False
Fabricação de alimentos para animais,Formação de condutores,13,19,9,0.4945908202770068,0.005346311266050439,0.40076973029014873,-0.004037853161112243,0.4425072709275132,0.0006542290524690982,False
Comércio a varejo de peças e acessórios novos para motocicletas e motonetas,Comércio varejista de artigos de óptica,26,26,13,0.39392670452390005,-0.019466061128009284,0.23058163771688622,0.020737492709248507,0.21344839173636238,0.0006357157906196117,False
Comércio varejista de ferragens e ferramentas,Construção de edifícios,12,67,9,0.3267891767813878,-0.007215833280070827,0.3917661135783419,0.008424181924470003,0.39912544396702654,0.000604174322199588,False
"Comércio varejista de cosméticos, produtos de perfumaria e de higiene pessoal",Comércio varejista de produtos alimentícios em geral ou especializado em produtos alimentícios não especificados anteriormente,22,20,9,0.359806175689828,0.003957281571079916,0.43949697724569475,-0.002805314896812555,0.4657821952078149,0.0005759833371336805,False
Restaurantes e similares,Serviços advocatícios,37,18,15,0.668628209167536,0.017553499611007252,0.3073483218907518,-0.016414489424059257,0.2724069181812569,0.0005695050934739973,False
Comércio varejista especializado de eletrodomésticos e equipamentos de áudio e vídeo,Fabricação de produtos de padaria e confeitaria com predominância de produção própria,20,26,9,0.3215686257031703,0.0041127414022600305,0.43371562662953,-0.0030032738002414403,0.4605104432200866,0.0005547338010092951,False
Comércio varejista de animais vivos e de artigos e alimentos para animais de estimação,Serviços advocatícios,22,18,8,0.5198161066536533,0.012167966214704418,0.36781016588299076,-0.01115814356030277,0.3272696920366585,0.000504911327200824,False
Atividades de contabilidade,Comércio varejista de combustíveis para veículos automotores,28,133,24,0.4375123378295751,0.005726393943639026,0.4005878595962499,-0.004719314155092886,0.44517464458323325,0.00050353989427307,False
Administração pública em geral,"Lanchonetes, casas de chá, de sucos e similares",94,32,12,0.03611643922914546,0.002857242568289679,0.44889736976573424,-0.0018684992281141671,0.46546936321397386,0.000494371670087756,False
Comércio varejista de hortifrutigranjeiros,Comércio varejista de medicamentos veterinários,20,26,11,0.4764001261532802,0.010788438687960061,0.35844941994172796,-0.009818195465059774,0.36775894048658553,0.0004851216114501438,False
"Comércio varejista de produtos farmacêuticos, sem manipulação de fórmulas",Padaria e confeitaria com predominância de revenda,156,26,21,0.35286484355429587,-0.01648845227913884,0.27591086640980755,0.01739478476529879,0.2818663688768449,0.0004531662430799742,False
Comércio a varejo de motocicletas e motonetas novas,Comércio varejista de bebidas,16,27,10,0.5646114459023132,-0.014864143909357204,0.23274722049944396,0.015634345641068303,0.30448969095968004,0.0003851008658555498,False
Atividades de associações de defesa de direitos sociais,"Comércio varejista de produtos farmacêuticos, com manipulação de fórmulas",19,13,7,0.5558150796739093,-0.008846927091586887,0.37618330410265244,0.00952579836468051,0.3476986424092523,0.0003394356365468117,False
Atividade médica ambulatorial restrita a consultas,"Lojas de departamentos ou magazines, exceto lojas francas (Duty free)",18,39,6,0.08402349843306772,-0.006996078647627382,0.3751973068925406,0.007657969323571647,0.41051086368469414,0.0003309453379721325,False
"Aparelhamento de placas e execução de trabalhos em mármore, granito, ardósia e outras pedras",Comércio varejista de bebidas,14,27,7,0.5112676443261696,-0.02190423257027259,0.1905202134916642,0.022541991927807026,0.21782665138324198,0.00031887967876721886,False
Comércio varejista de artigos de óptica,"Comércio varejista de produtos farmacêuticos, sem manipulação de fórmulas",26,156,22,0.3933809097927271,0.003435704244264775,0.4301589071606755,-0.002801198478059973,0.48352890176004165,0.00031725288310240096,False
Cartórios,Fabricação de alimentos para animais,70,13,13,0.5062391420469274,0.005067891899318679,0.4461903490314004,-0.004533726059180198,0.4300018038951905,0.0002670829200692405,False
"Comercio varejista de artigos de cama, mesa e banho",Comércio varejista de artigos do vestuário e acessórios,14,46,9,0.36241339738825806,0.008868010462598755,0.39769243036164936,-0.008394035907930657,0.42753704402884396,0.0002369872773340491,False
Casas lotéricas,Comércio a varejo de pneumáticos e câmaras-de-ar,51,13,5,0.12753331504407994,-0.007726637710973075,0.386904542270157,0.0081919584815062,0.37289587958327863,0.00023266038526656256,False
"Comércio varejista de mercadorias em geral, com predominância de produtos alimentícios - supermercados",Serviços de engenharia,50,17,12,0.5174053123558862,-0.003346775428418233,0.45820925326412687,0.003736282135931707,0.4346809485299046,0.000194753353756737,False
Comércio varejista de ferragens e ferramentas,Serviços advocatícios,12,18,5,0.21372320111685544,0.002623830047156346,0.4575151672707798,-0.00234510188190839,0.458083472646152,0.00013936408262397787,False
Administração pública em geral,Padaria e confeitaria com predominância de revenda,94,26,13,0.08983474184734978,-0.006431530410015293,0.40792550673278444,0.006610980593619331,0.4226982935036401,8.972509180201881e-05,False
Comércio atacadista de cereais e leguminosas beneficiados,"Comércio varejista de mercadorias em geral, com predominância de produtos alimentícios - supermercados",13,50,8,0.42822212303925544,0.004858060546174762,0.4215906707447051,-0.004960188530201668,0.42918775678431326,-5.106399201345322e-05,False
Comércio varejista de artigos de papelaria,Serviços de comunicação multimídia - SCM,14,47,7,0.36316199729111304,0.006105586729385089,0.3969865623935818,-0.006252512880845395,0.40151209434031354,-7.346307573015279e-05,False
"Comércio varejista de produtos farmacêuticos, com manipulação de fórmulas",Laboratórios clínicos,13,22,7,0.25584850180539986,-0.0068398214877009615,0.3846375635040505,0.006640694875220785,0.3792048680954786,-9.95633062400884e-05,False
Atividade médica ambulatorial com recursos para realização de exames complementares,"Comércio varejista de mercadorias em geral, com predominância de produtos alimentícios - minimercados, mercearias e armazéns",15,130,7,0.038615566655088314,-0.009102717663717922,0.3692323048376358,0.008764316917993497,0.38063194482965423,-0.00016920037286221289,False
Hotéis,"Transporte rodoviário de carga, exceto produtos perigosos e mudanças, intermunicipal, interestadual e internacional",22,24,9,0.35940871149876896,-0.004362193451207526,0.4516237335162836,0.00402197146901681,0.4542621033135993,-0.00017011099109535792,False
Comércio varejista de hortifrutigranjeiros,Serviços de manutenção e reparação mecânica de veículos automotores,20,14,7,0.45777196829465105,0.01080070381630685,0.33988061016248394,-0.011151377368540532,0.31441864650009743,-0.00017533677611684083,False
Atividades de cobrança e informações cadastrais,Comércio varejista especializado de equipamentos de telefonia e comunicação,14,21,12,0.8226739944399475,-0.004878782799925959,0.4406098461418558,0.0045176526739271585,0.4348437262610602,-0.00018056506299940012,False
"Comércio varejista de cosméticos, produtos de perfumaria e de higiene pessoal",Comércio varejista especializado de eletrodomésticos e equipamentos de áudio e vídeo,22,20,7,0.2039965966764825,-0.0007244723632566457,0.4836029379350484,0.00033025551533177405,0.49172599214839846,-0.0001971084239624358,False
Comércio varejista de medicamentos veterinários,Serviços de engenharia,26,17,10,0.3963562349601392,-0.000862589332824081,0.4728049556853475,0.00037727194499777625,0.49224436160156054,-0.00024265869391315237,False
Atividades de condicionamento físico,Cartórios,22,70,17,0.4157724527486935,0.0023977547704973072,0.4535583986946303,-0.0030184992130139255,0.4550412143824888,-0.00031037222125830915,False
Comércio a varejo de peças e acessórios novos para veículos automotores,Comércio varejista de carnes - açougues,34,15,8,0.24733307547260086,0.015655892736278477,0.28656556612695633,-0.016456584145202152,0.2521064379206073,-0.0004003457044618377,False
Atividade médica ambulatorial com recursos para realização de exames complementares,Comércio varejista de artigos de óptica,15,26,7,0.2819937676524175,-0.000711141858495778,0.4967349252996386,-8.978871907895354e-05,0.49630516568417393,-0.0004004652887873658,False
Atividades de contabilidade,Comércio varejista de artigos de óptica,28,26,14,0.4465441056778112,-0.005370666786893956,0.425283506879365,0.004384526942828834,0.44658178667752374,-0.000493069922032561,False
Comércio atacadista de cereais e leguminosas beneficiados,Comércio varejista especializado de equipamentos de telefonia e comunicação,13,21,8,0.5394889454689535,0.0004905872987346847,0.49808442111203893,-0.0015744735581423234,0.4723232292804873,-0.0005419431297038193,False
"Comercio varejista de artigos de cama, mesa e banho",Comércio varejista de materiais de construção em geral,14,98,11,0.41062665956083333,0.006876847375947924,0.39937296105465186,-0.00808673158442325,0.38032587390409794,-0.0006049421042376626,False
Comércio varejista de hortifrutigranjeiros,Serviços de engenharia,20,17,7,0.42506645773365187,0.0010569423075430517,0.49003676763177073,-0.002591135246304471,0.45317269256341935,-0.0007670964693807095,False
Comércio a varejo de peças e acessórios novos para veículos automotores,Formação de condutores,34,19,11,0.4593455005706433,0.0022236435116954976,0.4707487784297274,-0.0038292468694432025,0.4524134954608169,-0.0008028016788738524,False
Atividade odontológica com recursos para realização de procedimentos cirúrgicos,Comércio varejista de bebidas,39,27,15,0.551297818981866,-0.007868860439450155,0.37244904747538177,0.006252362264406355,0.4274902826823349,-0.0008082490875218999,False
"Comércio varejista de produtos farmacêuticos, com manipulação de fórmulas",Hotéis,13,22,7,0.24387196656507346,-0.003940811810654059,0.4306359741942789,0.002314426234056691,0.48931149570348925,-0.000813192788298684,False
Atividade médica ambulatorial com recursos para realização de exames complementares,Fabricação de alimentos para animais,15,13,6,0.29236778493230575,-0.0006631946388418327,0.48847192657180283,-0.0009735155862113065,0.49580402726950307,-0.0008183551125265697,False
Comércio a varejo de pneumáticos e câmaras-de-ar,Comércio varejista de medicamentos veterinários,13,26,8,0.6325565585708978,-0.0020760799685433525,0.46136518324128983,0.000380582151340021,0.4890354617652183,-0.0008477489086016658,False
"Comércio varejista de cosméticos, produtos de perfumaria e de higiene pessoal",Comércio varejista especializado de equipamentos de telefonia e comunicação,22,21,14,0.6015508944261545,0.006053691329772817,0.4214550563229129,-0.007868084502769166,0.403587281276201,-0.0009071965864981745,False
Comércio a varejo de peças e acessórios novos para veículos automotores,Serviços de manutenção e reparação mecânica de veículos automotores,34,14,10,0.4404514730544152,0.014802174805202293,0.2723005767142838,-0.016884634470437664,0.25470433269092013,-0.0010412298326176852,False
"Comércio varejista de produtos farmacêuticos, com manipulação de fórmulas",Fabricação de produtos de padaria e confeitaria com predominância de produção própria,13,26,6,0.3050552189796228,-0.008115741635972095,0.3556324743976059,0.005962680903652725,0.4123215974631395,-0.001076530366159685,False
Fabricação de produtos de padaria e confeitaria com predominância de produção própria,Hotéis,26,22,11,0.3820040064977902,-0.03217290149001106,0.11261195905982674,0.02971805382424147,0.23016278738201856,-0.001227423832884796,False
Comércio varejista de madeira e artefatos,"Comércio varejista de mercadorias em geral, com predominância de produtos alimentícios - supermercados",15,50,13,0.5079533349094935,0.011206358712885986,0.3466444552620563,-0.013817203356716726,0.318154936474191,-0.0013054223219153699,False
"Atividades de consultoria em gestão empresarial, exceto consultoria técnica específica","Lojas de variedades, exceto lojas de departamentos ou magazines",12,17,6,0.23456480938046023,0.009389149181090989,0.3503831629414722,-0.012035326225177907,0.3188162503073202,-0.0013230885220434589,False
Cartórios,Comércio varejista de carnes - açougues,70,15,11,0.1877321150797536,0.010188327121383924,0.3725702090561016,-0.013009741991794109,0.2754392900381069,-0.0014107074352050922,False
Comércio varejista de bebidas,Comércio varejista de móveis,27,74,10,0.10374474925577155,-0.010546526486264623,0.35597657328037424,0.007644586603581841,0.3823384193830515,-0.001450969941341391,False
Comércio varejista de ferragens e ferramentas,Educação infantil - pré-escola,12,25,6,0.28433146679236715,0.006746251570518555,0.387699210860945,-0.009661562950577872,0.3635372920946572,-0.0014576556900296584,False
Atividade odontológica com recursos para realização de procedimentos cirúrgicos,Comércio varejista especializado de eletrodomésticos e equipamentos de áudio e vídeo,39,20,10,0.35251953357104976,-0.005069546035080128,0.4391459606067552,0.0021269355739357947,0.48477912668036893,-0.0014713052305721668,False
Atividade médica ambulatorial com recursos para realização de exames complementares,Comércio varejista de animais vivos e de artigos e alimentos para animais de estimação,15,22,8,0.313896068614983,0.0011033516350880243,0.45709955099062316,-0.004160621570882619,0.45301396335753386,-0.001528634967897297,False
"Comércio varejista de cosméticos, produtos de perfumaria e de higiene pessoal",Construção de edifícios,22,67,19,0.5181171926778855,-0.0029868172413715175,0.44541714993416337,-0.00011509719729623413,0.4790130794147912,-0.0015509572193338759,False
"Bancos múltiplos, com carteira comercial",Construção de edifícios,11,67,7,0.17908121589583045,-0.012131409426660064,0.331827148663152,0.008951094024507191,0.39733537742584546,-0.0015901577010764365,False
Serviços de engenharia,Serviços de manutenção e reparação mecânica de veículos automotores,17,14,8,0.6421103162509687,0.002939869300692254,0.42168978221633346,-0.006230426267686372,0.4072077046826914,-0.001645278483497059,False
Atividades de contabilidade,Formação de condutores,28,19,12,0.3968626114335518,0.006316075713873369,0.3992047669752317,-0.009674135109772537,0.38250921162986296,-0.0016790296979495838,False
Casas lotéricas,Serviços de funerárias,51,22,8,0.2203881459218684,0.011253984568786525,0.366008000576645,-0.014722076774863032,0.27564080078696584,-0.0017340461030382536,False
Comercio varejista de artigos de armarinho,"Comércio varejista de mercadorias em geral, com predominância de produtos alimentícios - minimercados, mercearias e armazéns",21,130,15,0.18113805809712927,0.0018069237611538012,0.46147778791917143,-0.0053291365534605456,0.4081632959111174,-0.0017611063961533722,False
Atividade odontológica com recursos para realização de procedimentos cirúrgicos,"Comércio atacadista de mercadorias em geral, com predominância de produtos alimentícios",39,12,10,0.5746710954689902,-0.021342888359465656,0.19433035382689895,0.017635707515873674,0.27524869331428053,-0.001853590421795991,False
"Comércio atacadista de mercadorias em geral, com predominância de produtos alimentícios",Hotéis,12,22,6,0.3927303089747881,-0.004966200491538064,0.42780740442685544,0.0012422960610025192,0.46608047879467274,-0.0018619522152677724,False
Coleta de resíduos não-perigosos,Fabricação de produtos de padaria e confeitaria com predominância de produção própria,11,26,5,0.22360262345456422,-0.003952441144233222,0.4258148358157199,0.00011637157141900257,0.4981299996907746,-0.0019180347864071097,False
Atividades de condicionamento físico,Fabricação de águas envasadas,22,11,5,0.41728360968779216,0.008578610513393776,0.39663056277937514,-0.012433631631810807,0.32478881150128935,-0.0019275105592085158,False
Atividades de condicionamento físico,"Atividades de consultoria em gestão empresarial, exceto consultoria técnica específica",22,12,8,0.655177644164162,-0.009596455925025912,0.3743460582649808,0.0057321643077190496,0.41572551498071014,-0.0019321458086534312,False
Construção de edifícios,Serviços de comunicação multimídia - SCM,67,47,29,0.461778906318237,0.021952800575037686,0.25662905219347354,-0.02585454969774671,0.1688257496694695,-0.0019508745613545115,False
"Aparelhamento de placas e execução de trabalhos em mármore, granito, ardósia e outras pedras",Comércio varejista de artigos de papelaria,14,14,5,0.5509734613099877,-0.016744503831748303,0.24951822505554672,0.01283510650431205,0.32740310443584486,-0.001954698663718127,False
Comércio atacadista de cereais e leguminosas beneficiados,"Comércio varejista de produtos farmacêuticos, sem manipulação de fórmulas",13,156,11,0.29836752359810265,0.0056984534541606215,0.4171623938846022,-0.00986634214274786,0.3469239085071273,-0.0020839443442936196,False
Comércio a varejo de peças e acessórios novos para veículos automotores,"Comércio varejista de produtos farmacêuticos, sem manipulação de fórmulas",34,156,28,0.39225147141489314,0.011686505661553917,0.30065920141722385,-0.01589889087026154,0.2948169436729974,-0.0021061926043538107,False
Atividades de associações de defesa de direitos sociais,Atividades de contabilidade,19,28,11,0.5156551892412757,-0.013188708095943745,0.3184793455701621,0.008949517399941374,0.3526086175873778,-0.0021195953480011853,False
Comércio varejista de madeira e artefatos,Serviços de engenharia,15,17,8,0.6003270438558197,0.00100679046247892,0.4837642447099203,-0.005460038222969734,0.43985490245101233,-0.002226623880245407,False
Atividades de condicionamento físico,Comércio a varejo de peças e acessórios novos para veículos automotores,22,34,15,0.5375588300380852,-0.010359624341886406,0.3246788547607845,0.005887697783663207,0.4213980297085619,-0.0022359632791115994,False
Comércio a varejo de peças e acessórios novos para veículos automotores,"Transporte rodoviário de carga, exceto produtos perigosos e mudanças, intermunicipal, interestadual e internacional",34,24,14,0.494048365072194,0.00971228131474144,0.35721306241857886,-0.014309182479239029,0.295363501269194,-0.002298450582248795,False
Comércio varejista de móveis,Fabricação de produtos de padaria e confeitaria com predominância de produção própria,74,26,12,0.10146561682419976,0.009863795385458791,0.3895297341479973,-0.014493714614726655,0.28518658156213195,-0.0023149596146339315,False
Atividade médica ambulatorial restrita a consultas,Padaria e confeitaria com predominância de revenda,18,26,8,0.46573251480521344,-0.022724990344580594,0.16435253760168478,0.017804863682156027,0.25832371776629326,-0.0024600633312122835,False
Comércio a varejo de pneumáticos e câmaras-de-ar,Comércio varejista especializado de equipamentos de telefonia e comunicação,13,21,11,0.6697065749503843,-0.0029697540293171336,0.454393495660776,-0.002044567880086436,0.4750993984491072,-0.002507160954701785,False
"Comércio atacadista de mercadorias em geral, com predominância de produtos alimentícios",Comércio varejista de combustíveis para veículos automotores,12,133,9,0.21596630067096406,0.012530913487055722,0.33648700455834807,-0.017695814688271423,0.2575262302717556,-0.002582450600607851,False
Fabricação de móveis com predominância de madeira,Padaria e confeitaria com predominância de revenda,15,26,6,0.20585785520691904,0.004860918659053098,0.4469056730494109,-0.010041390327081947,0.36578943740618214,-0.0025902358340144246,False
Atividades do Correio Nacional,"Comércio varejista de produtos farmacêuticos, sem manipulação de fórmulas",54,156,43,0.0790587612235733,-0.0048019136380533034,0.40923450724413823,-0.00040184665413358505,0.48947780950104286,-0.002601880146093444,False
Comércio varejista de medicamentos veterinários,"Lanchonetes, casas de chá, de sucos e similares",26,32,16,0.4946295553033242,-0.016926107274958444,0.2566169399032754,0.011690168711256064,0.367835092510223,-0.0026179692818511903,False
"Comércio varejista de suvenires, bijuterias e artesanatos",Fabricação de produtos de padaria e confeitaria com predominância de produção própria,10,26,5,0.2460830237179474,-0.006989759136879454,0.40166268197571786,0.0016015513265908933,0.4720945041789465,-0.0026941039051442805,False
"Lojas de variedades, exceto lojas de departamentos ou magazines",Serviços de comunicação multimídia - SCM,17,47,12,0.39946935771005254,-0.005907285857383903,0.41003628782932655,0.00048155866895343105,0.4994458701958453,-0.0027128635942152363,False
Comércio varejista de bebidas,Laboratórios clínicos,27,22,9,0.2960218653682494,-0.00768804539829535,0.40146790276696187,0.002257804253313099,0.473199123474213,-0.0027151205724911254,False
"Comércio varejista de produtos farmacêuticos, sem manipulação de fórmulas",Formação de condutores,156,19,18,0.4215758841281667,-0.008246920457109572,0.39885766593081895,0.0026702584956576334,0.4610210729394074,-0.0027883309807259695,False
Comércio varejista de móveis,"Comércio varejista de produtos farmacêuticos, sem manipulação de fórmulas",74,156,59,0.2230898088526947,-0.007678264422636673,0.40015152035884904,0.0020302922257405486,0.4692084043416834,-0.002823986098448062,False
Comércio a varejo de peças e acessórios novos para veículos automotores,Fabricação de alimentos para animais,34,13,9,0.35133876819055276,-0.00033482823550685123,0.4838542325665674,-0.005374313607597703,0.3915724640443086,-0.0028545709215522775,False
Atividades de associações de defesa de direitos sociais,Laboratórios clínicos,19,22,9,0.38405483956730674,-0.007803939139555817,0.37564143591668764,0.002039349631401116,0.45713170463373876,-0.0028822947540773506,False
Educação infantil - pré-escola,Serviços de comunicação multimídia - SCM,25,47,18,0.5897960108124595,0.008042921345533234,0.4014039811549755,-0.013847906050423315,0.3003150118657201,-0.0029024923524450406,False
Atividades de associações de defesa de direitos sociais,Ensino fundamental,19,11,6,0.5147132841091769,0.0013496877368371653,0.469789603262045,-0.007202161514223443,0.3961467435925436,-0.0029262368886931386,False
Comércio varejista de carnes - açougues,Fabricação de produtos de panificação industrial,15,15,5,0.512518910106506,-0.017938546367635803,0.21929438967315668,0.012025983502693533,0.31610238727858475,-0.002956281432471135,False
"Comércio varejista de produtos farmacêuticos, sem manipulação de fórmulas",Serviços de engenharia,156,17,15,0.3672027941144569,-0.01834289340112431,0.26388973415655115,0.012387464179127021,0.3131166320832801,-0.0029777146109986443,False
Comércio a varejo de pneumáticos e câmaras-de-ar,Restaurantes e similares,13,37,12,0.6314928435806604,-0.01308565604553582,0.2843306132695937,0.007112404727557336,0.4352479358776508,-0.0029866256589892418,False
Comércio a varejo de peças e acessórios novos para motocicletas e motonetas,Serviços de manutenção e reparação mecânica de veículos automotores,26,14,8,0.5265546705383319,0.001368435720077591,0.4821960930377972,-0.0075190251185650045,0.36874191922782795,-0.003075294699243707,False
Comercio varejista de artigos de armarinho,Comércio varejista de animais vivos e de artigos e alimentos para animais de estimação,21,22,6,0.14962756262694796,0.010567804486338506,0.3148670405328754,-0.016866875974776055,0.2957167092469589,-0.0031495357442187745,False
Comércio varejista de medicamentos veterinários,Comércio varejista de mercadorias em lojas de conveniência,26,11,6,0.3157836819816775,-0.0116918707155035,0.3201423388410666,0.005372140169085504,0.40932583910809056,-0.003159865273208998,False
Comercio varejista de artigos de armarinho,Cultivo de soja,21,21,6,0.2649919744641022,0.007923651184763406,0.3822243997079625,-0.01436306197837678,0.3707087552102808,-0.003219705396806687,False
"Lanchonetes, casas de chá, de sucos e similares",Serviços advocatícios,32,18,13,0.5960601340563929,0.008693101015255137,0.3753117071216041,-0.015395975009805454,0.284986411808395,-0.0033514369972751585,False
Comércio a varejo de peças e acessórios novos para motocicletas e motonetas,Comércio varejista de hortifrutigranjeiros,26,20,12,0.6141761502598476,-0.010447471627984003,0.3279720182609621,0.003689756724637148,0.4418254090219466,-0.0033788574516734277,False
Cartórios,Coleta de resíduos não-perigosos,70,11,7,0.13078688259038973,0.010186221054788648,0.34691668326674635,-0.01700126786354629,0.251844090746284,-0.003407523404378821,False
Comércio varejista de animais vivos e de artigos e alimentos para animais de estimação,"Comércio varejista de produtos farmacêuticos, sem manipulação de fórmulas",22,156,20,0.46855342765101493,0.009429205716819756,0.38582052023150637,-0.016271532254572212,0.30212227147561777,-0.003421163268876228,False
Atividades de cobrança e informações cadastrais,Cartórios,14,70,11,0.32478754408019717,-0.004093235342737108,0.44510368328336547,-0.0028949574921056857,0.4828257144858844,-0.0034940964174213973,False
"Atividades de consultoria em gestão empresarial, exceto consultoria técnica específica",Serviços de manutenção e reparação mecânica de veículos automotores,12,14,5,0.513600119532139,0.010939561016102002,0.34237761763014174,-0.017943856459545656,0.22409094134099394,-0.003502147721721827,False
Administração pública em geral,"Lojas de departamentos ou magazines, exceto lojas francas (Duty free)",94,39,13,-0.03943170806281576,-0.0009406234413180988,0.4949605324945642,-0.006168466363670749,0.4089428349850201,-0.003554544902494424,False
"Comércio varejista de mercadorias em geral, com predominância de produtos alimentícios - supermercados","Comércio varejista de produtos farmacêuticos, sem manipulação de fórmulas",50,156,37,0.39713779051973314,-0.00232411238481978,0.4608318378416694,-0.004790738775392821,0.44215656991390956,-0.0035574255801063006,False
Atividades de cobrança e informações cadastrais,Comércio a varejo de peças e acessórios novos para motocicletas e motonetas,14,26,7,0.48764736011860543,0.0020862922449772516,0.4608332224608819,-0.009271685700154937,0.3399033921673925,-0.0035926967275888427,False
Comércio a varejo de pneumáticos e câmaras-de-ar,"Comércio varejista de cosméticos, produtos de perfumaria e de higiene pessoal",13,22,8,0.3506845453276904,-0.007752053133037447,0.37185230153483717,0.0004703932086588632,0.4883398964667902,-0.0036408299621892917,False
"Aparelhamento de placas e execução de trabalhos em mármore, granito, ardósia e outras pedras",Fabricação de móveis com predominância de madeira,14,15,8,0.4479454253228226,-0.0020742359367003104,0.44221179033369384,-0.005346724895494692,0.4101512565576374,-0.0037104804160975014,False
Comércio varejista de medicamentos veterinários,"Lojas de departamentos ou magazines, exceto lojas francas (Duty free)",26,39,5,0.05613996734709658,-0.019011164959113175,0.242783569504888,0.011536500382852515,0.33166020907027716,-0.00373733228813033,False
Comércio varejista de hortifrutigranjeiros,Formação de condutores,20,19,6,0.25765576150673114,-0.0034807098392906615,0.45125555299327635,-0.004094730953391169,0.4385976429486643,-0.0037877203963409154,False
Atividades de associações de defesa de direitos sociais,"Atividades de consultoria em gestão empresarial, exceto consultoria técnica específica",19,12,6,0.5159844105953483,-0.02191814782358412,0.22591573601873494,0.014342534997994587,0.29624477962413165,-0.0037878064127947666,False
Comércio varejista de artigos de óptica,Serviços de engenharia,26,17,6,0.09493415551661323,0.008761419477276008,0.3813126570356248,-0.01647145517307193,0.26638726084702063,-0.0038550178478979616,False
Comércio varejista de combustíveis para veículos automotores,"Transporte rodoviário de carga, exceto produtos perigosos e mudanças, intermunicipal, interestadual e internacional",133,24,13,0.17151407248903364,-0.007842473413779838,0.386635702796703,-5.131242822114307e-05,0.4785003920016285,-0.003946892921000491,False
Cartórios,Comércio varejista de medicamentos veterinários,70,26,17,0.33908462532403844,-0.001031638595560861,0.47941473668798124,-0.006966786676169823,0.39891727537662486,-0.003999212635865342,False
Comércio a varejo de peças e acessórios novos para veículos automotores,"Comércio varejista de suvenires, bijuterias e artesanatos",34,10,7,0.4045689905975272,0.006171509064056472,0.3972023113605605,-0.014187654188096898,0.29600187378488996,-0.004008072562020213,False
Atividades de cobrança e informações cadastrais,"Comércio varejista de produtos farmacêuticos, com manipulação de fórmulas",14,13,8,0.7152904877311033,-0.0029815467543255324,0.4509975186444089,-0.00508693446063887,0.4124165656143729,-0.004034240607482201,False
Atividades do Correio Nacional,Casas lotéricas,54,51,20,0.20224360091371948,0.005262770146290195,0.44185757463337477,-0.013383179527220651,0.3413946254030267,-0.004060204690465228,False
Comércio varejista de artigos de óptica,Comércio varejista de combustíveis para veículos automotores,26,133,20,0.3228746914905697,0.0026228321197971868,0.4712367677535041,-0.010839908418142622,0.3394456377873271,-0.004108538149172718,False
Atividades de organizações religiosas,Comercio varejista de artigos de armarinho,30,21,7,0.15501931629957905,-0.0032288654373882272,0.45250246519793624,-0.005049152614266752,0.4112350068068469,-0.00413900902582749,False
Comércio varejista de calçados,Comércio varejista de madeira e artefatos,22,15,8,0.4016958209575181,-0.0016986856429842341,0.47898769072549024,-0.006629316187574248,0.3816727975431437,-0.0041640009152792415,False
Comercio varejista de artigos de armarinho,Comércio a varejo de peças e acessórios novos para motocicletas e motonetas,21,26,5,0.23652687647482093,0.006135299312118827,0.4190153238680891,-0.014506049817729379,0.29128703027796565,-0.004185375252805277,False
"Comércio varejista de mercadorias em geral, com predominância de produtos alimentícios - hipermercados",Serviços de comunicação multimídia - SCM,12,47,6,0.4588287241333456,0.011839495084425226,0.3409507052619235,-0.020268447212222325,0.2195396047822385,-0.00421447606389855,False
Atividade médica ambulatorial com recursos para realização de exames complementares,Comércio varejista de mercadorias em lojas de conveniência,15,11,5,0.2984830732617672,5.486548359605394e-05,0.49560207226942204,-0.008861725670217759,0.3762540556657435,-0.004403430093310853,False
Comércio varejista de animais vivos e de artigos e alimentos para animais de estimação,Comércio varejista de medicamentos veterinários,22,26,10,0.3414982778444025,0.010057990683268665,0.3640738988647082,-0.01889366968248556,0.23152836710170943,-0.004417839499608447,False
Cartórios,Serviços advocatícios,70,18,12,0.20658475665656853,-0.011183352743783471,0.34678119920917677,0.0022546288219523715,0.4517780482676816,-0.00446436196091555,False
Comércio varejista de materiais de construção em geral,"Lojas de departamentos ou magazines, exceto lojas francas (Duty free)",98,39,31,0.4265492883588872,-0.0011453607125906254,0.47867816178429373,-0.00796100134781142,0.39708014038030126,-0.004553181030201023,False
Fabricação de produtos de padaria e confeitaria com predominância de produção própria,"Lojas de variedades, exceto lojas de departamentos ou magazines",26,17,8,0.4030983248907669,-0.009370122900156156,0.36401064826613183,5.7555110171806025e-05,0.4724098239400653,-0.004656283894992175,False
"Comércio varejista de mercadorias em geral, com predominância de produtos alimentícios - minimercados, mercearias e armazéns",Fabricação de produtos de padaria e confeitaria com predominância de produção própria,130,26,16,0.1340794172750811,-0.008096292587840568,0.3693049833873096,-0.0012568331635763581,0.49301723317902885,-0.004676562875708463,False
"Atividades de consultoria em gestão empresarial, exceto consultoria técnica específica",Comércio a varejo de peças e acessórios novos para motocicletas e motonetas,12,26,6,0.4472131964291947,0.008775445057164257,0.36154093052890546,-0.018257872256074465,0.22468829528642187,-0.004741213599455104,False
Comércio varejista de produtos alimentícios em geral ou especializado em produtos alimentícios não especificados anteriormente,"Comércio varejista de produtos farmacêuticos, com manipulação de fórmulas",20,13,8,0.6945796520788096,-0.009283836063771986,0.3735159932705412,-0.0006318512993563487,0.49111331872209213,-0.004957843681564167,False
"Comércio varejista de mercadorias em geral, com predominância de produtos alimentícios - supermercados",Ensino fundamental,50,11,10,0.44812387972627754,0.0020985585971280258,0.4521279285268627,-0.01224842558299798,0.330269104882124,-0.005074933492934977,False
Fabricação de produtos de panificação industrial,Serviços de manutenção e reparação mecânica de veículos automotores,15,14,6,0.5869949867220734,0.006478783846735953,0.39099570541206174,-0.016759168809002155,0.2328879809949576,-0.0051401924811331,False
Atividades de condicionamento físico,Comércio a varejo de peças e acessórios novos para motocicletas e motonetas,22,26,9,0.5087652468761702,0.0011873605954160732,0.490316775385802,-0.011539743289259491,0.3266079703679138,-0.005176191346921709,False
Comércio varejista especializado de equipamentos e suprimentos de informática,"Transporte rodoviário de carga, exceto produtos perigosos e mudanças, intermunicipal, interestadual e internacional",13,24,7,0.23506845985379368,-0.0069263205224725085,0.4084222478762345,-0.0034944238137775726,0.434972862125649,-0.00521037216812504,False
"Comercio varejista de artigos de cama, mesa e banho",Restaurantes e similares,14,37,13,0.580622999735582,0.007739142724015215,0.401074612573581,-0.018166290084884656,0.30241549574624815,-0.005213573680434721,False
Atividades de condicionamento físico,Atividades de contabilidade,22,28,14,0.6593451588703507,-0.009205166252971294,0.3856405871359745,-0.0012730651211810724,0.47698324995762026,-0.005239115687076183,False
"Comercio varejista de artigos de cama, mesa e banho","Lojas de departamentos ou magazines, exceto lojas francas (Duty free)",14,39,6,0.16685360390024792,-0.004993496899427514,0.4139234235219806,-0.0055164202898377,0.42482485571038714,-0.005254958594632608,False
Criação de bovinos para corte,Serviços de comunicação multimídia - SCM,30,47,11,0.13957711270605358,0.014639507029216101,0.36867822246865867,-0.025225518594386657,0.1571634030416752,-0.005293005782585278,False
Comércio varejista de combustíveis para veículos automotores,Serviços combinados de escritório e apoio administrativo,133,14,9,0.16051322381615601,-0.013641108414991507,0.3107173778892428,0.0030495999303175145,0.46570299708662005,-0.0052957542423369966,False
"Aparelhamento de placas e execução de trabalhos em mármore, granito, ardósia e outras pedras","Atividades de consultoria em gestão empresarial, exceto consultoria técnica específica",14,12,5,0.5917962377634305,-0.015320850520046734,0.27092930557418815,0.00464421579046553,0.42474586872477904,-0.005338317364790602,False
Comércio varejista de animais vivos e de artigos e alimentos para animais de estimação,Serviços de funerárias,22,22,10,0.3015692471213545,-0.019477297159252067,0.2439046029540377,0.008791005172824844,0.3637618993912101,-0.005343145993213612,False
"Comércio atacadista de mercadorias em geral, com predominância de produtos alimentícios",Serviços de comunicação multimídia - SCM,12,47,6,0.41412686427731266,0.003420771020868253,0.43944957360874,-0.014219936176572844,0.30684862341298863,-0.0053995825778522955,False
Comercio varejista de artigos de armarinho,"Comércio varejista de suvenires, bijuterias e artesanatos",21,10,5,0.26935930691302623,-1.4416379595385922e-05,0.4885704308482644,-0.01085955628130606,0.32298316495399754,-0.005436986330450723,False
Comércio varejista de calçados,Serviços de engenharia,22,17,8,0.316902000524667,0.0008471446355708816,0.48942092002491033,-0.01181026579851309,0.31645289128584786,-0.005481560581471104,False
Comércio a varejo de pneumáticos e câmaras-de-ar,Serviços de manutenção e reparação mecânica de veículos automotores,13,14,6,0.5308059374255776,0.0027300904814968937,0.4424126127456705,-0.013771423590756317,0.28239952903657173,-0.0055206665546297115,False
Atividades do Correio Nacional,Formação de condutores,54,19,6,0.10284086491032185,-0.014035682487491622,0.32396877133625046,0.0029104877423002163,0.4574722385761341,-0.005562597372595703,False
Comercio varejista de artigos de armarinho,Construção de edifícios,21,67,14,0.3410612555657017,-0.007714246951312871,0.3892185077616146,-0.0035358905798279516,0.4691472539491402,-0.005625068765570411,False
Caixas econômicas,Comércio varejista de medicamentos veterinários,12,26,7,0.3001490752043445,0.006191228857233678,0.394849181433108,-0.017463749255368127,0.2434956443118419,-0.005636260199067224,False
Comércio varejista de artigos de óptica,Comércio varejista de gás liqüefeito de petróleo (GLP),26,34,10,0.25487862973577147,0.009441332241206126,0.37483229332699597,-0.020764477160647596,0.24618920820128853,-0.005661572459720735,False
Fabricação de produtos de padaria e confeitaria com predominância de produção própria,"Lanchonetes, casas de chá, de sucos e similares",26,32,14,0.42598604521741923,-0.009631080553231584,0.33170797002717184,-0.001700581207535133,0.4801966175334908,-0.005665830880383358,False
"Atividades de atendimento hospitalar, exceto pronto-socorro e unidades para atendimento a urgências",Fabricação de produtos de padaria e confeitaria com predominância de produção própria,12,26,5,0.4166521736429236,-0.005383593886294596,0.41013566912610844,-0.005988657095872849,0.42314052831112375,-0.0056861254910837225,False
Comércio varejista de calçados,Comércio varejista de gás liqüefeito de petróleo (GLP),22,34,9,0.15609010994987552,0.011452702178906456,0.3125689843424502,-0.02283649601403356,0.2097444137282553,-0.005691896917563552,False
Comércio varejista de artigos de papelaria,Comércio varejista de artigos de óptica,14,26,6,0.2553482434062921,-0.02018133462478379,0.22366927776202344,0.008789330582527366,0.3887660313484935,-0.0056960020211282115,False
"Atividades de consultoria em gestão empresarial, exceto consultoria técnica específica","Comercio varejista de artigos de cama, mesa e banho",12,14,7,0.5056440466534564,-0.012989967061889613,0.2994839020006379,0.0015178397580272109,0.4742973794838947,-0.005736063651931201,False
Comércio varejista de materiais de construção em geral,Laboratórios clínicos,98,22,20,0.4775596111388585,-0.0055306003405586265,0.4244669851721411,-0.00611145889685198,0.3871367059221456,-0.005821029618705303,False
"Comércio varejista de mercadorias em geral, com predominância de produtos alimentícios - minimercados, mercearias e armazéns","Comércio varejista de mercadorias em geral, com predominância de produtos alimentícios - supermercados",130,50,32,0.17276875151514287,-0.006782141050089831,0.4019636972124337,-0.004895729709474006,0.4307198696188947,-0.0058389353797819185,False
Comércio varejista de móveis,Fabricação de alimentos para animais,74,13,6,0.17914826008056492,0.005871138744100194,0.41950451925162496,-0.01759767358894711,0.24528084764058122,-0.005863267422423458,False
Fabricação de produtos de panificação industrial,Hotéis,15,22,7,0.40412671447199233,-0.009774641858132328,0.3636639625674075,-0.002132018801965968,0.4682135067645872,-0.0059533303300491475,False
"Comércio varejista de mercadorias em geral, com predominância de produtos alimentícios - supermercados","Comércio varejista de produtos farmacêuticos, com manipulação de fórmulas",50,13,13,0.6249155040991277,-0.01118305204413065,0.34667945071303236,-0.000771956575583436,0.4637688709890664,-0.005977504309857043,False
Comércio varejista de bebidas,"Comércio varejista de cosméticos, produtos de perfumaria e de higiene pessoal",27,22,13,0.4306961731726941,-0.013329858496840513,0.3262628591687538,0.0011244043423246871,0.4674236341903275,-0.006102727077257913,False
"Comércio varejista de mercadorias em geral, com predominância de produtos alimentícios - supermercados",Comércio varejista de mercadorias em lojas de conveniência,50,11,7,0.44428725730095237,-0.0044457364746075395,0.43859661558790375,-0.007815684169263143,0.381683976574528,-0.006130710321935341,False
Atividades do Correio Nacional,Comércio a varejo de peças e acessórios novos para veículos automotores,54,34,8,0.08115165610395948,-0.013028661773367896,0.3345748716688546,0.0006885882089713292,0.4806692232952575,-0.006170036782198284,False
Hotéis,Serviços advocatícios,22,18,9,0.3945694786923531,-0.008661457294300137,0.41023056374239,-0.0038052583425602186,0.42746864948098584,-0.006233357818430178,False
Comércio a varejo de peças e acessórios novos para motocicletas e motonetas,Comércio varejista de madeira e artefatos,26,15,6,0.47207481303718996,-0.010416713210119518,0.3280737911022469,-0.0020815685425898153,0.46382119379522346,-0.006249140876354667,False
Comércio varejista de hortifrutigranjeiros,Serviços advocatícios,20,18,10,0.5007117938913089,0.002511119757568178,0.4618256798559698,-0.015057593966978065,0.27579412164609973,-0.006273237104704944,False
Atividade odontológica com recursos para realização de procedimentos cirúrgicos,Formação de condutores,39,19,16,0.5481683668781041,-0.0010996219614476596,0.48470952496948244,-0.011545624538307974,0.36318109459704184,-0.006322623249877817,False
Atividades de associações de defesa de direitos sociais,Comércio varejista de medicamentos veterinários,19,26,9,0.48495144187561373,-0.016272522165485855,0.26600019618039983,0.003614755845299554,0.46742743653038976,-0.006328883160093151,False
Comércio varejista especializado de equipamentos de telefonia e comunicação,Serviços de manutenção e reparação mecânica de veículos automotores,21,14,10,0.7458669737176183,0.006613210439543846,0.41198917796396606,-0.01938103481891788,0.21799140181397952,-0.006383912189687016,False
"Lanchonetes, casas de chá, de sucos e similares","Transporte rodoviário de carga, exceto produtos perigosos e mudanças, intermunicipal, interestadual e internacional",32,24,15,0.5785091743525004,-0.002153623965007928,0.4726183050523452,-0.010753145725377068,0.3317708501754616,-0.006453384845192498,False
Comércio atacadista de cereais e leguminosas beneficiados,"Comércio varejista de cosméticos, produtos de perfumaria e de higiene pessoal",13,22,8,0.4612315776834253,-0.010062141371458083,0.33968983947445963,-0.0028446562607921636,0.4429472973460864,-0.006453398816125123,False
Educação infantil - pré-escola,Laboratórios clínicos,25,22,11,0.5310939569742914,-0.008444747020525582,0.39211686379078237,-0.0045068977494082075,0.4201788584190258,-0.006475822384966894,False
Comércio varejista de hortifrutigranjeiros,Comércio varejista de madeira e artefatos,20,15,9,0.6112614919139093,-0.009511085310079655,0.3503528217335663,-0.003488777741614901,0.45261729169750203,-0.0064999315258472785,False
"Bancos múltiplos, com carteira comercial",Fabricação de produtos de padaria e confeitaria com predominância de produção própria,11,26,6,0.15536255761168513,-0.004867053926104358,0.42997054242824845,-0.00821948197382522,0.3781657079462129,-0.006543267949964789,False
Atividade médica ambulatorial com recursos para realização de exames complementares,"Comércio varejista de cosméticos, produtos de perfumaria e de higiene pessoal",15,22,7,0.34480593653053526,-0.005102657453717958,0.4215808405965971,-0.008082975434193942,0.3740479047421552,-0.00659281644395595,False
Comércio varejista de produtos alimentícios em geral ou especializado em produtos alimentícios não especificados anteriormente,Laboratórios clínicos,20,22,8,0.4275766960342786,-0.007971077974800135,0.38646806343620305,-0.005393128337885313,0.4030116247210782,-0.0066821031563427235,False
Atividades de cobrança e informações cadastrais,Atividades de contabilidade,14,28,11,0.5698426857746598,-0.007960140049576759,0.3793508286616221,-0.005459339972891022,0.42024543649635693,-0.00670974001123389,False
Comércio varejista de materiais de construção em geral,Fabricação de produtos de padaria e confeitaria com predominância de produção própria,98,26,21,0.4702745390089357,0.0010799473812486407,0.4654648414671666,-0.014618993000864585,0.26707283366076295,-0.0067695228098079725,False
Comércio a varejo de peças e acessórios novos para veículos automotores,Comércio varejista especializado de equipamentos de telefonia e comunicação,34,21,16,0.6028698607494845,0.0043464292653219005,0.4487466969364802,-0.017939844628819954,0.2715335271790196,-0.006796707681749027,False
Atividades de apoio à agricultura não especificadas anteriormente,"Lanchonetes, casas de chá, de sucos e similares",13,32,7,0.21653548165127695,-0.00447451551436423,0.4437886097740371,-0.009136482573487191,0.38219437277016804,-0.006805499043925711,False
"Comércio atacadista de mercadorias em geral, com predominância de produtos alimentícios",Comércio varejista de medicamentos veterinários,12,26,5,0.415332460357938,0.010892367405676359,0.338926607974951,-0.02486480824897778,0.16908376110334788,-0.006986220421650711,False
Atividades de condicionamento físico,"Comércio varejista de suvenires, bijuterias e artesanatos",22,10,8,0.6432061026718509,-0.014460851804223403,0.29639515139664163,0.00045240444482611756,0.49582024009187375,-0.007004223679698643,False
Atividades de contabilidade,"Comércio varejista de produtos farmacêuticos, sem manipulação de fórmulas",28,156,23,0.3921578128131784,0.0019031517598498587,0.4575879093912058,-0.015923741519437203,0.28844576510679276,-0.007010294879793672,False
Comércio a varejo de motocicletas e motonetas novas,Comércio varejista de ferragens e ferramentas,16,12,6,0.3820307095558599,-0.013914136976568802,0.24939214735713233,-0.00018075185926047312,0.48888561984868306,-0.007047444417914638,False
Comércio varejista especializado de equipamentos e suprimentos de informática,Restaurantes e similares,13,37,11,0.5092800340047493,0.018658293901283204,0.2902999984347684,-0.03285699677100195,0.16603070933737912,-0.007099351434859373,False
Comércio varejista de móveis,Hotéis,74,22,11,0.12242958403888411,0.001955288444159957,0.46436370008494565,-0.01633080595941137,0.36053265323016953,-0.007187758757625707,False
Cartórios,"Comércio varejista de mercadorias em geral, com predominância de produtos alimentícios - supermercados",70,50,31,0.5005375785944537,-0.005979042761181542,0.4216537496171414,-0.008397157642683733,0.3714126957246897,-0.0071881002019326375,False
Comércio varejista de animais vivos e de artigos e alimentos para animais de estimação,Comércio varejista especializado de equipamentos e suprimentos de informática,22,13,5,0.23271983696389886,-0.030955672329651403,0.17356741626779137,0.01641184064372537,0.3119675346045088,-0.007271915842963017,False
Atividades de cobrança e informações cadastrais,"Comércio varejista de suvenires, bijuterias e artesanatos",14,10,7,0.7174402381588229,-0.014113951343599837,0.297717945114657,-0.0006671628603124457,0.48831445076306684,-0.007390557101956141,False
Atividade médica ambulatorial com recursos para realização de exames complementares,Comércio varejista de artigos do vestuário e acessórios,15,46,9,0.35835872113107464,0.0030860595886220954,0.4694177220056818,-0.018156469541768232,0.3122216455595531,-0.007535204976573068,False
Comércio varejista especializado de equipamentos e suprimentos de informática,Fabricação de alimentos para animais,13,13,6,0.40536445471796934,-0.0005300104191220485,0.4892379128708479,-0.014581132584098495,0.28958175445850176,-0.007555571501610272,False
Atividades de cobrança e informações cadastrais,"Comércio varejista de cosméticos, produtos de perfumaria e de higiene pessoal",14,22,9,0.439612520536772,-0.014608614313691317,0.29659135650952195,-0.0010522618791429083,0.495265777114254,-0.007830438096417112,False
"Comércio varejista de mercadorias em geral, com predominância de produtos alimentícios - supermercados",Fabricação de produtos de panificação industrial,50,15,8,0.41582997844226494,-0.005802583034184432,0.4150413332650118,-0.009888767779650882,0.3821309971225526,-0.007845675406917657,False
Comércio varejista de carnes - açougues,"Transporte rodoviário de carga, exceto produtos perigosos e mudanças, intermunicipal, interestadual e internacional",15,24,7,0.5155037186578972,-0.025339558478671004,0.12949661083289338,0.009614027637633787,0.377557726909519,-0.007862765420518609,False
Comércio a varejo de peças e acessórios novos para veículos automotores,Comércio varejista de medicamentos veterinários,34,26,14,0.3689588383250992,0.0010991026119953381,0.47262206988709876,-0.01682530285863961,0.2673520979108641,-0.007863100123322137,False
Formação de condutores,Padaria e confeitaria com predominância de revenda,19,26,8,0.34748441473560965,-0.009740908818596464,0.3596364055500034,-0.006022035975426358,0.4227884793093175,-0.00788147239701141,False
"Aparelhamento de placas e execução de trabalhos em mármore, granito, ardósia e outras pedras","Comércio varejista de mercadorias em geral, com predominância de produtos alimentícios - minimercados, mercearias e armazéns",14,130,8,0.1490334643461281,-0.007834167641015556,0.39007840218228684,-0.007998948685644032,0.3732051581635476,-0.007916558163329795,False
Comércio varejista de produtos alimentícios em geral ou especializado em produtos alimentícios não especificados anteriormente,Ensino fundamental,20,11,5,0.43263364468650606,0.005420103567108712,0.4162840436006908,-0.021270601761986488,0.22922359606991605,-0.007925249097438887,False
"Comércio varejista de cosméticos, produtos de perfumaria e de higiene pessoal","Obras de urbanização - ruas, praças e calçadas",22,13,6,0.35396006014622905,0.008088265234329683,0.38395384789617715,-0.023977830211407973,0.21986603127810994,-0.007944782488539144,False
"Atividades de consultoria em gestão empresarial, exceto consultoria técnica específica",Atividades de contabilidade,12,28,7,0.5212072159636344,0.0009866660764413886,0.4825093092818076,-0.017011956459025795,0.25767342354785683,-0.008012645191292203,False
Comércio varejista de madeira e artefatos,"Comércio varejista de produtos farmacêuticos, sem manipulação de fórmulas",15,156,14,0.4298290346262265,0.006642629496499953,0.4107020836561658,-0.022706232462007675,0.22302451365615772,-0.008031801482753861,False
"Comércio varejista de mercadorias em geral, com predominância de produtos alimentícios - minimercados, mercearias e armazéns",Fabricação de móveis com predominância de madeira,130,15,8,0.019379911423300023,-0.010355062187989535,0.35430686185360716,-0.005725714680087185,0.4485755213012798,-0.00804038843403836,False
"Lanchonetes, casas de chá, de sucos e similares",Serviços de comunicação multimídia - SCM,32,47,22,0.5838699031231079,0.004305168417630855,0.43284735915603473,-0.020494149815669594,0.20980887219018662,-0.00809449069901937,False
Comercio varejista de artigos de armarinho,Comércio varejista de combustíveis para veículos automotores,21,133,17,0.3066595170560533,-0.0023097232527860777,0.4554841083463087,-0.013947227273732108,0.3271959840167367,-0.008128475263259093,False
Atividade odontológica com recursos para realização de procedimentos cirúrgicos,Coleta de resíduos não-perigosos,39,11,5,0.2757122394137292,-0.01583594857425802,0.27879938223206346,-0.0005118063902230622,0.4789798887452238,-0.00817387748224054,False
Criação de bovinos para corte,"Lojas de departamentos ou magazines, exceto lojas francas (Duty free)",30,39,5,-0.01848794624880174,-0.018543376367447958,0.2974041906867869,0.0021733140667074893,0.48012028117569727,-0.008185031150370234,False
Comércio a varejo de pneumáticos e câmaras-de-ar,Comércio varejista especializado de equipamentos e suprimentos de informática,13,13,6,0.43276779886329125,-0.015377582296010781,0.249914572524292,-0.001128926601940866,0.4985250214129687,-0.008253254448975823,False
Atividade odontológica com recursos para realização de procedimentos cirúrgicos,Comércio varejista de mercadorias em lojas de conveniência,39,11,7,0.5577792723719845,-0.00612997472567154,0.41106029309188313,-0.010578310475004392,0.33848350207919825,-0.008354142600337965,False
"Aparelhamento de placas e execução de trabalhos em mármore, granito, ardósia e outras pedras",Comércio varejista de artigos de óptica,14,26,8,0.31313032604360236,-0.011612068545857432,0.3184524076747258,-0.00518131440943909,0.43046003345261225,-0.00839669147764826,False
"Comércio varejista de cosméticos, produtos de perfumaria e de higiene pessoal","Lojas de departamentos ou magazines, exceto lojas francas (Duty free)",22,39,10,0.2755236748974518,-0.00100584591481819,0.4718996823411483,-0.01586372817941039,0.3068887473203532,-0.00843478704711429,False
Atividades de contabilidade,Comércio varejista de madeira e artefatos,28,15,10,0.5654423115153361,-0.009736990367687388,0.35228043208632587,-0.007154629922181926,0.383640307741681,-0.008445810144934658,False
Comércio varejista de artigos de óptica,Formação de condutores,26,19,12,0.4671637626131208,-0.008570343982393307,0.39625589860887483,-0.008437502879138536,0.4058218252020245,-0.008503923430765921,False
Administração pública em geral,Comércio a varejo de motocicletas e motonetas novas,94,16,9,0.21201780897364544,-0.006891520551081748,0.4144480044021567,-0.010187198824665181,0.33944043305371263,-0.008539359687873465,False
Atividades de apoio à agricultura não especificadas anteriormente,Serviços de funerárias,13,22,6,0.18706003745332775,-0.006224372814026923,0.4461047152875772,-0.010919378170520815,0.33615028470900776,-0.008571875492273869,False
"Lojas de variedades, exceto lojas de departamentos ou magazines",Restaurantes e similares,17,37,9,0.3386484714111249,-0.008947583905726503,0.3648811977951123,-0.008400978493050156,0.4055267873565726,-0.00867428119938833,False
Comércio varejista de mercadorias em lojas de conveniência,Laboratórios clínicos,11,22,6,0.21308109866480726,-0.023505130132198626,0.18774368603953784,0.0060796488077357385,0.3910834763060551,-0.008712740662231443,False
Comércio varejista de combustíveis para veículos automotores,"Comércio varejista de suvenires, bijuterias e artesanatos",133,10,7,0.2537729945008545,-0.02654993166280389,0.16259849407507154,0.009118353289183012,0.37795463120103967,-0.00871578918681044,False
Comércio varejista de artigos de óptica,Fabricação de móveis com predominância de madeira,26,15,11,0.4662136894696217,-0.011178191699521094,0.33311325068065856,-0.006304716337176649,0.42486778998681846,-0.008741454018348872,False
Atividades de condicionamento físico,"Transporte rodoviário de carga, exceto produtos perigosos e mudanças, intermunicipal, interestadual e internacional",22,24,12,0.7047195174628899,-0.013116509946264397,0.3010675072770475,-0.004406663006377489,0.4670182614238473,-0.008761586476320943,False
Comércio varejista de artigos de papelaria,Comércio varejista de medicamentos veterinários,14,26,10,0.4431806484669477,0.00567516231788496,0.42339415321189655,-0.0232330921244014,0.17551824324574367,-0.00877896490325822,False
Comércio a varejo de peças e acessórios novos para veículos automotores,Fabricação de produtos de panificação industrial,34,15,8,0.37573746645057066,0.004719291552068677,0.4321496605229441,-0.02233811925875761,0.21000884073575288,-0.008809413853344467,False
Comércio varejista de combustíveis para veículos automotores,Laboratórios clínicos,133,22,17,0.20959491554625106,-0.010277736297868892,0.3684351082754637,-0.007366817185787864,0.37423730474468964,-0.008822276741828377,False
Casas lotéricas,Comercio varejista de artigos de armarinho,51,21,7,0.058600859133314066,-0.004243636669882965,0.4588238710957199,-0.013511968420067516,0.3124183414176185,-0.008877802544975241,False
Comércio varejista de hortifrutigranjeiros,Comércio varejista especializado de equipamentos de telefonia e comunicação,20,21,12,0.6033198090963929,-0.011531957672800795,0.33632642893884396,-0.006236717878244827,0.4120173490487351,-0.008884337775522812,False
Atividades de cobrança e informações cadastrais,Comércio varejista de hortifrutigranjeiros,14,20,8,0.549844766721866,-0.00944868812954392,0.3481956989832217,-0.008366040065549652,0.37544460079623576,-0.008907364097546786,False
Comércio a varejo de pneumáticos e câmaras-de-ar,Comércio varejista de hortifrutigranjeiros,13,20,8,0.5390550682779293,-0.012201027473158207,0.31117614616644107,-0.005630361985129904,0.4056388334551586,-0.008915694729144056,False
Casas lotéricas,Comércio varejista de medicamentos veterinários,51,26,9,0.13989963280323575,-0.007284823101571614,0.40471735316057394,-0.010581165386260903,0.34975836715952324,-0.008932994243916258,False
Comércio varejista de artigos de óptica,"Comércio varejista de mercadorias em geral, com predominância de produtos alimentícios - minimercados, mercearias e armazéns",26,130,18,0.17910327614218546,0.0013899146216989097,0.4812370724712203,-0.019359415015065037,0.22324284851188342,-0.008984750196683064,False
Atividades de associações de defesa de direitos sociais,Comércio atacadista de cereais e leguminosas beneficiados,19,13,7,0.5372024532727301,-0.019661109531623897,0.2407629658778651,0.0011873773001915325,0.4919038252390554,-0.009236866115716183,False
Comércio a varejo de peças e acessórios novos para veículos automotores,Comércio varejista especializado de eletrodomésticos e equipamentos de áudio e vídeo,34,20,9,0.33041234287303134,-0.006589933145253416,0.3967685757881676,-0.01202689691518842,0.33822379190395974,-0.009308415030220918,False
"Comercio varejista de artigos de cama, mesa e banho",Serviços advocatícios,14,18,7,0.43116807483045266,0.00110407510513289,0.4911833127742918,-0.019724161658350566,0.22185022159013257,-0.009310043276608837,False
Caixas econômicas,Comércio varejista de calçados,12,22,7,0.3705335344654352,-0.007227175768429621,0.3819119876782905,-0.011429529054890626,0.32342719753188687,-0.009328352411660124,False
Atividades de associações de defesa de direitos sociais,Serviços advocatícios,19,18,7,0.5017911949959513,-0.012694522056527864,0.33755396074416655,-0.005991070947937041,0.40919837841619555,-0.009342796502232452,False
"Comércio varejista de mercadorias em geral, com predominância de produtos alimentícios - minimercados, mercearias e armazéns",Comércio varejista de móveis,130,74,55,0.3029171822994593,-0.005719620014316882,0.41694763761455966,-0.01334896097711999,0.3330442977400264,-0.009534290495718436,False
Comércio varejista de madeira e artefatos,Fabricação de produtos de padaria e confeitaria com predominância de produção própria,15,26,6,0.2587220360939923,-0.013681543688609488,0.27934797518948185,-0.005483420895182101,0.4118848111964542,-0.009582482291895796,False
Comércio varejista de medicamentos veterinários,Educação infantil - pré-escola,26,25,12,0.42841577290660404,-0.026363448866044657,0.17718363570811763,0.007188216064740755,0.40798489302762053,-0.009587616400651951,False
Comércio atacadista de cereais e leguminosas beneficiados,Serviços de comunicação multimídia - SCM,13,47,9,0.36524581975902165,-0.0015197840081784641,0.49626170141671766,-0.01766783705470447,0.26069118316133416,-0.009593810531441467,False
Comércio a varejo de peças e acessórios novos para veículos automotores,"Comércio atacadista de mercadorias em geral, com predominância de produtos alimentícios",34,12,9,0.45365139746544897,0.0002783135514457318,0.4971542568117198,-0.019544025099828534,0.23713858714364133,-0.009632855774191401,False
Atividades de contabilidade,Comércio varejista de produtos alimentícios em geral ou especializado em produtos alimentícios não especificados anteriormente,28,20,13,0.5749834081484495,-0.008457416024717532,0.37226303077746314,-0.01080950309588651,0.34093671144776744,-0.00963345956030202,False
Comércio a varejo de motocicletas e motonetas novas,Comércio varejista de móveis,16,74,6,0.039601672211887484,-0.00527477239178306,0.41565520962377567,-0.014029738646171578,0.3228334189795819,-0.009652255518977318,False
Coleta de resíduos não-perigosos,"Comércio varejista de cosméticos, produtos de perfumaria e de higiene pessoal",11,22,5,0.2347849760708834,-0.016933002422512382,0.26289478800207844,-0.0024049419936948663,0.4601082082590938,-0.009668972208103624,False
Atividades de cobrança e informações cadastrais,Comércio a varejo de pneumáticos e câmaras-de-ar,14,13,5,0.5068417255279821,-0.012361631105122953,0.31096712169636903,-0.00703150598706513,0.37053137693499416,-0.00969656854609404,False
Formação de condutores,"Lojas de departamentos ou magazines, exceto lojas francas (Duty free)",19,39,9,0.1905755059764645,-0.003405701784935009,0.4566095393831493,-0.016072049233996372,0.2715353411735881,-0.009738875509465691,False
Comércio a varejo de peças e acessórios novos para veículos automotores,"Comércio varejista de mercadorias em geral, com predominância de produtos alimentícios - minimercados, mercearias e armazéns",34,130,24,0.19897696771110426,-0.00436310657068004,0.4142899015087898,-0.015348654217080265,0.30885547813879066,-0.009855880393880152,False
Comércio varejista de artigos de papelaria,Fabricação de móveis com predominância de madeira,14,15,7,0.5113423351815298,-0.014927945781607872,0.3019362117757462,-0.004791687303491015,0.42228352319032436,-0.009859816542549443,False
Comércio varejista de combustíveis para veículos automotores,Comércio varejista de móveis,133,74,51,0.2408454404844527,0.0018530728314537957,0.493438562747769,-0.02168694049652949,0.24444681330316814,-0.009916933832537847,False
Atividades de cobrança e informações cadastrais,Fabricação de produtos de padaria e confeitaria com predominância de produção própria,14,26,9,0.4931426205205554,-0.011198231481169866,0.3072299483424459,-0.00871608643600182,0.3604807400735822,-0.009957158958585843,False
Comércio a varejo de peças e acessórios novos para veículos automotores,Serviços de engenharia,34,17,11,0.3977890920030766,0.005594835552370454,0.4341256595728603,-0.02557200587606203,0.16562551713221418,-0.009988585161845788,False
Fabricação de produtos de panificação industrial,Laboratórios clínicos,15,22,7,0.341245545836729,-0.012764271527973162,0.3115643125577974,-0.007237097627620007,0.3698563835170986,-0.010000684577796584,False
Comércio varejista de combustíveis para veículos automotores,Comércio varejista de tecidos,133,10,8,0.28134099358244863,-0.01121373921610807,0.3244479116318675,-0.008815771745243414,0.36492576449677405,-0.010014755480675742,False
Comércio varejista de hortifrutigranjeiros,Fabricação de produtos de padaria e confeitaria com predominância de produção própria,20,26,11,0.4478505303314934,-0.006914782554814594,0.3975610653422962,-0.013165836148315074,0.2806949719024555,-0.010040309351564834,False
Comércio varejista de medicamentos veterinários,"Comércio varejista de produtos farmacêuticos, sem manipulação de fórmulas",26,156,22,0.36409780216797094,5.73884638217115e-05,0.49882356176983245,-0.02018584699193237,0.2499640832022098,-0.010064229264055329,False
Atividades de contabilidade,"Comércio varejista de suvenires, bijuterias e artesanatos",28,10,6,0.4952688101865949,-0.01834725968856667,0.23351017087341525,-0.0017910002363871046,0.4507088181108371,-0.010069129962476888,False
Comércio varejista de materiais de construção não especificados anteriormente,"Comércio varejista de produtos farmacêuticos, sem manipulação de fórmulas",11,156,10,0.2266146457414862,-0.009679869937322134,0.3466267419732044,-0.010698828415530954,0.3568432518521478,-0.010189349176426544,False
Atividade médica ambulatorial com recursos para realização de exames complementares,Comércio varejista de gás liqüefeito de petróleo (GLP),15,34,5,0.022730095548519316,-0.016332150477672953,0.2741685314472162,-0.004276496340353853,0.45635382348865833,-0.010304323409013404,False
Atividade médica ambulatorial com recursos para realização de exames complementares,Comércio atacadista de cereais e leguminosas beneficiados,15,13,5,0.21215898398446345,-0.01265882106430313,0.30840037249453733,-0.007957723717782809,0.39112062786988444,-0.010308272391042969,False
Comércio varejista de combustíveis para veículos automotores,Fabricação de produtos de panificação industrial,133,15,10,0.24558154880796607,-0.017490726923885473,0.25232891196427765,-0.0031906205480240375,0.43512266633253044,-0.010340673735954755,False
"Comércio varejista de produtos farmacêuticos, com manipulação de fórmulas","Transporte rodoviário de carga, exceto produtos perigosos e mudanças, intermunicipal, interestadual e internacional",13,24,8,0.6626903932389179,-0.016549314119256843,0.2588269779122756,-0.004165137456236682,0.45157720715087235,-0.010357225787746763,False
Comércio varejista de artigos de óptica,Comércio varejista de produtos alimentícios em geral ou especializado em produtos alimentícios não especificados anteriormente,26,20,7,0.19973997437423888,-0.005738614444882196,0.4195149798238309,-0.015060562235398282,0.2777388872883666,-0.010399588340140238,False
Fabricação de alimentos para animais,Fabricação de móveis com predominância de madeira,13,15,5,0.29953403212553786,-0.0058642045941556765,0.4175224315007219,-0.01506615064521728,0.3114458017650953,-0.010465177619686478,False
Atividades de associações de defesa de direitos sociais,Comércio varejista de produtos alimentícios em geral ou especializado em produtos alimentícios não especificados anteriormente,19,20,8,0.640108475226718,-0.019644185745245558,0.23504173744200157,-0.001490483994149035,0.48368576854989836,-0.010567334869697296,False
Comércio varejista de combustíveis para veículos automotores,"Comércio varejista de mercadorias em geral, com predominância de produtos alimentícios - hipermercados",133,12,9,0.15553438173134623,-0.028927633017048624,0.16886951885491275,0.007668843211928702,0.36382401941333753,-0.010629394902559961,False
Comércio a varejo de peças e acessórios novos para veículos automotores,Comércio varejista de artigos de óptica,34,26,16,0.43329659160476586,-0.011293949068263915,0.2894233628124697,-0.010075868919522151,0.3251686133817897,-0.010684908993893034,False
Comércio varejista de artigos de óptica,Serviços de manutenção e reparação mecânica de veículos automotores,26,14,8,0.30226169595585367,0.0010556310017559626,0.47923880702810173,-0.02244253968361679,0.18367439485789705,-0.010693454340930414,False
Comercio varejista de artigos de armarinho,Comércio varejista de artigos do vestuário e acessórios,21,46,11,0.35245483925616833,-0.007512973887172315,0.38692369966308604,-0.014141112822358177,0.3571707247464824,-0.010827043354765246,False
Comércio varejista de hortifrutigranjeiros,Comércio varejista especializado de eletrodomésticos e equipamentos de áudio e vídeo,20,20,5,0.22994299191335335,-0.012910241535190511,0.3120042786681045,-0.008778297079496017,0.40444050147555205,-0.010844269307343264,False
Atividade médica ambulatorial restrita a consultas,Cartórios,18,70,14,0.3481518238605593,-0.012532923365992184,0.26851852041104707,-0.009212158219395694,0.39260311577569,-0.010872540792693938,False
Atividades de cobrança e informações cadastrais,Comércio a varejo de peças e acessórios novos para veículos automotores,14,34,10,0.5022409248151966,-0.023118711685673275,0.16935859381636076,0.0013656188112727585,0.45839098625079394,-0.010876546437200258,False
Atividades de cobrança e informações cadastrais,Comércio varejista de produtos alimentícios em geral ou especializado em produtos alimentícios não especificados anteriormente,14,20,10,0.8156952878048082,-0.009604768885030127,0.3480007236907895,-0.012185922958986049,0.32849453818133834,-0.010895345922008089,False
Atividades de cobrança e informações cadastrais,"Atividades de consultoria em gestão empresarial, exceto consultoria técnica específica",14,12,8,0.7224945840476215,-0.019353131214812476,0.221037269949243,-0.0030641475598725825,0.4502760274170095,-0.011208639387342529,False
Caixas econômicas,"Comércio varejista de cosméticos, produtos de perfumaria e de higiene pessoal",12,22,9,0.4595110934835716,-0.010956066094300538,0.3524536631082188,-0.011536127647580765,0.3303181941337423,-0.011246096870940652,False
Atividades de associações de defesa de direitos sociais,Comercio varejista de artigos de armarinho,19,21,5,0.0897769269038943,-0.010358731442825146,0.3586237001146045,-0.012279708493413545,0.31319673994317065,-0.011319219968119345,False
Atividade médica ambulatorial com recursos para realização de exames complementares,Comércio varejista especializado de eletrodomésticos e equipamentos de áudio e vídeo,15,20,7,0.37072498633964707,-0.010767270095590557,0.36419800571660615,-0.011899897601210605,0.36343725132886284,-0.01133358384840058,False
Comércio varejista de produtos alimentícios em geral ou especializado em produtos alimentícios não especificados anteriormente,Comércio varejista especializado de equipamentos e suprimentos de informática,20,13,6,0.25451206609553634,-0.027804635800737224,0.1465011644621395,0.0051006970820142074,0.4519052892610566,-0.01135196935936151,False
Comércio varejista de calçados,"Comércio varejista de suvenires, bijuterias e artesanatos",22,10,6,0.37696029570897666,-0.004218100169778485,0.4225841942662497,-0.018699756478163517,0.23521353157344488,-0.011458928323971001,False
"Atividades de atendimento hospitalar, exceto pronto-socorro e unidades para atendimento a urgências",Comércio varejista de móveis,12,74,5,-0.02846935117760682,-0.011378652350162406,0.3424006263647984,-0.011541323181760554,0.3536634225876759,-0.01145998776596148,False
"Aparelhamento de placas e execução de trabalhos em mármore, granito, ardósia e outras pedras",Fabricação de produtos de panificação industrial,14,15,6,0.5700606135660347,-0.01975592299225799,0.21499499668634298,-0.0031666111871660584,0.4501020187170352,-0.011461267089712023,False
Comércio varejista de calçados,Comércio varejista de móveis,22,74,8,0.11484603925415396,-0.020777867083853204,0.20513024696018078,-0.0022030162271703744,0.4768003232220642,-0.01149044165551179,False
Atividades de condicionamento físico,Comércio varejista de madeira e artefatos,22,15,9,0.6004573645746855,-0.0135035867910856,0.3064676640864828,-0.009478002147993077,0.37049813737376325,-0.011490794469539338,False
"Comércio varejista de suvenires, bijuterias e artesanatos",Serviços de comunicação multimídia - SCM,10,47,8,0.47943403752962843,-0.004534547747184269,0.4371217793960166,-0.018479145077505487,0.25474734797215154,-0.011506846412344878,False
Caixas econômicas,Cartórios,12,70,12,0.5068520281273469,-0.009544839561094488,0.352534349734564,-0.013507553935793417,0.3280629795812522,-0.011526196748443952,False
Laboratórios clínicos,"Lojas de variedades, exceto lojas de departamentos ou magazines",22,17,7,0.22415451222947858,-0.002061658868136237,0.48268142424962535,-0.021028007742892898,0.2207872497630648,-0.011544833305514568,False
Comércio varejista de hortifrutigranjeiros,Comércio varejista de produtos alimentícios em geral ou especializado em produtos alimentícios não especificados anteriormente,20,20,7,0.47285949894400237,-0.0063156129560364965,0.4127110360419791,-0.01685886788046865,0.24790998558000704,-0.011587240418252574,False
"Aparelhamento de placas e execução de trabalhos em mármore, granito, ardósia e outras pedras",Comércio varejista de mercadorias em lojas de conveniência,14,11,5,0.5551644541280364,-0.017673978901866602,0.23803659570818697,-0.005539943615196955,0.41292615490194096,-0.011606961258531778,False
Atividades de apoio à agricultura não especificadas anteriormente,Comércio varejista de artigos de óptica,13,26,5,0.19911939599626147,-0.019482538691624425,0.30327336716946496,-0.003781683713721185,0.4446124455267076,-0.011632111202672804,False
"Comércio varejista de suvenires, bijuterias e artesanatos",Serviços de manutenção e reparação mecânica de veículos automotores,10,14,5,0.5736836559247038,0.002326849025812368,0.4694643558155655,-0.02566125989022089,0.154628069348267,-0.01166720543220426,False
"Aparelhamento de placas e execução de trabalhos em mármore, granito, ardósia e outras pedras",Comércio varejista de produtos alimentícios em geral ou especializado em produtos alimentícios não especificados anteriormente,14,20,7,0.6624528239703575,-0.016973421994419056,0.2571312037156095,-0.006553796737590309,0.41751831848766396,-0.011763609366004683,False
"Atividades de consultoria em gestão empresarial, exceto consultoria técnica específica",Comércio a varejo de peças e acessórios novos para veículos automotores,12,34,8,0.4558284419933489,-0.017656273848248284,0.23759759941240222,-0.005879539727447823,0.4040169520229082,-0.011767906787848054,False
Atividade médica ambulatorial com recursos para realização de exames complementares,Comércio varejista de produtos alimentícios em geral ou especializado em produtos alimentícios não especificados anteriormente,15,20,8,0.5852982972582152,-0.016000557270788262,0.2605784721593827,-0.007537753669256445,0.38265146768270114,-0.011769155470022354,False
Comércio varejista de medicamentos veterinários,Fabricação de produtos de panificação industrial,26,15,7,0.45238035657139686,-0.0196084660088584,0.24222337652025433,-0.003938688987128888,0.432734284953284,-0.011773577497993645,False
Comércio varejista de calçados,Comércio varejista de materiais de construção em geral,22,98,16,0.38579264730368484,-0.009249555613833654,0.3618787477571929,-0.014381988339974174,0.3119170550107607,-0.011815771976903915,False
"Comércio varejista de mercadorias em geral, com predominância de produtos alimentícios - supermercados","Lojas de departamentos ou magazines, exceto lojas francas (Duty free)",50,39,19,0.23950009503374542,-0.02503875253475977,0.20216335143772457,0.0013858904382230077,0.48510611636085016,-0.01182643104826838,False
Hotéis,Serviços de manutenção e reparação mecânica de veículos automotores,22,14,7,0.3306986772870609,-0.009785591124803901,0.41981667127486005,-0.01387579848470213,0.28347423225979657,-0.011830694804753017,False
Comércio a varejo de peças e acessórios novos para veículos automotores,"Comércio varejista de cosméticos, produtos de perfumaria e de higiene pessoal",34,22,15,0.4968846553809733,-0.009078580060455406,0.350500846414584,-0.014593270351938034,0.30246377798771573,-0.01183592520619672,False
Atividade odontológica com recursos para realização de procedimentos cirúrgicos,Comércio varejista de madeira e artefatos,39,15,13,0.6414490654467191,-0.02059977501109895,0.21066914193179526,-0.003311300823217724,0.4341659455969638,-0.011955537917158336,False
"Comercio varejista de artigos de cama, mesa e banho","Lanchonetes, casas de chá, de sucos e similares",14,32,12,0.5206066653360306,-0.0020478438828760094,0.47042726036230254,-0.022160467439304173,0.22732686579265576,-0.01210415566109009,False
"Comércio varejista de mercadorias em geral, com predominância de produtos alimentícios - supermercados",Serviços de manutenção e reparação mecânica de veículos automotores,50,14,12,0.6138297261910083,-0.008494605619640367,0.3578849976650299,-0.015883691277358503,0.24482486495951927,-0.012189148448499436,False
Comércio a varejo de peças e acessórios novos para motocicletas e motonetas,Serviços de comunicação multimídia - SCM,26,47,11,0.3407957160193702,-0.01898574545370195,0.23429458708947914,-0.005584047980528758,0.4270568534364294,-0.012284896717115353,False
Fabricação de produtos de padaria e confeitaria com predominância de produção própria,Serviços de manutenção e reparação mecânica de veículos automotores,26,14,7,0.3481666902429617,-0.0047250043381022264,0.42316882505512776,-0.020038016995955973,0.19521221607179345,-0.0123815106670291,False
"Comércio varejista de cosméticos, produtos de perfumaria e de higiene pessoal",Fabricação de móveis com predominância de madeira,22,15,11,0.5423776661961252,-0.01286780381486243,0.3244600014827937,-0.012000113964700963,0.32796738786465873,-0.012433958889781696,False
Caixas econômicas,Comércio a varejo de motocicletas e motonetas novas,12,16,6,0.36794666888006633,0.0009051425319736231,0.4856654437080741,-0.025904564797431036,0.12155801177377723,-0.012499711132728707,False
Comércio varejista de calçados,Criação de bovinos para corte,22,30,5,0.09151434861306451,-0.004344953432659254,0.43977774089303795,-0.020713472677489086,0.2967252253963884,-0.01252921305507417,False
Atividades de cobrança e informações cadastrais,Comércio varejista de combustíveis para veículos automotores,14,133,11,0.30107798409741504,-0.005673536926568498,0.37733671770929833,-0.019636377707192315,0.24184772444885105,-0.012654957316880407,False
Atividade médica ambulatorial restrita a consultas,Comércio varejista de ferragens e ferramentas,18,12,5,0.2348693645889618,-0.01943732988099453,0.2027697201968809,-0.005876101367093591,0.40226434138362605,-0.01265671562404406,False
"Comércio varejista de produtos farmacêuticos, com manipulação de fórmulas","Comércio varejista de produtos farmacêuticos, sem manipulação de fórmulas",13,156,11,0.334802171700044,0.0022729388106358718,0.4758941214644923,-0.027596253302976975,0.15956878835579474,-0.01266165724617055,False
Comércio varejista de móveis,Fabricação de produtos de panificação industrial,74,15,6,0.06248263290789717,-0.011876878368666757,0.33944130317482085,-0.013519710364935697,0.32706664317416934,-0.012698294366801227,False
Comércio a varejo de peças e acessórios novos para veículos automotores,Restaurantes e similares,34,37,18,0.5442554930670027,0.00561512439588068,0.4258177039257689,-0.031061166129063525,0.18103810487965455,-0.012723020866591422,False
Fabricação de alimentos para animais,"Lojas de departamentos ou magazines, exceto lojas francas (Duty free)",13,39,6,0.3337943206965242,-0.00888750704671207,0.3728729430407872,-0.016682598868167947,0.28360666000594975,-0.012785052957440007,False
"Comércio varejista de mercadorias em geral, com predominância de produtos alimentícios - supermercados","Transporte rodoviário de carga, exceto produtos perigosos e mudanças, intermunicipal, interestadual e internacional",50,24,13,0.4764937940835728,-0.018632039340042914,0.25473594461243265,-0.007004352628844896,0.403832546292407,-0.012818195984443904,False
Comércio varejista de produtos alimentícios em geral ou especializado em produtos alimentícios não especificados anteriormente,Serviços de manutenção e reparação mecânica de veículos automotores,20,14,11,0.7780384716764571,-0.008458527553451261,0.37246722370803537,-0.017493947616394886,0.22247290922441149,-0.012976237584923073,False
Comércio varejista especializado de equipamentos de telefonia e comunicação,"Transporte rodoviário de carga, exceto produtos perigosos e mudanças, intermunicipal, interestadual e internacional",21,24,13,0.7362756258428192,-0.013339724622798326,0.3085885001016785,-0.012759607785116502,0.31671670020696363,-0.013049666203957415,False
"Lojas de departamentos ou magazines, exceto lojas francas (Duty free)","Lojas de variedades, exceto lojas de departamentos ou magazines",39,17,6,0.2467387305704158,-0.006529196325875672,0.42029594386140656,-0.020079229326253573,0.20379579385000485,-0.013304212826064622,False
Construção de edifícios,"Fabricação de artefatos de cerâmica e barro cozido para uso na construção, exceto azulejos e pisos",67,17,7,0.09236051750679675,-0.0017959062392208667,0.48889594168565265,-0.024851572389313,0.26604094637021586,-0.013323739314266933,False
"Aparelhamento de placas e execução de trabalhos em mármore, granito, ardósia e outras pedras",Comercio varejista de artigos de armarinho,14,21,5,0.3116560304669225,-0.011376896174582034,0.31884638660624653,-0.01541263316125238,0.2702647995826264,-0.013394764667917208,False
Comércio varejista de carnes - açougues,Restaurantes e similares,15,37,13,0.598922062697897,-0.043291733484007625,0.02983806733620906,0.01606642872383433,0.30712069131797726,-0.013612652380086647,False
Serviços advocatícios,"Transporte rodoviário de carga, exceto produtos perigosos e mudanças, intermunicipal, interestadual e internacional",18,24,8,0.5401670135336336,-0.02260139630015751,0.18857627864993942,-0.00468856699053848,0.4412515975108197,-0.013644981645347994,False
Comércio a varejo de motocicletas e motonetas novas,Comércio varejista especializado de eletrodomésticos e equipamentos de áudio e vídeo,16,20,5,0.14542090904625138,-0.01921126062394143,0.19216471547398467,-0.008191560245570691,0.3910908918658925,-0.013701410434756062,False
Comércio varejista de móveis,"Transporte rodoviário de carga, exceto produtos perigosos e mudanças, intermunicipal, interestadual e internacional",74,24,10,0.027135461316408312,-0.021508375397613844,0.23849559399134962,-0.005925765245178282,0.43458344339306365,-0.013717070321396064,False
Atividades de apoio à agricultura não especificadas anteriormente,Comércio varejista de animais vivos e de artigos e alimentos para animais de estimação,13,22,5,0.10626732480116434,-0.013188246745486874,0.34260559058823326,-0.014298514971711694,0.32216017404977804,-0.013743380858599285,False
Administração pública em geral,Cartórios,94,70,26,0.004748850153074376,-0.01690203694720925,0.28109114943429736,-0.01066360490710238,0.3345059692332582,-0.013782820927155815,False
"Comercio varejista de artigos de cama, mesa e banho",Comércio atacadista de cereais e leguminosas beneficiados,14,13,5,0.37211746023008574,-0.00550733203207022,0.40827939255680606,-0.022061720830980684,0.20479875338732745,-0.013784526431525453,False
Administração pública em geral,Comercio varejista de artigos de armarinho,94,21,9,0.06583416775264521,-0.017008226186604563,0.2903958770486061,-0.01064062067118511,0.31706680320934627,-0.013824423428894835,False
Comércio varejista de calçados,Construção de edifícios,22,67,20,0.5626288833049131,-0.02049931253558021,0.20563079631617842,-0.007348253224404179,0.4066155971553773,-0.013923782879992195,False
Administração pública em geral,"Comércio varejista de cosméticos, produtos de perfumaria e de higiene pessoal",94,22,6,-0.0620926876059236,-0.01223382502406897,0.3617944641300781,-0.015791976473150202,0.2639973588197776,-0.014012900748609586,False
Coleta de resíduos não-perigosos,"Comércio varejista de produtos farmacêuticos, sem manipulação de fórmulas",11,156,8,0.21702513660659714,-0.009706178231055029,0.35360792537599595,-0.01856089311813325,0.2783422594273619,-0.01413353567459414,False
Construção de rodovias e ferrovias,Serviços de comunicação multimídia - SCM,17,47,12,0.4691706548929207,-0.0033511509956830714,0.4701825668285851,-0.02504212728205247,0.16880037458578645,-0.01419663913886777,False
Atividade odontológica com recursos para realização de procedimentos cirúrgicos,"Comercio varejista de artigos de cama, mesa e banho",39,14,12,0.6290480425120759,-0.03077615747580354,0.10889378319517767,0.0023741788224934056,0.47685869621803706,-0.014200989326655068,False
Comércio a varejo de peças e acessórios novos para veículos automotores,Comércio varejista de ferragens e ferramentas,34,12,6,0.2789063512068953,-0.011556622769189928,0.31368681595204195,-0.016959682574470728,0.2560991485013445,-0.014258152671830327,False
"Atividades de consultoria em gestão empresarial, exceto consultoria técnica específica",Cartórios,12,70,10,0.32870137095613755,-0.01197452708378749,0.30760805794216695,-0.01657062936105316,0.2939780037777022,-0.014272578222420325,False
Fabricação de móveis com predominância de madeira,Serviços de engenharia,15,17,6,0.36030939893805597,-0.011807866419090993,0.340162118414539,-0.016786037781474777,0.2505819057297959,-0.014296952100282884,False
Comércio varejista de mercadorias em lojas de conveniência,Serviços advocatícios,11,18,7,0.5122097630312189,-0.007931913884780862,0.3553480347781147,-0.020730449517175134,0.19666291717339157,-0.014331181700977998,False
Caixas econômicas,Comercio varejista de artigos de armarinho,12,21,6,0.3895723075711738,-0.010726581370494152,0.3555885921246361,-0.0180151348588358,0.2243771541945137,-0.014370858114664976,False
Casas lotéricas,"Fabricação de artefatos de cerâmica e barro cozido para uso na construção, exceto azulejos e pisos",51,17,5,-0.014672451092872168,-0.003744011109106574,0.44197723292675556,-0.025035551358603858,0.2534988859455278,-0.014389781233855216,False
Comércio varejista de artigos de óptica,Comércio varejista de hortifrutigranjeiros,26,20,9,0.4253443487858716,-0.004612303314029846,0.4211182667038839,-0.024247977457301634,0.18025066834616926,-0.01443014038566574,False
Atividades de cobrança e informações cadastrais,Atividades de condicionamento físico,14,22,11,0.7662127860618186,-0.013412633498260478,0.28644216679957146,-0.015511732126603728,0.26284269158104,-0.014462182812432103,False
"Comercio varejista de artigos de cama, mesa e banho",Fabricação de produtos de padaria e confeitaria com predominância de produção própria,14,26,10,0.5996538215701659,-0.013151394668561136,0.31054649130746764,-0.01592716950458627,0.24586861756725953,-0.014539282086573704,False
Comércio atacadista de cereais e leguminosas beneficiados,Serviços advocatícios,13,18,7,0.5371207410467385,-0.007863353997702808,0.3789260970157174,-0.02139487198754482,0.19001532331798698,-0.014629112992623813,False
Atividades de cobrança e informações cadastrais,Comércio varejista de móveis,14,74,5,-0.017074620351027955,-0.0178186937895318,0.23058115085910186,-0.011594528135734897,0.3532906616744484,-0.01470661096263335,False
Atividade médica ambulatorial com recursos para realização de exames complementares,Padaria e confeitaria com predominância de revenda,15,26,8,0.22073418109987475,-0.019206771954408713,0.2264958732359711,-0.01030490284871855,0.36278354920750144,-0.01475583740156363,False
Atividade odontológica com recursos para realização de procedimentos cirúrgicos,Atividades de associações de defesa de direitos sociais,39,19,11,0.5200163177246276,-0.006581804753854957,0.38542878727323077,-0.022948780155358648,0.20855020043659261,-0.014765292454606803,False
"Comércio varejista de cosméticos, produtos de perfumaria e de higiene pessoal",Comércio varejista de medicamentos veterinários,22,26,12,0.3406520878434634,-0.010464400293012136,0.3639760798394604,-0.01925560838762417,0.2311718039238187,-0.014860004340318152,False
"Comércio varejista de mercadorias em geral, com predominância de produtos alimentícios - supermercados","Comércio varejista de suvenires, bijuterias e artesanatos",50,10,9,0.4790960711985922,-0.02925823273685142,0.15739889337154894,-0.0004857718695840772,0.4780156211601885,-0.014872002303217748,False
Atividades de condicionamento físico,"Comércio varejista de cosméticos, produtos de perfumaria e de higiene pessoal",22,22,14,0.5329449058409553,-0.020634015312753252,0.2174238537840254,-0.009129171679948669,0.3612713855577996,-0.01488159349635096,False
Atividades de associações de defesa de direitos sociais,Comércio varejista de calçados,19,22,7,0.24567682795301254,-0.021215509168143375,0.23550739183658226,-0.008695121045845328,0.3492510280916295,-0.014955315106994351,False
"Atividades de consultoria em gestão empresarial, exceto consultoria técnica específica",Comércio a varejo de pneumáticos e câmaras-de-ar,12,13,5,0.5124584869112215,-0.005826515062415994,0.4215391082398042,-0.024196798947391716,0.17612423035725538,-0.015011657004903855,False
Comércio a varejo de motocicletas e motonetas novas,"Lojas de variedades, exceto lojas de departamentos ou magazines",16,17,5,0.09659961807484746,-0.02031711206382111,0.18596226489134876,-0.009722744643780777,0.35530831683643577,-0.015019928353800944,False
"Comercio varejista de artigos de cama, mesa e banho",Serviços de comunicação multimídia - SCM,14,47,10,0.4433984990988336,-0.0027166373674228435,0.4477156900003985,-0.027487159567254026,0.13372215130668036,-0.015101898467338434,False
"Comercio varejista de artigos de cama, mesa e banho",Comércio a varejo de peças e acessórios novos para veículos automotores,14,34,12,0.5773006777045603,-0.019404113076921647,0.23946784985144015,-0.010828951783160559,0.34717231645468216,-0.015116532430041102,False
Atividades de associações de defesa de direitos sociais,"Comércio varejista de suvenires, bijuterias e artesanatos",19,10,5,0.5367534223276981,-0.0337062260685357,0.1102560654680525,0.0034515838206711845,0.4404223968366637,-0.015127321123932256,False
Comércio varejista de madeira e artefatos,Laboratórios clínicos,15,22,8,0.35355461779471675,-0.015469863825596874,0.28431707171171816,-0.014956237015499732,0.24312107871081862,-0.015213050420548303,False
"Comércio varejista de produtos farmacêuticos, com manipulação de fórmulas",Serviços de manutenção e reparação mecânica de veículos automotores,13,14,8,0.7728370868514303,-0.008845995084252352,0.3717024025906296,-0.021601208878572798,0.18718313809162523,-0.015223601981412576,False
Atividades de condicionamento físico,Fabricação de produtos de padaria e confeitaria com predominância de produção própria,22,26,12,0.5355712164022403,-0.01657573502866811,0.27412354968117547,-0.013910377684317396,0.2761161685399057,-0.015243056356492753,False
Coleta de resíduos não-perigosos,Comércio varejista de artigos de óptica,11,26,5,0.21540220094958135,-0.030638502457013782,0.1129596894102265,6.929820197859817e-05,0.4722902665497683,-0.015284602127517592,False
Comércio varejista de ferragens e ferramentas,Comércio varejista especializado de equipamentos de telefonia e comunicação,12,21,7,0.353975991984527,-0.009702022261224031,0.35269319170181945,-0.021140462996289515,0.213407740117875,-0.015421242628756774,False
Comércio a varejo de pneumáticos e câmaras-de-ar,"Lojas de departamentos ou magazines, exceto lojas francas (Duty free)",13,39,6,0.14857421133211024,-0.024031617245919235,0.16605138065261826,-0.006839642772060903,0.41828585515157823,-0.015435630008990068,False
Comércio varejista de ferragens e ferramentas,Comércio varejista de hortifrutigranjeiros,12,20,7,0.3851586166380532,-0.013399639051928655,0.309342441050482,-0.01756115260676935,0.260115205470575,-0.015480395829349004,False
Atividades do Correio Nacional,Fabricação de produtos de padaria e confeitaria com predominância de produção própria,54,26,7,0.0945017738770843,-0.020262006007218773,0.2514995353801722,-0.010743233078680255,0.35036235606619015,-0.015502619542949514,False
"Comércio varejista de cosméticos, produtos de perfumaria e de higiene pessoal",Restaurantes e similares,22,37,17,0.5127752106274025,-0.012977017978801148,0.3340227284861542,-0.018081207726735535,0.2980994702122364,-0.015529112852768341,False
Comércio varejista de combustíveis para veículos automotores,"Comércio varejista de mercadorias em geral, com predominância de produtos alimentícios - supermercados",133,50,40,0.4867121655131401,-0.016131220437387003,0.27189684151959825,-0.01492954201962108,0.2938077626903851,-0.015530381228504041,False
Atividades de cobrança e informações cadastrais,Comércio varejista de materiais de construção não especificados anteriormente,14,11,6,0.22768100543255726,-0.01751303987996348,0.2335948919121395,-0.013582686222748207,0.26688903342324877,-0.015547863051355845,False
"Atividades de consultoria em gestão empresarial, exceto consultoria técnica específica",Fabricação de móveis com predominância de madeira,12,15,5,0.2698508780236427,-0.019699676757708732,0.21026070074784414,-0.01149131383003685,0.35552984933627274,-0.015595495293872792,False
Comércio a varejo de peças e acessórios novos para veículos automotores,Construção de edifícios,34,67,25,0.507247674296495,-0.008736728368670649,0.3472142077766237,-0.022518315580649213,0.2559318418304224,-0.01562752197465993,False
Atividades de associações de defesa de direitos sociais,Comércio varejista de madeira e artefatos,19,15,6,0.39304298795552167,-0.029186889094088415,0.1492566814610808,-0.0020694718850851486,0.4664664388404139,-0.015628180489586783,False
"Comércio varejista de mercadorias em geral, com predominância de produtos alimentícios - supermercados",Serviços advocatícios,50,18,14,0.5296251925616543,-0.01152911082815158,0.33312700992802047,-0.01978152270626981,0.2091321808778943,-0.015655316767210693,False
Comercio varejista de artigos de armarinho,Restaurantes e similares,21,37,9,0.20958987162408302,-0.0067482077078912794,0.39298967580765876,-0.024607578348122158,0.2327513561899759,-0.01567789302800672,False
Atividades de cobrança e informações cadastrais,Comércio varejista de artigos de óptica,14,26,8,0.26372970858423683,-0.023189239440957854,0.15661861305089564,-0.008235541239268066,0.36970001889005344,-0.01571239034011296,False
Comércio varejista de combustíveis para veículos automotores,Serviços de manutenção e reparação mecânica de veículos automotores,133,14,12,0.32969515763235896,-0.021578852347484266,0.21905775106890935,-0.00984867990834765,0.3447629094945869,-0.01571376612791596,False
Comércio varejista de hortifrutigranjeiros,"Comércio varejista de mercadorias em geral, com predominância de produtos alimentícios - supermercados",20,50,14,0.46268725218242684,-0.00766763675854685,0.3856434608622617,-0.023838819517755745,0.19510020597250982,-0.015753228138151297,False
"Bancos múltiplos, com carteira comercial",Cartórios,11,70,10,0.29077687554790366,-0.013314229591530715,0.28361772555549686,-0.01827761836196839,0.2586435909718599,-0.015795923976749553,False
Atividade médica ambulatorial restrita a consultas,Fabricação de águas envasadas,18,11,5,0.34730261722160033,-0.012751522881521366,0.29083609456248327,-0.01889696378173232,0.24101933182727842,-0.015824243331626842,False
Comércio varejista de ferragens e ferramentas,Hotéis,12,22,6,0.3426150308187893,-0.027719412398483464,0.1439195174888609,-0.004039946335242549,0.4320788859824319,-0.015879679366863006,False
Atividades de organizações religiosas,Comércio varejista de ferragens e ferramentas,30,12,5,0.15477255065149773,-0.015315045126138627,0.3198992835263656,-0.016479584359389562,0.2573852356214977,-0.015897314742764096,False
"Comércio varejista de cosméticos, produtos de perfumaria e de higiene pessoal","Comércio varejista de suvenires, bijuterias e artesanatos",22,10,5,0.10490472043960065,-0.005827520644854674,0.4006613605206489,-0.026113441319990698,0.1589039697851577,-0.015970480982422687,False
Comércio a varejo de peças e acessórios novos para motocicletas e motonetas,Comércio varejista de ferragens e ferramentas,26,12,7,0.4708580983729775,-0.02527839186621293,0.16390201737575927,-0.006715860533152116,0.39213857945019837,-0.01599712619968252,False
"Aparelhamento de placas e execução de trabalhos em mármore, granito, ardósia e outras pedras","Comércio varejista de suvenires, bijuterias e artesanatos",14,10,6,0.5312163349429065,-0.02937458549924661,0.13813772295054827,-0.00289566172976427,0.4476791161567254,-0.01613512361450544,False
Comércio varejista de artigos de óptica,Serviços advocatícios,26,18,9,0.33892167829832814,-0.014830006611993473,0.292755536774822,-0.017602564185316263,0.2398829646181368,-0.01621628539865487,False
Comércio varejista de ferragens e ferramentas,Restaurantes e similares,12,37,8,0.3479215992897171,-0.008031559698757278,0.37981018542739414,-0.024417242604990393,0.2530219865794933,-0.016224401151873836,False
"Comércio varejista de mercadorias em geral, com predominância de produtos alimentícios - minimercados, mercearias e armazéns",Ensino fundamental,130,11,8,0.19605768646793004,-0.007661622579558987,0.4024563208272814,-0.024798305563139857,0.18222766597346324,-0.016229964071349422,False
Atividade médica ambulatorial com recursos para realização de exames complementares,Atividades de apoio à agricultura não especificadas anteriormente,15,13,5,0.2367189536170858,-0.014728982557429228,0.2874445408968084,-0.018019396793445417,0.3103011089621237,-0.01637418967543732,False
Comércio a varejo de peças e acessórios novos para veículos automotores,"Comércio varejista de mercadorias em geral, com predominância de produtos alimentícios - hipermercados",34,12,6,0.3722303681631868,-0.006665871806697339,0.41153819875655895,-0.026202034495139824,0.18478330601806026,-0.01643395315091858,False
Atividades de condicionamento físico,Comércio varejista de hortifrutigranjeiros,22,20,12,0.5954576529668151,-0.020827788113530313,0.2013158555354429,-0.012059272606868324,0.3288978735586311,-0.01644353036019932,False
Atividade médica ambulatorial com recursos para realização de exames complementares,"Lojas de departamentos ou magazines, exceto lojas francas (Duty free)",15,39,5,0.045868265035175146,-0.00861070802739835,0.37158087784287425,-0.02438019074689746,0.18457537675543156,-0.016495449387147906,False
Comercio varejista de artigos de armarinho,Comércio varejista de produtos alimentícios em geral ou especializado em produtos alimentícios não especificados anteriormente,21,20,6,0.2097856126385858,-0.018539216652096898,0.2278922536075081,-0.014514997879018056,0.27944087117707667,-0.016527107265557478,False
"Comércio varejista de cosméticos, produtos de perfumaria e de higiene pessoal",Comércio varejista especializado de equipamentos e suprimentos de informática,22,13,6,0.24287421541065637,-0.027512553860661742,0.15326936776114097,-0.005578196545041687,0.41879261126328704,-0.016545375202851716,False
Coleta de resíduos não-perigosos,Comércio varejista de produtos alimentícios em geral ou especializado em produtos alimentícios não especificados anteriormente,11,20,5,0.3823360130660882,-0.008677164079218648,0.3595015424337118,-0.02444747301327824,0.15467937954961303,-0.016562318546248445,False
"Atividades de atendimento hospitalar, exceto pronto-socorro e unidades para atendimento a urgências",Construção de rodovias e ferrovias,12,17,6,0.3132459359159841,-0.014413100878084248,0.2772940190147264,-0.0187995852038087,0.24297953304826136,-0.016606343040946474,False
Comércio varejista de materiais de construção em geral,Provedores de acesso às redes de comunicações,98,10,7,0.2485645540624902,0.0012024357228896455,0.47860369560961874,-0.03452045149659268,0.11271350372489392,-0.016659007886851516,False
Comércio varejista de carnes - açougues,"Comércio varejista de cosméticos, produtos de perfumaria e de higiene pessoal",15,22,9,0.31033729896352524,-0.03263242648409533,0.07117380133539891,-0.0007336269428079567,0.48384074901371177,-0.016683026713451645,False
Restaurantes e similares,Serviços de comunicação multimídia - SCM,37,47,21,0.6292067644755182,-0.0033535586916878727,0.46708431744332635,-0.030031728882049843,0.11466228070018603,-0.01669264378686886,False
Atividade médica ambulatorial com recursos para realização de exames complementares,Atividades de condicionamento físico,15,22,8,0.5112814033984439,-0.01984286066177835,0.2326133004445703,-0.013544644325605955,0.30767110923116303,-0.016693752493692152,False
Comércio a varejo de peças e acessórios novos para motocicletas e motonetas,Comércio varejista de carnes - açougues,26,15,7,0.5867535765800594,-0.0063896548290581934,0.40530487760343725,-0.027151869603828125,0.10967082065787465,-0.01677076221644316,False
Comércio varejista de hortifrutigranjeiros,Laboratórios clínicos,20,22,9,0.3774531011662099,-0.018682153201340507,0.24027696750335914,-0.014950431688751719,0.26749281563199456,-0.016816292445046115,False
Cartórios,Comércio a varejo de pneumáticos e câmaras-de-ar,70,13,11,0.30610815939081354,-0.010693482020266402,0.36461409991429783,-0.02297170096051822,0.1717510747768446,-0.01683259149039231,False
Atividade odontológica com recursos para realização de procedimentos cirúrgicos,Serviços de engenharia,39,17,13,0.6244264941636699,-0.021140436450685956,0.1979096138270211,-0.012614198197209717,0.3073554762621208,-0.016877317323947837,False
Atividade odontológica com recursos para realização de procedimentos cirúrgicos,Ensino fundamental,39,11,6,0.35016118708622784,-0.0068697422612291935,0.3786448010091625,-0.02697534880297,0.16051943815443775,-0.016922545532099598,False
Atividade odontológica com recursos para realização de procedimentos cirúrgicos,"Comércio varejista de cosméticos, produtos de perfumaria e de higiene pessoal",39,22,16,0.5411114785849616,-0.02515529342101461,0.15387360367446035,-0.008836446860146167,0.3692590621068831,-0.01699587014058039,False
Comércio varejista de tecidos,Educação infantil - pré-escola,10,25,7,0.46684549125980157,-0.024872872371271823,0.16208657186440917,-0.009189038493800157,0.36544893583768456,-0.01703095543253599,False
Atividades de condicionamento físico,Serviços de manutenção e reparação mecânica de veículos automotores,22,14,11,0.8047495703334527,-0.011608370319443602,0.34108817979262784,-0.02247767863386302,0.16646152394053787,-0.01704302447665331,False
Comércio varejista de carnes - açougues,Comércio varejista especializado de equipamentos e suprimentos de informática,15,13,6,0.29238657332336676,-0.026846779511106825,0.1157525566435032,-0.00730842801642856,0.40499105860229523,-0.01707760376376769,False
"Comércio varejista de cosméticos, produtos de perfumaria e de higiene pessoal","Comércio varejista de mercadorias em geral, com predominância de produtos alimentícios - minimercados, mercearias e armazéns",22,130,12,0.07900080058902044,-0.0003928652249669759,0.48506524568666004,-0.03380004544432523,0.12131483890566014,-0.017096455334646102,False
Administração pública em geral,Comércio varejista de artigos de papelaria,94,14,6,0.08768058798920203,-0.03193010871902654,0.13807612353928733,-0.0022799420897399577,0.44571552687750976,-0.01710502540438325,False
Comércio varejista de artigos de óptica,Comércio varejista especializado de equipamentos de telefonia e comunicação,26,21,13,0.45476403289087025,-0.008918719951226842,0.39298715249627764,-0.025337842055837088,0.1723457393530517,-0.017128281003531965,False
Atividade médica ambulatorial com recursos para realização de exames complementares,"Comercio varejista de artigos de cama, mesa e banho",15,14,8,0.5773013701560655,-0.017954561537099865,0.2498912065287383,-0.01643331736158386,0.30000681538648133,-0.01719393944934186,False
Laboratórios clínicos,Padaria e confeitaria com predominância de revenda,22,26,9,0.28498984564410557,-0.014558845477998253,0.27229433056859553,-0.01987433421454961,0.24527413077827132,-0.01721658984627393,False
Comércio a varejo de peças e acessórios novos para veículos automotores,Comércio varejista de materiais de construção em geral,34,98,25,0.48949787747746115,-0.010598245244142898,0.3373804144677015,-0.023847786704770765,0.18533001984013292,-0.017223015974456832,False
Cartórios,Comércio varejista especializado de eletrodomésticos e equipamentos de áudio e vídeo,70,20,14,0.2632922117673631,-0.02643914663613703,0.18773715101895744,-0.008008807825679974,0.4181422922635296,-0.017223977230908502,False
Atividade odontológica com recursos para realização de procedimentos cirúrgicos,Atividades de apoio à agricultura não especificadas anteriormente,39,13,6,0.2113583824314783,-0.014191415543122539,0.2910209296035636,-0.020488503552573974,0.2863665245553224,-0.017339959547848255,False
Caixas econômicas,Laboratórios clínicos,12,22,8,0.43600335208707885,-0.014562474202412719,0.28786370209904155,-0.020119029868534553,0.18808425329355766,-0.017340752035473635,False
"Comercio varejista de artigos de cama, mesa e banho",Fabricação de móveis com predominância de madeira,14,15,8,0.5557218029735217,-0.01939545076080491,0.24339023958695533,-0.015349393801597,0.32200608398094555,-0.017372422281200957,False
Comércio varejista de carnes - açougues,Comércio varejista de móveis,15,74,7,0.11868230374804986,-0.012953382754093435,0.28479541850812495,-0.021808932772053112,0.22911025224726905,-0.017381157763073272,False
Comércio a varejo de motocicletas e motonetas novas,"Comércio varejista de suvenires, bijuterias e artesanatos",16,10,7,0.5891405288780442,-0.023687754471963602,0.152370570134769,-0.011108855032566709,0.31961612882454987,-0.017398304752265156,False
Comércio varejista de mercadorias em lojas de conveniência,"Comércio varejista de produtos farmacêuticos, sem manipulação de fórmulas",11,156,10,0.33889950599624985,-0.009427312302670689,0.37314996193367245,-0.025442583927869036,0.17715070993590937,-0.017434948115269862,False
Comercio varejista de artigos de armarinho,"Comércio varejista de produtos farmacêuticos, sem manipulação de fórmulas",21,156,16,0.2038984179430888,-0.012759848730288098,0.28880997124074725,-0.022217326969357746,0.23267412959230482,-0.01748858784982292,False
Atividade médica ambulatorial restrita a consultas,Atividades de apoio à agricultura não especificadas anteriormente,18,13,6,0.22034401481165775,-0.014521143316570641,0.2785200294009018,-0.02054207458183258,0.27056468256855704,-0.01753160894920161,False
Fabricação de produtos de panificação industrial,Serviços advocatícios,15,18,7,0.594485570593888,-0.011480533473370729,0.3360889920015985,-0.02358398962502288,0.15702622352406703,-0.017532261549196806,False
Cartórios,Comércio atacadista de cereais e leguminosas beneficiados,70,13,10,0.2814168524617237,-0.018573304940873142,0.2820023585118999,-0.016621287369072736,0.2530430895739586,-0.01759729615497294,False
Atividades de associações de defesa de direitos sociais,Serviços de funerárias,19,22,8,0.3248324262917621,-0.029968327112864398,0.1493913356600945,-0.005287690438799281,0.400003745269609,-0.01762800877583184,False
Fabricação de alimentos para animais,Hotéis,13,22,7,0.4388835462466488,-0.019080754248892575,0.21510317928313022,-0.01630548512745012,0.34212420992366294,-0.017693119688171347,False
"Comércio varejista de cosméticos, produtos de perfumaria e de higiene pessoal","Comércio varejista de mercadorias em geral, com predominância de produtos alimentícios - hipermercados",22,12,5,0.1317423714495549,-0.010981175972295287,0.3391948021061594,-0.02447309399113295,0.21282102121581536,-0.01772713498171412,False
Atividade médica ambulatorial com recursos para realização de exames complementares,"Comércio varejista de mercadorias em geral, com predominância de produtos alimentícios - supermercados",15,50,12,0.5015785929106592,-0.019784985242450464,0.21792775918190876,-0.015686889577947127,0.2848335607900252,-0.017735937410198795,False
"Atividades de atendimento hospitalar, exceto pronto-socorro e unidades para atendimento a urgências",Educação infantil - pré-escola,12,25,6,0.38485035697970404,-0.019164713454593293,0.2158511128670776,-0.016362909444214317,0.30193595871956447,-0.017763811449403803,False
"Atividades de atendimento hospitalar, exceto pronto-socorro e unidades para atendimento a urgências",Comércio varejista de produtos alimentícios em geral ou especializado em produtos alimentícios não especificados anteriormente,12,20,5,0.4742408861174779,-0.02438869792300244,0.1576614230261661,-0.011235339450176138,0.32457063340070685,-0.017812018686589288,False
"Comércio varejista de produtos farmacêuticos, sem manipulação de fórmulas",Fabricação de móveis com predominância de madeira,156,15,14,0.3702254460938133,-0.02568843335526856,0.20506247864075394,-0.00996097786926028,0.3732572474905639,-0.01782470561226442,False
Comercio varejista de artigos de armarinho,"Comércio varejista de mercadorias em geral, com predominância de produtos alimentícios - supermercados",21,50,13,0.4384368876853533,-0.01959888314527074,0.22227886000577918,-0.01611289740459092,0.27888546588366464,-0.01785589027493083,False
Casas lotéricas,"Comércio varejista de mercadorias em geral, com predominância de produtos alimentícios - minimercados, mercearias e armazéns",51,130,35,0.11818241651707873,-0.014383932636714456,0.33214247514405437,-0.021332688168883954,0.23074333420156767,-0.017858310402799206,False
Comércio varejista de artigos de óptica,Comércio varejista de bebidas,26,27,11,0.39309364984603673,-0.003206302119863584,0.43720841345023337,-0.03267490807334969,0.13289657761594648,-0.017940605096606638,False
Atividade médica ambulatorial com recursos para realização de exames complementares,Fabricação de móveis com predominância de madeira,15,15,6,0.523096158087979,-0.018548915833374743,0.25196887254587236,-0.017416396190075165,0.28936807532723097,-0.017982656011724954,False
Atividades de cobrança e informações cadastrais,Comércio varejista de calçados,14,22,7,0.38215026590052914,-0.019119937190105803,0.22054842345089992,-0.01684615029032678,0.23545163501440458,-0.01798304374021629,False
Comércio a varejo de peças e acessórios novos para veículos automotores,Comércio varejista de materiais de construção não especificados anteriormente,34,11,6,0.2360156577201078,-0.02073732936530513,0.21175564718736473,-0.015471795732250425,0.24082863585253889,-0.018104562548777778,False
"Atividades de consultoria em gestão empresarial, exceto consultoria técnica específica","Comércio varejista de mercadorias em geral, com predominância de produtos alimentícios - supermercados",12,50,8,0.4500409027545724,-0.0032352950572480843,0.44042396868674755,-0.033070144959178954,0.11903041600602077,-0.01815272000821352,False
Comércio varejista de móveis,"Lojas de departamentos ou magazines, exceto lojas francas (Duty free)",74,39,19,0.2586094831419518,-0.013958933682788957,0.3356849878743484,-0.022429195048077125,0.21994000998780933,-0.01819406436543304,False
Administração pública em geral,Comércio varejista de mercadorias em lojas de conveniência,94,11,5,0.13438513984115635,-0.02512653927882617,0.20696878675222458,-0.011285144629821236,0.3297160712333821,-0.018205841954323704,False
Fabricação de móveis com predominância de madeira,"Obras de urbanização - ruas, praças e calçadas",15,13,5,0.3403759432861882,-0.011841187217418081,0.3619532661338418,-0.024573388288363748,0.22751623361609896,-0.018207287752890915,False
Atividades de contabilidade,Comercio varejista de artigos de armarinho,28,21,9,0.17669688106951414,-0.020317919269034517,0.23442376395077946,-0.016127032700873376,0.278553733102033,-0.018222475984953947,False
Comércio varejista de calçados,Comércio varejista de medicamentos veterinários,22,26,9,0.5248729549143097,-0.017442063598438973,0.24587395956482516,-0.019092273347564817,0.2406994894500049,-0.018267168473001895,False
Comércio varejista de mercadorias em lojas de conveniência,Serviços de funerárias,11,22,7,0.30547759722286,-0.034712607657511795,0.07600012940923166,-0.0018569619324764058,0.45967433703014093,-0.0182847847949941,False
Comércio a varejo de peças e acessórios novos para veículos automotores,Fabricação de móveis com predominância de madeira,34,15,12,0.54916993603532,-0.016536315403092215,0.2631069887283813,-0.020033399669096192,0.2537618829608217,-0.018284857536094205,False
"Bancos múltiplos, com carteira comercial",Serviços de comunicação multimídia - SCM,11,47,9,0.2828645603882361,-0.020072312185057718,0.2206271828868211,-0.016589694588415027,0.2593035326137543,-0.01833100338673637,False
Comércio varejista de madeira e artefatos,Serviços de manutenção e reparação mecânica de veículos automotores,15,14,7,0.5748062363992951,-0.011431407276600651,0.3290502233577366,-0.025331387261287013,0.1526563876509413,-0.018381397268943833,False
Atividade médica ambulatorial restrita a consultas,Formação de condutores,18,19,8,0.4238171949692224,-0.013667477060218224,0.28772100008661816,-0.023173228103167607,0.21673251207706246,-0.018420352581692917,False
"Atividades de consultoria em gestão empresarial, exceto consultoria técnica específica",Serviços de comunicação multimídia - SCM,12,47,9,0.5029455790837807,-0.010368347698354693,0.34219347620415674,-0.02647745220456316,0.15656610863603437,-0.018422899951458925,False
Atividades de contabilidade,Atividades do Correio Nacional,28,54,5,-0.07761261368499933,-0.020755338253570576,0.21756998796741,-0.016187028057036052,0.30198648315296206,-0.018471183155303314,False
"Comércio varejista de produtos farmacêuticos, com manipulação de fórmulas",Serviços advocatícios,13,18,9,0.7058602381637059,-0.012196613248668223,0.3101307680171938,-0.02480298783582865,0.1529862315811798,-0.018499800542248437,False
Comércio varejista de combustíveis para veículos automotores,Formação de condutores,133,19,16,0.30541631402400243,-0.026252630182391073,0.171025768118858,-0.010854369173635066,0.35546769366285147,-0.01855349967801307,False
"Comércio varejista de cosméticos, produtos de perfumaria e de higiene pessoal",Comércio varejista de ferragens e ferramentas,22,12,7,0.3817905493275952,-0.017982129668314483,0.2539106232007402,-0.019222012459747802,0.22507475035646995,-0.018602071064031143,False
Comércio varejista de artigos de óptica,Serviços de comunicação multimídia - SCM,26,47,17,0.4444686174288107,-0.008716822128357449,0.37401558119765776,-0.028687584238500756,0.1295769047567088,-0.018702203183429102,False
Serviços de comunicação multimídia - SCM,Serviços de manutenção e reparação mecânica de veículos automotores,47,14,10,0.5174160621652033,-0.014962124821725101,0.2873273155286453,-0.022644904995912398,0.1701123022326232,-0.01880351490881875,False
"Atividades de consultoria em gestão empresarial, exceto consultoria técnica específica",Serviços advocatícios,12,18,6,0.5289057901197253,-0.009367130742661833,0.36757819597296093,-0.028521674887761268,0.13056490044164437,-0.01894440281521155,False
Comércio varejista de madeira e artefatos,Comércio varejista de medicamentos veterinários,15,26,9,0.39014592875941934,-0.0025383303544224364,0.4469878740567653,-0.03550997753687978,0.09093301995536374,-0.019024153945651108,False
"Aparelhamento de placas e execução de trabalhos em mármore, granito, ardósia e outras pedras",Atividades de condicionamento físico,14,22,11,0.7228156942185566,-0.022466324835972502,0.18440474161983306,-0.015678796827396486,0.2631491814917899,-0.019072560831684494,False
Comercio varejista de artigos de armarinho,"Lojas de departamentos ou magazines, exceto lojas francas (Duty free)",21,39,8,0.16890303062963646,-0.015902580918383057,0.2492015260098503,-0.022248985150632252,0.2120636331190629,-0.019075783034507653,False
"Comércio varejista de suvenires, bijuterias e artesanatos",Hotéis,10,22,6,0.29050256562477383,-0.018104772854519873,0.2508182130027629,-0.020138676608560304,0.30970249643309233,-0.01912172473154009,False
Administração pública em geral,Comércio varejista de carnes - açougues,94,15,6,0.13736140259971358,-0.013083081988765427,0.33431117641986574,-0.025181740467400144,0.1241851950970348,-0.019132411228082784,False
Comércio a varejo de peças e acessórios novos para veículos automotores,Comércio varejista de artigos do vestuário e acessórios,34,46,16,0.43195760049300547,-0.006738124076000141,0.36342794706717846,-0.031531222409814146,0.19174209278332432,-0.019134673242907144,False
Fabricação de alimentos para animais,Serviços de comunicação multimídia - SCM,13,47,9,0.3403957964779586,-0.0033770794615049287,0.44557247741775374,-0.03497353835672546,0.09092828366016087,-0.019175308909115195,False
"Comercio varejista de artigos de cama, mesa e banho","Comércio varejista de cosméticos, produtos de perfumaria e de higiene pessoal",14,22,10,0.5417209691630086,-0.019734362875233596,0.25694864820197816,-0.018676637420155545,0.2460819764263933,-0.019205500147694572,False
"Comércio varejista de produtos farmacêuticos, com manipulação de fórmulas",Fabricação de móveis com predominância de madeira,13,15,7,0.4437796906918551,-0.02645293176812019,0.141474978618285,-0.012075676447316129,0.342358358338427,-0.01926430410771816,False
"Comércio varejista de produtos farmacêuticos, sem manipulação de fórmulas","Transporte rodoviário de carga, exceto produtos perigosos e mudanças, intermunicipal, interestadual e internacional",156,24,21,0.41779784196816677,-0.0380445707431361,0.09541069722693579,-0.0006152530452800654,0.48465976552251055,-0.019329911894208084,False
Comércio varejista de artigos de óptica,Comércio varejista de artigos do vestuário e acessórios,26,46,11,0.34177127227486814,-0.012130171897442749,0.3262135209972511,-0.026727507015410896,0.22042865744039347,-0.019428839456426823,False
Atividades de contabilidade,Comércio varejista de carnes - açougues,28,15,10,0.5872503897767072,-0.006125044310043654,0.40340613003421955,-0.03275436829953786,0.0700859337246603,-0.019439706304790756,False
"Atividades de consultoria em gestão empresarial, exceto consultoria técnica específica",Comércio varejista de hortifrutigranjeiros,12,20,6,0.497935140360837,-0.012818939977474242,0.3018012331746029,-0.02610041550223125,0.17215794270503965,-0.019459677739852747,False
Atividades de contabilidade,Serviços advocatícios,28,18,14,0.7806184004523529,-0.01177327896660817,0.3230898626371442,-0.027179568930215548,0.14036573590876544,-0.01947642394841186,False
Fabricação de produtos de padaria e confeitaria com predominância de produção própria,Serviços advocatícios,26,18,8,0.3655101721352942,-0.018928510525326275,0.22986838790216585,-0.02002763192120213,0.21510271375298212,-0.019478071223264202,False
Comércio varejista de madeira e artefatos,Hotéis,15,22,7,0.2600552972388854,-0.021408095503994636,0.2020473800583903,-0.017690479233715112,0.3363593813783611,-0.019549287368854876,False
Atividade médica ambulatorial com recursos para realização de exames complementares,Comércio a varejo de peças e acessórios novos para motocicletas e motonetas,15,26,8,0.2972383496064431,-0.012299359135976086,0.31144750883616956,-0.02681999008776561,0.15266004493643826,-0.019559674611870848,False
Comércio varejista de calçados,Comércio varejista especializado de eletrodomésticos e equipamentos de áudio e vídeo,22,20,8,0.283356187706488,-0.009513013883105163,0.31643663356091833,-0.029751759344093548,0.19811747572081695,-0.019632386613599354,False
Comércio varejista de materiais de construção em geral,"Comércio varejista de mercadorias em geral, com predominância de produtos alimentícios - minimercados, mercearias e armazéns",98,130,61,0.1609525392154884,0.006363953565939653,0.42080110923841163,-0.045717136494942044,0.0543434629988956,-0.019676591464501195,False
Atividade odontológica com recursos para realização de procedimentos cirúrgicos,Comércio a varejo de peças e acessórios novos para motocicletas e motonetas,39,26,14,0.5791741991481096,-0.018503192826110022,0.22609250758795352,-0.02091718660509308,0.20456513313439023,-0.019710189715601553,False
"Comércio atacadista de mercadorias em geral, com predominância de produtos alimentícios",Serviços advocatícios,12,18,5,0.5882312478541185,-0.0029735503496373604,0.4620136207792645,-0.03646364540027978,0.07242985420123838,-0.01971859787495857,False
"Atividades de consultoria em gestão empresarial, exceto consultoria técnica específica",Comércio varejista de carnes - açougues,12,15,5,0.53767779958452,0.0030890244621523694,0.4536058032130508,-0.04252716835085245,0.03167702867992715,-0.01971907194435004,False
Atividade médica ambulatorial com recursos para realização de exames complementares,"Comércio varejista de produtos farmacêuticos, com manipulação de fórmulas",15,13,6,0.4009277930841721,-0.020831265615351896,0.2121803619596519,-0.018610415453334386,0.22432826690000135,-0.019720840534343143,False
Atividades de contabilidade,Ensino fundamental,28,11,6,0.3460398103436398,-0.0096964186459995,0.342193146651409,-0.029908504990395372,0.12857382477780466,-0.019802461818197437,False
Comércio varejista de madeira e artefatos,"Transporte rodoviário de carga, exceto produtos perigosos e mudanças, intermunicipal, interestadual e internacional",15,24,8,0.45963806968828286,-0.0179427866843608,0.2594624211455102,-0.021758022956649338,0.24277893269736367,-0.01985040482050507,False
Administração pública em geral,Serviços de manutenção e reparação mecânica de veículos automotores,94,14,6,0.11121443128366401,-0.02645606828479952,0.20438917829348607,-0.013465842763968838,0.2876414160226518,-0.019960955524384177,False
Administração pública em geral,"Comércio varejista de produtos farmacêuticos, sem manipulação de fórmulas",94,156,63,0.04044870946619028,-0.015362367440649293,0.29530926555003767,-0.024606222987863677,0.19759468290411952,-0.019984295214256487,False
Comércio varejista especializado de eletrodomésticos e equipamentos de áudio e vídeo,Hotéis,20,22,5,0.22443170271936008,-0.04331288187297574,0.10858168439067056,0.0033343140252641386,0.46444923019082435,-0.0199892839238558,False
Comercio varejista de artigos de armarinho,"Comércio varejista de produtos farmacêuticos, com manipulação de fórmulas",21,13,6,0.2758608947948079,-0.013226124901954829,0.3224252471293841,-0.02700169293304138,0.12928108967108093,-0.020113908917498105,False
Cartórios,"Lojas de departamentos ou magazines, exceto lojas francas (Duty free)",70,39,28,0.4347871535373627,-0.021005328945806874,0.22587492264348125,-0.019293813655048613,0.2531006308757521,-0.020149571300427743,False
"Atividades de consultoria em gestão empresarial, exceto consultoria técnica específica",Hotéis,12,22,7,0.38987371426004525,-0.020917690935116758,0.2123608793648264,-0.019831769118567398,0.30811918402477234,-0.020374730026842078,False
Atividade médica ambulatorial restrita a consultas,Comércio varejista de bebidas,18,27,9,0.5994287743606792,-0.038241699990392904,0.04846787412640688,-0.002658852830567906,0.47702025437129675,-0.020450276410480403,False
Atividades de condicionamento físico,Comércio varejista de combustíveis para veículos automotores,22,133,17,0.36117266169616913,-0.01505116106811105,0.27781713906129835,-0.026010317286996026,0.17948902362732921,-0.020530739177553537,False
"Comércio varejista de mercadorias em geral, com predominância de produtos alimentícios - supermercados",Comércio varejista de produtos alimentícios em geral ou especializado em produtos alimentícios não especificados anteriormente,50,20,13,0.5606993853345756,-0.03092681461143289,0.13701317597833923,-0.010191596300950392,0.3422915872771908,-0.02055920545619164,False
Atividades de cobrança e informações cadastrais,Serviços de manutenção e reparação mecânica de veículos automotores,14,14,9,0.6996587254933536,-0.014143783786693622,0.2894996831417685,-0.027051249640503393,0.15666262733073844,-0.020597516713598506,False
Atividade médica ambulatorial restrita a consultas,Comércio varejista de artigos de papelaria,18,14,7,0.5574207243405433,-0.040732126294443984,0.04412260063057499,-0.00047755483941085906,0.49797803039031435,-0.02060484056692742,False
Atividade odontológica com recursos para realização de procedimentos cirúrgicos,Comércio varejista de produtos alimentícios em geral ou especializado em produtos alimentícios não especificados anteriormente,39,20,13,0.6983389782802567,-0.022945749689212792,0.18381988109461805,-0.018378795171971374,0.23497724027343775,-0.020662272430592085,False
Atividades de cobrança e informações cadastrais,Laboratórios clínicos,14,22,8,0.4321694372384039,-0.022852504981933943,0.17697811266502972,-0.01850518258229905,0.19573236953749074,-0.0206788437821165,False
"Comércio varejista de cosméticos, produtos de perfumaria e de higiene pessoal",Formação de condutores,22,19,11,0.4519560810723237,-0.02037506365872445,0.2163966810667512,-0.021084601251064185,0.250482092549846,-0.020729832454894317,False
Caixas econômicas,Comércio varejista de ferragens e ferramentas,12,12,5,0.3756076763765183,-0.02187541217901506,0.18684084668600964,-0.019594390502889886,0.24572188118870153,-0.020734901340952475,False
Fabricação de águas envasadas,Serviços advocatícios,11,18,5,0.35049173478830464,-0.03145123245286112,0.10329614871498527,-0.010113877385926133,0.326790819446204,-0.020782554919393625,False
Comércio varejista de materiais de construção em geral,Comércio varejista de tecidos,98,10,9,0.40505482626214623,-0.010771163482754718,0.35691807153159083,-0.030909127571666254,0.10172871448820597,-0.020840145527210488,False
Comércio a varejo de pneumáticos e câmaras-de-ar,Fabricação de móveis com predominância de madeira,13,15,7,0.29418795811566906,-0.019588382345567836,0.21047696831359092,-0.022202216748821526,0.24285850614489873,-0.02089529954719468,False
Comércio a varejo de pneumáticos e câmaras-de-ar,Comércio varejista de combustíveis para veículos automotores,13,133,11,0.27946719041326884,-0.01937428565643374,0.21224465730076253,-0.022510220704514458,0.21179887174936668,-0.0209422531804741,False
Comércio a varejo de peças e acessórios novos para veículos automotores,"Comércio varejista de mercadorias em geral, com predominância de produtos alimentícios - supermercados",34,50,22,0.5685559083781496,-0.010576829067734736,0.3427262370463877,-0.031456232609277844,0.12457380059056117,-0.02101653083850629,False
Caixas econômicas,Serviços de funerárias,12,22,8,0.4083028746591979,-0.021784552539450476,0.19306234988204057,-0.020252806181257382,0.2021565198127228,-0.02101867936035393,False
Fabricação de móveis com predominância de madeira,Laboratórios clínicos,15,22,9,0.495523075813207,-0.02178257033884063,0.2332137884987453,-0.020275043283383632,0.20354346044240562,-0.021028806811112133,False
Atividade odontológica com recursos para realização de procedimentos cirúrgicos,Fabricação de produtos de panificação industrial,39,15,9,0.5752724892981584,-0.028462522222157643,0.12352727999850205,-0.013615981484445237,0.3022940462801025,-0.02103925185330144,False
Cartórios,Formação de condutores,70,19,18,0.512082997498597,-0.033211127793393073,0.13512782511483934,-0.008909771747723923,0.3775052883099957,-0.021060449770558497,False
"Comércio varejista de cosméticos, produtos de perfumaria e de higiene pessoal",Fabricação de produtos de panificação industrial,22,15,8,0.3848056634419225,-0.0101721785932045,0.36286718894909165,-0.03201336665176341,0.12394001887603051,-0.021092772622483956,False
Comércio varejista de móveis,Serviços de funerárias,74,22,9,0.09088174824439524,-0.01658622763403233,0.2794312556963682,-0.02565609987686492,0.13975305723169767,-0.021121163755448626,False
Comércio varejista de materiais de construção em geral,Fabricação de águas envasadas,98,11,5,0.08372474495551287,-0.01921315218139426,0.26708535058586114,-0.02307362304487009,0.19707065441126376,-0.021143387613132177,False
"Comércio varejista de mercadorias em geral, com predominância de produtos alimentícios - minimercados, mercearias e armazéns","Lojas de departamentos ou magazines, exceto lojas francas (Duty free)",130,39,31,0.2759515309732744,-0.03218607185058818,0.1280336478611937,-0.01020579597262186,0.36520443804915914,-0.02119593391160502,False
Comércio a varejo de peças e acessórios novos para motocicletas e motonetas,Comércio varejista de calçados,26,22,9,0.31473945648477974,-0.03316837122237591,0.08347275350371675,-0.009290619474184785,0.3463489227157918,-0.02122949534828035,False
Comércio a varejo de pneumáticos e câmaras-de-ar,"Comércio varejista de produtos farmacêuticos, sem manipulação de fórmulas",13,156,10,0.3442523167148111,-0.012071805155978912,0.3102560298425323,-0.03059532106704058,0.14553689909324108,-0.021333563111509746,False
Comércio a varejo de motocicletas e motonetas novas,Restaurantes e similares,16,37,14,0.6242719467153429,-0.037835033943022775,0.0470704465650589,-0.004866849686493464,0.4449737348314829,-0.02135094181475812,False
Comércio varejista de combustíveis para veículos automotores,"Comércio varejista de mercadorias em geral, com predominância de produtos alimentícios - minimercados, mercearias e armazéns",133,130,80,0.2893195948588486,-0.01757955661275465,0.27575027691013376,-0.025155720503781384,0.22507026939709646,-0.021367638558268016,False
Atividade odontológica com recursos para realização de procedimentos cirúrgicos,Comércio varejista de ferragens e ferramentas,39,12,9,0.34416202084547126,-0.027119556576652507,0.1367200356237669,-0.015695195709109207,0.27325522660737045,-0.02140737614288086,False
Atividade médica ambulatorial com recursos para realização de exames complementares,Serviços de manutenção e reparação mecânica de veículos automotores,15,14,8,0.49100862698533904,-0.021297848653761012,0.2044600984355966,-0.021600607931512472,0.18210486678256033,-0.021449228292636742,False
Comércio varejista de calçados,Ensino fundamental,22,11,5,0.15485881456283537,-0.00697431832072166,0.38100649943549847,-0.03594014285381414,0.08451735271615074,-0.021457230587267898,False
Atividade médica ambulatorial restrita a consultas,Restaurantes e similares,18,37,13,0.6974480700484773,-0.04087042222821744,0.044127991419804155,-0.002123906487789192,0.47880420990012856,-0.021497164358003317,False
Comércio varejista de bebidas,Comércio varejista de calçados,27,22,11,0.4294843591794277,-0.01735327366151035,0.27891528744590255,-0.025794591548445937,0.15710044907144505,-0.02157393260497814,False
Atividade odontológica com recursos para realização de procedimentos cirúrgicos,Restaurantes e similares,39,37,23,0.7749527699155576,-0.02938358000605286,0.13308406183614363,-0.013833639778159353,0.3682153711655708,-0.021608609892106105,False
Comércio varejista especializado de equipamentos de telefonia e comunicação,Hotéis,21,22,11,0.49807701350177913,-0.02514723845248839,0.1760453292223385,-0.01816924074830204,0.33161512155480055,-0.021658239600395215,False
"Atividades de consultoria em gestão empresarial, exceto consultoria técnica específica",Comércio varejista de combustíveis para veículos automotores,12,133,8,0.2481123933965423,-0.002039662370368226,0.4681944734522416,-0.041354132827022966,0.07046644634668107,-0.021696897598695596,False
Comércio varejista especializado de equipamentos de telefonia e comunicação,Laboratórios clínicos,21,22,11,0.5631694337110658,-0.024455464320179907,0.18085235717907405,-0.01895841642036952,0.21323853139714233,-0.021706940370274715,False
Comércio varejista de calçados,"Lanchonetes, casas de chá, de sucos e similares",22,32,14,0.4093411687915487,-0.023450236658284534,0.16428554170410042,-0.020095670676714115,0.2561555989945734,-0.021772953667499324,False
"Comércio varejista de mercadorias em geral, com predominância de produtos alimentícios - supermercados",Fabricação de produtos de padaria e confeitaria com predominância de produção própria,50,26,13,0.3843604459946553,-0.022931709350687574,0.19376068072529057,-0.020628012402894035,0.20224995433851778,-0.021779860876790805,False
Atividade odontológica com recursos para realização de procedimentos cirúrgicos,Fabricação de águas envasadas,39,11,6,0.38541442525323166,-0.014891562040571777,0.30464583302959075,-0.02884136489840312,0.14382388496940568,-0.021866463469487448,False
Comércio varejista de gás liqüefeito de petróleo (GLP),Laboratórios clínicos,34,22,12,0.33920603742801286,-0.0197193529464218,0.26102719529794005,-0.024019942055538042,0.15169047595853646,-0.021869647500979923,False
"Aparelhamento de placas e execução de trabalhos em mármore, granito, ardósia e outras pedras",Atividades de associações de defesa de direitos sociais,14,19,6,0.46300237795846333,-0.015731637693213542,0.2841179648796406,-0.028031221015838333,0.16011431473642196,-0.021881429354525937,False
Fabricação de produtos de panificação industrial,Serviços de comunicação multimídia - SCM,15,47,10,0.5423159923858795,-0.01892564995712672,0.2658389131443939,-0.02489477092171095,0.16890374466137786,-0.021910210439418834,False
Atividades de contabilidade,Comércio varejista especializado de equipamentos e suprimentos de informática,28,13,8,0.4541155168507679,-0.02714995180416614,0.1466741151660121,-0.016824206149391546,0.316953870261346,-0.021987078976778842,False
Comércio a varejo de pneumáticos e câmaras-de-ar,Fabricação de produtos de padaria e confeitaria com predominância de produção própria,13,26,8,0.4008424894615557,-0.018555306952731318,0.21870251297104043,-0.025449813461919116,0.1468642828908861,-0.022002560207325217,False
Atividade médica ambulatorial com recursos para realização de exames complementares,Atividades de contabilidade,15,28,12,0.45288691503842327,-0.02725825242753191,0.14123046605223621,-0.016937023134286345,0.24620216704284958,-0.022097637780909125,False
Cartórios,Comércio varejista de móveis,70,74,34,0.2648287221940302,-0.014853151236532084,0.3197410416413504,-0.029405247571004323,0.1701730049082567,-0.0221291994037682,False
Atividades de condicionamento físico,Comércio atacadista de cereais e leguminosas beneficiados,22,13,7,0.5656950080849684,-0.027942101652209696,0.13229112397995374,-0.016507624675040362,0.26631435870658293,-0.022224863163625028,False
Fabricação de móveis com predominância de madeira,Serviços advocatícios,15,18,9,0.5335480924756956,-0.020220711529905393,0.2565286597202182,-0.024292361800162497,0.16235108915277774,-0.022256536665033945,False
Comércio atacadista de cereais e leguminosas beneficiados,Comércio varejista de móveis,13,74,6,0.07795016345289603,-0.023851893745806235,0.1724145830498755,-0.0206634025731014,0.25800751066946614,-0.022257648159453816,False
Cartórios,Comércio varejista de materiais de construção não especificados anteriormente,70,11,8,0.3140869078581304,-0.028042047382387515,0.17440584495953004,-0.016569097787053833,0.23056079980354294,-0.022305572584720674,False
Comércio varejista especializado de equipamentos de telefonia e comunicação,Fabricação de móveis com predominância de madeira,21,15,12,0.6471065060229825,-0.023728451762891657,0.18360092156191843,-0.020923687047396673,0.24586330603424422,-0.022326069405144165,False
Comércio a varejo de motocicletas e motonetas novas,Fabricação de produtos de panificação industrial,16,15,5,0.5026991184361537,-0.02877030073237588,0.09786780842281961,-0.016124556852584526,0.2765808357111398,-0.022447428792480205,False
"Comércio varejista de produtos farmacêuticos, com manipulação de fórmulas",Fabricação de águas envasadas,13,11,5,0.4383245438728908,-0.008994896937257689,0.3329161250026038,-0.03595401892850564,0.08645183690715103,-0.022474457932881664,False
Atividade médica ambulatorial restrita a consultas,Hotéis,18,22,9,0.38447017797769373,-0.02322970704850717,0.15004657509832392,-0.021858053342756482,0.29803304213992676,-0.022543880195631825,False
Fabricação de móveis com predominância de madeira,Fabricação de produtos de panificação industrial,15,15,6,0.5009534132703635,-0.01763200005682923,0.27147686727356823,-0.027601755921588547,0.16930558237741195,-0.02261687798920889,False
Laboratórios clínicos,"Transporte rodoviário de carga, exceto produtos perigosos e mudanças, intermunicipal, interestadual e internacional",22,24,8,0.4148628493397996,-0.020745186284928312,0.19125655131185343,-0.02452397925954542,0.18337999747612543,-0.022634582772236865,False
Administração pública em geral,Serviços de funerárias,94,22,9,0.06808779918948696,-0.03205274801790051,0.13767899201404488,-0.013335204453689332,0.2798273149782474,-0.022693976235794923,False
"Comercio varejista de artigos de cama, mesa e banho",Comércio varejista de calçados,14,22,7,0.4959316312554843,-0.017318545576288518,0.2824311904050967,-0.02820887162404527,0.12635992723679906,-0.022763708600166896,False
Comércio varejista de combustíveis para veículos automotores,Comércio varejista de produtos alimentícios em geral ou especializado em produtos alimentícios não especificados anteriormente,133,20,16,0.33303524090928077,-0.03104298380405298,0.15997670471779324,-0.014569264330900725,0.2832122971907769,-0.022806124067476855,False
Atividade médica ambulatorial com recursos para realização de exames complementares,Comércio varejista de hortifrutigranjeiros,15,20,6,0.24984853659106776,-0.02081689053144326,0.20976216647276813,-0.024840095447636358,0.1718114808463126,-0.02282849298953981,False
Comercio varejista de artigos de armarinho,"Obras de urbanização - ruas, praças e calçadas",21,13,5,0.13271105941915237,-0.018854106858167373,0.229967040148073,-0.026838752943979634,0.20645577933866982,-0.022846429901073502,False
Comércio varejista de carnes - açougues,Serviços de engenharia,15,17,6,0.5470695753538126,-0.034677069413736085,0.056310269733367405,-0.01115216380354853,0.3343393756884948,-0.02291461660864231,False
Comércio varejista de ferragens e ferramentas,"Lanchonetes, casas de chá, de sucos e similares",12,32,7,0.3799340477826947,-0.013488068127690317,0.3044429053678634,-0.03234379610926911,0.14805514265360803,-0.022915932118479712,False
Atividade médica ambulatorial com recursos para realização de exames complementares,Serviços advocatícios,15,18,8,0.48952927831778964,-0.025178254703831934,0.16871321736595069,-0.020893709900989436,0.195166273243997,-0.023035982302410683,False
Atividade médica ambulatorial com recursos para realização de exames complementares,Atividades de cobrança e informações cadastrais,15,14,8,0.5980986657018742,-0.025345089186369987,0.1645422651185982,-0.020761591776503184,0.1763056572489528,-0.023053340481436584,False
Atividade odontológica com recursos para realização de procedimentos cirúrgicos,Cartórios,39,70,31,0.49937769221165834,-0.018265169239594606,0.22696408931908085,-0.028139071997280857,0.17077314847877356,-0.02320212061843773,False
Atividades de organizações religiosas,Serviços de funerárias,30,22,9,0.40420283785788524,-0.021969727569531104,0.22558384851006275,-0.02452361402417213,0.16424677065708732,-0.023246670796851616,False
Comércio varejista de combustíveis para veículos automotores,Comércio varejista de materiais de construção não especificados anteriormente,133,11,7,0.20335758648702104,-0.023366577605957606,0.2047905769607864,-0.023135165474204824,0.16017880197894246,-0.023250871540081215,False
Atividades de organizações religiosas,Criação de bovinos para corte,30,30,5,-0.02072571630664112,-0.012859237362191004,0.3466477077555311,-0.033644017055173024,0.19512931165332964,-0.023251627208682013,False
"Obras de urbanização - ruas, praças e calçadas",Serviços de funerárias,13,22,5,0.3368125038510154,-0.029356996571063405,0.19150547447323302,-0.017462052537014338,0.23961775771899968,-0.02340952455403887,False
"Aparelhamento de placas e execução de trabalhos em mármore, granito, ardósia e outras pedras",Comércio varejista de madeira e artefatos,14,15,7,0.640704357709961,-0.03293054102826217,0.10261391141622894,-0.014132226592069641,0.28748183967058194,-0.023531383810165906,False
Comércio varejista de produtos alimentícios em geral ou especializado em produtos alimentícios não especificados anteriormente,"Transporte rodoviário de carga, exceto produtos perigosos e mudanças, intermunicipal, interestadual e internacional",20,24,10,0.696872465222154,-0.030028021240994806,0.1245316441574898,-0.017069436343582465,0.28909935243697116,-0.023548728792288635,False
Atividades de apoio à agricultura não especificadas anteriormente,Comercio varejista de artigos de armarinho,13,21,5,0.21090591291887664,-0.02876373174866349,0.2102691068773596,-0.01834629654738646,0.22341703871499324,-0.023555014148024973,False
Construção de edifícios,Fabricação de produtos de padaria e confeitaria com predominância de produção própria,67,26,19,0.5003468835110728,-0.02029686473008991,0.25412583912111186,-0.026836997557384334,0.1297779032806584,-0.023566931143737122,False
Comércio a varejo de peças e acessórios novos para motocicletas e motonetas,Serviços advocatícios,26,18,10,0.5342373236857847,-0.02246464263411516,0.1830027283827917,-0.024774638539288126,0.14462343831493962,-0.023619640586701643,False
"Comércio atacadista de mercadorias em geral, com predominância de produtos alimentícios",Laboratórios clínicos,12,22,6,0.4609508419050909,-0.021281532226224247,0.2384975614891507,-0.026004947439980247,0.12669149222048798,-0.023643239833102247,False
Atividade médica ambulatorial com recursos para realização de exames complementares,Comércio varejista de materiais de construção não especificados anteriormente,15,11,5,0.2481387559392866,-0.028053727577050103,0.1272402899352379,-0.019445872040051795,0.2019252720642256,-0.02374979980855095,False
Comércio a varejo de peças e acessórios novos para veículos automotores,Comércio varejista de móveis,34,74,14,0.06993111115602131,-0.01912028191600862,0.22974748256224048,-0.028443003518787747,0.1763699522849309,-0.02378164271739818,False
Comércio atacadista de cereais e leguminosas beneficiados,Laboratórios clínicos,13,22,7,0.3180803073926457,-0.022798712428743626,0.20195438227689783,-0.024855881461933755,0.14161175838141965,-0.02382729694533869,False
Comércio varejista de calçados,Formação de condutores,22,19,7,0.2373042803448658,-0.022560378781275443,0.18670933383010324,-0.025126034486162657,0.21318931548951475,-0.023843206633719048,False
Comércio varejista de carnes - açougues,Comércio varejista de madeira e artefatos,15,15,6,0.48066731604152013,-0.038968825771106524,0.042423014605553755,-0.008763632170008325,0.3699828463614774,-0.023866228970557426,False
Atividade médica ambulatorial restrita a consultas,Fabricação de produtos de panificação industrial,18,15,7,0.683969666924427,-0.037262869552051874,0.051727595692834166,-0.01066524465732037,0.3607570596378692,-0.02396405710468612,False
Cartórios,Comércio varejista de tecidos,70,10,8,0.3240054249548091,-0.025757691994813946,0.18805700369027684,-0.022364022646162402,0.1847242912208814,-0.024060857320488176,False
Atividades de condicionamento físico,Serviços advocatícios,22,18,11,0.6753856649266526,-0.019640882877357265,0.2130960566375948,-0.028548490793861833,0.1260713644056055,-0.02409468683560955,False
Comércio varejista de calçados,"Comércio varejista de mercadorias em geral, com predominância de produtos alimentícios - supermercados",22,50,14,0.33905940417337016,-0.02059816994411834,0.20958259979360383,-0.0276186481505201,0.15468706551889377,-0.02410840904731922,False
Comércio a varejo de peças e acessórios novos para veículos automotores,Comércio varejista de calçados,34,22,11,0.3416941584183964,-0.02346502268848588,0.18928156890495246,-0.024777845145712303,0.14932371074438738,-0.024121433917099092,False
Comércio a varejo de motocicletas e motonetas novas,Educação infantil - pré-escola,16,25,10,0.5370185823767567,-0.03624021812021802,0.049788629957683656,-0.012068855583785482,0.33028033057412903,-0.02415453685200175,False
Comércio varejista de calçados,Comércio varejista de combustíveis para veículos automotores,22,133,18,0.304703130258723,-0.022359666057758392,0.18989261874884472,-0.026023128403850713,0.18213851528724928,-0.024191397230804552,False
Atividades de organizações religiosas,Comércio varejista de calçados,30,22,10,0.4438704676414053,-0.02365505759655011,0.22022997151038964,-0.024780144286706163,0.15541460822482606,-0.024217600941628135,False
Administração pública em geral,"Aparelhamento de placas e execução de trabalhos em mármore, granito, ardósia e outras pedras",94,14,6,0.15921180115266312,-0.02636884245947887,0.19127076549705402,-0.022090961916685144,0.17287701036933123,-0.024229902188082006,False
Comércio varejista de calçados,Educação infantil - pré-escola,22,25,10,0.38463424775786753,-0.02023299983539062,0.20973857974994725,-0.028233184101668352,0.1727847755310674,-0.024233091968529484,False
Comércio varejista de materiais de construção em geral,Comércio varejista de móveis,98,74,38,0.1962911911449844,-0.022922253138699743,0.21697825634144308,-0.02558476718055319,0.2093449983843811,-0.024253510159626464,False
Comércio varejista de carnes - açougues,Comércio varejista especializado de equipamentos de telefonia e comunicação,15,21,12,0.6976093790263472,-0.04359260813333441,0.02042435653820156,-0.004990826846976152,0.4172255471773023,-0.024291717490155282,False
Comércio varejista de materiais de construção não especificados anteriormente,Fabricação de produtos de padaria e confeitaria com predominância de produção própria,11,26,5,0.3222960029269475,-0.01739161379510453,0.24271211783669894,-0.031332889448591764,0.109393735970572,-0.024362251621848147,False
Atividades de cobrança e informações cadastrais,Serviços de comunicação multimídia - SCM,14,47,12,0.6117053260985885,-0.022615972399644416,0.1953381130486137,-0.026216941750523203,0.1588594847378113,-0.02441645707508381,False
Comércio a varejo de peças e acessórios novos para veículos automotores,"Lanchonetes, casas de chá, de sucos e similares",34,32,19,0.49707492587539004,-0.010323670533920649,0.34532421603912633,-0.03858588891390697,0.10805233192994473,-0.02445477972391381,False
Cartórios,Construção de edifícios,70,67,38,0.5050345877180672,-0.02565749980375802,0.19037749014399669,-0.02327361806987318,0.24510670640823107,-0.0244655589368156,False
Atividade médica ambulatorial restrita a consultas,Comércio varejista de artigos de óptica,18,26,11,0.36177465439900947,-0.03289177208953637,0.07495009083602518,-0.016062239273667765,0.2871016869088076,-0.02447700568160207,False
"Comércio varejista de mercadorias em geral, com predominância de produtos alimentícios - hipermercados","Comércio varejista de produtos farmacêuticos, sem manipulação de fórmulas",12,156,9,0.3147744943355498,0.004104601766943561,0.4407194994779462,-0.053130965545354354,0.03346636707949892,-0.024513181889205395,False
Comércio varejista de tecidos,Laboratórios clínicos,10,22,7,0.4225637999878813,-0.03223454910690322,0.10508354372740836,-0.01688202601143352,0.23910982510881523,-0.02455828755916837,False
Cartórios,Comércio a varejo de motocicletas e motonetas novas,70,16,13,0.3559059871647228,-0.018843881401628654,0.26542962831145744,-0.030281255889245944,0.08850935261984877,-0.0245625686454373,False
Formação de condutores,Serviços de comunicação multimídia - SCM,19,47,16,0.4691800347197533,-0.020344722358810463,0.23251928185770565,-0.02896974303854836,0.13063168103327394,-0.024657232698679414,False
Atividade médica ambulatorial com recursos para realização de exames complementares,Comércio a varejo de pneumáticos e câmaras-de-ar,15,13,7,0.3990882275400374,-0.025984644529501104,0.1701003738364149,-0.0233721143158528,0.1617209098127531,-0.024678379422676953,False
Comércio varejista de artigos de óptica,Fabricação de produtos de panificação industrial,26,15,5,0.24195494952128674,-0.013427580274643226,0.3295358516350349,-0.03594638627490282,0.1120136807125171,-0.024686983274773023,False
Atividade odontológica com recursos para realização de procedimentos cirúrgicos,"Comércio varejista de suvenires, bijuterias e artesanatos",39,10,9,0.5944941472882539,-0.03694165022257232,0.07100483647813334,-0.012439042767436579,0.3175733725115166,-0.02469034649500445,False
"Comércio varejista de produtos farmacêuticos, sem manipulação de fórmulas",Provedores de acesso às redes de comunicações,156,10,8,0.15228897205491945,-0.017662100034531437,0.2808338993321663,-0.03183755117068128,0.1172694773075314,-0.024749825602606357,False
Serviços advocatícios,Serviços de engenharia,18,17,8,0.520300770959468,-0.0307448456584825,0.09642816029550366,-0.018886908592558635,0.2483746618960609,-0.024815877125520566,False
Comércio a varejo de motocicletas e motonetas novas,Serviços de engenharia,16,17,10,0.6571647830932951,-0.02772990669388409,0.1113899491638981,-0.02208299423962046,0.19771206801895358,-0.024906450466752276,False
Atividade odontológica com recursos para realização de procedimentos cirúrgicos,"Comércio varejista de mercadorias em geral, com predominância de produtos alimentícios - supermercados",39,50,24,0.6512484020933771,-0.025560435676774875,0.1464626786145694,-0.024595650539007523,0.19187915994390226,-0.025078043107891197,False
Atividade odontológica com recursos para realização de procedimentos cirúrgicos,Atividades de contabilidade,39,28,18,0.6553616119502369,-0.03395626244205859,0.09813618998226836,-0.0162727394525761,0.2621037633567026,-0.025114500947317348,False
Comércio varejista de medicamentos veterinários,Comércio varejista de móveis,26,74,8,0.07857474160454568,-0.02006037987698766,0.25152939994748186,-0.03022448665459044,0.17231952798421624,-0.02514243326578905,False
Atividade médica ambulatorial com recursos para realização de exames complementares,Hotéis,15,22,7,0.4521829062682664,-0.022040114924083382,0.2081501418693134,-0.02824920486979514,0.25972025860181197,-0.02514465989693926,False
Comércio varejista de artigos de óptica,Serviços combinados de escritório e apoio administrativo,26,14,5,0.10476153598002229,-0.013562413215566045,0.33588194259915893,-0.03673918035243303,0.16517919891164629,-0.02515079678399954,False
Comércio varejista especializado de eletrodomésticos e equipamentos de áudio e vídeo,Laboratórios clínicos,20,22,6,0.30312042764981495,-0.022793656276287946,0.2594178151801453,-0.02775975107388246,0.13021667527142777,-0.0252767036750852,False
"Atividades de atendimento hospitalar, exceto pronto-socorro e unidades para atendimento a urgências",Hotéis,12,22,5,0.3476141551461839,-0.024397391572418697,0.1821019078280688,-0.026217394402915147,0.2736568930819577,-0.025307392987666922,False
Comércio a varejo de peças e acessórios novos para veículos automotores,Comércio varejista de combustíveis para veículos automotores,34,133,30,0.39658980241011804,-0.01306618618199001,0.2860470882149119,-0.03760799017476596,0.08432376801611735,-0.025337088178377987,False
Atividade odontológica com recursos para realização de procedimentos cirúrgicos,"Lanchonetes, casas de chá, de sucos e similares",39,32,22,0.6942002510764059,-0.036596256281263756,0.06893979973633771,-0.014090190403117712,0.315371230082936,-0.025343223342190732,False
Caixas econômicas,Comércio varejista de artigos de óptica,12,26,9,0.5116636867476527,-0.026973887063003417,0.1415929587514122,-0.02372609439477275,0.18216284259703464,-0.025349990728888085,False
Comércio varejista de tecidos,Fabricação de produtos de padaria e confeitaria com predominância de produção própria,10,26,9,0.6050723864911455,-0.030343788929817508,0.09893001995794476,-0.020432664569814043,0.19753227698051,-0.025388226749815775,False
"Aparelhamento de placas e execução de trabalhos em mármore, granito, ardósia e outras pedras",Laboratórios clínicos,14,22,8,0.3662950156514542,-0.02421807896950596,0.17158087313213866,-0.02656962185293825,0.09582414121337834,-0.025393850411222104,False
Atividades de contabilidade,Comércio varejista de calçados,28,22,12,0.37739378073746166,-0.026053906484340947,0.1667078879473583,-0.024765928451833154,0.1585522270295151,-0.025409917468087052,False
Atividade médica ambulatorial restrita a consultas,Coleta de resíduos não-perigosos,18,11,5,0.38458219413183925,-0.03348090477458054,0.07573635796173954,-0.017372108367599275,0.2442876232216979,-0.025426506571089906,False
Atividades de cobrança e informações cadastrais,Fabricação de móveis com predominância de madeira,14,15,6,0.40679794189316326,-0.026806748514645422,0.1374226725208968,-0.02406749482725896,0.20297024174921924,-0.02543712167095219,False
"Comércio varejista de mercadorias em geral, com predominância de produtos alimentícios - hipermercados",Laboratórios clínicos,12,22,5,0.42781273406408765,-0.023429020981748393,0.2153625862934508,-0.027456927882722828,0.1226442426329365,-0.02544297443223561,False
"Aparelhamento de placas e execução de trabalhos em mármore, granito, ardósia e outras pedras",Comércio atacadista de cereais e leguminosas beneficiados,14,13,5,0.4634424859969587,-0.038849960162509585,0.06293946938357169,-0.012124509416416553,0.3256095313796409,-0.02548723478946307,False
Comércio varejista de combustíveis para veículos automotores,Serviços de comunicação multimídia - SCM,133,47,33,0.3202872698233909,-0.023533681399465975,0.18062599180976135,-0.02766536526591057,0.14711941114800747,-0.025599523332688272,False
Comércio varejista de calçados,"Transporte rodoviário de carga, exceto produtos perigosos e mudanças, intermunicipal, interestadual e internacional",22,24,6,0.2213905216370395,-0.02440548286367395,0.15948114364707883,-0.026802313515978754,0.1595052203295202,-0.025603898189826352,False
Comércio a varejo de peças e acessórios novos para veículos automotores,Fabricação de produtos de padaria e confeitaria com predominância de produção própria,34,26,13,0.5265375043295616,-0.016726763523904623,0.2779623785838849,-0.03449378730501193,0.08232563955304639,-0.025610275414458275,False
Fabricação de móveis com predominância de madeira,Serviços de manutenção e reparação mecânica de veículos automotores,15,14,8,0.557656825679162,-0.020110146277173523,0.24684393003626182,-0.031244311709686685,0.09907632238747299,-0.025677228993430105,False
Atividades do Correio Nacional,"Bancos múltiplos, com carteira comercial",54,11,6,0.20213093231740942,-0.029370044597107407,0.16722575283941854,-0.021987912985740227,0.19185646163879566,-0.025678978791423817,False
"Comércio varejista de cosméticos, produtos de perfumaria e de higiene pessoal","Transporte rodoviário de carga, exceto produtos perigosos e mudanças, intermunicipal, interestadual e internacional",22,24,12,0.4575784601484149,-0.020774557233388845,0.22974371124381837,-0.03060274730178231,0.1332876174826993,-0.025688652267585578,False
"Comércio varejista de mercadorias em geral, com predominância de produtos alimentícios - hipermercados",Serviços de funerárias,12,22,5,0.39219755272492035,-0.03218427189934285,0.1472689509207865,-0.019230817397454383,0.20375207710574178,-0.02570754464839862,False
Atividades de contabilidade,Comércio varejista de tecidos,28,10,5,0.29163615263663983,-0.012026249054376447,0.3253456651289287,-0.039535260650246734,0.057022918090938464,-0.025780754852311592,False
Comércio varejista de carnes - açougues,Comércio varejista de hortifrutigranjeiros,15,20,7,0.5176364968994821,-0.03807938145912801,0.04184379718490401,-0.013505752882671153,0.297644268064558,-0.02579256717089958,False
Comercio varejista de artigos de armarinho,Comércio a varejo de motocicletas e motonetas novas,21,16,7,0.36497117156934866,-0.020736694946697908,0.209321068542972,-0.03097630327761339,0.07487349442649381,-0.02585649911215565,False
"Comércio varejista de produtos farmacêuticos, sem manipulação de fórmulas",Comércio varejista de tecidos,156,10,8,0.32244061262507095,-0.02272349868752234,0.22059063989948857,-0.029000646684392534,0.13622288443605962,-0.025862072685957437,False
"Atividades de atendimento hospitalar, exceto pronto-socorro e unidades para atendimento a urgências",Laboratórios clínicos,12,22,5,0.3830708013257076,-0.02861501999779272,0.13403806031790444,-0.023133421289541427,0.154301556864413,-0.025874220643667074,False
Atividade médica ambulatorial restrita a consultas,Comércio varejista de mercadorias em lojas de conveniência,18,11,7,0.5834758941170927,-0.03195316283825475,0.07608908937105811,-0.019828891493518287,0.2200237862900432,-0.025891027165886517,False
"Atividades de atendimento hospitalar, exceto pronto-socorro e unidades para atendimento a urgências","Comercio varejista de artigos de cama, mesa e banho",12,14,5,0.5421385656808188,-0.027819251666275125,0.1414271776979431,-0.02414505386725493,0.18457012981491006,-0.025982152766765028,False
Administração pública em geral,Comércio varejista de madeira e artefatos,94,15,6,0.08735264010620572,-0.03349305496806044,0.12227751652980029,-0.01857825350440312,0.25101760956288094,-0.02603565423623178,False
Comércio varejista de hortifrutigranjeiros,Fabricação de móveis com predominância de madeira,20,15,9,0.40735946242496657,-0.029677043653407963,0.14365002420047873,-0.022595716970175088,0.25319711967897696,-0.026136380311791524,False
Serviços de engenharia,Serviços de funerárias,17,22,10,0.4588523952150037,-0.03580690850639227,0.08802872148778335,-0.016518864448301803,0.22354837567967384,-0.026162886477347033,False
Comércio varejista de carnes - açougues,Fabricação de produtos de padaria e confeitaria com predominância de produção própria,15,26,9,0.3716445202099301,-0.03744476788095979,0.044655584143311326,-0.014995421442140663,0.2754927722066633,-0.026220094661550224,False
"Comércio varejista de cosméticos, produtos de perfumaria e de higiene pessoal",Fabricação de produtos de padaria e confeitaria com predominância de produção própria,22,26,12,0.6042717408215751,-0.022900813321590247,0.1985975776949172,-0.02975607947615433,0.12412625737624511,-0.026328446398872288,False
"Aparelhamento de placas e execução de trabalhos em mármore, granito, ardósia e outras pedras",Fabricação de produtos de padaria e confeitaria com predominância de produção própria,14,26,6,0.24636804684529176,-0.0287749808329148,0.11898962306309147,-0.023982169345154597,0.17033645440858808,-0.026378575089034698,False
Formação de condutores,Laboratórios clínicos,19,22,11,0.49403630230633694,-0.02874552214247698,0.16270506168887255,-0.02404841097285255,0.14309706428853197,-0.026396966557664766,False
"Comércio varejista de produtos farmacêuticos, sem manipulação de fórmulas",Laboratórios clínicos,156,22,20,0.39100627064573107,-0.031041246239415864,0.13799557374508126,-0.021905302071362178,0.14872646680793494,-0.02647327415538902,False
Criação de bovinos para corte,Fabricação de produtos de padaria e confeitaria com predominância de produção própria,30,26,5,0.22915525683404137,-0.03754381420992406,0.1652917368570792,-0.015954003886544475,0.2543361296703174,-0.026748909048234265,False
"Comercio varejista de artigos de cama, mesa e banho",Laboratórios clínicos,14,22,10,0.5635572160521617,-0.028330660318634064,0.14910081886181126,-0.025266431086533495,0.1365291876080884,-0.02679854570258378,False
Comércio a varejo de motocicletas e motonetas novas,"Lanchonetes, casas de chá, de sucos e similares",16,32,13,0.65704965774095,-0.0411985691182406,0.03174113192918236,-0.01245033005273048,0.35914399016408083,-0.026824449585485542,False
Atividades de associações de defesa de direitos sociais,Serviços de engenharia,19,17,5,0.4653915906261961,-0.036282903316609896,0.09880480673352243,-0.01736752364884847,0.24807802570396625,-0.026825213482729184,False
Atividade odontológica com recursos para realização de procedimentos cirúrgicos,Comércio varejista de artigos de óptica,39,26,19,0.5469580773194934,-0.03467093189348438,0.08107062185738506,-0.019075520092457086,0.26735765847228077,-0.026873225992970734,False
Comércio varejista de artigos do vestuário e acessórios,Laboratórios clínicos,46,22,12,0.35937426849156145,-0.030428771021467193,0.1872431614984475,-0.023358625712069085,0.15522176399073428,-0.026893698366768137,False
"Comércio atacadista de mercadorias em geral, com predominância de produtos alimentícios","Comércio varejista de produtos farmacêuticos, sem manipulação de fórmulas",12,156,11,0.3852315008114924,-0.0074846406419877415,0.40189366567792006,-0.04632347917849303,0.060465916312557974,-0.026904059910240384,False
Comércio varejista de carnes - açougues,Comércio varejista de combustíveis para veículos automotores,15,133,12,0.30784604647562425,-0.0353822792090489,0.0661997274982633,-0.018466355520302687,0.2536290104824729,-0.026924317364675793,False
Atividade médica ambulatorial com recursos para realização de exames complementares,Cartórios,15,70,13,0.38312869018206575,-0.015596821924575016,0.2974221759333099,-0.038287079502485305,0.08330310907133337,-0.02694195071353016,False
"Comércio varejista de produtos farmacêuticos, sem manipulação de fórmulas",Comércio varejista especializado de eletrodomésticos e equipamentos de áudio e vídeo,156,20,15,0.21534337082442234,-0.04026532588081291,0.0904872648433876,-0.013620386785222377,0.34036362719436775,-0.026942856333017646,False
Comercio varejista de artigos de armarinho,Serviços de engenharia,21,17,6,0.2601241079016297,-0.019065779944376852,0.23640166279061653,-0.03490466497193173,0.09616856910539623,-0.026985222458154292,False
Atividades de condicionamento físico,Comercio varejista de artigos de armarinho,22,21,6,0.2399616426154575,-0.023984156788639886,0.17631948938444375,-0.030026408071124475,0.12829252432689597,-0.02700528242988218,False
Atividade odontológica com recursos para realização de procedimentos cirúrgicos,"Comércio varejista de produtos farmacêuticos, com manipulação de fórmulas",39,13,13,0.698090600591839,-0.03239304915058454,0.08490938328461628,-0.0216678864019608,0.18223265730654387,-0.027030467776272667,False
Administração pública em geral,Comércio varejista de hortifrutigranjeiros,94,20,8,0.09470054698145088,-0.028668781455794747,0.17591177820510212,-0.02539833885756519,0.1666885666816335,-0.027033560156679966,False
Comércio a varejo de pneumáticos e câmaras-de-ar,Comércio varejista de carnes - açougues,13,15,9,0.727214276573787,-0.014225594958179856,0.26914446015547167,-0.0399582413533147,0.03809961898355875,-0.02709191815574728,False
Atividade médica ambulatorial restrita a consultas,"Lanchonetes, casas de chá, de sucos e similares",18,32,13,0.6432881920950809,-0.04530630894706158,0.02723466621382139,-0.009100149284996136,0.3991496207331353,-0.027203229116028856,False
Comércio a varejo de peças e acessórios novos para motocicletas e motonetas,Comércio varejista especializado de equipamentos e suprimentos de informática,26,13,6,0.2483217515197006,-0.043129653764476715,0.03938874787623259,-0.011624493108817935,0.36014573430942964,-0.027377073436647324,False
Comércio varejista de artigos de óptica,"Transporte rodoviário de carga, exceto produtos perigosos e mudanças, intermunicipal, interestadual e internacional",26,24,11,0.29866526521456727,-0.02000759310659026,0.2469697232309611,-0.03480526550139816,0.10594463428800804,-0.02740642930399421,False
Comércio a varejo de pneumáticos e câmaras-de-ar,Comércio varejista de produtos alimentícios em geral ou especializado em produtos alimentícios não especificados anteriormente,13,20,7,0.5489970648183743,-0.022031552044994983,0.18498520741673746,-0.03288267030257017,0.10626701142605827,-0.027457111173782578,False
Comercio varejista de artigos de armarinho,Formação de condutores,21,19,5,0.21141871493012965,-0.0331089402020707,0.09523883141442985,-0.021808236699368173,0.23800588589786237,-0.027458588450719433,False
"Aparelhamento de placas e execução de trabalhos em mármore, granito, ardósia e outras pedras","Transporte rodoviário de carga, exceto produtos perigosos e mudanças, intermunicipal, interestadual e internacional",14,24,7,0.5944757933242015,-0.03577316179561807,0.06877028050220876,-0.019182875010502844,0.23869774841259672,-0.027478018403060456,False
Comércio varejista de carnes - açougues,"Comércio varejista de produtos farmacêuticos, com manipulação de fórmulas",15,13,7,0.5885776075024156,-0.03859272078694523,0.04106763645931904,-0.01644736305373937,0.23323781872126315,-0.027520041920342297,False
Administração pública em geral,Construção de rodovias e ferrovias,94,17,7,0.1279366683266119,-0.03140671514077879,0.15818412172176205,-0.023838187981277507,0.19445602619017754,-0.02762245156102815,False
"Comércio varejista de produtos farmacêuticos, com manipulação de fórmulas",Comércio varejista especializado de equipamentos e suprimentos de informática,13,13,5,0.2437732140244713,-0.0320457972650809,0.09510404099943603,-0.02334361897052204,0.23900894032883252,-0.027694708117801472,False
"Aparelhamento de placas e execução de trabalhos em mármore, granito, ardósia e outras pedras",Comércio varejista especializado de equipamentos de telefonia e comunicação,14,21,7,0.6169164031530548,-0.03528278150937126,0.07761464603382244,-0.02020986092426555,0.2256073240119273,-0.027746321216818404,False
"Atividades de consultoria em gestão empresarial, exceto consultoria técnica específica",Fabricação de produtos de padaria e confeitaria com predominância de produção própria,12,26,5,0.29847866671761497,-0.023548614776965498,0.1933743535277027,-0.03195522881292992,0.10002895825388991,-0.02775192179494771,False
Atividades de contabilidade,Laboratórios clínicos,28,22,14,0.48301668463777025,-0.0254984163626553,0.1571677644912685,-0.03001205127107023,0.09346097584183377,-0.027755233816862766,False
Comércio varejista de artigos de papelaria,Serviços de funerárias,14,22,8,0.431217951224785,-0.036517117618223294,0.09166160863321815,-0.019100201861023746,0.2050873147147097,-0.02780865973962352,False
Comércio varejista de hortifrutigranjeiros,Serviços combinados de escritório e apoio administrativo,20,14,6,0.47766810674162496,-0.013304809188347463,0.3119790974091341,-0.04239944916391722,0.1247871324808486,-0.02785212917613234,False
Comércio varejista de móveis,Padaria e confeitaria com predominância de revenda,74,26,7,0.012966653489110762,-0.025015289833461293,0.23218603478005573,-0.030762161412850663,0.15811335363453188,-0.027888725623155978,False
Comércio atacadista de cereais e leguminosas beneficiados,Formação de condutores,13,19,7,0.3653022606569341,-0.02374659783953343,0.179573648814583,-0.032046179772354064,0.14249439544755926,-0.027896388805943747,False
Atividades de condicionamento físico,"Comércio varejista de produtos farmacêuticos, sem manipulação de fórmulas",22,156,19,0.4957305385695746,-0.016189636364745835,0.275072277472062,-0.03961854026712447,0.07501605320236415,-0.027904088315935154,False
"Comércio atacadista de mercadorias em geral, com predominância de produtos alimentícios",Fabricação de móveis com predominância de madeira,12,15,6,0.3919614942672703,-0.026224062066407015,0.20009629963564296,-0.029587923173884555,0.14711067012183232,-0.027905992620145786,False
Fabricação de móveis com predominância de madeira,"Lanchonetes, casas de chá, de sucos e similares",15,32,14,0.6240179238217736,-0.02265721454618955,0.23032084185386187,-0.03322356330042936,0.13790430304475948,-0.027940388923309453,False
Formação de condutores,"Transporte rodoviário de carga, exceto produtos perigosos e mudanças, intermunicipal, interestadual e internacional",19,24,6,0.36130038603774933,-0.02793994396386,0.1843559209914215,-0.027955922514728462,0.16288516570973027,-0.02794793323929423,False
"Lojas de variedades, exceto lojas de departamentos ou magazines","Transporte rodoviário de carga, exceto produtos perigosos e mudanças, intermunicipal, interestadual e internacional",17,24,6,0.24468432634820309,-0.031087889316761545,0.12826058980825955,-0.024904912762334634,0.19530440333885002,-0.02799640103954809,False
Atividades de condicionamento físico,Laboratórios clínicos,22,22,14,0.5894309430821469,-0.03003227183659958,0.12154620080087652,-0.026041688951948364,0.13593191738859167,-0.02803698039427397,False
Atividade médica ambulatorial restrita a consultas,Comércio a varejo de peças e acessórios novos para veículos automotores,18,34,10,0.4260301467150681,-0.039002132651080136,0.04424257227045644,-0.017082514415581614,0.24159333211121964,-0.028042323533330873,False
"Comércio varejista de mercadorias em geral, com predominância de produtos alimentícios - minimercados, mercearias e armazéns",Laboratórios clínicos,130,22,13,0.06489192254453134,-0.0343306326218216,0.11686834912536759,-0.0217610907522471,0.1652578280548767,-0.02804586168703435,False
Comércio varejista de ferragens e ferramentas,Fabricação de móveis com predominância de madeira,12,15,6,0.3371661545592783,-0.029387553935396334,0.12991426153816854,-0.026764296433803517,0.17504722665690964,-0.028075925184599927,False
Comércio atacadista de cereais e leguminosas beneficiados,Hotéis,13,22,5,0.1739946545210201,-0.024903957803619727,0.1653734951099496,-0.03126032163956517,0.23739069228266396,-0.02808213972159245,False
Comercio varejista de artigos de armarinho,Comércio varejista de hortifrutigranjeiros,21,20,6,0.21154070876921977,-0.021443444664977853,0.19967169910188798,-0.034753609703939634,0.09446807172748162,-0.028098527184458745,False
Atividades de condicionamento físico,Comércio varejista de artigos de óptica,22,26,13,0.38125728157587924,-0.03155026232356571,0.10436247551997169,-0.0246823470142512,0.18484994993291598,-0.028116304668908458,False
"Comércio varejista de mercadorias em geral, com predominância de produtos alimentícios - supermercados",Comércio varejista de móveis,50,74,13,-0.009015786406174835,-0.020373379601916815,0.22972101417965257,-0.035868455544143515,0.12091326147214237,-0.028120917573030167,False
Atividade médica ambulatorial com recursos para realização de exames complementares,Comércio varejista de madeira e artefatos,15,15,5,0.22042096731133873,-0.02916325906187246,0.12633504697971354,-0.027099201747518478,0.14495328037848432,-0.028131230404695468,False
Comércio varejista especializado de equipamentos e suprimentos de informática,"Lanchonetes, casas de chá, de sucos e similares",13,32,9,0.4140796444114642,-0.009356597831021742,0.4002679678847435,-0.046928830664342995,0.06683937637431576,-0.028142714247682367,False
Comércio varejista especializado de equipamentos e suprimentos de informática,Educação infantil - pré-escola,13,25,6,0.2866942232333701,-0.014235357096131763,0.33633403139643314,-0.04216702141043501,0.07557534658082188,-0.02820118925328339,False
Serviços de comunicação multimídia - SCM,Serviços de engenharia,47,17,13,0.5284080278490403,-0.025437611660251984,0.17190476247008124,-0.031003110943834913,0.1149670253304037,-0.02822036130204345,False
Atividades de condicionamento físico,"Comércio varejista de mercadorias em geral, com predominância de produtos alimentícios - supermercados",22,50,19,0.6469413654860753,-0.021090661055527413,0.18859052775063134,-0.035374999914216505,0.10666313387209159,-0.02823283048487196,False
"Aparelhamento de placas e execução de trabalhos em mármore, granito, ardósia e outras pedras","Comércio varejista de cosméticos, produtos de perfumaria e de higiene pessoal",14,22,7,0.33244871515880847,-0.03396786464459753,0.09116140321344446,-0.022633434304422908,0.20177783366270785,-0.02830064947451022,False
Comércio a varejo de peças e acessórios novos para veículos automotores,"Lojas de departamentos ou magazines, exceto lojas francas (Duty free)",34,39,16,0.3540562597445723,-0.01987943111625046,0.21928195942349815,-0.03695122624222434,0.11156385211450376,-0.0284153286792374,False
Comércio varejista de tecidos,Construção de edifícios,10,67,8,0.3726359619940675,-0.024144246769905696,0.17955803477746402,-0.03271525147361131,0.1529170861370634,-0.028429749121758503,False
Atividades de apoio à agricultura não especificadas anteriormente,Fabricação de produtos de padaria e confeitaria com predominância de produção própria,13,26,5,0.14664727781811754,-0.034447936930952584,0.16281290089297573,-0.022503240108928218,0.1691703435353497,-0.0284755885199404,False
Comércio atacadista de cereais e leguminosas beneficiados,Comércio varejista de carnes - açougues,13,15,6,0.44941155022865287,-0.01686781121095471,0.24889198854765265,-0.04017440666356352,0.03765237016509482,-0.028521108937259114,False
"Comércio varejista de cosméticos, produtos de perfumaria e de higiene pessoal",Laboratórios clínicos,22,22,11,0.4061346819415423,-0.028608478018254422,0.14180239053601978,-0.0285348817823564,0.1228814938723391,-0.02857167990030541,False
Comércio varejista especializado de eletrodomésticos e equipamentos de áudio e vídeo,Serviços de comunicação multimídia - SCM,20,47,10,0.30930166679832705,-0.02047707379805807,0.2753771293032854,-0.03670179207467331,0.0748270767265092,-0.02858943293636569,False
"Aparelhamento de placas e execução de trabalhos em mármore, granito, ardósia e outras pedras",Comércio a varejo de peças e acessórios novos para veículos automotores,14,34,9,0.3539494982096372,-0.03426100456552443,0.08447665784294955,-0.0230109188966601,0.17621260710482795,-0.028635961731092265,False
Comercio varejista de artigos de armarinho,Fabricação de produtos de padaria e confeitaria com predominância de produção própria,21,26,7,0.3190571266761314,-0.030719764841334322,0.11188914931983168,-0.026689982520473412,0.13700791089913728,-0.028704873680903867,False
"Comércio varejista de cosméticos, produtos de perfumaria e de higiene pessoal",Hotéis,22,22,9,0.34656755343512263,-0.0448033152375029,0.04179831457542535,-0.012622057398412477,0.3971653055919585,-0.02871268631795769,False
Comércio varejista especializado de equipamentos e suprimentos de informática,Serviços advocatícios,13,18,6,0.5108097428965024,-0.026486965909929903,0.21282130184530212,-0.03096027005352375,0.09918216924518197,-0.028723617981726825,False
Administração pública em geral,"Transporte rodoviário de carga, exceto produtos perigosos e mudanças, intermunicipal, interestadual e internacional",94,24,9,0.13479459298349836,-0.03366463759603475,0.12490973625089163,-0.023837982651573757,0.19111983630147666,-0.028751310123804254,False
Laboratórios clínicos,Serviços de manutenção e reparação mecânica de veículos automotores,22,14,9,0.5078003675310999,-0.021792998750149197,0.1703295151742394,-0.03589393658479374,0.07321455401940206,-0.02884346766747147,False
"Aparelhamento de placas e execução de trabalhos em mármore, granito, ardósia e outras pedras",Comércio varejista de combustíveis para veículos automotores,14,133,11,0.31610931412247023,-0.026835447520485833,0.1443653900305099,-0.030882453148287553,0.1432637343701969,-0.028858950334386693,False
Serviços de manutenção e reparação mecânica de veículos automotores,"Transporte rodoviário de carga, exceto produtos perigosos e mudanças, intermunicipal, interestadual e internacional",14,24,9,0.683241117762689,-0.03826299417635845,0.05662264018290108,-0.01946890280733903,0.24463791420329717,-0.028865948491848738,False
"Atividades de consultoria em gestão empresarial, exceto consultoria técnica específica",Laboratórios clínicos,12,22,7,0.4770445117177457,-0.029348315838176146,0.12300333471904107,-0.028386750059075132,0.10933664328737319,-0.028867532948625638,False
Provedores de acesso às redes de comunicações,Serviços de comunicação multimídia - SCM,10,47,5,0.12212461100869836,-0.03304771799336099,0.10883090597600364,-0.024711171560136684,0.17307440818438063,-0.028879444776748836,False
Comércio varejista de madeira e artefatos,Fabricação de móveis com predominância de madeira,15,15,7,0.41105721113008714,-0.03280307121949761,0.10306040378966136,-0.025003594409286903,0.20224288275386365,-0.02890333281439226,False
Fabricação de águas envasadas,Serviços de comunicação multimídia - SCM,11,47,5,0.23309204837328923,-0.033959385013930504,0.10705040666642263,-0.023866754464643678,0.18207200851423577,-0.02891306973928709,False
Atividades de cobrança e informações cadastrais,Hotéis,14,22,8,0.3527986009792072,-0.029070497156306205,0.12549293210282453,-0.028823071225980244,0.2580081687678223,-0.028946784191143222,False
Comércio a varejo de motocicletas e motonetas novas,"Transporte rodoviário de carga, exceto produtos perigosos e mudanças, intermunicipal, interestadual e internacional",16,24,9,0.5590202880884193,-0.03782661102280789,0.04341076174141734,-0.020080737779900427,0.21709416607168974,-0.028953674401354157,False
Comercio varejista de artigos de armarinho,Comércio varejista de madeira e artefatos,21,15,5,0.17246881453824972,-0.026258309603550477,0.156316668802498,-0.03193707845604293,0.10451840814944874,-0.029097694029796707,False
Comercio varejista de artigos de armarinho,Comércio varejista especializado de equipamentos de telefonia e comunicação,21,21,8,0.30987207014471596,-0.02529655543117587,0.1607313010230625,-0.032905442013743604,0.11352983528561328,-0.029100998722459737,False
Formação de condutores,Serviços de funerárias,19,22,8,0.3985282532223598,-0.031070365490121304,0.15157333559215835,-0.027139719131393326,0.11900293293363579,-0.029105042310757313,False
Comercio varejista de artigos de armarinho,"Lojas de variedades, exceto lojas de departamentos ou magazines",21,17,7,0.18581150261999074,-0.024305586227688063,0.16949000244538232,-0.033969429191875206,0.10949585602405043,-0.029137507709781636,False
Comércio a varejo de motocicletas e motonetas novas,Comércio varejista especializado de equipamentos e suprimentos de informática,16,13,5,0.2540576370069489,-0.03651178834676091,0.05675769159528189,-0.021909568350029295,0.23725790461457685,-0.0292106783483951,False
"Aparelhamento de placas e execução de trabalhos em mármore, granito, ardósia e outras pedras","Comércio varejista de produtos farmacêuticos, com manipulação de fórmulas",14,13,6,0.6342738051821052,-0.035563431164499,0.07195239938031082,-0.022859927488521985,0.16721315884352217,-0.02921167932651049,False
Comercio varejista de artigos de armarinho,Laboratórios clínicos,21,22,7,0.18216374692687173,-0.030163315316638815,0.11906313139527835,-0.028264706439306658,0.10089842134275795,-0.029214010877972735,False
"Comércio varejista de produtos farmacêuticos, sem manipulação de fórmulas",Fabricação de produtos de panificação industrial,156,15,14,0.40977018253080544,-0.04444845705111008,0.07037883233209596,-0.013979568460039076,0.3309381730315808,-0.029214012755574576,False
Atividade odontológica com recursos para realização de procedimentos cirúrgicos,Comércio varejista especializado de equipamentos de telefonia e comunicação,39,21,19,0.8299219098774441,-0.042296839898662696,0.04226527516024486,-0.016185236694173485,0.2591541158628983,-0.02924103829641809,False
"Aparelhamento de placas e execução de trabalhos em mármore, granito, ardósia e outras pedras",Atividade médica ambulatorial com recursos para realização de exames complementares,14,15,5,0.3991230489374282,-0.024441382581190888,0.17843845017666765,-0.03419230334178615,0.10036672573531741,-0.029316842961488516,False
Comercio varejista de artigos de armarinho,Serviços de manutenção e reparação mecânica de veículos automotores,21,14,5,0.22260447834375904,-0.022914087170797758,0.1881079418376737,-0.03572588591454149,0.0762861993403429,-0.029319986542669624,False
Comércio varejista de artigos do vestuário e acessórios,Serviços de funerárias,46,22,10,0.27093401928797717,-0.04142777523329406,0.12446352908508168,-0.017262981261144374,0.23677412209695642,-0.029345378247219216,False
Comércio varejista de madeira e artefatos,Serviços advocatícios,15,18,7,0.4993353358928046,-0.021622624552026855,0.20841621710075592,-0.03710155585910012,0.07321141791409938,-0.029362090205563487,False
Comércio varejista de combustíveis para veículos automotores,Comércio varejista especializado de equipamentos e suprimentos de informática,133,13,10,0.18342750595256144,-0.04126555920026975,0.0775112792912278,-0.017536929514687234,0.2959586114732027,-0.02940124435747849,False
"Comercio varejista de artigos de cama, mesa e banho",Comércio a varejo de motocicletas e motonetas novas,14,16,7,0.36734828803383834,-0.0134874369931081,0.3305987571262845,-0.04536734760834605,0.02047022074189043,-0.029427392300727075,False
Comércio varejista de medicamentos veterinários,Hotéis,26,22,9,0.3093687952641103,-0.02414401663785737,0.20255556070692493,-0.034741128775549815,0.20378321485172518,-0.02944257270670359,False
Comércio a varejo de peças e acessórios novos para motocicletas e motonetas,Fabricação de móveis com predominância de madeira,26,15,10,0.4527688535193517,-0.03987323432664445,0.06244311947818651,-0.01903024564215328,0.275844636521223,-0.029451739984398866,False
"Comércio varejista de produtos farmacêuticos, sem manipulação de fórmulas",Comércio varejista especializado de equipamentos de telefonia e comunicação,156,21,17,0.4649573246812841,-0.04747170946594677,0.058326065998798374,-0.011686242987389338,0.34173392647422385,-0.029578976226668052,False
Atividades de associações de defesa de direitos sociais,Atividades de cobrança e informações cadastrais,19,14,5,0.5537623714527019,-0.03880879172285337,0.08127094374132515,-0.02039807286036583,0.20827836086454593,-0.0296034322916096,False
Comércio varejista de móveis,Comércio varejista especializado de equipamentos de telefonia e comunicação,74,21,7,0.058634992692974786,-0.02883604580730588,0.187422528861789,-0.03040262526812689,0.1245024229583317,-0.029619335537716385,False
Comércio varejista de artigos de óptica,"Comércio varejista de cosméticos, produtos de perfumaria e de higiene pessoal",26,22,14,0.631755768397699,-0.025131774428074752,0.17163039943817593,-0.0343032842334307,0.0951101600221711,-0.029717529330752727,False
"Comércio atacadista de mercadorias em geral, com predominância de produtos alimentícios",Serviços de funerárias,12,22,6,0.39355741461018745,-0.03593447563410216,0.10980334267785657,-0.023569182557596484,0.16382768560566524,-0.029751829095849322,False
Comércio a varejo de pneumáticos e câmaras-de-ar,Comércio varejista de artigos de óptica,13,26,8,0.3857105743735261,-0.037253425678924396,0.07158519996829724,-0.02232696152403513,0.21766674593427032,-0.02979019360147976,False
Atividade médica ambulatorial com recursos para realização de exames complementares,Restaurantes e similares,15,37,11,0.562366079276463,-0.024060197615663713,0.17514698151633445,-0.03580480857852054,0.1432817794452021,-0.029932503097092125,False
"Aparelhamento de placas e execução de trabalhos em mármore, granito, ardósia e outras pedras",Comércio varejista de calçados,14,22,5,0.19371449691073078,-0.032187982220759775,0.1088360644630067,-0.027730461720663895,0.13305735743890967,-0.029959221970711835,False
Comércio varejista de artigos de óptica,Comércio varejista de carnes - açougues,26,15,8,0.27405938088508025,-0.017832563913446006,0.27193065988694565,-0.04209758243968036,0.026379374924236993,-0.029965073176563183,False
Administração pública em geral,Comércio varejista de artigos de óptica,94,26,8,-0.047144965765981574,-0.028736692059547708,0.16826688969852538,-0.031371969236096225,0.12865939726669767,-0.030054330647821967,False
Atividade odontológica com recursos para realização de procedimentos cirúrgicos,Comércio a varejo de peças e acessórios novos para veículos automotores,39,34,23,0.6143924597684327,-0.04355029706019722,0.0369612691517549,-0.0165680791635397,0.25323875131370444,-0.03005918811186846,False
Comércio atacadista de cereais e leguminosas beneficiados,Comércio varejista de produtos alimentícios em geral ou especializado em produtos alimentícios não especificados anteriormente,13,20,6,0.4497783222303879,-0.021659959972268165,0.20967494610865067,-0.03846717137548862,0.07513564029064833,-0.03006356567387839,False
Atividades de condicionamento físico,Comércio a varejo de pneumáticos e câmaras-de-ar,22,13,9,0.5771214215800494,-0.034884823626523564,0.09365939189609562,-0.02528508903699849,0.13991257019283793,-0.030084956331761028,False
Comércio varejista de medicamentos veterinários,Restaurantes e similares,26,37,16,0.5612023924531397,-0.045963305153125,0.042545806266603106,-0.0143289533720448,0.3217926133160026,-0.0301461292625849,False
Comércio a varejo de motocicletas e motonetas novas,Comércio varejista de combustíveis para veículos automotores,16,133,14,0.39038698662859384,-0.03039773554540468,0.08900465341343117,-0.030030846727258663,0.1491365486546517,-0.030214291136331672,False
Atividade médica ambulatorial restrita a consultas,"Comercio varejista de artigos de cama, mesa e banho",18,14,8,0.5257068956565824,-0.04393288568721506,0.033931264365428475,-0.016616151327867642,0.28699518270304203,-0.03027451850754135,False
Atividade odontológica com recursos para realização de procedimentos cirúrgicos,"Atividades de consultoria em gestão empresarial, exceto consultoria técnica específica",39,12,10,0.620877915455413,-0.04522272959199486,0.031040456003791097,-0.01554468085589208,0.27080400982425223,-0.03038370522394347,False
Comercio varejista de artigos de armarinho,Comércio varejista de artigos de óptica,21,26,8,0.31077552415833626,-0.03322209788342008,0.10413614249565195,-0.02758128497075054,0.15719893758864195,-0.03040169142708531,False
Comércio varejista de produtos alimentícios em geral ou especializado em produtos alimentícios não especificados anteriormente,Serviços de funerárias,20,22,8,0.47769594942065136,-0.03667335987527924,0.07765044375978392,-0.024149968854784674,0.14459967973509313,-0.030411664365031957,False
Comércio varejista de produtos alimentícios em geral ou especializado em produtos alimentícios não especificados anteriormente,Serviços de comunicação multimídia - SCM,20,47,11,0.5584591199622437,-0.027441345912855415,0.1474630202959264,-0.033471958266162616,0.1007488925808423,-0.030456652089509016,False
Comércio varejista de medicamentos veterinários,"Lojas de variedades, exceto lojas de departamentos ou magazines",26,17,9,0.3913327526973637,-0.03742050242795493,0.06826144952038266,-0.02350525531953828,0.21002891429050713,-0.030462878873746605,False
Comércio varejista especializado de equipamentos de telefonia e comunicação,Serviços de comunicação multimídia - SCM,21,47,16,0.6167046458020531,-0.022728539404938884,0.19397654297231998,-0.03826351339319577,0.06929524224598203,-0.030496026399067323,False
Comércio varejista de móveis,Criação de frangos para corte,74,10,5,0.20354163776786086,-0.02509514116668668,0.2021766661185646,-0.03597682549409733,0.13186353342153134,-0.030535983330392005,False
Comercio varejista de artigos de armarinho,Serviços de comunicação multimídia - SCM,21,47,10,0.2940905189628022,-0.024343042716255026,0.1672760037758922,-0.0367370071559315,0.06865891411275919,-0.030540024936093264,False
Atividade médica ambulatorial restrita a consultas,"Atividades de consultoria em gestão empresarial, exceto consultoria técnica específica",18,12,7,0.6918895289060336,-0.04469959464482076,0.024745783509950412,-0.016506704010123843,0.250550354239766,-0.030603149327472302,False
Comércio varejista de calçados,Comércio varejista especializado de equipamentos de telefonia e comunicação,22,21,12,0.5228888464399261,-0.030740902755798723,0.09857603465704551,-0.03063213621838826,0.13868770063059843,-0.030686519487093493,False
"Atividades de atendimento hospitalar, exceto pronto-socorro e unidades para atendimento a urgências",Padaria e confeitaria com predominância de revenda,12,26,5,0.16748265486557048,-0.03859136424159028,0.061931294759088255,-0.02278480913045045,0.2113955814507078,-0.030688086686020362,False
Atividade médica ambulatorial restrita a consultas,Comércio varejista de madeira e artefatos,18,15,9,0.6146947900818402,-0.04229332552037467,0.030348275063920183,-0.019225562993189817,0.227402857041493,-0.03075944425678224,False
Comércio varejista de calçados,Serviços advocatícios,22,18,8,0.3013217701805069,-0.026988281318536818,0.13618417963821972,-0.03453807838071057,0.0868650195062266,-0.030763179849623692,False
Comércio a varejo de peças e acessórios novos para veículos automotores,Comércio varejista especializado de equipamentos e suprimentos de informática,34,13,7,0.38948369939268174,-0.03253238682878009,0.10224401202896516,-0.029181553435210006,0.19549318096148055,-0.030856970131995048,False
Atividades de condicionamento físico,Comércio varejista de materiais de construção não especificados anteriormente,22,11,5,0.19486965064172682,-0.03259247546241895,0.10693333885418743,-0.029122714930007138,0.11006491824446979,-0.030857595196213047,False
Comercio varejista de artigos de armarinho,"Transporte rodoviário de carga, exceto produtos perigosos e mudanças, intermunicipal, interestadual e internacional",21,24,7,0.24788239881393492,-0.030081980721917513,0.12177472359483871,-0.03163913310025265,0.12431176183054693,-0.030860556911085083,False
Atividade odontológica com recursos para realização de procedimentos cirúrgicos,Atividades de cobrança e informações cadastrais,39,14,13,0.7473090374807861,-0.038441404757973884,0.05894737353078967,-0.02332657386173487,0.1558238510100467,-0.03088398930985438,False
Hotéis,"Lojas de departamentos ou magazines, exceto lojas francas (Duty free)",22,39,10,0.2661166229376515,-0.003833491393337403,0.467359556593769,-0.0580933219712361,0.025239226751314653,-0.030963406682286754,False
Comércio varejista de móveis,Serviços de comunicação multimídia - SCM,74,47,14,0.008194083311052182,-0.030624718889063283,0.16391771962452306,-0.031318564723754085,0.10826893596659232,-0.030971641806408684,False
Comércio varejista de tecidos,Fabricação de móveis com predominância de madeira,10,15,5,0.4123541488927331,-0.03732720953769404,0.06834268876881411,-0.024783809382394262,0.20225452177601877,-0.03105550946004415,False
Atividades de cobrança e informações cadastrais,"Transporte rodoviário de carga, exceto produtos perigosos e mudanças, intermunicipal, interestadual e internacional",14,24,9,0.6803012530232243,-0.03307063664799163,0.08859049095118104,-0.029092196476683346,0.16359137100958515,-0.03108141656233749,False
Atividade odontológica com recursos para realização de procedimentos cirúrgicos,Comércio varejista de combustíveis para veículos automotores,39,133,33,0.4116802376842047,-0.024877046820002382,0.16468857282795168,-0.037297445784060905,0.0962721685511172,-0.03108724630203164,False
"Atividades de consultoria em gestão empresarial, exceto consultoria técnica específica",Comércio varejista de móveis,12,74,5,0.06060829980477763,-0.025232659982346174,0.14767348098184901,-0.03724180586408496,0.12147227535623173,-0.031237232923215567,False
Administração pública em geral,Laboratórios clínicos,94,22,7,-0.008142407920005737,-0.03363296210658145,0.1270556398668075,-0.028889899045159963,0.11709565392290466,-0.031261430575870705,False
Cartórios,Comercio varejista de artigos de armarinho,70,21,13,0.2771186822742306,-0.0348772541858422,0.11489773702096373,-0.027795571430801264,0.13262963339393574,-0.03133641280832173,False
Atividades de organizações religiosas,Comércio varejista de medicamentos veterinários,30,26,6,0.22823915944435236,-0.020880268051529555,0.2475020523068967,-0.04182141217794972,0.059100192544976504,-0.03135084011473964,False
"Atividades de atendimento hospitalar, exceto pronto-socorro e unidades para atendimento a urgências",Cartórios,12,70,6,0.12757928457505333,-0.022116454295364834,0.19846144389824755,-0.04083196035405262,0.08472596002819172,-0.03147420732470873,False
"Atividades de consultoria em gestão empresarial, exceto consultoria técnica específica",Comércio varejista de calçados,12,22,6,0.40493335931805935,-0.029973421043488876,0.10996693862669638,-0.03306137444427942,0.08384768236375201,-0.03151739774388415,False
Comércio varejista de medicamentos veterinários,"Comércio varejista de mercadorias em geral, com predominância de produtos alimentícios - supermercados",26,50,16,0.42669101804974774,-0.03219642811278399,0.11777091331228634,-0.03110208451390035,0.12885837977892522,-0.03164925631334217,False
Comércio varejista de calçados,Comércio varejista especializado de equipamentos e suprimentos de informática,22,13,6,0.33381856923314956,-0.04584101868629282,0.03242555727156303,-0.017625038280630518,0.3004491494070616,-0.03173302848346167,False
Comércio varejista de ferragens e ferramentas,Serviços de comunicação multimídia - SCM,12,47,7,0.23724040276104322,-0.02521251581866843,0.1617501287909759,-0.03829620871113819,0.07741988851523822,-0.03175436226490331,False
Comércio varejista de carnes - açougues,Fabricação de móveis com predominância de madeira,15,15,6,0.25650141566201035,-0.038033741390983256,0.043810931282731835,-0.02550685050655031,0.2043772226949384,-0.031770295948766784,False
Fabricação de alimentos para animais,Serviços de funerárias,13,22,7,0.2930291511971738,-0.028306441728754024,0.13723149382116911,-0.03525845406025602,0.07068089400256888,-0.03178244789450502,False
Atividade médica ambulatorial com recursos para realização de exames complementares,Fabricação de produtos de panificação industrial,15,15,6,0.4841411556179778,-0.031010906464867878,0.10781740782917354,-0.03256239959597408,0.12468842621790854,-0.03178665303042098,False
"Lojas de variedades, exceto lojas de departamentos ou magazines",Serviços de funerárias,17,22,6,0.25361209347599684,-0.04275945976022795,0.05822278568915164,-0.020965434008763318,0.19289355258561525,-0.03186244688449563,False
Atividades de contabilidade,Hotéis,28,22,10,0.3587800727265283,-0.03085107696661833,0.1315738307659179,-0.032938139059351314,0.22563580639434128,-0.03189460801298482,False
"Comércio varejista de produtos farmacêuticos, sem manipulação de fórmulas",Serviços de funerárias,156,22,19,0.386744433296518,-0.04545382180216719,0.0660071792669329,-0.018414309690127507,0.21844723978758585,-0.03193406574614735,False
"Comércio varejista de produtos farmacêuticos, com manipulação de fórmulas",Serviços de funerárias,13,22,10,0.45514603640993717,-0.04614548392830687,0.024856719891147537,-0.01791445210361753,0.24047906914877482,-0.032029968015962196,False
Comércio a varejo de motocicletas e motonetas novas,"Comércio varejista de produtos farmacêuticos, com manipulação de fórmulas",16,13,9,0.6320302101116149,-0.0335288305667342,0.06618175518966327,-0.030555626229441277,0.11150858275518594,-0.032042228398087735,False
"Comércio varejista de suvenires, bijuterias e artesanatos",Serviços de funerárias,10,22,8,0.5005120551980551,-0.04560980464086015,0.038945809650147066,-0.018565836248628072,0.2421834289701026,-0.03208782044474411,False
"Aparelhamento de placas e execução de trabalhos em mármore, granito, ardósia e outras pedras",Serviços de engenharia,14,17,7,0.5812353769384282,-0.03551013638369202,0.0835554963247116,-0.02872131201699015,0.1340916105684567,-0.03211572420034109,False
Comércio varejista especializado de equipamentos de telefonia e comunicação,Serviços advocatícios,21,18,13,0.7031866386008757,-0.02257463678232184,0.18641482048903807,-0.04173834801681232,0.04747320786310237,-0.03215649239956708,False
Fabricação de móveis com predominância de madeira,Serviços de comunicação multimídia - SCM,15,47,10,0.3775040676810177,-0.02654812358507834,0.20423073167236522,-0.03783446115409442,0.06703372233355723,-0.03219129236958638,False
Comércio a varejo de motocicletas e motonetas novas,Comércio a varejo de pneumáticos e câmaras-de-ar,16,13,9,0.6896400818572767,-0.036948827913681925,0.05305753432721712,-0.027688863878333938,0.1192621974915235,-0.03231884589600793,False
Comércio atacadista de cereais e leguminosas beneficiados,Serviços de manutenção e reparação mecânica de veículos automotores,13,14,5,0.554724031087903,-0.02122563792412151,0.18986597759941154,-0.04343117939752438,0.03435738375280223,-0.03232840866082295,False
Fabricação de produtos de padaria e confeitaria com predominância de produção própria,Laboratórios clínicos,26,22,12,0.47815806470943406,-0.03640235365024485,0.07607762982809879,-0.028316903999113473,0.11168853726096928,-0.03235962882467916,False
Atividade médica ambulatorial com recursos para realização de exames complementares,Comércio varejista de calçados,15,22,7,0.3408563778476791,-0.03410787048386543,0.09045543773952158,-0.030705450885397792,0.10886570820840785,-0.03240666068463161,False
"Comércio varejista de cosméticos, produtos de perfumaria e de higiene pessoal","Lanchonetes, casas de chá, de sucos e similares",22,32,18,0.5831292325655334,-0.02789074674700592,0.16843049946667005,-0.03695211998853359,0.1068886982049626,-0.03242143336776975,False
Comércio varejista especializado de equipamentos e suprimentos de informática,Fabricação de produtos de padaria e confeitaria com predominância de produção própria,13,26,6,0.25566128203112953,-0.01691472196607009,0.3077495040096956,-0.047985753097905766,0.0335173883403451,-0.032450237531987926,False
Atividades de associações de defesa de direitos sociais,Serviços de comunicação multimídia - SCM,19,47,13,0.4965752923388492,-0.03567052788514415,0.10025445028103502,-0.02968500566339627,0.12176881328385852,-0.032677766774270214,False
"Atividades de consultoria em gestão empresarial, exceto consultoria técnica específica",Comércio a varejo de motocicletas e motonetas novas,12,16,7,0.5506112596601019,-0.018544859575819153,0.24253168057657204,-0.0468852331496009,0.018659990777620417,-0.032715046362710026,False
Comércio varejista de materiais de construção não especificados anteriormente,"Comércio varejista de mercadorias em geral, com predominância de produtos alimentícios - minimercados, mercearias e armazéns",11,130,9,0.23097099801768667,-0.029854506877491447,0.1110850869747157,-0.03566602752163916,0.12409787521397014,-0.032760267199565304,False
"Comercio varejista de artigos de cama, mesa e banho",Comércio varejista de artigos de óptica,14,26,8,0.3981203646583567,-0.036023203769438746,0.09881928299400294,-0.03007725308254617,0.1408135820977477,-0.03305022842599246,False
"Atividades de consultoria em gestão empresarial, exceto consultoria técnica específica",Comércio varejista de medicamentos veterinários,12,26,6,0.48442635361086195,-0.01780429967146404,0.2317090181075614,-0.04837101243404758,0.03780295976114613,-0.03308765605275581,False
Atividade médica ambulatorial com recursos para realização de exames complementares,Comércio varejista especializado de equipamentos de telefonia e comunicação,15,21,11,0.5919702372820456,-0.03561903963675468,0.08989102869988547,-0.030656717338624767,0.12194015628342941,-0.033137878487689724,False
Fabricação de produtos de panificação industrial,Serviços de funerárias,15,22,7,0.4034763189527225,-0.04199990000831316,0.06497064703997057,-0.024680755819948275,0.1631461427625447,-0.03334032791413072,False
Comércio varejista de bebidas,Serviços de funerárias,27,22,11,0.38160332627067606,-0.03973328497503955,0.08408968401323363,-0.026958611870327203,0.1192087374015951,-0.033345948422683375,False
"Comercio varejista de artigos de cama, mesa e banho",Comércio varejista de medicamentos veterinários,14,26,8,0.44552514607532406,-0.019399945180856686,0.25287769304410035,-0.04744701751125286,0.034345144068100235,-0.03342348134605477,False
Comércio varejista de calçados,Comércio varejista de produtos alimentícios em geral ou especializado em produtos alimentícios não especificados anteriormente,22,20,7,0.3505088308168168,-0.03412362202395619,0.0842850728017247,-0.032758420132245655,0.10370334345030657,-0.03344102107810092,False
Comércio varejista de medicamentos veterinários,Laboratórios clínicos,26,22,9,0.3542064603049412,-0.03426783737306147,0.10761067993389634,-0.03305740583305331,0.07682738161262957,-0.03366262160305739,False
Comércio varejista de móveis,Fabricação de móveis com predominância de madeira,74,15,5,0.039416723985621245,-0.03269875272991382,0.14903521440548628,-0.034657840075334775,0.13832584052926783,-0.0336782964026243,False
Comércio varejista de carnes - açougues,"Comércio varejista de produtos farmacêuticos, sem manipulação de fórmulas",15,156,10,0.28626438241830926,-0.026131050594376846,0.11294743269723112,-0.04124913794227835,0.07407942499227174,-0.0336900942683276,False
Comércio varejista de artigos de papelaria,Comércio varejista de tecidos,14,10,5,0.4302616136590071,-0.023312911529497667,0.18742617245008258,-0.04431139074977058,0.039416366449634185,-0.03381215113963412,False
Caixas econômicas,Fabricação de produtos de padaria e confeitaria com predominância de produção própria,12,26,7,0.39681708723721837,-0.028078967467711564,0.14505645904109338,-0.03961470846402232,0.055353824667291225,-0.03384683796586694,False
"Comércio atacadista de mercadorias em geral, com predominância de produtos alimentícios",Comércio varejista especializado de equipamentos e suprimentos de informática,12,13,6,0.4649804067298026,-0.03816709119453794,0.10163867863706805,-0.02963296320384843,0.17852259470937198,-0.03390002719919319,False
Administração pública em geral,Comércio varejista de bebidas,94,27,10,0.10216203601029085,-0.03337053825082423,0.1296423988896921,-0.03454451033000928,0.1159120896123283,-0.03395752429041675,False
Comércio varejista de produtos alimentícios em geral ou especializado em produtos alimentícios não especificados anteriormente,Serviços advocatícios,20,18,8,0.5755314616013412,-0.031118639442295686,0.12111987671802943,-0.03721733550865715,0.07144400924506578,-0.03416798747547642,False
Comércio atacadista de cereais e leguminosas beneficiados,Fabricação de produtos de padaria e confeitaria com predominância de produção própria,13,26,7,0.4152893183999987,-0.03403845217068094,0.08521548293069964,-0.03430275137995405,0.08272248020043521,-0.03417060177531749,False
Atividade odontológica com recursos para realização de procedimentos cirúrgicos,Comércio atacadista de cereais e leguminosas beneficiados,39,13,11,0.5232592705755069,-0.04321041441069214,0.03865158268054226,-0.02522561733925117,0.17109681042095143,-0.034218015874971655,False
"Atividades de atendimento hospitalar, exceto pronto-socorro e unidades para atendimento a urgências",Comércio varejista de artigos do vestuário e acessórios,12,46,5,0.11758594488602173,-0.02690537702034356,0.15109139332946753,-0.041551164722666324,0.12042000908487976,-0.03422827087150494,False
Comércio varejista de medicamentos veterinários,"Comércio varejista de suvenires, bijuterias e artesanatos",26,10,6,0.49885287480655693,-0.050379099457177626,0.027383549831750852,-0.018148422513684648,0.2607873746150614,-0.03426376098543114,False
Comércio a varejo de motocicletas e motonetas novas,Comércio a varejo de peças e acessórios novos para veículos automotores,16,34,11,0.39950044097266296,-0.04684739836105226,0.017634270997789445,-0.02182713170352481,0.2033983565425359,-0.03433726503228854,False
"Comercio varejista de artigos de cama, mesa e banho","Comércio varejista de produtos farmacêuticos, sem manipulação de fórmulas",14,156,11,0.2696450982469407,-0.016439404076699173,0.25348558665812737,-0.05223557109417534,0.04269472100729612,-0.034337487585437254,False
Comércio varejista de artigos de óptica,Comércio varejista de tecidos,26,10,5,0.2852734647623358,-0.027063538606628634,0.15495857880953556,-0.04161270898291648,0.053500656064057274,-0.03433812379477256,False
Comércio a varejo de peças e acessórios novos para motocicletas e motonetas,Hotéis,26,22,8,0.28293492560165723,-0.04894802720666205,0.024536361790419445,-0.019867086786226455,0.3155565120507904,-0.03440755699644425,False
Atividades de cobrança e informações cadastrais,Serviços advocatícios,14,18,8,0.5447056738222621,-0.02843469581964231,0.11435239368368033,-0.040432188901574295,0.05798792300529849,-0.0344334423606083,False
Comércio a varejo de pneumáticos e câmaras-de-ar,Comércio varejista de móveis,13,74,6,0.1707922965081427,-0.03486436033905348,0.06531827433308081,-0.034067144945531744,0.14199181550794926,-0.03446575264229261,False
Cartórios,Comércio varejista de calçados,70,22,17,0.3464690763793685,-0.03818926156714921,0.10165219220005434,-0.030868930597940894,0.11163634566794295,-0.03452909608254505,False
Comércio varejista de carnes - açougues,Laboratórios clínicos,15,22,8,0.39235338030482547,-0.04488368873098774,0.022329507792208506,-0.024342245830325474,0.15246292127830197,-0.034612967280656604,False
Atividade médica ambulatorial restrita a consultas,"Comércio varejista de cosméticos, produtos de perfumaria e de higiene pessoal",18,22,11,0.4061704401051724,-0.04507166949563833,0.021825918655384552,-0.024271706358948486,0.18930523814898825,-0.03467168792729341,False
Atividade odontológica com recursos para realização de procedimentos cirúrgicos,Fabricação de móveis com predominância de madeira,39,15,12,0.5532586352380965,-0.04260008308699196,0.04627764629473942,-0.026752921896034523,0.17922371083010247,-0.034676502491513245,False
Comércio varejista de medicamentos veterinários,"Comércio varejista de produtos farmacêuticos, com manipulação de fórmulas",26,13,11,0.5721267745349036,-0.041223354921621186,0.0573168445757291,-0.028206510379138922,0.11097177127065966,-0.03471493265038005,False
Comércio a varejo de peças e acessórios novos para veículos automotores,Comércio varejista de tecidos,34,10,6,0.3802700049988113,-0.02456277531747715,0.16161582771769373,-0.044921967876183674,0.03380116110258757,-0.03474237159683041,False
Atividades de contabilidade,Comércio a varejo de motocicletas e motonetas novas,28,16,10,0.5804516363255549,-0.02866785002963476,0.13061166417847841,-0.040864740873503294,0.030797629604546673,-0.03476629545156903,False
Comércio a varejo de peças e acessórios novos para veículos automotores,Hotéis,34,22,14,0.49081054713164796,-0.03157245243731608,0.09863879289614491,-0.037969813229895406,0.18059159769913552,-0.03477113283360574,False
Comércio varejista de combustíveis para veículos automotores,Comércio varejista de medicamentos veterinários,133,26,21,0.31502234282105884,-0.033321712944295284,0.11307436234559409,-0.03635319914757827,0.0887196526040343,-0.03483745604593678,False
Atividades de condicionamento físico,Comércio varejista de calçados,22,22,9,0.40421022208031193,-0.0336752424337968,0.10058305753684949,-0.03607071645150708,0.06842221648909717,-0.03487297944265194,False
Atividade médica ambulatorial com recursos para realização de exames complementares,Comércio varejista de artigos de papelaria,15,14,5,0.32767070594306896,-0.03268655124162286,0.10703709692182273,-0.03730896680531717,0.08410512835814621,-0.03499775902347002,False
Atividade médica ambulatorial com recursos para realização de exames complementares,Comércio varejista de materiais de construção em geral,15,98,11,0.39191068809864843,-0.027512632345803898,0.14894235263997757,-0.042743068317632096,0.08159310851744656,-0.035127850331717995,False
Comércio varejista de artigos de óptica,Comércio varejista de medicamentos veterinários,26,26,10,0.30917455628194396,-0.028891182734022514,0.1489521544155049,-0.04145968050389917,0.05604369161117889,-0.03517543161896084,False
Laboratórios clínicos,Restaurantes e similares,22,37,15,0.5401100077869508,-0.026264323235796343,0.13550723437710416,-0.044205789657334925,0.10773522688213294,-0.03523505644656563,False
Atividade médica ambulatorial restrita a consultas,Comércio a varejo de pneumáticos e câmaras-de-ar,18,13,7,0.6109052022844563,-0.044570815327776,0.03205582387233538,-0.025910207193246514,0.1517591851993461,-0.035240511260511254,False
Administração pública em geral,"Comércio varejista de suvenires, bijuterias e artesanatos",94,10,5,0.173849309142046,-0.046131822665481506,0.06981870432181744,-0.024426208515081104,0.170718348120253,-0.03527901559028131,False
Atividade médica ambulatorial com recursos para realização de exames complementares,Comércio varejista de bebidas,15,27,7,0.23518280905912378,-0.03708662090008257,0.08159184649405377,-0.03366353170873315,0.13057265712292132,-0.035375076304407865,False
Comércio varejista de calçados,Serviços de comunicação multimídia - SCM,22,47,15,0.4410491417613691,-0.026112729350132865,0.14226109801310133,-0.04466017088336782,0.03359296043650949,-0.035386450116750345,False
Atividade médica ambulatorial restrita a consultas,Comércio a varejo de peças e acessórios novos para motocicletas e motonetas,18,26,8,0.5471612416443988,-0.04138210745077826,0.0374601278397235,-0.029500003185591178,0.1333984882942842,-0.03544105531818472,False
Cartórios,Comércio a varejo de peças e acessórios novos para veículos automotores,70,34,28,0.5146677223392788,-0.045968974514965726,0.05469480911405041,-0.02498957968698971,0.17270578251613727,-0.035479277100977716,False
Atividade médica ambulatorial restrita a consultas,Comercio varejista de artigos de armarinho,18,21,7,0.19788264580892306,-0.038632558142387204,0.04566202382206411,-0.03235852652417173,0.10340354063068274,-0.035495542333279465,False
Comércio varejista de medicamentos veterinários,Serviços de comunicação multimídia - SCM,26,47,15,0.4968245730119005,-0.04145431522440244,0.06557137183608364,-0.029671065061988928,0.12312553047860886,-0.035562690143195685,False
Comércio varejista de combustíveis para veículos automotores,Serviços de funerárias,133,22,16,0.26921327752870633,-0.047782592349942726,0.04064630261709433,-0.02351160803049229,0.15264616865085767,-0.03564710019021751,False
Comércio varejista de calçados,"Comércio varejista de produtos farmacêuticos, sem manipulação de fórmulas",22,156,18,0.3521577457509474,-0.02525612544169418,0.14491386068877088,-0.046056587894215524,0.05640734407661348,-0.03565635666795485,False
"Aparelhamento de placas e execução de trabalhos em mármore, granito, ardósia e outras pedras",Comércio a varejo de peças e acessórios novos para motocicletas e motonetas,14,26,8,0.5036204119686475,-0.037431731142409504,0.07688014381461307,-0.03404513554270156,0.08771269995915115,-0.03573843334255553,False
Atividades de cobrança e informações cadastrais,"Comércio varejista de mercadorias em geral, com predominância de produtos alimentícios - supermercados",14,50,11,0.5086057219316136,-0.027823651268968314,0.11905482421930752,-0.04366098733298364,0.05894441321814346,-0.035742319300975975,False
Administração pública em geral,"Comércio varejista de mercadorias em geral, com predominância de produtos alimentícios - hipermercados",94,12,6,0.14579308568699986,-0.047505854627666794,0.05861570365047273,-0.02398702464370294,0.2196165819660461,-0.03574643963568487,False
Administração pública em geral,Formação de condutores,94,19,8,0.02586182594229149,-0.04050536850062278,0.08339548194369611,-0.03102469147166428,0.15958906713816895,-0.03576502998614353,False
"Atividades de atendimento hospitalar, exceto pronto-socorro e unidades para atendimento a urgências",Atividades de condicionamento físico,12,22,7,0.522541073839197,-0.04143785767601363,0.04848255193593627,-0.030135000632615858,0.11927334653014987,-0.03578642915431474,False
Atividades de condicionamento físico,Provedores de acesso às redes de comunicações,22,10,5,0.32518761026055154,-0.01742056215122707,0.23302257767065443,-0.054152783851404276,0.028393632307734923,-0.035786673001315675,False
Comércio varejista de hortifrutigranjeiros,Serviços de comunicação multimídia - SCM,20,47,12,0.4837945799872508,-0.03399103091947936,0.09674522775345928,-0.03758553909320665,0.0833164689220694,-0.035788285006343006,False
Atividades de cobrança e informações cadastrais,Comercio varejista de artigos de armarinho,14,21,5,0.20894885801183455,-0.04016087487066372,0.04900212706242993,-0.03150892751384945,0.1068961181445724,-0.03583490119225659,False
"Comércio varejista de mercadorias em geral, com predominância de produtos alimentícios - minimercados, mercearias e armazéns",Comércio varejista de tecidos,130,10,5,0.012120326174473658,-0.045378521634517076,0.05636428841567538,-0.02630172439743716,0.14502681759447345,-0.03584012301597712,False
"Comercio varejista de artigos de cama, mesa e banho",Hotéis,14,22,7,0.3263530909944902,-0.03759753319723169,0.08165672379958805,-0.03419238133219713,0.21773852826348788,-0.03589495726471441,False
Hotéis,Serviços de comunicação multimídia - SCM,22,47,15,0.4277226664921689,-0.016395992324358982,0.33874252528477633,-0.05567312628876792,0.014301793806618305,-0.03603455930656345,False
Atividades de associações de defesa de direitos sociais,"Comércio varejista de produtos farmacêuticos, sem manipulação de fórmulas",19,156,16,0.38958995590083195,-0.028691395625474476,0.13859454266960064,-0.04342390930505839,0.06662900507604481,-0.03605765246526643,False
Hotéis,Laboratórios clínicos,22,22,12,0.49564034984346045,-0.03375935414104627,0.2045611433826624,-0.038378098179649364,0.04973733169717772,-0.036068726160347814,False
Atividades de cobrança e informações cadastrais,Comércio varejista de carnes - açougues,14,15,7,0.581321073850225,-0.024292768188864732,0.16372161089869502,-0.047921971545762186,0.01803975976583319,-0.03610736986731346,False
Atividade odontológica com recursos para realização de procedimentos cirúrgicos,Comércio varejista de hortifrutigranjeiros,39,20,14,0.5785269340789496,-0.03966549618145539,0.061613875054453204,-0.032854122807921875,0.10225578736297464,-0.03625980949468863,False
"Comércio varejista de suvenires, bijuterias e artesanatos",Fabricação de móveis com predominância de madeira,10,15,5,0.24149464767385712,-0.04021175080704043,0.06306200146132968,-0.032407734034544125,0.1465216199523553,-0.03630974242079228,False
Laboratórios clínicos,Serviços advocatícios,22,18,8,0.3632099741847339,-0.035098791104389425,0.07407617305419954,-0.03765297261363505,0.07187133321901784,-0.036375881859012235,False
"Aparelhamento de placas e execução de trabalhos em mármore, granito, ardósia e outras pedras",Atividades de contabilidade,14,28,8,0.48380420547263,-0.0403071944956845,0.06381935648524194,-0.03259124591477078,0.11131878334998707,-0.03644922020522764,False
Comercio varejista de artigos de armarinho,"Lanchonetes, casas de chá, de sucos e similares",21,32,11,0.35083368731612874,-0.0322566027342076,0.09678997092118119,-0.04071578040460949,0.0956910330623022,-0.03648619156940855,False
Atividade médica ambulatorial com recursos para realização de exames complementares,"Comércio varejista de suvenires, bijuterias e artesanatos",15,10,5,0.45802838178429456,-0.041394428349146,0.049393594973668783,-0.03175115286694766,0.11771065845741402,-0.03657279060804683,False
Comércio varejista de materiais de construção em geral,Comércio varejista de materiais de construção não especificados anteriormente,98,11,6,0.2098013774774845,-0.04012306725773413,0.08150629074129612,-0.033164288507437405,0.08336757830507358,-0.03664367788258577,False
"Comércio varejista de suvenires, bijuterias e artesanatos",Serviços advocatícios,10,18,6,0.5809285488928962,-0.02350055006382739,0.19058376586808895,-0.049823013986063924,0.024140342975333774,-0.03666178202494566,False
Comércio varejista de calçados,Comércio varejista de carnes - açougues,22,15,10,0.5291548403282934,-0.030530361478483887,0.1127978752925376,-0.04281979845525616,0.02252417599619891,-0.03667507996687002,False
Comércio varejista de calçados,Fabricação de móveis com predominância de madeira,22,15,6,0.19057000241774086,-0.03914724626418526,0.055779378444720557,-0.03420560497227313,0.13049232218524603,-0.036676425618229196,False
"Comércio varejista de mercadorias em geral, com predominância de produtos alimentícios - supermercados",Serviços de comunicação multimídia - SCM,50,47,23,0.5593352237761299,-0.036323174966054056,0.09781025650808794,-0.0370757101651371,0.07273869780291559,-0.03669944256559558,False
Comércio varejista de medicamentos veterinários,Comércio varejista especializado de equipamentos de telefonia e comunicação,26,21,13,0.6240626959259943,-0.04594505557248048,0.039620921731116795,-0.027540459963018522,0.16130406108013984,-0.036742757767749504,False
Comércio atacadista de cereais e leguminosas beneficiados,Comércio varejista de medicamentos veterinários,13,26,5,0.348670810720251,-0.02901559322008288,0.13320092341512163,-0.04448332172650164,0.043880322521886395,-0.036749457473292266,False
"Comércio varejista de cosméticos, produtos de perfumaria e de higiene pessoal",Serviços de comunicação multimídia - SCM,22,47,16,0.4027955347607171,-0.025661218919433675,0.1657410697521991,-0.04787676409774118,0.028283183792244142,-0.03676899150858742,False
Administração pública em geral,"Lojas de variedades, exceto lojas de departamentos ou magazines",94,17,6,-0.005206113048787663,-0.043193511910655395,0.07704370575072712,-0.030385106153468407,0.11592965769403157,-0.0367893090320619,False
Comércio varejista de móveis,Laboratórios clínicos,74,22,9,0.15106448230202577,-0.03453938133480923,0.12258363005932699,-0.0390907443111072,0.04144567736673747,-0.03681506282295821,False
"Lojas de departamentos ou magazines, exceto lojas francas (Duty free)",Serviços de comunicação multimídia - SCM,39,47,15,0.2081850990468783,-0.02930052219007444,0.1718893007861057,-0.0443308605814743,0.04607585753660208,-0.03681569138577437,False
Atividade odontológica com recursos para realização de procedimentos cirúrgicos,Comércio a varejo de pneumáticos e câmaras-de-ar,39,13,11,0.5937267567427761,-0.04373185292141543,0.032990043350325536,-0.02996517367047392,0.11116418558199892,-0.03684851329594468,False
Comercio varejista de artigos de armarinho,Comércio varejista de calçados,21,22,8,0.330262647974746,-0.03836051490900401,0.058407085088313035,-0.03552951964392872,0.0897642795931558,-0.03694501727646636,False
Comércio varejista de tecidos,Formação de condutores,10,19,5,0.36613318473581474,-0.040703793495982576,0.04439999615973973,-0.03327213147987221,0.14397896967599055,-0.03698796248792739,False
Comércio varejista de bebidas,Serviços de comunicação multimídia - SCM,27,47,15,0.477187914163528,-0.022384071500930344,0.22261408253747483,-0.051733062014097365,0.019539507764397283,-0.03705856675751386,False
Comercio varejista de artigos de armarinho,Comércio varejista de medicamentos veterinários,21,26,6,0.1996098364868872,-0.026411570827751404,0.16886948776243554,-0.047768156938278086,0.03933015161819739,-0.037089863883014745,False
Comércio varejista de artigos de óptica,Fabricação de alimentos para animais,26,13,7,0.5185059624837443,-0.03417383877955581,0.1056816494853205,-0.04005505736065095,0.07009359480555195,-0.037114448070103376,False
Comércio a varejo de pneumáticos e câmaras-de-ar,Laboratórios clínicos,13,22,7,0.44511122438983525,-0.037282196793586,0.061103472218840424,-0.036992022966500344,0.05827358193030216,-0.03713710988004317,False
"Comércio varejista de produtos farmacêuticos, sem manipulação de fórmulas",Serviços advocatícios,156,18,15,0.35987235869493334,-0.05021020873461375,0.0412693436997745,-0.024098593949893426,0.1728295378263618,-0.03715440134225359,False
Comércio varejista de calçados,Restaurantes e similares,22,37,13,0.4405785824945809,-0.039767984185308324,0.03836036149025569,-0.03509642376695963,0.15025075385236691,-0.037432203976133976,False
"Atividades de atendimento hospitalar, exceto pronto-socorro e unidades para atendimento a urgências","Comércio varejista de mercadorias em geral, com predominância de produtos alimentícios - minimercados, mercearias e armazéns",12,130,6,-0.02251687103664433,-0.04131844033467934,0.05070959672309271,-0.033583057412046674,0.13308408840563102,-0.037450748873363006,False
Atividade odontológica com recursos para realização de procedimentos cirúrgicos,Comércio varejista de materiais de construção não especificados anteriormente,39,11,7,0.21427803555540093,-0.041733437701238524,0.04406498871260354,-0.033215549417378136,0.07086997756044468,-0.03747449355930833,False
Comércio varejista especializado de equipamentos e suprimentos de informática,Fabricação de móveis com predominância de madeira,13,15,6,0.41775241235003235,-0.03181374412717046,0.17425049436693696,-0.04332687132599844,0.08303083611373357,-0.03757030772658445,False
Atividade médica ambulatorial com recursos para realização de exames complementares,"Transporte rodoviário de carga, exceto produtos perigosos e mudanças, intermunicipal, interestadual e internacional",15,24,6,0.4305133277340928,-0.038773394960997215,0.07827850251348538,-0.036709873662514915,0.08975518885538991,-0.03774163431175606,False
"Atividades de atendimento hospitalar, exceto pronto-socorro e unidades para atendimento a urgências",Restaurantes e similares,12,37,7,0.4042741891962411,-0.03691862137807878,0.059027723935805604,-0.03879318577469323,0.12528013640282426,-0.037855903576386005,False
Atividades de associações de defesa de direitos sociais,Fabricação de produtos de padaria e confeitaria com predominância de produção própria,19,26,8,0.2972650078085772,-0.039878627240729984,0.07501882525323625,-0.03586980787004922,0.08457692049902865,-0.0378742175553896,False
Laboratórios clínicos,"Lanchonetes, casas de chá, de sucos e similares",22,32,16,0.4934056617950614,-0.03423030135068133,0.07495134333209738,-0.04157052901928338,0.0827999427640026,-0.037900415184982356,False
"Lanchonetes, casas de chá, de sucos e similares",Provedores de acesso às redes de comunicações,32,10,5,0.32248238822867814,-0.02361249634151178,0.23333699494065868,-0.0521970601992147,0.030920363846018786,-0.03790477827036324,False
Atividade odontológica com recursos para realização de procedimentos cirúrgicos,Fabricação de produtos de padaria e confeitaria com predominância de produção própria,39,26,15,0.5414444860736943,-0.03797752665591052,0.05758498517814941,-0.038012954517597876,0.06171775815270873,-0.0379952405867542,False
Atividades de apoio à agricultura não especificadas anteriormente,Serviços de comunicação multimídia - SCM,13,47,7,0.2210541389179375,-0.036413799143121636,0.14558664923084141,-0.039736956066358874,0.07528440622267438,-0.03807537760474025,False
"Aparelhamento de placas e execução de trabalhos em mármore, granito, ardósia e outras pedras","Comércio varejista de mercadorias em geral, com predominância de produtos alimentícios - supermercados",14,50,13,0.6546228238622572,-0.03396750298887964,0.08950804839008286,-0.04218346298068805,0.061316494581748746,-0.038075482984783846,False
Cartórios,"Lojas de variedades, exceto lojas de departamentos ou magazines",70,17,13,0.33269961895252054,-0.038482472520262406,0.0949404418283129,-0.03782162202693427,0.08189274596296325,-0.03815204727359834,False
Cartórios,Serviços de comunicação multimídia - SCM,70,47,29,0.4277002139169419,-0.036685848549374844,0.12144318466986248,-0.03968774823103641,0.05255497287701249,-0.038186798390205626,False
Construção de edifícios,"Lojas de departamentos ou magazines, exceto lojas francas (Duty free)",67,39,19,0.25389568947753044,-0.03587992262326433,0.1312503092486847,-0.04096657805475825,0.09457650175245585,-0.03842325033901129,False
Atividade odontológica com recursos para realização de procedimentos cirúrgicos,Hotéis,39,22,15,0.44735574754537905,-0.0341691094345212,0.09884926797013444,-0.04287549812907682,0.1637449078245959,-0.03852230378179901,False
Atividade odontológica com recursos para realização de procedimentos cirúrgicos,Atividades de condicionamento físico,39,22,17,0.713970382675688,-0.04076250445428829,0.05378254204456362,-0.036359582810958566,0.07597916842467854,-0.03856104363262343,False
Fabricação de alimentos para animais,Laboratórios clínicos,13,22,8,0.44625240801454746,-0.031933087561798995,0.10324216683584087,-0.04524590500343523,0.02570167576208942,-0.03858949628261711,False
Comércio varejista especializado de equipamentos e suprimentos de informática,Serviços de comunicação multimídia - SCM,13,47,8,0.3705852655034973,-0.02344752197607964,0.2471802168970822,-0.054109666826462705,0.022579993959591208,-0.03877859440127117,False
Administração pública em geral,Fabricação de águas envasadas,94,11,5,0.0866571708756053,-0.05055063354866168,0.05019194763435056,-0.027189068079639556,0.14738067268492666,-0.03886985081415062,False
Comércio a varejo de pneumáticos e câmaras-de-ar,Serviços advocatícios,13,18,10,0.6583706727605653,-0.03145242296653346,0.09706725908880609,-0.04628833248959676,0.027198127893977922,-0.038870377728065106,False
"Atividades de atendimento hospitalar, exceto pronto-socorro e unidades para atendimento a urgências",Construção de edifícios,12,67,7,0.27574469401973684,-0.03076956163046615,0.10928714961089814,-0.04699500299045456,0.0733739559018159,-0.038882282310460356,False
"Aparelhamento de placas e execução de trabalhos em mármore, granito, ardósia e outras pedras",Serviços de manutenção e reparação mecânica de veículos automotores,14,14,7,0.6470905962251693,-0.03842956373901289,0.06118807170360687,-0.03933851194625093,0.056382960853747124,-0.03888403784263191,False
"Comercio varejista de artigos de cama, mesa e banho",Comércio varejista de tecidos,14,10,5,0.44361035133703036,-0.031174200976792764,0.11880243230456256,-0.04691284649744331,0.028763768752362154,-0.03904352373711804,False
"Comércio varejista de produtos farmacêuticos, sem manipulação de fórmulas",Fabricação de águas envasadas,156,11,8,0.11518476246618554,-0.043555379365818964,0.07963768078052014,-0.03457041744267667,0.09781229666943386,-0.039062898404247814,False
Comércio a varejo de motocicletas e motonetas novas,Comércio a varejo de peças e acessórios novos para motocicletas e motonetas,16,26,10,0.6403495545260246,-0.04099095339505361,0.03929857293502697,-0.03718642015961221,0.07904332620935534,-0.03908868677733291,False
Serviços de comunicação multimídia - SCM,"Transporte rodoviário de carga, exceto produtos perigosos e mudanças, intermunicipal, interestadual e internacional",47,24,12,0.5015477800066532,-0.0457930271845028,0.03630303434867757,-0.03247601839136452,0.12112559701827369,-0.03913452278793366,False
Comércio a varejo de pneumáticos e câmaras-de-ar,Serviços de comunicação multimídia - SCM,13,47,10,0.4884749110759069,-0.03759250892969021,0.05873216586465456,-0.040715729297820705,0.06450639793628599,-0.03915411911375546,False
Comércio varejista de calçados,Laboratórios clínicos,22,22,8,0.37815641196607497,-0.04268679681018964,0.041900772955404175,-0.03626933398125779,0.07020470110677984,-0.03947806539572371,False
Casas lotéricas,Comércio varejista de móveis,51,74,23,0.14464927306880818,-0.0415615857412103,0.09533934809305056,-0.037434581774376544,0.12117431224990616,-0.03949808375779342,False
"Comercio varejista de artigos de cama, mesa e banho","Transporte rodoviário de carga, exceto produtos perigosos e mudanças, intermunicipal, interestadual e internacional",14,24,8,0.4060695302321708,-0.02688392519389786,0.17266783235927413,-0.05212106638460877,0.02678310806967881,-0.039502495789253314,False
"Aparelhamento de placas e execução de trabalhos em mármore, granito, ardósia e outras pedras",Serviços advocatícios,14,18,6,0.5121044540551438,-0.04035623082095108,0.05795178050646689,-0.03895142324021444,0.05826755220318244,-0.03965382703058276,False
Comércio varejista de tecidos,Criação de bovinos para corte,10,30,5,0.20271195968894665,-0.03886982837528043,0.05835104496085117,-0.04051016813273687,0.15345649615719176,-0.03968999825400865,False
Atividade médica ambulatorial com recursos para realização de exames complementares,Atividade odontológica com recursos para realização de procedimentos cirúrgicos,15,39,13,0.6260345017784436,-0.03716187645910155,0.08101502825082613,-0.042355542565227874,0.04332497076775893,-0.03975870951216472,False
Atividade médica ambulatorial restrita a consultas,Serviços de engenharia,18,17,9,0.6192724949571495,-0.045523531792579605,0.025717378066194348,-0.03406564148477562,0.09434554126623812,-0.03979458663867762,False
Atividade médica ambulatorial restrita a consultas,Comércio varejista de móveis,18,74,6,0.022426501804589993,-0.03620455391877982,0.06546961027309305,-0.04339999118135676,0.08146896347459726,-0.03980227255006829,False
Comércio varejista de medicamentos veterinários,Serviços advocatícios,26,18,11,0.5234267632650558,-0.038876954700924005,0.06794712399921825,-0.040929712850335295,0.04815834447686434,-0.03990333377562965,False
"Comércio atacadista de mercadorias em geral, com predominância de produtos alimentícios",Comércio varejista de artigos de óptica,12,26,8,0.26320912556582976,-0.04445237008899123,0.0695456638977548,-0.03555105302909136,0.10638140214190694,-0.040001711559041295,False
Comércio a varejo de motocicletas e motonetas novas,"Comércio varejista de produtos farmacêuticos, sem manipulação de fórmulas",16,156,13,0.3674039763444818,-0.03140646112182836,0.0743187270444032,-0.04903785929584671,0.04590419371587953,-0.04022216020883754,False
Atividade médica ambulatorial restrita a consultas,Comércio varejista especializado de equipamentos e suprimentos de informática,18,13,5,0.26455886371471765,-0.04553090109646436,0.02419106121734444,-0.034967100102641126,0.15062818042808468,-0.04024900059955275,False
Comercio varejista de artigos de armarinho,Hotéis,21,22,6,0.19445662427427157,-0.04561289531911287,0.03557110845786786,-0.03536486220774779,0.19424826510847754,-0.040488878763430325,False
Comércio varejista de tecidos,Restaurantes e similares,10,37,7,0.3525581981309496,-0.043232524604674846,0.04681176802415428,-0.038343992970723495,0.13114529710685713,-0.04078825878769917,False
Comércio varejista de artigos de óptica,Comércio varejista de ferragens e ferramentas,26,12,7,0.30489381569883234,-0.03913178491903181,0.0730313797173391,-0.042554446513883556,0.05440025063738871,-0.040843115716457684,False
Comércio a varejo de pneumáticos e câmaras-de-ar,Serviços de funerárias,13,22,6,0.33755763265482297,-0.047510671338693744,0.01983868861186964,-0.034185746697069114,0.08023150878039886,-0.04084820901788143,False
Construção de edifícios,Laboratórios clínicos,67,22,16,0.390624804000194,-0.05304222835501798,0.04998529731275918,-0.028661830043152665,0.10418559360353952,-0.04085202919908532,False
Comércio a varejo de pneumáticos e câmaras-de-ar,Serviços combinados de escritório e apoio administrativo,13,14,6,0.45892127648755227,-0.02824574262338434,0.11148406705396646,-0.05347158841952158,0.07085303057109876,-0.04085866552145296,False
Comércio a varejo de pneumáticos e câmaras-de-ar,Comércio varejista de calçados,13,22,7,0.43053718771516464,-0.041823417488537455,0.03924472425284962,-0.03999158526180574,0.051473493414974106,-0.0409075013751716,False
Comércio a varejo de motocicletas e motonetas novas,Comércio varejista especializado de equipamentos de telefonia e comunicação,16,21,13,0.7119737300831726,-0.05127510594282441,0.01117575348735872,-0.030630749386169397,0.11275423044251559,-0.0409529276644969,False
Comércio varejista especializado de equipamentos e suprimentos de informática,Laboratórios clínicos,13,22,5,0.3146541896981274,-0.03344844243801189,0.15625162636827533,-0.04858635840894699,0.01707835461585738,-0.04101740042347944,False
"Lojas de departamentos ou magazines, exceto lojas francas (Duty free)",Serviços de funerárias,39,22,7,0.20419550882837403,-0.0482229645230635,0.055274254877925776,-0.034264933019129445,0.07476042941228532,-0.041243948771096474,False
Comércio varejista de tecidos,Hotéis,10,22,6,0.28935115372844344,-0.042799115502772836,0.0417127901962313,-0.03978797546926294,0.16417254266240933,-0.04129354548601789,False
Comércio varejista de artigos de óptica,Construção de edifícios,26,67,23,0.5214632689186651,-0.029487007034286167,0.13802449839820458,-0.0531180726694356,0.041453618978198,-0.04130253985186089,False
Atividade médica ambulatorial restrita a consultas,Comércio varejista de calçados,18,22,9,0.44440086146339713,-0.04421671048411016,0.02242214514861746,-0.038451385858745475,0.057040585692751916,-0.041334048171427815,False
Comércio varejista de artigos de óptica,"Lanchonetes, casas de chá, de sucos e similares",26,32,15,0.48964836858887373,-0.02885617893185511,0.14501282998074877,-0.053847468917030086,0.035741067794573284,-0.0413518239244426,False
Fabricação de móveis com predominância de madeira,"Transporte rodoviário de carga, exceto produtos perigosos e mudanças, intermunicipal, interestadual e internacional",15,24,10,0.46656966543516304,-0.03618740950966724,0.11148748697469663,-0.04651741477473141,0.04717201239157156,-0.04135241214219933,False
"Aparelhamento de placas e execução de trabalhos em mármore, granito, ardósia e outras pedras",Serviços de comunicação multimídia - SCM,14,47,12,0.5532903445056191,-0.03866568151602586,0.0664261081637944,-0.04408940613150582,0.05219568194214772,-0.041377543823765836,False
Atividade médica ambulatorial com recursos para realização de exames complementares,Fabricação de produtos de padaria e confeitaria com predominância de produção própria,15,26,8,0.4495095171746143,-0.03952002148304877,0.07241486918417309,-0.0432448280464799,0.03858609895392401,-0.041382424764764336,False
Comércio varejista de carnes - açougues,"Comércio varejista de mercadorias em geral, com predominância de produtos alimentícios - supermercados",15,50,9,0.3824769677057824,-0.0477744044117898,0.015306205987786571,-0.03528862588608907,0.09377213831385939,-0.041531515148939435,False
Comércio varejista de carnes - açougues,Hotéis,15,22,7,0.2514020808076843,-0.047937808527180645,0.015261341879331362,-0.03533268736535471,0.18789572311442415,-0.041635247946267676,False
Atividades de contabilidade,Serviços de funerárias,28,22,10,0.444349376625064,-0.04399027773485366,0.05372303579677614,-0.039322825985520324,0.044959097926213436,-0.04165655186018699,False
Atividade médica ambulatorial com recursos para realização de exames complementares,Laboratórios clínicos,15,22,7,0.42214057066962596,-0.040986077324219126,0.06940337651480347,-0.04235887334472693,0.04163221712751469,-0.04167247533447303,False
Atividades de condicionamento físico,Comércio varejista de móveis,22,74,7,-0.03272757780879847,-0.03647695460373399,0.07805520489779522,-0.04697896080759072,0.06471055886149008,-0.04172795770566236,False
Administração pública em geral,Serviços de engenharia,94,17,10,0.20320041699155394,-0.04356606631945688,0.08074268960745051,-0.040042329297935636,0.06301180449184615,-0.04180419780869626,False
"Aparelhamento de placas e execução de trabalhos em mármore, granito, ardósia e outras pedras",Comércio varejista de hortifrutigranjeiros,14,20,8,0.48854858389192973,-0.04910893931750572,0.023298675734541356,-0.03450274847849368,0.10070058291113348,-0.0418058438979997,False
"Comércio varejista de produtos farmacêuticos, sem manipulação de fórmulas",Ensino fundamental,156,11,8,0.26135044187861045,-0.04389766192079052,0.061285770386111195,-0.039825320088184596,0.05781818684413564,-0.04186149100448756,False
Atividade médica ambulatorial restrita a consultas,Comércio varejista de combustíveis para veículos automotores,18,133,14,0.262842916988823,-0.038127050796488586,0.057852561974335186,-0.04563401131737337,0.0547683458518724,-0.04188053105693098,False
Comércio varejista de calçados,Hotéis,22,22,10,0.3526907491599864,-0.06283681707121175,0.005451874967016243,-0.021011435189164606,0.3084208661686273,-0.04192412613018818,False
Atividade médica ambulatorial com recursos para realização de exames complementares,Comércio varejista de carnes - açougues,15,15,6,0.2265136951004432,-0.04357646764956088,0.049124320673376375,-0.040462849513324906,0.03107827101336819,-0.042019658581442895,True
Educação infantil - pré-escola,Serviços de funerárias,25,22,11,0.46378183368546355,-0.047851357721363084,0.05184962214360808,-0.036478655192066195,0.058393270933653596,-0.04216500645671464,False
"Aparelhamento de placas e execução de trabalhos em mármore, granito, ardósia e outras pedras","Comércio varejista de produtos farmacêuticos, sem manipulação de fórmulas",14,156,14,0.4326684513545406,-0.033701254131574286,0.09322355244070918,-0.05086970064294711,0.04883421607830978,-0.0422854773872607,False
"Comércio varejista de cosméticos, produtos de perfumaria e de higiene pessoal",Comércio varejista de móveis,22,74,8,0.12589090740072173,-0.0477072054676963,0.0431826303277919,-0.036915340527390726,0.11785937741595381,-0.04231127299754352,False
Serviços advocatícios,Serviços de comunicação multimídia - SCM,18,47,14,0.5247923916395285,-0.042581847252912,0.04685016263666843,-0.04211692726921977,0.05900990536488595,-0.042349387261065886,False
"Atividades de atendimento hospitalar, exceto pronto-socorro e unidades para atendimento a urgências",Atividades de cobrança e informações cadastrais,12,14,5,0.5301827865023818,-0.050393572254611954,0.021450042543418178,-0.034536581607203486,0.07813830615436253,-0.042465076930907716,False
Comércio varejista de hortifrutigranjeiros,Comércio varejista de tecidos,20,10,7,0.48707844098851694,-0.03961897140992574,0.07069185590012274,-0.04542765826630787,0.03529168867958488,-0.042523314838116805,False
Comércio a varejo de peças e acessórios novos para veículos automotores,Laboratórios clínicos,34,22,15,0.5723796283006838,-0.0352707413871055,0.07356521426302869,-0.049823972704247356,0.019366828729086405,-0.04254735704567643,False
Administração pública em geral,Coleta de resíduos não-perigosos,94,11,6,0.19248209410038802,-0.04480494920213872,0.07142079597906592,-0.04029902094761752,0.05184588848899819,-0.04255198507487812,False
Atividade médica ambulatorial com recursos para realização de exames complementares,Comércio varejista de medicamentos veterinários,15,26,8,0.3537885147356394,-0.043319769995189446,0.053540834170754066,-0.0424074345559785,0.05637850277371963,-0.04286360227558397,False
Atividade médica ambulatorial restrita a consultas,Comércio varejista de hortifrutigranjeiros,18,20,8,0.5149089170401304,-0.0518037787607448,0.011977784992399081,-0.03392847882023376,0.10287839789022923,-0.04286612879048928,False
Atividade médica ambulatorial com recursos para realização de exames complementares,Comércio a varejo de peças e acessórios novos para veículos automotores,15,34,12,0.6316330167838596,-0.04261972078473598,0.056818039795949835,-0.04334604564139415,0.0462587577162339,-0.042982883213065065,False
"Aparelhamento de placas e execução de trabalhos em mármore, granito, ardósia e outras pedras",Atividades de cobrança e informações cadastrais,14,14,7,0.5488527247157639,-0.04777277482081756,0.028585581205049317,-0.03821529342868071,0.05367787060322035,-0.042994034124749135,False
Administração pública em geral,Hotéis,94,22,10,0.04902188503493721,-0.028641511625689328,0.17323488482531474,-0.05741011358133781,0.07973954499242841,-0.04302581260351357,False
Comércio varejista de tecidos,Padaria e confeitaria com predominância de revenda,10,26,5,0.32140342526763865,-0.04831864132179255,0.025568914151307385,-0.0378830747568919,0.09596149075030408,-0.04310085803934223,False
Comércio varejista de combustíveis para veículos automotores,Serviços advocatícios,133,18,14,0.3062318504480496,-0.05294946071245722,0.03444001731894364,-0.03325747927480224,0.09646350396062547,-0.04310346999362973,False
"Comércio varejista de mercadorias em geral, com predominância de produtos alimentícios - supermercados",Provedores de acesso às redes de comunicações,50,10,5,0.2578701849467011,-0.027457503072695698,0.16164218150864879,-0.05877190987875619,0.02007086252432555,-0.04311470647572595,False
Comércio varejista de calçados,Comércio varejista de ferragens e ferramentas,22,12,6,0.35314617614549004,-0.038610568886914394,0.06063773153537538,-0.047626055745926425,0.032691379434976825,-0.04311831231642041,False
Comércio varejista de artigos de óptica,Restaurantes e similares,26,37,15,0.41635549400826044,-0.02893461312026957,0.14627310269903276,-0.057366623880049,0.05206440610527705,-0.043150618500159284,False
Serviços advocatícios,Serviços de manutenção e reparação mecânica de veículos automotores,18,14,7,0.638740215526863,-0.04470048917702289,0.033392410476082074,-0.04164350074444405,0.042581332028374795,-0.04317199496073347,True
Atividade odontológica com recursos para realização de procedimentos cirúrgicos,Provedores de acesso às redes de comunicações,39,10,5,0.2914973186471586,-0.0330249684508668,0.08784820853034991,-0.05335423309626098,0.023930438204083637,-0.04318960077356389,False
Atividade médica ambulatorial restrita a consultas,Fabricação de produtos de padaria e confeitaria com predominância de produção própria,18,26,10,0.40502105356472,-0.05131521905459902,0.015781896287758394,-0.0352603989353568,0.08196536507514296,-0.04328780899497791,False
Serviços de funerárias,Serviços de manutenção e reparação mecânica de veículos automotores,22,14,8,0.4194584507321298,-0.03279377381839958,0.07928684697710969,-0.05384603045406978,0.016482698310052314,-0.043319902136234684,False
Comércio varejista de artigos de óptica,Comércio varejista de calçados,26,22,10,0.4645188954701595,-0.04025878489835353,0.06947184873295927,-0.0464192657124262,0.034053170731449506,-0.04333902530538987,False
Atividades de organizações religiosas,"Comércio varejista de mercadorias em geral, com predominância de produtos alimentícios - minimercados, mercearias e armazéns",30,130,20,0.0418407022375894,-0.033649248327628965,0.11952230046435347,-0.053240103932582536,0.031135798910639376,-0.04344467613010575,False
Administração pública em geral,Comércio varejista especializado de eletrodomésticos e equipamentos de áudio e vídeo,94,20,5,-0.0964334932589809,-0.05472499719147484,0.033966018723537945,-0.03221910317641321,0.21327199178483042,-0.043472050183944025,False
Comércio varejista de carnes - açougues,Serviços de comunicação multimídia - SCM,15,47,12,0.4999866579735939,-0.05332905926522687,0.01016519476254093,-0.03364213585190215,0.10759401537278879,-0.043485597558564515,False
Comércio varejista de produtos alimentícios em geral ou especializado em produtos alimentícios não especificados anteriormente,Comércio varejista de tecidos,20,10,8,0.46206754129589706,-0.03161133678726324,0.11390833806766687,-0.055414307111169625,0.017321248662315148,-0.043512821949216435,False
Comércio varejista de carnes - açougues,Serviços combinados de escritório e apoio administrativo,15,14,5,0.4672520201061348,-0.04005721382231478,0.036554365581822686,-0.04707722223034775,0.09016496554948317,-0.04356721802633126,False
Comercio varejista de artigos de armarinho,Comércio varejista de materiais de construção em geral,21,98,17,0.3432450242085639,-0.040898208233494514,0.0534556203455936,-0.046252432562117377,0.06641936237170347,-0.04357532039780594,False
Atividade odontológica com recursos para realização de procedimentos cirúrgicos,Comercio varejista de artigos de armarinho,39,21,9,0.256914336135556,-0.048908849322290254,0.02636894586780873,-0.03830898527567777,0.06326585825189875,-0.043608917298984015,False
Administração pública em geral,Educação infantil - pré-escola,94,25,10,0.09294643571921832,-0.049940168182387966,0.05129415715254853,-0.03749388472908513,0.10330145942834495,-0.04371702645573655,False
"Comércio varejista de mercadorias em geral, com predominância de produtos alimentícios - supermercados",Laboratórios clínicos,50,22,15,0.4533339436053049,-0.04443410986498627,0.051493967361915166,-0.043215272670036685,0.03778746869743415,-0.04382469126751148,False
Atividade odontológica com recursos para realização de procedimentos cirúrgicos,"Comércio varejista de produtos farmacêuticos, sem manipulação de fórmulas",39,156,30,0.4650709118428101,-0.02708580672632232,0.14227134622007576,-0.060960327999471126,0.01762958365039783,-0.044023067362896726,False
"Atividades de consultoria em gestão empresarial, exceto consultoria técnica específica",Comércio varejista de artigos de óptica,12,26,7,0.31695038937229103,-0.04921450120559259,0.025523509585087797,-0.038845418987400446,0.07571884741648428,-0.04402996009649652,False
"Atividades de consultoria em gestão empresarial, exceto consultoria técnica específica","Comércio varejista de cosméticos, produtos de perfumaria e de higiene pessoal",12,22,6,0.2713754048297128,-0.047856311483292,0.026670433547629824,-0.040237118477458186,0.07837728067231477,-0.044046714980375094,False
"Comércio varejista de produtos farmacêuticos, sem manipulação de fórmulas","Comércio varejista de suvenires, bijuterias e artesanatos",156,10,9,0.2984595119855598,-0.07053459088522461,0.009444572947651188,-0.017602093281481684,0.24929698341381457,-0.04406834208335315,False
Comércio varejista de carnes - açougues,Comércio varejista de medicamentos veterinários,15,26,11,0.728551865860632,-0.050721381092710724,0.011502976203191736,-0.03749833740560735,0.08516803603869455,-0.04410985924915904,False
"Comércio varejista de produtos farmacêuticos, sem manipulação de fórmulas",Serviços de comunicação multimídia - SCM,156,47,35,0.3539390016155817,-0.05126964706251857,0.04266611748205077,-0.03702314082889992,0.07594800962226166,-0.04414639394570924,False
Comércio varejista especializado de equipamentos de telefonia e comunicação,Comércio varejista especializado de equipamentos e suprimentos de informática,21,13,8,0.424690289413364,-0.0501738418289065,0.028437185628405984,-0.038428324561065846,0.12430807193528765,-0.04430108319498617,False
"Atividades de atendimento hospitalar, exceto pronto-socorro e unidades para atendimento a urgências",Comércio varejista especializado de equipamentos de telefonia e comunicação,12,21,6,0.5139626002865765,-0.05005043988017017,0.023301725651149522,-0.03874842088135177,0.06723197607512933,-0.04439943038076097,False
Atividade médica ambulatorial restrita a consultas,"Comércio varejista de suvenires, bijuterias e artesanatos",18,10,7,0.6356853748095584,-0.05972060809038451,0.004987721782308535,-0.029272458837363548,0.1259844506682763,-0.04449653346387403,False
Atividades de cobrança e informações cadastrais,"Comércio varejista de produtos farmacêuticos, sem manipulação de fórmulas",14,156,12,0.39706056498766584,-0.02994371797661164,0.10656359564233281,-0.05905895037464208,0.02967562243024488,-0.044501334175626864,False
Hotéis,"Lojas de variedades, exceto lojas de departamentos ou magazines",22,17,5,0.1279034358810153,-0.0341534331431562,0.20485104308611407,-0.05500712381246892,0.01751047085077846,-0.044580278477812554,False
Administração pública em geral,Atividades de condicionamento físico,94,22,6,0.07898672577359053,-0.047934259537273025,0.053431231341117096,-0.04137647681275872,0.046958706933524635,-0.04465536817501587,False
"Comércio varejista de cosméticos, produtos de perfumaria e de higiene pessoal",Comércio varejista de tecidos,22,10,6,0.5319012246748722,-0.03770758316648952,0.08202640828570246,-0.05174010763410061,0.02758017470837542,-0.044723845400295066,False
Comércio varejista de calçados,"Lojas de departamentos ou magazines, exceto lojas francas (Duty free)",22,39,10,0.2854295916152992,-0.04232137678611523,0.05002725775465726,-0.04727274188332202,0.05863820807285487,-0.04479705933471863,False
Atividades de contabilidade,Serviços de comunicação multimídia - SCM,28,47,20,0.564576367848703,-0.038460745960427166,0.06111982557521641,-0.05132498509222503,0.027492136896606255,-0.0448928655263261,False
Comércio varejista de medicamentos veterinários,Serviços de funerárias,26,22,12,0.4664839457687272,-0.054133524235577025,0.02426283323159193,-0.03565802413770106,0.06298277438828298,-0.044895774186639044,False
Comércio a varejo de motocicletas e motonetas novas,Comércio varejista de madeira e artefatos,16,15,7,0.5015992396827138,-0.052077532318978575,0.006970849135829934,-0.038028795215947306,0.08281912513514511,-0.04505316376746294,False
Comércio varejista de artigos de óptica,"Lojas de departamentos ou magazines, exceto lojas francas (Duty free)",26,39,14,0.39539619772100437,-0.033996626701220826,0.1035518678540105,-0.05614462277991075,0.04031383480380344,-0.04507062474056579,False
Atividade odontológica com recursos para realização de procedimentos cirúrgicos,"Transporte rodoviário de carga, exceto produtos perigosos e mudanças, intermunicipal, interestadual e internacional",39,24,13,0.6248310060398797,-0.05052510866006772,0.02496091755558811,-0.03968929609916699,0.06100829936918746,-0.04510720237961736,False
Comércio varejista de medicamentos veterinários,Fabricação de móveis com predominância de madeira,26,15,6,0.18642149552739423,-0.04890570867234914,0.03609887317676329,-0.04180099845339629,0.09000542120546656,-0.04535335356287272,False
"Comércio varejista de produtos farmacêuticos, sem manipulação de fórmulas",Serviços de manutenção e reparação mecânica de veículos automotores,156,14,12,0.4198314647388131,-0.05752883996636331,0.02313203374747789,-0.0333426051443783,0.0970274880661911,-0.0454357225553708,False
Comércio varejista de gás liqüefeito de petróleo (GLP),Comércio varejista de móveis,34,74,11,0.08295848147446568,-0.04462272794736752,0.07823441065405733,-0.04633729685409099,0.062486704199670076,-0.045480012400729256,False
Atividades de associações de defesa de direitos sociais,Comércio varejista de carnes - açougues,19,15,7,0.528245417247221,-0.04670403749762326,0.041506665716210915,-0.044295588425703594,0.02615419485867039,-0.04549981296166343,True
Atividade médica ambulatorial restrita a consultas,Laboratórios clínicos,18,22,10,0.5299308379020036,-0.049325535902768294,0.01700841035882874,-0.04205334411429164,0.03414961697218506,-0.045689440008529966,True
Comércio a varejo de peças e acessórios novos para motocicletas e motonetas,Comércio varejista de tecidos,26,10,5,0.37143836514209044,-0.04421914919596493,0.04808646846633765,-0.04727713567487703,0.03446462890473973,-0.04574814243542098,True
Atividades de cobrança e informações cadastrais,Comércio varejista de tecidos,14,10,5,0.5192053151907403,-0.03653918456300691,0.06637346344538465,-0.055176567329124064,0.013944685074789678,-0.04585787594606548,False
Atividade médica ambulatorial restrita a consultas,Atividades de associações de defesa de direitos sociais,18,19,9,0.6453164556726435,-0.0429198335354123,0.0330939124526364,-0.04888761387045606,0.03862821017580758,-0.04590372370293418,True
Fabricação de produtos de padaria e confeitaria com predominância de produção própria,Formação de condutores,26,19,8,0.3772308273546389,-0.046732150793733544,0.02720417118957807,-0.04517153414542601,0.06682747666325471,-0.04595184246957978,False
Atividades de associações de defesa de direitos sociais,Comércio a varejo de motocicletas e motonetas novas,19,16,6,0.4240698979800795,-0.0528854122275542,0.03042551192871695,-0.03919299936542413,0.04376049837192072,-0.046039205796489166,True
Cartórios,Laboratórios clínicos,70,22,18,0.47374767129429274,-0.048087788259669056,0.04508505498928753,-0.044220478684231644,0.026414872489292307,-0.046154133471950354,True
Atividade odontológica com recursos para realização de procedimentos cirúrgicos,Comércio varejista especializado de equipamentos e suprimentos de informática,39,13,10,0.45617644739933183,-0.05535205416062435,0.012041673190758074,-0.037058185684855645,0.1357125940474465,-0.04620511992274,False
Atividades de condicionamento físico,Comércio varejista de tecidos,22,10,8,0.5590791146874037,-0.035643267491315446,0.08174831073462058,-0.0567671148078184,0.009909465134006331,-0.04620519114956692,False
Criação de bovinos para corte,"Lojas de variedades, exceto lojas de departamentos ou magazines",30,17,6,0.14657578927708653,-0.059314185493268695,0.061319278856093506,-0.033141089536604204,0.1113076600363288,-0.04622763751493645,False
Atividades de condicionamento físico,Serviços de funerárias,22,22,14,0.6085678428393579,-0.04940455026972642,0.023968127877351666,-0.04313986928887989,0.033018851599326104,-0.04627220977930316,True
Atividade médica ambulatorial restrita a consultas,"Transporte rodoviário de carga, exceto produtos perigosos e mudanças, intermunicipal, interestadual e internacional",18,24,10,0.7125413327996938,-0.05960665606223435,0.0030747315746255392,-0.03309293304345982,0.12126190745058008,-0.04634979455284709,False
Comercio varejista de artigos de armarinho,"Comércio varejista de cosméticos, produtos de perfumaria e de higiene pessoal",21,22,8,0.3547869827725601,-0.0499270475676154,0.022640584110123773,-0.04292009455652495,0.06096539933742301,-0.04642357106207018,False
Hotéis,Serviços de funerárias,22,22,12,0.5196665177801604,-0.04552040336856258,0.12840011225381054,-0.047426319024151,0.020424224819431312,-0.04647336119635679,False
Atividades de cobrança e informações cadastrais,Comércio varejista especializado de equipamentos e suprimentos de informática,14,13,6,0.29465702177670344,-0.04894947739981442,0.01691811114552471,-0.04417294698421721,0.08627122991692066,-0.04656121219201582,False
Atividade médica ambulatorial com recursos para realização de exames complementares,"Lanchonetes, casas de chá, de sucos e similares",15,32,10,0.4152282670377094,-0.04586586942776819,0.03801868611134782,-0.04736131914086571,0.05965528345727075,-0.04661359428431695,False
Atividade odontológica com recursos para realização de procedimentos cirúrgicos,Serviços de manutenção e reparação mecânica de veículos automotores,39,14,13,0.7316299438307653,-0.0483045972260813,0.03253857171042972,-0.04493976181425669,0.036687021466430395,-0.04662217952016899,True
Cartórios,Comércio varejista de artigos de óptica,70,26,21,0.4658782921552011,-0.05575384104892116,0.026999212058842894,-0.03749342451183933,0.08183032939594043,-0.046623632780380245,False
Comércio varejista de móveis,Formação de condutores,74,19,5,-0.01164644683852949,-0.05308756727823017,0.052455862516675195,-0.0402203994465113,0.08409805007921894,-0.046653983362370734,False
Atividade médica ambulatorial restrita a consultas,Fabricação de móveis com predominância de madeira,18,15,8,0.4526412694985738,-0.05219140693990375,0.011384195009853458,-0.04114950299001933,0.08723426133146478,-0.04667045496496154,False
Atividade médica ambulatorial com recursos para realização de exames complementares,"Atividades de atendimento hospitalar, exceto pronto-socorro e unidades para atendimento a urgências",15,12,5,0.5466234314419585,-0.04890707613541907,0.03154748303755924,-0.044697274382001995,0.041011841396739884,-0.046802175258710534,True
Atividade odontológica com recursos para realização de procedimentos cirúrgicos,Comércio varejista de móveis,39,74,14,0.050721403798567856,-0.04597294190090518,0.037689251023412966,-0.04782482632054804,0.057654562285364294,-0.04689888411072661,False
Administração pública em geral,Comércio varejista de calçados,94,22,10,0.08042835184581641,-0.043919581214328006,0.0876561733348043,-0.05002811633330167,0.021618679087789465,-0.04697384877381484,False
Comércio varejista de tecidos,Comércio varejista especializado de equipamentos de telefonia e comunicação,10,21,7,0.5357430929528274,-0.0578239670732658,0.011754378553985412,-0.03631823375021822,0.09163286731482351,-0.047071100411742006,False
Serviços advocatícios,Serviços de funerárias,18,22,10,0.4680274133165077,-0.052654349534618124,0.015323289020235772,-0.041858150988039876,0.04377363064064419,-0.047256250261329,True
Comércio varejista de calçados,"Comércio varejista de cosméticos, produtos de perfumaria e de higiene pessoal",22,22,11,0.39310427572266055,-0.050174863321511415,0.01920327502524919,-0.04458498105902804,0.04964644388437789,-0.04737992219026973,True
Atividade médica ambulatorial com recursos para realização de exames complementares,Serviços de engenharia,15,17,7,0.48367375577391003,-0.044998973847230755,0.041990809471189244,-0.050392412829511735,0.029991194090220913,-0.047695693338371245,True
Atividade médica ambulatorial restrita a consultas,Serviços de comunicação multimídia - SCM,18,47,16,0.6615587339453209,-0.0494464003722939,0.015454361150489086,-0.04595080059311636,0.03432863272533562,-0.047698600482705134,True
Atividade odontológica com recursos para realização de procedimentos cirúrgicos,Serviços de comunicação multimídia - SCM,39,47,23,0.6866949247807776,-0.04796263686040292,0.02935316354679865,-0.04754767955717957,0.029039407531390598,-0.04775515820879124,True
Administração pública em geral,Atividades de contabilidade,94,28,12,0.13041206699242386,-0.04788618583273853,0.04871027247318904,-0.047915936283375336,0.04056075994559025,-0.04790106105805693,True
"Aparelhamento de placas e execução de trabalhos em mármore, granito, ardósia e outras pedras",Serviços de funerárias,14,22,8,0.4367361514910138,-0.053774570465361674,0.017772049537569536,-0.0420843753968678,0.03802470037435376,-0.04792947293111474,True
Atividade médica ambulatorial com recursos para realização de exames complementares,Comércio varejista de combustíveis para veículos automotores,15,133,13,0.2615853154171016,-0.032094715007096146,0.11746866735097589,-0.06401880848918286,0.010735822930902491,-0.0480567617481395,False
Comércio varejista de móveis,Comércio varejista de produtos alimentícios em geral ou especializado em produtos alimentícios não especificados anteriormente,74,20,5,-0.07144597398202382,-0.05728741019868586,0.03465443666273545,-0.03893106942138635,0.07098609057019688,-0.048109239810036106,False
Atividade médica ambulatorial restrita a consultas,Atividades de contabilidade,18,28,13,0.5755807970795345,-0.057925490080417266,0.0053212431844605525,-0.03858617735490051,0.07135226781002751,-0.04825583371765889,False
Atividades de condicionamento físico,Serviços de comunicação multimídia - SCM,22,47,17,0.5902632331275097,-0.04204847892597505,0.048763234509399615,-0.054474828058628376,0.016706028135245136,-0.048261653492301715,True
Atividade médica ambulatorial restrita a consultas,Comércio varejista especializado de equipamentos de telefonia e comunicação,18,21,13,0.8181185157791387,-0.062236864205659756,0.0035250963195831223,-0.03440025703412972,0.1002311697303147,-0.04831856061989474,False
Comércio a varejo de peças e acessórios novos para veículos automotores,Serviços de comunicação multimídia - SCM,34,47,20,0.5291643404561037,-0.034544180079415954,0.08750617024478824,-0.06254824216966903,0.01066227822276637,-0.04854621112454249,False
Fabricação de produtos de padaria e confeitaria com predominância de produção própria,"Transporte rodoviário de carga, exceto produtos perigosos e mudanças, intermunicipal, interestadual e internacional",26,24,9,0.39406600805449826,-0.04395745520833349,0.04234947997430055,-0.05318881546126871,0.02656521925997186,-0.0485731353348011,True
Atividade médica ambulatorial com recursos para realização de exames complementares,Atividade médica ambulatorial restrita a consultas,15,18,8,0.5631694897871786,-0.05222988129821532,0.02138589028120933,-0.045349384813983165,0.02283611755285703,-0.04878963305609924,True
Comércio varejista de materiais de construção não especificados anteriormente,Serviços de comunicação multimídia - SCM,11,47,7,0.2666703018245351,-0.0410057682169737,0.0377739275538963,-0.05659470723823609,0.01807370209715167,-0.048800237727604896,True
Comércio varejista especializado de equipamentos e suprimentos de informática,Serviços de funerárias,13,22,6,0.4419785402336978,-0.04426106345399494,0.09659426300860541,-0.053430729851662244,0.011412274813598678,-0.048845896652828596,False
Comércio varejista de madeira e artefatos,Serviços de funerárias,15,22,10,0.5243745532964574,-0.05374964022175554,0.01958222953390881,-0.044276296393226514,0.0337102783940563,-0.04901296830749102,True
Atividades de organizações religiosas,Comércio varejista de móveis,30,74,13,0.04046692861224269,-0.05375853123910817,0.03463837271848891,-0.04428937727409014,0.0751358468879816,-0.04902395425659915,False
Comércio varejista de medicamentos veterinários,Serviços de manutenção e reparação mecânica de veículos automotores,26,14,10,0.53281379911912,-0.05121169492284612,0.022989552819424965,-0.04722170145182217,0.02651469116369931,-0.049216698187334144,True
Cartórios,"Comercio varejista de artigos de cama, mesa e banho",70,14,11,0.3445078145263947,-0.06074517216641572,0.02262955123333344,-0.037789162535296746,0.0865445321626741,-0.049267167350856234,False
"Aparelhamento de placas e execução de trabalhos em mármore, granito, ardósia e outras pedras",Atividade odontológica com recursos para realização de procedimentos cirúrgicos,14,39,11,0.5580839779737617,-0.051084690887086434,0.023016584591932305,-0.04755149853168328,0.032018009660178086,-0.049318094709384856,True
Comércio a varejo de motocicletas e motonetas novas,Fabricação de produtos de padaria e confeitaria com predominância de produção própria,16,26,9,0.4349991056133865,-0.056542647961766494,0.007156195564595734,-0.04214393395318222,0.04745239365844766,-0.04934329095747436,True
Comércio varejista de artigos de óptica,Fabricação de produtos de padaria e confeitaria com predominância de produção própria,26,26,11,0.437310971999574,-0.04283184797055569,0.05518550832633664,-0.05597265943433338,0.012316039671561753,-0.04940225370244454,False
Cartórios,Serviços de funerárias,70,22,18,0.41329060295258546,-0.060268222106989004,0.020970450583725545,-0.03873147071600422,0.04705199772650129,-0.049499846411496615,True
Comércio a varejo de motocicletas e motonetas novas,Comércio atacadista de cereais e leguminosas beneficiados,16,13,7,0.44563297268119667,-0.05679789803164606,0.004850757581901,-0.04242064418224626,0.05159839789705113,-0.04960927110694616,False
Atividade médica ambulatorial com recursos para realização de exames complementares,Serviços de comunicação multimídia - SCM,15,47,14,0.6088133643626381,-0.04526030286942584,0.03948940432282314,-0.053967218076343186,0.020923545723206347,-0.049613760472884516,True
Comércio a varejo de motocicletas e motonetas novas,Comércio varejista de medicamentos veterinários,16,26,11,0.6301331482575808,-0.049803651939901016,0.011742573884759246,-0.049573990029753406,0.0367831723806185,-0.049688820984827214,True
Administração pública em geral,Comércio a varejo de pneumáticos e câmaras-de-ar,94,13,7,0.1956565786317401,-0.05057382110818757,0.04760334627912468,-0.04883331425677067,0.02723978453475168,-0.04970356768247912,True
Comércio varejista de artigos de óptica,Comércio varejista especializado de equipamentos e suprimentos de informática,26,13,7,0.2887526227005478,-0.05828158999900264,0.017773715950847445,-0.041146758181117765,0.1045176279310821,-0.0497141740900602,False
Atividade odontológica com recursos para realização de procedimentos cirúrgicos,Comércio varejista de calçados,39,22,14,0.5297972235923148,-0.05296594894316071,0.014737461301399895,-0.04682373505092435,0.029740441915967364,-0.04989484199704253,True
Comércio a varejo de pneumáticos e câmaras-de-ar,Hotéis,13,22,8,0.4297676680985718,-0.05226598941362402,0.012330418523152255,-0.04753073161047838,0.13904404083552263,-0.0498983605120512,False
Comércio varejista de artigos de óptica,Comércio varejista de móveis,26,74,12,0.17687979067610993,-0.06149761753023333,0.012579462465685672,-0.0385201451632628,0.11612463368359555,-0.050008881346748066,False
Atividade médica ambulatorial com recursos para realização de exames complementares,Comércio varejista especializado de equipamentos e suprimentos de informática,15,13,5,0.37163136827092347,-0.050959273402993124,0.0256058864748512,-0.04925072644486384,0.06977878107974199,-0.05010499992392849,False
Administração pública em geral,Comércio varejista de animais vivos e de artigos e alimentos para animais de estimação,94,22,10,0.08471025577707175,-0.05763171650350255,0.027240803282424366,-0.043042387196077045,0.08465660733610064,-0.0503370518497898,False
Administração pública em geral,Comércio varejista especializado de equipamentos de telefonia e comunicação,94,21,8,0.11253883831205595,-0.05762790747364219,0.023647207139829,-0.04308322347154605,0.055601961743006106,-0.05035556547259412,False
Comércio varejista de calçados,Comércio varejista de hortifrutigranjeiros,22,20,9,0.3875984224058159,-0.04114812075583719,0.04451206876246304,-0.05964971981975365,0.014673331000260132,-0.05039892028779542,True
Comércio varejista de hortifrutigranjeiros,Hotéis,20,22,9,0.3768652688877475,-0.05575723430096951,0.017275019511305913,-0.045102939731003565,0.13488282920758282,-0.05043008701598654,False
Comércio varejista de móveis,Serviços advocatícios,74,18,7,0.08688995712228123,-0.05590566154623586,0.04132442702493996,-0.04523791525456729,0.03350537678310782,-0.05057178840040157,True
Comércio varejista de materiais de construção não especificados anteriormente,Restaurantes e similares,11,37,5,0.18373720827156514,-0.041425875949662586,0.035315123921217335,-0.05998393118676976,0.04415577492872146,-0.05070490356821617,True
Atividades de condicionamento físico,Comércio varejista de medicamentos veterinários,22,26,12,0.5262524342336165,-0.04575240190240102,0.036073707512455214,-0.05571297922792319,0.01917670487972374,-0.05073269056516211,True
Atividades de contabilidade,Comércio varejista de móveis,28,74,11,0.13443650390288306,-0.048630468169850845,0.03849239309222821,-0.052938782119418874,0.0399652024922995,-0.05078462514463486,True
"Atividades de atendimento hospitalar, exceto pronto-socorro e unidades para atendimento a urgências",Comércio varejista de materiais de construção em geral,12,98,8,0.2239466639315881,-0.03976298114646466,0.060043298170036195,-0.06212452285145695,0.01520013179072516,-0.050943751998960805,False
Atividade médica ambulatorial restrita a consultas,Comércio atacadista de cereais e leguminosas beneficiados,18,13,8,0.5183628542624458,-0.06501944370078623,0.00267286566638929,-0.036990387018857734,0.08603395980735523,-0.05100491535982198,False
Comércio varejista de produtos alimentícios em geral ou especializado em produtos alimentícios não especificados anteriormente,"Comércio varejista de produtos farmacêuticos, sem manipulação de fórmulas",20,156,16,0.40391689511662515,-0.03664044092568224,0.08600719059886214,-0.06544391573080988,0.01604179313407315,-0.05104217832824606,False
Atividade médica ambulatorial restrita a consultas,Comércio varejista de produtos alimentícios em geral ou especializado em produtos alimentícios não especificados anteriormente,18,20,10,0.7941491321386869,-0.058062932915110665,0.0059223178410741815,-0.04424461542081387,0.04292061832681875,-0.05115377416796227,True
Comércio varejista de carnes - açougues,Serviços de funerárias,15,22,7,0.3712833016626457,-0.06425081898871329,0.0016046304935902732,-0.03841040549822491,0.05047669215789879,-0.051330612243469104,False
Atividade médica ambulatorial restrita a consultas,"Comércio varejista de mercadorias em geral, com predominância de produtos alimentícios - supermercados",18,50,12,0.5464977766787972,-0.0533495659172425,0.01047432004145242,-0.04965503024491685,0.032311530645809536,-0.05150229808107967,True
Comércio a varejo de motocicletas e motonetas novas,"Comércio varejista de mercadorias em geral, com predominância de produtos alimentícios - supermercados",16,50,13,0.57756906015827,-0.05425705962078545,0.008103505548721083,-0.048888263481041194,0.03189133726401035,-0.05157266155091332,True
Comércio varejista de carnes - açougues,Ensino fundamental,15,11,5,0.4899040736870811,-0.048438527519828696,0.014456060022908371,-0.054746428360046014,0.015512898040864672,-0.051592477939937355,True
"Atividades de atendimento hospitalar, exceto pronto-socorro e unidades para atendimento a urgências",Comércio a varejo de peças e acessórios novos para veículos automotores,12,34,6,0.3917764694014392,-0.054045830499897175,0.02039358415822403,-0.049243598265408466,0.024113106663683916,-0.05164471438265282,True
Comércio varejista de medicamentos veterinários,Serviços combinados de escritório e apoio administrativo,26,14,7,0.39838772708900866,-0.0492098849114984,0.034008766487747935,-0.054470987718313026,0.07004761027325537,-0.051840436314905716,False
Comércio a varejo de motocicletas e motonetas novas,Serviços combinados de escritório e apoio administrativo,16,14,6,0.4927693269672592,-0.040706031203800716,0.03410489811129988,-0.06347168984640511,0.03505887963182976,-0.05208886052510291,True
"Atividades de atendimento hospitalar, exceto pronto-socorro e unidades para atendimento a urgências",Atividades de contabilidade,12,28,5,0.31701090312401314,-0.05703726993271863,0.012282628460547415,-0.047303038704094746,0.034731320296156706,-0.052170154318406686,True
Comércio a varejo de motocicletas e motonetas novas,"Comércio varejista de cosméticos, produtos de perfumaria e de higiene pessoal",16,22,11,0.4551939387603351,-0.06623261620464864,0.0016272403684870183,-0.03844121664864944,0.07284812690605035,-0.05233691642664904,False
Comércio varejista de materiais de construção não especificados anteriormente,Serviços de funerárias,11,22,6,0.3343891109050392,-0.04378659388259733,0.028565784737965255,-0.06130821829189635,0.005575981454497773,-0.05254740608724684,True
"Atividades de atendimento hospitalar, exceto pronto-socorro e unidades para atendimento a urgências",Serviços de engenharia,12,17,5,0.42563138239429693,-0.05879796050793627,0.010526170455667602,-0.04660121425865366,0.03681814620233532,-0.05269958738329497,True
Fabricação de produtos de padaria e confeitaria com predominância de produção própria,Serviços de funerárias,26,22,10,0.49427060619501095,-0.056354572521335446,0.012015073153837152,-0.049044991426722515,0.02205957891382396,-0.052699781974028984,True
Atividade médica ambulatorial restrita a consultas,Atividades de condicionamento físico,18,22,10,0.7152984034896411,-0.06006789529414123,0.004484131990673064,-0.045387843708367966,0.040531260389111,-0.0527278695012546,True
Comércio a varejo de motocicletas e motonetas novas,Laboratórios clínicos,16,22,9,0.47011362967091164,-0.058883734272202434,0.004901356888197265,-0.04666824445415846,0.023109975795145135,-0.052775989363180446,True
Atividade médica ambulatorial restrita a consultas,"Comércio varejista de produtos farmacêuticos, com manipulação de fórmulas",18,13,9,0.6972160431100165,-0.060624114564068056,0.0034541697852372255,-0.044974651957678975,0.026070391096691844,-0.052799383260873516,True
Atividades de cobrança e informações cadastrais,Comércio a varejo de motocicletas e motonetas novas,14,16,8,0.5561079276491876,-0.04680002613263403,0.021236320899543238,-0.05915231858769549,0.004144447458084077,-0.05297617236016476,True
"Atividades de consultoria em gestão empresarial, exceto consultoria técnica específica","Comércio varejista de produtos farmacêuticos, sem manipulação de fórmulas",12,156,9,0.3173363354787929,-0.027914591401808922,0.13526235674852277,-0.07832297196737414,0.003297144343953253,-0.05311878168459153,False
Comércio varejista de tecidos,Serviços de manutenção e reparação mecânica de veículos automotores,10,14,7,0.44432727676115297,-0.05813394755907488,0.009320252252287217,-0.04828371742405374,0.024370137849310466,-0.053208832491564315,True
Comércio varejista de carnes - açougues,Serviços de manutenção e reparação mecânica de veículos automotores,15,14,6,0.5692386017699095,-0.058781192969904,0.004392394519402447,-0.04797916537258157,0.02761163791800262,-0.053380179171242784,True
Comércio a varejo de motocicletas e motonetas novas,Hotéis,16,22,10,0.3829898292590007,-0.05585752651794399,0.00922590839116684,-0.051000737600375406,0.1099404388650696,-0.053429132059159695,False
Comércio varejista de móveis,Educação infantil - pré-escola,74,25,9,0.06453011475168352,-0.05563706763971025,0.03565106680482572,-0.051550987089502204,0.04193604214119417,-0.05359402736460622,True
Serviços de funerárias,"Transporte rodoviário de carga, exceto produtos perigosos e mudanças, intermunicipal, interestadual e internacional",22,24,12,0.5154757520280814,-0.046927233454669266,0.024088502978702922,-0.060295340210330194,0.011605280501800076,-0.05361128683249973,True
Comércio a varejo de motocicletas e motonetas novas,Comércio varejista de hortifrutigranjeiros,16,20,9,0.5140190528664587,-0.058433634970023206,0.004584066713956224,-0.04884932139281356,0.027567216501422527,-0.05364147818141839,True
Comércio a varejo de motocicletas e motonetas novas,Comércio varejista de produtos alimentícios em geral ou especializado em produtos alimentícios não especificados anteriormente,16,20,9,0.6118757608489673,-0.054555230863139605,0.008606914418397806,-0.05279844341657256,0.02586551706966715,-0.05367683713985608,True
"Comércio varejista de mercadorias em geral, com predominância de produtos alimentícios - supermercados",Fabricação de águas envasadas,50,11,5,0.29883705423464635,-0.04795327898894344,0.043909931683299736,-0.05990383310469974,0.011629951148069717,-0.05392855604682159,True
Comércio varejista de carnes - açougues,Comércio varejista de produtos alimentícios em geral ou especializado em produtos alimentícios não especificados anteriormente,15,20,7,0.5695498896974609,-0.06151277735993735,0.001551460319889491,-0.046461456012354005,0.04067837087176087,-0.05398711668614568,True
Atividades de cobrança e informações cadastrais,Comércio varejista de medicamentos veterinários,14,26,10,0.5661590076508828,-0.04282530350448273,0.041825867635468736,-0.06570250279871527,0.006956521206884886,-0.054263903151599,True
Construção de edifícios,Serviços de funerárias,67,22,16,0.4328001577300886,-0.062480575670295385,0.02536533779358898,-0.04666958028536992,0.024218915095851345,-0.05457507797783265,True
Atividades de condicionamento físico,Comércio varejista de carnes - açougues,22,15,8,0.5842304882189145,-0.04507738920049035,0.037909741091732584,-0.06413558112774369,0.002356804667321525,-0.05460648516411702,True
Comércio varejista de materiais de construção em geral,Serviços de funerárias,98,22,18,0.4528523495959264,-0.06122172684564832,0.019481979588842315,-0.04855092090947643,0.018317926146727007,-0.05488632387756237,True
"Atividades de consultoria em gestão empresarial, exceto consultoria técnica específica",Serviços de funerárias,12,22,8,0.56088896754916,-0.06216682124337944,0.007393002506790307,-0.047814911421919105,0.021330923822670253,-0.05499086633264927,True
Administração pública em geral,Comércio a varejo de peças e acessórios novos para veículos automotores,94,34,11,0.03818834842365428,-0.06679629601988023,0.012977396496311489,-0.04344901031909402,0.04054813519046773,-0.055122653169487126,True
Atividades de associações de defesa de direitos sociais,Comércio varejista de tecidos,19,10,6,0.3128591291714203,-0.05210549018483187,0.035265090242650815,-0.05828918668693815,0.009254490436484557,-0.05519733843588501,True
Comércio varejista de materiais de construção não especificados anteriormente,"Comércio varejista de mercadorias em geral, com predominância de produtos alimentícios - supermercados",11,50,5,0.2020187435552885,-0.053537159383373514,0.009996610542945773,-0.056869777128967305,0.018767652479075116,-0.05520346825617041,True
Atividade médica ambulatorial restrita a consultas,Atividades de cobrança e informações cadastrais,18,14,10,0.7497376494117562,-0.0632429816928463,0.0026424946600224286,-0.0472317862824418,0.026044924960040128,-0.05523738398764405,True
Administração pública em geral,Comércio varejista de produtos alimentícios em geral ou especializado em produtos alimentícios não especificados anteriormente,94,20,9,0.17039921762589413,-0.05799960575124297,0.03139730992809928,-0.05249566543404273,0.022902264032192296,-0.055247635592642855,True
Administração pública em geral,Fabricação de produtos de panificação industrial,94,15,6,0.13818116729252794,-0.07157083939870595,0.005818096453109367,-0.03941892373455163,0.08001259895366747,-0.055494881566628795,False
Administração pública em geral,Atividades de associações de defesa de direitos sociais,94,19,7,0.09454491030211874,-0.05914639471584567,0.02205866230445178,-0.0518515777687162,0.02999262903024946,-0.05549898624228093,True
Administração pública em geral,Restaurantes e similares,94,37,14,0.06677238064505335,-0.06246296657356615,0.01597417382872296,-0.04896767213564075,0.06739120849666967,-0.05571531935460345,False
Comércio varejista de móveis,"Lojas de variedades, exceto lojas de departamentos ou magazines",74,17,7,0.08661716181830927,-0.053884215553610885,0.03943921790986719,-0.057724913174354624,0.013775741409980686,-0.055804564363982755,True
Administração pública em geral,"Atividades de consultoria em gestão empresarial, exceto consultoria técnica específica",94,12,6,0.1690430173836371,-0.06659051244647621,0.01612372278430747,-0.04507988652811243,0.03807728342830714,-0.05583519948729432,True
Restaurantes e similares,Serviços de funerárias,37,22,16,0.5528026490504738,-0.06896817448336447,0.022756874171181385,-0.04336045702214627,0.03529727226382724,-0.056164315752755364,True
Atividades de organizações religiosas,Comércio a varejo de motocicletas e motonetas novas,30,16,6,0.2636606903435699,-0.059043097353912444,0.02518738742435166,-0.05405000159270827,0.006689849427622231,-0.05654654947331036,True
"Comércio varejista de produtos farmacêuticos, com manipulação de fórmulas",Comércio varejista de tecidos,13,10,5,0.35615924210247263,-0.05271966588829455,0.013758500162006538,-0.060848041387892286,0.007961022188115827,-0.05678385363809342,True
Laboratórios clínicos,"Lojas de departamentos ou magazines, exceto lojas francas (Duty free)",22,39,12,0.26882212383444887,-0.05640305360509817,0.006614624376128703,-0.057504910420872996,0.02610335907659205,-0.056953982012985585,True
Atividade médica ambulatorial com recursos para realização de exames complementares,"Comércio varejista de produtos farmacêuticos, sem manipulação de fórmulas",15,156,12,0.2741917103336359,-0.043706812538444974,0.06257246168494954,-0.07087897808529382,0.00687040777650214,-0.0572928953118694,False
Comércio varejista de móveis,Comércio varejista especializado de eletrodomésticos e equipamentos de áudio e vídeo,74,20,7,0.08632464935393337,-0.06495713536396008,0.019594122476828294,-0.049729631200238426,0.07439275339600389,-0.05734338328209926,False
"Comercio varejista de artigos de cama, mesa e banho",Comércio varejista especializado de equipamentos e suprimentos de informática,14,13,5,0.3591643043286768,-0.05961053431405189,0.014557280097863242,-0.055156971063442015,0.044897156600915034,-0.05738375268874695,True
Administração pública em geral,Fabricação de produtos de padaria e confeitaria com predominância de produção própria,94,26,12,0.12080740725551416,-0.05515015186536469,0.0433926424847528,-0.059925481071484744,0.007829534094922519,-0.05753781646842472,True
Comércio varejista de móveis,Construção de edifícios,74,67,25,0.1044248364691981,-0.05006471450479751,0.050908106809592846,-0.06559429425620215,0.01914760059758475,-0.05782950438049983,False
Administração pública em geral,Comércio varejista de materiais de construção não especificados anteriormente,94,11,6,0.12299538094730408,-0.05776702362767712,0.0319848408808865,-0.05794101371036876,0.005791361265911066,-0.05785401866902294,True
"Atividades de atendimento hospitalar, exceto pronto-socorro e unidades para atendimento a urgências","Lanchonetes, casas de chá, de sucos e similares",12,32,5,0.25504335335985623,-0.05851180276083174,0.010016507531490903,-0.057417179249239045,0.032190083898865345,-0.057964491005035396,True
Comércio a varejo de motocicletas e motonetas novas,Serviços de manutenção e reparação mecânica de veículos automotores,16,14,8,0.670133872705362,-0.05627029509425189,0.007364792576876899,-0.05995240667800709,0.008082764211655095,-0.05811135088612949,True
Administração pública em geral,Atividade odontológica com recursos para realização de procedimentos cirúrgicos,94,39,17,0.12315539190813445,-0.06525156058436524,0.01552734252136887,-0.05110895008339427,0.017318061404028147,-0.05818025533387976,True
Administração pública em geral,"Comércio atacadista de mercadorias em geral, com predominância de produtos alimentícios",94,12,5,0.12013568016049908,-0.07141375671233387,0.006651729711583543,-0.045036946151125155,0.0614700761126782,-0.05822535143172951,False
Comércio varejista de ferragens e ferramentas,Serviços de funerárias,12,22,6,0.3454557077423722,-0.06726606651165282,0.005083561390633787,-0.04961760878872832,0.01646709910980785,-0.058441837650190565,True
Comércio varejista de calçados,Fabricação de produtos de padaria e confeitaria com predominância de produção própria,22,26,9,0.43337792602856395,-0.0635537159333706,0.005584194174230555,-0.053566284785015274,0.01709650673387354,-0.05856000035919294,True
Comércio varejista especializado de eletrodomésticos e equipamentos de áudio e vídeo,Serviços de funerárias,20,22,6,0.25079628312641083,-0.0705575563398662,0.025390093129651063,-0.04671448455633872,0.024760507389540762,-0.058636020448102455,True
Atividades de cobrança e informações cadastrais,Serviços de funerárias,14,22,10,0.5958688675228538,-0.06172121966759804,0.0039408912151911455,-0.05561000384835255,0.009054376757567937,-0.0586656117579753,True
Comercio varejista de artigos de armarinho,"Comercio varejista de artigos de cama, mesa e banho",21,14,6,0.3009106029060187,-0.06464857586073762,0.0051949048673775025,-0.052987001823069924,0.027313378714917985,-0.05881778884190377,True
Comércio varejista de materiais de construção não especificados anteriormente,Construção de edifícios,11,67,5,0.14141230418794798,-0.041602508919691514,0.036035072108030565,-0.07775875058241692,0.009314765998658934,-0.05968062975105422,True
Comércio a varejo de motocicletas e motonetas novas,Comércio varejista de artigos de óptica,16,26,11,0.3854958926741337,-0.07215372708686321,0.0006122481753525098,-0.04756487446172268,0.04482630630078145,-0.059859300774292946,True
Comércio a varejo de motocicletas e motonetas novas,Fabricação de móveis com predominância de madeira,16,15,8,0.34137319798356475,-0.06501039187788576,0.0015345422617643015,-0.05495185203654872,0.03931092156845973,-0.05998112195721724,True
Comércio varejista de carnes - açougues,Serviços advocatícios,15,18,9,0.5925408341132531,-0.060488723907546595,0.003727165450599709,-0.05952888878898104,0.008272455989088413,-0.06000880634826382,True
Atividade odontológica com recursos para realização de procedimentos cirúrgicos,Serviços advocatícios,39,18,14,0.6698318258938091,-0.062081182870445444,0.006795043146477937,-0.05868957594306402,0.006555782249912865,-0.06038537940675473,True
Atividades de associações de defesa de direitos sociais,Comércio varejista de móveis,19,74,5,-0.007284560102189945,-0.05135106015995623,0.03277071604917396,-0.07012911604323945,0.011192364963638774,-0.06074008810159784,True
Comércio varejista de hortifrutigranjeiros,Serviços de funerárias,20,22,14,0.5837524331396001,-0.06968419625606148,0.004782889160069762,-0.05198155645739774,0.015076382312163681,-0.06083287635672961,True
Comercio varejista de artigos de armarinho,Comércio varejista de tecidos,21,10,5,0.364798227693167,-0.06780736468460628,0.0037327383170408066,-0.055460583317379034,0.012041272965158504,-0.06163397400099266,True
Administração pública em geral,Atividade médica ambulatorial restrita a consultas,94,18,9,0.1782647456336745,-0.07219442044591064,0.007419212564182953,-0.051282694475386394,0.013745258941300567,-0.06173855746064852,True
Comércio a varejo de motocicletas e motonetas novas,Comércio varejista de calçados,16,22,11,0.5694690519563552,-0.06328776810744446,0.0016411692935113119,-0.06082237261340749,0.006300169173237885,-0.06205507036042598,True
Administração pública em geral,Serviços advocatícios,94,18,8,0.10951907929819885,-0.07291750265516397,0.008003781857211503,-0.051243633859960544,0.018521988350582167,-0.06208056825756226,True
Comércio a varejo de peças e acessórios novos para motocicletas e motonetas,Comércio varejista de materiais de construção não especificados anteriormente,26,11,5,0.18833664849684498,-0.06995653954899148,0.001994776263148307,-0.054271228548918214,0.009913462481027554,-0.06211388404895485,True
Cartórios,"Comércio varejista de cosméticos, produtos de perfumaria e de higiene pessoal",70,22,19,0.5211601713533276,-0.0659815893568497,0.010967121299882731,-0.0585060701352526,0.015448030716638356,-0.06224382974605115,True
Comércio varejista de móveis,"Lanchonetes, casas de chá, de sucos e similares",74,32,11,0.06456468388075093,-0.06081496168312232,0.028021310938461025,-0.06374516123188123,0.01910351255131238,-0.06228006145750178,True
Comércio varejista de combustíveis para veículos automotores,Fabricação de águas envasadas,133,11,6,0.16462958416293105,-0.07223115799472535,0.004092151321870924,-0.05282603717989522,0.025773397495592227,-0.06252859758731029,True
Comércio varejista de móveis,Restaurantes e similares,74,37,13,0.09097636468944001,-0.05583572339095948,0.037684530098366115,-0.06952270359749914,0.026189147017586702,-0.06267921349422931,True
Comércio a varejo de motocicletas e motonetas novas,Serviços de comunicação multimídia - SCM,16,47,13,0.5479847280367273,-0.06380099542633645,0.0023280660356881757,-0.062098674879324745,0.008939904893901108,-0.06294983515283059,True
Comércio varejista de tecidos,"Lanchonetes, casas de chá, de sucos e similares",10,32,7,0.40734916243873476,-0.0692339403966281,0.0031890231887030363,-0.05767956926654314,0.029747540131189645,-0.06345675483158562,True
Atividade médica ambulatorial com recursos para realização de exames complementares,Comércio a varejo de motocicletas e motonetas novas,15,16,6,0.3969427565704286,-0.06532047781547376,0.007356939819625255,-0.06188661920259618,0.002946657270739003,-0.06360354850903496,True
Laboratórios clínicos,Serviços de comunicação multimídia - SCM,22,47,16,0.508812993663361,-0.0629084225083217,0.002638045222525479,-0.06471024134888433,0.004731933952375043,-0.06380933192860301,True
Comércio a varejo de peças e acessórios novos para motocicletas e motonetas,Serviços de funerárias,26,22,11,0.3780121637764578,-0.08002618902342591,0.000773062463039672,-0.047927273932345034,0.020796261377753995,-0.06397673147788548,True
Cartórios,Fabricação de produtos de padaria e confeitaria com predominância de produção própria,70,26,19,0.4273815412916424,-0.07011545271178246,0.008625452227233155,-0.058507810941413774,0.008045437524213609,-0.06431163182659812,True
Administração pública em geral,Atividades de cobrança e informações cadastrais,94,14,6,0.1388871063694584,-0.07755976535246985,0.006295806751930407,-0.053135684967807045,0.0129894622267324,-0.06534772516013845,True
"Aparelhamento de placas e execução de trabalhos em mármore, granito, ardósia e outras pedras",Atividade médica ambulatorial restrita a consultas,14,18,8,0.7223824235785494,-0.06337267105945,0.007783856694609984,-0.06786494392370358,0.0016986722438447866,-0.0656188074915768,True
"Atividades de atendimento hospitalar, exceto pronto-socorro e unidades para atendimento a urgências",Serviços advocatícios,12,18,6,0.3446537096626354,-0.06868390192544876,0.003939736682267487,-0.0629589170218022,0.006080128376840691,-0.06582140947362548,True
Comércio a varejo de motocicletas e motonetas novas,Serviços advocatícios,16,18,10,0.5828852466287047,-0.06213566860340257,0.0025058336092152315,-0.07013134517427122,0.001835907551877304,-0.0661335068888369,True
Comércio varejista de artigos de óptica,Hotéis,26,22,10,0.3118808637573882,-0.07069594383743863,0.0059521509835004805,-0.062187669418173455,0.07180667384316469,-0.06644180662780605,False
Comércio varejista de medicamentos veterinários,Formação de condutores,26,19,9,0.25400799306025346,-0.06885124305913963,0.005723413491103133,-0.06418733254155602,0.020441392059946446,-0.06651928780034783,True
Comércio a varejo de motocicletas e motonetas novas,Formação de condutores,16,19,7,0.28214470990319424,-0.06594209545578845,0.0013509858450527655,-0.06759866548653115,0.015357126750669548,-0.0667703804711598,True
Comércio varejista de medicamentos veterinários,Fabricação de produtos de padaria e confeitaria com predominância de produção própria,26,26,10,0.36790781871297046,-0.07683321207191875,0.0019682980009638187,-0.057344404255489,0.011637067449370474,-0.06708880816370387,True
Comércio varejista de artigos de óptica,Laboratórios clínicos,26,22,13,0.4710354708797123,-0.06376090161766367,0.008610563245429312,-0.07119569328105844,0.000864869974869005,-0.06747829744936105,True
"Atividades de atendimento hospitalar, exceto pronto-socorro e unidades para atendimento a urgências",Comércio varejista de combustíveis para veículos automotores,12,133,8,0.13958729579204798,-0.05475257958080002,0.0183055229273712,-0.08030143845882717,0.002417646819355437,-0.0675270090198136,True
Atividade odontológica com recursos para realização de procedimentos cirúrgicos,Comércio varejista de tecidos,39,10,8,0.4356851787043946,-0.06304206575959732,0.007300676971127999,-0.07247834422340299,0.0018502777975962132,-0.06776020499150015,True
Atividade médica ambulatorial com recursos para realização de exames complementares,Serviços de funerárias,15,22,7,0.5084132196199874,-0.06685898593456926,0.004551779620748454,-0.06877872870533142,0.0018723427367810064,-0.06781885731995034,True
Atividade odontológica com recursos para realização de procedimentos cirúrgicos,Laboratórios clínicos,39,22,16,0.5693548211364794,-0.07477089923814922,0.002063540660172818,-0.06134608889379102,0.00434447387874535,-0.06805849406597012,True
"Comércio varejista de mercadorias em geral, com predominância de produtos alimentícios - supermercados",Serviços de funerárias,50,22,16,0.5215857109673847,-0.07951122332426547,0.002063739928276862,-0.05769501313148058,0.009168269190394934,-0.06860311822787302,True
Atividade médica ambulatorial restrita a consultas,Serviços de manutenção e reparação mecânica de veículos automotores,18,14,10,0.7619722584175218,-0.07131746903167438,0.000592685297304396,-0.06606910128148705,0.003165942277748325,-0.06869328515658071,True
"Aparelhamento de placas e execução de trabalhos em mármore, granito, ardósia e outras pedras",Comércio varejista de medicamentos veterinários,14,26,7,0.32561130578186476,-0.06444515176826673,0.00574544317905886,-0.07329766509010624,0.003439989062534333,-0.06887140842918649,True
Comércio varejista especializado de equipamentos de telefonia e comunicação,Serviços de funerárias,21,22,12,0.6294966659770432,-0.07392937038405013,0.002899199138610042,-0.06451245539029336,0.003677015574523849,-0.06922091288717175,True
Comércio varejista de tecidos,"Transporte rodoviário de carga, exceto produtos perigosos e mudanças, intermunicipal, interestadual e internacional",10,24,6,0.47875017500690137,-0.07160869947446948,0.0036403404240152727,-0.06723919430389906,0.009452366037709973,-0.06942394688918427,True
Atividade médica ambulatorial restrita a consultas,Provedores de acesso às redes de comunicações,18,10,5,0.32070547723860404,-0.06027282992702998,0.005415305711758003,-0.07909237322877258,0.002199544428976704,-0.06968260157790128,True
Atividades de condicionamento físico,Comércio a varejo de motocicletas e motonetas novas,22,16,11,0.6826309929828976,-0.066118237540513,0.0038819780322870184,-0.07358385374707162,0.00038968903810238727,-0.06985104564379231,True
Comércio varejista de tecidos,Serviços de comunicação multimídia - SCM,10,47,6,0.2993793144139695,-0.06936896322949349,0.0022486209828240403,-0.07197365175443905,0.0030393240591353025,-0.07067130749196626,True
Comércio varejista de artigos do vestuário e acessórios,Comércio varejista de móveis,46,74,23,0.15381373827016373,-0.06989019335496087,0.02901261290130362,-0.0734652980226964,0.011204821790159337,-0.07167774568882863,True
Administração pública em geral,Serviços de comunicação multimídia - SCM,94,47,22,0.183796246790881,-0.07993522589998334,0.0036182437147235062,-0.06357248898835069,0.004866039014712457,-0.07175385744416701,True
Laboratórios clínicos,Serviços de funerárias,22,22,11,0.5359001875024283,-0.07054804812430783,0.0013585240938424213,-0.07314149115651225,0.0016552664522740906,-0.07184476964041003,True
"Lanchonetes, casas de chá, de sucos e similares",Serviços de funerárias,32,22,16,0.5575048758125726,-0.08240809372709978,0.005456858195058919,-0.061746612041387004,0.005116600886454064,-0.0720773528842434,True
Comércio varejista de animais vivos e de artigos e alimentos para animais de estimação,Comércio varejista de móveis,22,74,7,0.05942611994899102,-0.06771300924849526,0.01692181612347261,-0.07695399275912866,0.006970066894688316,-0.07233350100381196,True
"Comércio varejista de mercadorias em geral, com predominância de produtos alimentícios - supermercados",Comércio varejista de tecidos,50,10,8,0.4186283930192216,-0.06908353954420411,0.007202261077243049,-0.07647318079554825,0.0010401342137774528,-0.07277836016987618,True
Atividade odontológica com recursos para realização de procedimentos cirúrgicos,"Atividades de atendimento hospitalar, exceto pronto-socorro e unidades para atendimento a urgências",39,12,7,0.4491152098456242,-0.07446104970351397,0.001793300873329871,-0.07154543268654691,0.0034385776772772204,-0.07300324119503043,True
Atividades do Correio Nacional,Comércio varejista de móveis,54,74,19,-0.0062910777149533005,-0.07043297909229164,0.013099593214435672,-0.07565287892909564,0.009704080316692548,-0.07304292901069365,True
Atividade médica ambulatorial restrita a consultas,Serviços advocatícios,18,18,10,0.6213922750403104,-0.07482593299830285,0.000513699063224488,-0.07159513270692364,0.0017320474976126414,-0.07321053285261325,True
"Aparelhamento de placas e execução de trabalhos em mármore, granito, ardósia e outras pedras",Comércio a varejo de motocicletas e motonetas novas,14,16,6,0.5884554278905669,-0.07566350896252402,0.001413252936418431,-0.07121408715454082,0.0006519191442774291,-0.07343879805853243,True
Atividade médica ambulatorial restrita a consultas,Serviços de funerárias,18,22,10,0.49908508274546676,-0.08155387147584597,0.00017958539366656444,-0.0654317758740109,0.0029382661158046533,-0.07349282367492843,True
"Comercio varejista de artigos de cama, mesa e banho",Serviços de funerárias,14,22,8,0.5573876076579661,-0.07019727310130036,0.005045284837058259,-0.07732374945765387,0.0004329956549313818,-0.07376051127947711,True
Comércio varejista de medicamentos veterinários,Comércio varejista de tecidos,26,10,6,0.3104284911672754,-0.07441347267327833,0.0032304826833337197,-0.07388702459454874,0.0014271841481302936,-0.07415024863391353,True
Serviços de comunicação multimídia - SCM,Serviços de funerárias,47,22,14,0.5165241838859272,-0.08424619365060353,0.0007104793115045312,-0.06422226168826585,0.0029904350354771417,-0.07423422766943469,True
Comércio a varejo de motocicletas e motonetas novas,Comércio varejista de carnes - açougues,16,15,10,0.7488557136616348,-0.06685477528365327,0.001202349103476212,-0.08281174391395257,0.00011396757846282814,-0.07483325959880292,True
Atividade odontológica com recursos para realização de procedimentos cirúrgicos,Comércio varejista de medicamentos veterinários,39,26,18,0.6311021614784367,-0.07289139007358394,0.0018861389369428684,-0.07718560636984181,0.00239682098998006,-0.07503849822171288,True
Comércio a varejo de motocicletas e motonetas novas,Serviços de funerárias,16,22,12,0.5607157736777689,-0.08527812990307859,6.587433717142674e-05,-0.06581275994193839,0.002831545698601891,-0.07554544492250849,True
Fabricação de móveis com predominância de madeira,Serviços de funerárias,15,22,9,0.47987958001663256,-0.07253765438432103,0.009132436929496895,-0.07861164924924328,0.0002981155176093877,-0.07557465181678216,True
Comércio a varejo de peças e acessórios novos para veículos automotores,Serviços de funerárias,34,22,14,0.602014475572053,-0.0712203340575517,0.0020279841853211755,-0.08046470548554206,0.00028503283441613125,-0.07584251977154688,True
Atividade médica ambulatorial restrita a consultas,Comércio varejista de medicamentos veterinários,18,26,11,0.6109990580181255,-0.07596061297863875,0.0004969989695205722,-0.07592299715336776,0.0020963982819208185,-0.07594180506600326,True
Comércio varejista de materiais de construção não especificados anteriormente,"Lanchonetes, casas de chá, de sucos e similares",11,32,6,0.20392974663714478,-0.06791340468921182,0.0018987495517792184,-0.08412851367066859,0.0022184106728723434,-0.0760209591799402,True
Administração pública em geral,"Atividades de atendimento hospitalar, exceto pronto-socorro e unidades para atendimento a urgências",94,12,6,0.11300749980137759,-0.08417481629125585,0.00364224294369703,-0.06826444911337845,0.004154181040503968,-0.07621963270231716,True
Atividade médica ambulatorial restrita a consultas,Atividade odontológica com recursos para realização de procedimentos cirúrgicos,18,39,15,0.7934207189947723,-0.07654587322525985,0.0005323051536417483,-0.07600904148459459,0.0018083080784651933,-0.07627745735492722,True
"Atividades de atendimento hospitalar, exceto pronto-socorro e unidades para atendimento a urgências",Serviços de funerárias,12,22,5,0.5294149204438354,-0.07445750561842916,0.0015010210385652159,-0.07870168432527115,0.00034280679015015095,-0.07657959497185016,True
Comércio varejista de artigos de óptica,Serviços de funerárias,26,22,11,0.3339053666297172,-0.07653054952743032,0.003458398225198257,-0.07685529478056073,0.0006962657190790893,-0.07669292215399554,True
"Comércio varejista de cosméticos, produtos de perfumaria e de higiene pessoal",Serviços de funerárias,22,22,13,0.46189493003625254,-0.07378538505083938,0.0029358943835095653,-0.08006483112273496,0.0002753646129225538,-0.07692510808678718,True
Comércio varejista de calçados,Serviços de funerárias,22,22,11,0.5772596537931398,-0.0801398587872988,0.0004145910227507177,-0.07499717103124581,0.001030555740389091,-0.0775685149092723,True
Atividade médica ambulatorial restrita a consultas,Comércio varejista de carnes - açougues,18,15,9,0.6812993182671948,-0.07686959650059251,0.0003407300942143837,-0.07905420279445696,0.00019682067178842364,-0.07796189964752473,True
Comércio a varejo de motocicletas e motonetas novas,Comércio varejista de tecidos,16,10,7,0.49684270175547196,-0.07616293900610788,0.0003555352433014913,-0.08077853262584808,0.0006076369643646962,-0.07847073581597798,True
Atividade médica ambulatorial restrita a consultas,Comércio varejista de tecidos,18,10,7,0.47718639766026894,-0.07574047084540564,0.000575006553233215,-0.08308816336032801,0.00043547813402871976,-0.07941431710286682,True
Comercio varejista de artigos de armarinho,Serviços de funerárias,21,22,8,0.39682893227707067,-0.08605702259304993,0.0003439515766050946,-0.07316304773944697,0.0010476558117352795,-0.07961003516624846,True
Comércio varejista de móveis,Ensino fundamental,74,11,5,0.044967983827609435,-0.09335053090285766,0.0011585842957743731,-0.06615144341572511,0.007578565808874136,-0.07975098715929138,True
Administração pública em geral,Serviços combinados de escritório e apoio administrativo,94,14,7,0.1436614180725922,-0.07792099345397197,0.00396695618324008,-0.08203231581721422,0.013998752283928459,-0.07997665463559309,True
Comércio varejista de tecidos,Serviços de funerárias,10,22,8,0.6411485484342906,-0.07880579364341289,0.0007248092244515955,-0.08120948293040929,0.0005891353045848431,-0.0800076382869111,True
Atividade odontológica com recursos para realização de procedimentos cirúrgicos,Comércio varejista de carnes - açougues,39,15,12,0.6722710312424482,-0.0757270723856849,0.0009331528127840109,-0.08442458563691864,8.281599584177395e-05,-0.08007582901130177,True
Administração pública em geral,Atividades de organizações religiosas,94,30,10,-0.07557310404487833,-0.07890403306674856,0.0028642396495383504,-0.08173240777026035,0.003635925142127829,-0.08031822041850445,True
"Atividades de atendimento hospitalar, exceto pronto-socorro e unidades para atendimento a urgências",Serviços de comunicação multimídia - SCM,12,47,6,0.3110980671127716,-0.07384186743039209,0.001754866001666973,-0.08808528666795275,0.0003291754160982823,-0.08096357704917242,True
Comercio varejista de artigos de armarinho,Comércio a varejo de peças e acessórios novos para veículos automotores,21,34,9,0.347999941814025,-0.08819612067112365,0.0002961901685499515,-0.07385461575552386,0.001660848528325872,-0.08102536821332376,True
Comércio varejista de medicamentos veterinários,Comércio varejista de produtos alimentícios em geral ou especializado em produtos alimentícios não especificados anteriormente,26,20,8,0.5304340210338033,-0.08988443856044119,0.00038569018525224464,-0.07294489993169916,0.0026024848513846077,-0.08141466924607017,True
"Atividades de atendimento hospitalar, exceto pronto-socorro e unidades para atendimento a urgências","Comércio varejista de mercadorias em geral, com predominância de produtos alimentícios - supermercados",12,50,6,0.25656194380718755,-0.07749149788464268,0.0013359676964808589,-0.08538273560772434,0.0008893109277342651,-0.08143711674618351,True
Atividade odontológica com recursos para realização de procedimentos cirúrgicos,Serviços de funerárias,39,22,16,0.6084113076376395,-0.09103221982240756,0.00018352109093433989,-0.07264728836329265,0.0006841266392590204,-0.0818397540928501,True
Atividade médica ambulatorial restrita a consultas,Comércio a varejo de motocicletas e motonetas novas,18,16,12,0.722586357054014,-0.08885176249479683,3.9188163720192044e-05,-0.07993042048197681,0.00019468456026649033,-0.08439109148838682,True
"Atividades de atendimento hospitalar, exceto pronto-socorro e unidades para atendimento a urgências","Comércio varejista de produtos farmacêuticos, sem manipulação de fórmulas",12,156,8,0.1732810900079261,-0.07288608127049286,0.0024153735510915506,-0.09885294950323317,0.000542639148357298,-0.08586951538686302,True
Administração pública em geral,Atividade médica ambulatorial com recursos para realização de exames complementares,94,15,8,0.17266311755126218,-0.10088888512522089,0.0003303723109337365,-0.07100036986787052,0.00401942427289819,-0.0859446274965457,True
Atividade médica ambulatorial restrita a consultas,"Comércio varejista de produtos farmacêuticos, sem manipulação de fórmulas",18,156,15,0.4357994614403765,-0.07214278886352325,0.000741110008508991,-0.10022404356500444,0.000366477539714195,-0.08618341621426384,True
Fabricação de produtos de padaria e confeitaria com predominância de produção própria,Serviços de comunicação multimídia - SCM,26,47,14,0.42420070538747945,-0.08018482104888149,0.000745643608326436,-0.09292308821347726,0.00019964855511452612,-0.08655395463117938,True
Atividade odontológica com recursos para realização de procedimentos cirúrgicos,Comércio a varejo de motocicletas e motonetas novas,39,16,16,0.7100935179699703,-0.09727687766977554,5.27459102368421e-05,-0.09360307611169794,1.7905174686548727e-05,-0.09543997689073674,True
