cod_ibge,NM_MUN,subclasse,classificacao_regiao,ANO_T0,ANO_T1,CE,RIE,valor
2200053,Acauã,Atividades do Correio Nacional,T1,2018,2025,1.19504722284686,0.519572953736655,1.714620176583515
2200053,Acauã,Comércio varejista de combustíveis para veículos automotores,T1,2022,2025,15.6197531664721,14.9575757575758,30.577328924047897
2200053,Acauã,Comércio varejista de materiais de construção em geral,T1,2022,2025,1.00031369348188,0.739393939393939,1.739707632875819
2200053,Acauã,"Comércio varejista de produtos farmacêuticos, sem manipulação de fórmulas",T1,2013,2025,1.04926001118075,1.22666666666667,2.27592667784742
2200053,Acauã,"Fabricação de artefatos de cerâmica e barro cozido para uso na construção, exceto azulejos e pisos",T1,2013,2025,9.11711937933483,6.84,15.95711937933483
2200053,Acauã,Serviços de comunicação multimídia - SCM,T1,2022,2025,5.51427077888134,3.83030303030303,9.34457380918437
2200053,Acauã,"Transporte rodoviário coletivo de passageiros, sob regime de fretamento, intermunicipal, interestadual e internacional",T1,2013,2025,6.12722955145119,6.61333333333333,12.74056288478452
2200103,Agricolândia,Comércio atacadista de gás liqüefeito de petróleo (GLP),T1,2022,2025,2.74691088026244,2.31284916201117,5.05976004227361
2200103,Agricolândia,"Comércio varejista de mercadorias em geral, com predominância de produtos alimentícios - minimercados, mercearias e armazéns",T2,2013,2025,21.0215596440693,20.6666666666667,41.688226310736
2200103,Agricolândia,"Comércio varejista de produtos farmacêuticos, sem manipulação de fórmulas",T2,2013,2025,3.52463000559037,3.77777777777778,7.3024077833681496
2200103,Agricolândia,Construção de edifícios,T1,2022,2025,2.77622008525119,2.54189944134078,5.318119526591969
2200103,Agricolândia,Provedores de acesso às redes de comunicações,T1,2022,2025,3.07096611452115,2.08379888268156,5.15476499720271
2200251,Alagoinha do Piauí,Comércio varejista de materiais de construção em geral,T1,2018,2025,1.74558413268621,1.53497942386831,3.28056355655452
2200251,Alagoinha do Piauí,"Comércio varejista de mercadorias em geral, com predominância de produtos alimentícios - minimercados, mercearias e armazéns",T1,2013,2025,3.83692660734488,3.5587044534413,7.3956310607861795
2200251,Alagoinha do Piauí,"Comércio varejista de produtos farmacêuticos, sem manipulação de fórmulas",T1,2013,2025,5.52463000559037,5.5587044534413,11.08333445903167
2200251,Alagoinha do Piauí,Construção de rodovias e ferrovias,T1,2022,2025,7.90856561376782,7.59288537549407,15.50145098926189
2200251,Alagoinha do Piauí,Obras de alvenaria,T1,2022,2025,0.778500326199045,0.592885375494071,1.3713857016931161
2200251,Alagoinha do Piauí,Serviços de funerárias,T1,2018,2025,8.45047780039328,8.13991769547325,16.59039549586653
2200277,Alegrete do Piauí,Administração pública em geral,T2,2018,2025,24.2398856425563,64.1632653061225,88.4031509486788
2200277,Alegrete do Piauí,Atividades de organizações religiosas,T2,2018,2025,0.158921486328447,0.0986394557823129,0.25756094211075986
2200277,Alegrete do Piauí,Atividades do Correio Nacional,T2,2018,2025,1.19504722284686,1.09863945578231,2.29368667862917
2200277,Alegrete do Piauí,Comércio varejista de combustíveis para veículos automotores,T2,2022,2025,0.619753166472139,0.527426160337553,1.147179326809692
2200277,Alegrete do Piauí,Comércio varejista de materiais de construção em geral,T2,2022,2025,1.00031369348188,0.881856540084388,1.882170233566268
2200277,Alegrete do Piauí,"Comércio varejista de produtos farmacêuticos, sem manipulação de fórmulas",T1,2013,2025,0.573890016771118,0.964467005076142,1.53835702184726
2200301,Alto Longá,Administração pública em geral,T1,2018,2025,163.686418892205,3.67272727272727,167.35914616493227
2200301,Alto Longá,Atividade odontológica com recursos para realização de procedimentos cirúrgicos,T1,2022,2025,0.945660128805621,0.613466334164589,1.55912646297021
2200301,Alto Longá,Atividades de organizações religiosas,T1,2013,2025,1.16629092021137,0.0213523131672598,1.1876432333786298
2200301,Alto Longá,"Bancos múltiplos, com carteira comercial",T1,2022,2025,2.18886151939775,1.22693266832918,3.41579418772693
2200301,Alto Longá,"Captação, tratamento e distribuição de água",T1,2013,2025,0.910425923918934,0.0213523131672598,0.9317782370861938
2200301,Alto Longá,Cartórios,T1,2013,2025,2.30898375826546,2.02135231316726,4.33033607143272
2200301,Alto Longá,Casas lotéricas,T1,2018,2025,1.08690761379023,0.444755244755245,1.531662858545475
2200301,Alto Longá,Comércio varejista de animais vivos e de artigos e alimentos para animais de estimação,T1,2022,2025,1.01402487136459,0.613466334164589,1.627491205529179
2200301,Alto Longá,Comércio varejista de artigos do vestuário e acessórios,T1,2013,2025,5.14755623746522,4.02135231316726,9.16890855063248
2200301,Alto Longá,Comércio varejista de combustíveis para veículos automotores,T1,2018,2025,3.41120894859145,1.77902097902098,5.19022992761243
2200301,Alto Longá,Comércio varejista de ferragens e ferramentas,T1,2022,2025,1.96499824090203,1.61346633416459,3.57846457506662
2200301,Alto Longá,Comércio varejista de materiais de construção em geral,T1,2018,2025,4.49116826537242,3.88951048951049,8.38067875488291
2200301,Alto Longá,Comércio varejista de móveis,T1,2018,2025,14.1309134030139,8.44755244755245,22.57846585056635
2200301,Alto Longá,Construção de edifícios,T1,2018,2025,2.49476313512438,2.44475524475524,4.93951837987962
2200301,Alto Longá,Fabricação de produtos de padaria e confeitaria com predominância de produção própria,T1,2022,2025,2.28525756160644,0.680798004987531,2.966055566593971
2200301,Alto Longá,"Lojas de departamentos ou magazines, exceto lojas francas (Duty free)",T1,2018,2025,11.3051007722075,6.55804195804196,17.863142730249457
2200400,Altos,Agências de viagens,T1,2022,2025,2.82808353524864,2.43335208098988,5.26143561623852
2200400,Altos,"Aparelhamento de pedras para construção, exceto associado à extração",T1,2018,2025,3.9569755058573,3.03005657708628,6.98703208294358
2200400,Altos,Atividades de cobrança e informações cadastrais,T1,2022,2025,6.96548914980499,6.43335208098988,13.398841230794869
2200400,Altos,Atividades de condicionamento físico,T1,2022,2025,8.04587139658053,7.86670416197975,15.912575558560281
2200400,Altos,"Atividades de consultoria em gestão empresarial, exceto consultoria técnica específica",T1,2018,2025,4.95827743754253,5.06011315417256,10.01839059171509
2200400,Altos,Atividades de contabilidade,T1,2013,2025,6.71747703040727,6.14608985024958,12.863566880656851
2200400,Altos,Atividades de fisioterapia,T1,2018,2025,3.46868660710432,2.12022630834512,5.5889129154494395
2200400,Altos,Cartórios,T1,2018,2025,15.6164298630845,12.1803394625177,27.7967693256022
2200400,Altos,Casas lotéricas,T1,2013,2025,5.85300744514107,4.29217970049917,10.14518714564024
2200400,Altos,Coleta de resíduos não-perigosos,T1,2022,2025,63.3354670068395,45.9007311586052,109.2361981654447
2200400,Altos,"Comercio varejista de artigos de cama, mesa e banho",T1,2022,2025,3.87353315668123,2.30005624296963,6.17358939965086
2200400,Altos,Comércio a varejo de peças e acessórios novos para motocicletas e motonetas,T1,2022,2025,7.23707922248068,1.76687289088864,9.00395211336932
2200400,Altos,Comércio a varejo de peças e acessórios novos para veículos automotores,T1,2013,2025,9.22876179900056,2.31480865224626,11.54357045124682
2200400,Altos,Comércio a varejo de pneumáticos e câmaras-de-ar,T1,2013,2025,10.7375402690923,6.73044925124792,17.46798952034022
2200400,Altos,Comércio atacadista de alimentos para animais,T1,2022,2025,4.89083713516188,4.43335208098988,9.32418921615176
2200400,Altos,Comércio atacadista de madeira e produtos derivados,T1,2013,2025,13.8457752255947,12.2921797004992,26.1379549260939
2200400,Altos,"Comércio atacadista de mercadorias em geral, com predominância de produtos alimentícios",T1,2022,2025,618.029579483199,615.766872890889,1233.796452374088
2200400,Altos,Comércio atacadista de outros produtos químicos e petroquímicos não especificados anteriormente,T1,2022,2025,5.81421892189219,4.86670416197975,10.680923083871939
2200400,Altos,"Comércio atacadista de produtos de higiene, limpeza e conservação domiciliar",T1,2018,2025,0.674305281180034,0.0300565770862801,0.704361858266314
2200400,Altos,Comércio varejista de animais vivos e de artigos e alimentos para animais de estimação,T1,2018,2025,15.5880770883397,15.0300565770863,30.618133665426
2200400,Altos,Comércio varejista de artigos de papelaria,T1,2013,2025,4.00895960250023,3.14608985024958,7.15504945274981
2200400,Altos,Comércio varejista de artigos de óptica,T1,2018,2025,5.13712347354138,3.09016973125884,8.22729320480022
2200400,Altos,Comércio varejista de artigos do vestuário e acessórios,T1,2018,2025,40.1917253032263,19.6011315417256,59.7928568449519
2200400,Altos,Comércio varejista de bebidas,T1,2018,2025,6.59664399894021,4.09016973125884,10.686813730199049
2200400,Altos,"Comércio varejista de bicicletas e triciclos, peças e acessórios",T1,2022,2025,0.958576629800096,0.433352080989876,1.3919287107899718
2200400,Altos,Comércio varejista de combustíveis para veículos automotores,T1,2013,2025,37.5595571581399,9.98968386023295,47.549241018372854
2200400,Altos,"Comércio varejista de cosméticos, produtos de perfumaria e de higiene pessoal",T1,2022,2025,10.3068442577837,9.30005624296963,19.60690050075333
2200400,Altos,Comércio varejista de materiais de construção em geral,T1,2013,2025,57.0178877467616,33.5514143094842,90.5693020562458
2200400,Altos,"Comércio varejista de mercadorias em geral, com predominância de produtos alimentícios - hipermercados",T1,2013,2025,13.291469994983,13.1460898502496,26.4375598452326
2200400,Altos,"Comércio varejista de mercadorias em geral, com predominância de produtos alimentícios - minimercados, mercearias e armazéns",T1,2022,2025,58.8996289160066,26.4344769403825,85.3341058563891
2200400,Altos,Comércio varejista de móveis,T1,2018,2025,31.3403748478361,5.78147100424328,37.12184585207938
2200400,Altos,Comércio varejista de produtos alimentícios em geral ou especializado em produtos alimentícios não especificados anteriormente,T1,2022,2025,1.82566239538841,1.43335208098988,3.2590144763782902
2200400,Altos,"Comércio varejista de produtos farmacêuticos, sem manipulação de fórmulas",T1,2013,2025,45.8866802012534,32.259234608985,78.1459148102384
2200400,Altos,Comércio varejista especializado de equipamentos de telefonia e comunicação,T1,2022,2025,17.9238530703995,16.8667041619798,34.7905572323793
2200400,Altos,Comércio varejista especializado de equipamentos e suprimentos de informática,T1,2013,2025,1.91144194049268,1.14608985024958,3.05753179074226
2200400,Altos,"Comércio varejista especializado de peças e acessórios para aparelhos eletroeletrônicos para uso doméstico, exceto informática e comunicação",T1,2013,2025,1.84278178418803,1.14608985024958,2.98887163443761
2200400,Altos,"Confecção, sob medida, de peças do vestuário, exceto roupas íntimas",T1,2022,2025,9.01574712643678,8.43335208098988,17.449099207426663
2200400,Altos,Construção de edifícios,T1,2018,2025,192.162101619901,117.809052333805,309.971153953706
2200400,Altos,"Criação de aves, exceto galináceos",T1,2018,2025,2.63231981981982,2.03005657708628,4.6623763969061
2200400,Altos,Criação de frangos para corte,T1,2013,2025,50.0516694800115,13.6748752079867,63.7265446879982
2200400,Altos,Educação infantil - pré-escola,T1,2013,2025,50.7360712161666,45.0678868552413,95.80395807140789
2200400,Altos,Educação profissional de nível técnico,T1,2013,2025,3.25905630385677,3.14608985024958,6.40514615410635
2200400,Altos,Fabricação de alimentos para animais,T1,2018,2025,76.996073931984,76.0601131541726,153.0561870861566
2200400,Altos,Fabricação de farinha de mandioca e derivados,T1,2022,2025,23.736910316226,23.4333520809899,47.17026239721589
2200400,Altos,Fabricação de móveis com predominância de madeira,T1,2013,2025,2.01031813443496,1.14608985024958,3.15640798468454
2200400,Altos,Fabricação de móveis com predominância de metal,T1,2013,2025,6.73671558704453,1.73044925124792,8.46716483829245
2200400,Altos,Fabricação de outros produtos alimentícios não especificados anteriormente,T1,2022,2025,58.5352232261662,8.60179977502813,67.13702300119434
2200400,Altos,Fabricação de produtos de padaria e confeitaria com predominância de produção própria,T1,2018,2025,9.37820193981597,11.1502828854314,20.528484825247368
2200400,Altos,Fabricação de produtos de panificação industrial,T1,2013,2025,6.3225451382108,6.14608985024958,12.46863498846038
2200400,Altos,Fornecimento de alimentos preparados preponderantemente para empresas,T1,2022,2025,0.767887118672005,0.433352080989876,1.201239199661881
2200400,Altos,Hotéis,T1,2013,2025,18.7470713340049,18.1460898502496,36.893161184254495
2200400,Altos,Laboratórios clínicos,T1,2018,2025,4.43205717202654,3.06011315417256,7.4921703261990995
2200400,Altos,"Lanchonetes, casas de chá, de sucos e similares",T1,2013,2025,23.7787815367425,22.2921797004992,46.070961237241704
2200400,Altos,"Lojas de departamentos ou magazines, exceto lojas francas (Duty free)",T1,2018,2025,25.9534399131485,0.751414427157002,26.704854340305502
2200400,Altos,"Lojas de variedades, exceto lojas de departamentos ou magazines",T1,2018,2025,1.92543781386219,1.03005657708628,2.95549439094847
2200400,Altos,Moagem de trigo e fabricação de derivados,T1,2013,2025,73.8388484306461,73.1460898502496,146.98493828089568
2200400,Altos,"Obras de urbanização - ruas, praças e calçadas",T1,2013,2025,3.69087239476069,1.02262895174709,4.71350134650778
2200400,Altos,Promoção de vendas,T1,2018,2025,42.9320631254811,59.4207920792079,102.352855204689
2200400,Altos,Restaurantes e similares,T1,2013,2025,42.4405369497929,39.7304492512479,82.17098620104079
2200400,Altos,Seguridade social obrigatória,T1,2022,2025,165.198539790703,165.86670416198,331.065243952683
2200400,Altos,Serviços combinados de escritório e apoio administrativo,T1,2018,2025,0.450782017646046,1.03005657708628,1.480838594732326
2200400,Altos,Serviços de manutenção e reparação mecânica de veículos automotores,T1,2022,2025,2.57295166709744,1.30005624296963,3.87300791006707
2200400,Altos,"Transporte rodoviário de carga, exceto produtos perigosos e mudanças, intermunicipal, interestadual e internacional",T1,2022,2025,0.848135601881325,0.433352080989876,1.281487682871201
2200400,Altos,"Transporte rodoviário de carga, exceto produtos perigosos e mudanças, municipal",T1,2013,2025,1.60749846247266,1.14608985024958,2.75358831272224
2200459,Alvorada do Gurguéia,Administração pública em geral,T1,2013,2025,309.543343473802,78.9122401847575,388.4555836585595
2200459,Alvorada do Gurguéia,Comércio varejista de combustíveis para veículos automotores,T1,2013,2025,4.72968049041413,0.406466512702079,5.136147003116209
2200459,Alvorada do Gurguéia,Comércio varejista de madeira e artefatos,T1,2022,2025,1.99821339609352,1.41344195519348,3.411655351287
2200459,Alvorada do Gurguéia,"Comércio varejista de mercadorias em geral, com predominância de produtos alimentícios - supermercados",T1,2022,2025,1.76390643957892,0.240325865580448,2.004232305159368
2200459,Alvorada do Gurguéia,"Comércio varejista de produtos farmacêuticos, sem manipulação de fórmulas",T1,2013,2025,2.52463000559037,2.20092378752887,4.72555379311924
2200459,Alvorada do Gurguéia,Cultivo de soja,T1,2018,2025,26.083421254728,24.9214659685864,51.0048872233144
2200509,Amarante,"Atividades de atendimento hospitalar, exceto pronto-socorro e unidades para atendimento a urgências",T2,2018,2025,1.26561242203665,2.89845474613687,4.164067168173521
2200509,Amarante,Atividades de condicionamento físico,T2,2018,2025,0.39684223724694,1.44922737306843,1.84606961031537
2200509,Amarante,Atividades de contabilidade,T2,2013,2025,7.86990812162908,8.68432432432432,16.5542324459534
2200509,Amarante,"Bancos múltiplos, com carteira comercial",T2,2018,2025,0.0937385062915863,3.83995584988962,3.933694356181206
2200509,Amarante,Casas lotéricas,T2,2013,2025,0.853007445141066,0.842162162162162,1.695169607303228
2200509,Amarante,Comercio varejista de artigos de armarinho,T2,2018,2025,0.135015880864984,0.449227373068433,0.584243253933417
2200509,Amarante,Comércio varejista de artigos de óptica,T2,2018,2025,0.424748982360923,1.89845474613687,2.323203728497793
2200509,Amarante,Comércio varejista de gás liqüefeito de petróleo (GLP),T2,2018,2025,3.08585166161392,3.89845474613687,6.98430640775079
2200509,Amarante,Comércio varejista de materiais de construção em geral,T2,2022,2025,2.00376432178251,0.483069977426636,2.486834299209146
2200509,Amarante,"Comércio varejista de mercadorias em geral, com predominância de produtos alimentícios - minimercados, mercearias e armazéns",T2,2013,2025,25.5754587542425,27.3427027027027,52.9181614569452
2200509,Amarante,Comércio varejista de mercadorias em lojas de conveniência,T2,2018,2025,0.941372805108112,5.44922737306843,6.390600178176542
2200509,Amarante,Comércio varejista de móveis,T2,2013,2025,19.1844667678251,17.6054054054054,36.7898721732305
2200509,Amarante,"Comércio varejista de produtos farmacêuticos, sem manipulação de fórmulas",T2,2018,2025,4.73872262509698,13.8399558498896,18.57867847498658
2200509,Amarante,Construção de edifícios,T2,2022,2025,17.8881100426256,17.8735891647856,35.7616992074112
2200509,Amarante,Construção de rodovias e ferrovias,T2,2022,2025,53.0683213920164,51.5643340857788,104.6326554777952
2200509,Amarante,Educação infantil - pré-escola,T2,2013,2025,18.0800169562301,20.6054054054054,38.6854223616355
2200509,Amarante,Fabricação de aguardente de cana-de-açúcar,T2,2022,2025,5.02451838879159,3.60948081264108,8.633999201432669
2200509,Amarante,Formação de condutores,T2,2013,2025,0.907633653929469,0.763243243243243,1.670876897172712
2200509,Amarante,Laboratórios clínicos,T2,2018,2025,2.74042879019908,13.7384105960265,16.47883938622558
2200509,Amarante,"Lojas de departamentos ou magazines, exceto lojas francas (Duty free)",T2,2018,2025,2.34323836873347,6.04304635761589,8.38628472634936
2200509,Amarante,Padaria e confeitaria com predominância de revenda,T2,2022,2025,2.93356861719896,2.74717832957111,5.6807469467700695
2200509,Amarante,Restaurantes e similares,T2,2013,2025,3.32161084937867,6.81621621621622,10.13782706559489
2200509,Amarante,Serviços advocatícios,T2,2018,2025,2.74403235020667,3.44922737306843,6.1932597232751
2200509,Amarante,Serviços de comunicação multimídia - SCM,T2,2022,2025,0.426764244641924,1.09255079006772,1.519315034709644
2200608,Angical do Piauí,Casas lotéricas,T1,2022,2025,1.13050464175196,0.377142857142857,1.507647498894817
2200608,Angical do Piauí,Comércio a varejo de peças e acessórios novos para motocicletas e motonetas,T1,2022,2025,7.93064356568006,7.37714285714286,15.30778642282292
2200608,Angical do Piauí,Comércio varejista de carnes - açougues,T1,2018,2025,3.85500451575201,3.5130890052356,7.36809352098761
2200608,Angical do Piauí,Comércio varejista de combustíveis para veículos automotores,T1,2013,2025,13.0926289217244,10.0126582278481,23.105287149572497
2200608,Angical do Piauí,Comércio varejista de materiais de construção em geral,T1,2013,2025,6.34540037440346,2.41772151898734,8.7631218933908
2200608,Angical do Piauí,Comércio varejista de medicamentos veterinários,T1,2018,2025,4.92042143017261,4.5130890052356,9.433510435408209
2200608,Angical do Piauí,"Comércio varejista de mercadorias em geral, com predominância de produtos alimentícios - minimercados, mercearias e armazéns",T1,2018,2025,23.3166380645868,16.261780104712,39.5784181692988
2200608,Angical do Piauí,Comércio varejista de móveis,T1,2013,2025,4.9475734142601,0.810126582278481,5.757699996538581
2200608,Angical do Piauí,Criação de bovinos para corte,T1,2022,2025,3.014488494722,0.508571428571428,3.523059923293428
2200608,Angical do Piauí,Criação de frangos para corte,T1,2018,2025,2.95098754266709,1.53926701570681,4.4902545583739
2200806,Antônio Almeida,"Captação, tratamento e distribuição de água",T2,2022,2025,3.95210548259329,3.93454545454545,7.88665093713874
2200806,Antônio Almeida,Comércio varejista de materiais de construção em geral,T1,2018,2025,0.745584132686208,0.445623342175066,1.191207474861274
2200806,Antônio Almeida,"Comércio varejista de mercadorias em geral, com predominância de produtos alimentícios - minimercados, mercearias e armazéns",T1,2013,2025,0.836926607344882,0.151419558359621,0.988346165704503
2200806,Antônio Almeida,"Comércio varejista de mercadorias em geral, com predominância de produtos alimentícios - supermercados",T2,2022,2025,2.68520858610522,2.73818181818182,5.423390404287041
2200806,Antônio Almeida,Cultivo de soja,T1,2013,2025,37.3855623154374,37.3028391167192,74.6884014321566
2200806,Antônio Almeida,Extração de calcário e dolomita e beneficiamento associado,T1,2013,2025,57.9805528375734,37.602523659306,95.5830764968794
2200806,Antônio Almeida,"Transporte rodoviário de carga, exceto produtos perigosos e mudanças, intermunicipal, interestadual e internacional",T1,2018,2025,25.9446617212275,25.8912466843501,51.8359084055776
2200707,Anísio de Abreu,Comércio varejista de combustíveis para veículos automotores,T1,2013,2025,14.0926289217244,7.41433021806854,21.50695913979294
2200707,Anísio de Abreu,Comércio varejista de materiais de construção em geral,T1,2013,2025,8.58177174948868,0.897196261682243,9.478968011170924
2200707,Anísio de Abreu,"Comércio varejista de produtos farmacêuticos, sem manipulação de fórmulas",T1,2013,2025,6.57389001677112,3.44859813084112,10.02248814761224
2200707,Anísio de Abreu,Construção de edifícios,T1,2022,2025,7.10488034100475,4.45714285714286,11.56202319814761
2200707,Anísio de Abreu,Educação infantil - creche,T1,2022,2025,4.85012306827206,2.01428571428571,6.86440878255777
2200707,Anísio de Abreu,Provedores de acesso às redes de comunicações,T1,2022,2025,3.03548305726057,2.11428571428571,5.14976877154628
2200707,Anísio de Abreu,Serviços de pintura de edifícios em geral,T1,2022,2025,10.8026961631524,10.5571428571429,21.359839020295297
2200905,Aroazes,Administração pública em geral,T1,2018,2025,118.353649170804,63.954128440367,182.307777611171
2200905,Aroazes,Comércio varejista de combustíveis para veículos automotores,T2,2013,2025,0.818525784344876,1.02591792656587,1.8444437109107459
2200905,Aroazes,Comércio varejista de gás liqüefeito de petróleo (GLP),T1,2018,2025,1.08585166161392,0.241590214067278,1.327441875681198
2200905,Aroazes,"Comércio varejista de mercadorias em geral, com predominância de produtos alimentícios - hipermercados",T1,2018,2025,1.05252280816413,1.24159021406728,2.29411302223141
2200905,Aroazes,"Comércio varejista de mercadorias em geral, com predominância de produtos alimentícios - minimercados, mercearias e armazéns",T2,2013,2025,2.51077982203465,3.07775377969762,5.58853360173227
2200905,Aroazes,"Comércio varejista de mercadorias em geral, com predominância de produtos alimentícios - supermercados",T2,2013,2025,0.108054678733178,1.07775377969762,1.185808458430798
2200905,Aroazes,"Comércio varejista de produtos farmacêuticos, sem manipulação de fórmulas",T2,2013,2025,0.623150027951864,3.12958963282937,3.752739660781234
2200905,Aroazes,"Lojas de departamentos ou magazines, exceto lojas francas (Duty free)",T1,2022,2025,2.42405637979724,0.308605341246291,2.732661721043531
2200954,Aroeiras do Itaim,Atividades do Correio Nacional,T1,2018,2025,1.19504722284686,0.401069518716578,1.596116741563438
2201002,Arraial,Cartórios,T1,2022,2025,0.885047875246076,0.63716814159292,1.522216016838996
2201002,Arraial,"Comércio varejista de mercadorias em geral, com predominância de produtos alimentícios - minimercados, mercearias e armazéns",T1,2018,2025,1.86583190322934,1.355871886121,3.22170378935034
2201002,Arraial,"Comércio varejista de produtos farmacêuticos, sem manipulação de fórmulas",T1,2013,2025,2.52463000559037,2.01716738197425,4.54179738756462
2201051,Assunção do Piauí,Atividades do Correio Nacional,T2,2022,2025,0.108751582048675,0.326530612244898,0.43528219429357295
2201051,Assunção do Piauí,"Comércio varejista de mercadorias em geral, com predominância de produtos alimentícios - minimercados, mercearias e armazéns",T2,2022,2025,3.96556768714765,4.3265306122449,8.29209829939255
2201051,Assunção do Piauí,Comércio varejista de móveis,T2,2018,2025,2.01309134030139,1.99723756906077,4.01032890936216
2201051,Assunção do Piauí,"Comércio varejista de produtos farmacêuticos, sem manipulação de fórmulas",T2,2018,2025,4.74913250962284,4.99723756906077,9.746370078683611
2201101,Avelino Lopes,Atividade odontológica com recursos para realização de procedimentos cirúrgicos,T2,2022,2025,1.94566012880562,2.04681647940075,3.9924766082063696
2201101,Avelino Lopes,Atividades de organizações religiosas,T2,2013,2025,0.498872760634099,0.151119402985075,0.649992163619174
2201101,Avelino Lopes,Atividades do Correio Nacional,T2,2018,2025,0.585141668540589,0.0233918128654971,0.6085334814060861
2201101,Avelino Lopes,Cartórios,T2,2022,2025,0.770095750492151,1.0936329588015,1.863728709293651
2201101,Avelino Lopes,Comércio a varejo de peças e acessórios novos para veículos automotores,T2,2022,2025,0.951678946543345,1.04681647940075,1.9984954259440948
2201101,Avelino Lopes,Comércio varejista de combustíveis para veículos automotores,T2,2013,2025,2.63705156868975,3.10074626865672,5.73779783734647
2201101,Avelino Lopes,Comércio varejista de materiais de construção em geral,T2,2018,2025,4.23675239805862,5.0233918128655,9.260144210924121
2201101,Avelino Lopes,"Comércio varejista de mercadorias em geral, com predominância de produtos alimentícios - minimercados, mercearias e armazéns",T2,2013,2025,2.36926607344882,4.50373134328358,6.8729974167324
2201101,Avelino Lopes,Comércio varejista de móveis,T2,2013,2025,0.947573414260096,0.201492537313433,1.149065951573529
2201101,Avelino Lopes,Comércio varejista especializado de eletrodomésticos e equipamentos de áudio e vídeo,T2,2013,2025,5.55269987442445,4.20149253731343,9.754192411737879
2201101,Avelino Lopes,Construção de edifícios,T2,2013,2025,5.52700390241866,5.20149253731343,10.72849643973209
2201150,Baixa Grande do Ribeiro,Administração pública em geral,T1,2022,2025,491.116886841799,417.034220532319,908.151107374118
2201150,Baixa Grande do Ribeiro,Aluguel de máquinas e equipamentos agrícolas sem operador,T1,2022,2025,1.76141403600313,1.53136882129278,3.29278285729591
2201150,Baixa Grande do Ribeiro,Atividade médica ambulatorial com recursos para realização de exames complementares,T1,2018,2025,3.45351847493528,2.09718670076726,5.550705175702539
2201150,Baixa Grande do Ribeiro,Atividades de apoio à agricultura não especificadas anteriormente,T1,2013,2025,54.7522065177139,51.6540178571429,106.4062243748568
2201150,Baixa Grande do Ribeiro,Atividades de associações de defesa de direitos sociais,T1,2022,2025,62.9752811110788,60.7195817490494,123.6948628601282
2201150,Baixa Grande do Ribeiro,Atividades de contabilidade,T1,2022,2025,14.782160532267,12.6568441064639,27.4390046387309
2201150,Baixa Grande do Ribeiro,Atividades de organizações políticas,T1,2013,2025,6.50279810589755,9.58482142857143,16.08761953446898
2201150,Baixa Grande do Ribeiro,Comércio a varejo de peças e acessórios novos para motocicletas e motonetas,T1,2018,2025,0.0167180652491488,1.1457800511509,1.1624981164000487
2201150,Baixa Grande do Ribeiro,Comércio a varejo de peças e acessórios novos para veículos automotores,T1,2013,2025,14.6572274662225,10.7232142857143,25.3804417519368
2201150,Baixa Grande do Ribeiro,"Comércio atacadista de máquinas, aparelhos e equipamentos para uso agropecuário, partes e peças",T1,2013,2025,63.9599189810307,63.9308035714286,127.8907225524593
2201150,Baixa Grande do Ribeiro,Comércio atacadista de soja,T1,2013,2025,4.26884199326122,2.58482142857143,6.85366342183265
2201150,Baixa Grande do Ribeiro,Comércio varejista de artigos do vestuário e acessórios,T1,2013,2025,24.1475562374652,22.9308035714286,47.0783598088938
2201150,Baixa Grande do Ribeiro,Comércio varejista de bebidas,T1,2022,2025,6.8172271406481,6.06273764258555,12.87996478323365
2201150,Baixa Grande do Ribeiro,Comércio varejista de calçados,T1,2022,2025,1.09734582030947,0.0627376425855514,1.1600834628950214
2201150,Baixa Grande do Ribeiro,Comércio varejista de combustíveis para veículos automotores,T1,2013,2025,12.548206274759,5.44642857142857,17.99463484618757
2201150,Baixa Grande do Ribeiro,Comércio varejista de ferragens e ferramentas,T1,2022,2025,1.89499472270609,0.594106463878327,2.489101186584417
2201150,Baixa Grande do Ribeiro,Comércio varejista de gás liqüefeito de petróleo (GLP),T1,2022,2025,0.986317619388486,0.531368821292776,1.517686440681262
2201150,Baixa Grande do Ribeiro,Comércio varejista de materiais de construção em geral,T1,2013,2025,19.872657624233,12.3772321428571,32.249889767090096
2201150,Baixa Grande do Ribeiro,"Comércio varejista de mercadorias em geral, com predominância de produtos alimentícios - minimercados, mercearias e armazéns",T1,2013,2025,79.227752324863,63.8236607142857,143.0514130391487
2201150,Baixa Grande do Ribeiro,"Comércio varejista de mercadorias em geral, com predominância de produtos alimentícios - supermercados",T1,2022,2025,12.7639064395789,11.5941064638783,24.3580129034572
2201150,Baixa Grande do Ribeiro,Comércio varejista de objetos de arte,T1,2022,2025,1.96864608076009,1.53136882129278,3.50001490205287
2201150,Baixa Grande do Ribeiro,"Comércio varejista de produtos farmacêuticos, sem manipulação de fórmulas",T1,2013,2025,17.5738900167711,15.7924107142857,33.366300731056796
2201150,Baixa Grande do Ribeiro,Comércio varejista especializado de equipamentos e suprimentos de informática,T1,2022,2025,3.09043331901502,2.53136882129278,5.6218021403078
2201150,Baixa Grande do Ribeiro,Construção de edifícios,T1,2013,2025,56.9222568292327,48.515625,105.43788182923271
2201150,Baixa Grande do Ribeiro,Construção de rodovias e ferrovias,T1,2022,2025,77.7256968413035,76.5941064638783,154.3198033051818
2201150,Baixa Grande do Ribeiro,Criação de bovinos para corte,T1,2022,2025,4.021732742083,1.18821292775665,5.20994566983965
2201150,Baixa Grande do Ribeiro,Cultivo de algodão herbáceo,T1,2022,2025,13.7323876162178,12.6568441064639,26.3892317226817
2201150,Baixa Grande do Ribeiro,Cultivo de eucalipto,T1,2018,2025,10.5674715909091,10.0242966751918,20.5917682661009
2201150,Baixa Grande do Ribeiro,Cultivo de milho,T1,2018,2025,95.8086001402197,111.291560102302,207.1001602425217
2201150,Baixa Grande do Ribeiro,Fornecimento de alimentos preparados preponderantemente para empresas,T1,2022,2025,8.07154847468802,7.1254752851711,15.197023759859121
2201150,Baixa Grande do Ribeiro,Hotéis,T1,2022,2025,5.16901482549269,3.18821292775665,8.35722775324934
2201150,Baixa Grande do Ribeiro,Manutenção e reparação de máquinas e equipamentos para agricultura e pecuária,T1,2022,2025,5.5251677852349,4.59410646387833,10.11927424911323
2201150,Baixa Grande do Ribeiro,Obras de terraplenagem,T1,2018,2025,9.4193843608652,9.02429667519182,18.443681036057022
2201150,Baixa Grande do Ribeiro,Padaria e confeitaria com predominância de revenda,T1,2022,2025,0.93356861719896,0.0627376425855514,0.9963062597845114
2201150,Baixa Grande do Ribeiro,Recuperação de materiais plásticos,T1,2022,2025,1.60818940423055,0.594106463878327,2.202295868108877
2201150,Baixa Grande do Ribeiro,"Serviço de preparação de terreno, cultivo e colheita",T1,2018,2025,165.244825509525,164.315856777494,329.56068228701895
2201150,Baixa Grande do Ribeiro,Serviços de comunicação multimídia - SCM,T1,2022,2025,20.135703084161,16.3764258555133,36.5121289396743
2201150,Baixa Grande do Ribeiro,Serviços de engenharia,T1,2022,2025,15.6298572905321,13.7195817490494,29.349439039581497
2201150,Baixa Grande do Ribeiro,"Serviços de usinagem, tornearia e solda",T1,2022,2025,4.82240532959327,4.06273764258555,8.88514297217882
2201176,Barra d'Alcântara,Administração pública em geral,T1,2018,2025,53.9318330932779,8.2648401826484,62.1966732759263
2201176,Barra d'Alcântara,Atividades do Correio Nacional,T1,2018,2025,1.19504722284686,0.621004566210046,1.816051789056906
2201176,Barra d'Alcântara,Comércio varejista de combustíveis para veículos automotores,T1,2022,2025,1.90493829161803,1.792,3.69693829161803
2201176,Barra d'Alcântara,Comércio varejista de materiais de construção em geral,T1,2013,2025,0.76362862491478,0.68695652173913,1.4505851466539101
2201176,Barra d'Alcântara,"Comércio varejista de produtos farmacêuticos, sem manipulação de fórmulas",T1,2013,2025,0.573890016771118,1.06086956521739,1.634759581988508
2201200,Barras,"Aparelhamento de placas e execução de trabalhos em mármore, granito, ardósia e outras pedras",T2,2022,2025,0.997390007457122,1.02927237245609,2.026662379913212
2201200,Barras,Atividade médica ambulatorial com recursos para realização de exames complementares,T2,2022,2025,2.70674429618074,3.08781711736827,5.79456141354901
2201200,Barras,Atividade odontológica com recursos para realização de procedimentos cirúrgicos,T1,2013,2025,13.9379025716876,14.5581780538302,28.4960806255178
2201200,Barras,Atividades de apoio à agricultura não especificadas anteriormente,T2,2022,2025,0.946248499736402,1.02927237245609,1.975520872192492
2201200,Barras,Atividades de apoio à pecuária não especificadas anteriormente,T1,2013,2025,2.10366166095148,1.55817805383023,3.66183971478171
2201200,Barras,Atividades de cobrança e informações cadastrais,T2,2022,2025,4.93097829960998,5.05854474491218,9.98952304452216
2201200,Barras,Atividades de condicionamento físico,T2,2022,2025,0.660549888031848,4.20490660719264,4.865456495224488
2201200,Barras,Atividades de contabilidade,T2,2022,2025,1.91286421290682,2.05854474491218,3.971408957819
2201200,Barras,Atividades de fisioterapia,T1,2018,2025,0.36717165177608,0.637715179968701,1.004886831744781
2201200,Barras,Atividades do Correio Nacional,T2,2022,2025,0.652509492292051,0.175634234736549,0.8281437270286001
2201200,Barras,"Bancos múltiplos, com carteira comercial",T2,2022,2025,5.07747671337526,3.64399219403401,8.721468907409271
2201200,Barras,Beneficiamento de arroz,T2,2022,2025,2.57413320142105,3.29272372456091,5.86685692598196
2201200,Barras,Caixas econômicas,T1,2018,2025,2.72431791221827,0.101721439749609,2.826039351967879
2201200,Barras,Cartórios,T2,2022,2025,0.620574502952908,2.3512684694731,2.971842972426008
2201200,Barras,Casas lotéricas,T2,2022,2025,2.91353249226375,2.20490660719264,5.11843909945639
2201200,Barras,Comércio a varejo de peças e acessórios novos para motocicletas e motonetas,T2,2022,2025,2.37579209112056,3.26345135210482,5.63924344322538
2201200,Barras,Comércio a varejo de peças e acessórios novos para veículos automotores,T1,2013,2025,3.4858411993337,1.34906832298137,4.83490952231507
2201200,Barras,"Comércio atacadista de resíduos e sucatas não-metálicos, exceto de papel e papelão",T2,2022,2025,0.602739726027397,0.380540841929189,0.983280567956586
2201200,Barras,Comércio varejista de animais vivos e de artigos e alimentos para animais de estimação,T1,2013,2025,7.73846006052164,9.11635610766046,16.8548161681821
2201200,Barras,Comércio varejista de artigos de óptica,T1,2013,2025,5.26918489665897,5.23271221532091,10.50189711197988
2201200,Barras,Comércio varejista de artigos do vestuário e acessórios,T2,2022,2025,11.7312924739419,13.0245330359632,24.7558255099051
2201200,Barras,Comércio varejista de combustíveis para veículos automotores,T1,2018,2025,35.2032425058094,31.1165884194053,66.3198309252147
2201200,Barras,"Comércio varejista de cosméticos, produtos de perfumaria e de higiene pessoal",T1,2013,2025,2.61016949152542,2.55817805383023,5.168347545355649
2201200,Barras,Comércio varejista de gás liqüefeito de petróleo (GLP),T2,2022,2025,0.835811432661826,1.3512684694731,2.187079902134926
2201200,Barras,Comércio varejista de hortifrutigranjeiros,T1,2013,2025,1.84505170927894,2.11635610766046,3.9614078169394
2201200,Barras,Comércio varejista de madeira e artefatos,T1,2013,2025,6.01164367309583,5.55817805383023,11.56982172692606
2201200,Barras,Comércio varejista de materiais de construção em geral,T1,2013,2025,46.5089438733808,42.6053830227743,89.11432689615509
2201200,Barras,Comércio varejista de materiais de construção não especificados anteriormente,T2,2022,2025,0.232310062818537,0.0585447449121829,0.2908548077307199
2201200,Barras,Comércio varejista de medicamentos veterinários,T2,2022,2025,0.0280524722502523,0.0292723724560914,0.0573248447063437
2201200,Barras,"Comércio varejista de mercadorias em geral, com predominância de produtos alimentícios - supermercados",T1,2013,2025,36.1610935746636,27.4906832298137,63.65177680447731
2201200,Barras,Comércio varejista de mercadorias em lojas de conveniência,T1,2018,2025,3.88274561021622,11.2754303599374,15.158175970153621
2201200,Barras,"Comércio varejista de produtos farmacêuticos, sem manipulação de fórmulas",T1,2013,2025,29.5418601229882,30.279917184265,59.8217773072532
2201200,Barras,Comércio varejista especializado de eletrodomésticos e equipamentos de áudio e vídeo,T2,2022,2025,5.4488046380538,4.43908558684137,9.88789022489517
2201200,Barras,Construção de edifícios,T1,2013,2025,37.9222568292327,33.9072463768116,71.82950320604431
2201200,Barras,Criação de bovinos para corte,T2,2022,2025,3.007244247361,3.05854474491218,6.0657889922731805
2201200,Barras,Criação de frangos para corte,T2,2022,2025,0.0257564740757313,0.0292723724560914,0.0550288465318227
2201200,Barras,Cultivos e semicultivos da aqüicultura em água doce não especificados anteriormente,T2,2022,2025,0.113821138211382,0.0292723724560914,0.1430935106674734
2201200,Barras,Educação infantil - pré-escola,T2,2022,2025,6.8336165224378,12.2294396431558,19.0630561655936
2201200,Barras,Educação profissional de nível técnico,T2,2022,2025,8.26371513535685,9.32199609701701,17.58571123237386
2201200,Barras,Fabricação de alimentos para animais,T2,2022,2025,5.66376197314669,6.05854474491218,11.72230671805887
2201200,Barras,"Fabricação de artefatos de cerâmica e barro cozido para uso na construção, exceto azulejos e pisos",T2,2022,2025,0.0884464957178968,0.0292723724560914,0.11771886817398819
2201200,Barras,Fabricação de esquadrias de metal,T2,2022,2025,4.00447997794472,5.46835795929746,9.47283793724218
2201200,Barras,Fabricação de produtos cerâmicos refratários,T1,2013,2025,38.7720634920635,29.8144927536232,68.5865562456867
2201200,Barras,Formação de condutores,T1,2018,2025,3.61243526501007,2.5508607198748,6.16329598488487
2201200,Barras,Laboratórios clínicos,T2,2022,2025,1.83182769213544,2.08781711736827,3.91964480950371
2201200,Barras,Laboratórios de anatomia patológica e citológica,T1,2013,2025,5.03487734148444,4.55817805383023,9.59305539531467
2201200,Barras,"Lanchonetes, casas de chá, de sucos e similares",T2,2022,2025,0.804132065319564,1.08781711736827,1.891949182687834
2201200,Barras,Locação de automóveis sem condutor,T2,2022,2025,1.57777777777778,2.05854474491218,3.6363225226899596
2201200,Barras,"Lojas de variedades, exceto lojas de departamentos ou magazines",T1,2013,2025,1.53637026492136,1.55817805383023,3.09454831875159
2201200,Barras,Obras de alvenaria,T2,2022,2025,27.778500326199,28.0292723724561,55.8077726986551
2201200,Barras,Reparação e manutenção de equipamentos eletroeletrônicos de uso pessoal e doméstico,T2,2022,2025,0.065295261488077,0.0292723724560914,0.0945676339441684
2201200,Barras,Seleção e agenciamento de mão-de-obra,T2,2022,2025,1.70642478843815,7.58544744912183,9.29187223755998
2201200,Barras,Serviços de alimentação para eventos e recepções - bufê,T2,2022,2025,0.23801591176724,1.02927237245609,1.26728828422333
2201200,Barras,Serviços de comunicação multimídia - SCM,T2,2022,2025,64.9410350235233,72.1416225257876,137.0826575493109
2201200,Barras,Serviços de engenharia,T2,2022,2025,7.21706130887546,8.11708948982437,15.334150798699829
2201200,Barras,Serviços de funerárias,T2,2022,2025,0.219386660947888,1.29272372456091,1.512110385508798
2201200,Barras,Serviços de manutenção e reparação mecânica de veículos automotores,T2,2022,2025,1.85765055569915,2.02927237245609,3.88692292815524
2201200,Barras,"Transporte rodoviário coletivo de passageiros, com itinerário fixo, intermunicipal em região metropolitana",T1,2013,2025,6.29286288426832,5.55817805383023,11.85104093809855
2201309,Barreiras do Piauí,Comércio varejista de combustíveis para veículos automotores,T2,2018,2025,3.70560447429573,3.46188340807175,7.16748788236748
2201309,Barreiras do Piauí,"Comércio varejista de mercadorias em geral, com predominância de produtos alimentícios - hipermercados",T2,2018,2025,0.526261404082065,0.730941704035874,1.2572031081179391
2201309,Barreiras do Piauí,Cultivo de milho,T2,2022,2025,2.65153903058763,2.88142292490119,5.53296195548882
2201309,Barreiras do Piauí,Cultivo de outros cereais não especificados anteriormente,T2,2022,2025,5.24598575816811,2.69565217391304,7.94163793208115
2201309,Barreiras do Piauí,Cultivo de soja,T1,2013,2025,4.90402746646743,21.8423645320197,26.74639199848713
2201408,Barro Duro,Atividades do Correio Nacional,T2,2022,2025,0.326254746146026,0.187808896210873,0.5140636423568989
2201408,Barro Duro,Cartórios,T1,2018,2025,2.60273831051408,2.68287037037037,5.285608680884449
2201408,Barro Duro,Casas lotéricas,T1,2018,2025,1.08690761379023,0.68287037037037,1.7697779841606
2201408,Barro Duro,Comércio varejista de bebidas,T2,2022,2025,2.90861357032405,3.06260296540362,5.97121653572767
2201408,Barro Duro,"Comércio varejista de mercadorias em geral, com predominância de produtos alimentícios - minimercados, mercearias e armazéns",T2,2013,2025,19.2061926807937,18.5974304068522,37.8036230876459
2201408,Barro Duro,"Comércio varejista de produtos farmacêuticos, sem manipulação de fórmulas",T1,2018,2025,6.74913250962284,6.68287037037037,13.43200287999321
2201408,Barro Duro,Educação infantil - creche,T2,2022,2025,1.21130255064543,3.87644151565074,5.08774406629617
2201408,Barro Duro,"Lojas de departamentos ou magazines, exceto lojas francas (Duty free)",T1,2018,2025,4.34323836873347,1.14583333333333,5.4890717020668
2201408,Barro Duro,Obras de acabamento em gesso e estuque,T1,2018,2025,103.394502617801,106.780092592593,210.174595210394
2201507,Batalha,Administração pública em geral,T1,2022,2025,87.6075172137935,66.039263803681,153.6467810174745
2201507,Batalha,Atividade médica ambulatorial com recursos para realização de exames complementares,T1,2022,2025,2.70674429618074,2.30429447852761,5.01103877470835
2201507,Batalha,Atividade odontológica com recursos para realização de procedimentos cirúrgicos,T1,2022,2025,1.67396077283372,0.608588957055215,2.282549729888935
2201507,Batalha,Atividades de contabilidade,T1,2013,2025,3.43495406081454,2.92731446059679,6.36226852141133
2201507,Batalha,Atividades de organizações religiosas,T1,2013,2025,4.66516368084547,1.85462892119357,6.519792602039041
2201507,Batalha,Cartórios,T1,2022,2025,0.540191500984303,0.0723926380368098,0.6125841390211129
2201507,Batalha,Casas lotéricas,T1,2013,2025,0.926503722570533,0.463657230298393,1.390160952868926
2201507,Batalha,Comércio a varejo de peças e acessórios novos para motocicletas e motonetas,T1,2022,2025,1.86128713136012,1.5361963190184,3.39748345037852
2201507,Batalha,Comércio a varejo de peças e acessórios novos para veículos automotores,T1,2022,2025,6.95167894654335,6.7680981595092,13.71977710605255
2201507,Batalha,Comércio a varejo de pneumáticos e câmaras-de-ar,T1,2018,2025,3.85835956304388,0.426131511528609,4.284491074572489
2201507,Batalha,Comércio atacadista de massas alimentícias,T1,2022,2025,6.98235765838011,6.7680981595092,13.75045581788931
2201507,Batalha,Comércio varejista de calçados,T1,2013,2025,1.24015447332996,0.463657230298393,1.703811703628353
2201507,Batalha,Comércio varejista de combustíveis para veículos automotores,T1,2013,2025,19.4555773530346,18.3909716908952,37.8465490439298
2201507,Batalha,Comércio varejista de hortifrutigranjeiros,T1,2022,2025,1.86038450543168,1.30429447852761,3.1646789839592904
2201507,Batalha,Comércio varejista de lubrificantes,T1,2022,2025,2.549352307973,2.5361963190184,5.0855486269914
2201507,Batalha,Comércio varejista de materiais de construção em geral,T1,2013,2025,10.1090289993182,7.70925784238715,17.81828684170535
2201507,Batalha,"Comércio varejista de mercadorias em geral, com predominância de produtos alimentícios - minimercados, mercearias e armazéns",T1,2018,2025,44.3166380645868,32.7045260461144,77.02116411070119
2201507,Batalha,"Comércio varejista de mercadorias em geral, com predominância de produtos alimentícios - supermercados",T1,2022,2025,59.0325536631576,55.2024539877301,114.2350076508877
2201507,Batalha,Comércio varejista especializado de equipamentos de telefonia e comunicação,T1,2013,2025,2.01514655809614,1.46365723029839,3.47880378839453
2201507,Batalha,Construção de edifícios,T1,2013,2025,67.6587548780233,64.318286151492,131.9770410295153
2201507,Batalha,Construção de rodovias e ferrovias,T1,2022,2025,13.9085656137678,13.7680981595092,27.676663773277
2201507,Batalha,Educação infantil - pré-escola,T1,2013,2025,40.8320067824921,40.9273144605968,81.75932124308889
2201507,Batalha,Educação superior - pós-graduação e extensão,T1,2022,2025,10.0018771998436,9.7680981595092,19.7699753593528
2201507,Batalha,"Lojas de departamentos ou magazines, exceto lojas francas (Duty free)",T1,2022,2025,2.50886765575669,0.608588957055215,3.117456612811905
2201507,Batalha,Padaria e confeitaria com predominância de revenda,T1,2018,2025,3.11196734476489,2.28522630230572,5.39719364707061
2201507,Batalha,Serviços advocatícios,T1,2022,2025,0.959830788355567,0.768098159509202,1.727928947864769
2201507,Batalha,Serviços de comunicação multimídia - SCM,T1,2022,2025,4.98034500784109,3.98527607361963,8.965621081460721
2201556,Bela Vista do Piauí,Atividades do Correio Nacional,T2,2018,2025,1.19504722284686,0.854077253218884,2.049124476065744
2201556,Bela Vista do Piauí,Casas lotéricas,T2,2018,2025,1.08690761379023,0.854077253218884,1.940984867009114
2201556,Bela Vista do Piauí,"Comércio atacadista de produtos alimentícios em geral, com atividade de fracionamento e acondicionamento associada",T2,2022,2025,2.03461635643898,1.59148936170213,3.62610571814111
2201556,Bela Vista do Piauí,Comércio varejista de combustíveis para veículos automotores,T1,2013,2025,0.818525784344876,0.684729064039409,1.5032548483842851
2201556,Bela Vista do Piauí,"Comércio varejista de mercadorias em geral, com predominância de produtos alimentícios - minimercados, mercearias e armazéns",T1,2013,2025,1.51077982203465,1.05418719211823,2.56496701415288
2201556,Bela Vista do Piauí,Comércio varejista de móveis,T1,2013,2025,1.23689335356502,0.684729064039409,1.921622417604429
2201556,Bela Vista do Piauí,"Comércio varejista de produtos farmacêuticos, sem manipulação de fórmulas",T2,2018,2025,1.49826501924569,1.70815450643777,3.20641952568346
2201572,Belém do Piauí,Administração pública em geral,T1,2013,2025,241.991719576498,47.685393258427,289.677112834925
2201572,Belém do Piauí,Comércio varejista de combustíveis para veículos automotores,T1,2022,2025,0.904938291618035,0.533132530120482,1.438070821738517
2201572,Belém do Piauí,"Comércio varejista de produtos farmacêuticos, sem manipulação de fórmulas",T1,2018,2025,1.74913250962284,0.184971098265896,1.9341036078887361
2201572,Belém do Piauí,Construção de estações e redes de telecomunicações,T1,2022,2025,33.2228078581696,21.328313253012,54.5511211111816
2201572,Belém do Piauí,Serviços de comunicação multimídia - SCM,T1,2022,2025,15.3589127025614,10.0632530120482,25.422165714609598
2201606,Beneditinos,Comércio varejista de combustíveis para veículos automotores,T1,2013,2025,5.81852578434488,5.19294605809129,11.011471842436169
2201606,Beneditinos,Comércio varejista de materiais de construção em geral,T1,2013,2025,7.52725724982956,6.38589211618257,13.913149366012131
2201606,Beneditinos,Comércio varejista de medicamentos veterinários,T1,2022,2025,3.02805247225025,2.4249547920434,5.45300726429365
2201606,Beneditinos,"Comércio varejista de mercadorias em geral, com predominância de produtos alimentícios - minimercados, mercearias e armazéns",T1,2013,2025,9.67385321468976,8.38589211618257,18.05974533087233
2201606,Beneditinos,"Comércio varejista de mercadorias em geral, com predominância de produtos alimentícios - supermercados",T1,2018,2025,4.19960045742024,1.42608695652174,5.6256874139419795
2201606,Beneditinos,"Comércio varejista de produtos farmacêuticos, sem manipulação de fórmulas",T1,2018,2025,6.24392756735991,1.74565217391304,7.989579741272951
2201606,Beneditinos,Fabricação de produtos de padaria e confeitaria com predominância de produção própria,T1,2018,2025,2.02692116388958,3.3195652173913,5.346486381280879
2201606,Beneditinos,"Lojas de departamentos ou magazines, exceto lojas francas (Duty free)",T1,2022,2025,4.50886765575669,0.549728752260397,5.058596408017087
2201606,Beneditinos,Representantes comerciais e agentes do comércio de mercadorias em geral não especializado,T1,2022,2025,2.68481068174066,1.2748643761302,3.95967505787086
2201705,Bertolínia,Cartórios,T2,2018,2025,1.60273831051408,1.70212765957447,3.3048659700885503
2201705,Bertolínia,Comércio varejista de combustíveis para veículos automotores,T2,2018,2025,1.41120894859145,0.808510638297872,2.219719586889322
2201705,Bertolínia,"Comércio varejista de mercadorias em geral, com predominância de produtos alimentícios - minimercados, mercearias e armazéns",T2,2022,2025,6.89670306144295,6.73214285714286,13.62884591858581
2201705,Bertolínia,"Comércio varejista de mercadorias em geral, com predominância de produtos alimentícios - supermercados",T2,2018,2025,0.599800228710122,0.404255319148936,1.0040555478590578
2201705,Bertolínia,Comércio varejista de móveis,T2,2013,2025,3.18446676782512,1.88826815642458,5.0727349242496995
2201705,Bertolínia,"Comércio varejista de produtos farmacêuticos, sem manipulação de fórmulas",T2,2013,2025,5.04926001118075,5.95530726256983,11.004567273750581
2201705,Bertolínia,Construção de edifícios,T2,2022,2025,4.21677029837916,4.375,8.59177029837916
2201705,Bertolínia,Criação de bovinos para corte,T2,2022,2025,19.0181106184025,18.5535714285714,37.5716820469739
2201705,Bertolínia,"Serviços de diagnóstico por imagem sem uso de radiação ionizante, exceto ressonância magnética",T2,2022,2025,0.793179760587466,0.821428571428571,1.614608332016037
2201739,Betânia do Piauí,Atividade médica ambulatorial restrita a consultas,T1,2022,2025,0.846456357451383,0.45821325648415,1.3046696139355332
2201739,Betânia do Piauí,Atividades de contabilidade,T1,2018,2025,0.833299744603513,0.257328990228013,1.090628734831526
2201739,Betânia do Piauí,Comércio varejista de combustíveis para veículos automotores,T1,2018,2025,3.55840671144359,1.77198697068404,5.33039368212763
2201739,Betânia do Piauí,"Portais, provedores de conteúdo e outros serviços de informação na internet",T1,2022,2025,3.02319707118991,2.45821325648415,5.481410327674061
2201739,Betânia do Piauí,Serviços de comunicação multimídia - SCM,T1,2022,2025,3.68928384736017,2.9164265129683,6.6057103603284695
2201770,Boa Hora,Administração pública em geral,T2,2018,2025,43.7034606188858,7.77127659574467,51.474737214630466
2201770,Boa Hora,Casas lotéricas,T2,2013,2025,0.926503722570533,1.068,1.994503722570533
2201770,Boa Hora,Comércio varejista de artigos do vestuário e acessórios,T2,2018,2025,1.11917253032263,0.521276595744681,1.640449126067311
2201770,Boa Hora,Comércio varejista de combustíveis para veículos automotores,T2,2013,2025,1.63705156868975,2.136,3.77305156868975
2201770,Boa Hora,"Comércio varejista de mercadorias em geral, com predominância de produtos alimentícios - minimercados, mercearias e armazéns",T2,2013,2025,3.51077982203465,4.204,7.71477982203465
2201770,Boa Hora,Comércio varejista de móveis,T1,2022,2025,1.0695653958854,0.474254742547426,1.5438201384328258
2201770,Boa Hora,"Comércio varejista de produtos farmacêuticos, sem manipulação de fórmulas",T2,2018,2025,0.749132509622844,0.76063829787234,1.509770807495184
2201804,Bocaina,Atividades de organizações religiosas,T2,2018,2025,1.15892148632845,0.943396226415094,2.102317712743544
2201804,Bocaina,Atividades do Correio Nacional,T2,2018,2025,1.39009444569373,0.886792452830189,2.276886898523919
2201804,Bocaina,Cartórios,T1,2022,2025,1.88504787524608,1.75949367088608,3.64454154613216
2201804,Bocaina,Comércio varejista de combustíveis para veículos automotores,T2,2018,2025,3.85280223714786,3.94339622641509,7.79619846356295
2201804,Bocaina,"Comércio varejista de mercadorias em geral, com predominância de produtos alimentícios - minimercados, mercearias e armazéns",T2,2018,2025,0.73166380645868,0.886792452830189,1.6184562592888692
2201804,Bocaina,"Comércio varejista de produtos farmacêuticos, sem manipulação de fórmulas",T1,2013,2025,0.0492600111807456,0.36026936026936,0.4095293714501056
2201804,Bocaina,Restaurantes e similares,T2,2018,2025,1.84860624915731,1.94339622641509,3.7920024755724
2201903,Bom Jesus,Agências de viagens,T1,2018,2025,1.96503235229183,1.2851711026616,3.25020345495343
2201903,Bom Jesus,Atividade odontológica com recursos para realização de procedimentos cirúrgicos,T1,2013,2025,11.6895128584379,11.8352981969487,23.5248110553866
2201903,Bom Jesus,Atividades de associações de defesa de direitos sociais,T1,2018,2025,2.69723026294067,2.2851711026616,4.98240136560227
2201903,Bom Jesus,Atividades de condicionamento físico,T1,2018,2025,23.7936844744939,23.5703422053232,47.3640266798171
2201903,Bom Jesus,Atividades de contabilidade,T1,2013,2025,31.8291730946617,4.81414701803051,36.64332011269221
2201903,Bom Jesus,Atividades de estética e outros serviços de cuidados com a beleza,T1,2022,2025,1.11087605527986,0.374972017013656,1.485848072293516
2201903,Bom Jesus,Atividades de organizações sindicais,T1,2022,2025,0.836380102639788,0.687486008506828,1.5238661111466159
2201903,Bom Jesus,Atividades de vigilância e segurança privada,T1,2022,2025,4.63665289799016,4.06245802552048,8.699110923510641
2201903,Bom Jesus,Atividades veterinárias,T1,2022,2025,1.33223582033919,1.06245802552048,2.39469384585967
2201903,Bom Jesus,Cabeleireiros,T1,2022,2025,5.9756,5.68748600850683,11.66308600850683
2201903,Bom Jesus,Caixas econômicas,T1,2018,2025,11.7243179122183,6.28136882129278,18.00568673351108
2201903,Bom Jesus,Cartórios,T1,2013,2025,11.2359350330619,9.86823855755895,21.10417359062085
2201903,Bom Jesus,Casas lotéricas,T1,2013,2025,10.5590223354232,4.80235783633842,15.361380171761619
2201903,Bom Jesus,"Clubes sociais, esportivos e similares",T1,2018,2025,2.66006394472823,1.57034220532319,4.23040615005142
2201903,Bom Jesus,"Comercio varejista de artigos de cama, mesa e banho",T1,2022,2025,1.87353315668123,1.06245802552048,2.93599118220171
2201903,Bom Jesus,"Comércio a varejo de automóveis, camionetas e utilitários novos",T1,2013,2025,5.14733284363406,3.96705963938974,9.1143924830238
2201903,Bom Jesus,Comércio a varejo de motocicletas e motonetas novas,T1,2022,2025,12.6698267854216,14.0622341616297,26.732060947051302
2201903,Bom Jesus,Comércio a varejo de peças e acessórios novos para motocicletas e motonetas,T1,2018,2025,1.85283774279067,4.99619771863118,6.84903546142185
2201903,Bom Jesus,Comércio a varejo de peças e acessórios novos para veículos automotores,T1,2018,2025,52.6672104066299,19.1102661596958,71.7774765663257
2201903,Bom Jesus,Comércio a varejo de pneumáticos e câmaras-de-ar,T1,2022,2025,11.411962484516,3.49966420416387,14.91162668867987
2201903,Bom Jesus,Comércio atacadista de cereais e leguminosas beneficiados,T1,2018,2025,13.7165596330275,13.2851711026616,27.0017307356891
2201903,Bom Jesus,"Comércio atacadista de cerveja, chope e refrigerante",T1,2013,2025,190.81820319573,188.934119278779,379.752322474509
2201903,Bom Jesus,Comércio atacadista de combustíveis realizado por transportador retalhista (TRR),T1,2022,2025,5.88762176288905,5.68748600850683,11.57510777139588
2201903,Bom Jesus,"Comércio atacadista de instrumentos e materiais para uso médico, cirúrgico, hospitalar e de laboratórios",T1,2018,2025,9.57980028530671,9.2851711026616,18.86497138796831
2201903,Bom Jesus,Comércio atacadista de medicamentos e drogas de uso humano,T1,2018,2025,8.22185712931661,7.14068441064639,15.362541539963
2201903,Bom Jesus,"Comércio atacadista de mercadorias em geral, com predominância de insumos agropecuários",T1,2022,2025,4.29542420196626,3.12491605104097,7.420340253007231
2201903,Bom Jesus,"Comércio atacadista de mercadorias em geral, com predominância de produtos alimentícios",T1,2022,2025,24.5916866948305,27.0617864338482,51.6534731286787
2201903,Bom Jesus,"Comércio atacadista de mercadorias em geral, sem predominância de alimentos ou de insumos agropecuários",T1,2022,2025,20.0041593827235,19.6874860085068,39.691645391230296
2201903,Bom Jesus,"Comércio atacadista de máquinas, aparelhos e equipamentos para uso agropecuário, partes e peças",T1,2018,2025,47.1565833054787,41.9771863117871,89.1337696172658
2201903,Bom Jesus,Comércio atacadista de roupas e acessórios para uso profissional e de segurança do trabalho,T1,2018,2025,1.99627527492018,2.85551330798479,4.85178858290497
2201903,Bom Jesus,Comércio atacadista de soja,T1,2013,2025,26.1147366554354,23.6705963938974,49.785333049332806
2201903,Bom Jesus,Comércio por atacado de peças e acessórios novos para veículos automotores,T1,2013,2025,24.04569445737,22.9341192787795,46.9798137361495
2201903,Bom Jesus,Comércio por atacado de pneumáticos e câmaras-de-ar,T1,2013,2025,3.42996191282268,2.93411927877947,6.36408119160215
2201903,Bom Jesus,Comércio varejista de artigos de joalheria,T1,2022,2025,3.90756450008776,3.68748600850683,7.59505050859459
2201903,Bom Jesus,Comércio varejista de artigos de papelaria,T1,2018,2025,14.3771448284137,6.70722433460076,21.084369163014458
2201903,Bom Jesus,Comércio varejista de artigos de óptica,T1,2018,2025,5.84949796472185,4.14068441064639,9.99018237536824
2201903,Bom Jesus,Comércio varejista de artigos do vestuário e acessórios,T1,2018,2025,47.9067604851621,23.1254752851711,71.0322357703332
2201903,Bom Jesus,Comércio varejista de carnes - açougues,T1,2018,2025,2.71000903150401,1.57034220532319,4.2803512368272
2201903,Bom Jesus,Comércio varejista de combustíveis para veículos automotores,T1,2013,2025,55.6521860798643,16.4847434119279,72.1369294917922
2201903,Bom Jesus,"Comércio varejista de cosméticos, produtos de perfumaria e de higiene pessoal",T1,2022,2025,5.92053277335117,5.18737407656145,11.10790684991262
2201903,Bom Jesus,Comércio varejista de ferragens e ferramentas,T1,2018,2025,0.813418593212002,0.285171102661597,1.098589695873599
2201903,Bom Jesus,Comércio varejista de gás liqüefeito de petróleo (GLP),T1,2022,2025,12.8494938132733,9.56234609357511,22.41183990684841
2201903,Bom Jesus,Comércio varejista de hortifrutigranjeiros,T1,2018,2025,5.69695666360158,5.2851711026616,10.98212776626318
2201903,Bom Jesus,Comércio varejista de medicamentos veterinários,T1,2013,2025,8.15665593857846,3.80235783633842,11.95901377491688
2201903,Bom Jesus,"Comércio varejista de mercadorias em geral, com predominância de produtos alimentícios - minimercados, mercearias e armazéns",T1,2013,2025,34.0431192881386,23.6047156726768,57.6478349608154
2201903,Bom Jesus,"Comércio varejista de mercadorias em geral, com predominância de produtos alimentícios - supermercados",T1,2018,2025,157.595305374688,133.403041825095,290.998347199783
2201903,Bom Jesus,Comércio varejista de outros artigos de uso doméstico não especificados anteriormente,T1,2013,2025,7.00012844183993,4.90117891816921,11.90130736000914
2201903,Bom Jesus,Comércio varejista de produtos alimentícios em geral ou especializado em produtos alimentícios não especificados anteriormente,T1,2022,2025,2.30264958155363,1.74994403402731,4.05259361558094
2201903,Bom Jesus,"Comércio varejista de produtos farmacêuticos, com manipulação de fórmulas",T1,2022,2025,3.62027387954858,2.74994403402731,6.37021791357589
2201903,Bom Jesus,"Comércio varejista de produtos farmacêuticos, sem manipulação de fórmulas",T1,2013,2025,48.7389001677112,32.0117891816921,80.7506893494033
2201903,Bom Jesus,Comércio varejista de tecidos,T1,2022,2025,1.07504138311569,0.687486008506828,1.762527391622518
2201903,Bom Jesus,Comércio varejista especializado de equipamentos de telefonia e comunicação,T1,2018,2025,7.82217935852155,5.85551330798479,13.67769266650634
2201903,Bom Jesus,Comércio varejista especializado de equipamentos e suprimentos de informática,T1,2013,2025,2.91144194049268,1.96705963938974,4.87850157988242
2201903,Bom Jesus,"Comércio varejista especializado de peças e acessórios para aparelhos eletroeletrônicos para uso doméstico, exceto informática e comunicação",T1,2022,2025,1.9078677883858,1.68748600850683,3.59535379689263
2201903,Bom Jesus,Condomínios prediais,T1,2022,2025,9.01393954480027,6.8124020595478,15.82634160434807
2201903,Bom Jesus,Construção de edifícios,T1,2022,2025,49.4055021312797,39.3743004253414,88.77980255662109
2201903,Bom Jesus,"Corretores e agentes de seguros, de planos de previdência complementar e de saúde",T1,2013,2025,3.02868573819361,2.96705963938974,5.995745377583351
2201903,Bom Jesus,Criação de bovinos para corte,T1,2018,2025,47.1533849668468,42.9961977186312,90.14958268547801
2201903,Bom Jesus,Criação de bovinos para leite,T1,2022,2025,3.05132995722504,1.74994403402731,4.80127399125235
2201903,Bom Jesus,Cultivo de arroz,T1,2022,2025,17.2928952686946,14.1873740765615,31.4802693452561
2201903,Bom Jesus,Cultivo de milho,T1,2022,2025,12.7438808658454,14.9366465189165,27.680527384761902
2201903,Bom Jesus,Educação infantil - creche,T1,2018,2025,5.25464136309506,5.2851711026616,10.539812465756661
2201903,Bom Jesus,Educação infantil - pré-escola,T1,2022,2025,25.8016007867828,25.3749720170137,51.1765728037965
2201903,Bom Jesus,Educação superior - graduação e pós-graduação,T1,2013,2025,11.126464149929,8.93411927877947,20.06058342870847
2201903,Bom Jesus,Ensino de idiomas,T1,2013,2025,9.15570200479585,7.96705963938974,17.12276164418559
2201903,Bom Jesus,Ensino médio,T1,2018,2025,1.8938478760964,3.57034220532319,5.46419008141959
2201903,Bom Jesus,Fabricação de alimentos para animais,T1,2018,2025,4.99607393198401,4.57034220532319,9.5664161373072
2201903,Bom Jesus,"Fabricação de estruturas pré-moldadas de concreto armado, em série e sob encomenda",T1,2018,2025,22.1105853373955,20.5665399239544,42.6771252613499
2201903,Bom Jesus,Fabricação de massas alimentícias,T1,2013,2025,4.15204593507732,2.96705963938974,7.11910557446706
2201903,Bom Jesus,Fabricação de móveis com predominância de madeira,T1,2018,2025,6.10538842291043,3.42585551330798,9.53124393621841
2201903,Bom Jesus,Fabricação de produtos de padaria e confeitaria com predominância de produção própria,T1,2013,2025,19.975541133661,25.8682385575589,45.8437796912199
2201903,Bom Jesus,Formação de condutores,T1,2018,2025,11.4186528975151,7.71102661596958,19.12967951348468
2201903,Bom Jesus,Hotéis,T1,2013,2025,16.941426680099,1.34119278779473,18.282619467893728
2201903,Bom Jesus,Impressão de material para uso publicitário,T1,2018,2025,38.5193313456181,38.2851711026616,76.80450244827969
2201903,Bom Jesus,Laboratórios clínicos,T1,2013,2025,27.8695982852797,24.6376560332871,52.5072543185668
2201903,Bom Jesus,"Lanchonetes, casas de chá, de sucos e similares",T1,2013,2025,21.8893907683712,20.9670596393897,42.8564504077609
2201903,Bom Jesus,Locação de automóveis sem condutor,T1,2022,2025,1.78888888888889,1.68748600850683,3.4763748973957203
2201903,Bom Jesus,Manutenção e reparação de motocicletas e motonetas,T1,2018,2025,2.88862167443259,2.2851711026616,5.1737927770941905
2201903,Bom Jesus,Manutenção e reparação de máquinas e equipamentos para agricultura e pecuária,T1,2022,2025,21.6834451901566,21.3749720170137,43.0584172071703
2201903,Bom Jesus,Manutenção e reparação de máquinas e equipamentos para uso geral não especificados anteriormente,T1,2022,2025,2.51554007502105,2.06245802552048,4.57799810054153
2201903,Bom Jesus,Manutenção e reparação de tratores agrícolas,T1,2022,2025,0.862179487179487,0.687486008506828,1.549665495686315
2201903,Bom Jesus,Marketing direto,T1,2022,2025,4.69633066216786,2.49988806805462,7.19621873022248
2201903,Bom Jesus,Obras de acabamento em gesso e estuque,T1,2022,2025,1.40382438042521,1.37497201701366,2.77879639743887
2201903,Bom Jesus,Obras de alvenaria,T1,2022,2025,1.77850032619904,1.68748600850683,3.46598633470587
2201903,Bom Jesus,Obras de montagem industrial,T1,2022,2025,7.57690564082637,6.12491605104097,13.701821691867341
2201903,Bom Jesus,Outras atividades de ensino não especificadas anteriormente,T1,2013,2025,30.5333077996334,28.9341192787795,59.467427078412896
2201903,Bom Jesus,Outras atividades de serviços prestados principalmente às empresas não especificadas anteriormente,T1,2022,2025,102.48931630539,102.249832102082,204.739148407472
2201903,Bom Jesus,Perfuração e construção de poços de água,T1,2022,2025,2.81363244176014,1.43743004253414,4.25106248429428
2201903,Bom Jesus,Preparação de documentos e serviços especializados de apoio administrativo não especificados anteriormente,T1,2018,2025,10.7005520605983,11.2851711026616,21.985723163259898
2201903,Bom Jesus,Produção de forjados de aço,T1,2018,2025,5.16092603049125,2.85551330798479,8.01643933847604
2201903,Bom Jesus,"Representantes comerciais e agentes do comércio de combustíveis, minerais, produtos siderúrgicos e químicos",T1,2018,2025,1.85543369890329,1.2851711026616,3.1406048015648897
2201903,Bom Jesus,"Representantes comerciais e agentes do comércio de máquinas, equipamentos, embarcações e aeronaves",T1,2018,2025,0.800963565191207,0.285171102661597,1.086134667852804
2201903,Bom Jesus,Restaurantes e similares,T1,2022,2025,22.3295359303146,13.3743004253414,35.703836355655994
2201903,Bom Jesus,"Serviço de preparação de terreno, cultivo e colheita",T1,2018,2025,33.7660464673999,35.2813688212928,69.0474152886927
2201903,Bom Jesus,Serviços advocatícios,T1,2018,2025,16.4880647004133,15.5703422053232,32.058406905736504
2201903,Bom Jesus,Serviços combinados de escritório e apoio administrativo,T1,2022,2025,2.44450359562821,4.99977613610925,7.44427973173746
2201903,Bom Jesus,Serviços de agronomia e de consultoria às atividades agrícolas e pecuárias,T1,2022,2025,0.907708261320429,0.687486008506828,1.595194269827257
2201903,Bom Jesus,Serviços de alinhamento e balanceamento de veículos automotores,T1,2022,2025,10.4373583045835,10.3749720170137,20.8123303215972
2201903,Bom Jesus,Serviços de funerárias,T1,2022,2025,5.84387733218958,5.37497201701366,11.21884934920324
2201903,Bom Jesus,Serviços de lanternagem ou funilaria e pintura de veículos automotores,T1,2022,2025,3.89075769501636,3.68748600850683,7.57824370352319
2201903,Bom Jesus,Serviços de manutenção e reparação mecânica de veículos automotores,T1,2013,2025,43.7155415987213,42.9670596393897,86.682601238111
2201903,Bom Jesus,Serviços de reboque de veículos,T1,2018,2025,3.54608102991291,2.57034220532319,6.1164232352361
2201903,Bom Jesus,Sociedades de fomento mercantil - factoring,T1,2018,2025,2.50198570293884,1.2851711026616,3.78715680560044
2201903,Bom Jesus,"Transporte rodoviário coletivo de passageiros, com itinerário fixo, intermunicipal em região metropolitana",T1,2022,2025,1.95558332511208,1.37497201701366,3.3305553421257397
2201903,Bom Jesus,"Transporte rodoviário coletivo de passageiros, sob regime de fretamento, municipal",T1,2022,2025,5.64559986816084,5.68748600850683,11.33308587666767
2201903,Bom Jesus,"Transporte rodoviário de carga, exceto produtos perigosos e mudanças, intermunicipal, interestadual e internacional",T1,2013,2025,33.9149507941509,32.9341192787795,66.8490700729304
2201903,Bom Jesus,"Transporte rodoviário de carga, exceto produtos perigosos e mudanças, municipal",T1,2018,2025,18.0117340832434,17.1406844106464,35.1524184938898
2201919,Bom Princípio do Piauí,Comércio varejista de materiais de construção em geral,T1,2022,2025,2.00031369348188,0.329896907216495,2.330210600698375
2201919,Bom Princípio do Piauí,"Comércio varejista de mercadorias em geral, com predominância de produtos alimentícios - minimercados, mercearias e armazéns",T1,2018,2025,5.73166380645868,1.20209973753281,6.933763543991489
2201929,Bonfim do Piauí,Administração pública em geral,T1,2022,2025,150.584416282837,78.7706422018349,229.3550584846719
2201929,Bonfim do Piauí,"Comércio varejista de mercadorias em geral, com predominância de produtos alimentícios - minimercados, mercearias e armazéns",T1,2013,2025,32.8369266073449,31.5267857142857,64.3637123216306
2201929,Bonfim do Piauí,Comércio varejista de móveis,T1,2018,2025,5.01309134030139,3.61206896551724,8.62516030581863
2201929,Bonfim do Piauí,"Comércio varejista de produtos farmacêuticos, sem manipulação de fórmulas",T1,2013,2025,3.52463000559037,2.52678571428571,6.05141571987608
2201945,Boqueirão do Piauí,Atividades do Correio Nacional,T2,2018,2025,0.195047222846863,0.0062893081761006,0.2013365310229636
2201945,Boqueirão do Piauí,Casas lotéricas,T2,2018,2025,2.08690761379023,2.0062893081761,4.09319692196633
2201945,Boqueirão do Piauí,"Comércio varejista de produtos farmacêuticos, sem manipulação de fórmulas",T2,2013,2025,3.52463000559037,4.17708333333333,7.7017133389237005
2201960,Brasileira,Administração pública em geral,T1,2022,2025,311.83189438015,97.6485260770975,409.48042045724753
2201960,Brasileira,Atividades de contabilidade,T1,2022,2025,1.95643210645341,1.10430839002268,3.06074049647609
2201960,Brasileira,Comércio varejista de gás liqüefeito de petróleo (GLP),T1,2022,2025,0.986317619388486,0.104308390022676,1.090626009411162
2201960,Brasileira,Comércio varejista de produtos alimentícios em geral ou especializado em produtos alimentícios não especificados anteriormente,T1,2022,2025,1.65132479077682,0.208616780045352,1.859941570822172
2201960,Brasileira,"Comércio varejista de produtos farmacêuticos, sem manipulação de fórmulas",T1,2013,2025,3.52463000559037,2.625,6.14963000559037
2201960,Brasileira,Construção de edifícios,T1,2018,2025,3.48428940537314,0.666666666666667,4.150956072039807
2201960,Brasileira,Criação de bovinos para leite,T1,2018,2025,2.99705279984015,1.55555555555556,4.55260835539571
2201960,Brasileira,Obras de fundações,T1,2018,2025,10.7366970990222,9.55555555555556,20.29225265457776
2201960,Brasileira,Seguridade social obrigatória,T1,2022,2025,38.0992698953517,38.1043083900227,76.2035782853744
2201988,Brejo do Piauí,"Comércio varejista de mercadorias em geral, com predominância de produtos alimentícios - minimercados, mercearias e armazéns",T2,2018,2025,4.86583190322934,4.82832618025751,9.694158083486851
2201988,Brejo do Piauí,Comércio varejista de móveis,T2,2022,2025,3.0695653958854,2.78947368421053,5.85903908009593
2201988,Brejo do Piauí,"Comércio varejista de produtos farmacêuticos, sem manipulação de fórmulas",T2,2018,2025,1.74913250962284,1.82832618025751,3.57745868988035
2201988,Brejo do Piauí,Fabricação de águas envasadas,T2,2022,2025,0.812013907951322,2.21052631578947,3.022540223740792
2202000,Buriti dos Lopes,Administração pública em geral,T1,2022,2025,140.238099506228,34.8816029143898,175.11970242061778
2202000,Buriti dos Lopes,Atividade odontológica com recursos para realização de procedimentos cirúrgicos,T1,2022,2025,2.83698038641686,1.408014571949,4.24499495836586
2202000,Buriti dos Lopes,Atividades de associações de defesa de direitos sociais,T1,2022,2025,0.853611587296975,0.469338190649666,1.3229497779466408
2202000,Buriti dos Lopes,"Atividades de consultoria em gestão empresarial, exceto consultoria técnica específica",T1,2022,2025,5.73879306683816,5.46933819064967,11.20813125748783
2202000,Buriti dos Lopes,Atividades de organizações religiosas,T1,2013,2025,2.16629092021137,0.390269151138716,2.556560071350086
2202000,Buriti dos Lopes,Cartórios,T1,2018,2025,8.60273831051408,7.87794612794613,16.48068443846021
2202000,Buriti dos Lopes,Comércio varejista de artigos de óptica,T1,2022,2025,1.94721544264477,1.46933819064967,3.4165536332944404
2202000,Buriti dos Lopes,Construção de edifícios,T1,2022,2025,17.3216506393839,11.040072859745,28.3617234991289
2202000,Buriti dos Lopes,Criação de bovinos para corte,T1,2022,2025,4.007244247361,2.93867638129933,6.94592062866033
2202000,Buriti dos Lopes,Criação de peixes em água doce,T1,2022,2025,3.41709558823529,2.408014571949,5.825110160184289
2202000,Buriti dos Lopes,"Fabricação de artefatos de cerâmica e barro cozido para uso na construção, exceto azulejos e pisos",T1,2022,2025,92.028723417634,7.82999392835459,99.8587173459886
2202000,Buriti dos Lopes,Fabricação de águas envasadas,T1,2018,2025,33.6763386027537,32.8779461279461,66.5542847306998
2202000,Buriti dos Lopes,Formação de condutores,T1,2022,2025,5.34127838433543,2.87735276259866,8.21863114693409
2202000,Buriti dos Lopes,"Lojas de variedades, exceto lojas de departamentos ou magazines",T1,2018,2025,4.77631344158658,1.63383838383838,6.410151825424959
2202000,Buriti dos Lopes,Serviços de comunicação multimídia - SCM,T1,2022,2025,0.844641923680084,0.469338190649666,1.31398011432975
2202026,Buriti dos Montes,Comércio varejista de combustíveis para veículos automotores,T1,2013,2025,5.63705156868975,4.09493670886076,9.73198827755051
2202026,Buriti dos Montes,Comércio varejista de materiais de construção em geral,T1,2013,2025,3.76362862491478,3.04746835443038,6.811096979345161
2202026,Buriti dos Montes,"Comércio varejista de mercadorias em geral, com predominância de produtos alimentícios - minimercados, mercearias e armazéns",T1,2013,2025,3.83692660734488,3.04746835443038,6.88439496177526
2202026,Buriti dos Montes,"Comércio varejista de produtos farmacêuticos, sem manipulação de fórmulas",T1,2022,2025,0.930632300221579,0.26685393258427,1.1974862328058489
2202026,Buriti dos Montes,Construção de edifícios,T1,2022,2025,10.7762200852512,9.53370786516854,20.30992795041974
2202059,Cabeceiras do Piauí,Administração pública em geral,T1,2018,2025,638.040913480906,67.8150684931507,705.8559819740567
2202059,Cabeceiras do Piauí,Comércio varejista de combustíveis para veículos automotores,T1,2013,2025,3.45557735303463,0.308988764044944,3.764566117079574
2202059,Cabeceiras do Piauí,Comércio varejista de materiais de construção em geral,T1,2013,2025,1.76362862491478,0.769662921348315,2.533291546263095
2202059,Cabeceiras do Piauí,"Comércio varejista de produtos farmacêuticos, sem manipulação de fórmulas",T1,2018,2025,7.74913250962284,6.28082191780822,14.029954427431061
2202059,Cabeceiras do Piauí,Serviços de engenharia,T1,2022,2025,11.6085306544377,10.158064516129,21.766595170566703
2202075,Cajazeiras do Piauí,Administração pública em geral,T1,2013,2025,135.24068452356,4.75,139.99068452356
2202075,Cajazeiras do Piauí,Comércio varejista de combustíveis para veículos automotores,T1,2018,2025,0.852802237147863,0.673469387755102,1.5262716249029649
2202075,Cajazeiras do Piauí,Comércio varejista de materiais de construção em geral,T1,2013,2025,2.76362862491478,1.91666666666667,4.68029529158145
2202075,Cajazeiras do Piauí,"Comércio varejista de mercadorias em geral, com predominância de produtos alimentícios - minimercados, mercearias e armazéns",T1,2022,2025,2.82783843573824,1.57707509881423,4.40491353455247
2202075,Cajazeiras do Piauí,Criação de bovinos para corte,T1,2013,2025,9.63622691168868,7.83333333333333,17.46956024502201
2202083,Cajueiro da Praia,Administração pública em geral,T1,2022,2025,16.8888928724795,15.0847457627119,31.9736386351914
2202083,Cajueiro da Praia,"Albergues, exceto assistenciais",T1,2018,2025,5.77318548387097,5.18390804597701,10.957093529847981
2202083,Cajueiro da Praia,Aluguel de imóveis próprios,T1,2018,2025,1.90740140902097,1.18390804597701,3.09130945499798
2202083,Cajueiro da Praia,Atividade odontológica com recursos para realização de procedimentos cirúrgicos,T1,2022,2025,0.945660128805621,0.782742681047766,1.728402809853387
2202083,Cajueiro da Praia,"Bares e outros estabelecimentos especializados em servir bebidas, sem entretenimento",T1,2022,2025,5.0367050878546,4.78274268104777,9.81944776890237
2202083,Cajueiro da Praia,Compra e venda de imóveis próprios,T1,2018,2025,1.82967524606558,1.18390804597701,3.01358329204259
2202083,Cajueiro da Praia,Comércio varejista de artigos do vestuário e acessórios,T1,2018,2025,5.11917253032263,3.36781609195402,8.48698862227665
2202083,Cajueiro da Praia,Comércio varejista de artigos esportivos,T1,2022,2025,1.76082569336332,1.56548536209553,3.32631105545885
2202083,Cajueiro da Praia,Comércio varejista de bebidas,T1,2013,2025,2.83482094263633,0.901960784313725,3.736781726950055
2202083,Cajueiro da Praia,Comércio varejista de combustíveis para veículos automotores,T1,2013,2025,9.81852578434488,7.90196078431373,17.72048656865861
2202083,Cajueiro da Praia,Comércio varejista de materiais de construção em geral,T1,2018,2025,2.98233653074483,0.735632183908046,3.717968714652876
2202083,Cajueiro da Praia,Comércio varejista de produtos alimentícios em geral ou especializado em produtos alimentícios não especificados anteriormente,T1,2022,2025,0.302649581553634,0.130970724191063,0.433620305744697
2202083,Cajueiro da Praia,"Comércio varejista de produtos farmacêuticos, sem manipulação de fórmulas",T1,2018,2025,6.24739752886853,4.55172413793103,10.79912166679956
2202083,Cajueiro da Praia,Comércio varejista especializado de equipamentos e suprimentos de informática,T1,2022,2025,1.09043331901502,0.782742681047766,1.873176000062786
2202083,Cajueiro da Praia,Condomínios prediais,T1,2022,2025,13.0338531802292,9.30662557781202,22.340478758041222
2202083,Cajueiro da Praia,Construção de edifícios,T1,2018,2025,76.9790525404975,75.7356321839081,152.7146847244056
2202083,Cajueiro da Praia,Cultivos e semicultivos da aqüicultura em água salgada e salobra não especificados anteriormente,T1,2022,2025,13.0701754385965,12.8274268104777,25.8976022490742
2202083,Cajueiro da Praia,Fabricação de esquadrias de madeira e de peças de madeira para instalações industriais e comerciais,T1,2022,2025,2.06481813295108,1.78274268104777,3.84756081399885
2202083,Cajueiro da Praia,Hotéis,T1,2013,2025,309.97657067204,295.21568627451,605.1922569465501
2202083,Cajueiro da Praia,"Lanchonetes, casas de chá, de sucos e similares",T1,2018,2025,7.78141412499118,4.73563218390805,12.51704630889923
2202083,Cajueiro da Praia,Outras atividades esportivas não especificadas anteriormente,T1,2022,2025,2.22530587884214,2.13097072419106,4.3562766030332
2202083,Cajueiro da Praia,Restaurantes e similares,T1,2018,2025,197.733099959551,165.827586206897,363.560686166448
2202083,Cajueiro da Praia,Serviços combinados de escritório e apoio administrativo,T1,2022,2025,15.5277814747268,15.7827426810478,31.3105241557746
2202091,Caldeirão Grande do Piauí,Comércio varejista de combustíveis para veículos automotores,T2,2022,2025,0.80987658323607,1.49230769230769,2.30218427554376
2202091,Caldeirão Grande do Piauí,Comércio varejista de materiais de construção em geral,T2,2022,2025,0.0003136934818758,0.246153846153846,0.2464675396357218
2202091,Caldeirão Grande do Piauí,"Comércio varejista de produtos farmacêuticos, sem manipulação de fórmulas",T2,2022,2025,0.861264600443158,1.49230769230769,2.353572292750848
2202091,Caldeirão Grande do Piauí,"Outras atividades profissionais, científicas e técnicas não especificadas anteriormente",T2,2022,2025,1.76018530687344,2.24615384615385,4.00633915302729
2202091,Caldeirão Grande do Piauí,Provedores de acesso às redes de comunicações,T2,2022,2025,0.0177415286302867,0.246153846153846,0.2638953747841327
2202109,Campinas do Piauí,Cartórios,T1,2022,2025,0.770095750492151,0.306122448979592,1.076218199471743
2202109,Campinas do Piauí,Comércio varejista de combustíveis para veículos automotores,T1,2018,2025,3.85280223714786,3.06694560669456,6.91974784384242
2202109,Campinas do Piauí,"Comércio varejista de mercadorias em geral, com predominância de produtos alimentícios - supermercados",T1,2013,2025,7.70268489291106,6.92825112107623,14.630936013987291
2202109,Campinas do Piauí,"Comércio varejista de produtos farmacêuticos, sem manipulação de fórmulas",T1,2013,2025,5.52463000559037,4.92825112107623,10.4528811266666
2202117,Campo Alegre do Fidalgo,Administração pública em geral,T1,2022,2025,158.743870257428,150.771929824561,309.515800081989
2202117,Campo Alegre do Fidalgo,"Comércio varejista de mercadorias em geral, com predominância de produtos alimentícios - supermercados",T1,2013,2025,8.40536978582212,5.25433526011561,13.65970504593773
2202117,Campo Alegre do Fidalgo,Instalação e manutenção elétrica,T1,2018,2025,0.434426842958713,0.192727272727273,0.627154115685986
2202117,Campo Alegre do Fidalgo,Restaurantes e similares,T1,2022,2025,0.466362874425167,0.0175438596491229,0.4839067340742899
2202133,Campo Grande do Piauí,Administração pública em geral,T2,2013,2025,20.212770281636,38.6508728179551,58.8636430995911
2202133,Campo Grande do Piauí,Atividades do Correio Nacional,T1,2018,2025,1.39009444569373,0.235294117647059,1.6253885633407892
2202133,Campo Grande do Piauí,Comércio varejista de artigos do vestuário e acessórios,T1,2022,2025,2.99232264211263,2.70245398773006,5.69477662984269
2202133,Campo Grande do Piauí,Comércio varejista de combustíveis para veículos automotores,T2,2013,2025,3.81852578434488,3.94513715710723,7.763662941452109
2202133,Campo Grande do Piauí,"Comércio varejista de mercadorias em geral, com predominância de produtos alimentícios - minimercados, mercearias e armazéns",T2,2013,2025,5.83692660734488,5.94513715710723,11.782063764452111
2202133,Campo Grande do Piauí,Comércio varejista de móveis,T1,2018,2025,6.01309134030139,5.61764705882353,11.630738399124919
2202133,Campo Grande do Piauí,"Comércio varejista de produtos farmacêuticos, sem manipulação de fórmulas",T2,2013,2025,2.04926001118075,2.89027431421446,4.9395343253952095
2202174,Campo Largo do Piauí,Administração pública em geral,T1,2022,2025,259.154401206136,248.297872340426,507.452273546562
2202174,Campo Largo do Piauí,Casas lotéricas,T2,2018,2025,0.0869076137902302,0.0263852242744063,0.1132928380646365
2202174,Campo Largo do Piauí,Comércio varejista de materiais de construção não especificados anteriormente,T2,2018,2025,1.24356364669205,1.02638522427441,2.26994887096646
2202174,Campo Largo do Piauí,Comércio varejista de móveis,T2,2013,2025,1.47378670713005,0.642172523961661,2.1159592310917112
2202174,Campo Largo do Piauí,"Comércio varejista de produtos farmacêuticos, sem manipulação de fórmulas",T2,2018,2025,1.74913250962284,2.02638522427441,3.7755177338972503
2202174,Campo Largo do Piauí,Outras atividades de atenção à saúde humana não especificadas anteriormente,T2,2013,2025,23.0721352332448,6.6964856230032,29.768620856248
2202208,Campo Maior,Agências de viagens,T1,2022,2025,3.48425060574593,3.02487244897959,6.509123054725521
2202208,Campo Maior,Alojamento de animais domésticos,T1,2022,2025,1.42622222222222,1.6749574829932,3.10117970521542
2202208,Campo Maior,"Aluguel de máquinas e equipamentos para construção sem operador, exceto andaimes",T1,2022,2025,1.73012693175314,1.6749574829932,3.40508441474634
2202208,Campo Maior,Atividade médica ambulatorial restrita a consultas,T1,2022,2025,6.53936907235415,6.02487244897959,12.56424152133374
2202208,Campo Maior,Atividade odontológica com recursos para realização de procedimentos cirúrgicos,T1,2018,2025,34.6940361116177,35.6817406143345,70.37577672595219
2202208,Campo Maior,Atividades de apoio à agricultura não especificadas anteriormente,T1,2022,2025,2.67749099841841,1.04974489795918,3.72723589637759
2202208,Campo Maior,"Atividades de atendimento hospitalar, exceto pronto-socorro e unidades para atendimento a urgências",T1,2013,2025,374.998868421823,375.02451333814,750.0233817599631
2202208,Campo Maior,Atividades de cobrança e informações cadastrais,T1,2022,2025,5.96548914980499,5.6749574829932,11.64044663279819
2202208,Campo Maior,Atividades de condicionamento físico,T1,2013,2025,11.9050517762609,15.0081711127133,26.9132228889742
2202208,Campo Maior,Atividades de contabilidade,T1,2013,2025,22.3272013952945,19.5265561163182,41.8537575116127
2202208,Campo Maior,Atividades de fisioterapia,T1,2013,2025,2.37425723595936,4.50204277817832,6.87630001413768
2202208,Campo Maior,Atividades de organizações religiosas,T1,2018,2025,10.5427437812552,2.72696245733788,13.26970623859308
2202208,Campo Maior,Atividades de psicologia e psicanálise,T1,2018,2025,2.05641447368421,4.67043515358362,6.72684962726783
2202208,Campo Maior,Atividades de rádio,T1,2018,2025,6.4673153194282,5.34087030716724,11.808185626595439
2202208,Campo Maior,"Bares e outros estabelecimentos especializados em servir bebidas, sem entretenimento",T1,2022,2025,2.07341017570919,1.34991496598639,3.42332514169558
2202208,Campo Maior,"Captação, tratamento e distribuição de água",T1,2013,2025,30.3421480437846,9.10622446527277,39.44837250905737
2202208,Campo Maior,Casas lotéricas,T1,2013,2025,9.5590223354232,7.01225666906994,16.57127900449314
2202208,Campo Maior,"Clubes sociais, esportivos e similares",T1,2013,2025,20.3776991150442,19.506128334535,39.8838274495792
2202208,Campo Maior,"Comercio varejista de artigos de cama, mesa e banho",T1,2013,2025,9.82982299758054,4.01634222542658,13.84616522300712
2202208,Campo Maior,"Comércio a varejo de automóveis, camionetas e utilitários usados",T1,2022,2025,1.92196353600893,1.6749574829932,3.5969210190021297
2202208,Campo Maior,Comércio a varejo de motocicletas e motonetas novas,T1,2013,2025,22.9986186228372,18.0326844508532,41.031303073690395
2202208,Campo Maior,Comércio a varejo de peças e acessórios novos para motocicletas e motonetas,T1,2018,2025,14.8361196775415,15.6704351535836,30.5065548311251
2202208,Campo Maior,Comércio atacadista de alimentos para animais,T1,2013,2025,8.03041074249605,8.51021389089161,16.540624633387658
2202208,Campo Maior,"Comércio atacadista de produtos de higiene, limpeza e conservação domiciliar",T1,2022,2025,4.92589233313771,4.6749574829932,9.60084981613091
2202208,Campo Maior,Comércio sob consignação de motocicletas e motonetas,T1,2022,2025,0.853503184713376,0.674957482993197,1.528460667706573
2202208,Campo Maior,Comércio varejista de animais vivos e de artigos e alimentos para animais de estimação,T1,2013,2025,13.3461501513041,16.5102138908916,29.8563640421957
2202208,Campo Maior,Comércio varejista de artigos de joalheria,T1,2022,2025,1.90756450008776,1.6749574829932,3.5825219830809596
2202208,Campo Maior,Comércio varejista de artigos de papelaria,T1,2022,2025,4.63517115600449,2.72470238095238,7.35987353695687
2202208,Campo Maior,Comércio varejista de bebidas,T1,2018,2025,12.5210279961141,10.3747866894198,22.8958146855339
2202208,Campo Maior,Comércio varejista de brinquedos e artigos recreativos,T1,2018,2025,1.0455166614107,0.670435153583618,1.7159518149943183
2202208,Campo Maior,Comércio varejista de calçados,T1,2018,2025,31.3507148444652,30.0113054607509,61.362020305216106
2202208,Campo Maior,Comércio varejista de carnes - açougues,T1,2013,2025,11.2698645598194,9.01634222542658,20.28620678524598
2202208,Campo Maior,Comércio varejista de combustíveis para veículos automotores,T1,2013,2025,58.5671244137272,38.6286950252343,97.19581943896151
2202208,Campo Maior,"Comércio varejista de cosméticos, produtos de perfumaria e de higiene pessoal",T1,2022,2025,6.38263660149536,5.72470238095238,12.10733898244774
2202208,Campo Maior,"Comércio varejista de doces, balas, bombons e semelhantes",T1,2022,2025,4.80284292523149,4.34991496598639,9.15275789121788
2202208,Campo Maior,Comércio varejista de hortifrutigranjeiros,T1,2013,2025,0.845051709278943,1.00408555635665,1.8491372656355929
2202208,Campo Maior,Comércio varejista de laticínios e frios,T1,2018,2025,35.0572508319702,34.6704351535836,69.72768598555379
2202208,Campo Maior,Comércio varejista de livros,T1,2018,2025,1.21930596146753,0.670435153583618,1.889741115051148
2202208,Campo Maior,Comércio varejista de madeira e artefatos,T1,2013,2025,7.02328734619165,6.00408555635665,13.0273729025483
2202208,Campo Maior,Comércio varejista de materiais de construção em geral,T1,2018,2025,49.0071272977414,44.873933447099,93.8810607448404
2202208,Campo Maior,Comércio varejista de medicamentos veterinários,T1,2022,2025,1.08415741675076,0.0248724489795918,1.1090298657303517
2202208,Campo Maior,"Comércio varejista de mercadorias em geral, com predominância de produtos alimentícios - supermercados",T1,2018,2025,31.7899115498611,18.7139505119454,50.5038620618065
2202208,Campo Maior,Comércio varejista de mercadorias em lojas de conveniência,T1,2022,2025,12.6782336485946,12.3499149659864,25.028148614581
2202208,Campo Maior,Comércio varejista de outros produtos não especificados anteriormente,T1,2018,2025,1.3843623979215,0.0113054607508533,1.3956678586723534
2202208,Campo Maior,Comércio varejista de produtos alimentícios em geral ou especializado em produtos alimentícios não especificados anteriormente,T1,2013,2025,2.98209108910891,2.50612833453497,5.48821942364388
2202208,Campo Maior,"Comércio varejista de produtos farmacêuticos, com manipulação de fórmulas",T1,2013,2025,0.688378458351827,0.502042778178323,1.1904212365301499
2202208,Campo Maior,"Comércio varejista de produtos farmacêuticos, sem manipulação de fórmulas",T1,2013,2025,30.6255803689646,29.1348233597693,59.7604037287339
2202208,Campo Maior,Comércio varejista de tecidos,T1,2018,2025,16.9163346613546,10.715656996587,27.6319916579416
2202208,Campo Maior,Comércio varejista especializado de equipamentos de telefonia e comunicação,T1,2013,2025,26.0302931161923,25.0040855563566,51.0343786725489
2202208,Campo Maior,"Comércio varejista especializado de peças e acessórios para aparelhos eletroeletrônicos para uso doméstico, exceto informática e comunicação",T1,2022,2025,1.81573557677159,1.34991496598639,3.16565054275798
2202208,Campo Maior,Condomínios prediais,T1,2022,2025,10.0059740906287,9.02487244897959,19.03084653960829
2202208,Campo Maior,"Confecção de peças do vestuário, exceto roupas íntimas e as confeccionadas sob medida",T1,2018,2025,200.286279912027,183.828711604096,384.114991516123
2202208,Campo Maior,Construção de edifícios,T1,2013,2025,77.1922958534193,47.5960105743812,124.78830642780049
2202208,Campo Maior,"Construção de redes de abastecimento de água, coleta de esgoto e construções correlatas, exceto obras de irrigação",T1,2013,2025,0.828465583964542,1.50204277817832,2.330508362142862
2202208,Campo Maior,Corretagem na compra e venda e avaliação de imóveis,T1,2022,2025,4.93753800712362,2.74957482993197,7.68711283705559
2202208,Campo Maior,Criação de bovinos para corte,T1,2022,2025,4.0325991131245,1.07461734693878,5.10721646006328
2202208,Campo Maior,Criação de bovinos para leite,T1,2018,2025,10.9941055996803,10.3408703071672,21.3349759068475
2202208,Campo Maior,"Criação de bovinos, exceto para corte e leite",T1,2018,2025,1.95754999003521,1.01130546075085,2.96885545078606
2202208,Campo Maior,Criação de peixes em água doce,T1,2013,2025,0.467068878833585,1.00817111271329,1.475239991546875
2202208,Campo Maior,Educação infantil - pré-escola,T1,2018,2025,19.2261888697304,17.7382679180887,36.9644567878191
2202208,Campo Maior,Educação superior - graduação,T1,2018,2025,18.1923331302475,16.3747866894198,34.5671198196673
2202208,Campo Maior,Fabricação de esquadrias de metal,T1,2022,2025,2.87555999724309,2.34991496598639,5.22547496322948
2202208,Campo Maior,Fabricação de móveis com predominância de madeira,T1,2022,2025,4.90851606323304,4.34991496598639,9.25843102921943
2202208,Campo Maior,Fabricação de produtos de padaria e confeitaria com predominância de produção própria,T1,2013,2025,87.2737554863638,161.575582792598,248.8493382789618
2202208,Campo Maior,Fabricação de águas envasadas,T1,2018,2025,9.79240183579806,9.71565699658703,19.50805883238509
2202208,Campo Maior,Imunização e controle de pragas urbanas,T1,2018,2025,3.31210160089533,2.36348122866894,5.67558282956427
2202208,Campo Maior,Laboratórios clínicos,T1,2022,2025,3.55154051236119,1.39965986394558,4.95120037630677
2202208,Campo Maior,"Lanchonetes, casas de chá, de sucos e similares",T1,2018,2025,18.6721211874868,17.0226109215017,35.6947321089885
2202208,Campo Maior,Manutenção e reparação de motocicletas e motonetas,T1,2013,2025,0.854286322059136,1.00408555635665,1.8583718784157859
2202208,Campo Maior,"Montagem e instalação de sistemas e equipamentos de iluminação e sinalização em vias públicas, portos e aeroportos",T1,2018,2025,3.3964101003955,3.67043515358362,7.066845253979119
2202208,Campo Maior,"Obras de urbanização - ruas, praças e calçadas",T1,2022,2025,17.8282427738087,17.6749574829932,35.503200256801904
2202208,Campo Maior,Outras atividades auxiliares dos serviços financeiros não especificadas anteriormente,T1,2022,2025,8.83515306577812,3.22385204081633,12.059005106594451
2202208,Campo Maior,Padaria e confeitaria com predominância de revenda,T1,2022,2025,5.53498032039272,1.44940476190476,6.9843850822974805
2202208,Campo Maior,Perfuração e construção de poços de água,T1,2022,2025,0.962726488352028,0.674957482993197,1.6376839713452251
2202208,Campo Maior,Provedores de acesso às redes de comunicações,T1,2013,2025,27.0542053696399,28.506128334535,55.560333704174894
2202208,Campo Maior,Restaurantes e similares,T1,2013,2025,19.7718660385088,13.0735400144196,32.845406052928396
2202208,Campo Maior,Serviço de manejo de animais,T1,2022,2025,6.68494313359362,6.6749574829932,13.35990061658682
2202208,Campo Maior,Serviços advocatícios,T1,2022,2025,0.959830788355567,0.674957482993197,1.634788271348764
2202208,Campo Maior,Serviços de alimentação para eventos e recepções - bufê,T1,2018,2025,1.55021216407355,3.34087030716724,4.891082471240789
2202208,Campo Maior,Serviços de engenharia,T1,2018,2025,22.0702207084,24.0113054607509,46.081526169150905
2202208,Campo Maior,Serviços de funerárias,T1,2013,2025,16.3917276030685,17.0040855563566,33.3958131594251
2202208,Campo Maior,Serviços de manutenção e reparação mecânica de veículos automotores,T1,2022,2025,4.71530111139829,4.34991496598639,9.06521607738468
2202208,Campo Maior,"Transporte rodoviário coletivo de passageiros, com itinerário fixo, intermunicipal em região metropolitana",T1,2022,2025,14.6002499260087,9.14923469387755,23.749484619886253
2202251,Canavieira,Atividades de organizações políticas,T1,2013,2025,1.25139905294877,1.31012658227848,2.56152563522725
2202251,Canavieira,Casas lotéricas,T1,2022,2025,1.26100928350393,0.617647058823529,1.878656342327459
2202251,Canavieira,Comércio varejista de combustíveis para veículos automotores,T1,2018,2025,3.85280223714786,3.47744360902256,7.3302458461704205
2202251,Canavieira,Comércio varejista de materiais de construção em geral,T1,2022,2025,4.00031369348188,3.80882352941176,7.80913722289364
2202251,Canavieira,Comércio varejista de móveis,T1,2022,2025,2.0695653958854,1.61764705882353,3.6872124547089298
2202251,Canavieira,Serviços de comunicação multimídia - SCM,T1,2022,2025,0.689283847360167,0.617647058823529,1.306930906183696
2202307,Canto do Buriti,"Aparelhamento de placas e execução de trabalhos em mármore, granito, ardósia e outras pedras",T1,2018,2025,0.719930180894954,0.430942895086321,1.1508730759812749
2202307,Canto do Buriti,Atividade odontológica com recursos para realização de procedimentos cirúrgicos,T1,2018,2025,3.42350902790443,3.43094289508632,6.85445192299075
2202307,Canto do Buriti,Atividades de cobrança e informações cadastrais,T1,2022,2025,3.96548914980499,3.82554671968191,7.7910358694869
2202307,Canto do Buriti,Atividades de condicionamento físico,T1,2022,2025,0.0458713965805282,0.651093439363817,0.6969648359443452
2202307,Canto do Buriti,Atividades de organizações religiosas,T1,2018,2025,3.15892148632845,2.43094289508632,5.58986438141477
2202307,Canto do Buriti,"Bancos múltiplos, com carteira comercial",T1,2022,2025,5.69975367457976,0.859840954274353,6.559594628854113
2202307,Canto do Buriti,"Bares e outros estabelecimentos especializados em servir bebidas, com entretenimento",T1,2022,2025,0.677192778777501,0.825546719681909,1.5027394984594098
2202307,Canto do Buriti,Beneficiamento de arroz,T1,2022,2025,2.91482664028421,2.65109343936382,5.56592007964803
2202307,Canto do Buriti,Caixas econômicas,T1,2018,2025,3.82769869513642,1.15471447543161,4.98241317056803
2202307,Canto do Buriti,Cartórios,T1,2013,2025,9.16288630785825,8.2467232074017,17.40960951525995
2202307,Canto do Buriti,Comércio a varejo de peças e acessórios novos para veículos automotores,T1,2018,2025,3.06672104066299,0.585657370517928,3.6523784111809183
2202307,Canto do Buriti,Comércio atacadista de alimentos para animais,T1,2022,2025,1.89083713516188,1.82554671968191,3.71638385484379
2202307,Canto do Buriti,"Comércio atacadista de defensivos agrícolas, adubos, fertilizantes e corretivos do solo",T1,2018,2025,0.389434889434889,0.430942895086321,0.82037778452121
2202307,Canto do Buriti,"Comércio atacadista de mercadorias em geral, com predominância de produtos alimentícios",T1,2013,2025,1.44043510877719,4.1781033153431,5.61853842412029
2202307,Canto do Buriti,"Comércio atacadista de mercadorias em geral, sem predominância de alimentos ou de insumos agropecuários",T1,2018,2025,2.96467127654659,1.86188579017264,4.82655706671923
2202307,Canto do Buriti,Comércio atacadista de resíduos e sucatas metálicos,T1,2018,2025,0.707982926932342,0.430942895086321,1.1389258220186629
2202307,Canto do Buriti,Comércio varejista de artigos de óptica,T1,2022,2025,1.7888617705791,1.30218687872763,3.09104864930673
2202307,Canto do Buriti,Comércio varejista de bebidas,T1,2022,2025,1.90861357032405,1.82554671968191,3.73416029000596
2202307,Canto do Buriti,Comércio varejista de ferragens e ferramentas,T1,2022,2025,0.929996481804062,0.651093439363817,1.581089921167879
2202307,Canto do Buriti,Comércio varejista de hortifrutigranjeiros,T1,2022,2025,10.8603845054317,10.4766401590457,21.3370246644774
2202307,Canto do Buriti,Comércio varejista de madeira e artefatos,T1,2013,2025,4.04657469238331,0.712413261372398,4.7589879537557085
2202307,Canto do Buriti,Comércio varejista de materiais de construção em geral,T1,2013,2025,27.8543442477843,12.6306861989206,40.4850304467049
2202307,Canto do Buriti,Comércio varejista de materiais de construção não especificados anteriormente,T1,2013,2025,4.46521801491681,3.1781033153431,7.64332133025991
2202307,Canto do Buriti,"Comércio varejista de mercadorias em geral, com predominância de produtos alimentícios - minimercados, mercearias e armazéns",T1,2018,2025,16.1216466452108,10.0332005312085,26.1548471764193
2202307,Canto do Buriti,"Comércio varejista de mercadorias em geral, com predominância de produtos alimentícios - supermercados",T1,2018,2025,32.9970034306518,21.9282868525896,54.9252902832414
2202307,Canto do Buriti,Comércio varejista de móveis,T1,2018,2025,14.2618268060278,2.61885790172643,16.88068470775423
2202307,Canto do Buriti,"Comércio varejista de produtos farmacêuticos, sem manipulação de fórmulas",T1,2013,2025,26.3448200782652,21.4934464148034,47.8382664930686
2202307,Canto do Buriti,Comércio varejista de vidros,T1,2013,2025,1.16183123635463,0.178103315343099,1.339934551697729
2202307,Canto do Buriti,Comércio varejista especializado de equipamentos e suprimentos de informática,T1,2022,2025,3.5425999140901,1.95328031809145,5.49588023218155
2202307,Canto do Buriti,Correspondentes de instituições financeiras,T1,2022,2025,0.881581671382237,0.651093439363817,1.532675110746054
2202307,Canto do Buriti,Cultivo de melão,T1,2013,2025,370.781354388096,344.357748650732,715.139103038828
2202307,Canto do Buriti,"Fabricação de artigos de serralheria, exceto esquadrias",T1,2022,2025,2.79635627530364,2.65109343936382,5.44744971466746
2202307,Canto do Buriti,Fabricação de móveis com predominância de madeira,T1,2018,2025,1.82107768458209,1.43094289508632,3.25202057966841
2202307,Canto do Buriti,Fabricação de produtos de padaria e confeitaria com predominância de produção própria,T1,2022,2025,1.57051512321287,0.906560636182903,2.477075759395773
2202307,Canto do Buriti,Fornecimento de alimentos preparados preponderantemente para empresas,T1,2022,2025,0.53577423734401,0.651093439363817,1.186867676707827
2202307,Canto do Buriti,Hotéis,T1,2013,2025,3.4941426680099,2.3562066306862,5.8503492986961
2202307,Canto do Buriti,Imunização e controle de pragas urbanas,T1,2022,2025,0.982784400889068,0.476640159045726,1.459424559934794
2202307,Canto do Buriti,Laboratórios clínicos,T1,2013,2025,4.78261771416719,4.5343099460293,9.316927660196491
2202307,Canto do Buriti,"Lanchonetes, casas de chá, de sucos e similares",T1,2022,2025,7.93471068843985,7.82554671968191,15.76025740812176
2202307,Canto do Buriti,"Lojas de departamentos ou magazines, exceto lojas francas (Duty free)",T1,2022,2025,8.86584807110785,3.16202783300199,12.027875904109841
2202307,Canto do Buriti,Outras atividades de serviços prestados principalmente às empresas não especificadas anteriormente,T1,2022,2025,2.70744302544915,2.82554671968191,5.53298974513106
2202307,Canto do Buriti,Restaurantes e similares,T1,2013,2025,26.3762147799172,25.3562066306862,51.73242141060339
2202307,Canto do Buriti,Serviços combinados de escritório e apoio administrativo,T1,2022,2025,3.52778147472676,3.82554671968191,7.35332819440867
2202307,Canto do Buriti,Serviços de comunicação multimídia - SCM,T1,2018,2025,55.7724981820917,78.6022576361222,134.3747558182139
2202307,Canto do Buriti,Serviços de funerárias,T1,2013,2025,9.19586380153425,9.1781033153431,18.37396711687735
2202307,Canto do Buriti,"Transporte rodoviário coletivo de passageiros, sob regime de fretamento, intermunicipal, interestadual e internacional",T1,2022,2025,19.4356545028457,19.4766401590457,38.9122946618914
2202307,Canto do Buriti,"Transporte rodoviário de carga, exceto produtos perigosos e mudanças, intermunicipal, interestadual e internacional",T1,2022,2025,0.848135601881325,0.825546719681909,1.673682321563234
2202455,Capitão Gervásio Oliveira,Comércio varejista de materiais de construção em geral,T2,2022,2025,2.0012547739275,1.94142259414226,3.94267736806976
2202455,Capitão Gervásio Oliveira,Comércio varejista de móveis,T1,2013,2025,2.23689335356502,0.290502793296089,2.527396146861109
2202455,Capitão Gervásio Oliveira,"Comércio varejista de produtos farmacêuticos, sem manipulação de fórmulas",T1,2018,2025,5.74913250962284,4.55050505050505,10.299637560127891
2202455,Capitão Gervásio Oliveira,Extração de minério de níquel,T1,2018,2025,155.523336643496,130.358585858586,285.88192250208203
2202455,Capitão Gervásio Oliveira,Instalação e manutenção elétrica,T2,2022,2025,1.85210488288931,1.98535564853556,3.83746053142487
2202406,Capitão de Campos,Atividades de vigilância e segurança privada,T2,2022,2025,2.51553719732022,2.79375,5.30928719732022
2202406,Capitão de Campos,Cartórios,T2,2022,2025,1.65514362573823,1.8453125,3.50045612573823
2202406,Capitão de Campos,Comércio a varejo de peças e acessórios novos para veículos automotores,T2,2022,2025,1.90335789308669,1.896875,3.80023289308669
2202406,Capitão de Campos,Comércio varejista de calçados,T1,2013,2025,2.24015447332996,1.46697038724374,3.7071248605737
2202406,Capitão de Campos,Comércio varejista de carnes - açougues,T2,2018,2025,0.855004515752006,0.909238249594814,1.76424276534682
2202406,Capitão de Campos,Comércio varejista de combustíveis para veículos automotores,T2,2018,2025,11.5584067114436,11.7277147487844,23.286121460228003
2202406,Capitão de Campos,Comércio varejista de gás liqüefeito de petróleo (GLP),T1,2013,2025,3.08322376053832,1.93394077448747,5.01716453502579
2202406,Capitão de Campos,Comércio varejista de materiais de construção em geral,T2,2018,2025,8.74558413268621,8.90923824959481,17.65482238228102
2202406,Capitão de Campos,Comércio varejista de materiais de construção não especificados anteriormente,T1,2013,2025,8.46521801491681,7.46697038724374,15.932188402160548
2202406,Capitão de Campos,"Comércio varejista de mercadorias em geral, com predominância de produtos alimentícios - minimercados, mercearias e armazéns",T1,2013,2025,60.227752324863,53.9384965831435,114.1662489080065
2202406,Capitão de Campos,"Comércio varejista de produtos farmacêuticos, sem manipulação de fórmulas",T2,2018,2025,7.24739752886853,7.72771474878444,14.97511227765297
2202406,Capitão de Campos,Laboratórios clínicos,T2,2022,2025,1.94394256404515,1.9484375,3.89238006404515
2202406,Capitão de Campos,"Lanchonetes, casas de chá, de sucos e similares",T2,2022,2025,0.934710688439855,0.9484375,1.883148188439855
2202406,Capitão de Campos,"Lojas de departamentos ou magazines, exceto lojas francas (Duty free)",T2,2022,2025,8.25443382787834,7.8453125,16.099746327878343
2202406,Capitão de Campos,Restaurantes e similares,T2,2022,2025,3.59977215581887,3.8453125,7.44508465581887
2202406,Capitão de Campos,Serviços de comunicação multimídia - SCM,T2,2022,2025,1.22320961840042,1.7421875,2.96539711840042
2202505,Caracol,Cartórios,T2,2022,2025,1.5401915009843,1.49926362297496,3.03945512395926
2202505,Caracol,Casas lotéricas,T2,2022,2025,1.13050464175196,0.874815905743741,2.005320547495701
2202505,Caracol,Comercio varejista de artigos de armarinho,T1,2018,2025,2.13501588086498,1.22325581395349,3.35827169481847
2202505,Caracol,Comércio varejista de artigos do vestuário e acessórios,T1,2018,2025,1.05958626516132,0.223255813953488,1.2828420791148079
2202505,Caracol,Comércio varejista de combustíveis para veículos automotores,T1,2013,2025,12.7296804904141,7.85995085995086,20.58963135036496
2202505,Caracol,Comércio varejista de gás liqüefeito de petróleo (GLP),T2,2022,2025,1.94527047755394,1.49926362297496,3.4445341005289
2202505,Caracol,Comércio varejista de materiais de construção em geral,T1,2018,2025,7.72792066343104,5.11627906976744,12.84419973319848
2202505,Caracol,"Comércio varejista de mercadorias em geral, com predominância de produtos alimentícios - hipermercados",T1,2018,2025,9.05252280816413,8.44651162790698,17.49903443607111
2202505,Caracol,Comércio varejista de móveis,T1,2013,2025,2.47378670713005,0.245700245700246,2.7194869528302963
2202505,Caracol,"Comércio varejista de produtos farmacêuticos, sem manipulação de fórmulas",T1,2013,2025,6.04926001118075,5.24570024570025,11.294960256881
2202505,Caracol,Educação infantil - pré-escola,T2,2022,2025,4.40480236034826,4.24889543446244,8.6536977948107
2202505,Caracol,Fabricação de produtos de panificação industrial,T2,2022,2025,2.61922141119221,2.62444771723122,5.243669128423431
2202505,Caracol,"Lojas de departamentos ou magazines, exceto lojas francas (Duty free)",T1,2018,2025,4.19068798262971,0.116279069767442,4.306967052397152
2202505,Caracol,"Obras de urbanização - ruas, praças e calçadas",T2,2022,2025,4.59539883332241,5.24742268041237,9.84282151373478
2202539,Caraúbas do Piauí,Atividades do Correio Nacional,T1,2018,2025,1.19504722284686,0.336538461538462,1.531585684385322
2202539,Caraúbas do Piauí,Comércio varejista de artigos do vestuário e acessórios,T1,2022,2025,0.992322642112627,0.802768166089965,1.795090808202592
2202539,Caraúbas do Piauí,Comércio varejista de combustíveis para veículos automotores,T1,2013,2025,3.81852578434488,3.63241106719368,7.450936851538559
2202539,Caraúbas do Piauí,"Comércio varejista de mercadorias em geral, com predominância de produtos alimentícios - minimercados, mercearias e armazéns",T1,2022,2025,2.96556768714765,2.80276816608997,5.76833585323762
2202539,Caraúbas do Piauí,"Comércio varejista de produtos farmacêuticos, sem manipulação de fórmulas",T1,2013,2025,2.52463000559037,2.63241106719368,5.15704107278405
2202539,Caraúbas do Piauí,Comércio varejista especializado de eletrodomésticos e equipamentos de áudio e vídeo,T1,2018,2025,2.41114637911168,0.673076923076923,3.0842233021886027
2202539,Caraúbas do Piauí,Criação de bovinos para leite,T1,2013,2025,1.06267360705866,0.632411067193676,1.695084674252336
2202539,Caraúbas do Piauí,Criação de frangos para corte,T1,2022,2025,3.02575647407573,2.80276816608997,5.8285246401657
2202539,Caraúbas do Piauí,Cultivo de outros cereais não especificados anteriormente,T1,2022,2025,2.11327143256074,1.80276816608997,3.91603959865071
2202554,Caridade do Piauí,Casas lotéricas,T1,2022,2025,1.13050464175196,0.186757215619694,1.317261857371654
2202554,Caridade do Piauí,Comércio varejista de calçados,T1,2022,2025,1.04867291015473,0.186757215619694,1.235430125774424
2202554,Caridade do Piauí,Construção de edifícios,T1,2022,2025,4.88811004262559,4.18675721561969,9.07486725824528
2202604,Castelo do Piauí,Administração pública em geral,T1,2022,2025,153.079372477462,154.404455869752,307.483828347214
2202604,Castelo do Piauí,Atividade médica ambulatorial restrita a consultas,T2,2018,2025,1.5013666902254,1.70905763952425,3.21042432974965
2202604,Castelo do Piauí,Atividades associativas não especificadas anteriormente,T1,2022,2025,8.92757677406578,8.79091688089117,17.71849365495695
2202604,Castelo do Piauí,Atividades de associações de defesa de direitos sociais,T1,2022,2025,3.56083476189093,3.37275064267352,6.93358540456445
2202604,Castelo do Piauí,Atividades de contabilidade,T2,2018,2025,0.666599489207025,0.41811527904849,1.0847147682555152
2202604,Castelo do Piauí,Atividades do Correio Nacional,T2,2018,2025,1.58514166854059,0.127172918572736,1.7123145871133258
2202604,Castelo do Piauí,Casas lotéricas,T1,2013,2025,1.85300744514107,1.26019417475728,3.11320161989835
2202604,Castelo do Piauí,Comercio varejista de artigos de armarinho,T2,2018,2025,2.27003176172997,1.41811527904849,3.6881470407784605
2202604,Castelo do Piauí,"Comercio varejista de artigos de cama, mesa e banho",T1,2022,2025,1.95784438556041,1.79091688089117,3.74876126645158
2202604,Castelo do Piauí,Comércio a varejo de peças e acessórios novos para veículos automotores,T1,2013,2025,6.74292059966685,5.89029126213592,12.63321186180277
2202604,Castelo do Piauí,Comércio atacadista de cereais e leguminosas beneficiados,T2,2018,2025,0.866238532110092,0.836230558096981,1.7024690902070732
2202604,Castelo do Piauí,Comércio atacadista de produtos alimentícios em geral,T1,2022,2025,10.6906737744559,10.5364181662382,21.227091940694102
2202604,Castelo do Piauí,Comércio varejista de animais vivos e de artigos e alimentos para animais de estimação,T1,2022,2025,1.01402487136459,0.790916880891174,1.804941752255764
2202604,Castelo do Piauí,Comércio varejista de artigos do vestuário e acessórios,T2,2018,2025,8.59586265161317,5.09057639524245,13.686439046855622
2202604,Castelo do Piauí,Comércio varejista de combustíveis para veículos automotores,T1,2013,2025,3.54820627475901,2.04077669902913,5.58898297378814
2202604,Castelo do Piauí,"Comércio varejista de cosméticos, produtos de perfumaria e de higiene pessoal",T1,2022,2025,1.53789617185582,1.58183376178235,3.11972993363817
2202604,Castelo do Piauí,Comércio varejista de materiais de construção em geral,T1,2013,2025,15.5089438733808,12.9718446601942,28.480788533575
2202604,Castelo do Piauí,"Comércio varejista de mercadorias em geral, com predominância de produtos alimentícios - minimercados, mercearias e armazéns",T1,2013,2025,12.5538991101732,9.45145631067961,22.00535542085281
2202604,Castelo do Piauí,Comércio varejista de mercadorias em lojas de conveniência,T1,2022,2025,0.678233648594645,0.581833761782348,1.260067410376993
2202604,Castelo do Piauí,"Comércio varejista de produtos farmacêuticos, sem manipulação de fórmulas",T1,2013,2025,7.34482007826522,8.82135922330097,16.16617930156619
2202604,Castelo do Piauí,Ensino médio,T1,2022,2025,0.645062711283132,0.95458440445587,1.599647115739002
2202604,Castelo do Piauí,Fabricação de aguardente de cana-de-açúcar,T1,2013,2025,52.6179212188032,21.4640776699029,74.0819988887061
2202604,Castelo do Piauí,"Fabricação de artigos do vestuário, produzidos em malharias e tricotagens, exceto meias",T2,2018,2025,4.81704797612671,4.12717291857274,8.94422089469945
2202604,Castelo do Piauí,Fabricação de produtos de padaria e confeitaria com predominância de produção própria,T2,2018,2025,15.0538423277792,21.2543458371455,36.3081881649247
2202604,Castelo do Piauí,Laboratórios clínicos,T2,2018,2025,1.71602858601327,1.70905763952425,3.42508622553752
2202604,Castelo do Piauí,"Lojas de departamentos ou magazines, exceto lojas francas (Duty free)",T1,2022,2025,5.76330148363503,3.11825192802057,8.8815534116556
2202604,Castelo do Piauí,"Lojas de variedades, exceto lojas de departamentos ou magazines",T2,2018,2025,2.85087562772439,2.41811527904849,5.2689909067728795
2202604,Castelo do Piauí,Serviços de comunicação multimídia - SCM,T1,2022,2025,9.35891270256142,8.44558697514996,17.80449967771138
2202653,Caxingó,Casas lotéricas,T2,2022,2025,0.130504641751964,0.032171581769437,0.162676223521401
2202653,Caxingó,Comércio varejista de combustíveis para veículos automotores,T2,2018,2025,7.41120894859145,7.93239436619718,15.34360331478863
2202653,Caxingó,Comércio varejista de gás liqüefeito de petróleo (GLP),T2,2018,2025,1.04292583080696,0.983098591549296,2.0260244223562562
2202653,Caxingó,"Comércio varejista de produtos farmacêuticos, sem manipulação de fórmulas",T2,2018,2025,1.74913250962284,1.9830985915493,3.73223110117214
2202653,Caxingó,"Fabricação de artefatos de cerâmica e barro cozido para uso na construção, exceto azulejos e pisos",T2,2022,2025,0.442232478589484,0.160857908847185,0.603090387436669
2202653,Caxingó,Serviços de comunicação multimídia - SCM,T2,2018,2025,1.67480755246859,3.9830985915493,5.65790614401789
2202703,Cocal,"Aparelhamento de placas e execução de trabalhos em mármore, granito, ardósia e outras pedras",T1,2022,2025,1.99739000745712,0.926829268292683,2.924219275749803
2202703,Cocal,Comercio varejista de artigos de armarinho,T1,2022,2025,8.00303123489874,4.78048780487805,12.783519039776792
2202703,Cocal,"Comércio a varejo de automóveis, camionetas e utilitários usados",T1,2022,2025,1.92196353600893,0.926829268292683,2.848792804301613
2202703,Cocal,Comércio a varejo de peças e acessórios novos para motocicletas e motonetas,T1,2018,2025,5.83611967754153,5.5,11.336119677541529
2202703,Cocal,Comércio a varejo de peças e acessórios novos para veículos automotores,T1,2018,2025,4.5333605203315,0.5,5.0333605203315
2202703,Cocal,"Comércio atacadista de mercadorias em geral, com predominância de produtos alimentícios",T1,2013,2025,3.44043510877719,5.21847930702599,8.65891441580318
2202703,Cocal,Comércio varejista de artigos de óptica,T1,2018,2025,7.84949796472185,3.0,10.84949796472185
2202703,Cocal,Comércio varejista de artigos do vestuário e acessórios,T1,2013,2025,8.5902249498609,0.873917228103946,9.464142177964845
2202703,Cocal,Comércio varejista de combustíveis para veículos automotores,T1,2013,2025,19.8223094121385,0.621751684311837,20.444061096450337
2202703,Cocal,"Comércio varejista de mercadorias em geral, com predominância de produtos alimentícios - minimercados, mercearias e armazéns",T1,2013,2025,22.3692660734488,6.18479307025986,28.55405914370866
2202703,Cocal,"Comércio varejista de mercadorias em geral, com predominância de produtos alimentícios - supermercados",T1,2018,2025,33.7999001143551,32.5,66.2999001143551
2202703,Cocal,"Comércio varejista de produtos farmacêuticos, sem manipulação de fórmulas",T1,2013,2025,21.0985200223615,15.8739172281039,36.972437250465404
2202703,Cocal,Comércio varejista especializado de equipamentos de telefonia e comunicação,T1,2022,2025,1.96192653519975,0.926829268292683,2.8887558034924328
2202703,Cocal,Construção de edifícios,T1,2018,2025,18.4947631351244,17.5,35.9947631351244
2202703,Cocal,Cultivo de soja,T1,2022,2025,8.85545182519117,6.85365853658537,15.709110361776538
2202703,Cocal,Ensino fundamental,T1,2013,2025,1441.06280816493,1444.43695861405,2885.49976677898
2202703,Cocal,Fabricação de móveis com predominância de madeira,T1,2022,2025,5.95425803161652,4.92682926829268,10.8810872999092
2202703,Cocal,"Fabricação de outros artefatos e produtos de concreto, cimento, fibrocimento, gesso e materiais semelhantes",T1,2013,2025,2.40997733983383,0.218479307025987,2.628456646859817
2202703,Cocal,Obras de alvenaria,T1,2022,2025,4.77850032619904,3.92682926829268,8.70532959449172
2202711,Cocal de Telha,Comércio varejista de combustíveis para veículos automotores,T2,2018,2025,3.41120894859145,3.55555555555556,6.96676450414701
2202711,Cocal de Telha,Comércio varejista de materiais de construção em geral,T2,2018,2025,1.72792066343104,2.44444444444444,4.17236510787548
2202711,Cocal de Telha,"Comércio varejista de mercadorias em geral, com predominância de produtos alimentícios - minimercados, mercearias e armazéns",T2,2013,2025,4.83692660734488,4.87755102040816,9.714477627753041
2202711,Cocal de Telha,Comércio varejista de móveis,T2,2013,2025,5.71068006069507,4.63265306122449,10.34333312191956
2202711,Cocal de Telha,"Comércio varejista de produtos farmacêuticos, sem manipulação de fórmulas",T2,2013,2025,3.52463000559037,3.87755102040816,7.40218102599853
2202711,Cocal de Telha,Cultivo de soja,T2,2022,2025,5.40997007710291,4.55555555555556,9.96552563265847
2202729,Cocal dos Alves,Administração pública em geral,T1,2022,2025,49.8888928724795,2.6595744680851,52.5484673405646
2202729,Cocal dos Alves,Comércio varejista de combustíveis para veículos automotores,T1,2022,2025,2.90493829161803,2.63525835866261,5.54019665028064
2202729,Cocal dos Alves,Comércio varejista de materiais de construção em geral,T1,2018,2025,1.74558413268621,1.47278911564626,3.21837324833247
2202729,Cocal dos Alves,"Comércio varejista de produtos farmacêuticos, sem manipulação de fórmulas",T1,2018,2025,3.74913250962284,3.47278911564626,7.2219216252691
2202729,Cocal dos Alves,Comércio varejista especializado de eletrodomésticos e equipamentos de áudio e vídeo,T1,2013,2025,1.38817496860611,0.579113924050633,1.9672888926567431
2202737,Coivaras,Administração pública em geral,T2,2013,2025,18.9875793647466,6.00858369098712,24.99616305573372
2202737,Coivaras,Atividades do Correio Nacional,T2,2022,2025,0.108751582048675,0.182890855457227,0.291642437505902
2202737,Coivaras,Comercio varejista de artigos de armarinho,T2,2022,2025,0.0020208232658261,0.365781710914454,0.3678025341802801
2202737,Coivaras,Comércio varejista de combustíveis para veículos automotores,T2,2018,2025,0.558406711443589,0.922222222222222,1.4806289336658112
2202737,Coivaras,Comércio varejista de materiais de construção em geral,T2,2022,2025,0.0009410804456274,0.548672566371681,0.5496136468173084
2202737,Coivaras,Comércio varejista de móveis,T2,2022,2025,1.1391307917708,1.73156342182891,2.8706942135997098
2202737,Coivaras,"Comércio varejista de produtos farmacêuticos, sem manipulação de fórmulas",T2,2018,2025,4.24739752886853,4.92222222222222,9.16961975109075
2202737,Coivaras,Locação de automóveis sem condutor,T2,2022,2025,0.788888888888889,1.18289085545723,1.971779744346119
2202737,Coivaras,Serviços de engenharia,T2,2022,2025,1.4127959816566,2.54867256637168,3.96146854802828
2202752,Colônia do Gurguéia,Atividades de organizações religiosas,T1,2022,2025,0.956748867550081,0.6796875,1.636436367550081
2202752,Colônia do Gurguéia,Casas lotéricas,T1,2022,2025,1.13050464175196,0.6796875,1.81019214175196
2202752,Colônia do Gurguéia,Comércio a varejo de peças e acessórios novos para veículos automotores,T1,2013,2025,7.74292059966685,6.91129032258065,14.6542109222475
2202752,Colônia do Gurguéia,Comércio varejista de bebidas,T1,2022,2025,0.90861357032405,0.6796875,1.58830107032405
2202752,Colônia do Gurguéia,Comércio varejista de combustíveis para veículos automotores,T1,2013,2025,14.548206274759,13.0967741935484,27.644980468307402
2202752,Colônia do Gurguéia,Comércio varejista de materiais de construção em geral,T1,2013,2025,12.7636286249148,12.6370967741935,25.4007253991083
2202752,Colônia do Gurguéia,"Comércio varejista de mercadorias em geral, com predominância de produtos alimentícios - minimercados, mercearias e armazéns",T1,2018,2025,18.3899828387521,13.619335347432,32.0093181861841
2202752,Colônia do Gurguéia,Comércio varejista de móveis,T1,2013,2025,8.71068006069507,6.91129032258065,15.62197038327572
2202752,Colônia do Gurguéia,"Comércio varejista de produtos farmacêuticos, sem manipulação de fórmulas",T1,2018,2025,4.49826501924569,3.93655589123867,8.43482091048436
2202752,Colônia do Gurguéia,Criação de bovinos para corte,T1,2013,2025,0.818113455844339,0.637096774193548,1.455210230037887
2202752,Colônia do Gurguéia,"Fabricação de artefatos de cerâmica e barro cozido para uso na construção, exceto azulejos e pisos",T1,2022,2025,1.17689299143579,0.359375,1.53626799143579
2202752,Colônia do Gurguéia,"Fabricação de óleos vegetais em bruto, exceto óleo de milho",T1,2022,2025,3.63060993838638,3.359375,6.98998493838638
2202752,Colônia do Gurguéia,Hotéis,T1,2022,2025,2.16901482549269,1.078125,3.24713982549269
2202752,Colônia do Gurguéia,"Lojas de departamentos ou magazines, exceto lojas francas (Duty free)",T1,2022,2025,3.33924510383779,1.71875,5.05799510383779
2202752,Colônia do Gurguéia,"Produção de sementes certificadas, exceto de forrageiras para pasto",T1,2022,2025,5.19496124031008,4.6796875,9.87464874031008
2202778,Colônia do Piauí,Administração pública em geral,T1,2013,2025,268.859490299631,28.6363636363636,297.4958539359946
2202778,Colônia do Piauí,Casas lotéricas,T1,2018,2025,2.17381522758046,1.31506849315068,3.48888372073114
2202778,Colônia do Piauí,Comércio varejista de artigos de papelaria,T1,2022,2025,0.947881593714927,0.696808510638298,1.644690104353225
2202778,Colônia do Piauí,Comércio varejista de materiais de construção em geral,T1,2018,2025,3.49116826537242,3.31506849315068,6.8062367585231005
2202778,Colônia do Piauí,Comércio varejista de móveis,T1,2018,2025,7.01309134030139,6.65753424657534,13.67062558687673
2202802,Conceição do Canindé,Comércio varejista de artigos do vestuário e acessórios,T2,2018,2025,0.178758795483951,0.470149253731343,0.648908049215294
2202802,Conceição do Canindé,Comércio varejista de móveis,T2,2013,2025,2.23689335356502,1.95852534562212,4.19541869918714
2202802,Conceição do Canindé,"Comércio varejista de produtos farmacêuticos, sem manipulação de fórmulas",T2,2018,2025,2.74913250962284,3.15671641791045,5.90584892753329
2202851,Coronel José Dias,Administração pública em geral,T1,2022,2025,102.639251863852,56.7189189189189,159.3581707827709
2202851,Coronel José Dias,"Albergues, exceto assistenciais",T1,2013,2025,14.0,5.13793103448276,19.13793103448276
2202851,Coronel José Dias,Coleta de resíduos não-perigosos,T1,2018,2025,39.8052715327777,39.141065830721,78.9463373634987
2202851,Coronel José Dias,"Comércio varejista de mercadorias em geral, com predominância de produtos alimentícios - minimercados, mercearias e armazéns",T1,2013,2025,2.83692660734488,2.11379310344828,4.95071971079316
2202851,Coronel José Dias,Padaria e confeitaria com predominância de revenda,T1,2018,2025,12.2239346895298,10.5705329153605,22.7944676048903
2202901,Corrente,Administração pública em geral,T1,2013,2025,1887.84706966438,1329.51127819549,3217.35834785987
2202901,Corrente,Atividade médica ambulatorial com recursos para realização de exames complementares,T1,2022,2025,4.5337214809037,1.03835939805252,5.5720808789562195
2202901,Corrente,Atividade médica ambulatorial com recursos para realização de procedimentos cirúrgicos,T1,2018,2025,4.01874205844981,3.11227154046997,7.13101359891978
2202901,Corrente,Atividade médica ambulatorial restrita a consultas,T1,2022,2025,3.84645635745138,3.66922395987017,7.51568031732155
2202901,Corrente,Atividade odontológica com recursos para realização de procedimentos cirúrgicos,T1,2013,2025,9.81370771506274,6.75187969924812,16.565587414310862
2202901,Corrente,Atividades de cobrança e informações cadastrais,T1,2022,2025,0.896467449414975,0.0076718796105045,0.9041393290254796
2202901,Corrente,Atividades de contabilidade,T1,2022,2025,13.9979384484284,7.39215107701387,21.39008952544227
2202901,Corrente,Atividades de sonorização e de iluminação,T1,2022,2025,0.279953917050691,0.669223959870168,0.949177876920859
2202901,Corrente,"Bares e outros estabelecimentos especializados em servir bebidas, com entretenimento",T1,2022,2025,1.6771927787775,1.66922395987017,3.3464167386476698
2202901,Corrente,Cartórios,T1,2022,2025,1.42523937623038,0.346119799350841,1.771359175581221
2202901,Corrente,Coleta de resíduos não-perigosos,T1,2018,2025,10.4513178831944,10.0374238468233,20.4887417300177
2202901,Corrente,Comércio a varejo de motocicletas e motonetas novas,T1,2022,2025,4.05562537566253,5.04603127766303,9.10165665332556
2202901,Corrente,Comércio a varejo de peças e acessórios novos para motocicletas e motonetas,T1,2018,2025,3.67223935508305,4.07484769364665,7.7470870487297
2202901,Corrente,Comércio a varejo de pneumáticos e câmaras-de-ar,T1,2018,2025,11.8583595630439,7.18711923411662,19.04547879716052
2202901,Corrente,Comércio atacadista de cereais e leguminosas beneficiados,T1,2022,2025,0.648552605310441,0.0076718796105045,0.6562244849209455
2202901,Corrente,Comércio atacadista de cosméticos e produtos de perfumaria,T1,2018,2025,5.65328901987835,0.336814621409922,5.990103641288272
2202901,Corrente,"Comércio atacadista de defensivos agrícolas, adubos, fertilizantes e corretivos do solo",T1,2022,2025,3.67224669603524,2.01534375922101,5.687590455256251
2202901,Corrente,Comércio atacadista de matérias-primas agrícolas não especificadas anteriormente,T1,2018,2025,1.82827702105077,1.03742384682332,2.86570086787409
2202901,Corrente,"Comércio atacadista de mercadorias em geral, com predominância de insumos agropecuários",T1,2022,2025,6.64771210098313,6.00767187961051,12.65538398059364
2202901,Corrente,"Comércio atacadista de mercadorias em geral, com predominância de produtos alimentícios",T1,2022,2025,29.3431608174476,31.1534375922101,60.4965984096577
2202901,Corrente,"Comércio atacadista de máquinas, aparelhos e equipamentos para uso agropecuário, partes e peças",T1,2022,2025,1.70120299804749,1.0076718796105,2.70887487765799
2202901,Corrente,Comércio varejista de animais vivos e de artigos e alimentos para animais de estimação,T1,2018,2025,4.58807708833967,4.03742384682332,8.62550093516299
2202901,Corrente,Comércio varejista de artigos de papelaria,T1,2018,2025,6.12615490760739,0.261966927763273,6.388121835370663
2202901,Corrente,Comércio varejista de artigos de óptica,T1,2018,2025,9.27424694708277,5.22454308093995,14.498790028022718
2202901,Corrente,Comércio varejista de bebidas,T1,2013,2025,9.66964188527267,5.83458646616541,15.50422835143808
2202901,Corrente,Comércio varejista de calçados,T1,2022,2025,10.3893832812379,7.35379167896135,17.743174960199248
2202901,Corrente,Comércio varejista de carnes - açougues,T1,2013,2025,2.78373306997743,0.917293233082707,3.7010263030601367
2202901,Corrente,Comércio varejista de combustíveis para veículos automotores,T1,2018,2025,50.9648917230624,17.5343777197563,68.4992694428187
2202901,Corrente,"Comércio varejista de cosméticos, produtos de perfumaria e de higiene pessoal",T1,2022,2025,2.38263660149536,1.68456771909118,4.06720432058654
2202901,Corrente,Comércio varejista de ferragens e ferramentas,T1,2022,2025,0.929996481804062,0.338447919740336,1.268444401544398
2202901,Corrente,Comércio varejista de materiais de construção não especificados anteriormente,T1,2013,2025,7.93043602983362,2.83458646616541,10.76502249599903
2202901,Corrente,Comércio varejista de materiais hidráulicos,T1,2018,2025,13.5086469023185,13.0374238468233,26.546070749141798
2202901,Corrente,Comércio varejista de medicamentos veterinários,T1,2022,2025,2.02805247225025,1.66922395987017,3.69727643212042
2202901,Corrente,"Comércio varejista de mercadorias em geral, com predominância de produtos alimentícios - minimercados, mercearias e armazéns",T1,2013,2025,85.9447248276913,26.4360902255639,112.3808150532552
2202901,Corrente,Comércio varejista de móveis,T1,2018,2025,31.0130913403014,30.0374238468233,61.0505151871247
2202901,Corrente,Comércio varejista de outros produtos não especificados anteriormente,T1,2013,2025,15.494447549908,0.50375939849624,15.998206948404238
2202901,Corrente,"Comércio varejista de produtos farmacêuticos, sem manipulação de fórmulas",T1,2013,2025,25.8201900726748,4.92481203007519,30.745002102749993
2202901,Corrente,Comércio varejista especializado de eletrodomésticos e equipamentos de áudio e vídeo,T1,2018,2025,10.233439137335,3.22454308093995,13.457982218274951
2202901,Corrente,Comércio varejista especializado de equipamentos de telefonia e comunicação,T1,2022,2025,6.92385307039951,6.33844791974034,13.262300990139849
2202901,Corrente,Comércio varejista especializado de equipamentos e suprimentos de informática,T1,2018,2025,3.02459959719958,0.149695387293299,3.174294984492879
2202901,Corrente,Construção de edifícios,T1,2018,2025,46.4528682161194,42.3368146214099,88.7896828375293
2202901,Corrente,Cultivo de arroz,T1,2022,2025,3.06508783748769,2.33844791974034,5.403535757228029
2202901,Corrente,Cultivo de outros cereais não especificados anteriormente,T1,2022,2025,5.67962859536442,3.01534375922101,8.694972354585431
2202901,Corrente,Educação infantil - pré-escola,T1,2013,2025,25.1600339124603,10.1729323308271,35.3329662432874
2202901,Corrente,Fabricação de alimentos para animais,T1,2018,2025,5.99607393198401,5.07484769364665,11.07092162563066
2202901,Corrente,Fabricação de artefatos de cimento para uso na construção,T1,2022,2025,2.98881509961552,2.33844791974034,5.327263019355859
2202901,Corrente,"Fabricação de artigos de serralheria, exceto esquadrias",T1,2022,2025,1.89817813765182,1.66922395987017,3.56740209752199
2202901,Corrente,"Fabricação de especiarias, molhos, temperos e condimentos",T1,2022,2025,9.26545404814004,7.03835939805252,16.30381344619256
2202901,Corrente,Fabricação de esquadrias de metal,T1,2013,2025,6.16804849781581,1.83458646616541,8.002634963981219
2202901,Corrente,"Fabricação de estruturas pré-moldadas de concreto armado, em série e sob encomenda",T1,2013,2025,37.2945129332707,29.6691729323308,66.9636858656015
2202901,Corrente,Fabricação de produtos cerâmicos não-refratários não especificados anteriormente,T1,2022,2025,2.34231521902755,0.676895839480673,3.019211058508223
2202901,Corrente,Fabricação de produtos de padaria e confeitaria com predominância de produção própria,T1,2018,2025,49.6756403879632,50.0374238468233,99.7130642347865
2202901,Corrente,Fabricação de produtos de panificação industrial,T1,2022,2025,18.8730738037307,18.6692239598702,37.5422977636009
2202901,Corrente,Fabricação de sorvetes e outros gelados comestíveis,T1,2013,2025,14.6073197347436,12.9172932330827,27.5246129678263
2202901,Corrente,Formação de condutores,T1,2018,2025,3.61243526501007,0.149695387293299,3.762130652303369
2202901,Corrente,Preparação de massa de concreto e argamassa para construção,T1,2018,2025,0.224565582959641,0.0374238468233247,0.2619894297829657
2202901,Corrente,Restaurantes e similares,T1,2013,2025,33.2572886795029,12.0075187969925,45.2648074764954
2202901,Corrente,Serviços advocatícios,T1,2022,2025,12.8794923650667,12.0076718796105,24.8871642446772
2202901,Corrente,Serviços de agronomia e de consultoria às atividades agrícolas e pecuárias,T1,2022,2025,12.6308330452817,11.6768958394807,24.307728884762398
2202901,Corrente,Serviços de comunicação multimídia - SCM,T1,2022,2025,26.6892838473602,26.3384479197403,53.027731767100505
2202901,Corrente,Transporte escolar,T1,2022,2025,0.711864406779661,0.669223959870168,1.381088366649829
2202901,Corrente,"Transporte rodoviário de carga, exceto produtos perigosos e mudanças, municipal",T1,2022,2025,2.81160681659635,2.66922395987017,5.4808307764665205
2203008,Cristalândia do Piauí,Comercio varejista de artigos de armarinho,T1,2022,2025,1.00202082326583,0.272277227722772,1.2742980509886022
2203008,Cristalândia do Piauí,Comércio varejista de combustíveis para veículos automotores,T1,2018,2025,5.41120894859145,4.27532467532468,9.68653362391613
2203008,Cristalândia do Piauí,Comércio varejista de materiais de construção em geral,T1,2013,2025,7.76362862491478,6.83921568627451,14.60284431118929
2203008,Cristalândia do Piauí,"Comércio varejista de mercadorias em geral, com predominância de produtos alimentícios - minimercados, mercearias e armazéns",T1,2013,2025,17.0215596440693,11.0352941176471,28.056853761716397
2203008,Cristalândia do Piauí,"Comércio varejista de mercadorias em geral, com predominância de produtos alimentícios - supermercados",T1,2022,2025,17.9213021465263,17.6361386138614,35.557440760387706
2203008,Cristalândia do Piauí,Comércio varejista de móveis,T1,2013,2025,4.23689335356502,2.83921568627451,7.07610903983953
2203008,Cristalândia do Piauí,"Comércio varejista de produtos farmacêuticos, sem manipulação de fórmulas",T1,2018,2025,6.74913250962284,6.56883116883117,13.31796367845401
2203008,Cristalândia do Piauí,Cultivo de soja,T1,2022,2025,2.78317773778676,1.90841584158416,4.69159357937092
2203008,Cristalândia do Piauí,"Lojas de variedades, exceto lojas de departamentos ou magazines",T1,2022,2025,0.811559063997745,0.636138613861386,1.447697677859131
2203107,Cristino Castro,Administração pública em geral,T1,2018,2025,626.171718735834,162.683229813665,788.854948549499
2203107,Cristino Castro,Atividade odontológica com recursos para realização de procedimentos cirúrgicos,T1,2018,2025,2.42350902790443,1.57453416149068,3.9980431893951103
2203107,Cristino Castro,Cartórios,T1,2022,2025,2.88504787524608,2.16666666666667,5.05171454191275
2203107,Cristino Castro,Comércio atacadista de cereais e leguminosas beneficiados,T1,2022,2025,3.88285086843681,3.16666666666667,7.04951753510348
2203107,Cristino Castro,Comércio varejista de artigos do vestuário e acessórios,T1,2022,2025,1.98464528422525,0.333333333333333,2.317978617558583
2203107,Cristino Castro,Comércio varejista de combustíveis para veículos automotores,T1,2018,2025,13.2640111857393,6.87267080745341,20.13668199319271
2203107,Cristino Castro,"Comércio varejista de mercadorias em geral, com predominância de produtos alimentícios - minimercados, mercearias e armazéns",T1,2013,2025,21.5323394661039,10.828313253012,32.3606527191159
2203107,Cristino Castro,Comércio varejista de móveis,T1,2018,2025,27.0392740209042,22.723602484472,49.7628765053762
2203107,Cristino Castro,"Comércio varejista de produtos farmacêuticos, sem manipulação de fórmulas",T1,2013,2025,18.6231500279519,14.2379518072289,32.861101835180804
2203107,Cristino Castro,Comércio varejista especializado de equipamentos e suprimentos de informática,T1,2018,2025,6.26844969789968,2.72360248447205,8.99205218237173
2203107,Cristino Castro,Criação de bovinos para corte,T1,2022,2025,6.0108663710415,3.5,9.5108663710415
2203107,Cristino Castro,Formação de condutores,T1,2022,2025,6.34127838433543,2.66666666666667,9.0079450510021
2203107,Cristino Castro,Obras de montagem industrial,T1,2022,2025,6.78845282041319,4.5,11.288452820413191
2203107,Cristino Castro,Restaurantes e similares,T1,2022,2025,7.06613503024404,2.16666666666667,9.23280169691071
2203107,Cristino Castro,Transporte rodoviário de produtos perigosos,T1,2018,2025,1.62912321252036,0.574534161490683,2.2036573740110432
2203206,Curimatá,Administração pública em geral,T1,2022,2025,271.357149259342,47.3253012048193,318.6824504641613
2203206,Curimatá,Atividades de associações de defesa de direitos sociais,T1,2018,2025,3.39446052588133,2.49365303244006,5.88811355832139
2203206,Curimatá,Atividades de contabilidade,T1,2013,2025,3.15243109122181,1.74047954866008,4.89291063988189
2203206,Curimatá,Comércio a varejo de peças e acessórios novos para motocicletas e motonetas,T1,2022,2025,0.930643565680062,0.336010709504685,1.266654275184747
2203206,Curimatá,Comércio a varejo de peças e acessórios novos para veículos automotores,T1,2022,2025,1.90335789308669,0.672021419009371,2.575379312096061
2203206,Curimatá,Comércio varejista de artigos de óptica,T1,2013,2025,1.56729622416474,1.24682651622003,2.8141227403847697
2203206,Curimatá,Comércio varejista de gás liqüefeito de petróleo (GLP),T1,2018,2025,8.04292583080696,7.24682651622003,15.28975234702699
2203206,Curimatá,Comércio varejista de medicamentos veterinários,T1,2018,2025,0.920421430172607,0.246826516220028,1.167247946392635
2203206,Curimatá,"Comércio varejista de mercadorias em geral, com predominância de produtos alimentícios - minimercados, mercearias e armazéns",T1,2013,2025,13.3477064293795,10.9873060648801,24.3350124942596
2203206,Curimatá,Comércio varejista de móveis,T1,2022,2025,9.2434788855989,4.3520749665328,13.595553852131701
2203206,Curimatá,"Comércio varejista de produtos farmacêuticos, sem manipulação de fórmulas",T1,2013,2025,12.5246300055904,12.24682651622,24.7714565218104
2203206,Curimatá,Construção de edifícios,T1,2022,2025,3.66433012787678,2.00803212851406,5.67236225639084
2203206,Curimatá,"Construção de redes de abastecimento de água, coleta de esgoto e construções correlatas, exceto obras de irrigação",T1,2022,2025,2.52662761731637,2.33601070950469,4.86263832682106
2203206,Curimatá,Criação de bovinos para corte,T1,2018,2025,1.75810999052766,0.493653032440056,2.251763022967716
2203206,Curimatá,Extração de calcário e dolomita e beneficiamento associado,T1,2018,2025,43.1801753919745,42.4936530324401,85.67382842441461
2203206,Curimatá,"Transporte rodoviário de carga, exceto produtos perigosos e mudanças, intermunicipal, interestadual e internacional",T1,2013,2025,34.8621309561317,31.7023977433004,66.5645286994321
2203230,Currais,Administração pública em geral,T1,2018,2025,347.147001563711,69.3571428571429,416.5041444208539
2203230,Currais,Comércio atacadista de soja,T1,2013,2025,4.63442099663061,2.74,7.37442099663061
2203230,Currais,"Comércio varejista de mercadorias em geral, com predominância de produtos alimentícios - minimercados, mercearias e armazéns",T1,2022,2025,1.9311353742953,0.792341678939617,2.723477053234917
2203230,Currais,Criação de bovinos para corte,T1,2018,2025,67.9763748815958,31.1785714285714,99.1549463101672
2203230,Currais,Cultivo de arroz,T1,2018,2025,43.1264330167049,41.4071428571429,84.53357587384781
2203230,Currais,Cultivo de milho,T1,2022,2025,1.65153903058763,1.39617083946981,3.04770987005744
2203230,Currais,"Fabricação de artefatos de cerâmica e barro cozido para uso na construção, exceto azulejos e pisos",T1,2022,2025,10.2653394871537,8.18851251840942,18.45385200556312
2203271,Curral Novo do Piauí,Comércio varejista de calçados,T1,2022,2025,2.09734582030947,1.64622641509434,3.7435722354038097
2203271,Curral Novo do Piauí,"Comércio varejista de produtos farmacêuticos, sem manipulação de fórmulas",T1,2022,2025,0.861264600443158,0.64622641509434,1.5074910155374979
2203271,Curral Novo do Piauí,Construção de edifícios,T1,2022,2025,4.76220085251188,3.4622641509434,8.224465003455279
2203271,Curral Novo do Piauí,"Fabricação de motores elétricos, peças e acessórios",T1,2022,2025,7.61174505983857,7.58490566037736,15.19665072021593
2203255,Curralinhos,Administração pública em geral,T1,2022,2025,95.9480542761244,12.6813186813187,108.6293729574431
2203255,Curralinhos,"Comércio varejista de mercadorias em geral, com predominância de produtos alimentícios - minimercados, mercearias e armazéns",T1,2013,2025,4.83692660734488,0.686046511627907,5.5229731189727875
2203305,Demerval Lobão,Administração pública em geral,T1,2022,2025,154.805921518212,38.1420959147424,192.94801743295437
2203305,Demerval Lobão,Atividades de apoio à agricultura não especificadas anteriormente,T1,2013,2025,1.55044130354277,1.04171494785632,2.59215625139909
2203305,Demerval Lobão,"Atividades de produção cinematográfica, de vídeos e de programas de televisão não especificadas anteriormente",T1,2022,2025,1.86866814924636,1.49911190053286,3.3677800497792196
2203305,Demerval Lobão,Comercio varejista de artigos de armarinho,T1,2022,2025,1.00101041163291,0.49911190053286,1.5001223121657699
2203305,Demerval Lobão,Comércio varejista de animais vivos e de artigos e alimentos para animais de estimação,T1,2018,2025,4.58807708833967,4.30321285140562,8.89128993974529
2203305,Demerval Lobão,Comércio varejista de artigos do vestuário e acessórios,T1,2018,2025,7.23834506064527,4.21285140562249,11.45119646626776
2203305,Demerval Lobão,Comércio varejista de bebidas,T1,2013,2025,1.66964188527267,0.0834298957126303,1.7530717809853003
2203305,Demerval Lobão,"Comércio varejista de cosméticos, produtos de perfumaria e de higiene pessoal",T1,2022,2025,0.768948085927908,0.49911190053286,1.268059986460768
2203305,Demerval Lobão,Comércio varejista de gás liqüefeito de petróleo (GLP),T1,2018,2025,6.04292583080696,5.30321285140562,11.34613868221258
2203305,Demerval Lobão,Comércio varejista de hortifrutigranjeiros,T1,2013,2025,1.42252585463947,1.04171494785632,2.46424080249579
2203305,Demerval Lobão,Comércio varejista de materiais de construção em geral,T1,2013,2025,19.5817717494887,15.2502896871379,34.8320614366266
2203305,Demerval Lobão,"Comércio varejista de mercadorias em geral, com predominância de produtos alimentícios - hipermercados",T1,2022,2025,9.80658711856622,8.49733570159858,18.3039228201648
2203305,Demerval Lobão,Construção de edifícios,T1,2018,2025,33.4423944863682,31.3353413654618,64.77773585183
2203305,Demerval Lobão,Educação infantil - pré-escola,T1,2022,2025,3.6032015735655,1.99644760213144,5.59964917569694
2203305,Demerval Lobão,Fabricação de produtos de panificação industrial,T1,2013,2025,12.2578159674756,10.2920046349942,22.5498206024698
2203305,Demerval Lobão,"Lanchonetes, casas de chá, de sucos e similares",T1,2018,2025,4.89070706249559,3.60642570281124,8.49713276530683
2203305,Demerval Lobão,Motéis,T1,2018,2025,6.8633326970796,0.42570281124498,7.28903550832458
2203305,Demerval Lobão,Padaria e confeitaria com predominância de revenda,T1,2022,2025,15.933568617199,14.9982238010657,30.9317924182647
2203305,Demerval Lobão,Reforma de pneumáticos usados,T1,2022,2025,6.36052617333405,0.991119005328597,7.351645178662647
2203305,Demerval Lobão,Restaurantes e similares,T1,2022,2025,6.33295359303146,4.4955595026643,10.82851309569576
2203305,Demerval Lobão,Serviços de comunicação multimídia - SCM,T1,2022,2025,145.824986931521,140.98756660746,286.812553538981
2203305,Demerval Lobão,Serviços de funerárias,T1,2018,2025,4.22523890019664,3.60642570281124,7.83166460300788
2203305,Demerval Lobão,"Transporte rodoviário de carga, exceto produtos perigosos e mudanças, intermunicipal, interestadual e internacional",T1,2018,2025,5.94466172122746,5.60642570281125,11.551087424038709
2203305,Demerval Lobão,"Transporte rodoviário de carga, exceto produtos perigosos e mudanças, municipal",T1,2013,2025,0.607498462472655,0.0417149478563151,0.6492134103289702
2203354,Dirceu Arcoverde,Comércio varejista de combustíveis para veículos automotores,T1,2013,2025,5.2741031373795,4.2970297029703,9.5711328403498
2203354,Dirceu Arcoverde,"Comércio varejista de mercadorias em geral, com predominância de produtos alimentícios - minimercados, mercearias e armazéns",T1,2013,2025,10.3692660734488,7.74257425742574,18.11184033087454
2203354,Dirceu Arcoverde,Comércio varejista de móveis,T2,2018,2025,15.0130913403014,14.7256637168142,29.7387550571156
2203354,Dirceu Arcoverde,Construção de edifícios,T1,2022,2025,7.44055021312797,7.0,14.44055021312797
2203354,Dirceu Arcoverde,"Lojas de departamentos ou magazines, exceto lojas francas (Duty free)",T1,2022,2025,2.50886765575669,0.8,3.30886765575669
2203404,Dom Expedito Lopes,Cartórios,T1,2022,2025,0.770095750492151,0.652173913043478,1.4222696635356291
2203404,Dom Expedito Lopes,Comércio a varejo de peças e acessórios novos para veículos automotores,T1,2013,2025,1.74292059966685,1.10576923076923,2.84868983043608
2203404,Dom Expedito Lopes,"Comércio atacadista de mercadorias em geral, sem predominância de alimentos ou de insumos agropecuários",T1,2022,2025,5.05823135812888,2.56521739130435,7.62344874943323
2203404,Dom Expedito Lopes,Comércio varejista de combustíveis para veículos automotores,T2,2018,2025,14.7920335572179,13.973293768546,28.7653273257639
2203404,Dom Expedito Lopes,"Comércio varejista de mercadorias em geral, com predominância de produtos alimentícios - minimercados, mercearias e armazéns",T1,2013,2025,10.6738532146898,10.4038461538462,21.077699368536
2203404,Dom Expedito Lopes,Comércio varejista de móveis,T1,2022,2025,3.0347826979427,2.82608695652174,5.86086965446444
2203404,Dom Expedito Lopes,"Comércio varejista de produtos farmacêuticos, sem manipulação de fórmulas",T2,2018,2025,0.494795057737066,0.789317507418398,1.2841125651554641
2203404,Dom Expedito Lopes,Educação infantil - pré-escola,T1,2022,2025,2.71040511408789,1.73913043478261,4.4495355488705
2203404,Dom Expedito Lopes,Fabricação de produtos de panificação industrial,T2,2018,2025,2.20364615703335,2.59643916913947,4.80008532617282
2203404,Dom Expedito Lopes,Fabricação de águas envasadas,T2,2018,2025,12.8794492605813,15.5608308605341,28.4402801211154
2203404,Dom Expedito Lopes,Produção de artefatos estampados de metal,T2,2018,2025,2.87104318048943,2.79821958456973,5.66926276505916
2203404,Dom Expedito Lopes,"Transporte rodoviário de carga, exceto produtos perigosos e mudanças, intermunicipal, interestadual e internacional",T1,2022,2025,0.69627120376265,0.652173913043478,1.348445116806128
2203453,Dom Inocêncio,Cartórios,T2,2022,2025,0.425239376230378,1.65104166666667,2.076281042897048
2203453,Dom Inocêncio,Comércio varejista de artigos de óptica,T2,2022,2025,0.947215442644775,1.13020833333333,2.077423775978105
2203453,Dom Inocêncio,Comércio varejista de combustíveis para veículos automotores,T1,2013,2025,10.6370515686898,9.28888888888889,19.92594045757869
2203453,Dom Inocêncio,Comércio varejista de materiais de construção em geral,T1,2018,2025,4.49116826537242,3.30258302583026,7.79375129120268
2203453,Dom Inocêncio,"Comércio varejista de mercadorias em geral, com predominância de produtos alimentícios - minimercados, mercearias e armazéns",T1,2013,2025,12.8369266073449,12.1444444444444,24.9813710517893
2203453,Dom Inocêncio,Comércio varejista de móveis,T2,2022,2025,4.2434788855989,4.91145833333333,9.15493721893223
2203453,Dom Inocêncio,"Comércio varejista de produtos farmacêuticos, sem manipulação de fórmulas",T1,2013,2025,3.04926001118075,2.28888888888889,5.3381489000696405
2203453,Dom Inocêncio,"Lojas de departamentos ou magazines, exceto lojas francas (Duty free)",T2,2022,2025,0.0848112759594479,0.130208333333333,0.2150196092927809
2203453,Dom Inocêncio,Serviços de comunicação multimídia - SCM,T2,2022,2025,7.60177731312075,10.171875,17.77365231312075
2203420,Domingos Mourão,Comércio varejista de artigos de colchoaria,T1,2022,2025,0.961516662888234,0.267045454545455,1.228562117433689
2203420,Domingos Mourão,Comércio varejista de combustíveis para veículos automotores,T1,2018,2025,1.85280223714786,1.39473684210526,3.2475390792531202
2203503,Elesbão Veloso,"Aparelhamento de placas e execução de trabalhos em mármore, granito, ardósia e outras pedras",T2,2022,2025,0.992170022371365,0.954915466499687,1.947085488871052
2203503,Elesbão Veloso,Atividade odontológica com recursos para realização de procedimentos cirúrgicos,T1,2018,2025,0.423509027904432,0.0351515151515152,0.4586605430559472
2203503,Elesbão Veloso,Atividades associativas não especificadas anteriormente,T2,2022,2025,2.85515354813155,2.96994364433312,5.8250971924646695
2203503,Elesbão Veloso,Atividades de apoio à pecuária não especificadas anteriormente,T2,2022,2025,0.823723623139863,0.969943644333125,1.7936672674729879
2203503,Elesbão Veloso,Atividades de condicionamento físico,T2,2022,2025,1.52293569829026,1.98497182216656,3.50790752045682
2203503,Elesbão Veloso,Atividades de contabilidade,T2,2022,2025,2.82572842581364,2.93988728866625,5.765615714479891
2203503,Elesbão Veloso,Atividades de rádio,T2,2022,2025,4.28198650285517,3.93988728866625,8.22187379152142
2203503,Elesbão Veloso,Cartórios,T1,2018,2025,10.4109532420563,8.14060606060606,18.551559302662362
2203503,Elesbão Veloso,Comércio a varejo de peças e acessórios novos para veículos automotores,T1,2013,2025,1.91430686655562,1.19688542825362,3.11119229480924
2203503,Elesbão Veloso,Comércio varejista de artigos do vestuário e acessórios,T1,2018,2025,8.3575175909679,2.21090909090909,10.56842668187699
2203503,Elesbão Veloso,Comércio varejista de combustíveis para veículos automotores,T1,2013,2025,9.82230941213851,2.36262513904338,12.18493455118189
2203503,Elesbão Veloso,"Comércio varejista de cosméticos, produtos de perfumaria e de higiene pessoal",T2,2022,2025,0.306844257783724,0.954915466499687,1.2617597242834109
2203503,Elesbão Veloso,Comércio varejista de gás liqüefeito de petróleo (GLP),T2,2022,2025,1.94527047755394,1.93988728866625,3.88515776622019
2203503,Elesbão Veloso,Comércio varejista de materiais de construção em geral,T2,2022,2025,2.00501909571001,1.759549154665,3.76456825037501
2203503,Elesbão Veloso,Comércio varejista de medicamentos veterinários,T2,2022,2025,1.16831483350151,0.909830932999374,2.0781457665008842
2203503,Elesbão Veloso,"Comércio varejista de mercadorias em geral, com predominância de produtos alimentícios - hipermercados",T2,2022,2025,7.41976135569866,7.86474639949906,15.284507755197719
2203503,Elesbão Veloso,"Comércio varejista de mercadorias em geral, com predominância de produtos alimentícios - supermercados",T1,2013,2025,31.242958286577,23.1501668520578,54.3931251386348
2203503,Elesbão Veloso,"Comércio varejista de produtos farmacêuticos, sem manipulação de fórmulas",T1,2013,2025,7.29556006708447,3.36262513904338,10.65818520612785
2203503,Elesbão Veloso,Comércio varejista de vidros,T1,2018,2025,0.915579499126383,0.0351515151515152,0.9507310142778982
2203503,Elesbão Veloso,Construção de edifícios,T1,2018,2025,13.9790525404975,12.1406060606061,26.119658601103602
2203503,Elesbão Veloso,Criação de bovinos para corte,T1,2018,2025,8.87905499526383,8.03515151515152,16.91420651041535
2203503,Elesbão Veloso,Cultivo de arroz,T2,2022,2025,5.16271959371923,4.92485911083281,10.08757870455204
2203503,Elesbão Veloso,Fabricação de alimentos para animais,T1,2018,2025,1.99607393198401,1.07030303030303,3.0663769622870403
2203503,Elesbão Veloso,Fabricação de produtos de panificação industrial,T2,2022,2025,2.61922141119221,2.95491546649969,5.574136877691901
2203503,Elesbão Veloso,Formação de condutores,T1,2018,2025,0.903108816252516,0.0351515151515152,0.9382603314040312
2203503,Elesbão Veloso,Laboratórios clínicos,T2,2022,2025,0.943942564045148,0.984971822166562,1.92891438621171
2203503,Elesbão Veloso,"Lanchonetes, casas de chá, de sucos e similares",T1,2013,2025,38.7787815367425,37.3937708565072,76.1725523932497
2203503,Elesbão Veloso,Obras de acabamento em gesso e estuque,T2,2022,2025,1.21147314127563,2.90983093299937,4.121304074275001
2203503,Elesbão Veloso,Serviços de comunicação multimídia - SCM,T2,2022,2025,4.0678515420805,4.90983093299937,8.97768247507987
2203503,Elesbão Veloso,"Serviços de diagnóstico por imagem com uso de radiação ionizante, exceto tomografia",T2,2022,2025,0.974781905965727,0.984971822166562,1.959753728132289
2203503,Elesbão Veloso,Serviços de engenharia,T2,2022,2025,0.60853065443773,0.969943644333125,1.578474298770855
2203602,Eliseu Martins,"Captação, tratamento e distribuição de água",T1,2022,2025,0.952105482593287,0.779264214046823,1.73136969664011
2203602,Eliseu Martins,Comércio varejista de combustíveis para veículos automotores,T1,2022,2025,1.23950633294428,0.234113712374582,1.473620045318862
2203602,Eliseu Martins,"Comércio varejista de mercadorias em geral, com predominância de produtos alimentícios - minimercados, mercearias e armazéns",T2,2018,2025,12.8658319032293,12.7585034013605,25.6243353045898
2203602,Eliseu Martins,Comércio varejista de móveis,T2,2018,2025,4.01309134030139,3.75850340136054,7.77159474166193
2203602,Eliseu Martins,"Comércio varejista de produtos farmacêuticos, sem manipulação de fórmulas",T1,2013,2025,3.04926001118075,3.44755244755245,6.4968124587332
2203602,Eliseu Martins,Extração de madeira em florestas plantadas,T2,2018,2025,1.16871042718602,1.75850340136054,2.9272138285465603
2203602,Eliseu Martins,Hotéis,T1,2013,2025,2.74707133400495,2.72377622377622,5.47084755778117
2203602,Eliseu Martins,Serviços de comunicação multimídia - SCM,T1,2022,2025,4.22320961840042,3.89632107023411,8.11953068863453
2203701,Esperantina,Agências de viagens,T1,2022,2025,8.65616707049729,8.62700534759358,17.28317241809087
2203701,Esperantina,Atividade médica ambulatorial com recursos para realização de exames complementares,T1,2018,2025,3.99717580607202,7.40186915887851,11.39904496495053
2203701,Esperantina,Atividade médica ambulatorial com recursos para realização de procedimentos cirúrgicos,T1,2013,2025,5.12260045207652,7.88485316846986,13.007453620546379
2203701,Esperantina,Atividade médica ambulatorial restrita a consultas,T1,2013,2025,7.58981000076458,9.14142194744977,16.73123194821435
2203701,Esperantina,Atividade odontológica com recursos para realização de procedimentos cirúrgicos,T1,2018,2025,31.2705270837133,32.018691588785,63.28921867249831
2203701,Esperantina,Atividades associativas não especificadas anteriormente,T1,2013,2025,41.3193281272096,40.62828438949,81.94761251669959
2203701,Esperantina,Atividades de apoio à agricultura não especificadas anteriormente,T1,2013,2025,3.55044130354277,3.62828438948995,7.17872569303272
2203701,Esperantina,Atividades de associações de defesa de direitos sociais,T1,2018,2025,3.66953289234731,3.4018691588785,7.07140205122581
2203701,Esperantina,Atividades de cobrança e informações cadastrais,T1,2022,2025,2.96548914980499,2.81350267379679,5.77899182360178
2203701,Esperantina,Atividades de contabilidade,T1,2013,2025,0.434954060814539,0.256568778979907,0.691522839794446
2203701,Esperantina,Atividades de organizações religiosas,T1,2018,2025,1.47676445898534,0.0186915887850467,1.4954560477703867
2203701,Esperantina,Caixas econômicas,T1,2018,2025,4.7932384341637,3.03738317757009,7.83062161173379
2203701,Esperantina,Cartórios,T1,2013,2025,7.92695127479639,8.88485316846986,16.81180444326625
2203701,Esperantina,Casas lotéricas,T1,2018,2025,2.43453806895115,0.364485981308411,2.799024050259561
2203701,Esperantina,Comercio varejista de artigos de armarinho,T1,2022,2025,3.00606246979748,1.88101604278075,4.88707851257823
2203701,Esperantina,"Comercio varejista de artigos de cama, mesa e banho",T1,2013,2025,6.22872787469757,5.62828438948995,11.85701226418752
2203701,Esperantina,Comércio atacadista de medicamentos e drogas de uso humano,T1,2022,2025,5.66698817561533,4.20254010695187,9.8695282825672
2203701,Esperantina,Comércio varejista de animais vivos e de artigos e alimentos para animais de estimação,T1,2018,2025,1.58807708833967,1.67289719626168,3.26097428460135
2203701,Esperantina,Comércio varejista de artigos de joalheria,T1,2018,2025,7.82533891108106,7.67289719626168,15.49823610734274
2203701,Esperantina,Comércio varejista de artigos de óptica,T1,2013,2025,12.5383697933179,13.0262751159196,25.5646449092375
2203701,Esperantina,Comércio varejista de artigos do vestuário e acessórios,T1,2013,2025,58.2791308864915,43.2202472952087,101.4993781817002
2203701,Esperantina,Comércio varejista de artigos médicos e ortopédicos,T1,2013,2025,2.11181882519462,1.62828438948995,3.74010321468457
2203701,Esperantina,Comércio varejista de calçados,T1,2018,2025,17.1690494815505,12.7289719626168,29.8980214441673
2203701,Esperantina,Comércio varejista de carnes - açougues,T1,2022,2025,0.947194235818526,0.813502673796791,1.760696909615317
2203701,Esperantina,Comércio varejista de combustíveis para veículos automotores,T1,2013,2025,15.0037836277936,12.9111282843895,27.9149119121831
2203701,Esperantina,"Comércio varejista de cosméticos, produtos de perfumaria e de higiene pessoal",T1,2022,2025,4.84474042963954,5.06751336898396,9.9122537986235
2203701,Esperantina,"Comércio varejista de doces, balas, bombons e semelhantes",T1,2018,2025,35.605870373092,34.6915887850467,70.29745915813871
2203701,Esperantina,Comércio varejista de ferragens e ferramentas,T1,2013,2025,0.98970574685686,0.628284389489954,1.617990136346814
2203701,Esperantina,Comércio varejista de madeira e artefatos,T1,2013,2025,1.01164367309583,0.628284389489954,1.639928062585784
2203701,Esperantina,Comércio varejista de materiais de construção em geral,T1,2018,2025,31.3498605113311,28.8785046728972,60.2283651842283
2203701,Esperantina,Comércio varejista de material elétrico,T1,2022,2025,6.89280216735423,6.25401069518717,13.146812862541399
2203701,Esperantina,Comércio varejista de medicamentos veterinários,T1,2022,2025,15.1963673057518,13.6945187165775,28.890886022329298
2203701,Esperantina,"Comércio varejista de mercadorias em geral, com predominância de produtos alimentícios - supermercados",T1,2018,2025,29.5948059464632,22.9906542056075,52.585460152070695
2203701,Esperantina,Comércio varejista de produtos alimentícios em geral ou especializado em produtos alimentícios não especificados anteriormente,T1,2013,2025,5.32139405940594,5.25656877897991,10.57796283838585
2203701,Esperantina,"Comércio varejista de produtos farmacêuticos, com manipulação de fórmulas",T1,2022,2025,1.81013693977429,1.62700534759358,3.4371422873678696
2203701,Esperantina,"Comércio varejista de produtos farmacêuticos, sem manipulação de fórmulas",T1,2013,2025,48.1157501397593,50.7071097372488,98.8228598770081
2203701,Esperantina,Comércio varejista de vidros,T1,2022,2025,1.03865904721776,0.627005347593583,1.6656643948113428
2203701,Esperantina,Comércio varejista especializado de equipamentos de telefonia e comunicação,T1,2018,2025,4.82217935852155,4.01869158878505,8.8408709473066
2203701,Esperantina,Comércio varejista especializado de equipamentos e suprimentos de informática,T1,2013,2025,0.911441940492677,0.628284389489954,1.539726329982631
2203701,Esperantina,Construção de edifícios,T1,2013,2025,35.557276341326,21.9636785162287,57.5209548575547
2203701,Esperantina,Criação de bovinos para corte,T1,2022,2025,1.0036221236805,0.813502673796791,1.817124797477291
2203701,Esperantina,Educação infantil - pré-escola,T1,2013,2025,20.8320067824921,21.2565687789799,42.088575561472
2203701,Esperantina,Ensino fundamental,T1,2013,2025,12.2222938967376,83.4505409582689,95.6728348550065
2203701,Esperantina,Fabricação de alimentos para animais,T1,2022,2025,41.1332626911869,40.7105614973262,81.84382418851311
2203701,Esperantina,"Fabricação de artigos de serralheria, exceto esquadrias",T1,2013,2025,2.03836349410666,1.62828438948995,3.66664788359661
2203701,Esperantina,"Fabricação de artigos do vestuário, produzidos em malharias e tricotagens, exceto meias",T1,2022,2025,3.06531850353893,2.81350267379679,5.87882117733572
2203701,Esperantina,Fabricação de biscoitos e bolachas,T1,2022,2025,0.949628219078709,0.813502673796791,1.7631308928755
2203701,Esperantina,Fabricação de produtos do arroz,T1,2022,2025,10.6641697877653,8.69451871657754,19.35868850434284
2203701,Esperantina,Fabricação de sabões e detergentes sintéticos,T1,2018,2025,17.0565902578797,10.8411214953271,27.8977117532068
2203701,Esperantina,"Fabricação de óleos vegetais em bruto, exceto óleo de milho",T1,2022,2025,0.630609938386379,0.627005347593583,1.2576152859799619
2203701,Esperantina,Formação de condutores,T1,2018,2025,5.70932644875755,5.01869158878505,10.7280180375426
2203701,Esperantina,"Lanchonetes, casas de chá, de sucos e similares",T1,2018,2025,10.5628282499824,8.38317757009346,18.94600582007586
2203701,Esperantina,"Lojas de departamentos ou magazines, exceto lojas francas (Duty free)",T1,2018,2025,7.64833914094101,1.4392523364486,9.08759147738961
2203701,Esperantina,"Lojas de variedades, exceto lojas de departamentos ou magazines",T1,2013,2025,4.68185132460678,5.14142194744977,9.82327327205655
2203701,Esperantina,"Manutenção e reparação de geradores, transformadores e motores elétricos",T1,2018,2025,3.27873439517865,3.67289719626168,6.95163159144033
2203701,Esperantina,"Obras de urbanização - ruas, praças e calçadas",T1,2022,2025,2.48472832142623,2.44050802139037,4.9252363428166
2203701,Esperantina,Outras atividades de ensino não especificadas anteriormente,T1,2022,2025,1.57770305768625,1.52406417112299,3.10176722880924
2203701,Esperantina,Restaurantes e similares,T1,2013,2025,11.3762147799172,11.2565687789799,22.632783558897103
2203701,Esperantina,Seleção e agenciamento de mão-de-obra,T1,2022,2025,69.4706424788438,69.6270053475936,139.0976478264374
2203701,Esperantina,Serviços de alimentação para eventos e recepções - bufê,T1,2022,2025,2.47603182353448,3.62700534759358,6.10303717112806
2203701,Esperantina,Serviços de assistência social sem alojamento,T1,2013,2025,6.36028763627928,8.93740340030912,15.2976910365884
2203701,Esperantina,Serviços de comunicação multimídia - SCM,T1,2018,2025,55.3496151049372,59.3457943925234,114.6954094974606
2203701,Esperantina,Serviços de manutenção e reparação elétrica de veículos automotores,T1,2013,2025,0.0757400363816769,1.25656877897991,1.332308815361587
2203701,Esperantina,Serviços de manutenção e reparação mecânica de veículos automotores,T1,2018,2025,4.6643245693563,4.67289719626168,9.33722176561798
2203701,Esperantina,Serviços de prótese dentária,T1,2018,2025,1.71409240286101,1.67289719626168,3.38698959912269
2203701,Esperantina,"Transporte rodoviário de carga, exceto produtos perigosos e mudanças, intermunicipal, interestadual e internacional",T1,2022,2025,1.69627120376265,1.62700534759358,3.32327655135623
2203750,Fartura do Piauí,"Comércio varejista de mercadorias em geral, com predominância de produtos alimentícios - minimercados, mercearias e armazéns",T1,2018,2025,8.3291595161467,4.62814070351759,12.95730021966429
2203800,Flores do Piauí,Comércio varejista de combustíveis para veículos automotores,T1,2013,2025,3.81852578434488,3.41004184100418,7.22856762534906
2203800,Flores do Piauí,"Comércio varejista de mercadorias em geral, com predominância de produtos alimentícios - minimercados, mercearias e armazéns",T2,2018,2025,9.59749570968802,9.85950413223141,19.45699984191943
2203800,Flores do Piauí,Comércio varejista de móveis,T1,2013,2025,5.23689335356502,4.41004184100418,9.646935194569199
2203800,Flores do Piauí,"Comércio varejista de produtos farmacêuticos, sem manipulação de fórmulas",T1,2013,2025,4.52463000559037,4.41004184100418,8.93467184659455
2203859,Floresta do Piauí,Administração pública em geral,T1,2018,2025,89.2019644664739,7.6551724137931,96.85713688026699
2203859,Floresta do Piauí,"Comércio varejista de mercadorias em geral, com predominância de produtos alimentícios - minimercados, mercearias e armazéns",T1,2022,2025,3.89670306144295,2.50785340314136,6.40455646458431
2203859,Floresta do Piauí,"Comércio varejista de produtos farmacêuticos, sem manipulação de fórmulas",T1,2013,2025,0.524630005590373,0.723214285714286,1.247844291304659
2203909,Floriano,Administração pública em geral,T1,2022,2025,438.230901752616,493.633513325205,931.8644150778209
2203909,Floriano,"Agenciamento de espaços para publicidade, exceto em veículos de comunicação",T1,2018,2025,1.83670374115268,1.6243262483474,3.46102998950008
2203909,Floriano,Agências de notícias,T1,2022,2025,0.685265911072363,0.821895140219474,1.507161051291837
2203909,Floriano,Agências de publicidade,T1,2018,2025,1.72027774840506,1.6243262483474,3.34460399675246
2203909,Floriano,Agências de viagens,T1,2013,2025,2.10857895121773,1.4263610981852,3.53494004940293
2203909,Floriano,"Aluguel de máquinas e equipamentos para construção sem operador, exceto andaimes",T1,2018,2025,37.9344662145863,39.8729787450422,77.8074449596285
2203909,Floriano,"Aluguel de objetos do vestuário, jóias e acessórios",T1,2018,2025,3.29535590277778,1.8729787450422,5.16833464781998
2203909,Floriano,"Aparelhamento de placas e execução de trabalhos em mármore, granito, ardósia e outras pedras",T1,2018,2025,12.3986036178991,10.486524966948,22.885128584847102
2203909,Floriano,Atividade médica ambulatorial com recursos para realização de exames complementares,T1,2013,2025,29.7940750281758,40.9845276872964,70.7786027154722
2203909,Floriano,Atividade médica ambulatorial com recursos para realização de procedimentos cirúrgicos,T1,2022,2025,1.31008579806683,1.46568542065842,2.77577121872525
2203909,Floriano,Atividade médica ambulatorial restrita a consultas,T1,2013,2025,2.35924000305834,4.52722196370405,6.88646196676239
2203909,Floriano,Atividade odontológica com recursos para realização de procedimentos cirúrgicos,T1,2013,2025,5.95078486569016,22.0699162401117,28.02070110580186
2203909,Floriano,Atividades de agenciamento marítimo,T1,2022,2025,12.181283559192,12.1503222435116,24.3316058027036
2203909,Floriano,Atividades de apoio à agricultura não especificadas anteriormente,T1,2013,2025,4.55044130354277,4.4263610981852,8.97680240172797
2203909,Floriano,"Atividades de atendimento hospitalar, exceto pronto-socorro e unidades para atendimento a urgências",T1,2013,2025,26.4957565818373,23.1862494183341,49.6820060001714
2203909,Floriano,Atividades de cobrança e informações cadastrais,T1,2022,2025,6.93097829960998,6.64379028043895,13.57476858004893
2203909,Floriano,Atividades de condicionamento físico,T1,2013,2025,23.1787888321957,25.2790832945556,48.4578721267513
2203909,Floriano,Atividades de estética e outros serviços de cuidados com a beleza,T1,2013,2025,13.4997174076865,13.2790832945556,26.7788007022421
2203909,Floriano,Atividades de fisioterapia,T1,2013,2025,16.6198006517155,30.9845276872964,47.6043283390119
2203909,Floriano,Atividades de monitoramento de sistemas de segurança eletronico,T1,2022,2025,5.09858439201452,5.46568542065842,10.56426981267294
2203909,Floriano,Atividades de profissionais da área de saúde não especificadas anteriormente,T1,2018,2025,17.8751301066875,15.121631241737,32.9967613484245
2203909,Floriano,Atividades de psicologia e psicanálise,T1,2018,2025,2.05641447368421,4.6243262483474,6.68074072203161
2203909,Floriano,"Atividades relacionadas a esgoto, exceto a gestão de redes",T1,2018,2025,15.3456252551368,15.6243262483474,30.9699515034842
2203909,Floriano,Cabeleireiros,T1,2018,2025,6.53444439690214,4.87297874504221,11.40742314194435
2203909,Floriano,Caixas econômicas,T1,2018,2025,7.31079478054567,0.486524966948032,7.797319747493702
2203909,Floriano,Cartórios,T1,2013,2025,43.0898375826546,44.263610981852,87.3534485645066
2203909,Floriano,"Clubes sociais, esportivos e similares",T1,2018,2025,2.49009591709235,1.8729787450422,4.36307466213455
2203909,Floriano,Coleta de produtos não-madeireiros não especificados anteriormente em florestas nativas,T1,2022,2025,5.41291372761801,3.46568542065842,8.878599148276429
2203909,Floriano,Comercio varejista de artigos de armarinho,T1,2013,2025,24.7691149291533,11.2481386691484,36.0172535983017
2203909,Floriano,Compra e venda de imóveis próprios,T1,2018,2025,32.6593504921312,32.2486524966948,64.90800298882601
2203909,Floriano,"Comércio a varejo de automóveis, camionetas e utilitários usados",T1,2018,2025,2.773841854607,3.12163124173701,5.895473096344009
2203909,Floriano,Comércio a varejo de motocicletas e motonetas novas,T1,2013,2025,26.1213738849477,9.9071661237785,36.0285400087262
2203909,Floriano,Comércio a varejo de peças e acessórios novos para motocicletas e motonetas,T1,2018,2025,29.5083590326246,31.8729787450422,61.3813377776668
2203909,Floriano,Comércio a varejo de peças e acessórios novos para veículos automotores,T1,2018,2025,58.379037442026,27.7813485202888,86.16038596231479
2203909,Floriano,Comércio atacadista de aves abatidas e derivados,T1,2013,2025,0.617757009345794,0.426361098185202,1.044118107530996
2203909,Floriano,"Comércio atacadista de cerveja, chope e refrigerante",T1,2013,2025,263.910042209968,220.946137738483,484.85617994845103
2203909,Floriano,Comércio atacadista de cimento,T1,2022,2025,9.96531667384748,9.82189514021947,19.78721181406695
2203909,Floriano,Comércio atacadista de cosméticos e produtos de perfumaria,T1,2018,2025,4.30657803975669,4.23787247025323,8.54445051000992
2203909,Floriano,"Comércio atacadista de mercadorias em geral, sem predominância de alimentos ou de insumos agropecuários",T1,2013,2025,529.273328836208,90.1650767798976,619.4384056161056
2203909,Floriano,"Comércio atacadista de máquinas, aparelhos e equipamentos para uso agropecuário, partes e peças",T1,2018,2025,4.81698015740375,5.2486524966948,10.06563265409855
2203909,Floriano,"Comércio atacadista de produtos de higiene, limpeza e conservação domiciliar",T1,2022,2025,0.925892333137705,0.821895140219474,1.747787473357179
2203909,Floriano,Comércio atacadista de resíduos e sucatas metálicos,T1,2018,2025,1.41596585386468,1.2486524966948,2.66461835055948
2203909,Floriano,Comércio atacadista de sorvetes,T1,2022,2025,4.77438370846731,6.32842710329211,11.102810811759419
2203909,Floriano,Comércio por atacado de caminhões novos e usados,T1,2022,2025,1.65480029235995,1.57516112175579,3.2299614141157402
2203909,Floriano,Comércio por atacado de peças e acessórios para motocicletas e motonetas,T1,2022,2025,11.2581495353031,11.6437902804389,22.901939815741997
2203909,Floriano,Comércio por atacado de pneumáticos e câmaras-de-ar,T1,2018,2025,8.33323674297305,9.2486524966948,17.581889239667852
2203909,Floriano,Comércio varejista de animais vivos e de artigos e alimentos para animais de estimação,T1,2013,2025,0.561530332869014,6.68997208003723,7.251502412906245
2203909,Floriano,Comércio varejista de artigos de joalheria,T1,2022,2025,2.81512900017551,2.64379028043895,5.4589192806144595
2203909,Floriano,Comércio varejista de artigos de papelaria,T1,2022,2025,8.33221099887766,4.30064448702317,12.63285548590083
2203909,Floriano,Comércio varejista de artigos do vestuário e acessórios,T1,2018,2025,97.6322882141992,5.35716464964914,102.98945286384834
2203909,Floriano,Comércio varejista de artigos esportivos,T1,2018,2025,3.89314521875445,3.6243262483474,7.51747146710185
2203909,Floriano,Comércio varejista de artigos médicos e ortopédicos,T1,2018,2025,3.98412143606132,1.74595749008441,5.73007892614573
2203909,Floriano,Comércio varejista de brinquedos e artigos recreativos,T1,2018,2025,3.0455166614107,2.6243262483474,5.6698429097581
2203909,Floriano,Comércio varejista de combustíveis para veículos automotores,T1,2013,2025,95.9489909840056,50.4578873894835,146.40687837348912
2203909,Floriano,"Comércio varejista de cosméticos, produtos de perfumaria e de higiene pessoal",T1,2022,2025,15.2958196089721,17.5195958892179,32.81541549819
2203909,Floriano,"Comércio varejista de doces, balas, bombons e semelhantes",T1,2022,2025,2.60568585046297,2.2875805608779,4.8932664113408695
2203909,Floriano,Comércio varejista de ferragens e ferramentas,T1,2022,2025,7.89499472270609,7.46568542065842,15.36068014336451
2203909,Floriano,Comércio varejista de hortifrutigranjeiros,T1,2018,2025,4.18173998160947,3.74595749008441,7.92769747169388
2203909,Floriano,Comércio varejista de materiais de construção em geral,T1,2013,2025,144.817717494887,124.581665891112,269.399383385999
2203909,Floriano,Comércio varejista de materiais de construção não especificados anteriormente,T1,2022,2025,10.1615503140927,7.21895140219474,17.38050171628744
2203909,Floriano,Comércio varejista de materiais hidráulicos,T1,2022,2025,0.897513346445631,0.821895140219474,1.719408486665105
2203909,Floriano,Comércio varejista de medicamentos veterinários,T1,2022,2025,1.14026236125126,0.10947570109737,1.2497380623486298
2203909,Floriano,"Comércio varejista de mercadorias em geral, com predominância de produtos alimentícios - minimercados, mercearias e armazéns",T1,2018,2025,22.2790737099071,6.5812061425811,28.860279852488198
2203909,Floriano,"Comércio varejista de mercadorias em geral, com predominância de produtos alimentícios - supermercados",T1,2018,2025,571.341766669,468.982202786535,1040.323969455535
2203909,Floriano,Comércio varejista de mercadorias em lojas de conveniência,T1,2022,2025,9.71293459437858,9.57516112175579,19.28809571613437
2203909,Floriano,Comércio varejista de outros artigos de uso doméstico não especificados anteriormente,T1,2018,2025,17.5953715638958,15.2378724702532,32.833244034149
2203909,Floriano,Comércio varejista de produtos alimentícios em geral ou especializado em produtos alimentícios não especificados anteriormente,T1,2013,2025,5.98209108910891,5.27908329455561,11.261174383664521
2203909,Floriano,"Comércio varejista de produtos farmacêuticos, com manipulação de fórmulas",T1,2013,2025,6.13027075011096,4.55816658911121,10.68843733922217
2203909,Floriano,"Comércio varejista de produtos farmacêuticos, sem manipulação de fórmulas",T1,2013,2025,64.6107805925795,54.1942764076315,118.80505700021101
2203909,Floriano,Comércio varejista de produtos saneantes domissanitários,T1,2013,2025,3.50394426210629,3.4263610981852,6.93030536029149
2203909,Floriano,"Comércio varejista de suvenires, bijuterias e artesanatos",T1,2018,2025,1.58592015785208,1.2486524966948,2.8345726545468803
2203909,Floriano,Comércio varejista de tecidos,T1,2018,2025,12.2111553784861,4.36489372521102,16.57604910369712
2203909,Floriano,Comércio varejista de tintas e materiais para pintura,T1,2022,2025,5.66149178367365,5.10947570109737,10.77096748477102
2203909,Floriano,Comércio varejista especializado de equipamentos de telefonia e comunicação,T1,2018,2025,39.5850851698836,37.3702837384318,76.95536890831539
2203909,Floriano,Comércio varejista especializado de instrumentos musicais e acessórios,T1,2018,2025,6.16458992002976,5.6243262483474,11.78891616837716
2203909,Floriano,"Comércio varejista especializado de peças e acessórios para aparelhos eletroeletrônicos para uso doméstico, exceto informática e comunicação",T1,2018,2025,1.80865470543755,1.6243262483474,3.43298095378495
2203909,Floriano,"Confecção de peças do vestuário, exceto roupas íntimas e as confeccionadas sob medida",T1,2022,2025,1.12227954096282,0.643790280438948,1.7660698214017678
2203909,Floriano,Confecção de roupas íntimas,T1,2013,2025,16.3091935272615,15.4263610981852,31.7355546254467
2203909,Floriano,Construção de edifícios,T1,2013,2025,175.613697072143,33.1249418334109,208.7386389055539
2203909,Floriano,Construção de rodovias e ferrovias,T1,2022,2025,18.3541810478208,16.7941125239505,35.1482935717713
2203909,Floriano,Cooperativas de crédito mútuo,T1,2018,2025,7.25180852168495,8.2486524966948,15.50046101837975
2203909,Floriano,Corretagem no aluguel de imóveis,T1,2018,2025,0.708339685927733,0.624326248347402,1.332665934275135
2203909,Floriano,Criação de bovinos para corte,T1,2022,2025,48.0470876078465,45.6846368228532,93.7317244306997
2203909,Floriano,Criação de suínos,T1,2013,2025,0.541569573901465,0.426361098185202,0.9679306720866669
2203909,Floriano,Cultivo de arroz,T1,2013,2025,29.0241656671135,26.2790832945556,55.3032489616691
2203909,Floriano,Cultivo de outras plantas de lavoura temporária não especificadas anteriormente,T1,2022,2025,1.04035683942226,0.643790280438948,1.684147119861208
2203909,Floriano,Cursos preparatórios para concursos,T1,2022,2025,1.09828973162983,0.643790280438948,1.742080012068778
2203909,Floriano,"Edição integrada à impressão de cadastros, listas e outros produtos gráficos",T1,2013,2025,8.58363211223694,3.70544439274081,12.28907650497775
2203909,Floriano,Educação infantil - pré-escola,T1,2013,2025,145.632176344794,146.170777105631,291.802953450425
2203909,Floriano,Educação profissional de nível técnico,T1,2013,2025,1.25905630385677,1.4263610981852,2.6854174020419697
2203909,Floriano,Ensino de idiomas,T1,2018,2025,4.89085250639102,2.12163124173701,7.01248374812803
2203909,Floriano,Ensino médio,T1,2022,2025,14.8821162608397,23.1486674795332,38.0307837403729
2203909,Floriano,Fabricação de alimentos para animais,T1,2018,2025,1.498036965992,1.6243262483474,3.1223632143394
2203909,Floriano,"Fabricação de artigos de serralheria, exceto esquadrias",T1,2018,2025,3.99645553002954,2.99460998677921,6.991065516808749
2203909,Floriano,"Fabricação de biocombustíveis, exceto álcool",T1,2013,2025,86.5718041406507,87.2790832945556,173.8508874352063
2203909,Floriano,"Fabricação de equipamentos hidráulicos e pneumáticos, peças e acessórios, exceto válvulas",T1,2018,2025,2.38913415623029,2.2486524966948,4.63778665292509
2203909,Floriano,Fabricação de esquadrias de metal,T1,2018,2025,5.98566410136658,4.99460998677921,10.98027408814579
2203909,Floriano,"Fabricação de letras, letreiros e placas de qualquer material, exceto luminosos",T1,2013,2025,2.29631864815932,2.70544439274081,5.00176304090013
2203909,Floriano,Fabricação de móveis com predominância de madeira,T1,2018,2025,16.2843107383283,15.4973049933896,31.7816157317179
2203909,Floriano,Fabricação de outros produtos alimentícios não especificados anteriormente,T1,2018,2025,6.9293271100739,6.6243262483474,13.5536533584213
2203909,Floriano,Fabricação de outros produtos de minerais não-metálicos não especificados anteriormente,T1,2022,2025,6.77199424403315,4.1911687859258,10.96316302995895
2203909,Floriano,Fabricação de painéis e letreiros luminosos,T1,2022,2025,4.77288471053934,4.46568542065842,9.23857013119776
2203909,Floriano,Fabricação de produtos de carne,T1,2013,2025,0.853654631334561,0.131805490926012,0.985460122260573
2203909,Floriano,Fabricação de produtos de padaria e confeitaria com predominância de produção própria,T1,2013,2025,60.9510822673219,76.4108887854816,137.3619710528035
2203909,Floriano,Fabricação de produtos de panificação industrial,T1,2013,2025,85.1607222113729,86.8217775709632,171.9824997823361
2203909,Floriano,"Fabricação de sucos concentrados de frutas, hortaliças e legumes",T1,2022,2025,0.460632362058277,0.465685420658422,0.9263177827166991
2203909,Floriano,Fabricação de águas envasadas,T1,2018,2025,40.7053544110148,40.4973049933896,81.2026594044044
2203909,Floriano,Formação de condutores,T1,2018,2025,7.96528514130284,2.11085121529543,10.076136356598271
2203909,Floriano,Fornecimento de alimentos preparados preponderantemente para consumo domiciliar,T1,2013,2025,42.8913091020426,44.4263610981852,87.3176702002278
2203909,Floriano,Fornecimento de alimentos preparados preponderantemente para empresas,T1,2018,2025,61.5942325203896,61.6243262483474,123.21855876873701
2203909,Floriano,Hotéis,T1,2013,2025,34.9717767304701,4.50430432759423,39.476081058064324
2203909,Floriano,Impressão de material para uso publicitário,T1,2018,2025,8.59665672809033,9.12163124173701,17.71828796982734
2203909,Floriano,"Instalação e manutenção de sistemas centrais de ar condicionado, de ventilação e refrigeração",T1,2018,2025,3.62965299684543,4.2486524966948,7.87830549354023
2203909,Floriano,Instalação e manutenção elétrica,T1,2022,2025,143.816839063114,143.575161121756,287.39200018486997
2203909,Floriano,"Lanchonetes, casas de chá, de sucos e similares",T1,2013,2025,53.2573537859861,20.8452768729642,74.10263065895029
2203909,Floriano,Limpeza em prédios e em domicílios,T1,2022,2025,2.8661871505727,2.64379028043895,5.5099774310116505
2203909,Floriano,Locação de automóveis sem condutor,T1,2018,2025,13.6814295485636,15.8729787450422,29.5544082936058
2203909,Floriano,Loteamento de imóveis próprios,T1,2022,2025,14.2913178294574,13.7532659815363,28.0445838109937
2203909,Floriano,Manutenção de redes de distribuição de energia elétrica,T1,2022,2025,15.8306862146202,19.6699181327295,35.5006043473497
2203909,Floriano,Manutenção e reparação de máquinas e equipamentos para agricultura e pecuária,T1,2022,2025,0.8417225950783,0.821895140219474,1.6636177352977741
2203909,Floriano,Motéis,T1,2022,2025,9.77598969254478,6.50653196307264,16.28252165561742
2203909,Floriano,Outras atividades de ensino não especificadas anteriormente,T1,2018,2025,27.1617161716172,26.364893725211,53.526609896828205
2203909,Floriano,Outras atividades de recreação e lazer não especificadas anteriormente,T1,2022,2025,9.46888797617825,9.10947570109737,18.578363677275618
2203909,Floriano,Outras atividades de serviços prestados principalmente às empresas não especificadas anteriormente,T1,2018,2025,51.3859100881631,52.121631241737,103.5075413299001
2203909,Floriano,Outras obras de engenharia civil não especificadas anteriormente,T1,2018,2025,96.5496447869376,96.6243262483474,193.173971035285
2203909,Floriano,Perfuração e construção de poços de água,T1,2022,2025,2.96272648835203,2.82189514021947,5.7846216285715
2203909,Floriano,Planos de saúde,T1,2022,2025,0.973288747754683,0.821895140219474,1.795183887974157
2203909,Floriano,"Portais, provedores de conteúdo e outros serviços de informação na internet",T1,2018,2025,19.4007742374612,20.6243262483474,40.0251004858086
2203909,Floriano,Preparação de massa de concreto e argamassa para construção,T1,2018,2025,4.44913116591928,5.2486524966948,9.697783662614079
2203909,Floriano,Produção de artefatos estampados de metal,T1,2022,2025,0.847097236601099,0.643790280438948,1.490887517040047
2203909,Floriano,Produção de ovos,T1,2013,2025,4.90140339245262,6.92263843648209,11.82404182893471
2203909,Floriano,Recondicionamento e recuperação de motores para veículos automotores,T1,2022,2025,1.93695014662757,1.93137084131684,3.86832098794441
2203909,Floriano,Recuperação de materiais não especificados anteriormente,T1,2022,2025,0.812369378434863,0.287580560877896,1.099949939312759
2203909,Floriano,Reforma de pneumáticos usados,T1,2022,2025,7.10815785200022,6.46568542065842,13.573843272658639
2203909,Floriano,Reparação e manutenção de equipamentos de comunicação,T1,2013,2025,3.66637220259128,3.4263610981852,7.09273330077648
2203909,Floriano,"Representantes comerciais e agentes do comércio de medicamentos, cosméticos e produtos de perfumaria",T1,2022,2025,1.1513200257566,1.64379028043895,2.79511030619555
2203909,Floriano,Restaurantes e similares,T1,2013,2025,127.231839466976,108.12436016752,235.356199634496
2203909,Floriano,Serviço de pulverização e controle de pragas agrícolas,T1,2022,2025,2.49600950925454,2.64379028043895,5.139799789693489
2203909,Floriano,Serviços advocatícios,T1,2022,2025,0.879492365066701,0.465685420658422,1.345177785725123
2203909,Floriano,Serviços ambulantes de alimentação,T1,2022,2025,0.851238538387847,0.821895140219474,1.673133678607321
2203909,Floriano,Serviços combinados de escritório e apoio administrativo,T1,2022,2025,61.0555629494535,61.6437902804389,122.69935322989241
2203909,Floriano,Serviços de alimentação para eventos e recepções - bufê,T1,2022,2025,4.1900795588362,7.10947570109737,11.29955525993357
2203909,Floriano,Serviços de alinhamento e balanceamento de veículos automotores,T1,2018,2025,0.217332734620566,2.49730499338961,2.714637728010176
2203909,Floriano,Serviços de comunicação multimídia - SCM,T1,2022,2025,29.2695243073706,26.3806828078732,55.6502071152438
2203909,Floriano,Serviços de diálise e nefrologia,T1,2022,2025,15.3170288358258,15.3545549555826,30.671583791408402
2203909,Floriano,Serviços de engenharia,T1,2018,2025,37.1638483196,41.3702837384318,78.5341320580318
2203909,Floriano,Serviços de entrega rápida,T1,2022,2025,7.75799389677591,7.64379028043895,15.40178417721486
2203909,Floriano,Serviços de funerárias,T1,2013,2025,15.350365618411,18.1163331782224,33.4666987966334
2203909,Floriano,Serviços de lanternagem ou funilaria e pintura de veículos automotores,T1,2013,2025,3.49809288759255,3.4263610981852,6.92445398577775
2203909,Floriano,"Serviços de lavagem, lubrificação e polimento de veículos automotores",T1,2018,2025,10.358186010761,9.74595749008441,20.10414350084541
2203909,Floriano,Serviços de manutenção e reparação elétrica de veículos automotores,T1,2022,2025,0.793962187436471,0.821895140219474,1.615857327655945
2203909,Floriano,Serviços de manutenção e reparação mecânica de veículos automotores,T1,2018,2025,3.97892112420671,3.61893623512661,7.59785735933332
2203909,Floriano,Serviços de prótese dentária,T1,2018,2025,9.71409240286101,9.6243262483474,19.338418651208407
2203909,Floriano,Serviços de reboque de veículos,T1,2013,2025,7.07624289452314,6.8527221963704,13.92896509089354
2203909,Floriano,Serviços de tomografia,T1,2018,2025,6.19863466196873,7.74595749008441,13.94459215205314
2203909,Floriano,Serviços de vacinação e imunização humana,T1,2022,2025,24.170950043315,23.6437902804389,47.814740323753895
2203909,Floriano,"Suporte técnico, manutenção e outros serviços em tecnologia da informação",T1,2022,2025,3.8237803372174,3.82189514021947,7.645675477436869
2203909,Floriano,Terminais rodoviários e ferroviários,T1,2022,2025,2.77279521674141,1.57516112175579,4.3479563384972
2203909,Floriano,"Transporte rodoviário de carga, exceto produtos perigosos e mudanças, intermunicipal, interestadual e internacional",T1,2013,2025,131.554163500565,130.496277338297,262.050440838862
2204006,Francinópolis,Administração pública em geral,T1,2022,2025,89.7128446270356,23.2912621359223,113.00410676295789
2204006,Francinópolis,Comércio varejista de combustíveis para veículos automotores,T1,2018,2025,1.70560447429573,0.973451327433628,2.679055801729358
2204006,Francinópolis,"Comércio varejista de mercadorias em geral, com predominância de produtos alimentícios - minimercados, mercearias e armazéns",T1,2013,2025,10.6738532146898,10.4090909090909,21.0829441237807
2204006,Francinópolis,"Comércio varejista de produtos farmacêuticos, sem manipulação de fórmulas",T1,2022,2025,0.930632300221579,0.339805825242718,1.270438125464297
2204006,Francinópolis,"Lojas de departamentos ou magazines, exceto lojas francas (Duty free)",T1,2018,2025,4.26696317568159,0.407079646017699,4.674042821699289
2204006,Francinópolis,Produção de ovos,T1,2022,2025,8.24571023876973,4.05825242718447,12.3039626659542
2204105,Francisco Ayres,Atividades do Correio Nacional,T2,2022,2025,0.21750316409735,0.158940397350993,0.376443561448343
2204105,Francisco Ayres,Casas lotéricas,T1,2013,2025,0.926503722570533,0.676190476190476,1.602694198761009
2204105,Francisco Ayres,"Comércio varejista de mercadorias em geral, com predominância de produtos alimentícios - minimercados, mercearias e armazéns",T2,2018,2025,0.86583190322934,0.918287937743191,1.784119840972531
2204105,Francisco Ayres,"Comércio varejista de produtos farmacêuticos, sem manipulação de fórmulas",T2,2018,2025,2.24739752886853,2.75486381322957,5.0022613420981
2204105,Francisco Ayres,"Cultivo de espécies madeireiras, exceto eucalipto, acácia-negra, pinus e teca",T2,2022,2025,0.0723981900452489,0.0794701986754967,0.1518683887207456
2204154,Francisco Macedo,"Comércio varejista de produtos farmacêuticos, sem manipulação de fórmulas",T1,2013,2025,0.524630005590373,0.248275862068966,0.772905867659339
2204204,Francisco Santos,"Aluguel de máquinas e equipamentos para construção sem operador, exceto andaimes",T2,2022,2025,0.73012693175314,0.884020618556701,1.614147550309841
2204204,Francisco Santos,Atividades do Correio Nacional,T2,2018,2025,2.39009444569373,1.56056338028169,3.95065782597542
2204204,Francisco Santos,"Bancos múltiplos, com carteira comercial",T2,2018,2025,1.6442272327051,0.12112676056338,1.7653539932684799
2204204,Francisco Santos,Cartórios,T2,2022,2025,0.885047875246076,0.884020618556701,1.769068493802777
2204204,Francisco Santos,Casas lotéricas,T1,2013,2025,0.926503722570533,0.58957654723127,1.516080269801803
2204204,Francisco Santos,Comércio varejista de combustíveis para veículos automotores,T2,2018,2025,10.4112089485915,10.1211267605634,20.5323357091549
2204204,Francisco Santos,Comércio varejista de materiais de construção em geral,T2,2022,2025,1.00062738696375,0.768041237113402,1.768668624077152
2204204,Francisco Santos,"Lojas de variedades, exceto lojas de departamentos ou magazines",T2,2018,2025,2.92543781386219,2.78028169014084,5.70571950400303
2204204,Francisco Santos,Serviços de comunicação multimídia - SCM,T2,2018,2025,6.34961510493719,10.5605633802817,16.91017848521889
2204303,Fronteiras,Administração pública em geral,T2,2013,2025,45.1621492498734,94.7889830508475,139.9511323007209
2204303,Fronteiras,Atividades de organizações religiosas,T2,2013,2025,0.332581840422733,0.0898305084745763,0.4224123488973093
2204303,Fronteiras,Comércio varejista de artigos do vestuário e acessórios,T1,2022,2025,0.992322642112627,0.412676056338028,1.404998698450655
2204303,Fronteiras,Comércio varejista de combustíveis para veículos automotores,T2,2013,2025,7.09262892172438,8.22457627118644,15.31720519291082
2204303,Fronteiras,"Comércio varejista de mercadorias em geral, com predominância de produtos alimentícios - minimercados, mercearias e armazéns",T2,2013,2025,22.3477064293795,23.1796610169492,45.5273674463287
2204303,Fronteiras,Comércio varejista de móveis,T2,2013,2025,2.23689335356502,2.04491525423729,4.28180860780231
2204303,Fronteiras,"Comércio varejista de produtos farmacêuticos, sem manipulação de fórmulas",T2,2013,2025,2.14778003354224,5.26949152542373,7.41727155896597
2204303,Fronteiras,Construção de edifícios,T1,2018,2025,46.9685788107463,46.3675213675214,93.3361001782677
2204303,Fronteiras,Educação infantil - pré-escola,T1,2018,2025,7.99498713046955,6.57834757834758,14.57333470881713
2204303,Fronteiras,Fabricação de estruturas metálicas,T2,2013,2025,0.0947101678808996,0.0449152542372881,0.1396254221181877
2204303,Fronteiras,Provedores de acesso às redes de comunicações,T2,2013,2025,0.0180684565466345,1.04491525423729,1.0629837107839244
2204303,Fronteiras,Serviços de comunicação multimídia - SCM,T1,2022,2025,7.82498693152117,1.77746478873239,9.60245172025356
2204352,Geminiano,Comércio varejista de combustíveis para veículos automotores,T1,2013,2025,0.637051568689751,0.0085470085470085,0.6455985772367595
2204352,Geminiano,"Comércio varejista de mercadorias em geral, com predominância de produtos alimentícios - minimercados, mercearias e armazéns",T1,2013,2025,3.83692660734488,3.5042735042735,7.341200111618379
2204352,Geminiano,Cultivo de frutas de lavoura permanente não especificadas anteriormente,T1,2022,2025,4.98119547657512,4.64864864864865,9.62984412522377
2204352,Geminiano,Fabricação de outros produtos de minerais não-metálicos não especificados anteriormente,T1,2022,2025,2.75244380489257,1.94594594594595,4.69838975083852
2204402,Gilbués,Atividade médica ambulatorial com recursos para realização de procedimentos cirúrgicos,T1,2013,2025,1.70753348402551,2.52205882352941,4.22959230755492
2204402,Gilbués,Atividades de associações de defesa de direitos sociais,T2,2018,2025,3.88061184058465,4.45200486026731,8.332616700851961
2204402,Gilbués,Atividades de condicionamento físico,T1,2022,2025,0.522935698290264,0.824561403508772,1.347497101799036
2204402,Gilbués,Atividades de contabilidade,T1,2013,2025,7.71747703040727,7.52205882352941,15.23953585393668
2204402,Gilbués,Cartórios,T2,2018,2025,1.0136915525704,1.89428918590522,2.90798073847562
2204402,Gilbués,Casas lotéricas,T1,2013,2025,1.92650372257053,1.52205882352941,3.44856254609994
2204402,Gilbués,Comércio a varejo de peças e acessórios novos para veículos automotores,T1,2013,2025,9.91430686655562,9.52205882352941,19.43636569008503
2204402,Gilbués,Comércio a varejo de pneumáticos e câmaras-de-ar,T1,2022,2025,2.0858255176075,1.12280701754386,3.20863253515136
2204402,Gilbués,Comércio varejista de artigos de papelaria,T2,2018,2025,1.87516498680106,1.77885783718104,3.6540228239820998
2204402,Gilbués,Comércio varejista de artigos do vestuário e acessórios,T1,2013,2025,4.29511247493045,3.04411764705882,7.33923012198927
2204402,Gilbués,Comércio varejista de bebidas,T1,2022,2025,2.90861357032405,2.82456140350877,5.733174973832821
2204402,Gilbués,Comércio varejista de combustíveis para veículos automotores,T1,2013,2025,7.72968049041413,5.65441176470588,13.38409225512001
2204402,Gilbués,"Comércio varejista de cosméticos, produtos de perfumaria e de higiene pessoal",T2,2018,2025,3.71754068716094,3.77885783718104,7.496398524341981
2204402,Gilbués,Comércio varejista de hortifrutigranjeiros,T1,2022,2025,2.95346150181056,2.82456140350877,5.778022905319331
2204402,Gilbués,Comércio varejista de materiais de construção em geral,T1,2013,2025,7.87265762423302,5.69852941176471,13.571187035997731
2204402,Gilbués,Comércio varejista de medicamentos veterinários,T1,2022,2025,1.0561049445005,0.649122807017544,1.705227751518044
2204402,Gilbués,"Comércio varejista de mercadorias em geral, com predominância de produtos alimentícios - minimercados, mercearias e armazéns",T1,2013,2025,14.2061926807937,10.7426470588235,24.9488397396172
2204402,Gilbués,"Comércio varejista de mercadorias em geral, com predominância de produtos alimentícios - supermercados",T1,2013,2025,3.94564317948801,0.875,4.82064317948801
2204402,Gilbués,Comércio varejista de móveis,T2,2018,2025,8.14400474331528,5.5674362089915,13.71144095230678
2204402,Gilbués,"Comércio varejista de produtos farmacêuticos, sem manipulação de fórmulas",T1,2013,2025,24.6724100391326,24.6544117647059,49.3268218038385
2204402,Gilbués,Cultivo de arroz,T1,2022,2025,8.29289526869461,6.42105263157895,14.71394790027356
2204402,Gilbués,Fabricação de alimentos para animais,T1,2022,2025,1.65504789258676,1.59649122807018,3.2515391206569397
2204402,Gilbués,"Lanchonetes, casas de chá, de sucos e similares",T1,2022,2025,0.934710688439855,0.824561403508772,1.759272091948627
2204402,Gilbués,"Lojas de departamentos ou magazines, exceto lojas francas (Duty free)",T2,2018,2025,3.22882557915565,1.67314702308627,4.90197260224192
2204402,Gilbués,Perfuração e construção de poços de água,T1,2022,2025,1.96272648835203,1.82456140350877,3.7872878918608
2204402,Gilbués,Restaurantes e similares,T1,2022,2025,1.19954431163775,0.947368421052632,2.146912732690382
2204402,Gilbués,Serviços advocatícios,T1,2022,2025,2.95983078835557,2.82456140350877,5.78439219186434
2204402,Gilbués,Serviços de funerárias,T1,2022,2025,4.92193866609479,4.82456140350877,9.74650006960356
2204402,Gilbués,"Transporte rodoviário de carga, exceto produtos perigosos e mudanças, intermunicipal, interestadual e internacional",T1,2022,2025,5.69627120376265,5.64912280701754,11.34539401078019
2204501,Guadalupe,Atividades de apoio à agricultura não especificadas anteriormente,T2,2022,2025,3.30123049657323,3.47463456577816,6.775865062351389
2204501,Guadalupe,Atividades de associações de defesa de direitos sociais,T1,2013,2025,14.8674957188736,13.0705882352941,27.938083954167702
2204501,Guadalupe,Atividades de organizações religiosas,T2,2018,2025,1.31784297265689,0.533129459734964,1.850972432391854
2204501,Guadalupe,Cartórios,T2,2022,2025,0.770095750492151,0.919174548581255,1.689270299073406
2204501,Guadalupe,Casas lotéricas,T2,2018,2025,1.17381522758046,0.533129459734964,1.7069446873154241
2204501,Guadalupe,Comercio varejista de artigos de armarinho,T2,2022,2025,1.00101041163291,0.959587274290628,1.960597685923538
2204501,Guadalupe,Comércio a varejo de peças e acessórios novos para motocicletas e motonetas,T2,2018,2025,2.83611967754152,3.76656472986748,6.602684407409
2204501,Guadalupe,"Comércio atacadista de defensivos agrícolas, adubos, fertilizantes e corretivos do solo",T2,2022,2025,0.890748898678414,0.919174548581255,1.809923447259669
2204501,Guadalupe,"Comércio atacadista de frutas, verduras, raízes, tubérculos, hortaliças e legumes frescos",T2,2022,2025,16.2334334078569,17.4342218400688,33.6676552479257
2204501,Guadalupe,Comércio varejista de artigos do vestuário e acessórios,T2,2018,2025,9.17875879548395,8.29969418960245,17.4784529850864
2204501,Guadalupe,"Comércio varejista de cal, areia, pedra britada, tijolos e telhas",T2,2018,2025,2.28006267136702,2.53312945973496,4.81319213110198
2204501,Guadalupe,Comércio varejista de combustíveis para veículos automotores,T1,2013,2025,25.6370515686898,25.1529411764706,50.7899927451604
2204501,Guadalupe,Comércio varejista de gás liqüefeito de petróleo (GLP),T1,2013,2025,3.04161188026916,2.57647058823529,5.61808246850445
2204501,Guadalupe,Comércio varejista de hortifrutigranjeiros,T2,2018,2025,14.6969566636016,14.7665647298675,29.4635213934691
2204501,Guadalupe,Comércio varejista de materiais de construção em geral,T1,2013,2025,2.8181431245739,1.88235294117647,4.70049606575037
2204501,Guadalupe,"Comércio varejista de mercadorias em geral, com predominância de produtos alimentícios - minimercados, mercearias e armazéns",T2,2022,2025,4.10475986583886,3.94926913155632,8.05402899739518
2204501,Guadalupe,"Comércio varejista de mercadorias em geral, com predominância de produtos alimentícios - supermercados",T1,2013,2025,23.7026848929111,23.5764705882353,47.279155481146404
2204501,Guadalupe,Comércio varejista de móveis,T1,2013,2025,14.7106800606951,12.7294117647059,27.440091825400998
2204501,Guadalupe,"Comércio varejista de produtos farmacêuticos, sem manipulação de fórmulas",T2,2018,2025,19.9895901154741,20.1987767584098,40.1883668738839
2204501,Guadalupe,Comércio varejista de tecidos,T1,2013,2025,4.30626508794114,3.57647058823529,7.882735676176431
2204501,Guadalupe,Comércio varejista especializado de eletrodomésticos e equipamentos de áudio e vídeo,T1,2013,2025,6.55269987442445,3.30588235294118,9.85858222736563
2204501,Guadalupe,Cultivo de banana,T1,2013,2025,11.9199311235471,7.83529411764706,19.75522524119416
2204501,Guadalupe,Cultivo de milho,T1,2013,2025,37.2395730558795,39.5764705882353,76.8160436441148
2204501,Guadalupe,Cultivo de soja,T2,2018,2025,23.083421254728,23.533129459735,46.616550714463
2204501,Guadalupe,Ensino fundamental,T2,2018,2025,183.383958612206,185.766564729867,369.15052334207303
2204501,Guadalupe,Fabricação de produtos de padaria e confeitaria com predominância de produção própria,T2,2022,2025,0.88087626026774,0.959587274290628,1.840463534558368
2204501,Guadalupe,Fabricação de produtos de panificação industrial,T1,2013,2025,3.64509027642161,4.15294117647059,7.7980314528922
2204501,Guadalupe,Hotéis,T2,2022,2025,3.86150247091545,3.95958727429063,7.821089745206081
2204501,Guadalupe,Laboratórios clínicos,T2,2018,2025,1.43205717202654,1.53312945973496,2.9651866317615
2204501,Guadalupe,"Lojas de departamentos ou magazines, exceto lojas francas (Duty free)",T2,2018,2025,4.30510077220753,2.13251783893986,6.43761861114739
2204501,Guadalupe,Pesca de peixes em água doce,T2,2018,2025,29.2365339578454,29.6309887869521,58.8675227447975
2204501,Guadalupe,Promoção de vendas,T2,2018,2025,12.3751924557352,33.4322120285423,45.807404484277505
2204501,Guadalupe,Restaurantes e similares,T2,2018,2025,2.69721249831462,2.53312945973496,5.23034195804958
2204501,Guadalupe,Serviços de funerárias,T2,2018,2025,10.2883361506882,11.3659531090724,21.654289259760603
2204550,Guaribas,Administração pública em geral,T1,2013,2025,227.649792989412,180.947368421053,408.597161410465
2204550,Guaribas,Atividades do Correio Nacional,T2,2022,2025,0.108751582048675,0.126721763085399,0.235473345134074
2204550,Guaribas,Comércio varejista de móveis,T2,2022,2025,0.0347826979426994,0.126721763085399,0.1615044610280984
2204550,Guaribas,"Comércio varejista de produtos farmacêuticos, sem manipulação de fórmulas",T2,2018,2025,3.74913250962284,3.95723684210526,7.7063693517281
2204550,Guaribas,Serviços de assistência social sem alojamento,T2,2022,2025,20.7797222956254,24.6473829201102,45.4271052157356
2204550,Guaribas,Serviços de comunicação multimídia - SCM,T2,2022,2025,1.68928384736017,2.2534435261708,3.9427273735309702
2204600,Hugo Napoleão,Atividades do Correio Nacional,T2,2018,2025,0.390094445693726,0.378378378378378,0.7684728240721039
2204600,Hugo Napoleão,Comércio varejista de gás liqüefeito de petróleo (GLP),T2,2018,2025,1.04292583080696,1.18918918918919,2.23211501999615
2204600,Hugo Napoleão,Comércio varejista de materiais de construção em geral,T2,2022,2025,1.00094108044563,1.48837209302326,2.48931317346889
2204600,Hugo Napoleão,"Comércio varejista de mercadorias em geral, com predominância de produtos alimentícios - minimercados, mercearias e armazéns",T2,2018,2025,0.73166380645868,1.37837837837838,2.1100421848370603
2204600,Hugo Napoleão,"Comércio varejista de produtos farmacêuticos, sem manipulação de fórmulas",T2,2013,2025,6.57389001677112,8.53424657534246,15.10813659211358
2204600,Hugo Napoleão,"Criação de bovinos, exceto para corte e leite",T2,2018,2025,0.971699993356806,1.37837837837838,2.350078371735186
2204659,Ilha Grande,Casas lotéricas,T1,2018,2025,1.08690761379023,0.212345679012346,1.299253292802576
2204659,Ilha Grande,Comércio varejista de gás liqüefeito de petróleo (GLP),T1,2013,2025,1.04161188026916,0.387527839643653,1.429139719912813
2204659,Ilha Grande,"Comércio varejista de mercadorias em geral, com predominância de produtos alimentícios - minimercados, mercearias e armazéns",T1,2022,2025,3.89670306144295,2.20529801324503,6.10200107468798
2204659,Ilha Grande,Criação de bovinos para corte,T1,2013,2025,3.81811345584434,3.38752783964365,7.20564129548799
2204659,Ilha Grande,"Fabricação de artefatos de cerâmica e barro cozido para uso na construção, exceto azulejos e pisos",T1,2018,2025,64.1434958254781,59.2740740740741,123.4175698995522
2204659,Ilha Grande,Serviços combinados de escritório e apoio administrativo,T1,2022,2025,65.5556294945353,63.0353200883002,128.5909495828355
2204709,Inhuma,Atividade odontológica com recursos para realização de procedimentos cirúrgicos,T1,2022,2025,2.89132025761124,1.8970189701897,4.78833922780094
2204709,Inhuma,Atividades paisagísticas,T1,2018,2025,14.2788764909581,14.3941093969144,28.6729858878725
2204709,Inhuma,Cartórios,T1,2013,2025,5.30898375826546,5.08528428093646,10.394268039201918
2204709,Inhuma,Comércio a varejo de peças e acessórios novos para veículos automotores,T1,2022,2025,6.75839473271673,4.24254742547426,11.000942158190991
2204709,Inhuma,"Comércio atacadista de bombas e compressores, partes e peças",T1,2022,2025,1.74920634920635,0.897018970189702,2.646225319396052
2204709,Inhuma,Comércio atacadista de cereais e leguminosas beneficiados,T1,2022,2025,6.88285086843681,6.44850948509485,13.331360353531661
2204709,Inhuma,"Comércio atacadista de mercadorias em geral, com predominância de produtos alimentícios",T1,2022,2025,2.63905268029079,2.44850948509485,5.0875621653856395
2204709,Inhuma,Comércio varejista de artigos de óptica,T1,2018,2025,1.71237449118046,1.39410939691445,3.10648388809491
2204709,Inhuma,Comércio varejista de combustíveis para veículos automotores,T1,2013,2025,4.91115470606925,0.511705685618729,5.422860391687979
2204709,Inhuma,Comércio varejista de materiais de construção em geral,T1,2013,2025,9.29088587474434,7.25585284280936,16.5467387175537
2204709,Inhuma,"Comércio varejista de mercadorias em geral, com predominância de produtos alimentícios - minimercados, mercearias e armazéns",T1,2013,2025,36.3692660734488,28.8528428093645,65.2221088828133
2204709,Inhuma,Comércio varejista de móveis,T1,2022,2025,5.2434788855989,1.13956639566396,6.383045281262859
2204709,Inhuma,"Comércio varejista de produtos farmacêuticos, sem manipulação de fórmulas",T1,2013,2025,24.1477800335422,21.5117056856187,45.6594857191609
2204709,Inhuma,Construção de edifícios,T1,2022,2025,4.21677029837916,1.13956639566396,5.35633669404312
2204709,Inhuma,Fabricação de açúcar em bruto,T1,2013,2025,1.16192388680279,0.0852842809364549,1.2472081677392448
2204709,Inhuma,Padaria e confeitaria com predominância de revenda,T1,2018,2025,17.2239346895298,15.7882187938289,33.0121534833587
2204808,Ipiranga do Piauí,Atividades do Correio Nacional,T2,2022,2025,1.21750316409735,0.977628635346756,2.195131799444106
2204808,Ipiranga do Piauí,Cartórios,T2,2022,2025,3.88504787524608,3.98881431767338,7.873862192919461
2204808,Ipiranga do Piauí,Casas lotéricas,T2,2022,2025,1.26100928350393,0.977628635346756,2.238637918850686
2204808,Ipiranga do Piauí,Comércio a varejo de peças e acessórios novos para motocicletas e motonetas,T2,2018,2025,0.836119677541525,1.74792243767313,2.584042115214655
2204808,Ipiranga do Piauí,Comércio varejista de materiais de construção em geral,T2,2022,2025,5.00031369348188,4.98881431767338,9.989128011155259
2204808,Ipiranga do Piauí,Comércio varejista de materiais de construção não especificados anteriormente,T2,2013,2025,7.39565404475043,5.28493150684931,12.68058555159974
2204808,Ipiranga do Piauí,"Comércio varejista de mercadorias em geral, com predominância de produtos alimentícios - minimercados, mercearias e armazéns",T2,2022,2025,3.96556768714765,3.98881431767338,7.95438200482103
2204808,Ipiranga do Piauí,Comércio varejista de móveis,T2,2018,2025,10.0130913403014,9.74792243767313,19.761013777974533
2204808,Ipiranga do Piauí,"Comércio varejista de produtos farmacêuticos, sem manipulação de fórmulas",T2,2013,2025,4.72167005031335,6.85479452054795,11.576464570861301
2204808,Ipiranga do Piauí,Fabricação de conservas de frutas,T2,2022,2025,1.73104593248478,7.6420581655481,9.37310409803288
2204808,Ipiranga do Piauí,"Transporte rodoviário de carga, exceto produtos perigosos e mudanças, intermunicipal, interestadual e internacional",T2,2022,2025,0.848135601881325,0.988814317673378,1.836949919554703
2204907,Isaías Coelho,Administração pública em geral,T1,2018,2025,361.147001563711,30.8163265306123,391.9633280943233
2204907,Isaías Coelho,"Comércio atacadista de mercadorias em geral, sem predominância de alimentos ou de insumos agropecuários",T1,2022,2025,4.01247814817047,1.23770491803279,5.2501830662032605
2204907,Isaías Coelho,Comércio varejista de materiais de construção em geral,T1,2022,2025,9.0012547739275,5.31693989071038,14.318194664637879
2204907,Isaías Coelho,"Comércio varejista de mercadorias em geral, com predominância de produtos alimentícios - minimercados, mercearias e armazéns",T1,2013,2025,34.8369266073449,33.1188524590164,67.9557790663613
2204907,Isaías Coelho,"Comércio varejista de mercadorias em geral, com predominância de produtos alimentícios - supermercados",T1,2022,2025,7.84260429305261,6.15846994535519,14.0010742384078
2204907,Isaías Coelho,Comércio varejista de produtos farmacêuticos homeopáticos,T1,2022,2025,1.19962423673086,0.0792349726775956,1.2788592094084557
2205003,Itainópolis,Atividade odontológica com recursos para realização de procedimentos cirúrgicos,T1,2022,2025,0.945660128805621,0.615384615384615,1.561044744190236
2205003,Itainópolis,Cartórios,T1,2022,2025,1.65514362573823,0.846153846153846,2.5012974718920757
2205003,Itainópolis,Comércio a varejo de peças e acessórios novos para veículos automotores,T1,2013,2025,1.91430686655562,0.766749379652605,2.6810562462082252
2205003,Itainópolis,Comércio varejista de combustíveis para veículos automotores,T1,2013,2025,6.09262892172438,0.833746898263027,6.926375819987407
2205003,Itainópolis,Comércio varejista de medicamentos veterinários,T1,2022,2025,1.02805247225025,0.615384615384615,1.643437087634865
2205003,Itainópolis,"Comércio varejista de mercadorias em geral, com predominância de produtos alimentícios - minimercados, mercearias e armazéns",T1,2013,2025,2.83692660734488,1.76674937965261,4.60367598699749
2205003,Itainópolis,"Comércio varejista de produtos farmacêuticos, sem manipulação de fórmulas",T1,2013,2025,14.5246300055904,13.7667493796526,28.291379385242998
2205003,Itainópolis,Serviços de assistência social sem alojamento,T1,2022,2025,25.9010257765393,20.7692307692308,46.6702565457701
2205102,Itaueira,Atividade odontológica com recursos para realização de procedimentos cirúrgicos,T2,2022,2025,0.945660128805621,1.13788819875776,2.0835483275633813
2205102,Itaueira,Atividades do Correio Nacional,T2,2022,2025,1.21750316409735,1.27577639751553,2.49327956161288
2205102,Itaueira,Cartórios,T1,2013,2025,6.23593503306186,8.03398926654741,14.26992429960927
2205102,Itaueira,Casas lotéricas,T2,2022,2025,2.26100928350393,2.27577639751553,4.53678568101946
2205102,Itaueira,"Comércio atacadista de mercadorias em geral, com predominância de insumos agropecuários",T2,2022,2025,0.0605656026216774,2.10310559006211,2.1636711926837875
2205102,Itaueira,Comércio varejista de artigos do vestuário e acessórios,T2,2022,2025,5.96929056845051,6.55155279503106,12.52084336348157
2205102,Itaueira,Comércio varejista de combustíveis para veículos automotores,T1,2013,2025,20.6370515686898,20.5169946332737,41.154046201963496
2205102,Itaueira,Comércio varejista de materiais de construção em geral,T1,2018,2025,2.74558413268621,2.62027833001988,5.36586246270609
2205102,Itaueira,"Comércio varejista de mercadorias em geral, com predominância de produtos alimentícios - minimercados, mercearias e armazéns",T2,2022,2025,5.31135374295297,8.75776397515528,14.069117718108249
2205102,Itaueira,"Comércio varejista de mercadorias em geral, com predominância de produtos alimentícios - supermercados",T1,2013,2025,12.7026848929111,12.7584973166369,25.461182209548
2205102,Itaueira,Comércio varejista de móveis,T1,2013,2025,8.13204018208522,3.82647584973166,11.95851603181688
2205102,Itaueira,Comércio varejista de outros produtos não especificados anteriormente,T2,2022,2025,5.0507869666067,5.13788819875776,10.18867516536446
2205102,Itaueira,"Comércio varejista de produtos farmacêuticos, sem manipulação de fórmulas",T1,2018,2025,13.9930600769828,12.962226640159,26.955286717141803
2205102,Itaueira,Construção de edifícios,T1,2013,2025,8.13175097560467,7.75849731663685,15.89024829224152
2205102,Itaueira,Cultivo de milho,T2,2022,2025,2.86385127528867,7.24099378881987,10.10484506410854
2205102,Itaueira,Cultivo de outras plantas de lavoura temporária não especificadas anteriormente,T2,2022,2025,2.12107051826678,2.82732919254658,4.94839971081336
2205102,Itaueira,Fabricação de alimentos para animais,T2,2022,2025,4.83188098657334,5.13788819875776,9.9697691853311
2205102,Itaueira,Hotéis,T2,2022,2025,4.7230049418309,5.27577639751553,9.99878133934643
2205102,Itaueira,"Lojas de departamentos ou magazines, exceto lojas francas (Duty free)",T1,2018,2025,10.4195135617854,5.82306163021869,16.24257519200409
2205102,Itaueira,Restaurantes e similares,T2,2022,2025,3.86659071860629,4.13788819875776,8.00447891736405
2205102,Itaueira,Transporte rodoviário de produtos perigosos,T2,2022,2025,1.35297734059371,3.10310559006211,4.45608293065582
2205151,Jacobina do Piauí,Atividades do Correio Nacional,T1,2018,2025,1.19504722284686,0.424242424242424,1.6192896470892841
2205151,Jacobina do Piauí,Comércio varejista de combustíveis para veículos automotores,T1,2013,2025,1.81852578434488,1.38062283737024,3.1991486217151204
2205151,Jacobina do Piauí,Comércio varejista de materiais de construção em geral,T1,2018,2025,2.74558413268621,2.42424242424242,5.16982655692863
2205151,Jacobina do Piauí,"Comércio varejista de mercadorias em geral, com predominância de produtos alimentícios - supermercados",T1,2022,2025,1.84260429305261,1.47027027027027,3.3128745633228798
2205151,Jacobina do Piauí,"Comércio varejista de produtos farmacêuticos, sem manipulação de fórmulas",T1,2013,2025,2.57389001677112,2.14186851211073,4.7157585288818495
2205151,Jacobina do Piauí,Construção de edifícios,T1,2022,2025,1.77622008525119,1.47027027027027,3.24649035552146
2205151,Jacobina do Piauí,Serviços advocatícios,T1,2022,2025,1.95983078835557,1.73513513513514,3.69496592349071
2205151,Jacobina do Piauí,Serviços de agronomia e de consultoria às atividades agrícolas e pecuárias,T1,2022,2025,5.81541652264086,5.47027027027027,11.28568679291113
2205151,Jacobina do Piauí,Serviços de comunicação multimídia - SCM,T1,2022,2025,13.2035546262415,11.2324324324324,24.435987058673902
2205201,Jaicós,Administração pública em geral,T1,2022,2025,595.178938102583,235.188067444877,830.3670055474599
2205201,Jaicós,Atividade médica ambulatorial com recursos para realização de exames complementares,T1,2022,2025,4.51124049363457,0.0129701686121919,4.5242106622467615
2205201,Jaicós,Cartórios,T1,2013,2025,2.85390254959279,3.50359712230216,6.35749967189495
2205201,Jaicós,Comércio a varejo de peças e acessórios novos para motocicletas e motonetas,T1,2022,2025,1.93064356568006,1.00259403372244,2.9332375994025
2205201,Jaicós,Comércio varejista de artigos do vestuário e acessórios,T1,2013,2025,6.73778118732612,3.0863309352518,9.824112122577919
2205201,Jaicós,Comércio varejista de combustíveis para veículos automotores,T1,2013,2025,22.7296804904141,19.9208633093525,42.6505437997666
2205201,Jaicós,Comércio varejista de materiais de construção não especificados anteriormente,T1,2018,2025,3.24356364669205,1.95755968169761,5.20112332838966
2205201,Jaicós,"Comércio varejista de mercadorias em geral, com predominância de produtos alimentícios - minimercados, mercearias e armazéns",T1,2013,2025,47.3908257175181,40.6762589928058,88.0670847103239
2205201,Jaicós,Comércio varejista de mercadorias em lojas de conveniência,T1,2022,2025,2.83911682429732,2.00259403372244,4.84171085801976
2205201,Jaicós,Comércio varejista de móveis,T1,2013,2025,21.2640803641704,6.51079136690647,27.77487173107687
2205201,Jaicós,"Comércio varejista de produtos farmacêuticos, sem manipulação de fórmulas",T1,2013,2025,6.39408008944597,4.67625899280575,11.07033908225172
2205201,Jaicós,Padaria e confeitaria com predominância de revenda,T1,2018,2025,2.11196734476489,0.957559681697613,3.0695270264625028
2205201,Jaicós,Serviços de funerárias,T1,2013,2025,1.97931900767126,3.0863309352518,5.065649942923059
2205250,Jardim do Mulato,Administração pública em geral,T1,2013,2025,169.416321649021,117.647058823529,287.06338047254997
2205250,Jardim do Mulato,"Comércio varejista de produtos farmacêuticos, sem manipulação de fórmulas",T2,2018,2025,0.247397528868533,1.08955223880597,1.336949767674503
2205276,Jatobá do Piauí,Comércio varejista de combustíveis para veículos automotores,T1,2022,2025,0.904938291618035,0.73469387755102,1.639632169169055
2205276,Jatobá do Piauí,Frigorífico - abate de ovinos e caprinos,T1,2022,2025,3.92233009708738,3.46938775510204,7.391717852189419
2205300,Jerumenha,Administração pública em geral,T2,2013,2025,117.470015652201,99.0088495575221,216.4788652097231
2205300,Jerumenha,Atividades de organizações religiosas,T2,2013,2025,1.16629092021137,0.787610619469027,1.953901539680397
2205300,Jerumenha,Atividades do Correio Nacional,T2,2013,2025,1.64801831787173,0.575221238938053,2.223239556809783
2205300,Jerumenha,Cartórios,T1,2022,2025,3.88504787524608,3.77678571428571,7.66183358953179
2205300,Jerumenha,Comércio varejista de combustíveis para veículos automotores,T1,2018,2025,4.67522013433077,2.67,7.34522013433077
2205300,Jerumenha,Comércio varejista de materiais de construção em geral,T1,2022,2025,1.00031369348188,0.776785714285714,1.777099407767594
2205300,Jerumenha,Comércio varejista de móveis,T1,2022,2025,2.0347826979427,1.77678571428571,3.81156841222841
2205300,Jerumenha,"Comércio varejista de produtos farmacêuticos, sem manipulação de fórmulas",T2,2013,2025,6.04926001118075,6.57522123893805,12.6244812501188
2205300,Jerumenha,Cultivo de eucalipto,T1,2018,2025,6.83735795454545,7.15,13.98735795454545
2205300,Jerumenha,Cultivo de soja,T2,2013,2025,5.19278115771872,5.78761061946903,10.98039177718775
2205300,Jerumenha,"Fabricação de artefatos de cerâmica e barro cozido para uso na construção, exceto azulejos e pisos",T1,2018,2025,76.071747912739,74.89,150.96174791273899
2205300,Jerumenha,Fabricação de produtos de padaria e confeitaria com predominância de produção própria,T1,2022,2025,6.16613382187418,5.4375,11.60363382187418
2205300,Jerumenha,Restaurantes e similares,T1,2018,2025,0.848606249157308,0.63,1.478606249157308
2205409,Joaquim Pires,Administração pública em geral,T1,2022,2025,38.8030316610726,28.7032520325203,67.5062836935929
2205409,Joaquim Pires,Atividades de organizações religiosas,T1,2013,2025,1.16629092021137,0.515384615384615,1.6816755355959851
2205409,Joaquim Pires,"Bancos múltiplos, com carteira comercial",T1,2018,2025,2.16105680817628,1.55322338830585,3.7142801964821297
2205409,Joaquim Pires,Cartórios,T1,2022,2025,5.77009575049215,5.38482384823848,11.154919598730629
2205409,Joaquim Pires,Casas lotéricas,T1,2013,2025,0.926503722570533,0.515384615384615,1.441888337955148
2205409,Joaquim Pires,Comércio varejista de artigos do vestuário e acessórios,T1,2018,2025,3.05958626516132,2.55322338830585,5.6128096534671705
2205409,Joaquim Pires,Comércio varejista de materiais de construção em geral,T1,2018,2025,2.74558413268621,2.55322338830585,5.29880752099206
2205409,Joaquim Pires,"Comércio varejista de mercadorias em geral, com predominância de produtos alimentícios - minimercados, mercearias e armazéns",T1,2013,2025,4.18463303672441,2.57692307692308,6.76155611364749
2205409,Joaquim Pires,"Comércio varejista de produtos farmacêuticos, sem manipulação de fórmulas",T1,2013,2025,4.09852002236149,4.06153846153846,8.16005848389995
2205409,Joaquim Pires,Fabricação de produtos cerâmicos refratários,T1,2013,2025,11.7720634920635,2.21538461538462,13.98744810744812
2205409,Joaquim Pires,Seleção e agenciamento de mão-de-obra,T1,2022,2025,76.1183522249696,75.0027100271003,151.12106225206992
2205409,Joaquim Pires,Serviços de comunicação multimídia - SCM,T1,2022,2025,3.84464192368008,3.69241192411924,7.537053847799321
2205458,Joca Marques,Atividades do Correio Nacional,T2,2013,2025,0.324009158935864,0.0203045685279188,0.3443137274637828
2205458,Joca Marques,Comércio varejista de combustíveis para veículos automotores,T2,2013,2025,0.818525784344876,1.02030456852792,1.838830352872796
2205508,José de Freitas,Abate de aves,T1,2018,2025,8.90723609041559,9.69777217318201,18.6050082635976
2205508,José de Freitas,Atividade médica ambulatorial com recursos para realização de exames complementares,T2,2022,2025,0.902248098726913,0.856744510282328,1.758992609009241
2205508,José de Freitas,Atividade odontológica com recursos para realização de procedimentos cirúrgicos,T2,2022,2025,4.34792154566745,3.28093412338794,7.62885566905539
2205508,José de Freitas,Atividades de contabilidade,T1,2013,2025,1.86990812162908,0.956701980654076,2.826610102283156
2205508,José de Freitas,Atividades do Correio Nacional,T1,2018,2025,4.58514166854059,2.86380832282472,7.4489499913653106
2205508,José de Freitas,"Bancos múltiplos, com carteira comercial",T2,2022,2025,1.3777230387955,0.426978041129313,1.8047010799248129
2205508,José de Freitas,Caixas econômicas,T1,2013,2025,6.65355336432841,2.93505297098111,9.58860633530952
2205508,José de Freitas,Cartórios,T1,2013,2025,14.3089837582655,14.4891754951635,28.798159253429
2205508,José de Freitas,Casas lotéricas,T2,2022,2025,4.91353249226375,2.9972115719763,7.91074406424005
2205508,José de Freitas,"Comercio varejista de artigos de cama, mesa e banho",T2,2022,2025,0.873533156681235,0.570233530846985,1.44376668752822
2205508,José de Freitas,Comércio a varejo de peças e acessórios novos para veículos automotores,T1,2018,2025,17.6889070135543,17.2425388818831,34.9314458954374
2205508,José de Freitas,Comércio varejista de animais vivos e de artigos e alimentos para animais de estimação,T1,2013,2025,1.60769009078246,3.46752648549056,5.07521657627302
2205508,José de Freitas,Comércio varejista de artigos de papelaria,T1,2013,2025,7.01791920500046,5.97835099032704,12.9962701953275
2205508,José de Freitas,Comércio varejista de artigos do vestuário e acessórios,T2,2022,2025,24.815743410703,21.5618682467759,46.3776116574789
2205508,José de Freitas,Comércio varejista de bebidas,T1,2018,2025,4.59664399894021,3.86380832282472,8.46045232176493
2205508,José de Freitas,"Comércio varejista de bicicletas e triciclos, peças e acessórios",T2,2022,2025,0.958576629800096,0.856744510282328,1.8153211400824238
2205508,José de Freitas,Comércio varejista de combustíveis para veículos automotores,T1,2018,2025,17.7920335572179,14.3190416141236,32.1110751713415
2205508,José de Freitas,Comércio varejista de gás liqüefeito de petróleo (GLP),T1,2013,2025,9.45773068296079,3.38093044679871,12.8386611297595
2205508,José de Freitas,Comércio varejista de materiais de construção em geral,T1,2018,2025,36.4381778576069,34.697772173182,71.1359500307889
2205508,José de Freitas,Comércio varejista de medicamentos veterinários,T1,2013,2025,2.07832796928923,1.46752648549056,3.54585445477979
2205508,José de Freitas,"Comércio varejista de mercadorias em geral, com predominância de produtos alimentícios - supermercados",T2,2022,2025,85.8384953338938,79.9637504356919,165.8022457695857
2205508,José de Freitas,"Comércio varejista de produtos farmacêuticos, com manipulação de fórmulas",T2,2022,2025,0.810136939774289,0.713489020564657,1.5236259603389462
2205508,José de Freitas,"Comércio varejista de produtos farmacêuticos, sem manipulação de fórmulas",T1,2013,2025,6.68964015653044,5.69691386457854,12.38655402110898
2205508,José de Freitas,Comércio varejista especializado de eletrodomésticos e equipamentos de áudio e vídeo,T2,2022,2025,7.28976092761076,6.57023353084699,13.85999445845775
2205508,José de Freitas,Comércio varejista especializado de equipamentos de telefonia e comunicação,T1,2013,2025,3.03029311619228,1.97835099032704,5.00864410651932
2205508,José de Freitas,Construção de edifícios,T1,2013,2025,60.7733075606753,22.8613542146476,83.6346617753229
2205508,José de Freitas,Construção de rodovias e ferrovias,T1,2013,2025,21.1312694495626,20.4891754951635,41.6204449447261
2205508,José de Freitas,Correspondentes de instituições financeiras,T2,2022,2025,1.94079083569112,1.85674451028233,3.7975353459734498
2205508,José de Freitas,Corretagem na compra e venda e avaliação de imóveis,T2,2022,2025,0.893753800712362,0.856744510282328,1.7504983109946899
2205508,José de Freitas,"Corretores e agentes de seguros, de planos de previdência complementar e de saúde",T1,2018,2025,0.683771278917503,0.621269440941572,1.305040719859075
2205508,José de Freitas,Criação de bovinos para corte,T1,2013,2025,13.454340367533,12.4675264854906,25.9218668530236
2205508,José de Freitas,Criação de caprinos,T2,2022,2025,1.70588235294118,1.42697804112931,3.13286039407049
2205508,José de Freitas,Criação de frangos para corte,T1,2013,2025,49.8485940137511,47.4675264854906,97.31612049924169
2205508,José de Freitas,"Criação de ovinos, inclusive para produção de lã",T1,2018,2025,1.67431972789116,1.62126944094157,3.2955891688327297
2205508,José de Freitas,Cultivo de cana-de-açúcar,T2,2022,2025,7.98158529726592,7.28372255141164,15.26530784867756
2205508,José de Freitas,Educação infantil - pré-escola,T2,2022,2025,3.74242084974293,1.4074590449634,5.14987989470633
2205508,José de Freitas,Extração de calcário e dolomita e beneficiamento associado,T2,2022,2025,12.6530973451327,11.8539560822586,24.5070534273913
2205508,José de Freitas,Fabricação de alimentos para animais,T2,2022,2025,6.82316690601341,6.9972115719763,13.82037847798971
2205508,José de Freitas,"Fabricação de artefatos de cerâmica e barro cozido para uso na construção, exceto azulejos e pisos",T2,2022,2025,27.1768929914358,26.7134890205647,53.8903820120005
2205508,José de Freitas,Fabricação de estruturas metálicas,T1,2018,2025,0.578398788125438,0.621269440941572,1.19966822906701
2205508,José de Freitas,Fabricação de produtos de padaria e confeitaria com predominância de produção própria,T1,2013,2025,39.9021645346438,71.8268079226163,111.7289724572601
2205508,José de Freitas,Formação de condutores,T1,2018,2025,5.70932644875755,4.86380832282472,10.573134771582271
2205508,José de Freitas,Instalação e manutenção elétrica,T1,2018,2025,3.43442684295871,3.62126944094157,7.05569628390028
2205508,José de Freitas,Laboratórios clínicos,T2,2022,2025,4.83182769213544,4.57023353084699,9.40206122298243
2205508,José de Freitas,"Lanchonetes, casas de chá, de sucos e similares",T2,2022,2025,0.804132065319564,0.570233530846985,1.374365596166549
2205508,José de Freitas,"Lojas de departamentos ou magazines, exceto lojas francas (Duty free)",T2,2022,2025,5.18735786343227,1.9944231439526,7.1817810073848705
2205508,José de Freitas,"Lojas de variedades, exceto lojas de departamentos ou magazines",T2,2022,2025,3.81155906399774,3.85674451028233,7.6683035742800705
2205508,José de Freitas,Padaria e confeitaria com predominância de revenda,T1,2018,2025,29.1196734476489,24.2126944094157,53.3323678570646
2205508,José de Freitas,Promoção de vendas,T2,2022,2025,15.4185360665249,15.8567445102823,31.2752805768072
2205508,José de Freitas,Restaurantes e similares,T2,2022,2025,20.5997721558189,20.570233530847,41.1700056866659
2205508,José de Freitas,Serviços de comunicação multimídia - SCM,T2,2022,2025,19.0285415577627,19.4158243290345,38.4443658867972
2205508,José de Freitas,Transporte escolar,T2,2022,2025,17.7118644067797,17.8567445102823,35.568608917062
2205508,José de Freitas,"Transporte rodoviário coletivo de passageiros, com itinerário fixo, municipal",T1,2013,2025,99.2961602300479,94.9350529709811,194.231213201029
2205359,João Costa,"Comércio atacadista de frutas, verduras, raízes, tubérculos, hortaliças e legumes frescos",T2,2022,2025,9.86435004790802,11.7081967213115,21.57254676921952
2205359,João Costa,"Comércio varejista de mercadorias em geral, com predominância de produtos alimentícios - minimercados, mercearias e armazéns",T2,2018,2025,4.86583190322934,4.77292576419214,9.63875766742148
2205359,João Costa,"Comércio varejista de produtos farmacêuticos, sem manipulação de fórmulas",T2,2022,2025,0.861264600443158,1.15737704918033,2.018641649623488
2205516,Juazeiro do Piauí,Comércio varejista de combustíveis para veículos automotores,T1,2018,2025,4.55840671144359,0.621387283236994,5.179793994680584
2205516,Juazeiro do Piauí,"Comércio varejista de produtos farmacêuticos, sem manipulação de fórmulas",T1,2013,2025,3.04926001118075,1.92822966507177,4.97748967625252
2205516,Juazeiro do Piauí,Criação de bovinos para corte,T1,2022,2025,1.0036221236805,0.372848948374761,1.376471072055261
2205532,Jurema,Administração pública em geral,T1,2018,2025,175.653180856742,47.1389830508475,222.7921639075895
2205532,Jurema,Comércio varejista de combustíveis para veículos automotores,T1,2022,2025,1.80987658323607,0.572413793103448,2.382290376339518
2205532,Jurema,"Comércio varejista de produtos farmacêuticos, sem manipulação de fórmulas",T1,2022,2025,4.93063230022158,4.28620689655172,9.2168391967733
2205524,Júlio Borges,Administração pública em geral,T2,2018,2025,49.037075758185,32.6259541984733,81.6630299566583
2205524,Júlio Borges,Comércio varejista de combustíveis para veículos automotores,T2,2022,2025,1.7148148748541,1.96774193548387,3.68255681033797
2205524,Júlio Borges,"Comércio varejista de mercadorias em geral, com predominância de produtos alimentícios - minimercados, mercearias e armazéns",T2,2018,2025,3.73166380645868,3.60814249363868,7.33980630009736
2205524,Júlio Borges,"Comércio varejista de produtos farmacêuticos, sem manipulação de fórmulas",T2,2018,2025,4.74913250962284,4.80407124681934,9.55320375644218
2205557,Lagoa Alegre,Administração pública em geral,T1,2013,2025,199.683853174171,29.4485981308411,229.1324513050121
2205557,Lagoa Alegre,Atividades do Correio Nacional,T1,2018,2025,1.19504722284686,0.408602150537634,1.603649373384494
2205557,Lagoa Alegre,Comércio varejista de bebidas,T1,2013,2025,0.834820942636334,0.155763239875389,0.990584182511723
2205557,Lagoa Alegre,Comércio varejista de combustíveis para veículos automotores,T1,2013,2025,9.2741031373795,6.62305295950156,15.89715609688106
2205557,Lagoa Alegre,"Comércio varejista de mercadorias em geral, com predominância de produtos alimentícios - minimercados, mercearias e armazéns",T1,2013,2025,12.3908257175181,1.49221183800623,13.883037555524329
2205557,Lagoa Alegre,"Comércio varejista de produtos farmacêuticos, sem manipulação de fórmulas",T1,2013,2025,4.52463000559037,4.15576323987539,8.68039324546576
2205557,Lagoa Alegre,"Obras de urbanização - ruas, praças e calçadas",T1,2013,2025,6.05453496993163,5.31152647975078,11.36606144968241
2205573,Lagoa de São Francisco,Atividades de organizações religiosas,T2,2013,2025,3.16629092021137,2.98547215496368,6.151763075175049
2205573,Lagoa de São Francisco,Atividades do Correio Nacional,T2,2018,2025,0.195047222846863,0.0117924528301887,0.2068396756770517
2205573,Lagoa de São Francisco,Comércio varejista de materiais de construção em geral,T2,2018,2025,4.74558413268621,5.01179245283019,9.7573765855164
2205573,Lagoa de São Francisco,"Comércio varejista de mercadorias em geral, com predominância de produtos alimentícios - minimercados, mercearias e armazéns",T2,2013,2025,0.673853214689764,0.970944309927361,1.644797524617125
2205573,Lagoa de São Francisco,Comércio varejista de móveis,T1,2022,2025,3.0347826979427,2.4365671641791,5.4713498621218
2205573,Lagoa de São Francisco,"Comércio varejista de produtos farmacêuticos, sem manipulação de fórmulas",T2,2013,2025,1.04926001118075,1.97094430992736,3.02020432110811
2205565,Lagoa do Barro do Piauí,Administração pública em geral,T2,2018,2025,35.0749969342674,62.7593220338983,97.8343189681657
2205565,Lagoa do Barro do Piauí,Comércio varejista de combustíveis para veículos automotores,T2,2018,2025,4.70560447429573,4.94576271186441,9.65136718616014
2205565,Lagoa do Barro do Piauí,Comércio varejista de materiais de construção em geral,T2,2018,2025,4.74558413268621,4.9728813559322,9.71846548861841
2205565,Lagoa do Barro do Piauí,Comércio varejista de medicamentos veterinários,T2,2018,2025,0.761264290517821,0.91864406779661,1.679908358314431
2205565,Lagoa do Barro do Piauí,"Comércio varejista de mercadorias em geral, com predominância de produtos alimentícios - minimercados, mercearias e armazéns",T2,2018,2025,2.59749570968802,2.91864406779661,5.51613977748463
2205565,Lagoa do Barro do Piauí,"Comércio varejista de produtos farmacêuticos, sem manipulação de fórmulas",T2,2018,2025,0.498265019245689,0.945762711864407,1.444027731110096
2205565,Lagoa do Barro do Piauí,Geração de energia elétrica,T1,2022,2025,3.39207605231344,0.0980645161290322,3.4901405684424724
2205565,Lagoa do Barro do Piauí,Restaurantes e similares,T1,2022,2025,2.73318143721258,2.6541935483871,5.3873749855996795
2205581,Lagoa do Piauí,Administração pública em geral,T1,2013,2025,293.182850308629,276.638418079096,569.821268387725
2205581,Lagoa do Piauí,Atividades do Correio Nacional,T1,2018,2025,1.19504722284686,0.486486486486487,1.6815337093333471
2205581,Lagoa do Piauí,Casas de festas e eventos,T1,2022,2025,6.44415522953147,5.67027027027027,12.11442549980174
2205581,Lagoa do Piauí,Casas lotéricas,T1,2018,2025,1.08690761379023,0.486486486486487,1.5733941002767171
2205581,Lagoa do Piauí,Comércio varejista de materiais de construção em geral,T1,2022,2025,3.00031369348188,2.33513513513514,5.33544882861702
2205581,Lagoa do Piauí,Comércio varejista de mercadorias em lojas de conveniência,T1,2022,2025,6.51735047289197,5.00540540540541,11.52275587829738
2205581,Lagoa do Piauí,"Comércio varejista de produtos farmacêuticos, sem manipulação de fórmulas",T1,2013,2025,9.04926001118075,5.03954802259887,14.088808033779621
2205581,Lagoa do Piauí,"Transporte rodoviário de carga, exceto produtos perigosos e mudanças, intermunicipal, interestadual e internacional",T1,2022,2025,0.848135601881325,0.335135135135135,1.18327073701646
2205599,Lagoa do Sítio,Administração pública em geral,T1,2022,2025,12.1594539745903,5.68446601941747,17.84391999400777
2205599,Lagoa do Sítio,Casas lotéricas,T2,2018,2025,1.26072284137069,0.397196261682243,1.657919103052933
2205599,Lagoa do Sítio,Comércio varejista de combustíveis para veículos automotores,T2,2013,2025,0.818525784344876,1.0410447761194,1.859570560464276
2205599,Lagoa do Sítio,Comércio varejista de materiais de construção em geral,T2,2018,2025,3.74558413268621,3.79906542056075,7.54464955324696
2205599,Lagoa do Sítio,"Comércio varejista de mercadorias em geral, com predominância de produtos alimentícios - minimercados, mercearias e armazéns",T2,2013,2025,1.67385321468976,2.08208955223881,3.75594276692857
2205599,Lagoa do Sítio,"Comércio varejista de produtos farmacêuticos, sem manipulação de fórmulas",T1,2022,2025,1.86126460044316,1.50485436893204,3.3661189693752
2205540,Lagoinha do Piauí,Administração pública em geral,T1,2022,2025,7.35642231351779,6.91304347826087,14.26946579177866
2205540,Lagoinha do Piauí,Atividades do Correio Nacional,T2,2018,2025,2.19504722284686,2.23636363636364,4.4314108592105
2205540,Lagoinha do Piauí,Comércio varejista de combustíveis para veículos automotores,T1,2013,2025,15.4555773530346,13.4615384615385,28.9171158145731
2205540,Lagoinha do Piauí,"Comércio varejista de mercadorias em geral, com predominância de produtos alimentícios - minimercados, mercearias e armazéns",T2,2018,2025,8.73166380645868,9.47272727272727,18.204391079185953
2205540,Lagoinha do Piauí,"Lanchonetes, casas de chá, de sucos e similares",T1,2022,2025,3.2818175728384,1.60869565217391,4.89051322501231
2205540,Lagoinha do Piauí,Restaurantes e similares,T2,2018,2025,6.18327498988769,10.8363636363636,17.01963862625129
2205607,Landri Sales,Atividades do Correio Nacional,T2,2022,2025,0.21750316409735,0.627177700348432,0.8446808644457819
2205607,Landri Sales,"Captação, tratamento e distribuição de água",T2,2013,2025,1.7312777717568,1.80540540540541,3.5366831771622103
2205607,Landri Sales,Casas lotéricas,T2,2013,2025,0.926503722570533,0.935135135135135,1.861638857705668
2205607,Landri Sales,Comércio varejista de bebidas,T2,2013,2025,6.83482094263633,6.93513513513513,13.769956077771461
2205607,Landri Sales,Comércio varejista de combustíveis para veículos automotores,T2,2013,2025,1.81852578434488,1.93513513513514,3.75366091948002
2205607,Landri Sales,"Comércio varejista de mercadorias em geral, com predominância de produtos alimentícios - minimercados, mercearias e armazéns",T2,2013,2025,13.8369266073449,13.9351351351351,27.77206174248
2205607,Landri Sales,"Comércio varejista de produtos farmacêuticos, sem manipulação de fórmulas",T2,2013,2025,7.09852002236149,8.74054054054054,15.83906056290203
2205607,Landri Sales,Comércio varejista especializado de eletrodomésticos e equipamentos de áudio e vídeo,T1,2018,2025,4.20557318955584,3.65986394557823,7.865437135134069
2205607,Landri Sales,Criação de bovinos para corte,T2,2022,2025,0.0181106184025015,1.56794425087108,1.5860548692735814
2205805,Luzilândia,Atividade odontológica com recursos para realização de procedimentos cirúrgicos,T2,2018,2025,4.84701805580886,5.7011673151751,10.54818537098396
2205805,Luzilândia,Atividades de condicionamento físico,T2,2022,2025,0.522935698290264,1.00202702702703,1.524962725317294
2205805,Luzilândia,Atividades de organizações religiosas,T2,2022,2025,0.870246602650244,1.00608108108108,1.876327683731324
2205805,Luzilândia,Atividades de organizações sindicais,T2,2022,2025,1.83638010263979,2.00202702702703,3.8384071296668196
2205805,Luzilândia,Atividades de rádio,T2,2013,2025,3.89761252446184,2.89923023093072,6.79684275539256
2205805,Luzilândia,Atividades do Correio Nacional,T2,2018,2025,2.19504722284686,1.85058365758755,4.04563088043441
2205805,Luzilândia,"Bancos múltiplos, com carteira comercial",T2,2022,2025,1.755446077591,1.01621621621622,2.77166229380722
2205805,Luzilândia,Cartórios,T2,2022,2025,5.42523937623038,6.01013513513514,11.43537451136552
2205805,Luzilândia,Casas lotéricas,T2,2018,2025,1.17381522758046,0.701167315175097,1.874982542755557
2205805,Luzilândia,Comércio a varejo de motocicletas e motonetas novas,T2,2013,2025,2.43724099178198,2.89923023093072,5.3364712227127
2205805,Luzilândia,Comércio a varejo de peças e acessórios novos para motocicletas e motonetas,T2,2022,2025,0.861287131360124,1.00405405405405,1.865341185414174
2205805,Luzilândia,Comércio a varejo de peças e acessórios novos para veículos automotores,T2,2013,2025,4.82861373311123,4.93282015395381,9.76143388706504
2205805,Luzilândia,Comércio varejista de animais vivos e de artigos e alimentos para animais de estimação,T2,2022,2025,1.14024871364591,1.02027027027027,2.1605189839161802
2205805,Luzilândia,Comércio varejista de artigos de óptica,T2,2013,2025,3.70188867249423,4.89923023093072,8.60111890342495
2205805,Luzilândia,Comércio varejista de bebidas,T2,2013,2025,0.669641885272668,0.932820153953814,1.6024620392264821
2205805,Luzilândia,Comércio varejista de calçados,T2,2013,2025,2.48030894665992,1.93282015395381,4.41312910061373
2205805,Luzilândia,Comércio varejista de combustíveis para veículos automotores,T2,2013,2025,2.37051568689751,5.32820153953814,7.698717226435651
2205805,Luzilândia,"Comércio varejista de cosméticos, produtos de perfumaria e de higiene pessoal",T2,2013,2025,5.22033898305085,5.93282015395381,11.15315913700466
2205805,Luzilândia,Comércio varejista de lubrificantes,T2,2013,2025,6.78947368421053,6.96641007697691,13.755883761187441
2205805,Luzilândia,Comércio varejista de materiais de construção em geral,T2,2022,2025,4.00533278919189,4.03445945945946,8.039792248651349
2205805,Luzilândia,"Comércio varejista de mercadorias em geral, com predominância de produtos alimentícios - minimercados, mercearias e armazéns",T2,2013,2025,10.3908257175181,12.4625612316305,22.8533869491486
2205805,Luzilândia,"Comércio varejista de mercadorias em geral, com predominância de produtos alimentícios - supermercados",T2,2022,2025,4.76390643957892,5.00608108108108,9.769987520659999
2205805,Luzilândia,"Comércio varejista de produtos farmacêuticos, sem manipulação de fórmulas",T2,2013,2025,7.82019007267485,13.5633310006998,21.38352107337465
2205805,Luzilândia,Comércio varejista especializado de eletrodomésticos e equipamentos de áudio e vídeo,T2,2022,2025,3.19317395174051,3.00405405405405,6.19722800579456
2205805,Luzilândia,Confecção de roupas íntimas,T2,2013,2025,8.54596763630735,6.83205038488453,15.37801802119188
2205805,Luzilândia,Construção de edifícios,T2,2018,2025,17.9685788107463,20.1035019455253,38.0720807562716
2205805,Luzilândia,Formação de condutores,T2,2022,2025,1.25595878825158,1.00608108108108,2.2620398693326598
2205805,Luzilândia,"Lojas de departamentos ou magazines, exceto lojas francas (Duty free)",T2,2018,2025,7.72461433399289,4.16108949416342,11.88570382815631
2205805,Luzilândia,Manutenção de estações e redes de telecomunicações,T2,2022,2025,0.384721210649834,0.006081081081081,0.390802291730915
2205805,Luzilândia,Obras de fundações,T2,2018,2025,2.7366970990222,2.85058365758755,5.587280756609751
2205805,Luzilândia,Padaria e confeitaria com predominância de revenda,T2,2013,2025,18.9604142873046,17.7312806158153,36.6916949031199
2205805,Luzilândia,Restaurantes e similares,T2,2022,2025,7.59977215581887,8.00608108108108,15.60585323689995
2205805,Luzilândia,Serviços de comunicação multimídia - SCM,T2,2022,2025,8.44641923680084,10.0202702702703,18.46668950707114
2205805,Luzilândia,Serviços de funerárias,T2,2022,2025,0.609693330473944,1.01013513513514,1.619828465609084
2205706,Luís Correia,"Aparelhamento de placas e execução de trabalhos em mármore, granito, ardósia e outras pedras",T2,2022,2025,2.99478001491424,2.82934362934363,5.82412364425787
2205706,Luís Correia,Atividades de associações de defesa de direitos sociais,T2,2013,2025,11.4096422455534,12.2664199814986,23.676062227052
2205706,Luís Correia,Atividades de condicionamento físico,T2,2022,2025,12.5229356982903,12.9146718146718,25.437607512962103
2205706,Luís Correia,Atividades de organizações religiosas,T2,2018,2025,3.95352891797068,2.52055320783711,6.47408212580779
2205706,Luís Correia,Atividades do Correio Nacional,T2,2018,2025,2.58514166854059,1.76027660391856,4.34541827245915
2205706,Luís Correia,"Bancos múltiplos, com carteira comercial",T2,2022,2025,2.56658455819325,1.48803088803089,4.05461544622414
2205706,Luís Correia,"Bares e outros estabelecimentos especializados em servir bebidas, sem entretenimento",T2,2022,2025,3.73410175709194,1.29343629343629,5.02753805052823
2205706,Luís Correia,Caixas econômicas,T2,2013,2025,3.65355336432841,3.79925994449584,7.4528133088242505
2205706,Luís Correia,Cartórios,T2,2018,2025,6.20547662102816,6.84018440261237,13.04566102364053
2205706,Luís Correia,Casas lotéricas,T2,2013,2025,0.779511167711599,1.39962997224792,2.179141139959519
2205706,Luís Correia,Comércio atacadista especializado em outros produtos alimentícios não especificados anteriormente,T2,2022,2025,0.984978902953586,0.914671814671815,1.8996507176254012
2205706,Luís Correia,Comércio varejista de animais vivos e de artigos e alimentos para animais de estimação,T2,2018,2025,8.58807708833967,8.92009220130618,17.50816928964585
2205706,Luís Correia,Comércio varejista de artigos do vestuário e acessórios,T2,2013,2025,17.8853374247913,17.7992599444958,35.684597369287104
2205706,Luís Correia,Comércio varejista de bebidas,T2,2018,2025,5.73109599929347,5.84018440261237,11.57128040190584
2205706,Luís Correia,Comércio varejista de calçados,T2,2018,2025,1.11690494815505,0.920092201306185,2.036997149461235
2205706,Luís Correia,Comércio varejista de combustíveis para veículos automotores,T2,2013,2025,40.644618824277,48.1970397779833,88.84165860226031
2205706,Luís Correia,"Comércio varejista de cosméticos, produtos de perfumaria e de higiene pessoal",T2,2022,2025,0.537896171855816,0.829343629343629,1.367239801199445
2205706,Luís Correia,Comércio varejista de gás liqüefeito de petróleo (GLP),T2,2022,2025,0.958952858165457,0.744015444015444,1.702968302180901
2205706,Luís Correia,Comércio varejista de materiais de construção em geral,T2,2013,2025,36.2180579986365,42.1313598519889,78.3494178506254
2205706,Luís Correia,"Comércio varejista de mercadorias em geral, com predominância de produtos alimentícios - minimercados, mercearias e armazéns",T2,2013,2025,12.1077982203465,20.9962997224792,33.1040979428257
2205706,Luís Correia,"Comércio varejista de mercadorias em geral, com predominância de produtos alimentícios - supermercados",T2,2013,2025,57.7275569351492,110.251618871415,167.9791758065642
2205706,Luís Correia,Comércio varejista de produtos alimentícios em geral ou especializado em produtos alimentícios não especificados anteriormente,T2,2018,2025,7.78077499927894,7.92009220130619,15.70086720058513
2205706,Luís Correia,"Comércio varejista de produtos farmacêuticos, sem manipulação de fórmulas",T2,2013,2025,8.24630005590373,14.3320999074931,22.57839996339683
2205706,Luís Correia,Comércio varejista especializado de eletrodomésticos e equipamentos de áudio e vídeo,T2,2022,2025,1.19317395174051,0.829343629343629,2.022517581084139
2205706,Luís Correia,Condomínios prediais,T2,2013,2025,25.6925319163324,30.9944495837188,56.6869815000512
2205706,Luís Correia,Construção de edifícios,T2,2013,2025,153.131750975605,153.133209990749,306.264960966354
2205706,Luís Correia,Construção de rodovias e ferrovias,T2,2018,2025,19.3676275015622,24.0411064156742,43.408733917236404
2205706,Luís Correia,Criação de camarões em água salgada e salobra,T2,2018,2025,18.6576851381122,25.8859008835959,44.5435860217081
2205706,Luís Correia,Educação infantil - pré-escola,T2,2018,2025,8.48245495664343,10.8812908182866,19.36374577493003
2205706,Luís Correia,Ensino fundamental,T2,2018,2025,29.767917224413,34.8401844026124,64.6081016270254
2205706,Luís Correia,Extração e britamento de pedras e outros materiais para construção e beneficiamento associado,T2,2022,2025,2.92334074548675,3.4027027027027,6.32604344818945
2205706,Luís Correia,Fabricação de conservas de frutas,T2,2022,2025,0.804095185390149,0.914671814671815,1.718767000061964
2205706,Luís Correia,Fabricação de gelo comum,T2,2022,2025,1.83719159305513,1.91467181467181,3.75186340772694
2205706,Luís Correia,Fabricação de móveis com predominância de madeira,T2,2013,2025,0.0103181344349639,0.133209990749306,0.1435281251842699
2205706,Luís Correia,Fabricação de produtos de padaria e confeitaria com predominância de produção própria,T2,2018,2025,7.67564038796319,8.92009220130618,16.595732589269367
2205706,Luís Correia,Fabricação de sorvetes e outros gelados comestíveis,T2,2013,2025,0.607319734743557,1.13320999074931,1.740529725492867
2205706,Luís Correia,Formação de condutores,T2,2022,2025,7.59723717258701,6.4027027027027,13.99993987528971
2205706,Luís Correia,Hotéis,T2,2013,2025,87.5010633904206,120.322849213691,207.8239126041116
2205706,Luís Correia,"Lanchonetes, casas de chá, de sucos e similares",T2,2018,2025,1.89070706249559,1.84018440261237,3.73089146510796
2205706,Luís Correia,Limpeza em prédios e em domicílios,T2,2022,2025,0.866187150572697,0.829343629343629,1.695530779916326
2205706,Luís Correia,"Lojas de departamentos ou magazines, exceto lojas francas (Duty free)",T2,2022,2025,2.76330148363503,1.23204633204633,3.99534781568136
2205706,Luís Correia,Outras atividades associativas profissionais,T2,2018,2025,0.553223929703487,0.920092201306185,1.473316131009672
2205706,Luís Correia,Outros alojamentos não especificados anteriormente,T2,2013,2025,9.07665775024637,9.13320999074931,18.20986774099568
2205706,Luís Correia,Padaria e confeitaria com predominância de revenda,T2,2022,2025,0.96678430859948,0.914671814671815,1.881456123271295
2205706,Luís Correia,Peixaria,T2,2013,2025,0.186458179672518,3.19888991674376,3.385348096416278
2205706,Luís Correia,Pesca de peixes em água salgada,T2,2013,2025,3.25561312607945,3.26641998149861,6.52203310757806
2205706,Luís Correia,Restaurantes e similares,T2,2013,2025,101.148080818426,118.061979648474,219.2100604669
2205706,Luís Correia,Serviços de comunicação multimídia - SCM,T2,2022,2025,3.37856769472033,3.65868725868726,7.03725495340759
2205854,Madeiro,Administração pública em geral,T1,2022,2025,27.4660934755475,6.42342342342343,33.88951689897093
2205854,Madeiro,"Comércio varejista de mercadorias em geral, com predominância de produtos alimentícios - minimercados, mercearias e armazéns",T1,2022,2025,1.96556768714765,1.72072072072072,3.68628840786837
2205854,Madeiro,"Comércio varejista de produtos farmacêuticos, sem manipulação de fórmulas",T2,2013,2025,5.04926001118075,5.60674157303371,10.65600158421446
2205904,Manoel Emídio,Administração pública em geral,T1,2013,2025,239.649792989412,218.021739130435,457.67153211984703
2205904,Manoel Emídio,Atividades de organizações religiosas,T2,2018,2025,0.158921486328447,0.0837320574162679,0.24265354374471487
2205904,Manoel Emídio,Coleta de resíduos não-perigosos,T2,2018,2025,12.2565894159721,15.4186602870813,27.6752497030534
2205904,Manoel Emídio,Comércio varejista de combustíveis para veículos automotores,T2,2018,2025,5.70560447429573,6.16746411483254,11.87306858912827
2205904,Manoel Emídio,"Comércio varejista de mercadorias em geral, com predominância de produtos alimentícios - minimercados, mercearias e armazéns",T2,2018,2025,1.12164664521076,4.17224880382775,5.29389544903851
2205904,Manoel Emídio,Comércio varejista de móveis,T1,2022,2025,6.1043480938281,4.58076923076923,10.685117324597329
2205904,Manoel Emídio,Padaria e confeitaria com predominância de revenda,T2,2018,2025,1.11196734476488,1.08373205741627,2.19569940218115
2205953,Marcolândia,Administração pública em geral,T1,2018,2025,471.337452862021,449.512035010941,920.8494878729621
2205953,Marcolândia,Apart-hotéis,T2,2022,2025,2.44660439283009,4.372460496614,6.81906488944409
2205953,Marcolândia,"Atividades de consultoria em gestão empresarial, exceto consultoria técnica específica",T2,2022,2025,11.2163792005145,13.0293453724605,24.245724572975
2205953,Marcolândia,Atividades de vigilância e segurança privada,T2,2022,2025,52.5155371973202,54.372460496614,106.88799769393421
2205953,Marcolândia,Atividades do Correio Nacional,T1,2018,2025,1.19504722284686,0.0897155361050328,1.2847627589518928
2205953,Marcolândia,Cartórios,T2,2022,2025,0.655143625738227,2.0293453724605,2.684488998198727
2205953,Marcolândia,Comércio a varejo de peças e acessórios novos para motocicletas e motonetas,T2,2022,2025,4.93064356568006,5.3431151241535,10.27375868983356
2205953,Marcolândia,Comércio varejista de animais vivos e de artigos e alimentos para animais de estimação,T2,2022,2025,3.02804974272918,3.686230248307,6.714279991036181
2205953,Marcolândia,Comércio varejista de combustíveis para veículos automotores,T1,2013,2025,15.6370515686898,13.7414634146341,29.378514983323903
2205953,Marcolândia,Comércio varejista de gás liqüefeito de petróleo (GLP),T1,2013,2025,5.08322376053833,2.74146341463415,7.82468717517248
2205953,Marcolândia,Comércio varejista de materiais de construção em geral,T2,2022,2025,10.0012547739275,11.372460496614,21.3737152705415
2205953,Marcolândia,"Comércio varejista de mercadorias em geral, com predominância de produtos alimentícios - minimercados, mercearias e armazéns",T2,2022,2025,6.27692143010062,14.2054176072235,20.48233903732412
2205953,Marcolândia,Comércio varejista de móveis,T1,2018,2025,11.0392740209042,8.2691466083151,19.3084206292193
2205953,Marcolândia,"Comércio varejista de produtos farmacêuticos, sem manipulação de fórmulas",T1,2013,2025,20.0492600111807,18.7414634146341,38.790723425814804
2205953,Marcolândia,Fabricação de gelo comum,T2,2022,2025,0.837191593055132,1.3431151241535,2.180306717208632
2205953,Marcolândia,Formação de condutores,T2,2022,2025,2.34127838433544,3.372460496614,5.71373888094944
2205953,Marcolândia,Laboratórios clínicos,T1,2018,2025,3.71602858601327,3.08971553610503,6.8057441221183
2205953,Marcolândia,"Lojas de departamentos ou magazines, exceto lojas francas (Duty free)",T2,2022,2025,0.848112759594479,3.43115124153499,4.279264001129469
2206001,Marcos Parente,Comércio varejista de bebidas,T1,2022,2025,0.90861357032405,0.657894736842105,1.566508307166155
2206001,Marcos Parente,Comércio varejista de combustíveis para veículos automotores,T1,2013,2025,6.45557735303463,3.625,10.08057735303463
2206001,Marcos Parente,"Comércio varejista de mercadorias em geral, com predominância de produtos alimentícios - minimercados, mercearias e armazéns",T1,2018,2025,18.3899828387521,13.1692307692308,31.5592136079829
2206001,Marcos Parente,Comércio varejista de móveis,T1,2022,2025,1.0695653958854,0.315789473684211,1.385354869569611
2206001,Marcos Parente,"Comércio varejista de produtos farmacêuticos, sem manipulação de fórmulas",T1,2013,2025,2.04926001118075,0.75,2.79926001118075
2206001,Marcos Parente,Construção de edifícios,T1,2018,2025,6.49476313512438,6.43076923076923,12.92553236589361
2206001,Marcos Parente,"Lojas de variedades, exceto lojas de departamentos ou magazines",T1,2022,2025,0.811559063997745,0.657894736842105,1.46945380083985
2206050,Massapê do Piauí,Comércio varejista de combustíveis para veículos automotores,T2,2018,2025,3.85280223714786,3.73359073359073,7.58639297073859
2206100,Matias Olímpio,"Aluguel de outras máquinas e equipamentos comerciais e industriais não especificados anteriormente, sem operador",T2,2022,2025,7.72242916584109,7.91956124314442,15.64199040898551
2206100,Matias Olímpio,Atividades de condicionamento físico,T2,2022,2025,0.0458713965805282,0.839122486288848,0.8849938828693762
2206100,Matias Olímpio,Atividades de organizações religiosas,T2,2018,2025,0.317842972656895,0.0201005025125628,0.3379434751694578
2206100,Matias Olímpio,Casas lotéricas,T2,2018,2025,0.17381522758046,0.0201005025125628,0.1939157300930228
2206100,Matias Olímpio,Comércio varejista de artigos de óptica,T2,2022,2025,1.94721544264477,1.91956124314442,3.86677668578919
2206100,Matias Olímpio,Comércio varejista de artigos do vestuário e acessórios,T2,2013,2025,3.5902249498609,3.49258160237389,7.082806552234789
2206100,Matias Olímpio,Comércio varejista de combustíveis para veículos automotores,T2,2013,2025,1.2741031373795,2.49258160237389,3.76668473975339
2206100,Matias Olímpio,Comércio varejista de gás liqüefeito de petróleo (GLP),T2,2013,2025,1.04161188026916,1.12314540059347,2.16475728086263
2206100,Matias Olímpio,"Comércio varejista de mercadorias em geral, com predominância de produtos alimentícios - minimercados, mercearias e armazéns",T2,2013,2025,6.34770642937953,7.49258160237389,13.84028803175342
2206100,Matias Olímpio,"Comércio varejista de mercadorias em geral, com predominância de produtos alimentícios - supermercados",T2,2013,2025,0.702684892911059,1.12314540059347,1.825830293504529
2206100,Matias Olímpio,"Lojas de departamentos ou magazines, exceto lojas francas (Duty free)",T2,2018,2025,1.22882557915565,1.06030150753769,2.28912708669334
2206209,Miguel Alves,Atividades de contabilidade,T2,2018,2025,0.833299744603513,0.775103734439834,1.608403479043347
2206209,Miguel Alves,Atividades de organizações religiosas,T2,2022,2025,0.956748867550081,0.956890459363958,1.913639326914039
2206209,Miguel Alves,Atividades do Correio Nacional,T2,2018,2025,1.58514166854059,0.325311203319502,1.910452871860092
2206209,Miguel Alves,Cartórios,T2,2022,2025,2.65514362573823,2.87067137809187,5.5258150038301
2206209,Miguel Alves,Casas lotéricas,T1,2013,2025,1.92650372257053,1.72538860103627,3.6518923236068
2206209,Miguel Alves,Coleta de resíduos não-perigosos,T2,2022,2025,5.92356930927066,6.61201413427562,12.53558344354628
2206209,Miguel Alves,Comercio varejista de artigos de armarinho,T2,2022,2025,1.00101041163291,0.956890459363958,1.957900870996868
2206209,Miguel Alves,Comércio varejista de animais vivos e de artigos e alimentos para animais de estimação,T1,2013,2025,3.86923003026082,4.72538860103627,8.59461863129709
2206209,Miguel Alves,Comércio varejista de artigos do vestuário e acessórios,T1,2013,2025,11.3608997994436,4.60621761658031,15.96711741602391
2206209,Miguel Alves,Comércio varejista de calçados,T2,2022,2025,2.24336455077366,1.78445229681979,4.02781684759345
2206209,Miguel Alves,Comércio varejista de combustíveis para veículos automotores,T2,2018,2025,22.1168134228872,21.650622406639,43.7674358295262
2206209,Miguel Alves,Comércio varejista de gás liqüefeito de petróleo (GLP),T2,2018,2025,3.12877749242088,2.3253112033195,5.45408869574038
2206209,Miguel Alves,Comércio varejista de materiais de construção em geral,T1,2013,2025,24.5272572498296,24.4507772020725,48.978034451902104
2206209,Miguel Alves,"Comércio varejista de mercadorias em geral, com predominância de produtos alimentícios - minimercados, mercearias e armazéns",T2,2022,2025,8.7948690501677,8.49116607773852,17.286035127906217
2206209,Miguel Alves,"Comércio varejista de mercadorias em geral, com predominância de produtos alimentícios - supermercados",T2,2018,2025,21.5998002287101,21.5502074688797,43.1500076975898
2206209,Miguel Alves,Comércio varejista de móveis,T1,2013,2025,18.7902936570404,10.6062176165803,29.396511273620703
2206209,Miguel Alves,Comércio varejista de produtos alimentícios em geral ou especializado em produtos alimentícios não especificados anteriormente,T2,2022,2025,1.82566239538841,1.95689045936396,3.78255285475237
2206209,Miguel Alves,"Comércio varejista de produtos farmacêuticos, sem manipulação de fórmulas",T1,2013,2025,19.0985200223615,19.9015544041451,39.0000744265066
2206209,Miguel Alves,"Comércio varejista de suvenires, bijuterias e artesanatos",T2,2022,2025,8.05924135304734,8.6982332155477,16.757474568595043
2206209,Miguel Alves,Comércio varejista especializado de eletrodomésticos e equipamentos de áudio e vídeo,T2,2018,2025,7.64458551644672,4.20082987551867,11.845415391965389
2206209,Miguel Alves,Cultivo de cana-de-açúcar,T2,2022,2025,1.99631705945318,1.95689045936396,3.9532075188171403
2206209,Miguel Alves,Ensino fundamental,T2,2022,2025,6.84076005457242,15.6982332155477,22.53899327012012
2206209,Miguel Alves,"Lanchonetes, casas de chá, de sucos e similares",T2,2022,2025,0.869421376879709,0.913780918727915,1.7832022956076239
2206209,Miguel Alves,"Lojas de departamentos ou magazines, exceto lojas francas (Duty free)",T2,2022,2025,3.27216913939172,1.35335689045936,4.62552602985108
2206209,Miguel Alves,Padaria e confeitaria com predominância de revenda,T1,2013,2025,16.9604142873046,13.8031088082902,30.7635230955948
2206308,Miguel Leão,Cartórios,T2,2022,2025,0.885047875246076,0.945945945945946,1.830993821192022
2206308,Miguel Leão,Cultivo de soja,T2,2022,2025,3.91588868893381,4.18918918918919,8.105077878123
2206308,Miguel Leão,Fabricação de águas envasadas,T2,2022,2025,27.1870710952512,29.1891891891892,56.3762602844404
2206357,Milton Brandão,Casas lotéricas,T2,2018,2025,1.08690761379023,0.957654723127036,2.044562336917266
2206357,Milton Brandão,"Comércio varejista de mercadorias em geral, com predominância de produtos alimentícios - minimercados, mercearias e armazéns",T2,2022,2025,0.965567687147649,1.03614457831325,2.001712265460899
2206357,Milton Brandão,Comércio varejista de móveis,T2,2013,2025,2.47378670713005,1.78546712802768,4.25925383515773
2206357,Milton Brandão,"Comércio varejista de produtos farmacêuticos, sem manipulação de fórmulas",T2,2013,2025,2.04926001118075,2.78546712802768,4.834727139208431
2206407,Monsenhor Gil,Atividades do Correio Nacional,T1,2018,2025,1.39009444569373,0.273264401772526,1.663358847466256
2206407,Monsenhor Gil,Cartórios,T1,2018,2025,5.20547662102816,5.27326440177253,10.47874102280069
2206407,Monsenhor Gil,Casas lotéricas,T1,2013,2025,1.85300744514107,0.800693240901213,2.653700686042283
2206407,Monsenhor Gil,Comércio varejista de combustíveis para veículos automotores,T1,2013,2025,22.5519899025526,14.6065857885615,37.158575691114095
2206407,Monsenhor Gil,Comércio varejista de gás liqüefeito de petróleo (GLP),T1,2018,2025,2.04292583080696,1.63663220088626,3.6795580316932197
2206407,Monsenhor Gil,Comércio varejista de materiais de construção em geral,T1,2013,2025,10.7636286249148,10.4003466204506,21.1639752453654
2206407,Monsenhor Gil,"Comércio varejista de mercadorias em geral, com predominância de produtos alimentícios - minimercados, mercearias e armazéns",T1,2013,2025,31.5323394661039,27.6031195840555,59.1354590501594
2206407,Monsenhor Gil,Comércio varejista de móveis,T1,2013,2025,5.71068006069507,3.20103986135182,8.91171992204689
2206407,Monsenhor Gil,Construção de edifícios,T1,2018,2025,30.4947631351244,30.6366322008863,61.1313953360107
2206407,Monsenhor Gil,Fabricação de outros produtos de minerais não-metálicos não especificados anteriormente,T1,2018,2025,16.5166784953868,15.6395864106352,32.156264906022
2206407,Monsenhor Gil,"Lanchonetes, casas de chá, de sucos e similares",T1,2013,2025,28.6681723051137,27.2010398613518,55.8692121664655
2206407,Monsenhor Gil,"Lojas de departamentos ou magazines, exceto lojas francas (Duty free)",T1,2018,2025,3.26696317568159,0.45642540620384,3.7233885818854295
2206407,Monsenhor Gil,Serviços de reboque de veículos,T1,2022,2025,0.771848999518669,0.305109489051095,1.076958488569764
2206506,Monsenhor Hipólito,Cartórios,T1,2022,2025,2.88504787524608,1.97165991902834,4.856707794274421
2206506,Monsenhor Hipólito,"Comércio varejista de cosméticos, produtos de perfumaria e de higiene pessoal",T1,2022,2025,1.76894808592791,0.97165991902834,2.74060800495625
2206506,Monsenhor Hipólito,"Comércio varejista de produtos farmacêuticos, sem manipulação de fórmulas",T1,2018,2025,1.74913250962284,0.647887323943662,2.3970198335665023
2206605,Monte Alegre do Piauí,Atividades de apoio à agricultura não especificadas anteriormente,T1,2013,2025,6.41235649919763,9.61452513966481,16.02688163886244
2206605,Monte Alegre do Piauí,Comércio varejista de hortifrutigranjeiros,T1,2018,2025,1.69695666360158,1.50811485642946,3.20507152003104
2206605,Monte Alegre do Piauí,Comércio varejista de materiais de construção em geral,T1,2013,2025,5.29088587474434,4.99441340782123,10.285299282565571
2206605,Monte Alegre do Piauí,Comércio varejista de medicamentos veterinários,T2,2022,2025,2.02805247225025,1.9915611814346,4.01961365368485
2206605,Monte Alegre do Piauí,"Comércio varejista de mercadorias em geral, com predominância de produtos alimentícios - minimercados, mercearias e armazéns",T1,2018,2025,35.3291595161467,33.5405742821473,68.86973379829399
2206605,Monte Alegre do Piauí,"Comércio varejista de produtos farmacêuticos, sem manipulação de fórmulas",T1,2013,2025,11.5246300055904,11.6648044692737,23.1894344748641
2206605,Monte Alegre do Piauí,Criação de bovinos para corte,T1,2013,2025,7.81811345584434,7.66480446927374,15.48291792511808
2206605,Monte Alegre do Piauí,Cultivo de arroz,T1,2018,2025,6.12643301670488,5.50811485642946,11.63454787313434
2206605,Monte Alegre do Piauí,Cultivo de soja,T1,2018,2025,272.921854028953,268.957553058677,541.8794070876299
2206605,Monte Alegre do Piauí,Padaria e confeitaria com predominância de revenda,T2,2022,2025,1.96678430859948,1.9915611814346,3.95834549003408
2206605,Monte Alegre do Piauí,"Produção de sementes certificadas, exceto de forrageiras para pasto",T1,2013,2025,76.4086503948313,77.9944134078212,154.4030638026525
2206605,Monte Alegre do Piauí,Restaurantes e similares,T2,2022,2025,1.53249790466921,2.90717299578059,4.4396709004498
2206654,Morro Cabeça No Tempo,Administração pública em geral,T1,2013,2025,300.368773588675,26.0121457489878,326.3809193376628
2206654,Morro Cabeça No Tempo,"Comércio varejista de produtos farmacêuticos, sem manipulação de fórmulas",T1,2013,2025,3.04926001118075,1.16599190283401,4.21525191401476
2206670,Morro do Chapéu do Piauí,Administração pública em geral,T1,2022,2025,19.8795142813952,8.67469879518072,28.55421307657592
2206670,Morro do Chapéu do Piauí,Comércio varejista de combustíveis para veículos automotores,T1,2013,2025,0.818525784344876,0.644736842105263,1.4632626264501392
2206670,Morro do Chapéu do Piauí,"Comércio varejista de mercadorias em geral, com predominância de produtos alimentícios - minimercados, mercearias e armazéns",T1,2018,2025,9.73166380645868,9.23118279569892,18.9628466021576
2206670,Morro do Chapéu do Piauí,Comércio varejista de móveis,T1,2018,2025,1.01309134030139,0.615591397849462,1.628682738150852
2206670,Morro do Chapéu do Piauí,Construção de edifícios,T1,2018,2025,3.48428940537314,3.84677419354839,7.33106359892153
2206696,Murici dos Portelas,Comércio varejista de artigos do vestuário e acessórios,T2,2022,2025,3.99232264211263,4.09942638623327,8.0917490283459
2206696,Murici dos Portelas,"Comércio varejista de mercadorias em geral, com predominância de produtos alimentícios - minimercados, mercearias e armazéns",T2,2013,2025,13.6738532146898,13.8443935926773,27.5182468073671
2206696,Murici dos Portelas,Provedores de acesso às redes de comunicações,T2,2022,2025,5.07096611452115,5.39770554493308,10.46867165945423
2206704,Nazaré do Piauí,Casas lotéricas,T1,2013,2025,0.926503722570533,0.190163934426229,1.116667656996762
2206704,Nazaré do Piauí,Comércio varejista de artigos do vestuário e acessórios,T2,2018,2025,4.05958626516132,3.82553191489362,7.88511818005494
2206704,Nazaré do Piauí,Comércio varejista de combustíveis para veículos automotores,T1,2013,2025,11.6370515686898,10.3803278688525,22.017379437542303
2206704,Nazaré do Piauí,Comércio varejista de móveis,T1,2022,2025,5.2434788855989,2.95081967213115,8.19429855773005
2206704,Nazaré do Piauí,Comércio varejista de produtos alimentícios em geral ou especializado em produtos alimentícios não especificados anteriormente,T1,2022,2025,0.825662395388409,0.707259953161593,1.5329223485500019
2206704,Nazaré do Piauí,"Comércio varejista de produtos farmacêuticos, sem manipulação de fórmulas",T1,2013,2025,7.09852002236149,5.76065573770492,12.85917576006641
2206704,Nazaré do Piauí,Construção de edifícios,T1,2022,2025,2.77622008525119,2.41451990632318,5.19073999157437
2206704,Nazaré do Piauí,Fabricação de produtos de padaria e confeitaria com predominância de produção própria,T1,2022,2025,0.88087626026774,0.707259953161593,1.5881362134293329
2206720,Nazária,Comércio atacadista de cereais e leguminosas beneficiados,T1,2022,2025,0.882850868436814,0.810852713178295,1.6937035816151091
2206720,Nazária,Comércio varejista de combustíveis para veículos automotores,T1,2022,2025,3.23950633294428,2.48682170542636,5.7263280383706405
2206720,Nazária,Comércio varejista de gás liqüefeito de petróleo (GLP),T1,2018,2025,1.04292583080696,0.338028169014085,1.380953999821045
2206720,Nazária,Comércio varejista de materiais de construção em geral,T1,2013,2025,11.1090289993182,0.947712418300654,12.056741417618854
2206720,Nazária,"Comércio varejista de mercadorias em geral, com predominância de produtos alimentícios - minimercados, mercearias e armazéns",T1,2013,2025,15.8584862514142,6.45424836601307,22.31273461742727
2206720,Nazária,Construção de edifícios,T1,2022,2025,36.7762200852512,36.6217054263566,73.3979255116078
2206720,Nazária,Criação de bovinos para corte,T1,2018,2025,7.39527497631916,4.69014084507042,12.085415821389581
2206720,Nazária,Criação de frangos para corte,T1,2022,2025,5.02575647407573,4.81085271317829,9.83660918725402
2206720,Nazária,Criação de peixes em água doce,T1,2018,2025,23.8119896862914,23.0140845070423,46.826074193333696
2206720,Nazária,Extração e britamento de pedras e outros materiais para construção e beneficiamento associado,T1,2022,2025,4.38525609618211,3.78449612403101,8.16975222021312
2206720,Nazária,"Fabricação de artefatos de cerâmica e barro cozido para uso na construção, exceto azulejos e pisos",T1,2013,2025,284.735775701582,185.153594771242,469.889370472824
2206720,Nazária,Fornecimento de alimentos preparados preponderantemente para empresas,T1,2022,2025,0.839435593360024,1.05426356589147,1.893699159251494
2206720,Nazária,"Obras de urbanização - ruas, praças e calçadas",T1,2018,2025,9.85385925085131,10.0281690140845,19.882028264935812
2206720,Nazária,Restaurantes e similares,T1,2022,2025,4.86659071860629,4.81085271317829,9.67744343178458
2206720,Nazária,Seleção e agenciamento de mão-de-obra,T1,2018,2025,111.313439981682,106.464788732394,217.778228714076
2206753,Nossa Senhora de Nazaré,Administração pública em geral,T1,2013,2025,844.185923280046,90.1391304347826,934.3250537148286
2206803,Nossa Senhora dos Remédios,Comércio varejista de combustíveis para veículos automotores,T1,2018,2025,2.70560447429573,0.948717948717949,3.654322423013679
2206803,Nossa Senhora dos Remédios,Serviços combinados de escritório e apoio administrativo,T1,2022,2025,10.5833444241803,8.45303867403315,19.03638309821345
2207959,Nova Santa Rita,Atividades do Correio Nacional,T2,2013,2025,0.648018317871728,1.60453141091658,2.252549728788308
2207959,Nova Santa Rita,"Comércio varejista de produtos farmacêuticos, sem manipulação de fórmulas",T2,2013,2025,0.524630005590373,1.80226570545829,2.326895711048663
2206902,Novo Oriente do Piauí,Atividades de organizações religiosas,T2,2022,2025,0.956748867550081,0.904494382022472,1.861243249572553
2206902,Novo Oriente do Piauí,Casas lotéricas,T1,2018,2025,1.17381522758046,0.194244604316547,1.368059831897007
2206902,Novo Oriente do Piauí,Comércio varejista de combustíveis para veículos automotores,T1,2013,2025,1.63705156868975,0.231884057971014,1.868935626660764
2206902,Novo Oriente do Piauí,Comércio varejista de materiais de construção em geral,T2,2022,2025,3.00094108044563,2.71348314606742,5.714424226513049
2206902,Novo Oriente do Piauí,"Comércio varejista de mercadorias em geral, com predominância de produtos alimentícios - minimercados, mercearias e armazéns",T1,2018,2025,1.46332761291736,0.388489208633094,1.851816821550454
2206902,Novo Oriente do Piauí,"Comércio varejista de mercadorias em geral, com predominância de produtos alimentícios - supermercados",T2,2022,2025,3.68520858610522,3.61797752808989,7.30318611419511
2206902,Novo Oriente do Piauí,"Comércio varejista de produtos farmacêuticos, sem manipulação de fórmulas",T1,2013,2025,15.0492600111807,14.231884057971,29.2811440691517
2206951,Novo Santo Antônio,Administração pública em geral,T1,2018,2025,62.9953168593812,4.09395973154362,67.08927659092481
2206951,Novo Santo Antônio,Comércio varejista de combustíveis para veículos automotores,T1,2022,2025,3.80987658323607,3.0126582278481,6.82253481108417
2206951,Novo Santo Antônio,Comércio varejista de produtos alimentícios em geral ou especializado em produtos alimentícios não especificados anteriormente,T1,2022,2025,3.47698718616523,2.51898734177215,5.9959745279373795
2207009,Oeiras,Administração pública em geral,T1,2013,2025,475.071193340933,31.4740829346092,506.5452762755422
2207009,Oeiras,"Aparelhamento de placas e execução de trabalhos em mármore, granito, ardósia e outras pedras",T2,2022,2025,45.9843400447427,45.3757993113625,91.36013935610521
2207009,Oeiras,Atividade médica ambulatorial restrita a consultas,T1,2018,2025,8.00546676090159,7.99866310160428,16.00412986250587
2207009,Oeiras,Atividade odontológica com recursos para realização de procedimentos cirúrgicos,T1,2018,2025,3.92912639066205,4.99532085561497,8.92444724627702
2207009,Oeiras,Atividades de cobrança e informações cadastrais,T2,2022,2025,1.82744574902496,1.47983275946877,3.30727850849373
2207009,Oeiras,Atividades de condicionamento físico,T2,2022,2025,7.66054988803185,10.2717658632563,17.93231575128815
2207009,Oeiras,"Atividades de consultoria em gestão empresarial, exceto consultoria técnica específica",T1,2018,2025,53.9582774375425,54.9993315508021,108.95760898834459
2207009,Oeiras,Atividades de contabilidade,T1,2013,2025,14.762155456109,7.15191387559809,21.91406933170709
2207009,Oeiras,Atividades de fisioterapia,T2,2022,2025,0.898179700014562,0.895966551893753,1.7941462519083151
2207009,Oeiras,Atividades de rádio,T2,2022,2025,2.70496625713791,0.959665518937531,3.6646317760754408
2207009,Oeiras,"Bares e outros estabelecimentos especializados em servir bebidas, sem entretenimento",T2,2022,2025,4.29364070283678,3.16773241515002,7.4613731179868
2207009,Oeiras,Caixas econômicas,T2,2022,2025,4.32414602784145,2.64756517461879,6.97171120246024
2207009,Oeiras,"Captação, tratamento e distribuição de água",T1,2018,2025,5.27155364411335,1.49699197860963,6.76854562272298
2207009,Oeiras,Cartórios,T1,2013,2025,8.23593503306186,7.84051036682616,16.07644539988802
2207009,Oeiras,Casas lotéricas,T1,2013,2025,9.41202978056426,3.68102073365231,13.093050514216571
2207009,Oeiras,Coleta de resíduos não-perigosos,T2,2022,2025,18.6411897697569,18.6878996556813,37.3290894254382
2207009,Oeiras,Comercio varejista de artigos de armarinho,T2,2022,2025,2.01111452796204,0.855632070831284,2.866746598793324
2207009,Oeiras,Comércio a varejo de motocicletas e motonetas novas,T2,2022,2025,0.669826785421561,6.02336448598131,6.693191271402871
2207009,Oeiras,Comércio a varejo de peças e acessórios novos para veículos automotores,T2,2022,2025,14.1637999686471,12.0467289719626,26.2105289406097
2207009,Oeiras,Comércio atacadista de alimentos para animais,T1,2018,2025,56.6038192762748,56.4996657754011,113.1034850516759
2207009,Oeiras,Comércio atacadista de cereais e leguminosas beneficiados,T1,2018,2025,6.71655963302752,6.49966577540107,13.21622540842859
2207009,Oeiras,"Comércio atacadista de cereais e leguminosas beneficiados, farinhas, amidos e féculas, com atividade de fracionamento e acondicionamento associada",T1,2018,2025,40.9446086821223,40.4996657754011,81.44427445752339
2207009,Oeiras,Comércio atacadista de materiais de construção em geral,T1,2018,2025,2.14190151994933,2.49966577540107,4.6415672953504
2207009,Oeiras,Comércio atacadista de medicamentos e drogas de uso humano,T2,2022,2025,6.73339763512307,6.68789965568126,13.421297290804329
2207009,Oeiras,"Comércio atacadista de mercadorias em geral, sem predominância de alimentos ou de insumos agropecuários",T1,2018,2025,3.9823356382733,3.49966577540107,7.48200141367437
2207009,Oeiras,Comércio atacadista de mármores e granitos,T2,2022,2025,0.878017585931255,0.895966551893753,1.7739841378250079
2207009,Oeiras,Comércio atacadista especializado em outros produtos alimentícios não especificados anteriormente,T1,2018,2025,60.6312654365829,58.9986631016043,119.6299285381872
2207009,Oeiras,Comércio varejista de artigos de óptica,T1,2013,2025,24.2402584658122,20.3114035087719,44.5516619745841
2207009,Oeiras,Comércio varejista de bebidas,T2,2022,2025,20.9086135703241,20.8959665518938,41.8045801222179
2207009,Oeiras,"Comércio varejista de cal, areia, pedra britada, tijolos e telhas",T1,2018,2025,0.64003133568351,0.499665775401069,1.139697111084579
2207009,Oeiras,Comércio varejista de calçados,T1,2018,2025,7.81833463708537,3.49766042780749,11.31599506489286
2207009,Oeiras,Comércio varejista de combustíveis para veículos automotores,T1,2013,2025,83.192825099036,63.7240829346092,146.9169080336452
2207009,Oeiras,"Comércio varejista de cosméticos, produtos de perfumaria e de higiene pessoal",T2,2022,2025,5.38263660149536,6.27176586325627,11.65440246475163
2207009,Oeiras,Comércio varejista de hortifrutigranjeiros,T1,2013,2025,13.02799123815,8.99242424242424,22.02041548057424
2207009,Oeiras,Comércio varejista de madeira e artefatos,T1,2013,2025,15.0232873461917,13.4202551834131,28.443542529604798
2207009,Oeiras,Comércio varejista de materiais de construção em geral,T1,2013,2025,62.2359457453981,32.3468899521531,94.58283569755119
2207009,Oeiras,Comércio varejista de materiais de construção não especificados anteriormente,T1,2013,2025,28.9304360298336,26.4202551834131,55.350691213246705
2207009,Oeiras,Comércio varejista de materiais hidráulicos,T1,2018,2025,7.06917521854808,6.99732620320856,14.06650142175664
2207009,Oeiras,"Comércio varejista de mercadorias em geral, com predominância de produtos alimentícios - hipermercados",T2,2022,2025,11.2908194347428,10.8556320708313,22.1464515055741
2207009,Oeiras,"Comércio varejista de mercadorias em geral, com predominância de produtos alimentícios - minimercados, mercearias e armazéns",T2,2022,2025,14.9699564689931,8.84505656665027,23.815013035643368
2207009,Oeiras,"Comércio varejista de mercadorias em geral, com predominância de produtos alimentícios - supermercados",T1,2013,2025,106.729533822022,101.311403508772,208.040937330794
2207009,Oeiras,Comércio varejista de móveis,T2,2022,2025,3.59130586502589,1.2314313821938,4.82273724721969
2207009,Oeiras,Comércio varejista de outros produtos não especificados anteriormente,T2,2022,2025,3.30472179964021,2.37579931136252,5.680521111002729
2207009,Oeiras,Comércio varejista de produtos alimentícios em geral ou especializado em produtos alimentícios não especificados anteriormente,T1,2013,2025,3.66069702970297,3.21012759170654,6.87082462140951
2207009,Oeiras,"Comércio varejista de produtos farmacêuticos, sem manipulação de fórmulas",T1,2013,2025,50.2142701621208,41.0937001594896,91.3079703216104
2207009,Oeiras,"Comércio varejista de suvenires, bijuterias e artesanatos",T1,2018,2025,0.792960078926042,0.499665775401069,1.292625854327111
2207009,Oeiras,Comércio varejista de tecidos,T1,2013,2025,15.0626508794114,4.10127591706539,19.16392679647679
2207009,Oeiras,Comércio varejista de vidros,T1,2013,2025,7.32366247270927,5.42025518341308,12.743917656122349
2207009,Oeiras,Comércio varejista especializado de equipamentos de telefonia e comunicação,T1,2018,2025,12.881452905681,11.9993315508021,24.8807844564831
2207009,Oeiras,Condomínios prediais,T2,2022,2025,2.0019913635429,1.89596655189375,3.89795791543665
2207009,Oeiras,Construção de edifícios,T1,2018,2025,40.2852885400996,40.4862967914438,80.7715853315434
2207009,Oeiras,Construção de rodovias e ferrovias,T1,2013,2025,31.1312694495626,30.2101275917065,61.3413970412691
2207009,Oeiras,"Corretores e agentes de seguros, de planos de previdência complementar e de saúde",T2,2022,2025,1.92208813520547,1.89596655189375,3.8180546870992202
2207009,Oeiras,Educação infantil - pré-escola,T1,2018,2025,32.1810730439563,18.4816176470588,50.6626906910151
2207009,Oeiras,Fabricação de alimentos para animais,T2,2022,2025,40.6376197314669,41.9193310378751,82.556950769342
2207009,Oeiras,Fabricação de açúcar em bruto,T2,2022,2025,12.9737685540881,12.6878996556813,25.6616682097694
2207009,Oeiras,Fabricação de estruturas metálicas,T2,2022,2025,6.40663196975605,6.06369896704378,12.47033093679983
2207009,Oeiras,"Fabricação de letras, letreiros e placas de qualquer material, exceto luminosos",T1,2018,2025,1.58784642766336,1.49966577540107,3.08751220306443
2207009,Oeiras,Fabricação de outros produtos alimentícios não especificados anteriormente,T1,2018,2025,9.29327110073901,4.99665775401069,14.2899288547497
2207009,Oeiras,Fabricação de produtos de padaria e confeitaria com predominância de produção própria,T1,2013,2025,26.9510822673219,40.6810207336523,67.63210300097421
2207009,Oeiras,"Fabricação de sucos de frutas, hortaliças e legumes, exceto concentrados",T1,2018,2025,4.08944343193607,3.49966577540107,7.58910920733714
2207009,Oeiras,Formação de condutores,T1,2013,2025,6.78447852583543,1.47089314194577,8.255371667781201
2207009,Oeiras,Hotéis,T1,2018,2025,15.4922183285235,9.99398395721925,25.48620228574275
2207009,Oeiras,Impressão de material para uso publicitário,T2,2022,2025,6.81607847735178,6.89596655189375,13.71204502924553
2207009,Oeiras,Laboratórios clínicos,T1,2013,2025,10.8695982852797,10.3114035087719,21.1810017940516
2207009,Oeiras,"Lanchonetes, casas de chá, de sucos e similares",T1,2013,2025,11.6726892204548,3.52153110047847,15.194220320933269
2207009,Oeiras,"Lojas de departamentos ou magazines, exceto lojas francas (Duty free)",T2,2022,2025,26.8342427296885,16.0700934579439,42.9043361876324
2207009,Oeiras,Manutenção e reparação de motocicletas e motonetas,T1,2013,2025,3.42714316102957,3.21012759170654,6.637270752736111
2207009,Oeiras,Motéis,T2,2022,2025,2.11085567036354,1.79193310378751,3.90278877415105
2207009,Oeiras,Obras de acabamento em gesso e estuque,T1,2013,2025,175.32287994062,157.354465709729,332.677345650349
2207009,Oeiras,"Obras de urbanização - ruas, praças e calçadas",T2,2022,2025,18.4541849642787,19.0636989670438,37.5178839313225
2207009,Oeiras,Padaria e confeitaria com predominância de revenda,T1,2013,2025,23.7611910760008,2.8329346092504,26.5941256852512
2207009,Oeiras,Produção musical,T2,2022,2025,1.4205193160228,1.89596655189375,3.3164858679165503
2207009,Oeiras,Recarga de cartuchos para equipamentos de informática,T2,2022,2025,1.0295358649789,0.895966551893753,1.9255024168726529
2207009,Oeiras,"Serviço de preparação de terreno, cultivo e colheita",T2,2022,2025,3.83614560530037,3.89596655189375,7.73211215719412
2207009,Oeiras,Serviços de comunicação multimídia - SCM,T1,2018,2025,45.374037762343,54.4983288770053,99.8723666393483
2207009,Oeiras,Serviços de funerárias,T1,2013,2025,27.3710466107398,27.4708931419458,54.841939752685605
2207009,Oeiras,Serviços de manutenção e reparação elétrica de veículos automotores,T1,2013,2025,3.03787001819084,3.21012759170654,6.24799760989738
2207009,Oeiras,"Transporte rodoviário coletivo de passageiros, sob regime de fretamento, intermunicipal, interestadual e internacional",T2,2022,2025,4.81188483428189,4.89596655189375,9.70785138617564
2207009,Oeiras,"Transporte rodoviário de carga, exceto produtos perigosos e mudanças, intermunicipal, interestadual e internacional",T1,2013,2025,20.6920325444335,15.9924242424242,36.684456786857695
2207108,Olho d'Água do Piauí,Administração pública em geral,T1,2013,2025,148.128089065115,0.365853658536588,148.4939427236516
2207207,Padre Marcos,Administração pública em geral,T1,2022,2025,12.7792217104497,8.86614173228346,21.64536344273316
2207207,Padre Marcos,Atividade odontológica com recursos para realização de procedimentos cirúrgicos,T1,2022,2025,0.945660128805621,0.734251968503937,1.679912097309558
2207207,Padre Marcos,"Atividades de atendimento hospitalar, exceto pronto-socorro e unidades para atendimento a urgências",T1,2018,2025,14.2656124220366,13.0552147239264,27.320827145963
2207207,Padre Marcos,Cartórios,T1,2022,2025,0.770095750492151,0.468503937007874,1.238599687500025
2207207,Padre Marcos,Comércio varejista de artigos do vestuário e acessórios,T1,2018,2025,1.05958626516132,0.0276073619631901,1.08719362712451
2207207,Padre Marcos,Comércio varejista de combustíveis para veículos automotores,T1,2022,2025,3.7148148748541,3.20275590551181,6.91757078036591
2207207,Padre Marcos,Comércio varejista de materiais de construção em geral,T1,2018,2025,3.72792066343104,0.138036809815951,3.865957473246991
2207207,Padre Marcos,Comércio varejista de móveis,T1,2022,2025,8.0695653958854,7.46850393700787,15.538069332893269
2207306,Paes Landim,Atividades do Correio Nacional,T1,2022,2025,1.21750316409735,0.694117647058824,1.9116208111561739
2207306,Paes Landim,Comércio a varejo de peças e acessórios novos para motocicletas e motonetas,T1,2022,2025,0.930643565680062,0.847058823529412,1.777702389209474
2207306,Paes Landim,Comércio atacadista de produtos alimentícios em geral,T1,2022,2025,2.62590679270169,2.69411764705882,5.320024439760511
2207306,Paes Landim,Comércio varejista de artigos do vestuário e acessórios,T1,2022,2025,0.97696792633788,0.541176470588235,1.518144396926115
2207306,Paes Landim,Comércio varejista de combustíveis para veículos automotores,T1,2022,2025,2.80987658323607,2.69411764705882,5.50399423029489
2207306,Paes Landim,"Comércio varejista de mercadorias em geral, com predominância de produtos alimentícios - minimercados, mercearias e armazéns",T2,2013,2025,13.3477064293795,13.2771084337349,26.624814863114402
2207306,Paes Landim,Comércio varejista de móveis,T2,2013,2025,4.71068006069507,3.4578313253012,8.16851138599627
2207306,Paes Landim,"Comércio varejista de produtos farmacêuticos, sem manipulação de fórmulas",T1,2022,2025,1.79189690066474,1.54117647058824,3.33307337125298
2207355,Pajeú do Piauí,Comércio varejista de combustíveis para veículos automotores,T1,2018,2025,2.85280223714786,2.16417910447761,5.0169813416254705
2207355,Pajeú do Piauí,"Comércio varejista de produtos farmacêuticos, sem manipulação de fórmulas",T1,2013,2025,2.52463000559037,1.54,4.06463000559037
2207355,Pajeú do Piauí,Serviços de comunicação multimídia - SCM,T1,2022,2025,1.84464192368008,1.76588628762542,3.6105282113054997
2207355,Pajeú do Piauí,Serviços de engenharia,T1,2022,2025,9.4127959816566,9.29765886287625,18.71045484453285
2207405,Palmeira do Piauí,Administração pública em geral,T1,2013,2025,273.092961640023,175.205980066445,448.298941706468
2207405,Palmeira do Piauí,Cartórios,T1,2022,2025,1.88504787524608,0.829861111111111,2.714908986357191
2207405,Palmeira do Piauí,Comércio varejista de materiais de construção em geral,T1,2013,2025,3.76362862491478,2.92358803986711,6.68721666478189
2207405,Palmeira do Piauí,"Comércio varejista de mercadorias em geral, com predominância de produtos alimentícios - minimercados, mercearias e armazéns",T1,2013,2025,13.6738532146898,11.8471760797342,25.521029294424
2207405,Palmeira do Piauí,"Comércio varejista de mercadorias em geral, com predominância de produtos alimentícios - supermercados",T1,2022,2025,6.92130214652631,5.82986111111111,12.751163257637419
2207405,Palmeira do Piauí,Comércio varejista de móveis,T1,2022,2025,6.0347826979427,4.82986111111111,10.86464380905381
2207405,Palmeira do Piauí,"Comércio varejista de produtos farmacêuticos, sem manipulação de fórmulas",T1,2013,2025,1.52463000559037,0.92358803986711,2.4482180454574802
2207405,Palmeira do Piauí,Cultivo de arroz,T1,2018,2025,35.1264330167049,31.4379562043796,66.5643892210845
2207405,Palmeira do Piauí,Cultivo de soja,T1,2018,2025,82.0844763114642,1.38686131386861,83.47133762533281
2207504,Palmeirais,Administração pública em geral,T1,2022,2025,128.112561019169,5.22807017543859,133.3406311946076
2207504,Palmeirais,Atividades de apoio à agricultura não especificadas anteriormente,T1,2018,2025,10.4396923996811,10.2671353251318,20.7068277248129
2207504,Palmeirais,Atividades de limpeza não especificadas anteriormente,T1,2013,2025,7.65461448070144,4.51898734177215,12.17360182247359
2207504,Palmeirais,Cartórios,T1,2022,2025,2.77009575049215,2.11695906432749,4.88705481481964
2207504,Palmeirais,Comércio varejista de artigos do vestuário e acessórios,T1,2018,2025,10.0595862651613,9.26713532513181,19.32672159029311
2207504,Palmeirais,Comércio varejista de gás liqüefeito de petróleo (GLP),T1,2022,2025,1.98631761938849,1.55847953216374,3.54479715155223
2207504,Palmeirais,"Comércio varejista de mercadorias em geral, com predominância de produtos alimentícios - minimercados, mercearias e armazéns",T1,2018,2025,23.7316638064587,22.5342706502636,46.265934456722306
2207504,Palmeirais,"Comércio varejista de produtos farmacêuticos, sem manipulação de fórmulas",T1,2013,2025,8.57389001677112,7.65099457504521,16.22488459181633
2207504,Palmeirais,Criação de bovinos para corte,T1,2018,2025,12.8790549952638,12.2671353251318,25.1461903203956
2207504,Palmeirais,Cultivo de soja,T1,2018,2025,12.541710627364,12.2671353251318,24.8088459524958
2207504,Palmeirais,Peixaria,T1,2018,2025,0.809210526315789,0.26713532513181,1.076345851447599
2207504,Palmeirais,"Transporte rodoviário de carga, exceto produtos perigosos e mudanças, intermunicipal, interestadual e internacional",T1,2022,2025,4.84813560188133,4.55847953216374,9.406615134045069
2207553,Paquetá,"Comércio varejista de produtos farmacêuticos, sem manipulação de fórmulas",T1,2013,2025,0.524630005590373,0.0921052631578947,0.6167352687482677
2207553,Paquetá,"Obras de urbanização - ruas, praças e calçadas",T1,2022,2025,8.82824277380874,7.41071428571429,16.23895705952303
2207603,Parnaguá,Cartórios,T2,2022,2025,0.310287251476454,0.506451612903226,0.81673886437968
2207603,Parnaguá,Casas lotéricas,T2,2013,2025,0.926503722570533,0.847079037800687,1.77358276037122
2207603,Parnaguá,Comércio a varejo de peças e acessórios novos para motocicletas e motonetas,T2,2022,2025,0.930643565680062,0.917741935483871,1.848385501163933
2207603,Parnaguá,Comércio a varejo de peças e acessórios novos para veículos automotores,T2,2018,2025,7.84445350677717,7.72433460076046,15.56878810753763
2207603,Parnaguá,Comércio varejista de bebidas,T2,2018,2025,2.86554799964674,2.72433460076046,5.5898826004072
2207603,Parnaguá,Comércio varejista de combustíveis para veículos automotores,T2,2013,2025,5.2741031373795,5.38831615120275,10.66241928858225
2207603,Parnaguá,"Comércio varejista de mercadorias em geral, com predominância de produtos alimentícios - minimercados, mercearias e armazéns",T2,2018,2025,9.52415093552274,7.96768060836502,17.491831543887763
2207603,Parnaguá,"Comércio varejista de mercadorias em geral, com predominância de produtos alimentícios - supermercados",T2,2013,2025,12.1349036078438,14.0120274914089,26.146931099252697
2207603,Parnaguá,Comércio varejista de móveis,T2,2013,2025,5.23689335356502,4.84707903780069,10.083972391365709
2207603,Parnaguá,"Comércio varejista de produtos farmacêuticos, sem manipulação de fórmulas",T2,2013,2025,8.04926001118075,8.69415807560137,16.74341808678212
2207603,Parnaguá,Criação de bovinos para corte,T2,2013,2025,24.9071767636415,25.7182130584192,50.6253898220607
2207603,Parnaguá,Criação de bovinos para leite,T2,2022,2025,13.0898274251438,12.4241935483871,25.5140209735309
2207603,Parnaguá,"Lojas de departamentos ou magazines, exceto lojas francas (Duty free)",T2,2018,2025,3.22882557915565,1.34600760456274,4.57483318371839
2207603,Parnaguá,"Lojas de variedades, exceto lojas de departamentos ou magazines",T2,2022,2025,0.623118127995489,0.835483870967742,1.458601998963231
2207603,Parnaguá,Produção de carvão vegetal - florestas nativas,T2,2018,2025,11.4031650339111,9.62167300380228,21.02483803771338
2207702,Parnaíba,Abate de aves,T1,2018,2025,3.77763093464193,4.57207061112913,8.34970154577106
2207702,Parnaíba,Agências de publicidade,T1,2022,2025,9.86416848049885,9.59692570452605,19.4610941850249
2207702,Parnaíba,Agências de viagens,T1,2013,2025,123.908842243838,93.4850426094623,217.39388485330028
2207702,Parnaíba,"Aluguel de máquinas e equipamentos para construção sem operador, exceto andaimes",T1,2013,2025,62.4422072155794,62.2634734058184,124.7056806213978
2207702,Parnaíba,"Aluguel de objetos do vestuário, jóias e acessórios",T1,2022,2025,5.81485053037609,5.59692570452605,11.411776234902138
2207702,Parnaíba,"Aluguel de outras máquinas e equipamentos comerciais e industriais não especificados anteriormente, sem operador",T1,2018,2025,32.263051559722,32.6310058842608,64.8940574439828
2207702,Parnaíba,"Aparelhamento de placas e execução de trabalhos em mármore, granito, ardósia e outras pedras",T1,2013,2025,35.6057876864019,23.0598883338231,58.66567602022499
2207702,Parnaíba,Atividade médica ambulatorial com recursos para realização de exames complementares,T1,2018,2025,39.8140738997411,44.0960941481722,83.9101680479133
2207702,Parnaíba,Atividade médica ambulatorial restrita a consultas,T1,2018,2025,72.0546676090159,77.2402353704304,149.2949029794463
2207702,Parnaíba,Atividade odontológica com recursos para realização de procedimentos cirúrgicos,T1,2013,2025,97.895128584379,114.17367029092,212.068798875299
2207702,Parnaíba,Atividades associativas não especificadas anteriormente,T1,2013,2025,49.6386562544192,47.5269468116368,97.16560306605601
2207702,Parnaíba,Atividades auxiliares da justiça,T1,2013,2025,9.93318360471645,9.2634734058184,19.19665701053485
2207702,Parnaíba,"Atividades auxiliares dos transportes aéreos, exceto operação dos aeroportos e campos de aterrissagem",T1,2022,2025,1.36797669302574,2.38770281810418,3.75567951112992
2207702,Parnaíba,Atividades de apoio à gestão de saúde,T1,2018,2025,42.0603139925893,54.1550294213038,96.2153434138931
2207702,Parnaíba,"Atividades de assistência psicossocial e à saúde a portadores de distúrbios psíquicos, deficiência mental e dependência química não especificadas ante",T1,2022,2025,2.88010947294076,2.79846285226302,5.678572325203779
2207702,Parnaíba,Atividades de associações de defesa de direitos sociais,T1,2022,2025,18.5569849202429,13.869342442357,32.4263273625999
2207702,Parnaíba,"Atividades de atendimento hospitalar, exceto pronto-socorro e unidades para atendimento a urgências",T1,2013,2025,136.46407239289,46.3833676168087,182.8474400096987
2207702,Parnaíba,Atividades de cobrança e informações cadastrais,T1,2018,2025,8.95424694472231,6.31005884260761,15.26430578732992
2207702,Parnaíba,Atividades de condicionamento físico,T1,2013,2025,109.609099489761,124.113781957097,233.722881446858
2207702,Parnaíba,"Atividades de consultoria em gestão empresarial, exceto consultoria técnica específica",T1,2018,2025,29.9165548750851,32.524023537043,62.440578412128104
2207702,Parnaíba,Atividades de contabilidade,T1,2013,2025,26.8961907332144,1.01798413164854,27.91417486486294
2207702,Parnaíba,Atividades de estética e outros serviços de cuidados com a beleza,T1,2013,2025,12.4985870384326,8.95210108727593,21.45068812570853
2207702,Parnaíba,Atividades de fisioterapia,T1,2013,2025,52.6198006517155,65.8443138407288,118.46411449244431
2207702,Parnaíba,"Atividades de intermediação e agenciamento de serviços e negócios em geral, exceto imobiliários",T1,2013,2025,18.7079715510085,19.2634734058184,37.9714449568269
2207702,Parnaíba,Atividades de monitoramento de sistemas de segurança eletronico,T1,2022,2025,10.4976406533575,10.9923142613151,21.4899549146726
2207702,Parnaíba,Atividades de profissionais da área de saúde não especificadas anteriormente,T1,2022,2025,45.1532581693101,45.1938514090521,90.3471095783622
2207702,Parnaíba,Atividades de psicologia e psicanálise,T1,2013,2025,16.4947216890595,24.5269468116368,41.0216685006963
2207702,Parnaíba,Atividades de serviços de complementação diagnóstica e terapêutica não especificadas anteriormente,T1,2013,2025,12.4455961303354,8.05389362327358,20.49948975360898
2207702,Parnaíba,Atividades de televisão aberta,T1,2013,2025,23.8723367131308,17.8443138407288,41.716650553859594
2207702,Parnaíba,Atividades de terapia ocupacional,T1,2022,2025,1.62231759656652,2.79846285226302,4.4207804488295395
2207702,Parnaíba,Atividades de vigilância e segurança privada,T1,2013,2025,42.4149417835194,38.5808404349104,80.99578221842981
2207702,Parnaíba,Atividades de franqueadas e permissionárias do Correio Nacional,T1,2013,2025,1.06921002696495,0.263473405818396,1.3326834327833461
2207702,Parnaíba,"Atividades relacionadas a esgoto, exceto a gestão de redes",T1,2013,2025,14.9311928921197,9.31736702909198,24.24855992121168
2207702,Parnaíba,Atividades veterinárias,T1,2022,2025,4.10306268248742,4.56618274978651,8.669245432273929
2207702,Parnaíba,"Bares e outros estabelecimentos especializados em servir bebidas, sem entretenimento",T1,2018,2025,1.39594261518043,9.15502942130381,10.55097203648424
2207702,Parnaíba,"Britamento de pedras, exceto associado à extração",T1,2018,2025,10.02546380502,5.04804707408609,15.073510879106088
2207702,Parnaíba,Cabeleireiros,T1,2022,2025,16.512,12.9692570452605,29.4812570452605
2207702,Parnaíba,Carga e descarga,T1,2018,2025,57.3877076343577,76.026270675995,133.4139783103527
2207702,Parnaíba,Cartórios,T1,2022,2025,4.97667563361265,1.94619982920581,6.9228754628184594
2207702,Parnaíba,Casas de festas e eventos,T1,2013,2025,4.75181907571288,5.52694681163679,10.278765887349671
2207702,Parnaíba,Centros de apoio a pacientes com câncer e com AIDS,T1,2013,2025,62.6394112837285,54.1077872465472,116.7471985302757
2207702,Parnaíba,"Clubes sociais, esportivos e similares",T1,2013,2025,6.17026548672566,4.05389362327358,10.22415910999924
2207702,Parnaíba,Coleta de resíduos perigosos,T1,2022,2025,4.18302130406714,3.19385140905209,7.37687271311923
2207702,Parnaíba,"Comercio varejista de artigos de cama, mesa e banho",T1,2022,2025,5.78922192780206,4.99231426131511,10.781536189117169
2207702,Parnaíba,Comissaria de despachos,T1,2013,2025,9.22336031719808,6.37126065236556,15.59462096956364
2207702,Parnaíba,Compra e venda de imóveis próprios,T1,2022,2025,6.87965479425929,6.59692570452605,13.476580498785339
2207702,Parnaíba,"Comércio a varejo de automóveis, camionetas e utilitários novos",T1,2022,2025,20.4537869143014,11.9709649871904,32.4247519014918
2207702,Parnaíba,"Comércio a varejo de automóveis, camionetas e utilitários usados",T1,2013,2025,16.4299649987037,14.7904202174552,31.2203852161589
2207702,Parnaíba,Comércio a varejo de peças e acessórios novos para veículos automotores,T1,2018,2025,82.2460031656725,45.5330120928509,127.7790152585234
2207702,Parnaíba,Comércio atacadista de alimentos para animais,T1,2018,2025,12.8114578288245,12.8930176527823,25.7044754816068
2207702,Parnaíba,"Comércio atacadista de cerveja, chope e refrigerante",T1,2018,2025,108.961858786179,25.3933651484965,134.3552239346755
2207702,Parnaíba,Comércio atacadista de cosméticos e produtos de perfumaria,T1,2013,2025,11.0840606001177,9.42515427563914,20.50921487575684
2207702,Parnaíba,"Comércio atacadista de defensivos agrícolas, adubos, fertilizantes e corretivos do solo",T1,2013,2025,3.75073529411765,4.2634734058184,8.014208699936049
2207702,Parnaíba,Comércio atacadista de medicamentos e drogas de uso veterinário,T1,2022,2025,0.460264900662252,0.395388556789069,0.855653457451321
2207702,Parnaíba,"Comércio atacadista de mercadorias em geral, com predominância de produtos alimentícios",T1,2013,2025,845.202175543886,859.317367029092,1704.519542572978
2207702,Parnaíba,"Comércio atacadista de outras máquinas e equipamentos não especificados anteriormente, partes e peças",T1,2018,2025,13.5836792836793,13.6310058842608,27.2146851679401
2207702,Parnaíba,Comércio atacadista de outros equipamentos e artigos de uso pessoal e doméstico não especificados anteriormente,T1,2013,2025,7.72087784318,7.2634734058184,14.9843512489984
2207702,Parnaíba,Comércio atacadista de pescados e frutos do mar,T1,2022,2025,2.95216073991389,2.79846285226302,5.750623592176909
2207702,Parnaíba,"Comércio atacadista de produtos de higiene, limpeza e conservação domiciliar",T1,2022,2025,0.851784666275409,0.596925704526046,1.448710370801455
2207702,Parnaíba,Comércio atacadista de produtos odontológicos,T1,2022,2025,1.01888693024427,0.395388556789069,1.414275487033339
2207702,Parnaíba,Comércio atacadista de resíduos e sucatas metálicos,T1,2018,2025,11.8319317077294,11.524023537043,23.3559552447724
2207702,Parnaíba,Comércio atacadista especializado em outros produtos alimentícios não especificados anteriormente,T1,2018,2025,5.81563271829144,5.26201176852152,11.07764448681296
2207702,Parnaíba,Comércio por atacado de peças e acessórios para motocicletas e motonetas,T1,2022,2025,1.25814953530309,1.59692570452605,2.85507523982914
2207702,Parnaíba,Comércio varejista de animais vivos e de artigos e alimentos para animais de estimação,T1,2018,2025,19.6396231519646,21.6572765602558,41.296899712220394
2207702,Parnaíba,"Comércio varejista de artigos de caça, pesca e camping",T1,2013,2025,15.7701498582422,15.2634734058184,31.0336232640606
2207702,Parnaíba,Comércio varejista de artigos de iluminação,T1,2013,2025,4.40282836940219,2.52694681163679,6.9297751810389805
2207702,Parnaíba,Comércio varejista de artigos de joalheria,T1,2013,2025,12.1830832526621,3.68862768145754,15.871710934119639
2207702,Parnaíba,Comércio varejista de artigos de papelaria,T1,2022,2025,12.8533950617284,9.56618274978651,22.41957781151491
2207702,Parnaíba,Comércio varejista de artigos de relojoaria,T1,2013,2025,5.75684277530236,2.05389362327358,7.81073639857594
2207702,Parnaíba,Comércio varejista de artigos do vestuário e acessórios,T1,2022,2025,123.798541760965,42.9590093936806,166.7575511546456
2207702,Parnaíba,Comércio varejista de artigos esportivos,T1,2018,2025,6.78629043750891,6.26201176852152,13.048302206030431
2207702,Parnaíba,Comércio varejista de artigos médicos e ortopédicos,T1,2022,2025,3.04676929110697,2.39538855678907,5.4421578478960395
2207702,Parnaíba,"Comércio varejista de bicicletas e triciclos, peças e acessórios",T1,2013,2025,16.704584040747,9.63473405818396,26.33931809893096
2207702,Parnaíba,Comércio varejista de brinquedos e artigos recreativos,T1,2018,2025,4.1365499842321,2.89301765278228,7.02956763701438
2207702,Parnaíba,"Comércio varejista de doces, balas, bombons e semelhantes",T1,2022,2025,30.2255863270834,28.3723313407344,58.597917667817796
2207702,Parnaíba,"Comércio varejista de embarcações e outros veículos recreativos, peças e acessórios",T1,2013,2025,9.5971119133574,8.52694681163679,18.124058724994192
2207702,Parnaíba,Comércio varejista de madeira e artefatos,T1,2013,2025,20.2910918273957,1.58683514545989,21.87792697285559
2207702,Parnaíba,Comércio varejista de materiais de construção em geral,T1,2018,2025,46.5515955210762,8.96993003752954,55.521525558605745
2207702,Parnaíba,Comércio varejista de materiais hidráulicos,T1,2022,2025,1.79502669289126,1.59692570452605,3.39195239741731
2207702,Parnaíba,Comércio varejista de material elétrico,T1,2013,2025,35.0527728530479,29.3712606523656,64.42403350541349
2207702,Parnaíba,"Comércio varejista de mercadorias em geral, com predominância de produtos alimentícios - hipermercados",T1,2018,2025,228.526261404082,228.631005884261,457.15726728834295
2207702,Parnaíba,"Comércio varejista de mercadorias em geral, com predominância de produtos alimentícios - supermercados",T1,2018,2025,775.711501318584,626.071213455034,1401.782714773618
2207702,Parnaíba,Comércio varejista de mercadorias em lojas de conveniência,T1,2022,2025,2.39116824297323,1.98462852263023,4.37579676560346
2207702,Parnaíba,Comércio varejista de outros artigos de uso doméstico não especificados anteriormente,T1,2022,2025,7.29962414384683,6.38770281810418,13.68732696195101
2207702,Parnaíba,Comércio varejista de outros produtos não especificados anteriormente,T1,2022,2025,6.11731326534744,0.566182749786507,6.683496015133947
2207702,Parnaíba,Comércio varejista de produtos alimentícios em geral ou especializado em produtos alimentícios não especificados anteriormente,T1,2022,2025,21.0362607216029,20.5738684884714,41.610129210074305
2207702,Parnaíba,"Comércio varejista de produtos farmacêuticos, com manipulação de fórmulas",T1,2018,2025,6.32632897300306,3.62011768521522,9.94644665821828
2207702,Parnaíba,"Comércio varejista de produtos farmacêuticos, sem manipulação de fórmulas",T1,2018,2025,119.994090338739,85.1467358569244,205.1408261956634
2207702,Parnaíba,Comércio varejista de produtos saneantes domissanitários,T1,2013,2025,20.0078885242126,19.5269468116368,39.5348353358494
2207702,Parnaíba,"Comércio varejista de suvenires, bijuterias e artesanatos",T1,2013,2025,13.8389912706111,9.84431384072877,23.68330511133987
2207702,Parnaíba,Comércio varejista de tintas e materiais para pintura,T1,2018,2025,10.8780400670532,9.77514710651902,20.65318717357222
2207702,Parnaíba,Comércio varejista de vidros,T1,2018,2025,9.9869539895166,6.57207061112913,16.559024600645728
2207702,Parnaíba,Comércio varejista especializado de eletrodomésticos e equipamentos de áudio e vídeo,T1,2018,2025,42.278659477792,13.550294213038,55.82895369083
2207702,Parnaíba,Comércio varejista especializado de equipamentos de telefonia e comunicação,T1,2018,2025,88.1032464908965,78.1921882963443,166.2954347872408
2207702,Parnaíba,Comércio varejista especializado de equipamentos e suprimentos de informática,T1,2022,2025,12.8886327176457,0.333902647309992,13.222535364955693
2207702,Parnaíba,"Comércio varejista especializado de peças e acessórios para aparelhos eletroeletrônicos para uso doméstico, exceto informática e comunicação",T1,2022,2025,10.4337524025585,8.57386848847139,19.00762089102989
2207702,Parnaíba,Condomínios prediais,T1,2013,2025,54.384739953518,35.5868351454599,89.9715750989779
2207702,Parnaíba,"Confecção de peças do vestuário, exceto roupas íntimas e as confeccionadas sob medida",T1,2013,2025,61.1848022179339,26.2215692036438,87.4063714215777
2207702,Parnaíba,"Confecção de roupas profissionais, exceto sob medida",T1,2018,2025,17.5415553093019,19.4650882639114,37.006643573213296
2207702,Parnaíba,Construção de estações e redes de distribuição de energia elétrica,T1,2018,2025,8.61435698108588,8.89301765278228,17.50737463386816
2207702,Parnaíba,Construção de rodovias e ferrovias,T1,2013,2025,34.6563472478129,30.317367029092,64.9737142769049
2207702,Parnaíba,Consultoria em tecnologia da informação,T1,2018,2025,31.7075747010666,32.2620117685215,63.96958646958811
2207702,Parnaíba,Cooperativas de crédito mútuo,T1,2018,2025,12.251808521685,13.2620117685215,25.5138202902065
2207702,Parnaíba,Correspondentes de instituições financeiras,T1,2022,2025,5.70395417845559,4.99231426131511,10.696268439770702
2207702,Parnaíba,Corretagem na compra e venda e avaliação de imóveis,T1,2018,2025,17.6767541183649,18.7860353055646,36.4627894239295
2207702,Parnaíba,Corretagem no aluguel de imóveis,T1,2013,2025,24.9127349096571,15.7425213047311,40.6552562143882
2207702,Parnaíba,"Corretores e agentes de seguros, de planos de previdência complementar e de saúde",T1,2022,2025,2.92208813520547,2.79846285226302,5.72055098746849
2207702,Parnaíba,Criação de bovinos para corte,T1,2022,2025,1.014488494722,0.193851409052092,1.208339903774092
2207702,Parnaíba,Cultivo de melancia,T1,2022,2025,12.1184210526316,11.3953885567891,23.5138096094207
2207702,Parnaíba,Desenvolvimento de programas de computador sob encomenda,T1,2018,2025,15.2630222976496,23.2030764953899,38.4660987930395
2207702,Parnaíba,Desenvolvimento e licenciamento de programas de computador customizáveis,T1,2018,2025,204.782164952516,206.262011768522,411.044176721038
2207702,Parnaíba,Educação infantil - creche,T1,2013,2025,2.08733328309848,36.2694681163679,38.35680139946638
2207702,Parnaíba,Educação infantil - pré-escola,T1,2013,2025,164.664437470738,144.988069350573,309.652506821311
2207702,Parnaíba,Educação profissional de nível técnico,T1,2013,2025,7.6630134694219,7.74252130473112,15.40553477415302
2207702,Parnaíba,Educação superior - graduação,T1,2013,2025,194.654895296253,104.694681163679,299.349576459932
2207702,Parnaíba,Educação superior - graduação e pós-graduação,T1,2013,2025,442.011713199432,429.215574493094,871.227287692526
2207702,Parnaíba,Ensino de arte e cultura não especificado anteriormente,T1,2022,2025,0.78594122319301,0.798462852263023,1.5844040754560331
2207702,Parnaíba,Ensino de esportes,T1,2018,2025,0.873136875640005,1.26201176852152,2.135148644161525
2207702,Parnaíba,Ensino médio,T1,2013,2025,111.246919917864,156.065883044373,267.312802962237
2207702,Parnaíba,"Estamparia e texturização em fios, tecidos, artefatos têxteis e peças do vestuário",T1,2022,2025,0.991160386545809,0.596925704526046,1.588086091071855
2207702,Parnaíba,Exploração de jogos eletrônicos recreativos,T1,2013,2025,2.52628245725142,1.2634734058184,3.78975586306982
2207702,Parnaíba,"Fabricação de acessórios do vestuário, exceto para segurança e proteção",T1,2013,2025,2.47049812215853,1.2634734058184,3.73397152797693
2207702,Parnaíba,Fabricação de aguardente de cana-de-açúcar,T1,2022,2025,1.0089157777424,0.193851409052092,1.202767186794492
2207702,Parnaíba,Fabricação de alimentos e pratos prontos,T1,2022,2025,20.1229122850427,20.5892399658412,40.7121522508839
2207702,Parnaíba,Fabricação de alimentos para animais,T1,2018,2025,5.47840662591205,6.94106472686837,12.41947135278042
2207702,Parnaíba,Fabricação de artefatos de cimento para uso na construção,T1,2018,2025,9.55406487785342,5.93017652782282,15.48424140567624
2207702,Parnaíba,Fabricação de artigos de vidro,T1,2013,2025,17.0619928236268,9.16168086982075,26.223673693447548
2207702,Parnaíba,Fabricação de bijuterias e artefatos semelhantes,T1,2022,2025,1.1470953326713,0.395388556789069,1.542483889460369
2207702,Parnaíba,Fabricação de calçados de couro,T1,2018,2025,1.19234774806531,0.262011768521522,1.454359516586832
2207702,Parnaíba,Fabricação de cervejas e chopes,T1,2022,2025,11.0131169044106,10.596925704526,21.610042608936602
2207702,Parnaíba,"Fabricação de cosméticos, produtos de perfumaria e de higiene pessoal",T1,2022,2025,0.69364800196327,0.596925704526046,1.2905737064893161
2207702,Parnaíba,"Fabricação de especiarias, molhos, temperos e condimentos",T1,2022,2025,0.536241794310722,0.170794192997438,0.7070359873081601
2207702,Parnaíba,"Fabricação de estruturas pré-moldadas de concreto armado, em série e sob encomenda",T1,2013,2025,23.8835387998122,17.1616808698207,41.0452196696329
2207702,Parnaíba,Fabricação de gelo comum,T1,2022,2025,4.69753274444106,4.38770281810418,9.08523556254524
2207702,Parnaíba,Fabricação de laticínios,T1,2018,2025,58.0008445841044,55.3581059166937,113.3589505007981
2207702,Parnaíba,"Fabricação de letras, letreiros e placas de qualquer material, exceto luminosos",T1,2022,2025,6.62416998671979,5.58923996584116,12.21340995256095
2207702,Parnaíba,Fabricação de massas alimentícias,T1,2022,2025,3.46881319850985,2.79077711357814,6.25959031208799
2207702,Parnaíba,Fabricação de móveis com predominância de madeira,T1,2018,2025,66.852932214985,64.5720706111291,131.4250028261141
2207702,Parnaíba,"Fabricação de outros artefatos e produtos de concreto, cimento, fibrocimento, gesso e materiais semelhantes",T1,2013,2025,14.2798187186706,5.10778724654716,19.38760596521776
2207702,Parnaíba,Fabricação de outros produtos alimentícios não especificados anteriormente,T1,2013,2025,33.2631638531787,20.0059947105495,53.269158563728205
2207702,Parnaíba,Fabricação de outros produtos de metal não especificados anteriormente,T1,2018,2025,44.0602866499609,43.524023537043,87.5843101870039
2207702,Parnaíba,Fabricação de outros produtos químicos não especificados anteriormente,T1,2022,2025,7.4059840082538,1.74466268146883,9.150646689722631
2207702,Parnaíba,Fabricação de produtos de panificação industrial,T1,2022,2025,38.8767234387672,34.1016225448335,72.9783459836007
2207702,Parnaíba,Fabricação de produtos diversos não especificados anteriormente,T1,2018,2025,0.84751166407465,0.631005884260761,1.478517548335411
2207702,Parnaíba,Fabricação de vidro plano e de segurança,T1,2022,2025,14.7116616194211,12.5815542271563,27.2932158465774
2207702,Parnaíba,Fabricação de águas envasadas,T1,2022,2025,5.24942812700156,4.96925704526046,10.21868517226202
2207702,Parnaíba,"Fabricação de óleos vegetais refinados, exceto óleo de milho",T1,2022,2025,18.7500677935461,13.1707941929974,31.9208619865435
2207702,Parnaíba,"Facção de peças do vestuário, exceto roupas íntimas",T1,2022,2025,3.0834586874966,2.39538855678907,5.47884724428567
2207702,Parnaíba,Formação de condutores,T1,2018,2025,85.1590675087978,79.9891118009544,165.1481793097522
2207702,Parnaíba,Fornecimento de alimentos preparados preponderantemente para consumo domiciliar,T1,2013,2025,18.7826182040852,21.5269468116368,40.309565015722
2207702,Parnaíba,Frigorífico - abate de bovinos,T1,2022,2025,10.7552904261529,10.798462852263,21.5537532784159
2207702,Parnaíba,Geração de energia elétrica,T1,2013,2025,2.01785714285714,1.2634734058184,3.28133054867554
2207702,Parnaíba,Gestão e administração da propriedade imobiliária,T1,2022,2025,13.8326404089968,13.1861656703672,27.018806079364
2207702,Parnaíba,Hotéis,T1,2013,2025,115.048985436762,40.5749044960329,155.6238899327949
2207702,Parnaíba,"Impressão de livros, revistas e outras publicações periódicas",T1,2013,2025,73.8273571660007,54.5329415221863,128.360298688187
2207702,Parnaíba,Impressão de material para outros usos,T1,2018,2025,3.9351204756441,3.26201176852152,7.19713224416562
2207702,Parnaíba,Impressão de material para uso publicitário,T1,2013,2025,44.5577509045896,44.2634734058184,88.821224310408
2207702,Parnaíba,Imunização e controle de pragas urbanas,T1,2018,2025,10.7890127001119,10.6310058842608,21.4200185843727
2207702,Parnaíba,"Instalação e manutenção de sistemas centrais de ar condicionado, de ventilação e refrigeração",T1,2013,2025,16.1060231849231,16.0538936232736,32.1599168081967
2207702,Parnaíba,Instalação e manutenção elétrica,T1,2018,2025,15.9098415866284,17.6790529583468,33.588894544975204
2207702,Parnaíba,"Instalações hidráulicas, sanitárias e de gás",T1,2022,2025,3.53990574929312,3.59692570452605,7.13683145381917
2207702,Parnaíba,Laboratórios clínicos,T1,2013,2025,33.0871188550093,33.2275639141934,66.3146827692027
2207702,Parnaíba,Laboratórios de anatomia patológica e citológica,T1,2013,2025,18.1395093659378,15.0538936232736,33.1934029892114
2207702,Parnaíba,"Lanchonetes, casas de chá, de sucos e similares",T1,2013,2025,135.329624431443,1.38330884513665,136.71293327657963
2207702,Parnaíba,Lavanderias,T1,2013,2025,47.9937336484091,37.4251542756391,85.41888792404819
2207702,Parnaíba,Limpeza em prédios e em domicílios,T1,2022,2025,0.866187150572697,0.596925704526046,1.4631128550987431
2207702,Parnaíba,Locação de automóveis sem condutor,T1,2013,2025,0.910351124761351,1.52694681163679,2.437297936398141
2207702,Parnaíba,Loteamento de imóveis próprios,T1,2022,2025,2.4937984496124,1.99231426131512,4.48611271092752
2207702,Parnaíba,Obras de acabamento em gesso e estuque,T1,2013,2025,6.17053256633884,4.79042021745519,10.960952783794031
2207702,Parnaíba,Obras de alvenaria,T1,2013,2025,72.6096303579496,68.5329415221863,141.1425718801359
2207702,Parnaíba,Obras de fundações,T1,2018,2025,6.7366970990222,6.63100588426076,13.36770298328296
2207702,Parnaíba,"Obras de urbanização - ruas, praças e calçadas",T1,2022,2025,12.1106705118962,11.7830913748933,23.8937618867895
2207702,Parnaíba,Operadores turísticos,T1,2022,2025,2.66490610328638,2.79846285226302,5.4633689555494005
2207702,Parnaíba,Operação dos aeroportos e campos de aterrissagem,T1,2018,2025,15.1479069136305,4.88212945373674,20.030036367367238
2207702,Parnaíba,Outras atividades auxiliares dos serviços financeiros não especificadas anteriormente,T1,2022,2025,0.648350340642013,0.395388556789069,1.043738897431082
2207702,Parnaíba,Outras atividades auxiliares dos transportes terrestres não especificadas anteriormente,T1,2022,2025,0.754025892011367,0.395388556789069,1.149414448800436
2207702,Parnaíba,Outras atividades de recreação e lazer não especificadas anteriormente,T1,2022,2025,14.8937775952357,14.798462852263,29.6922404474987
2207702,Parnaíba,Outras atividades de serviços prestados principalmente às empresas não especificadas anteriormente,T1,2022,2025,19.8084047125761,22.3569598633646,42.1653645759407
2207702,Parnaíba,"Outras atividades profissionais, científicas e técnicas não especificadas anteriormente",T1,2013,2025,0.076511367111836,0.263473405818396,0.339984772930232
2207702,Parnaíba,Outras obras de engenharia civil não especificadas anteriormente,T1,2018,2025,35.0992895738752,35.2620117685215,70.3613013423967
2207702,Parnaíba,Outros alojamentos não especificados anteriormente,T1,2022,2025,2.22260394644116,1.99231426131512,4.21491820775628
2207702,Parnaíba,Padaria e confeitaria com predominância de revenda,T1,2022,2025,11.8042351095813,5.74466268146883,17.54889779105013
2207702,Parnaíba,Peixaria,T1,2018,2025,3.75657894736842,0.727100032432933,4.483678979801353
2207702,Parnaíba,Pesca de crustáceos e moluscos em água salgada,T1,2022,2025,1.70625,1.19385140905209,2.9001014090520902
2207702,Parnaíba,Planos de saúde,T1,2013,2025,9.63680899407662,9.52694681163679,19.16375580571341
2207702,Parnaíba,"Portais, provedores de conteúdo e outros serviços de informação na internet",T1,2018,2025,7.40077423746118,8.63100588426076,16.03178012172194
2207702,Parnaíba,Preparação de documentos e serviços especializados de apoio administrativo não especificados anteriormente,T1,2013,2025,6.89179667840966,8.2634734058184,15.15527008422806
2207702,Parnaíba,Preparação de massa de concreto e argamassa para construção,T1,2022,2025,4.18315749453474,4.19385140905209,8.37700890358683
2207702,Parnaíba,Preparação do leite,T1,2018,2025,69.6855084305133,46.1595236992077,115.845032129721
2207702,Parnaíba,Produção de artefatos estampados de metal,T1,2022,2025,0.923548618300549,0.798462852263023,1.722011470563572
2207702,Parnaíba,Produção de ovos,T1,2018,2025,24.5720846058138,23.3472177176481,47.9193023234619
2207702,Parnaíba,Promoção de vendas,T1,2018,2025,47.7045804464973,51.2620117685215,98.9665922150188
2207702,Parnaíba,Recondicionamento e recuperação de motores para veículos automotores,T1,2018,2025,17.4696600656571,17.6310058842608,35.1006659499179
2207702,Parnaíba,Reparação e manutenção de computadores e de equipamentos periféricos,T1,2013,2025,11.4345929398259,7.79042021745519,19.22501315728109
2207702,Parnaíba,Reparação e manutenção de equipamentos de comunicação,T1,2013,2025,2.99911660777385,1.79042021745519,4.78953682522904
2207702,Parnaíba,Representantes comerciais e agentes do comércio de peças e acessórios novos e usados para veículos automotores,T1,2018,2025,2.38074588031223,0.417041189825325,2.797787070137555
2207702,Parnaíba,"Representantes comerciais e agentes do comércio de produtos alimentícios, bebidas e fumo",T1,2013,2025,1.34940351740253,1.2634734058184,2.61287692322093
2207702,Parnaíba,Representantes comerciais e agentes do comércio de veículos automotores,T1,2013,2025,10.4236595744681,7.52694681163679,17.95060638610489
2207702,Parnaíba,Restaurantes e similares,T1,2013,2025,516.171222802585,440.161739641493,956.332962444078
2207702,Parnaíba,Seleção e agenciamento de mão-de-obra,T1,2022,2025,69.6178911547972,70.1861656703672,139.80405682516442
2207702,Parnaíba,Serviço de transporte de passageiros - locação de automóveis com motorista,T1,2018,2025,30.098000427716,28.8930176527823,58.9910180804983
2207702,Parnaíba,Serviços advocatícios,T1,2013,2025,36.5925986880775,29.4790478989127,66.0716465869902
2207702,Parnaíba,Serviços ambulantes de alimentação,T1,2013,2025,6.122567658242,2.79042021745519,8.91298787569719
2207702,Parnaíba,Serviços combinados de escritório e apoio administrativo,T1,2018,2025,135.352346052938,138.893017652782,274.24536370572
2207702,Parnaíba,Serviços de alimentação para eventos e recepções - bufê,T1,2013,2025,38.1705135817129,39.7904202174552,77.9609337991681
2207702,Parnaíba,Serviços de alinhamento e balanceamento de veículos automotores,T1,2013,2025,22.8924217069089,24.2634734058184,47.1558951127273
2207702,Parnaíba,Serviços de arquitetura,T1,2018,2025,5.7032967032967,6.26201176852152,11.96530847181822
2207702,Parnaíba,Serviços de assistência social sem alojamento,T1,2022,2025,9.43331251351286,6.45089666951324,15.8842091830261
2207702,Parnaíba,Serviços de borracharia para veículos automotores,T1,2018,2025,1.58357330662326,1.63100588426076,3.21457919088402
2207702,Parnaíba,Serviços de comunicação multimídia - SCM,T1,2013,2025,171.725444183708,224.053893623274,395.77933780698197
2207702,Parnaíba,Serviços de diagnóstico por métodos ópticos - endoscopia e outros exames análogos,T1,2022,2025,0.796526054590571,0.798462852263023,1.594988906853594
2207702,Parnaíba,Serviços de engenharia,T1,2018,2025,20.7022070839999,38.9301765278228,59.6323836118227
2207702,Parnaíba,Serviços de funerárias,T1,2018,2025,36.4416807534412,37.0852059491266,73.5268867025678
2207702,Parnaíba,"Serviços de instalação, manutenção e reparação de acessórios para veículos automotores",T1,2013,2025,27.3686236092646,27.2634734058184,54.632097015083
2207702,Parnaíba,Serviços de lanternagem ou funilaria e pintura de veículos automotores,T1,2018,2025,11.0679371975906,10.7860353055646,21.853972503155198
2207702,Parnaíba,Serviços de manutenção e reparação mecânica de veículos automotores,T1,2022,2025,51.2989144481778,49.7600341588386,101.05894860701639
2207702,Parnaíba,Serviços de pintura de edifícios em geral,T1,2013,2025,4.90443469108097,2.79042021745519,7.69485490853616
2207702,Parnaíba,Serviços de pré-impressão,T1,2022,2025,2.29070208728653,0.387702818104184,2.678404905390714
2207702,Parnaíba,Serviços de telefonia fixa comutada - STFC,T1,2022,2025,1.28919158042016,0.798462852263023,2.087654432683183
2207702,Parnaíba,"Serviços de usinagem, tornearia e solda",T1,2022,2025,1.91120266479663,1.79846285226302,3.70966551705965
2207702,Parnaíba,Serviços de vacinação e imunização humana,T1,2018,2025,0.0052009456264775,0.262011768521522,0.2672127141479995
2207702,Parnaíba,Serviços especializados para construção não especificados anteriormente,T1,2022,2025,8.43455269829772,8.19385140905209,16.62840410734981
2207702,Parnaíba,"Suporte técnico, manutenção e outros serviços em tecnologia da informação",T1,2018,2025,3.43908497004863,4.52402353704304,7.96310850709167
2207702,Parnaíba,Tabacaria,T1,2018,2025,1.88693901035673,1.63100588426076,3.5179448946174903
2207702,Parnaíba,"Transporte rodoviário coletivo de passageiros, com itinerário fixo, interestadual",T1,2022,2025,3.58566353717331,2.57386848847139,6.1595320256447
2207702,Parnaíba,"Transporte rodoviário coletivo de passageiros, com itinerário fixo, intermunicipal, exceto em região metropolitana",T1,2018,2025,77.4835769211183,71.3100588426076,148.7936357637259
2207702,Parnaíba,"Transporte rodoviário coletivo de passageiros, sob regime de fretamento, intermunicipal, interestadual e internacional",T1,2013,2025,2.78121372031662,4.68862768145754,7.4698414017741595
2207702,Parnaíba,"Transporte rodoviário de carga, exceto produtos perigosos e mudanças, intermunicipal, interestadual e internacional",T1,2018,2025,34.0296246304334,36.7271000324329,70.7567246628663
2207702,Parnaíba,Transporte rodoviário de produtos perigosos,T1,2013,2025,47.6965843510938,47.5269468116368,95.2235311627306
2207702,Parnaíba,Treinamento em desenvolvimento profissional e gerencial,T1,2013,2025,0.833000412188085,10.1077872465472,10.940787658735285
2207751,Passagem Franca do Piauí,Administração pública em geral,T1,2013,2025,342.707627204343,131.668316831683,474.375944036026
2207751,Passagem Franca do Piauí,Comércio varejista de combustíveis para veículos automotores,T1,2022,2025,7.52469145809017,0.0047169811320757,7.529408439222245
2207751,Passagem Franca do Piauí,"Comércio varejista de produtos farmacêuticos, sem manipulação de fórmulas",T1,2013,2025,5.52463000559037,4.27227722772277,9.79690723331314
2207751,Passagem Franca do Piauí,Construção de edifícios,T1,2018,2025,1.49476313512438,0.614718614718615,2.109481749842995
2207777,Patos do Piauí,Administração pública em geral,T1,2022,2025,107.126265432883,26.2786259541985,133.4048913870815
2207777,Patos do Piauí,"Comércio varejista de produtos farmacêuticos, sem manipulação de fórmulas",T1,2013,2025,1.52463000559037,1.61666666666667,3.14129667225704
2207777,Patos do Piauí,Construção de edifícios,T1,2022,2025,16.7692104688815,11.5763358778626,28.3455463467441
2207801,Paulistana,Agências de publicidade,T1,2022,2025,1.93208424024943,1.73570019723866,3.6677844374880904
2207801,Paulistana,Atividade médica ambulatorial restrita a consultas,T1,2022,2025,3.84645635745138,3.73570019723866,7.58215655469004
2207801,Paulistana,Atividade odontológica com recursos para realização de procedimentos cirúrgicos,T1,2018,2025,13.2705270837133,13.9430379746835,27.213565058396803
2207801,Paulistana,Atividades associativas não especificadas anteriormente,T1,2022,2025,80.4066890294471,76.1854043392505,156.5920933686976
2207801,Paulistana,Atividades de cobrança e informações cadastrais,T1,2013,2025,1.99479537718673,1.37033898305085,3.3651343602375796
2207801,Paulistana,"Atividades de consultoria em gestão empresarial, exceto consultoria técnica específica",T1,2022,2025,7.12672373521971,7.09270216962525,14.219425904844961
2207801,Paulistana,Atividades de contabilidade,T1,2022,2025,6.21577791616139,2.24260355029586,8.45838146645725
2207801,Paulistana,Atividades de organizações religiosas,T1,2018,2025,3.31784297265689,2.29535864978903,5.61320162244592
2207801,Paulistana,"Atividades de produção de fotografias, exceto aérea e submarina",T1,2013,2025,3.25035468732948,2.37033898305085,5.62069367038033
2207801,Paulistana,Atividades de vigilância e segurança privada,T1,2022,2025,11.5155371973202,10.9428007889546,22.4583379862748
2207801,Paulistana,Caixas econômicas,T1,2018,2025,2.75877817319098,0.533755274261603,3.292533447452583
2207801,Paulistana,Cartórios,T1,2013,2025,2.08983758265464,2.70338983050847,4.79322741316311
2207801,Paulistana,Coleta de resíduos não-perigosos,T1,2018,2025,7.45131788319443,7.64767932489451,15.098997208088939
2207801,Paulistana,Comercio varejista de artigos de armarinho,T1,2018,2025,1.13501588086498,0.647679324894515,1.782695205759495
2207801,Paulistana,"Comercio varejista de artigos de cama, mesa e banho",T1,2022,2025,1.95784438556041,1.73570019723866,3.69354458279907
2207801,Paulistana,Comércio a varejo de motocicletas e motonetas novas,T1,2022,2025,3.75621550734933,5.09270216962525,8.84891767697458
2207801,Paulistana,Comércio a varejo de peças e acessórios novos para veículos automotores,T1,2013,2025,9.88598926522302,2.81440677966102,12.700396044884041
2207801,Paulistana,"Comércio atacadista de instrumentos e materiais para uso médico, cirúrgico, hospitalar e de laboratórios",T1,2022,2025,5.74443789931578,5.47140039447732,11.2158382937931
2207801,Paulistana,Comércio atacadista de materiais de construção em geral,T1,2013,2025,1.18367189011414,1.37033898305085,2.55401087316499
2207801,Paulistana,Comércio varejista de artigos de óptica,T1,2013,2025,2.13459244832948,1.74067796610169,3.87527041443117
2207801,Paulistana,Comércio varejista de calçados,T1,2013,2025,5.44092683997976,0.222033898305084,5.662960738284844
2207801,Paulistana,Comércio varejista de carnes - açougues,T1,2013,2025,5.56746613995485,4.74067796610169,10.30814410605654
2207801,Paulistana,Comércio varejista de combustíveis para veículos automotores,T1,2018,2025,24.7920335572179,21.7151898734177,46.5072234306356
2207801,Paulistana,"Comércio varejista de cosméticos, produtos de perfumaria e de higiene pessoal",T1,2022,2025,1.30684425778372,1.20710059171598,2.5139448494997003
2207801,Paulistana,"Comércio varejista de doces, balas, bombons e semelhantes",T1,2022,2025,1.80284292523149,1.47140039447732,3.27424331970881
2207801,Paulistana,Comércio varejista de gás liqüefeito de petróleo (GLP),T1,2013,2025,3.16644752107665,0.48135593220339,3.64780345328004
2207801,Paulistana,Comércio varejista de madeira e artefatos,T1,2018,2025,2.51274742360516,1.94303797468354,4.4557853982887
2207801,Paulistana,Comércio varejista de materiais de construção em geral,T1,2013,2025,16.6908007488069,11.1847457627119,27.8755465115188
2207801,Paulistana,Comércio varejista de medicamentos veterinários,T1,2018,2025,2.92042143017261,2.64767932489451,5.56810075506712
2207801,Paulistana,"Comércio varejista de mercadorias em geral, com predominância de produtos alimentícios - minimercados, mercearias e armazéns",T1,2022,2025,7.34578605580532,2.97830374753452,10.32408980333984
2207801,Paulistana,"Comércio varejista de mercadorias em geral, com predominância de produtos alimentícios - supermercados",T1,2018,2025,23.5998002287101,23.295358649789,46.8951588784991
2207801,Paulistana,Comércio varejista de mercadorias em lojas de conveniência,T1,2022,2025,2.03470094578393,1.41420118343195,3.4489021292158797
2207801,Paulistana,Comércio varejista de móveis,T1,2018,2025,9.10473072241112,6.18143459915612,15.286165321567239
2207801,Paulistana,Comércio varejista de outros artigos de uso doméstico não especificados anteriormente,T1,2022,2025,1.47471810788512,0.414201183431952,1.8889192913170718
2207801,Paulistana,Comércio varejista de pedras para revestimento,T1,2022,2025,0.860967503692762,0.207100591715976,1.068068095408738
2207801,Paulistana,"Comércio varejista de produtos farmacêuticos, com manipulação de fórmulas",T1,2022,2025,4.43041081932287,3.41420118343195,7.84461200275482
2207801,Paulistana,Comércio varejista de vidros,T1,2022,2025,1.03865904721776,0.471400394477318,1.5100594416950779
2207801,Paulistana,Comércio varejista especializado de equipamentos de telefonia e comunicação,T1,2022,2025,3.92385307039951,3.47140039447732,7.395253464876831
2207801,Paulistana,Construção de edifícios,T1,2013,2025,6.26350195120933,4.74067796610169,11.00417991731102
2207801,Paulistana,Ensino fundamental,T1,2018,2025,43.1518758366195,49.9430379746835,93.094913811303
2207801,Paulistana,"Fabricação de letras, letreiros e placas de qualquer material, exceto luminosos",T1,2013,2025,2.64815932407966,2.74067796610169,5.38883729018135
2207801,Paulistana,Fabricação de painéis e letreiros luminosos,T1,2022,2025,6.92429490351311,6.73570019723866,13.65999510075177
2207801,Paulistana,Hotéis,T1,2018,2025,0.805123240473526,0.647679324894515,1.452802565368041
2207801,Paulistana,Laboratórios clínicos,T1,2013,2025,13.2608725713891,13.3703389830508,26.6312115544399
2207801,Paulistana,"Lanchonetes, casas de chá, de sucos e similares",T1,2022,2025,2.93471068843985,2.73570019723866,5.6704108856785105
2207801,Paulistana,"Lojas de variedades, exceto lojas de departamentos ou magazines",T1,2018,2025,1.62718906931097,0.238396624472574,1.865585693783544
2207801,Paulistana,Preparação de documentos e serviços especializados de apoio administrativo não especificados anteriormente,T1,2018,2025,5.70055206059828,6.64767932489451,12.34823138549279
2207801,Paulistana,Restaurantes e similares,T1,2013,2025,11.6881073899586,11.3703389830508,23.0584463730094
2207801,Paulistana,Serviços advocatícios,T1,2022,2025,0.919661576711134,0.471400394477318,1.391061971188452
2207801,Paulistana,Serviços de comunicação multimídia - SCM,T1,2013,2025,11.7254441837077,64.4813559322034,76.2068001159111
2207801,Paulistana,"Serviços de diagnóstico por imagem com uso de radiação ionizante, exceto tomografia",T1,2022,2025,33.9495638119315,33.4714003944773,67.4209642064088
2207801,Paulistana,Serviços de engenharia,T1,2022,2025,1.80426532721887,1.73570019723866,3.5399655244575303
2207801,Paulistana,Serviços de funerárias,T1,2018,2025,5.45047780039328,5.59071729957806,11.04119509997134
2207801,Paulistana,"Serviços de usinagem, tornearia e solda",T1,2013,2025,0.421086083286724,0.370338983050847,0.791425066337571
2207801,Paulistana,"Transporte rodoviário coletivo de passageiros, sob regime de fretamento, intermunicipal, interestadual e internacional",T1,2018,2025,30.5264314025118,32.2383966244726,62.764828026984404
2207801,Paulistana,Transporte rodoviário de produtos perigosos,T1,2018,2025,0.258246425040727,0.295358649789029,0.553605074829756
2207850,Pavussu,Administração pública em geral,T1,2013,2025,171.723120811014,53.4554455445544,225.17856635556842
2207850,Pavussu,Comércio varejista de combustíveis para veículos automotores,T1,2013,2025,6.63705156868975,5.16831683168317,11.80536840037292
2207850,Pavussu,Comércio varejista de materiais de construção em geral,T1,2013,2025,3.76362862491478,3.08415841584158,6.84778704075636
2207850,Pavussu,"Comércio varejista de mercadorias em geral, com predominância de produtos alimentícios - minimercados, mercearias e armazéns",T1,2013,2025,3.51077982203465,1.25247524752475,4.7632550695594
2207850,Pavussu,"Comércio varejista de produtos farmacêuticos, sem manipulação de fórmulas",T1,2013,2025,4.52463000559037,4.08415841584158,8.60878842143195
2207900,Pedro Ii,Atividade médica ambulatorial com recursos para realização de exames complementares,T2,2018,2025,1.36337961873382,1.71663244353183,3.0800120622656504
2207900,Pedro Ii,Atividade odontológica com recursos para realização de procedimentos cirúrgicos,T2,2022,2025,3.02188231850117,1.70230040595399,4.72418272445516
2207900,Pedro Ii,Atividades de associações de defesa de direitos sociais,T2,2022,2025,7.4144463491879,7.489400090212,14.9038464393999
2207900,Pedro Ii,"Atividades de atendimento hospitalar, exceto pronto-socorro e unidades para atendimento a urgências",T2,2018,2025,11.3746981288795,15.3983572895277,26.7730554184072
2207900,Pedro Ii,Atividades de condicionamento físico,T2,2018,2025,21.3968422372469,21.7166324435318,43.1134746807787
2207900,Pedro Ii,Atividades de contabilidade,T2,2013,2025,3.73981624325816,4.24390243902439,7.98371868228255
2207900,Pedro Ii,Atividades de enfermagem,T2,2022,2025,0.884767556874382,0.872350022553,1.7571175794273821
2207900,Pedro Ii,Atividades de psicologia e psicanálise,T2,2022,2025,2.26738601223765,3.617050067659,5.88443607989665
2207900,Pedro Ii,Atividades do Correio Nacional,T2,2022,2025,1.76126107434073,0.106450157870997,1.867711232211727
2207900,Pedro Ii,Caixas econômicas,T2,2013,2025,3.65355336432841,1.68292682926829,5.3364801935967
2207900,Pedro Ii,Cartórios,T2,2013,2025,0.235935033061856,2.1219512195122,2.357886252574056
2207900,Pedro Ii,Casas lotéricas,T2,2018,2025,2.43453806895115,0.583162217659138,3.017700286610288
2207900,Pedro Ii,"Comercio varejista de artigos de cama, mesa e banho",T2,2022,2025,0.915688771120823,0.744700045105999,1.6603888162268219
2207900,Pedro Ii,Comércio a varejo de peças e acessórios novos para veículos automotores,T2,2013,2025,5.57153433277809,4.90243902439024,10.47397335716833
2207900,Pedro Ii,Comércio a varejo de pneumáticos e câmaras-de-ar,T2,2022,2025,2.0514953105645,1.617050067659,3.6685453782235
2207900,Pedro Ii,Comércio atacadista de cereais e leguminosas beneficiados,T2,2013,2025,8.16733236220102,9.02439024390244,17.19172260610346
2207900,Pedro Ii,Comércio varejista de animais vivos e de artigos e alimentos para animais de estimação,T2,2018,2025,3.58807708833967,3.71663244353183,7.3047095318715005
2207900,Pedro Ii,Comércio varejista de artigos de óptica,T2,2013,2025,20.4037773449885,21.6829268292683,42.0867041742568
2207900,Pedro Ii,Comércio varejista de artigos do vestuário e acessórios,T2,2022,2025,5.82342076859041,3.06405051871899,8.887471287309399
2207900,Pedro Ii,Comércio varejista de artigos médicos e ortopédicos,T2,2018,2025,4.99735357267689,4.71663244353183,9.71398601620872
2207900,Pedro Ii,Comércio varejista de bebidas,T2,2013,2025,0.834820942636334,0.780487804878049,1.615308747514383
2207900,Pedro Ii,Comércio varejista de calçados,T2,2013,2025,4.24015447332996,3.78048780487805,8.02064227820801
2207900,Pedro Ii,Comércio varejista de carnes - açougues,T2,2018,2025,1.69504064176805,0.449691991786448,2.144732633554498
2207900,Pedro Ii,Comércio varejista de combustíveis para veículos automotores,T2,2013,2025,15.4593609808283,14.9268292682927,30.386190249121
2207900,Pedro Ii,"Comércio varejista de cosméticos, produtos de perfumaria e de higiene pessoal",T2,2022,2025,0.537896171855816,0.744700045105999,1.282596216961815
2207900,Pedro Ii,Comércio varejista de gás liqüefeito de petróleo (GLP),T2,2013,2025,16.1248356408075,15.3414634146341,31.466299055441603
2207900,Pedro Ii,Comércio varejista de hortifrutigranjeiros,T2,2013,2025,13.2675775639184,14.3414634146341,27.6090409785525
2207900,Pedro Ii,Comércio varejista de laticínios e frios,T2,2022,2025,1.92355252141431,1.872350022553,3.79590254396731
2207900,Pedro Ii,Comércio varejista de madeira e artefatos,T2,2018,2025,1.83758247453505,1.71663244353183,3.5542149180668803
2207900,Pedro Ii,"Comércio varejista de mercadorias em geral, com predominância de produtos alimentícios - minimercados, mercearias e armazéns",T2,2013,2025,19.6401376864504,17.4390243902439,37.0791620766943
2207900,Pedro Ii,"Comércio varejista de mercadorias em geral, com predominância de produtos alimentícios - supermercados",T2,2013,2025,1.24295828657695,2.48780487804878,3.73076316462573
2207900,Pedro Ii,Comércio varejista de outros produtos não especificados anteriormente,T2,2018,2025,2.12812079930717,1.71663244353183,3.844753242839
2207900,Pedro Ii,"Comércio varejista de produtos farmacêuticos, sem manipulação de fórmulas",T2,2013,2025,37.4433401006267,42.0487804878049,79.49212058843159
2207900,Pedro Ii,Comércio varejista especializado de eletrodomésticos e equipamentos de áudio e vídeo,T2,2013,2025,7.38817496860611,6.78048780487805,14.168662773484161
2207900,Pedro Ii,Comércio varejista especializado de equipamentos de telefonia e comunicação,T2,2013,2025,3.04543967428841,2.34146341463415,5.38690308892256
2207900,Pedro Ii,Construção de edifícios,T2,2018,2025,119.421447026866,122.749486652977,242.17093367984302
2207900,Pedro Ii,Construção de rodovias e ferrovias,T2,2018,2025,1.53063562513019,1.71663244353183,3.24726806866202
2207900,Pedro Ii,Educação infantil - pré-escola,T2,2013,2025,4.07205765118251,10.2682926829268,14.34035033410931
2207900,Pedro Ii,Ensino fundamental,T2,2013,2025,26.7826367422017,56.0243902439024,82.8070269861041
2207900,Pedro Ii,Ensino médio,T2,2022,2025,0.187037626769879,0.617050067658999,0.804087694428878
2207900,Pedro Ii,Fabricação de artefatos têxteis para uso doméstico,T2,2022,2025,3.02364020757255,2.744700045106,5.76834025267855
2207900,Pedro Ii,Fabricação de artigos de vidro,T2,2018,2025,3.0165583604099,2.44969199178645,5.46625035219635
2207900,Pedro Ii,Fabricação de móveis com predominância de madeira,T2,2018,2025,11.9264661074925,11.299794661191,23.2262607686835
2207900,Pedro Ii,Fabricação de produtos de padaria e confeitaria com predominância de produção própria,T2,2018,2025,4.08076349166874,13.4496919917864,17.53045548345514
2207900,Pedro Ii,Fabricação de produtos de panificação industrial,T2,2022,2025,21.8730738037307,21.872350022553,43.7454238262837
2207900,Pedro Ii,Fabricação de sorvetes e outros gelados comestíveis,T2,2022,2025,0.607038546136372,0.744700045105999,1.351738591242371
2207900,Pedro Ii,Formação de condutores,T2,2013,2025,3.93842243595298,3.5609756097561,7.49939804570908
2207900,Pedro Ii,Hotéis,T2,2013,2025,9.73535667002474,9.90243902439025,19.63779569441499
2207900,Pedro Ii,Laboratórios clínicos,T2,2013,2025,1.78261771416719,3.34146341463415,5.12408112880134
2207900,Pedro Ii,"Lanchonetes, casas de chá, de sucos e similares",T2,2013,2025,6.11512614696984,5.24390243902439,11.35902858599423
2207900,Pedro Ii,"Lojas de departamentos ou magazines, exceto lojas francas (Duty free)",T2,2018,2025,5.22882557915565,3.29979466119097,8.52862024034662
2207900,Pedro Ii,Outras atividades de ensino não especificadas anteriormente,T2,2013,2025,3.7666538998167,3.78048780487805,7.54714170469475
2207900,Pedro Ii,Outras obras de engenharia civil não especificadas anteriormente,T2,2022,2025,9.77603389107548,9.617050067659,19.39308395873448
2207900,Pedro Ii,Restaurantes e similares,T2,2018,2025,23.5458187474719,23.1498973305955,46.6957160780674
2207900,Pedro Ii,Salas de acesso à internet,T2,2018,2025,1.37731958762887,0.716632443531828,2.093952031160698
2207900,Pedro Ii,Seleção e agenciamento de mão-de-obra,T2,2022,2025,29.6477097461258,32.936400541272,62.5841102873978
2207900,Pedro Ii,Serviços advocatícios,T2,2022,2025,3.95983078835557,3.872350022553,7.83218081090857
2207900,Pedro Ii,Serviços combinados de escritório e apoio administrativo,T2,2013,2025,32.3732855934696,35.780487804878,68.1537733983476
2207900,Pedro Ii,Serviços de comunicação multimídia - SCM,T2,2022,2025,23.135703084161,23.468200270636,46.603903354797
2207900,Pedro Ii,Serviços de prótese dentária,T2,2022,2025,0.929319972462327,0.489400090211998,1.418720062674325
2208007,Picos,Administração pública em geral,T1,2018,2025,2545.67965554903,1544.31799969179,4089.9976552408198
2208007,Picos,"Aluguel de máquinas e equipamentos para construção sem operador, exceto andaimes",T1,2013,2025,4.65324329347624,5.57836052033863,10.231603813814871
2208007,Picos,Armazéns gerais - emissão de warrant,T1,2018,2025,3.93883981211219,3.1432424102327,7.082082222344891
2208007,Picos,Atividade médica ambulatorial com recursos para realização de exames complementares,T1,2013,2025,18.2772500402512,35.9639342005644,54.2411842408156
2208007,Picos,Atividade médica ambulatorial restrita a consultas,T1,2013,2025,96.4053540025996,101.138688140959,197.5440421435586
2208007,Picos,Atividade odontológica com recursos para realização de procedimentos cirúrgicos,T1,2013,2025,57.8265900090653,80.8737697019754,138.7003597110407
2208007,Picos,Atividades de associações de defesa de direitos sociais,T1,2013,2025,83.5241056138834,82.9819671002822,166.5060727141656
2208007,Picos,Atividades de atendimento em pronto-socorro e unidades hospitalares para atendimento a urgências,T1,2022,2025,176.752977917484,175.834195832766,352.58717375025003
2208007,Picos,"Atividades de atendimento hospitalar, exceto pronto-socorro e unidades para atendimento a urgências",T1,2018,2025,816.601178872118,804.147557404839,1620.748736276957
2208007,Picos,Atividades de cobrança e informações cadastrais,T1,2018,2025,104.849671639195,99.7151333025119,204.56480494170688
2208007,Picos,Atividades de condicionamento físico,T1,2018,2025,42.1905267117408,42.2859454461396,84.47647215788041
2208007,Picos,"Atividades de consultoria em gestão empresarial, exceto consultoria técnica específica",T1,2013,2025,36.9398461965355,37.5963934200564,74.5362396165919
2208007,Picos,Atividades de enfermagem,T1,2022,2025,1.88476755687438,1.61139861092197,3.49616616779635
2208007,Picos,Atividades de exibição cinematográfica,T1,2022,2025,2.24695881577019,0.0569930546098327,2.3039518703800224
2208007,Picos,Atividades de fisioterapia,T1,2018,2025,72.4686866071043,72.7145939281862,145.18328053529052
2208007,Picos,Atividades de fonoaudiologia,T1,2022,2025,0.0768725361366623,0.834195832765899,0.9110683689025614
2208007,Picos,"Atividades de intermediação e agenciamento de serviços e negócios em geral, exceto imobiliários",T1,2018,2025,1.78878034939808,3.28594544613962,5.0747257955377
2208007,Picos,Atividades de organizações religiosas,T1,2013,2025,12.4921093244387,0.524261821185216,13.016371145623916
2208007,Picos,"Atividades de produção de fotografias, exceto aérea e submarina",T1,2018,2025,6.03103399633235,5.42864848204654,11.459682478378891
2208007,Picos,Atividades de profissionais da nutrição,T1,2022,2025,1.6396292004635,1.61139861092197,3.25102781138547
2208007,Picos,Atividades de serviços de complementação diagnóstica e terapêutica não especificadas anteriormente,T1,2018,2025,5.21905876235049,4.42864848204654,9.64770724439703
2208007,Picos,Beneficiamento de arroz,T1,2013,2025,0.869900073117231,0.596393420056439,1.4662934931736702
2208007,Picos,Cabeleireiros,T1,2013,2025,7.87147473560517,6.19278684011288,14.06426157571805
2208007,Picos,Cartórios,T1,2013,2025,7.48865892357475,13.5242618211852,21.012920744759953
2208007,Picos,Casas de festas e eventos,T1,2022,2025,1.44415522953147,1.22279722184393,2.6669524513754
2208007,Picos,"Clubes sociais, esportivos e similares",T1,2013,2025,8.68106194690266,5.54229472090302,14.223356667805682
2208007,Picos,Coleta de produtos não-madeireiros não especificados anteriormente em florestas nativas,T1,2018,2025,4.11594202898551,2.85729696409308,6.97323899307859
2208007,Picos,"Comercio varejista de artigos de cama, mesa e banho",T1,2013,2025,7.14363937348784,3.98196710028219,11.12560647377003
2208007,Picos,"Comércio a varejo de automóveis, camionetas e utilitários novos",T1,2018,2025,90.352432614677,74.0026968716289,164.35512948630588
2208007,Picos,"Comércio a varejo de automóveis, camionetas e utilitários usados",T1,2013,2025,7.9598133264195,4.54229472090302,12.502108047322519
2208007,Picos,Comércio a varejo de motocicletas e motonetas novas,T1,2022,2025,10.4662859953008,10.29531526624,20.761601261540797
2208007,Picos,Comércio a varejo de peças e acessórios novos para veículos automotores,T1,2013,2025,130.802517120118,92.9708169867162,223.77333410683423
2208007,Picos,Comércio a varejo de pneumáticos e câmaras-de-ar,T1,2013,2025,28.0551449687322,21.7350815610159,49.7902265297481
2208007,Picos,Comércio atacadista de alimentos para animais,T1,2013,2025,5.40608214849921,5.59639342005644,11.00247556855565
2208007,Picos,Comércio atacadista de artigos de escritório e de papelaria,T1,2018,2025,22.4079409871776,20.8572969640931,43.2652379512707
2208007,Picos,Comércio atacadista de aves vivas e ovos,T1,2018,2025,3.79872448979592,3.42864848204654,7.22737297184246
2208007,Picos,Comércio atacadista de bebidas com atividade de fracionamento e acondicionamento associada,T1,2013,2025,3.98164906988436,3.59639342005644,7.5780424899408
2208007,Picos,"Comércio atacadista de cerveja, chope e refrigerante",T1,2013,2025,280.45625565837,230.42294720903,510.87920286740007
2208007,Picos,Comércio atacadista de cimento,T1,2018,2025,8.22427831236121,2.4297272306981,10.654005543059311
2208007,Picos,Comércio atacadista de componentes eletrônicos e equipamentos de telefonia e comunicação,T1,2018,2025,3.87832376090194,3.42864848204654,7.30697224294848
2208007,Picos,Comércio atacadista de cosméticos e produtos de perfumaria,T1,2013,2025,32.994876446362,37.7170486612981,70.71192510766011
2208007,Picos,Comércio atacadista de embalagens,T1,2022,2025,2.53932384341637,1.8341958327659,4.37351967618227
2208007,Picos,"Comércio atacadista de instrumentos e materiais para uso médico, cirúrgico, hospitalar e de laboratórios",T1,2013,2025,16.3726297894599,16.5963934200564,32.9690232095163
2208007,Picos,"Comércio atacadista de jóias, relógios e bijuterias, inclusive pedras preciosas e semipreciosas lapidadas",T1,2018,2025,0.94573268921095,0.42864848204654,1.37438117125749
2208007,Picos,Comércio atacadista de materiais de construção em geral,T1,2018,2025,14.5676060797973,15.7145939281862,30.2822000079835
2208007,Picos,Comércio atacadista de material elétrico,T1,2013,2025,21.6261467889908,29.2232775827655,50.8494243717563
2208007,Picos,Comércio atacadista de medicamentos e drogas de uso humano,T1,2013,2025,16.2254415290582,20.2954091816367,36.5208507106949
2208007,Picos,"Comércio atacadista de mercadorias em geral, com predominância de produtos alimentícios",T1,2018,2025,181.304038997214,231.435660348282,412.739699345496
2208007,Picos,"Comércio atacadista de máquinas e equipamentos para uso comercial, partes e peças",T1,2022,2025,1.6928490990991,0.834195832765899,2.527044931864999
2208007,Picos,Comércio atacadista de outros equipamentos e artigos de uso pessoal e doméstico não especificados anteriormente,T1,2013,2025,37.32526705908,36.5783605203386,73.9036275794186
2208007,Picos,Comércio atacadista de produtos alimentícios em geral,T1,2013,2025,94.8439119270569,102.295409181637,197.13932110869388
2208007,Picos,Comércio atacadista de produtos de higiene pessoal,T1,2018,2025,11.6990645408013,11.4286484820465,23.1277130228478
2208007,Picos,"Comércio atacadista de produtos de higiene, limpeza e conservação domiciliar",T1,2018,2025,1.37152640590017,0.143242410232701,1.514768816132871
2208007,Picos,Comércio atacadista de produtos odontológicos,T1,2013,2025,3.54766286345234,3.59639342005644,7.14405628350878
2208007,Picos,Comércio atacadista de resíduos de papel e papelão,T1,2018,2025,1.83882728239405,0.857296964093081,2.696124246487131
2208007,Picos,Comércio atacadista de água mineral,T1,2013,2025,1.17736202057998,0.596393420056439,1.7737554406364189
2208007,Picos,Comércio atacadista especializado em outros produtos alimentícios não especificados anteriormente,T1,2013,2025,19.3023755887774,19.9819671002822,39.2843426890596
2208007,Picos,Comércio por atacado de peças e acessórios novos para veículos automotores,T1,2022,2025,3.82502021236458,1.72538472014163,5.5504049325062095
2208007,Picos,Comércio por atacado de pneumáticos e câmaras-de-ar,T1,2022,2025,4.79827484806901,4.05699305460983,8.85526790267884
2208007,Picos,Comércio varejista de artigos de colchoaria,T1,2022,2025,2.92303332577647,2.22279722184393,5.1458305476204
2208007,Picos,Comércio varejista de artigos esportivos,T1,2018,2025,5.67943565626336,4.28594544613962,9.96538110240298
2208007,Picos,Comércio varejista de artigos médicos e ortopédicos,T1,2013,2025,1.11181882519462,0.596393420056439,1.708212245251059
2208007,Picos,Comércio varejista de bebidas,T1,2013,2025,4.34820942636334,1.96393420056439,6.31214362692773
2208007,Picos,"Comércio varejista de cal, areia, pedra britada, tijolos e telhas",T1,2018,2025,9.92009400705053,9.28594544613962,19.20603945319015
2208007,Picos,Comércio varejista de calçados,T1,2013,2025,42.4092683997976,3.78360520338633,46.192873603183926
2208007,Picos,Comércio varejista de carnes - açougues,T1,2013,2025,9.05359762979684,7.36754078050795,16.421138410304792
2208007,Picos,"Comércio varejista de doces, balas, bombons e semelhantes",T1,2013,2025,8.45402792210726,7.78918026016932,16.24320818227658
2208007,Picos,Comércio varejista de hortifrutigranjeiros,T1,2022,2025,10.6742305126739,8.27979027645376,18.95402078912766
2208007,Picos,Comércio varejista de laticínios e frios,T1,2013,2025,4.14066838046273,3.59639342005644,7.73706180051917
2208007,Picos,Comércio varejista de materiais de construção em geral,T1,2013,2025,131.38075023824,108.302291967789,239.68304220602903
2208007,Picos,Comércio varejista de material elétrico,T1,2018,2025,42.8725101159177,41.0005393743258,83.87304949024349
2208007,Picos,Comércio varejista de medicamentos veterinários,T1,2013,2025,28.8494319283415,28.1747539403951,57.024185868736595
2208007,Picos,"Comércio varejista de mercadorias em geral, com predominância de produtos alimentícios - hipermercados",T1,2018,2025,371.210091232657,370.429187856372,741.6392790890291
2208007,Picos,Comércio varejista de outros artigos de uso doméstico não especificados anteriormente,T1,2022,2025,9.03698319778939,5.72538472014163,14.76236791793102
2208007,Picos,Comércio varejista de plantas e flores naturais,T1,2013,2025,4.01216098531973,3.59639342005644,7.60855440537617
2208007,Picos,Comércio varejista de produtos alimentícios em geral ou especializado em produtos alimentícios não especificados anteriormente,T1,2013,2025,60.9462732673267,60.3675407805079,121.3138140478346
2208007,Picos,"Comércio varejista de produtos farmacêuticos, sem manipulação de fórmulas",T1,2013,2025,65.1526407155677,74.3383577672242,139.4909984827919
2208007,Picos,Comércio varejista de produtos saneantes domissanitários,T1,2022,2025,1.62322921630637,0.834195832765899,2.457425049072269
2208007,Picos,"Comércio varejista de suvenires, bijuterias e artesanatos",T1,2013,2025,20.6779825412221,17.3495078807901,38.0274904220122
2208007,Picos,Comércio varejista de tecidos,T1,2018,2025,9.47410358565737,2.2864848204654,11.76058840612277
2208007,Picos,Comércio varejista de tintas e materiais para pintura,T1,2022,2025,1.79689507020419,0.834195832765899,2.631090902970089
2208007,Picos,Comércio varejista especializado de equipamentos de telefonia e comunicação,T1,2018,2025,59.2887174340862,53.1437817845585,112.4324992186447
2208007,Picos,"Comércio varejista especializado de peças e acessórios para aparelhos eletroeletrônicos para uso doméstico, exceto informática e comunicação",T1,2013,2025,7.22676282051282,1.31344208135453,8.54020490186735
2208007,Picos,Condomínios prediais,T1,2013,2025,41.3539607572366,31.7170486612981,73.0710094185347
2208007,Picos,"Confecção de peças do vestuário, exceto roupas íntimas e as confeccionadas sob medida",T1,2013,2025,28.5248458410248,27.1927868401129,55.7176326811377
2208007,Picos,"Confecção, sob medida, de peças do vestuário, exceto roupas íntimas",T1,2013,2025,40.8397757450575,19.5062289214674,60.346004666524905
2208007,Picos,"Confecção, sob medida, de roupas profissionais",T1,2018,2025,17.3686974789916,14.5718908922792,31.9405883712708
2208007,Picos,Construção de edifícios,T1,2022,2025,243.39095508946,145.435108266376,388.826063355836
2208007,Picos,Construção de estações e redes de distribuição de energia elétrica,T1,2013,2025,19.1218657881047,22.1567210406773,41.278586828782
2208007,Picos,Construção de obras-de-arte especiais,T1,2013,2025,13.5702187646844,4.77114736045151,18.34136612513591
2208007,Picos,Construção de rodovias e ferrovias,T1,2018,2025,44.5306356251302,44.4286484820465,88.9592841071767
2208007,Picos,Consultoria em tecnologia da informação,T1,2022,2025,5.98536662452592,5.22279722184393,11.20816384636985
2208007,Picos,Cooperativas de crédito mútuo,T1,2022,2025,4.84602707341191,4.05699305460983,8.90302012802174
2208007,Picos,Correspondentes de instituições financeiras,T1,2013,2025,0.939955032403121,2.19278684011288,3.132741872516001
2208007,Picos,Desenvolvimento de programas de computador sob encomenda,T1,2018,2025,3.06069745330375,4.28594544613962,7.346642899443371
2208007,Picos,"Edição integrada à impressão de cadastros, listas e outros produtos gráficos",T1,2013,2025,35.7508963367108,23.1567210406773,58.90761737738811
2208007,Picos,Educação infantil - creche,T1,2013,2025,41.3154999623239,71.9459013008466,113.2614012631705
2208007,Picos,Educação infantil - pré-escola,T1,2013,2025,76.8081288673491,83.6629499621447,160.4710788294938
2208007,Picos,Educação profissional de nível técnico,T1,2018,2025,23.0037326374552,19.8583757127446,42.862108350199804
2208007,Picos,Educação superior - pós-graduação e extensão,T1,2018,2025,7.34646112875141,6.42864848204654,13.775109610797951
2208007,Picos,Ensino de idiomas,T1,2022,2025,2.35160670342895,0.0569930546098327,2.4085997580387826
2208007,Picos,Extração e britamento de pedras e outros materiais para construção e beneficiamento associado,T1,2013,2025,32.7703245501285,32.5963934200564,65.36671797018491
2208007,Picos,Fabricação de artefatos de tapeçaria,T1,2022,2025,5.74992789154889,4.8341958327659,10.58412372431479
2208007,Picos,Fabricação de artigos de vidro,T1,2018,2025,21.2369407648088,18.4291878563723,39.6661286211811
2208007,Picos,Fabricação de bancos e estofados para veículos automotores,T1,2022,2025,2.11207073822743,1.22279722184393,3.33486796007136
2208007,Picos,Fabricação de conservas de frutas,T1,2013,2025,33.7247650803274,34.1927868401129,67.9175519204403
2208007,Picos,"Fabricação de equipamentos hidráulicos e pneumáticos, peças e acessórios, exceto válvulas",T1,2013,2025,4.76794217687075,4.59639342005644,9.36433559692719
2208007,Picos,"Fabricação de estruturas pré-moldadas de concreto armado, em série e sob encomenda",T1,2013,2025,94.4176939990612,80.7836052033863,175.2012992024475
2208007,Picos,"Fabricação de letras, letreiros e placas de qualquer material, exceto luminosos",T1,2022,2025,21.8926199962057,21.2227972218439,43.1154172180496
2208007,Picos,Fabricação de outros produtos de metal não especificados anteriormente,T1,2022,2025,5.87112493038797,1.55958055290753,7.4307054832955
2208007,Picos,Fabricação de outros produtos de minerais não-metálicos não especificados anteriormente,T1,2013,2025,16.3867528924367,14.5783605203386,30.965113412775302
2208007,Picos,"Fabricação de outros produtos do fumo, exceto cigarros, cigarrilhas e charutos",T1,2018,2025,1.77494976557267,0.857296964093081,2.6322467296657512
2208007,Picos,Fabricação de painéis e letreiros luminosos,T1,2018,2025,6.55452127659574,6.42864848204654,12.98316975864228
2208007,Picos,Fabricação de produtos de padaria e confeitaria com predominância de produção própria,T1,2018,2025,40.511502113902,83.4329634766528,123.9444655905548
2208007,Picos,Fabricação de produtos de panificação industrial,T1,2022,2025,38.8114355231143,30.1761541604249,68.9875896835392
2208007,Picos,Fabricação de sorvetes e outros gelados comestíveis,T1,2013,2025,109.292789389742,108.855736802258,218.148526192
2208007,Picos,"Fabricação de sucos de frutas, hortaliças e legumes, exceto concentrados",T1,2018,2025,2.26833029580821,0.285945446139621,2.5542757419478312
2208007,Picos,Fornecimento de alimentos preparados preponderantemente para empresas,T1,2022,2025,107.767887118672,107.611398610922,215.379285729594
2208007,Picos,Gestão de instalações de esportes,T1,2022,2025,4.42722117202268,4.44559444368787,8.87281561571055
2208007,Picos,Hotéis,T1,2013,2025,16.6954187365146,1.02491568586964,17.72033442238424
2208007,Picos,Impressão de material para uso publicitário,T1,2013,2025,24.366263568844,24.9459013008466,49.312164869690605
2208007,Picos,Incorporação de empreendimentos imobiliários,T1,2013,2025,5.29045219151174,4.19278684011288,9.48323903162462
2208007,Picos,"Instalação e manutenção de sistemas centrais de ar condicionado, de ventilação e refrigeração",T1,2022,2025,3.45253034119533,2.8341958327659,6.28672617396123
2208007,Picos,Instalação e manutenção elétrica,T1,2013,2025,2.91081601621896,3.78918026016932,6.69999627638828
2208007,Picos,Laboratórios clínicos,T1,2013,2025,82.3044319988937,91.6990157615803,174.003447760474
2208007,Picos,Limpeza em prédios e em domicílios,T1,2018,2025,27.5780638427416,22.8578363384189,50.4359001811605
2208007,Picos,Locação de automóveis sem condutor,T1,2013,2025,8.95517556238068,9.59639342005644,18.551568982437118
2208007,Picos,"Locação de outros meios de transporte não especificados anteriormente, sem condutor",T1,2018,2025,3.95342376205262,4.42864848204654,8.38207224409916
2208007,Picos,"Lojas de variedades, exceto lojas de departamentos ou magazines",T1,2013,2025,0.754591854449498,1.17475394039507,1.929345794844568
2208007,Picos,Manutenção e reparação de máquinas e aparelhos de refrigeração e ventilação para uso industrial e comercial,T1,2018,2025,0.196027735339052,0.0005393743257816,0.1965671096648336
2208007,Picos,"Montagem e instalação de sistemas e equipamentos de iluminação e sinalização em vias públicas, portos e aeroportos",T1,2018,2025,1.3964101003955,1.42864848204654,2.82505858244204
2208007,Picos,Motéis,T1,2013,2025,14.8371109876151,7.56032762062083,22.39743860823593
2208007,Picos,Obras de acabamento em gesso e estuque,T1,2022,2025,0.701912190212605,0.611398610921966,1.313310801134571
2208007,Picos,Obras de terraplenagem,T1,2013,2025,7.87244033195646,7.59639342005644,15.4688337520129
2208007,Picos,Outras atividades auxiliares dos serviços financeiros não especificadas anteriormente,T1,2022,2025,1.64835034064201,0.834195832765899,2.482546173407909
2208007,Picos,Outras atividades de prestação de serviços de informação não especificadas anteriormente,T1,2018,2025,1.59685054584098,1.85729696409308,3.45414750993406
2208007,Picos,Outras atividades de serviços pessoais não especificadas anteriormente,T1,2018,2025,11.0387749849876,10.4286484820465,21.4674234670341
2208007,Picos,Outras atividades de serviços prestados principalmente às empresas não especificadas anteriormente,T1,2013,2025,34.4630993416836,18.2413104824833,52.7044098241669
2208007,Picos,Outras obras de engenharia civil não especificadas anteriormente,T1,2022,2025,89.3281016732264,86.5025874982977,175.8306891715241
2208007,Picos,Padaria e confeitaria com predominância de revenda,T1,2022,2025,0.93356861719896,0.222797221843933,1.156365839042893
2208007,Picos,Pensões (alojamento),T1,2022,2025,0.98815377738042,0.611398610921966,1.5995523883023859
2208007,Picos,Planos de saúde,T1,2018,2025,12.695928947556,12.4286484820465,25.1245774296025
2208007,Picos,"Portais, provedores de conteúdo e outros serviços de informação na internet",T1,2022,2025,50.0927882847596,48.4455944436879,98.5383827284475
2208007,Picos,Preparação de documentos e serviços especializados de apoio administrativo não especificados anteriormente,T1,2022,2025,2.41742729016164,2.22279722184393,4.64022451200557
2208007,Picos,Recondicionamento e recuperação de motores para veículos automotores,T1,2022,2025,8.82282502443793,8.61139861092197,17.4342236353599
2208007,Picos,Recuperação de sucatas de alumínio,T1,2022,2025,4.99916387959866,4.61139861092197,9.61056249052063
2208007,Picos,Reparação e manutenção de computadores e de equipamentos periféricos,T1,2022,2025,15.508066581306,13.4455944436879,28.9536610249939
2208007,Picos,Representantes comerciais e agentes do comércio de mercadorias em geral não especializado,T1,2022,2025,1.89493689391355,1.61139861092197,3.50633550483552
2208007,Picos,Restaurantes e similares,T1,2013,2025,229.235544972461,212.543602450272,441.779147422733
2208007,Picos,"Serviço de preparação de terreno, cultivo e colheita",T1,2022,2025,0.836145605300374,0.611398610921966,1.44754421622234
2208007,Picos,Serviços combinados de escritório e apoio administrativo,T1,2013,2025,133.746571186939,140.192786840113,273.939358027052
2208007,Picos,Serviços de assistência social sem alojamento,T1,2013,2025,47.4485270238924,48.1747539403951,95.6232809642875
2208007,Picos,Serviços de comunicação multimídia - SCM,T1,2018,2025,328.024422657406,333.28594544614,661.3103681035459
2208007,Picos,"Serviços de diagnóstico por imagem com uso de radiação ionizante, exceto tomografia",T1,2013,2025,89.5310344827586,90.367540780508,179.8985752632666
2208007,Picos,Serviços de diagnóstico por métodos ópticos - endoscopia e outros exames análogos,T1,2013,2025,6.84635879218472,7.59639342005644,14.44275221224116
2208007,Picos,Serviços de diálise e nefrologia,T1,2013,2025,3.50414519381581,34.0485236423704,37.55266883618621
2208007,Picos,Serviços de engenharia,T1,2022,2025,4.02132663609433,3.05699305460983,7.07831969070416
2208007,Picos,Serviços de funerárias,T1,2013,2025,39.2883226414248,50.1026223415238,89.3909449829486
2208007,Picos,"Serviços de instalação, manutenção e reparação de acessórios para veículos automotores",T1,2013,2025,5.47449443705829,6.38557368022576,11.860068117284051
2208007,Picos,Serviços de lanternagem ou funilaria e pintura de veículos automotores,T1,2013,2025,10.9847431007404,11.7711473604515,22.755890461191903
2208007,Picos,"Serviços de lavagem, lubrificação e polimento de veículos automotores",T1,2018,2025,5.45272867025365,4.85729696409308,10.31002563434673
2208007,Picos,Serviços de malote não realizados pelo Correio Nacional,T1,2022,2025,7.04446619590296,5.8341958327659,12.87866202866886
2208007,Picos,Serviços de manutenção e reparação mecânica de veículos automotores,T1,2013,2025,6.30204078337666,4.75311446073371,11.05515524411037
2208007,Picos,"Serviços de organização de feiras, congressos, exposições e festas",T1,2013,2025,0.911548197503564,4.19278684011288,5.104335037616444
2208007,Picos,Serviços de prótese dentária,T1,2022,2025,0.964659986231163,0.222797221843933,1.187457208075096
2208007,Picos,Serviços de reboque de veículos,T1,2018,2025,25.7730405149565,25.4286484820465,51.201688997003004
2208007,Picos,"Serviços de usinagem, tornearia e solda",T1,2013,2025,6.6843443331469,7.38557368022576,14.06991801337266
2208007,Picos,Serviços especializados para construção não especificados anteriormente,T1,2022,2025,10.1518290474466,8.6683916655318,18.8202207129784
2208007,Picos,"Suporte técnico, manutenção e outros serviços em tecnologia da informação",T1,2018,2025,92.1586274550729,92.5718908922792,184.7305183473521
2208007,Picos,"Transporte rodoviário coletivo de passageiros, com itinerário fixo, interestadual",T1,2018,2025,35.9544361965359,9.57404838958237,45.52848458611827
2208007,Picos,"Transporte rodoviário coletivo de passageiros, sob regime de fretamento, intermunicipal, interestadual e internacional",T1,2018,2025,1.61057256100473,1.85729696409308,3.46786952509781
2208007,Picos,"Transporte rodoviário coletivo de passageiros, sob regime de fretamento, municipal",T1,2013,2025,0.421264947413917,0.596393420056439,1.017658367470356
2208007,Picos,"Transporte rodoviário de carga, exceto produtos perigosos e mudanças, intermunicipal, interestadual e internacional",T1,2013,2025,406.512982560187,417.904260444628,824.417243004815
2208007,Picos,Transporte rodoviário de mudanças,T1,2013,2025,9.9784089448657,3.36754078050795,13.34594972537365
2208007,Picos,Treinamento em desenvolvimento profissional e gerencial,T1,2013,2025,7.10412505152351,8.59639342005644,15.70051847157995
2208007,Picos,Treinamento em informática,T1,2013,2025,2.37616211504939,1.59639342005644,3.9725555351058297
2208007,Picos,UTI móvel,T1,2018,2025,9.65222305953278,13.2859454461396,22.93816850567238
2208106,Pimenteiras,Atividade médica ambulatorial restrita a consultas,T2,2018,2025,1.5013666902254,1.88962472406181,3.39099141428721
2208106,Pimenteiras,Atividades de apoio à agricultura não especificadas anteriormente,T2,2022,2025,0.946248499736402,0.965020576131687,1.911269075868089
2208106,Pimenteiras,"Bancos múltiplos, com carteira comercial",T2,2013,2025,1.25556613220259,1.04914933837429,2.30471547057688
2208106,Pimenteiras,Cartórios,T2,2018,2025,0.602738310514079,0.88962472406181,1.492363034575889
2208106,Pimenteiras,Casas lotéricas,T2,2018,2025,1.17381522758046,0.77924944812362,1.9530646757040802
2208106,Pimenteiras,Coleta de produtos não-madeireiros não especificados anteriormente em florestas nativas,T2,2022,2025,1.47097124253934,0.965020576131687,2.435991818671027
2208106,Pimenteiras,Comércio varejista de artigos de óptica,T2,2022,2025,0.947215442644775,0.965020576131687,1.912236018776462
2208106,Pimenteiras,Comércio varejista de materiais de construção em geral,T2,2013,2025,0.636286249147799,3.49149338374291,4.127779632890709
2208106,Pimenteiras,"Comércio varejista de mercadorias em geral, com predominância de produtos alimentícios - minimercados, mercearias e armazéns",T2,2013,2025,5.41238536158741,10.0812854442344,15.49367080582181
2208106,Pimenteiras,"Comércio varejista de produtos farmacêuticos, sem manipulação de fórmulas",T2,2013,2025,11.0985200223615,13.1965973534972,24.295117375858702
2208106,Pimenteiras,Construção de edifícios,T2,2018,2025,1.49476313512438,1.88962472406181,3.38438785918619
2208106,Pimenteiras,Cultivo de outros cereais não especificados anteriormente,T2,2013,2025,4.14946261760471,4.04914933837429,8.198611955979
2208106,Pimenteiras,Fabricação de produtos de padaria e confeitaria com predominância de produção própria,T2,2022,2025,6.76175252053548,6.93004115226337,13.69179367279885
2208106,Pimenteiras,Fabricação de águas envasadas,T2,2022,2025,3.81247140635008,3.96502057613169,7.77749198248177
2208106,Pimenteiras,"Lojas de departamentos ou magazines, exceto lojas francas (Duty free)",T2,2018,2025,1.19068798262971,0.448123620309051,1.6388116029387612
2208205,Pio Ix,Administração pública em geral,T1,2013,2025,364.782022266279,333.181467181467,697.963489447746
2208205,Pio Ix,Atividade odontológica com recursos para realização de procedimentos cirúrgicos,T2,2018,2025,9.42350902790443,9.80398671096346,19.22749573886789
2208205,Pio Ix,Atividades do Correio Nacional,T2,2018,2025,1.39009444569373,0.60797342192691,1.99806786762064
2208205,Pio Ix,Comércio a varejo de peças e acessórios novos para motocicletas e motonetas,T2,2022,2025,0.861287131360124,0.821482602118003,1.682769733478127
2208205,Pio Ix,"Comércio atacadista de mercadorias em geral, com predominância de produtos alimentícios",T2,2022,2025,2.27810536058159,2.821482602118,5.09958796269959
2208205,Pio Ix,Comércio varejista de artigos de óptica,T2,2018,2025,3.42474898236092,3.60797342192691,7.03272240428783
2208205,Pio Ix,Comércio varejista de artigos do vestuário e acessórios,T2,2018,2025,3.29793132580658,2.01993355481728,5.31786488062386
2208205,Pio Ix,"Comércio varejista de bicicletas e triciclos, peças e acessórios",T2,2022,2025,0.917153259600192,0.821482602118003,1.738635861718195
2208205,Pio Ix,Comércio varejista de combustíveis para veículos automotores,T2,2018,2025,4.08642908292222,3.45182724252492,7.53825632544714
2208205,Pio Ix,Comércio varejista de materiais de construção em geral,T2,2018,2025,11.4911682653724,11.6079734219269,23.0991416872993
2208205,Pio Ix,"Comércio varejista de mercadorias em geral, com predominância de produtos alimentícios - minimercados, mercearias e armazéns",T2,2018,2025,28.5241509355227,27.843853820598,56.3680047561207
2208205,Pio Ix,"Comércio varejista de produtos farmacêuticos, sem manipulação de fórmulas",T1,2013,2025,16.0492600111807,13.4401544401544,29.4894144513351
2208205,Pio Ix,Construção de edifícios,T2,2022,2025,0.888110042625594,0.910741301059002,1.7988513436845959
2208205,Pio Ix,Extração de mármore e beneficiamento associado,T2,2018,2025,40.3859060402685,40.8039867109635,81.18989275123201
2208205,Pio Ix,Fabricação de artigos de vidro,T2,2022,2025,1.80987640877661,1.732223903177,3.54210031195361
2208205,Pio Ix,Fabricação de produtos de padaria e confeitaria com predominância de produção própria,T1,2013,2025,16.4938852834152,17.2200772200772,33.7139625034924
2208205,Pio Ix,"Fabricação de sucos concentrados de frutas, hortaliças e legumes",T2,2022,2025,4.82021078735276,4.910741301059,9.73095208841176
2208205,Pio Ix,Laboratórios clínicos,T2,2018,2025,0.716028586013272,0.803986710963455,1.520015296976727
2208205,Pio Ix,"Lojas de departamentos ou magazines, exceto lojas francas (Duty free)",T2,2022,2025,1.42405637979724,0.553706505295008,1.9777628850922482
2208205,Pio Ix,Padaria e confeitaria com predominância de revenda,T2,2018,2025,3.22393468952977,2.60797342192691,5.831908111456681
2208304,Piracuruca,"Aluguel de outras máquinas e equipamentos comerciais e industriais não especificados anteriormente, sem operador",T1,2022,2025,2.72242916584109,2.77410832232497,5.4965374881660605
2208304,Piracuruca,"Aparelhamento de pedras para construção, exceto associado à extração",T1,2018,2025,3.74185303514377,1.1006925945658,4.84254562970957
2208304,Piracuruca,Atividade médica ambulatorial com recursos para realização de exames complementares,T1,2022,2025,3.51124049363457,2.87054161162484,6.3817821052594095
2208304,Piracuruca,Atividade médica ambulatorial restrita a consultas,T1,2013,2025,2.31796200015292,2.22448979591837,4.5424517960712905
2208304,Piracuruca,Atividade odontológica com recursos para realização de procedimentos cirúrgicos,T1,2013,2025,6.75161028675032,7.89795918367347,14.64956947042379
2208304,Piracuruca,Atividades de apoio à agricultura não especificadas anteriormente,T1,2022,2025,4.83874549920921,4.3223249669749,9.16107046618411
2208304,Piracuruca,Atividades de associações de defesa de direitos sociais,T1,2022,2025,5.85361158729698,5.77410832232497,11.62771990962195
2208304,Piracuruca,Atividades de condicionamento físico,T1,2013,2025,1.72626294406522,2.22448979591837,3.95075273998359
2208304,Piracuruca,Atividades de contabilidade,T1,2018,2025,8.66659948920702,8.0335641981886,16.70016368739562
2208304,Piracuruca,"Bares e outros estabelecimentos especializados em servir bebidas, sem entretenimento",T1,2022,2025,4.07341017570919,3.54821664464993,7.62162682035912
2208304,Piracuruca,Cartórios,T1,2013,2025,4.61796751653093,4.44897959183673,9.06694710836766
2208304,Piracuruca,Comercio varejista de artigos de armarinho,T1,2018,2025,4.27003176172997,3.0335641981886,7.30359595991857
2208304,Piracuruca,"Comercio varejista de artigos de cama, mesa e banho",T1,2022,2025,3.95784438556041,3.77410832232497,7.73195270788538
2208304,Piracuruca,"Comércio a varejo de automóveis, camionetas e utilitários usados",T1,2022,2025,0.765890608026775,0.322324966974901,1.088215575001676
2208304,Piracuruca,Comércio a varejo de motocicletas e motonetas novas,T1,2018,2025,3.45845489910041,3.5167820990943,6.97523699819471
2208304,Piracuruca,Comércio a varejo de peças e acessórios novos para veículos automotores,T1,2022,2025,5.75839473271673,4.87054161162483,10.628936344341561
2208304,Piracuruca,Comércio a varejo de pneumáticos e câmaras-de-ar,T1,2013,2025,1.94750805381846,1.22448979591837,3.17199784973683
2208304,Piracuruca,Comércio atacadista de alimentos para animais,T1,2018,2025,17.6229156576489,17.1006925945658,34.7236082522147
2208304,Piracuruca,Comércio atacadista de cereais e leguminosas beneficiados,T1,2013,2025,24.7410366054227,22.8979591836735,47.6389957890962
2208304,Piracuruca,Comércio varejista de artigos de óptica,T1,2013,2025,11.7018886724942,10.6734693877551,22.375358060249297
2208304,Piracuruca,Comércio varejista de artigos do vestuário e acessórios,T1,2022,2025,11.8234207685904,6.80449141347424,18.62791218206464
2208304,Piracuruca,Comércio varejista de carnes - açougues,T1,2013,2025,1.78373306997743,1.22448979591837,3.0082228658958003
2208304,Piracuruca,Comércio varejista de combustíveis para veículos automotores,T1,2018,2025,12.2896715887316,1.53702717101758,13.826698759749181
2208304,Piracuruca,"Comércio varejista de cosméticos, produtos de perfumaria e de higiene pessoal",T1,2013,2025,7.22033898305085,6.44897959183673,13.66931857488758
2208304,Piracuruca,Comércio varejista de gás liqüefeito de petróleo (GLP),T1,2022,2025,0.958952858165457,0.322324966974901,1.281277825140358
2208304,Piracuruca,Comércio varejista de materiais de construção em geral,T1,2013,2025,32.7998297481252,20.9387755102041,53.7386052583293
2208304,Piracuruca,Comércio varejista de material elétrico,T1,2022,2025,0.91960162551567,0.322324966974901,1.2419265924905711
2208304,Piracuruca,"Comércio varejista de mercadorias em geral, com predominância de produtos alimentícios - supermercados",T1,2013,2025,56.945643179488,48.8163265306122,105.7619697101002
2208304,Piracuruca,Comércio varejista de móveis,T1,2018,2025,13.1832787642195,6.23494938732019,19.41822815153969
2208304,Piracuruca,Comércio varejista de outros produtos não especificados anteriormente,T1,2018,2025,1.12812079930717,0.516782099094299,1.6449028984014689
2208304,Piracuruca,Comércio varejista de produtos alimentícios em geral ou especializado em produtos alimentícios não especificados anteriormente,T1,2013,2025,0.66069702970297,0.224489795918367,0.885186825621337
2208304,Piracuruca,Comércio varejista de tecidos,T1,2022,2025,1.22512414934707,0.322324966974901,1.547449116321971
2208304,Piracuruca,Comércio varejista especializado de eletrodomésticos e equipamentos de áudio e vídeo,T1,2013,2025,13.7763499372122,11.4489795918367,25.2253295290489
2208304,Piracuruca,Comércio varejista especializado de equipamentos de telefonia e comunicação,T1,2018,2025,3.88145290568103,3.0335641981886,6.91501710386963
2208304,Piracuruca,Construção de edifícios,T1,2013,2025,45.8747860973726,12.3061224489796,58.1809085463522
2208304,Piracuruca,Construção de rodovias e ferrovias,T1,2018,2025,20.5306356251302,20.5167820990943,41.0474177242245
2208304,Piracuruca,Criação de bovinos para corte,T1,2013,2025,20.8181134558443,20.2244897959184,41.0426032517627
2208304,Piracuruca,Criação de suínos,T1,2022,2025,1.03327391562686,0.0964332892998679,1.1297072049267278
2208304,Piracuruca,Cultivo de soja,T1,2022,2025,18.3862956297794,10.7054161162483,29.0917117460277
2208304,Piracuruca,Educação infantil - pré-escola,T1,2013,2025,59.6640135649841,58.8979591836735,118.56197274865761
2208304,Piracuruca,Educação profissional de nível técnico,T1,2013,2025,0.259056303856772,0.224489795918367,0.48354609977513896
2208304,Piracuruca,Ensino fundamental,T1,2013,2025,5.53140408246685,8.22448979591837,13.75589387838522
2208304,Piracuruca,"Fabricação de artefatos de cerâmica e barro cozido para uso na construção, exceto azulejos e pisos",T1,2022,2025,29.1498044443327,25.0634081902246,54.213212634557294
2208304,Piracuruca,Fabricação de artefatos de joalheria e ourivesaria,T1,2022,2025,4.02207594936709,3.77410832232497,7.796184271692059
2208304,Piracuruca,Fabricação de artefatos para pesca e esporte,T1,2022,2025,0.511515151515151,0.548216644649934,1.0597317961650852
2208304,Piracuruca,"Fabricação de artigos do vestuário, produzidos em malharias e tricotagens, exceto meias",T1,2013,2025,4.90891268285326,1.6734693877551,6.58238207060836
2208304,Piracuruca,"Fabricação de letras, letreiros e placas de qualquer material, exceto luminosos",T1,2018,2025,2.76353928299008,2.5503462972829,5.31388558027298
2208304,Piracuruca,Fabricação de móveis com predominância de madeira,T1,2013,2025,10.010318134435,9.22448979591837,19.23480793035337
2208304,Piracuruca,Fabricação de painéis e letreiros luminosos,T1,2018,2025,3.10904255319149,3.0335641981886,6.1426067513800895
2208304,Piracuruca,Fabricação de produtos de padaria e confeitaria com predominância de produção própria,T1,2018,2025,49.1076846555583,59.2013851891316,108.3090698446899
2208304,Piracuruca,Fabricação de sorvetes e outros gelados comestíveis,T1,2018,2025,5.67075271401674,5.5167820990943,11.18753481311104
2208304,Piracuruca,"Facção de peças do vestuário, exceto roupas íntimas",T1,2022,2025,5.02781956249887,4.77410832232497,9.80192788482384
2208304,Piracuruca,"Instalações hidráulicas, sanitárias e de gás",T1,2022,2025,3.07981149858624,3.09643328929987,6.176244787886111
2208304,Piracuruca,Laboratórios clínicos,T1,2013,2025,14.2608725713891,14.2244897959184,28.485362367307502
2208304,Piracuruca,"Lanchonetes, casas de chá, de sucos e similares",T1,2013,2025,12.8893907683712,12.2244897959184,25.1138805642896
2208304,Piracuruca,Locação de automóveis sem condutor,T1,2018,2025,1.8938098495212,2.5167820990943,4.4105919486155
2208304,Piracuruca,"Lojas de variedades, exceto lojas de departamentos ou magazines",T1,2022,2025,1.62311812799549,1.54821664464993,3.17133477264542
2208304,Piracuruca,Manutenção e reparação de motocicletas e motonetas,T1,2018,2025,0.777243348865174,0.0335641981885988,0.8108075470537728
2208304,Piracuruca,Motéis,T1,2013,2025,6.25791918069228,5.22448979591837,11.48240897661065
2208304,Piracuruca,Perfuração e construção de poços de água,T1,2022,2025,0.925452976704055,0.548216644649934,1.473669621353989
2208304,Piracuruca,Provedores de acesso às redes de comunicações,T1,2018,2025,3.39515013426642,2.1006925945658,5.49584272883222
2208304,Piracuruca,Restaurantes e similares,T1,2013,2025,10.6881073899586,10.2244897959184,20.912597185876997
2208304,Piracuruca,Serviços de comunicação multimídia - SCM,T1,2013,2025,23.1813610459269,36.2244897959184,59.4058508418453
2208304,Piracuruca,"Serviços de instalação, manutenção e reparação de acessórios para veículos automotores",T1,2022,2025,0.685036242676993,0.548216644649934,1.233252887326927
2208304,Piracuruca,Serviços de manutenção e reparação mecânica de veículos automotores,T1,2013,2025,4.71554159872128,4.22448979591837,8.94003139463965
2208304,Piracuruca,Transporte escolar,T1,2018,2025,0.364467154719206,0.516782099094299,0.8812492538135049
2208304,Piracuruca,"Transporte rodoviário de carga, exceto produtos perigosos e mudanças, intermunicipal, interestadual e internacional",T1,2013,2025,4.9149507941509,4.44897959183673,9.36393038598763
2208304,Piracuruca,Transporte rodoviário de produtos perigosos,T1,2022,2025,1.75736650272264,1.3223249669749,3.07969146969754
2208403,Piripiri,Agências de viagens,T1,2013,2025,7.21715790243546,5.92876434841323,13.14592225084869
2208403,Piripiri,"Aparelhamento de placas e execução de trabalhos em mármore, granito, ardósia e outras pedras",T1,2022,2025,3.98695003728561,2.40892624257354,6.39587627985915
2208403,Piripiri,Apart-hotéis,T1,2022,2025,1.86165109820752,1.68178524851471,3.5434363467222303
2208403,Piripiri,Atividade médica ambulatorial com recursos para realização de exames complementares,T1,2022,2025,7.02248098726913,4.81785248514708,11.84033347241621
2208403,Piripiri,Atividade médica ambulatorial com recursos para realização de procedimentos cirúrgicos,T1,2018,2025,4.35832274459975,4.48818897637795,8.8465117209777
2208403,Piripiri,Atividade médica ambulatorial restrita a consultas,T1,2018,2025,20.5150335924794,19.0925196850394,39.607553277518804
2208403,Piripiri,Atividade odontológica com recursos para realização de procedimentos cirúrgicos,T1,2013,2025,25.5032205735006,29.7150573936529,55.2182779671535
2208403,Piripiri,Atividades de apoio à pecuária não especificadas anteriormente,T1,2022,2025,0.823723623139863,0.363570497029416,1.187294120169279
2208403,Piripiri,Atividades de associações de defesa de direitos sociais,T1,2013,2025,25.0301703149705,18.5383187035787,43.5684890185492
2208403,Piripiri,Atividades de cobrança e informações cadastrais,T1,2013,2025,46.9947953771867,46.4643821742066,93.4591775513933
2208403,Piripiri,Atividades de condicionamento físico,T1,2013,2025,15.4525258881304,16.9287643484132,32.3812902365436
2208403,Piripiri,Atividades de consultoria e auditoria contábil e tributária,T1,2022,2025,0.845713631681355,0.681785248514708,1.5274988801960632
2208403,Piripiri,"Atividades de consultoria em gestão empresarial, exceto consultoria técnica específica",T1,2013,2025,11.8796923930709,12.9287643484132,24.8084567414841
2208403,Piripiri,Atividades de contabilidade,T1,2022,2025,9.95437055488185,3.36284596435299,13.31721651923484
2208403,Piripiri,Atividades de estética e outros serviços de cuidados com a beleza,T1,2018,2025,3.38941558973799,2.74409448818898,6.13351007792697
2208403,Piripiri,Atividades de fisioterapia,T1,2018,2025,6.36717165177608,6.37204724409449,12.73921889587057
2208403,Piripiri,Atividades de organizações associativas patronais e empresariais,T1,2018,2025,0.747705174406745,0.372047244094488,1.119752418501233
2208403,Piripiri,Atividades de organizações religiosas,T1,2013,2025,6.4966182819023,0.179439567859555,6.676057849761856
2208403,Piripiri,Atividades de rádio,T1,2022,2025,7.05744938570687,1.22677872772062,8.28422811342749
2208403,Piripiri,Atividades veterinárias,T1,2022,2025,8.10964776045226,7.72714099405883,15.83678875451109
2208403,Piripiri,"Bares e outros estabelecimentos especializados em servir bebidas, sem entretenimento",T1,2018,2025,8.31675409214435,13.488188976378,21.80494306852235
2208403,Piripiri,Cabeleireiros,T1,2022,2025,3.9756,3.68178524851471,7.65738524851471
2208403,Piripiri,Cartórios,T1,2018,2025,6.83559803668303,3.83661417322835,10.672212209911379
2208403,Piripiri,Casas lotéricas,T1,2013,2025,7.11804467084639,1.57258609047941,8.6906307613258
2208403,Piripiri,Chaveiros,T1,2022,2025,0.991644385026738,0.681785248514708,1.673429633541446
2208403,Piripiri,"Clubes sociais, esportivos e similares",T1,2013,2025,2.54796460176991,0.25067521944632,2.79863982121623
2208403,Piripiri,Coleta de resíduos não-perigosos,T1,2022,2025,0.760793179837924,0.363570497029416,1.1243636768673402
2208403,Piripiri,"Comercio varejista de artigos de cama, mesa e banho",T1,2018,2025,7.99405414382993,7.37204724409449,15.36610138792442
2208403,Piripiri,Comércio a varejo de peças e acessórios novos para motocicletas e motonetas,T1,2018,2025,16.8361196775415,17.3720472440945,34.208166921636
2208403,Piripiri,Comércio a varejo de peças e acessórios novos para veículos automotores,T1,2013,2025,33.4292059966685,19.9314652261985,53.360671222867
2208403,Piripiri,Comércio atacadista de alimentos para animais,T1,2018,2025,18.4152771050993,17.488188976378,35.903466081477305
2208403,Piripiri,Comércio atacadista de cereais e leguminosas beneficiados,T1,2013,2025,123.167332362201,121.17943956786,244.34677193006098
2208403,Piripiri,"Comércio atacadista de cerveja, chope e refrigerante",T1,2022,2025,87.0217203348727,86.6817852485147,173.7035055833874
2208403,Piripiri,Comércio atacadista de cosméticos e produtos de perfumaria,T1,2013,2025,18.5643263384977,18.8575286968265,37.4218550353242
2208403,Piripiri,"Comércio atacadista de instrumentos e materiais para uso médico, cirúrgico, hospitalar e de laboratórios",T1,2022,2025,1.87221894965789,1.68178524851471,3.5540041981726
2208403,Piripiri,"Comércio atacadista de mercadorias em geral, sem predominância de alimentos ou de insumos agropecuários",T1,2013,2025,21.1698093004829,17.8575286968265,39.0273379973094
2208403,Piripiri,"Comércio atacadista de tintas, vernizes e similares",T1,2013,2025,11.7374759152216,10.2506752194463,21.988151134667902
2208403,Piripiri,Comércio por atacado de peças e acessórios para motocicletas e motonetas,T1,2018,2025,2.7264175257732,2.37204724409449,5.09846476986769
2208403,Piripiri,Comércio sob consignação de motocicletas e motonetas,T1,2018,2025,1.1588785046729,0.372047244094488,1.530925748767388
2208403,Piripiri,Comércio sob consignação de veículos automotores,T1,2013,2025,0.0930499712808731,0.464382174206617,0.5574321454874901
2208403,Piripiri,Comércio varejista de animais vivos e de artigos e alimentos para animais de estimação,T1,2018,2025,3.17615417667934,2.74409448818898,5.9202486648683195
2208403,Piripiri,Comércio varejista de artigos de joalheria,T1,2013,2025,0.870220232333011,0.464382174206617,1.334602406539628
2208403,Piripiri,Comércio varejista de artigos de papelaria,T1,2018,2025,17.5006599472042,15.488188976378,32.9888489235822
2208403,Piripiri,Comércio varejista de artigos de óptica,T1,2013,2025,7.74970182828328,5.07393652937205,12.82363835765533
2208403,Piripiri,Comércio varejista de bebidas,T1,2013,2025,11.6696418852727,10.9287643484132,22.5984062336859
2208403,Piripiri,"Comércio varejista de bicicletas e triciclos, peças e acessórios",T1,2018,2025,3.92839471265993,3.37204724409449,7.300441956754421
2208403,Piripiri,Comércio varejista de brinquedos e artigos recreativos,T1,2022,2025,3.13705729916499,0.772496739602956,3.909554038767946
2208403,Piripiri,Comércio varejista de combustíveis para veículos automotores,T1,2013,2025,25.9300728450374,4.32731262660365,30.25738547164105
2208403,Piripiri,"Comércio varejista de cosméticos, produtos de perfumaria e de higiene pessoal",T1,2013,2025,11.3220338983051,9.5725860904794,20.8946199887845
2208403,Piripiri,"Comércio varejista de doces, balas, bombons e semelhantes",T1,2018,2025,1.70440277981902,0.116141732283464,1.820544512102484
2208403,Piripiri,Comércio varejista de hortifrutigranjeiros,T1,2013,2025,10.8450517092789,10.9287643484132,21.773816057692102
2208403,Piripiri,Comércio varejista de laticínios e frios,T1,2018,2025,41.8587624795533,31.5807086614173,73.4394711409706
2208403,Piripiri,Comércio varejista de madeira e artefatos,T1,2013,2025,6.03493101928748,4.39314652261985,10.428077541907331
2208403,Piripiri,Comércio varejista de materiais de construção em geral,T1,2018,2025,59.894019184469,50.9291338582677,110.82315304273669
2208403,Piripiri,Comércio varejista de material elétrico,T1,2013,2025,5.57901015691018,3.85752869682647,9.43653885373665
2208403,Piripiri,Comércio varejista de medicamentos veterinários,T1,2013,2025,3.84943192834154,2.25067521944632,6.10010714778786
2208403,Piripiri,"Comércio varejista de mercadorias em geral, com predominância de produtos alimentícios - supermercados",T1,2018,2025,182.390710635021,142.600393700787,324.991104335808
2208403,Piripiri,Comércio varejista de mercadorias em lojas de conveniência,T1,2022,2025,4.19558412148661,3.40892624257354,7.60451036406015
2208403,Piripiri,Comércio varejista de produtos alimentícios em geral ou especializado em produtos alimentícios não especificados anteriormente,T1,2013,2025,6.62487920792079,5.25067521944632,11.87555442736711
2208403,Piripiri,"Comércio varejista de produtos farmacêuticos, com manipulação de fórmulas",T1,2018,2025,19.5978986919009,17.2322834645669,36.8301821564678
2208403,Piripiri,"Comércio varejista de produtos farmacêuticos, sem manipulação de fórmulas",T1,2018,2025,39.6658534334159,3.08858267716535,42.754436110581246
2208403,Piripiri,"Comércio varejista de suvenires, bijuterias e artesanatos",T1,2018,2025,2.58592015785208,1.74409448818898,4.33001464604106
2208403,Piripiri,Comércio varejista de tecidos,T1,2018,2025,17.9163346613546,7.83661417322835,25.752948834582952
2208403,Piripiri,Comércio varejista especializado de equipamentos de telefonia e comunicação,T1,2018,2025,26.7036322642026,23.8602362204724,50.563868484675
2208403,Piripiri,"Comércio varejista especializado de peças e acessórios para aparelhos eletroeletrônicos para uso doméstico, exceto informática e comunicação",T1,2018,2025,7.04327352718774,4.86023622047244,11.90350974766018
2208403,Piripiri,"Confecção, sob medida, de peças do vestuário, exceto roupas íntimas",T1,2018,2025,1.12735240165772,0.372047244094488,1.499399645752208
2208403,Piripiri,"Confecção, sob medida, de roupas profissionais",T1,2018,2025,13.3165266106443,4.95275590551181,18.26928251615611
2208403,Piripiri,Construção de edifícios,T1,2013,2025,106.401789999791,79.0396691424713,185.44145914226232
2208403,Piripiri,Criação de bovinos para leite,T1,2022,2025,1.02566497861252,0.363570497029416,1.389235475641936
2208403,Piripiri,Educação infantil - pré-escola,T1,2018,2025,32.1509958267736,2.39173228346456,34.542728110238166
2208403,Piripiri,Extração de minério de ferro,T1,2022,2025,189.262489415749,179.407477177221,368.66996659297
2208403,Piripiri,Fabricação de amidos e féculas de vegetais,T1,2022,2025,11.6267270668177,10.7271409940588,22.3538680608765
2208403,Piripiri,"Fabricação de letras, letreiros e placas de qualquer material, exceto luminosos",T1,2018,2025,7.58784642766336,7.37204724409449,14.95989367175785
2208403,Piripiri,Fabricação de móveis com predominância de madeira,T1,2013,2025,9.04127253773986,6.85752869682647,15.898801234566331
2208403,Piripiri,Fabricação de produtos de padaria e confeitaria com predominância de produção própria,T1,2018,2025,62.3499751305645,89.509842519685,151.8598176502495
2208403,Piripiri,Fabricação de produtos de panificação industrial,T1,2018,2025,16.6018230785167,16.3720472440945,32.9738703226112
2208403,Piripiri,Formação de condutores,T1,2018,2025,12.3528498762928,3.3248031496063,15.6776530258991
2208403,Piripiri,Fornecimento de alimentos preparados preponderantemente para consumo domiciliar,T1,2022,2025,9.15663049475814,9.09071149108825,18.24734198584639
2208403,Piripiri,Imunização e controle de pragas urbanas,T1,2022,2025,0.994261466963023,0.681785248514708,1.676046715477731
2208403,Piripiri,Incorporação de empreendimentos imobiliários,T1,2022,2025,76.5447188065486,76.3635704970294,152.908289303578
2208403,Piripiri,"Lanchonetes, casas de chá, de sucos e similares",T1,2013,2025,27.2302522939397,20.4301147873059,47.660367081245596
2208403,Piripiri,Locação de automóveis sem condutor,T1,2022,2025,1.78888888888889,1.68178524851471,3.4706741374036003
2208403,Piripiri,"Lojas de variedades, exceto lojas de departamentos ou magazines",T1,2022,2025,11.8693543839865,11.0907114910882,22.9600658750747
2208403,Piripiri,Manutenção e reparação de máquinas e equipamentos para agricultura e pecuária,T1,2022,2025,3.0503355704698,2.09071149108825,5.14104706155805
2208403,Piripiri,Montagem de estruturas metálicas,T1,2013,2025,11.0346475065277,10.4643821742066,21.4990296807343
2208403,Piripiri,Motéis,T1,2013,2025,15.0950301683074,5.57258609047941,20.667616258786808
2208403,Piripiri,Obras de alvenaria,T1,2013,2025,16.9152028912333,16.9287643484132,33.8439672396465
2208403,Piripiri,"Obras de urbanização - ruas, praças e calçadas",T1,2018,2025,40.9269296254257,41.1161417322835,82.04307135770921
2208403,Piripiri,Outras atividades de ensino não especificadas anteriormente,T1,2018,2025,34.4195819581958,31.9763779527559,66.3959599109517
2208403,Piripiri,Outras atividades de serviços prestados principalmente às empresas não especificadas anteriormente,T1,2013,2025,15.9650704395837,15.4643821742066,31.4294526137903
2208403,Piripiri,Padaria e confeitaria com predominância de revenda,T1,2013,2025,22.6002589295654,19.3219108710331,41.922169800598496
2208403,Piripiri,Preparação de documentos e serviços especializados de apoio administrativo não especificados anteriormente,T1,2018,2025,6.70055206059828,7.37204724409449,14.072599304692769
2208403,Piripiri,Produção de espetáculos de dança,T1,2022,2025,0.333333333333333,0.363570497029416,0.696903830362749
2208403,Piripiri,Promoção de vendas,T1,2022,2025,7.41853606652485,7.68178524851471,15.10032131503956
2208403,Piripiri,Provedores de acesso às redes de comunicações,T1,2013,2025,11.0180684565466,11.4643821742066,22.4824506307532
2208403,Piripiri,Reparação de jóias,T1,2013,2025,0.78714859437751,0.928764348413234,1.715912942790744
2208403,Piripiri,Reparação e manutenção de computadores e de equipamentos periféricos,T1,2018,2025,1.30949969617176,0.372047244094488,1.681546940266248
2208403,Piripiri,Representantes comerciais e agentes do comércio de mercadorias em geral não especializado,T1,2022,2025,0.894936893913552,0.681785248514708,1.57672214242826
2208403,Piripiri,Restaurantes e similares,T1,2013,2025,145.90051037826,136.504051316678,282.404561694938
2208403,Piripiri,Seguridade social obrigatória,T1,2022,2025,7.39707958140667,9.72714099405883,17.1242205754655
2208403,Piripiri,Serviços advocatícios,T1,2018,2025,9.48806470041334,8.74409448818898,18.232159188602317
2208403,Piripiri,Serviços ambulantes de alimentação,T1,2013,2025,4.748378438828,2.92876434841323,7.67714278724123
2208403,Piripiri,Serviços de comunicação multimídia - SCM,T1,2018,2025,14.6748075524686,16.3720472440945,31.0468547965631
2208403,Piripiri,Serviços de confecção de armações metálicas para a construção,T1,2022,2025,1.17739025856885,2.09071149108825,3.2681017496570997
2208403,Piripiri,"Serviços de diagnóstico por imagem com uso de radiação ionizante, exceto tomografia",T1,2013,2025,28.5034482758621,28.4643821742066,56.9678304500687
2208403,Piripiri,Serviços de funerárias,T1,2013,2025,6.83455206137006,17.5752869682647,24.40983902963476
2208403,Piripiri,Serviços de manutenção e reparação mecânica de veículos automotores,T1,2018,2025,6.3286491387126,5.74409448818898,12.07274362690158
2208403,Piripiri,"Serviços de organização de feiras, congressos, exposições e festas",T1,2022,2025,0.645440546052358,2.36357049702942,3.0090110430817782
2208403,Piripiri,Serviços de pré-impressão,T1,2018,2025,8.21873528950259,3.23228346456693,11.45101875406952
2208403,Piripiri,Serviços de prótese dentária,T1,2022,2025,3.98232999311558,3.68178524851471,7.66411524163029
2208403,Piripiri,"Transporte rodoviário coletivo de passageiros, sob regime de fretamento, intermunicipal, interestadual e internacional",T1,2022,2025,5.81188483428189,5.68178524851471,11.4936700827966
2208403,Piripiri,"Transporte rodoviário de carga, exceto produtos perigosos e mudanças, intermunicipal, interestadual e internacional",T1,2022,2025,155.544406805644,155.045355745544,310.58976255118796
2208403,Piripiri,"Transporte rodoviário de carga, exceto produtos perigosos e mudanças, municipal",T1,2022,2025,25.8696408995781,25.0907114910882,50.9603523906663
2208403,Piripiri,Treinamento em desenvolvimento profissional e gerencial,T1,2022,2025,5.6947953584086,5.68178524851471,11.376580606923309
2208502,Porto,Administração pública em geral,T1,2013,2025,328.843996692961,208.131355932203,536.9753526251641
2208502,Porto,Atividades do Correio Nacional,T2,2018,2025,0.390094445693726,0.296829971181556,0.6869244168752819
2208502,Porto,"Bancos múltiplos, com carteira comercial",T2,2018,2025,0.322113616352552,0.296829971181556,0.618943587534108
2208502,Porto,Cartórios,T2,2022,2025,2.77009575049215,3.31863442389758,6.08873017438973
2208502,Porto,Casas lotéricas,T2,2018,2025,2.17381522758046,2.29682997118156,4.4706451987620195
2208502,Porto,Comércio varejista de artigos do vestuário e acessórios,T2,2018,2025,7.29793132580658,7.74207492795389,15.04000625376047
2208502,Porto,Comércio varejista de carnes - açougues,T2,2022,2025,0.894388471637052,1.31863442389758,2.213022895534632
2208502,Porto,Comércio varejista de materiais de construção em geral,T1,2013,2025,8.76362862491478,7.49576271186441,16.25939133677919
2208502,Porto,"Comércio varejista de mercadorias em geral, com predominância de produtos alimentícios - minimercados, mercearias e armazéns",T2,2018,2025,8.19499141937604,9.89048991354467,18.085481332920708
2208502,Porto,Comércio varejista de móveis,T2,2018,2025,2.1178220627125,3.335734870317,5.4535569330295
2208502,Porto,Comércio varejista especializado de eletrodomésticos e equipamentos de áudio e vídeo,T2,2018,2025,0.411146379111681,0.296829971181556,0.707976350293237
2208502,Porto,Fabricação de produtos de padaria e confeitaria com predominância de produção própria,T2,2022,2025,4.64262878080322,5.47795163584637,10.12058041664959
2208502,Porto,"Lojas de departamentos ou magazines, exceto lojas francas (Duty free)",T2,2018,2025,4.26696317568159,5.03890489913545,9.30586807481704
2208502,Porto,Serviços de comunicação multimídia - SCM,T2,2022,2025,11.4464192368008,14.5931721194879,26.0395913562887
2208551,Porto Alegre do Piauí,Administração pública em geral,T1,2013,2025,158.524776895714,50.4588235294118,208.98360042512581
2208551,Porto Alegre do Piauí,Comércio varejista de combustíveis para veículos automotores,T1,2022,2025,0.904938291618035,0.413145539906103,1.3180838315241379
2208601,Prata do Piauí,Comércio varejista de materiais de construção em geral,T2,2013,2025,1.76362862491478,1.93525179856115,3.69888042347593
2208601,Prata do Piauí,Comércio varejista de produtos alimentícios em geral ou especializado em produtos alimentícios não especificados anteriormente,T2,2022,2025,0.825662395388409,0.993197278911565,1.8188596742999739
2208601,Prata do Piauí,Comércio varejista de tecidos,T2,2022,2025,1.07504138311569,0.993197278911565,2.068238662027255
2208601,Prata do Piauí,Fabricação de produtos de padaria e confeitaria com predominância de produção própria,T2,2022,2025,0.761752520535479,0.986394557823129,1.748147078358608
2208601,Prata do Piauí,"Lojas de departamentos ou magazines, exceto lojas francas (Duty free)",T2,2018,2025,3.22882557915565,3.51851851851852,6.74734409767417
2208650,Queimada Nova,Administração pública em geral,T2,2022,2025,279.214289555605,332.22360953462,611.437899090225
2208650,Queimada Nova,Atividades do Correio Nacional,T2,2022,2025,1.10875158204868,0.967082860385925,2.075834442434605
2208650,Queimada Nova,Casas lotéricas,T2,2022,2025,1.39151392525589,0.901248581157775,2.292762506413665
2208650,Queimada Nova,Comércio varejista de madeira e artefatos,T1,2013,2025,5.01164367309583,3.79661016949153,8.80825384258736
2208650,Queimada Nova,Comércio varejista de materiais de construção em geral,T1,2018,2025,13.727920663431,6.73469387755102,20.46261454098202
2208650,Queimada Nova,Comércio varejista de medicamentos veterinários,T2,2022,2025,1.02805247225025,0.967082860385925,1.995135332636175
2208650,Queimada Nova,"Comércio varejista de mercadorias em geral, com predominância de produtos alimentícios - minimercados, mercearias e armazéns",T2,2022,2025,1.75897381003354,1.76958002270148,3.52855383273502
2208650,Queimada Nova,"Comércio varejista de produtos farmacêuticos, sem manipulação de fórmulas",T1,2018,2025,17.2473975288685,13.0408163265306,30.2882138553991
2208650,Queimada Nova,Construção de edifícios,T2,2022,2025,2.77622008525119,2.93416572077185,5.71038580602304
2208650,Queimada Nova,"Fabricação de letras, letreiros e placas de qualquer material, exceto luminosos",T2,2022,2025,0.785239992411307,0.8683314415437,1.653571433955007
2208650,Queimada Nova,"Lanchonetes, casas de chá, de sucos e similares",T2,2022,2025,1.86942137687971,1.93416572077185,3.80358709765156
2208650,Queimada Nova,Padaria e confeitaria com predominância de revenda,T2,2022,2025,5.86713723439792,5.8683314415437,11.73546867594162
2208650,Queimada Nova,Serviços combinados de escritório e apoio administrativo,T2,2022,2025,0.0834109692620215,9.30874006810443,9.392151037366451
2208650,Queimada Nova,Serviços de comunicação multimídia - SCM,T2,2022,2025,0.135703084161004,1.6049943246311,1.740697408792104
2208650,Queimada Nova,Serviços de operação e fornecimento de equipamentos para transporte e elevação de cargas e pessoas para uso em obras,T2,2022,2025,4.4666912714523,4.93416572077185,9.40085699222415
2208700,Redenção do Gurguéia,Administração pública em geral,T1,2013,2025,210.920397485979,115.682333873582,326.602731359561
2208700,Redenção do Gurguéia,Cartórios,T1,2022,2025,4.77009575049215,4.65340909090909,9.42350484140124
2208700,Redenção do Gurguéia,Comércio varejista de combustíveis para veículos automotores,T1,2013,2025,19.6370515686898,19.322528363047,38.9595799317368
2208700,Redenção do Gurguéia,Comércio varejista de materiais de construção em geral,T1,2013,2025,1.76362862491478,1.6612641815235,3.42489280643828
2208700,Redenção do Gurguéia,"Comércio varejista de mercadorias em geral, com predominância de produtos alimentícios - supermercados",T1,2013,2025,18.6214791432885,18.290113452188,36.9115925954765
2208700,Redenção do Gurguéia,"Comércio varejista de produtos farmacêuticos, sem manipulação de fórmulas",T1,2013,2025,7.52463000559037,7.6612641815235,15.18589418711387
2208700,Redenção do Gurguéia,Criação de bovinos para corte,T1,2018,2025,6.87905499526383,6.33467741935484,13.213732414618669
2208700,Redenção do Gurguéia,Criação de peixes em água doce,T1,2022,2025,7.61139705882353,7.65340909090909,15.264806149732621
2208700,Redenção do Gurguéia,Cultivo de arroz,T1,2022,2025,1.09763175623154,0.480113636363636,1.577745392595176
2208700,Redenção do Gurguéia,"Lojas de departamentos ou magazines, exceto lojas francas (Duty free)",T1,2022,2025,4.50886765575669,2.96022727272727,7.46909492848396
2208809,Regeneração,Administração pública em geral,T1,2022,2025,334.487740514855,188.97251908397,523.460259598825
2208809,Regeneração,"Aparelhamento de placas e execução de trabalhos em mármore, granito, ardósia e outras pedras",T1,2022,2025,0.997390007457122,0.476335877862595,1.473725885319717
2208809,Regeneração,Atividades associativas não especificadas anteriormente,T1,2022,2025,4.85515354813155,3.95267175572519,8.80782530385674
2208809,Regeneração,Atividades de contabilidade,T1,2013,2025,1.43495406081454,0.780645161290323,2.215599222104863
2208809,Regeneração,Cartórios,T1,2022,2025,1.65514362573823,0.429007633587786,2.084151259326016
2208809,Regeneração,Coleta de resíduos não-perigosos,T1,2018,2025,64.5739605816646,71.6426966292135,136.2166572108781
2208809,Regeneração,Comercio varejista de artigos de armarinho,T1,2018,2025,2.27003176172997,1.00973782771536,3.27976958944533
2208809,Regeneração,Comércio a varejo de peças e acessórios novos para motocicletas e motonetas,T1,2018,2025,1.83611967754152,2.50486891385768,4.3409885913992
2208809,Regeneração,Comércio por atacado de peças e acessórios para motocicletas e motonetas,T1,2018,2025,6.45283505154639,6.00973782771536,12.46257287926175
2208809,Regeneração,Comércio varejista de brinquedos e artigos recreativos,T1,2018,2025,2.0910333228214,1.00973782771536,3.10077115053676
2208809,Regeneração,Comércio varejista de calçados,T1,2013,2025,2.48030894665992,0.780645161290323,3.2609541079502433
2208809,Regeneração,Comércio varejista de combustíveis para veículos automotores,T1,2018,2025,3.52802237147863,0.048689138576779,3.576711510055409
2208809,Regeneração,Comércio varejista de hortifrutigranjeiros,T1,2022,2025,7.86038450543167,6.42900763358779,14.289392139019458
2208809,Regeneração,Comércio varejista de materiais de construção em geral,T1,2018,2025,17.9646730614897,16.0389513108614,34.0036243723511
2208809,Regeneração,"Comércio varejista de mercadorias em geral, com predominância de produtos alimentícios - minimercados, mercearias e armazéns",T1,2013,2025,34.6185780423811,19.8806451612903,54.499223203671406
2208809,Regeneração,Comércio varejista de móveis,T1,2013,2025,8.13204018208522,0.512903225806452,8.644943407891672
2208809,Regeneração,"Comércio varejista de produtos farmacêuticos, sem manipulação de fórmulas",T1,2013,2025,24.0492600111807,23.7806451612903,47.829905172471
2208809,Regeneração,Comércio varejista especializado de eletrodomésticos e equipamentos de áudio e vídeo,T1,2013,2025,9.16452490581833,6.17096774193548,15.33549264775381
2208809,Regeneração,Construção de edifícios,T1,2018,2025,6.49476313512438,6.50486891385768,12.999632048982061
2208809,Regeneração,Cultivo de soja,T1,2013,2025,131.314209983278,150.08064516129,281.394855144568
2208809,Regeneração,Fabricação de produtos de padaria e confeitaria com predominância de produção própria,T1,2022,2025,7.88087626026774,7.4763358778626,15.35721213813034
2208809,Regeneração,"Lanchonetes, casas de chá, de sucos e similares",T1,2013,2025,1.88939076837123,1.39032258064516,3.27971334901639
2208809,Regeneração,"Obras de urbanização - ruas, praças e calçadas",T1,2022,2025,0.828242773808744,0.476335877862595,1.304578651671339
2208809,Regeneração,Transporte rodoviário de produtos perigosos,T1,2018,2025,4.25824642504073,4.00973782771536,8.26798425275609
2208858,Riacho Frio,"Comércio varejista de mercadorias em geral, com predominância de produtos alimentícios - minimercados, mercearias e armazéns",T1,2013,2025,1.67385321468976,0.037037037037037,1.710890251726797
2208874,Ribeira do Piauí,Administração pública em geral,T1,2022,2025,49.7272759865741,7.90566037735848,57.63293636393258
2208874,Ribeira do Piauí,Comércio varejista de combustíveis para veículos automotores,T1,2018,2025,4.85280223714786,4.32183908045977,9.17464131760763
2208874,Ribeira do Piauí,Comércio varejista de materiais de construção em geral,T1,2022,2025,2.00031369348188,1.62264150943396,3.62295520291584
2208874,Ribeira do Piauí,"Comércio varejista de produtos farmacêuticos, sem manipulação de fórmulas",T1,2018,2025,1.74913250962284,1.32183908045977,3.07097159008261
2208874,Ribeira do Piauí,Fabricação de águas envasadas,T1,2022,2025,2.49977125080062,0.981132075471698,3.4809033262723177
2208908,Ribeiro Gonçalves,Administração pública em geral,T1,2018,2025,261.619942821278,87.1459854014599,348.7659282227379
2208908,Ribeiro Gonçalves,Cartórios,T2,2013,2025,2.92695127479639,5.59215442092154,8.51910569571793
2208908,Ribeiro Gonçalves,Comércio varejista de artigos do vestuário e acessórios,T1,2022,2025,5.99232264211263,5.71868787276342,11.711010514876051
2208908,Ribeiro Gonçalves,Comércio varejista de combustíveis para veículos automotores,T2,2013,2025,12.2741031373795,13.7895392278954,26.0636423652749
2208908,Ribeiro Gonçalves,Comércio varejista de medicamentos veterinários,T1,2018,2025,8.92042143017261,6.86374695863747,15.78416838881008
2208908,Ribeiro Gonçalves,"Comércio varejista de mercadorias em geral, com predominância de produtos alimentícios - minimercados, mercearias e armazéns",T1,2022,2025,0.965567687147649,0.718687872763419,1.684255559911068
2208908,Ribeiro Gonçalves,Comércio varejista de móveis,T2,2013,2025,5.71068006069507,5.59215442092154,11.30283448161661
2208908,Ribeiro Gonçalves,"Comércio varejista de produtos farmacêuticos, sem manipulação de fórmulas",T2,2013,2025,0.573890016771118,2.59215442092154,3.166044437692658
2208908,Ribeiro Gonçalves,Comércio varejista especializado de equipamentos e suprimentos de informática,T1,2022,2025,1.09043331901502,0.718687872763419,1.8091211917784389
2208908,Ribeiro Gonçalves,Construção de edifícios,T2,2013,2025,57.4492607316513,58.1712328767123,115.6204936083636
2208908,Ribeiro Gonçalves,Criação de bovinos para corte,T1,2022,2025,6.007244247361,5.43737574552684,11.44461999288784
2208908,Ribeiro Gonçalves,Cultivo de milho,T1,2022,2025,8.97079540703097,12.0596421471173,21.03043755414827
2208908,Ribeiro Gonçalves,Cultivo de outros cereais não especificados anteriormente,T1,2018,2025,11.4453012638086,6.72749391727494,18.17279518108354
2208908,Ribeiro Gonçalves,Hotéis,T1,2022,2025,1.7230049418309,1.43737574552684,3.16038068735774
2208908,Ribeiro Gonçalves,"Serviço de preparação de terreno, cultivo e colheita",T1,2022,2025,10.3445824212015,9.87475149105368,20.21933391225518
2209005,Rio Grande do Piauí,"Bares e outros estabelecimentos especializados em servir bebidas, sem entretenimento",T2,2022,2025,0.036705087854597,0.089058524173028,0.12576361202762498
2209005,Rio Grande do Piauí,Cartórios,T2,2022,2025,1.88504787524608,2.08905852417303,3.97410639941911
2209005,Rio Grande do Piauí,Comercio varejista de artigos de armarinho,T2,2018,2025,0.135015880864984,0.0110497237569061,0.1460656046218901
2209005,Rio Grande do Piauí,"Comércio varejista de mercadorias em geral, com predominância de produtos alimentícios - minimercados, mercearias e armazéns",T2,2018,2025,5.79248712906406,7.09944751381215,12.89193464287621
2209005,Rio Grande do Piauí,Comércio varejista de móveis,T2,2022,2025,2.2086961876562,2.53435114503817,4.7430473326943705
2209005,Rio Grande do Piauí,"Comércio varejista de produtos farmacêuticos, sem manipulação de fórmulas",T2,2018,2025,1.99653003849138,3.04419889502762,5.040728933519
2209005,Rio Grande do Piauí,Comércio varejista de vidros,T2,2022,2025,0.01932952360888,0.089058524173028,0.108388047781908
2209005,Rio Grande do Piauí,Construção de edifícios,T2,2013,2025,1.13175097560467,0.901840490797546,2.033591466402216
2209104,Santa Cruz do Piauí,Administração pública em geral,T1,2013,2025,372.766528659608,361.157303370787,733.923832030395
2209104,Santa Cruz do Piauí,"Atividades de atendimento hospitalar, exceto pronto-socorro e unidades para atendimento a urgências",T1,2013,2025,28.4997171054558,12.2359550561798,40.7356721616356
2209104,Santa Cruz do Piauí,Atividades do Correio Nacional,T1,2018,2025,1.39009444569373,0.128205128205128,1.518299573898858
2209104,Santa Cruz do Piauí,Comércio varejista de combustíveis para veículos automotores,T1,2018,2025,3.85280223714786,3.56410256410256,7.4169048012504195
2209104,Santa Cruz do Piauí,Comércio varejista de materiais de construção em geral,T1,2022,2025,5.00094108044563,3.16230366492147,8.1632447453671
2209104,Santa Cruz do Piauí,"Comércio varejista de mercadorias em geral, com predominância de produtos alimentícios - hipermercados",T1,2018,2025,2.52626140408207,2.56410256410256,5.090363968184629
2209104,Santa Cruz do Piauí,Comércio varejista de móveis,T1,2018,2025,5.01309134030139,4.56410256410256,9.57719390440395
2209104,Santa Cruz do Piauí,Construção de rodovias e ferrovias,T1,2013,2025,20.2625388991252,8.15730337078652,28.41984226991172
2209153,Santa Cruz dos Milagres,Atividades de organizações religiosas,T2,2022,2025,1.39448414570114,0.538720538720539,1.9332046844216793
2209153,Santa Cruz dos Milagres,Comércio varejista de móveis,T1,2013,2025,2.71068006069507,0.812765957446808,3.523446018141878
2209153,Santa Cruz dos Milagres,"Comércio varejista de produtos farmacêuticos, sem manipulação de fórmulas",T1,2018,2025,6.74913250962284,6.60425531914894,13.35338782877178
2209153,Santa Cruz dos Milagres,Criação de caprinos,T1,2018,2025,0.846761453396524,0.604255319148936,1.4510167725454601
2209203,Santa Filomena,Atividades de apoio à agricultura não especificadas anteriormente,T1,2022,2025,15.9462484997364,15.8402718776551,31.7865203773915
2209203,Santa Filomena,Cartórios,T1,2022,2025,1.42523937623038,1.20135938827528,2.62659876450566
2209203,Santa Filomena,Comércio varejista de combustíveis para veículos automotores,T1,2022,2025,1.90493829161803,1.84027187765506,3.74521016927309
2209203,Santa Filomena,Comércio varejista de materiais de construção em geral,T1,2013,2025,7.76362862491478,6.61780104712042,14.3814296720352
2209203,Santa Filomena,"Comércio varejista de mercadorias em geral, com predominância de produtos alimentícios - minimercados, mercearias e armazéns",T1,2018,2025,5.73166380645868,2.72972972972973,8.46139353618841
2209203,Santa Filomena,"Comércio varejista de produtos farmacêuticos, sem manipulação de fórmulas",T1,2013,2025,6.57389001677112,3.85340314136126,10.42729315813238
2209203,Santa Filomena,Construção de edifícios,T1,2022,2025,48.8881100426256,48.8402718776551,97.7283819202807
2209203,Santa Filomena,Construção de rodovias e ferrovias,T1,2022,2025,1.26852491014258,0.722175021240442,1.990699931383022
2209203,Santa Filomena,Criação de bovinos para corte,T1,2018,2025,2.87905499526383,1.36486486486486,4.24391986012869
2209203,Santa Filomena,Cultivo de arroz,T1,2018,2025,35.149361283983,5.2027027027027,40.3520639866857
2209203,Santa Filomena,Cultivo de milho,T1,2018,2025,116.138350081795,120.554054054054,236.69240413584902
2209203,Santa Filomena,Cultivo de outros cereais não especificados anteriormente,T1,2022,2025,13.0194428930466,10.5624468988955,23.5818897919421
2209203,Santa Filomena,Cultivo de soja,T1,2022,2025,151.271675629463,112.879354290569,264.151029920032
2209203,Santa Filomena,Extração de calcário e dolomita e beneficiamento associado,T1,2018,2025,21.1801753919745,18.7297297297297,39.9099051217042
2209203,Santa Filomena,"Transporte rodoviário de carga, exceto produtos perigosos e mudanças, intermunicipal, interestadual e internacional",T1,2022,2025,4.54440680564398,4.52081563296517,9.065222438609151
2209302,Santa Luz,Administração pública em geral,T1,2013,2025,324.403901013767,37.8838028169014,362.28770383066836
2209302,Santa Luz,Comércio varejista de combustíveis para veículos automotores,T1,2018,2025,13.5584067114436,10.911528150134,24.4699348615776
2209302,Santa Luz,Comércio varejista de materiais de construção em geral,T1,2013,2025,4.76362862491478,3.33450704225352,8.0981356671683
2209302,Santa Luz,"Comércio varejista de mercadorias em geral, com predominância de produtos alimentícios - minimercados, mercearias e armazéns",T1,2018,2025,4.86583190322934,3.97050938337802,8.836341286607361
2209302,Santa Luz,Comércio varejista de móveis,T1,2018,2025,6.01309134030139,4.97050938337802,10.983600723679409
2209302,Santa Luz,"Comércio varejista de produtos farmacêuticos, sem manipulação de fórmulas",T1,2013,2025,3.57389001677112,0.0035211267605639,3.577411143531684
2209302,Santa Luz,"Criação de bovinos, exceto para corte e leite",T1,2022,2025,6.82379326504653,2.14225053078556,8.966043795832089
2209302,Santa Luz,"Fabricação de artefatos de cerâmica e barro cozido para uso na construção, exceto azulejos e pisos",T1,2018,2025,21.2869916509561,8.64611260053619,29.93310425149229
2209302,Santa Luz,Serviço de manejo de animais,T1,2022,2025,2.05482940078085,1.17834394904459,3.23317334982544
2209377,Santa Rosa do Piauí,Atividades do Correio Nacional,T2,2022,2025,0.21750316409735,0.752,0.9695031640973499
2209377,Santa Rosa do Piauí,Comércio varejista de combustíveis para veículos automotores,T2,2018,2025,3.70560447429573,3.97402597402597,7.679630448321699
2209377,Santa Rosa do Piauí,Comércio varejista de gás liqüefeito de petróleo (GLP),T2,2013,2025,1.08322376053832,1.21374045801527,2.29696421855359
2209377,Santa Rosa do Piauí,"Comércio varejista de produtos farmacêuticos, sem manipulação de fórmulas",T2,2022,2025,0.861264600443158,1.752,2.613264600443158
2209377,Santa Rosa do Piauí,Construção de edifícios,T2,2013,2025,0.131750975604666,0.106870229007634,0.23862120461230002
2209377,Santa Rosa do Piauí,Fotocópias,T2,2013,2025,0.51191413942497,0.106870229007634,0.618784368432604
2209351,Santana do Piauí,Comércio varejista de materiais de construção em geral,T1,2022,2025,2.00031369348188,1.75117370892019,3.75148740240207
2209351,Santana do Piauí,"Comércio varejista de mercadorias em geral, com predominância de produtos alimentícios - minimercados, mercearias e armazéns",T1,2013,2025,2.34770642937953,1.4,3.7477064293795297
2209401,Santo Antônio de Lisboa,Administração pública em geral,T1,2022,2025,111.463203618408,95.0666666666667,206.5298702850747
2209401,Santo Antônio de Lisboa,"Atividades de atendimento hospitalar, exceto pronto-socorro e unidades para atendimento a urgências",T1,2022,2025,35.0861941161794,9.6,44.6861941161794
2209401,Santo Antônio de Lisboa,Casas lotéricas,T1,2018,2025,1.08690761379023,0.134048257372654,1.220955871162884
2209401,Santo Antônio de Lisboa,"Comércio varejista de mercadorias em geral, com predominância de produtos alimentícios - minimercados, mercearias e armazéns",T1,2018,2025,2.86583190322934,2.13404825737265,4.99988016060199
2209401,Santo Antônio de Lisboa,Comércio varejista de móveis,T1,2018,2025,1.01309134030139,0.134048257372654,1.147139597674044
2209401,Santo Antônio de Lisboa,"Comércio varejista de produtos farmacêuticos, sem manipulação de fórmulas",T1,2013,2025,5.52463000559037,4.01287553648069,9.53750554207106
2209401,Santo Antônio de Lisboa,Ensino fundamental,T1,2022,2025,43.7706407640139,17.3777777777778,61.1484185417917
2209401,Santo Antônio de Lisboa,"Fabricação de sucos concentrados de frutas, hortaliças e legumes",T1,2013,2025,43.5519952654718,42.0128755364807,85.56487080195251
2209401,Santo Antônio de Lisboa,Outras atividades de atenção à saúde humana não especificadas anteriormente,T1,2022,2025,65.1938668661182,14.5111111111111,79.7049779772293
2209450,Santo Antônio dos Milagres,Administração pública em geral,T1,2013,2025,339.883264329804,170.0,509.883264329804
2209500,Santo Inácio do Piauí,Administração pública em geral,T1,2022,2025,60.6392518638522,11.0,71.6392518638522
2209500,Santo Inácio do Piauí,Construção de edifícios,T1,2022,2025,25.8811004262559,22.0,47.8811004262559
2209500,Santo Inácio do Piauí,Serviços de comunicação multimídia - SCM,T1,2022,2025,11.8249869315212,7.0,18.824986931521202
2210623,Sebastião Barros,"Comércio varejista de mercadorias em geral, com predominância de produtos alimentícios - minimercados, mercearias e armazéns",T1,2022,2025,3.89670306144295,3.47191011235955,7.368613173802499
2210623,Sebastião Barros,Construção de rodovias e ferrovias,T1,2022,2025,24.7256968413035,24.4719101123596,49.1976069536631
2210623,Sebastião Barros,Cultivo de soja,T2,2018,2025,1.54171062736401,1.84981684981685,3.39152747718086
2210631,Sebastião Leal,Atividades de organizações religiosas,T1,2022,2025,0.956748867550081,0.734141791044776,1.6908906585948569
2210631,Sebastião Leal,Atividades do Correio Nacional,T1,2022,2025,1.10875158204868,0.734141791044776,1.8428933730934558
2210631,Sebastião Leal,Comercio varejista de artigos de armarinho,T1,2022,2025,7.00404164653165,5.9365671641791,12.94060881071075
2210631,Sebastião Leal,Comércio varejista de gás liqüefeito de petróleo (GLP),T1,2022,2025,0.986317619388486,0.734141791044776,1.720459410433262
2210631,Sebastião Leal,Comércio varejista de materiais de construção em geral,T1,2018,2025,5.49116826537242,4.13940256045519,9.630570825827611
2210631,Sebastião Leal,"Comércio varejista de mercadorias em geral, com predominância de produtos alimentícios - minimercados, mercearias e armazéns",T1,2018,2025,5.86583190322934,5.0697012802276,10.93553318345694
2210631,Sebastião Leal,"Comércio varejista de produtos farmacêuticos, sem manipulação de fórmulas",T1,2018,2025,2.49826501924569,1.13940256045519,3.6376675797008797
2210631,Sebastião Leal,Cultivo de soja,T1,2013,2025,446.905699647775,271.295499021526,718.201198669301
2210631,Sebastião Leal,Serviço de pulverização e controle de pragas agrícolas,T1,2018,2025,1.7639564124057,1.0697012802276,2.8336576926332997
2210631,Sebastião Leal,"Transporte rodoviário de carga, exceto produtos perigosos e mudanças, intermunicipal, interestadual e internacional",T1,2022,2025,5.84813560188133,5.73414179104478,11.582277392926109
2210656,Sigefredo Pacheco,Agências de viagens,T1,2022,2025,0.656167070497289,0.650887573964497,1.307054644461786
2210656,Sigefredo Pacheco,Atividade odontológica com recursos para realização de procedimentos cirúrgicos,T1,2022,2025,0.945660128805621,0.825443786982249,1.77110391578787
2210656,Sigefredo Pacheco,Atividades do Correio Nacional,T2,2013,2025,0.324009158935864,0.193089430894309,0.517098589830173
2210656,Sigefredo Pacheco,Comércio varejista de combustíveis para veículos automotores,T2,2013,2025,0.274103137379503,1.77235772357724,2.046460860956743
2210656,Sigefredo Pacheco,Comércio varejista de materiais de construção em geral,T2,2013,2025,1.29088587474434,2.57926829268293,3.8701541674272697
2210656,Sigefredo Pacheco,"Comércio varejista de mercadorias em geral, com predominância de produtos alimentícios - minimercados, mercearias e armazéns",T2,2018,2025,7.73166380645868,8.05392156862745,15.785585375086129
2210656,Sigefredo Pacheco,"Comércio varejista de produtos farmacêuticos, sem manipulação de fórmulas",T2,2013,2025,2.52463000559037,3.19308943089431,5.71771943648468
2210805,Simplício Mendes,Administração pública em geral,T1,2022,2025,778.94300150767,775.18759018759,1554.1305916952601
2210805,Simplício Mendes,Atividade odontológica com recursos para realização de procedimentos cirúrgicos,T1,2022,2025,2.94566012880562,2.03751803751804,4.98317816632366
2210805,Simplício Mendes,Atividades do Correio Nacional,T1,2018,2025,3.58514166854059,0.204545454545455,3.789687123086045
2210805,Simplício Mendes,Cartórios,T1,2022,2025,1.88504787524608,1.03751803751804,2.92256591276412
2210805,Simplício Mendes,Comercio varejista de artigos de armarinho,T1,2022,2025,2.00101041163291,1.03751803751804,3.0385284491509497
2210805,Simplício Mendes,Comércio a varejo de peças e acessórios novos para veículos automotores,T1,2013,2025,17.3144549324449,8.592,25.906454932444902
2210805,Simplício Mendes,Comércio varejista de artigos de papelaria,T1,2013,2025,5.00895960250023,3.824,8.83295960250023
2210805,Simplício Mendes,Comércio varejista de artigos do vestuário e acessórios,T1,2013,2025,12.5902249498609,7.296,19.8862249498609
2210805,Simplício Mendes,Comércio varejista de combustíveis para veículos automotores,T1,2013,2025,34.0926289217244,29.12,63.2126289217244
2210805,Simplício Mendes,Comércio varejista de medicamentos veterinários,T1,2018,2025,0.920421430172607,0.0681818181818182,0.9886032483544253
2210805,Simplício Mendes,"Comércio varejista de mercadorias em geral, com predominância de produtos alimentícios - supermercados",T1,2018,2025,82.3992009148405,76.5454545454545,158.944655460295
2210805,Simplício Mendes,Construção de edifícios,T1,2022,2025,8.77622008525119,7.07503607503608,15.85125616028727
2210805,Simplício Mendes,Cultivo de melão,T1,2022,2025,1.5036075036075,1.03751803751804,2.54112554112554
2210805,Simplício Mendes,Educação infantil - pré-escola,T1,2022,2025,4.80160078678275,3.07503607503608,7.876636861818829
2210805,Simplício Mendes,Ensino fundamental,T1,2022,2025,4.84076005457242,7.26262626262626,12.10338631719868
2210805,Simplício Mendes,"Lojas de variedades, exceto lojas de departamentos ou magazines",T1,2022,2025,1.81155906399774,1.03751803751804,2.84907710151578
2210805,Simplício Mendes,Serviços de manutenção e reparação mecânica de veículos automotores,T1,2022,2025,1.85765055569915,1.03751803751804,2.89516859321719
2210706,Simões,"Atividades de atendimento hospitalar, exceto pronto-socorro e unidades para atendimento a urgências",T1,2022,2025,0.514365686029895,0.385678391959799,0.900044077989694
2210706,Simões,Cartórios,T1,2018,2025,0.0136915525703954,0.303072625698324,0.3167641782687194
2210706,Simões,Comércio a varejo de peças e acessórios novos para veículos automotores,T1,2013,2025,8.91430686655562,8.51086956521739,17.42517643177301
2210706,Simões,Comércio varejista de artigos do vestuário e acessórios,T1,2022,2025,0.984645284225253,0.590452261306533,1.575097545531786
2210706,Simões,Comércio varejista de combustíveis para veículos automotores,T1,2013,2025,7.09262892172438,5.55434782608696,12.64697674781134
2210706,Simões,Comércio varejista de materiais de construção em geral,T1,2018,2025,1.74558413268621,1.66061452513966,3.40619865782587
2210706,Simões,"Comércio varejista de mercadorias em geral, com predominância de produtos alimentícios - minimercados, mercearias e armazéns",T1,2013,2025,9.53233946610394,6.59782608695652,16.130165553060458
2210706,Simões,Comércio varejista de móveis,T1,2018,2025,9.02618268060278,8.32122905027933,17.347411730882108
2210706,Simões,"Comércio varejista de produtos farmacêuticos, sem manipulação de fórmulas",T1,2013,2025,8.57389001677112,8.53260869565217,17.10649871242329
2210706,Simões,Construção de edifícios,T1,2022,2025,12.0978707246351,10.5188442211055,22.6167149457406
2210706,Simões,Geração de energia elétrica,T1,2018,2025,9.89755529685681,4.92737430167598,14.82492959853279
2210706,Simões,"Lojas de departamentos ou magazines, exceto lojas francas (Duty free)",T1,2018,2025,3.26696317568159,0.624301675977653,3.8912648516592427
2210904,Socorro do Piauí,Administração pública em geral,T1,2013,2025,629.649792989412,497.6,1127.249792989412
2210938,Sussuapara,Comércio atacadista de produtos alimentícios em geral,T2,2013,2025,5.33944523886403,5.78632478632479,11.125770025188821
2210938,Sussuapara,Comércio varejista de animais vivos e de artigos e alimentos para animais de estimação,T1,2022,2025,4.02804974272918,3.42986425339367,7.4579139961228496
2210938,Sussuapara,Comércio varejista de artigos do vestuário e acessórios,T2,2013,2025,1.14755623746522,0.786324786324786,1.933881023790006
2210938,Sussuapara,Comércio varejista de combustíveis para veículos automotores,T2,2013,2025,4.09262892172438,3.93162393162393,8.02425285334831
2210938,Sussuapara,"Comércio varejista de mercadorias em geral, com predominância de produtos alimentícios - minimercados, mercearias e armazéns",T2,2013,2025,1.69541285875906,1.29059829059829,2.98601114935735
2210938,Sussuapara,"Comércio varejista de produtos farmacêuticos, sem manipulação de fórmulas",T2,2013,2025,6.09852002236149,7.14529914529915,13.24381916766064
2210938,Sussuapara,"Fabricação de artefatos de cerâmica e barro cozido para uso na construção, exceto azulejos e pisos",T1,2018,2025,39.0044707783464,22.0970873786408,61.1015581569872
2210938,Sussuapara,"Fabricação de sucos de frutas, hortaliças e legumes, exceto concentrados",T1,2018,2025,1.08944343193607,0.621359223300971,1.710802655237041
2209559,São Braz do Piauí,Administração pública em geral,T1,2022,2025,44.4278521653862,8.65454545454546,53.082397619931655
2209559,São Braz do Piauí,"Comércio varejista de produtos farmacêuticos, sem manipulação de fórmulas",T1,2018,2025,5.74913250962284,5.6551724137931,11.404304923415939
2209559,São Braz do Piauí,Construção de edifícios,T1,2022,2025,14.8881100426256,14.5818181818182,29.469928224443798
2209559,São Braz do Piauí,"Fabricação de artefatos de cerâmica e barro cozido para uso na construção, exceto azulejos e pisos",T1,2022,2025,8.44223247858949,5.90909090909091,14.3513233876804
2209658,São Francisco de Assis do Piauí,Administração pública em geral,T1,2022,2025,80.5490648298152,41.8695652173913,122.41863004720649
2209658,São Francisco de Assis do Piauí,Comércio varejista de combustíveis para veículos automotores,T1,2013,2025,1.81852578434488,1.38132295719844,3.1998487415433203
2209658,São Francisco de Assis do Piauí,Comércio varejista de materiais de construção em geral,T1,2013,2025,3.76362862491478,3.38132295719844,7.144951582113221
2209658,São Francisco de Assis do Piauí,"Comércio varejista de mercadorias em geral, com predominância de produtos alimentícios - minimercados, mercearias e armazéns",T1,2013,2025,0.836926607344882,0.381322957198444,1.218249564543326
2209658,São Francisco de Assis do Piauí,"Comércio varejista de mercadorias em geral, com predominância de produtos alimentícios - supermercados",T1,2022,2025,3.21302146526306,0.0869565217391305,3.2999779870021904
2209658,São Francisco de Assis do Piauí,"Comércio varejista de produtos farmacêuticos, sem manipulação de fórmulas",T1,2018,2025,6.74913250962284,6.59459459459459,13.34372710421743
2209658,São Francisco de Assis do Piauí,"Fabricação de artefatos de cerâmica e barro cozido para uso na construção, exceto azulejos e pisos",T1,2018,2025,23.1674117963911,20.1621621621622,43.3295739585533
2209708,São Francisco do Piauí,Administração pública em geral,T1,2013,2025,275.602244929067,2.57692307692305,278.17916800599005
2209708,São Francisco do Piauí,Atividades de organizações sindicais,T1,2018,2025,0.589122853395423,0.327433628318584,0.916556481714007
2209708,São Francisco do Piauí,Cartórios,T1,2018,2025,1.60273831051408,1.32743362831858,2.93017193883266
2209708,São Francisco do Piauí,Casas lotéricas,T1,2018,2025,1.08690761379023,0.327433628318584,1.4143412421088142
2209708,São Francisco do Piauí,"Comércio varejista de mercadorias em geral, com predominância de produtos alimentícios - minimercados, mercearias e armazéns",T1,2013,2025,5.51077982203465,1.73076923076923,7.24154905280388
2209708,São Francisco do Piauí,"Comércio varejista de produtos farmacêuticos, sem manipulação de fórmulas",T1,2013,2025,6.04926001118075,4.15384615384615,10.203106165026899
2209708,São Francisco do Piauí,Fabricação de produtos de panificação industrial,T1,2022,2025,0.873073803730738,0.287009063444109,1.1600828671748469
2209609,São Félix do Piauí,Atividades do Correio Nacional,T2,2022,2025,0.108751582048675,0.362962962962963,0.471714545011638
2209609,São Félix do Piauí,Cartórios,T2,2022,2025,0.885047875246076,1.36296296296296,2.2480108382090362
2209609,São Félix do Piauí,Casas lotéricas,T2,2022,2025,0.130504641751964,0.362962962962963,0.493467604714927
2209609,São Félix do Piauí,Comércio varejista de combustíveis para veículos automotores,T2,2022,2025,2.80987658323607,3.72592592592593,6.535802509162
2209609,São Félix do Piauí,Comércio varejista de materiais de construção em geral,T2,2018,2025,2.74558413268621,3.27426160337553,6.01984573606174
2209609,São Félix do Piauí,"Comércio varejista de mercadorias em geral, com predominância de produtos alimentícios - minimercados, mercearias e armazéns",T2,2013,2025,7.83692660734488,8.1609756097561,15.99790221710098
2209609,São Félix do Piauí,"Comércio varejista de produtos farmacêuticos, sem manipulação de fórmulas",T2,2022,2025,1.93063230022158,2.36296296296296,4.29359526318454
2209757,São Gonçalo do Gurguéia,Atividade odontológica com recursos para realização de procedimentos cirúrgicos,T2,2022,2025,0.945660128805621,0.960526315789474,1.906186444595095
2209757,São Gonçalo do Gurguéia,Comércio varejista de combustíveis para veículos automotores,T1,2018,2025,4.70560447429573,4.10091743119266,8.80652190548839
2209757,São Gonçalo do Gurguéia,"Comércio varejista de produtos farmacêuticos, sem manipulação de fórmulas",T2,2022,2025,1.86126460044316,1.92105263157895,3.78231723202211
2209757,São Gonçalo do Gurguéia,Cultivo de soja,T1,2018,2025,7.70855313682004,7.75229357798165,15.46084671480169
2209757,São Gonçalo do Gurguéia,Holdings de instituições não-financeiras,T2,2022,2025,24.3636943255306,24.8421052631579,49.2057995886885
2209807,São Gonçalo do Piauí,Administração pública em geral,T1,2022,2025,143.337665131349,57.1061946902655,200.44385982161452
2209807,São Gonçalo do Piauí,Cartórios,T1,2022,2025,1.88504787524608,1.38938053097345,3.27442840621953
2209807,São Gonçalo do Piauí,Comércio varejista de materiais de construção em geral,T1,2018,2025,7.23675239805862,4.39516129032258,11.6319136883812
2209807,São Gonçalo do Piauí,"Comércio varejista de mercadorias em geral, com predominância de produtos alimentícios - minimercados, mercearias e armazéns",T1,2022,2025,1.9311353742953,0.778761061946903,2.709896436242203
2209807,São Gonçalo do Piauí,"Comércio varejista de produtos farmacêuticos, sem manipulação de fórmulas",T1,2018,2025,5.74913250962284,4.79838709677419,10.547519606397032
2209807,São Gonçalo do Piauí,Construção de edifícios,T1,2022,2025,1.88811004262559,1.38938053097345,3.2774905735990396
2209807,São Gonçalo do Piauí,Serviços de comunicação multimídia - SCM,T1,2018,2025,8.72365286728016,16.5887096774194,25.31236254469956
2210052,São José do Divino,Comércio varejista de materiais de construção em geral,T1,2013,2025,2.76362862491478,2.52131147540984,5.28494010032462
2210052,São José do Divino,"Comércio varejista de mercadorias em geral, com predominância de produtos alimentícios - minimercados, mercearias e armazéns",T1,2018,2025,8.59749570968802,7.62135922330097,16.21885493298899
2210052,São José do Divino,"Comércio varejista de produtos farmacêuticos, sem manipulação de fórmulas",T1,2018,2025,1.49826501924569,1.08090614886731,2.579171168113
2210052,São José do Divino,Comércio varejista especializado de eletrodomésticos e equipamentos de áudio e vídeo,T1,2018,2025,1.20557318955584,0.540453074433657,1.746026263989497
2210052,São José do Divino,"Fabricação de artefatos de cerâmica e barro cozido para uso na construção, exceto azulejos e pisos",T1,2013,2025,8.37237312644494,7.52131147540984,15.89368460185478
2210102,São José do Peixe,Administração pública em geral,T1,2022,2025,309.365800904602,291.888888888889,601.254689793491
2210102,São José do Peixe,Comércio varejista de combustíveis para veículos automotores,T1,2018,2025,4.55840671144359,3.61538461538462,8.17379132682821
2210102,São José do Peixe,Comércio varejista de gás liqüefeito de petróleo (GLP),T1,2018,2025,1.04292583080696,0.538461538461538,1.5813873692684979
2210102,São José do Peixe,"Comércio varejista de mercadorias em geral, com predominância de produtos alimentícios - minimercados, mercearias e armazéns",T1,2013,2025,2.51077982203465,1.52941176470588,4.04019158674053
2210102,São José do Peixe,"Lojas de departamentos ou magazines, exceto lojas francas (Duty free)",T1,2018,2025,7.34323836873347,2.84615384615385,10.18939221488732
2210201,São José do Piauí,Cartórios,T1,2022,2025,1.88504787524608,1.74013157894737,3.62517945419345
2210201,São José do Piauí,Comércio varejista de materiais de construção em geral,T2,2013,2025,1.05451449965912,1.10543130990415,2.15994580956327
2210201,São José do Piauí,"Comércio varejista de mercadorias em geral, com predominância de produtos alimentícios - supermercados",T2,2013,2025,12.7026848929111,12.776357827476,25.4790427203871
2210201,São José do Piauí,Fabricação de amidos e féculas de vegetais,T2,2013,2025,14.3633487145682,14.6581469648562,29.0214956794244
2210201,São José do Piauí,Serviços de comunicação multimídia - SCM,T1,2022,2025,2.37856769472033,1.96052631578947,4.3390940105098
2209856,São João da Canabrava,Atividade odontológica com recursos para realização de procedimentos cirúrgicos,T2,2022,2025,0.945660128805621,1.18849840255591,2.134158531361531
2209856,São João da Canabrava,Atividades de organizações religiosas,T2,2018,2025,1.15892148632845,0.992063492063492,2.150984978391942
2209856,São João da Canabrava,Atividades do Correio Nacional,T2,2022,2025,0.21750316409735,0.376996805111821,0.594499969209171
2209856,São João da Canabrava,Comércio varejista de materiais de construção não especificados anteriormente,T2,2013,2025,2.39565404475043,0.902439024390244,3.2980930691406742
2209856,São João da Canabrava,"Comércio varejista de mercadorias em geral, com predominância de produtos alimentícios - minimercados, mercearias e armazéns",T2,2013,2025,4.51077982203465,4.90243902439024,9.41321884642489
2209856,São João da Canabrava,Comércio varejista de móveis,T2,2022,2025,0.0695653958853988,0.376996805111821,0.44656220099721977
2209856,São João da Canabrava,"Comércio varejista de produtos farmacêuticos, sem manipulação de fórmulas",T2,2018,2025,1.74913250962284,1.99206349206349,3.74119600168633
2209872,São João da Fronteira,Atividades de associações de defesa de direitos sociais,T1,2018,2025,1.69723026294067,1.65806451612903,3.3552947790697
2209872,São João da Fronteira,"Atividades de atendimento hospitalar, exceto pronto-socorro e unidades para atendimento a urgências",T1,2013,2025,28.9958508800187,25.6666666666667,54.6625175466854
2209872,São João da Fronteira,Atividades de organizações religiosas,T1,2018,2025,1.15892148632845,0.658064516129032,1.8169860024574822
2209872,São João da Fronteira,Comércio varejista de combustíveis para veículos automotores,T1,2022,2025,12.904938291618,12.8314606741573,25.7363989657753
2209872,São João da Fronteira,Comércio varejista de ferragens e ferramentas,T1,2022,2025,1.96499824090203,1.8314606741573,3.79645891505933
2209872,São João da Fronteira,"Comércio varejista de mercadorias em geral, com predominância de produtos alimentícios - supermercados",T1,2022,2025,3.60651073263153,3.15730337078652,6.76381410341805
2209872,São João da Fronteira,Comércio varejista especializado de eletrodomésticos e equipamentos de áudio e vídeo,T1,2013,2025,4.16452490581833,1.27272727272727,5.4372521785456
2209872,São João da Fronteira,Cultivo de caju,T1,2013,2025,1.61149425287356,0.424242424242424,2.035736677115984
2209906,São João da Serra,Atividades de apoio à pecuária não especificadas anteriormente,T2,2018,2025,3.9425249941874,3.70723684210526,7.64976183629266
2209906,São João da Serra,Atividades do Correio Nacional,T2,2018,2025,1.19504722284686,0.707236842105263,1.902284064952123
2209906,São João da Serra,Comércio atacadista de embalagens,T2,2022,2025,0.84644128113879,0.992307692307692,1.838748973446482
2209906,São João da Serra,Comércio varejista de artigos do vestuário e acessórios,T2,2022,2025,0.984645284225253,0.984615384615385,1.969260668840638
2209906,São João da Serra,Comércio varejista de combustíveis para veículos automotores,T2,2013,2025,1.63705156868975,1.56656346749226,3.20361503618201
2209906,São João da Serra,Comércio varejista de ferragens e ferramentas,T2,2022,2025,0.964998240902031,0.992307692307692,1.9573059332097231
2209906,São João da Serra,Comércio varejista de hortifrutigranjeiros,T2,2022,2025,0.860384505431675,0.976923076923077,1.837307582354752
2209906,São João da Serra,"Comércio varejista de mercadorias em geral, com predominância de produtos alimentícios - minimercados, mercearias e armazéns",T2,2018,2025,1.73166380645868,1.41447368421053,3.14613749066921
2209906,São João da Serra,Comércio varejista de móveis,T2,2013,2025,3.71068006069507,2.34984520123839,6.06052526193346
2209906,São João da Serra,"Comércio varejista de produtos farmacêuticos, sem manipulação de fórmulas",T2,2018,2025,2.49479505773707,2.24342105263158,4.738216110368651
2209955,São João da Varjota,Administração pública em geral,T1,2018,2025,302.80954870169,37.6540540540541,340.4636027557441
2209955,São João da Varjota,Comércio varejista de móveis,T1,2013,2025,2.23689335356502,0.42713567839196,2.6640290319569804
2209971,São João do Arraial,Atividades de associações de defesa de direitos sociais,T2,2022,2025,21.7072231745939,21.7009803921569,43.4082035667508
2209971,São João do Arraial,Atividades do Correio Nacional,T2,2022,2025,1.10875158204868,0.850490196078431,1.959241778127111
2209971,São João do Arraial,"Comércio varejista de mercadorias em geral, com predominância de produtos alimentícios - minimercados, mercearias e armazéns",T1,2013,2025,13.8369266073449,5.02127659574468,18.85820320308958
2209971,São João do Arraial,"Comércio varejista de produtos farmacêuticos, sem manipulação de fórmulas",T2,2022,2025,0.583793801329475,0.102941176470588,0.686734977800063
2210003,São João do Piauí,Administração pública em geral,T1,2013,2025,941.539203262051,433.654712260217,1375.193915522268
2210003,São João do Piauí,"Aparelhamento de placas e execução de trabalhos em mármore, granito, ardósia e outras pedras",T1,2018,2025,5.71993018089495,5.58320987654321,11.30314005743816
2210003,São João do Piauí,Atividade médica ambulatorial com recursos para realização de exames complementares,T1,2022,2025,32.6089923949077,32.1020059752454,64.7109983701531
2210003,São João do Piauí,Atividade médica ambulatorial com recursos para realização de procedimentos cirúrgicos,T1,2013,2025,1.70753348402551,1.60717264386989,3.3147061278954
2210003,São João do Piauí,Atividade médica ambulatorial restrita a consultas,T1,2022,2025,21.6929127149028,21.5510029876227,43.2439157025255
2210003,São João do Piauí,Atividade odontológica com recursos para realização de procedimentos cirúrgicos,T1,2018,2025,8.84701805580886,9.16641975308642,18.01343780889528
2210003,São João do Piauí,Atividades de contabilidade,T1,2022,2025,7.43155583232277,0.918053777208707,8.349609609531477
2210003,São João do Piauí,"Atividades de produção de fotografias, exceto aérea e submarina",T1,2018,2025,1.06206799266469,0.16641975308642,1.22848774575111
2210003,São João do Piauí,Atividades de rádio,T1,2022,2025,4.14099325142758,3.55100298762271,7.69199623905029
2210003,São João do Piauí,Cartórios,T1,2018,2025,6.61642986308448,6.49925925925926,13.115689122343738
2210003,São João do Piauí,Comércio a varejo de motocicletas e motonetas novas,T1,2013,2025,17.6248273278546,15.2143452877398,32.8391726155944
2210003,São João do Piauí,Comércio a varejo de peças e acessórios novos para motocicletas e motonetas,T1,2018,2025,4.50835903262457,6.74962962962963,11.2579886622542
2210003,São João do Piauí,Comércio a varejo de peças e acessórios novos para veículos automotores,T1,2013,2025,10.6572274662225,5.42869057547957,16.08591804170207
2210003,São João do Piauí,Comércio a varejo de pneumáticos e câmaras-de-ar,T1,2018,2025,5.97167191260878,5.58320987654321,11.55488178915199
2210003,São João do Piauí,Comércio atacadista de cereais e leguminosas beneficiados,T1,2022,2025,0.648552605310441,0.326504481434059,0.9750570867445001
2210003,São João do Piauí,Comércio atacadista de embalagens,T1,2018,2025,6.7173021418806,7.16641975308642,13.883721894967021
2210003,São João do Piauí,Comércio sob consignação de motocicletas e motonetas,T1,2022,2025,0.853503184713376,0.775501493811353,1.629004678524729
2210003,São João do Piauí,Comércio varejista de artigos de óptica,T1,2018,2025,2.56187245590231,1.91604938271605,4.47792183861836
2210003,São João do Piauí,Comércio varejista de bebidas,T1,2022,2025,7.2689085625924,6.20401195049082,13.47292051308322
2210003,São João do Piauí,Comércio varejista de combustíveis para veículos automotores,T1,2013,2025,28.0075672555873,1.35779816513762,29.36536542072492
2210003,São João do Piauí,Comércio varejista de materiais de construção em geral,T1,2018,2025,27.6749302556655,24.9145679012346,52.589498156900106
2210003,São João do Piauí,Comércio varejista de materiais hidráulicos,T1,2022,2025,0.692540039336892,0.326504481434059,1.019044520770951
2210003,São João do Piauí,"Comércio varejista de mercadorias em geral, com predominância de produtos alimentícios - supermercados",T1,2018,2025,73.1986016009708,70.1649382716049,143.3635398725757
2210003,São João do Piauí,Comércio varejista de outros artigos de uso doméstico não especificados anteriormente,T1,2022,2025,2.03698319778939,0.530516431924883,2.567499629714273
2210003,São João do Piauí,Comércio varejista de produtos alimentícios em geral ou especializado em produtos alimentícios não especificados anteriormente,T1,2022,2025,3.65132479077682,3.55100298762271,7.20232777839953
2210003,São João do Piauí,"Comércio varejista de produtos farmacêuticos, sem manipulação de fórmulas",T1,2022,2025,7.64149820753369,2.367050789586,10.00854899711969
2210003,São João do Piauí,Construção de edifícios,T1,2018,2025,0.759104215721447,4.82765432098765,5.586758536709096
2210003,São João do Piauí,Educação superior - graduação,T1,2013,2025,4.13982342944379,0.821517931609675,4.9613413610534645
2210003,São João do Piauí,"Fabricação de artefatos de cerâmica e barro cozido para uso na construção, exceto azulejos e pisos",T1,2018,2025,39.4065715055211,31.9145679012346,71.3211394067557
2210003,São João do Piauí,Fabricação de móveis com predominância de madeira,T1,2022,2025,0.954258031616522,0.775501493811353,1.729759525427875
2210003,São João do Piauí,Formação de condutores,T1,2022,2025,2.17063919216772,1.55100298762271,3.7216421797904298
2210003,São João do Piauí,Hotéis,T1,2018,2025,8.85635564520879,6.41530864197531,15.2716642871841
2210003,São João do Piauí,Instalação e manutenção elétrica,T1,2022,2025,7.70420976577862,7.55100298762271,15.25521275340133
2210003,São João do Piauí,Laboratórios clínicos,T1,2018,2025,4.71602858601327,4.58320987654321,9.29923846255648
2210003,São João do Piauí,"Lanchonetes, casas de chá, de sucos e similares",T1,2022,2025,12.6082641306391,11.6530089628681,24.2612730935072
2210003,São João do Piauí,Limpeza em prédios e em domicílios,T1,2018,2025,3.67182743324345,1.08246913580247,4.75429656904592
2210003,São João do Piauí,"Locação de outros meios de transporte não especificados anteriormente, sem condutor",T1,2018,2025,2.90684752410525,4.16641975308642,7.07326727719167
2210003,São João do Piauí,"Lojas de departamentos ou magazines, exceto lojas francas (Duty free)",T1,2022,2025,4.10254658747282,0.0815194195475888,4.184066007020409
2210003,São João do Piauí,Promoção de vendas,T1,2022,2025,0.41853606652485,0.775501493811353,1.194037560336203
2210003,São João do Piauí,Restaurantes e similares,T1,2013,2025,45.1929665096272,35.464553794829,80.6575203044562
2210003,São João do Piauí,Serviços advocatícios,T1,2018,2025,2.48806470041334,2.16641975308642,4.6544844534997605
2210003,São João do Piauí,Serviços de comunicação multimídia - SCM,T1,2018,2025,41.6992302098744,49.3328395061728,91.0320697160472
2210003,São João do Piauí,Serviços de engenharia,T1,2022,2025,3.82559196331319,3.65300896286812,7.47860092618131
2210003,São João do Piauí,Serviços de manutenção e reparação mecânica de veículos automotores,T1,2022,2025,3.14590333419488,2.65300896286812,5.798912297063
2210003,São João do Piauí,Transmissão de energia elétrica,T1,2018,2025,6.40366713681241,8.49925925925926,14.90292639607167
2210003,São João do Piauí,"Transporte rodoviário de carga, exceto produtos perigosos e mudanças, municipal",T1,2013,2025,4.60749846247266,3.60717264386989,8.21467110634255
2210300,São Julião,Administração pública em geral,T1,2022,2025,67.0360783988463,10.5714285714286,77.6075069702749
2210300,São Julião,"Comércio varejista de mercadorias em geral, com predominância de produtos alimentícios - minimercados, mercearias e armazéns",T1,2013,2025,6.83692660734488,6.17120622568093,13.00813283302581
2210300,São Julião,"Comércio varejista de mercadorias em geral, com predominância de produtos alimentícios - supermercados",T1,2022,2025,13.9213021465263,13.5714285714286,27.4927307179549
2210359,São Lourenço do Piauí,Comércio varejista de bebidas,T2,2018,2025,0.865547999646737,0.71969696969697,1.585244969343707
2210359,São Lourenço do Piauí,Comércio varejista de combustíveis para veículos automotores,T2,2018,2025,1.41120894859145,0.878787878787879,2.289996827379329
2210359,São Lourenço do Piauí,"Comércio varejista de produtos farmacêuticos, sem manipulação de fórmulas",T1,2013,2025,2.52463000559037,2.68482490272374,5.20945490831411
2210359,São Lourenço do Piauí,Padaria e confeitaria com predominância de revenda,T1,2013,2025,2.24010357182615,1.36964980544747,3.60975337727362
2210375,São Luis do Piauí,Atividades do Correio Nacional,T2,2022,2025,0.108751582048675,0.0689655172413793,0.1777170992900543
2210383,São Miguel da Baixa Grande,Atividades de apoio à pecuária não especificadas anteriormente,T2,2022,2025,0.911861811569932,1.31060606060606,2.222467872175992
2210383,São Miguel da Baixa Grande,Atividades do Correio Nacional,T2,2022,2025,0.108751582048675,0.310606060606061,0.41935764265473596
2210391,São Miguel do Fidalgo,Administração pública em geral,T1,2013,2025,103.439028438859,73.0223214285714,176.46134986743039
2210391,São Miguel do Fidalgo,Serviços de assistência social sem alojamento,T1,2013,2025,3.47794015309673,4.07589285714286,7.5538330102395905
2210409,São Miguel do Tapuio,Administração pública em geral,T1,2018,2025,747.829582733195,123.591572123177,871.421154856372
2210409,São Miguel do Tapuio,Comércio varejista de gás liqüefeito de petróleo (GLP),T1,2013,2025,5.04161188026916,3.51618122977346,8.55779311004262
2210409,São Miguel do Tapuio,"Comércio varejista de mercadorias em geral, com predominância de produtos alimentícios - minimercados, mercearias e armazéns",T1,2013,2025,25.8584862514142,16.6132686084142,42.471754859828394
2210409,São Miguel do Tapuio,"Comércio varejista de mercadorias em geral, com predominância de produtos alimentícios - supermercados",T1,2022,2025,1.92130214652631,0.831920903954802,2.753223050481112
2210508,São Pedro do Piauí,Administração pública em geral,T1,2022,2025,44.2049109645209,37.7004405286344,81.90535149315531
2210508,São Pedro do Piauí,Atividades de vigilância e segurança privada,T2,2018,2025,29.9155031323186,25.5714285714286,55.4869317037472
2210508,São Pedro do Piauí,Atividades do Correio Nacional,T2,2018,2025,3.19504722284686,2.71428571428571,5.90933293713257
2210508,São Pedro do Piauí,Cartórios,T2,2013,2025,3.30898375826546,3.92966751918159,7.23865127744705
2210508,São Pedro do Piauí,Comércio varejista de animais vivos e de artigos e alimentos para animais de estimação,T2,2018,2025,2.17615417667934,2.42857142857143,4.604725605250771
2210508,São Pedro do Piauí,Comércio varejista de calçados,T2,2013,2025,5.16139025996964,2.36700767263427,7.5283979326039105
2210508,São Pedro do Piauí,Comércio varejista de combustíveis para veículos automotores,T2,2018,2025,6.96961566003504,6.0,12.96961566003504
2210508,São Pedro do Piauí,Comércio varejista de gás liqüefeito de petróleo (GLP),T1,2022,2025,0.986317619388486,0.770925110132159,1.757242729520645
2210508,São Pedro do Piauí,"Comércio varejista de mercadorias em geral, com predominância de produtos alimentícios - minimercados, mercearias e armazéns",T2,2018,2025,34.1824699678161,31.0,65.1824699678161
2210508,São Pedro do Piauí,Comércio varejista de móveis,T1,2022,2025,10.2434788855989,8.39647577092511,18.63995465652401
2210508,São Pedro do Piauí,"Comércio varejista de produtos farmacêuticos, sem manipulação de fórmulas",T2,2018,2025,8.74913250962284,8.71428571428571,17.463418223908548
2210508,São Pedro do Piauí,Construção de edifícios,T1,2022,2025,24.6643301278768,24.3127753303965,48.9771054582733
2210508,São Pedro do Piauí,Criação de frangos para corte,T1,2022,2025,3.07726942222719,2.31277533039648,5.39004475262367
2210508,São Pedro do Piauí,Serviços de funerárias,T1,2022,2025,0.843877332189578,0.541850220264317,1.385727552453895
2210607,São Raimundo Nonato,Administração pública em geral,T1,2018,2025,878.055418953895,147.890513219285,1025.94593217318
2210607,São Raimundo Nonato,Atividade médica ambulatorial com recursos para realização de exames complementares,T1,2013,2025,30.4831750120754,34.437284954645,64.9204599667204
2210607,São Raimundo Nonato,Atividade odontológica com recursos para realização de procedimentos cirúrgicos,T1,2013,2025,10.254830860251,12.7491398185799,23.0039706788309
2210607,São Raimundo Nonato,"Atividades de atendimento hospitalar, exceto pronto-socorro e unidades para atendimento a urgências",T1,2013,2025,366.997359650921,357.081326243353,724.078685894274
2210607,São Raimundo Nonato,Atividades de atenção ambulatorial não especificadas anteriormente,T1,2022,2025,4.71674703871904,4.53557312252964,9.25232016124868
2210607,São Raimundo Nonato,Atividades de cobrança e informações cadastrais,T1,2013,2025,14.9843861315602,12.437284954645,27.4216710862052
2210607,São Raimundo Nonato,Atividades de condicionamento físico,T1,2018,2025,7.39684223724694,7.15614307931571,14.55298531656265
2210607,São Raimundo Nonato,"Atividades de consultoria em gestão empresarial, exceto consultoria técnica específica",T1,2022,2025,24.3879306683816,22.3557312252964,46.743661893677995
2210607,São Raimundo Nonato,Atividades de contabilidade,T1,2013,2025,39.3272013952945,31.8949014701282,71.2221028654227
2210607,São Raimundo Nonato,"Atividades de intermediação e agenciamento de serviços e negócios em geral, exceto imobiliários",T1,2022,2025,1.8684315463004,1.53557312252964,3.40400466883004
2210607,São Raimundo Nonato,Atividades de museus e de exploração de lugares e prédios históricos e atrações similares,T1,2022,2025,4.64439140811456,0.99604743083004,5.6404388389446
2210607,São Raimundo Nonato,"Atividades de produção de fotografias, exceto aérea e submarina",T1,2018,2025,1.03103399633235,0.156143079315708,1.187177075648058
2210607,São Raimundo Nonato,Atividades de psicologia e psicanálise,T1,2018,2025,7.05641447368421,9.15614307931571,16.212557552999918
2210607,São Raimundo Nonato,Casas de festas e eventos,T1,2018,2025,2.72079037800687,0.936858475894246,3.657648853901116
2210607,São Raimundo Nonato,Comercio varejista de artigos de armarinho,T1,2022,2025,7.01212493959496,1.42687747035573,8.43900240995069
2210607,São Raimundo Nonato,"Comercio varejista de artigos de cama, mesa e banho",T1,2013,2025,7.6861836240927,4.43728495464498,12.123468578737679
2210607,São Raimundo Nonato,Comércio a varejo de motocicletas e motonetas novas,T1,2022,2025,9.35503524397574,7.38932806324111,16.74436330721685
2210607,São Raimundo Nonato,Comércio a varejo de peças e acessórios novos para veículos automotores,T1,2013,2025,36.4575235980011,22.6237097278699,59.081233325871004
2210607,São Raimundo Nonato,Comércio a varejo de pneumáticos e câmaras-de-ar,T1,2022,2025,4.034330207043,3.07114624505929,7.10547645210229
2210607,São Raimundo Nonato,Comércio atacadista de aves abatidas e derivados,T1,2022,2025,9.88854608561512,5.03359683794466,14.922142923559779
2210607,São Raimundo Nonato,"Comércio atacadista de cerveja, chope e refrigerante",T1,2022,2025,114.390966027709,105.640316205534,220.03128223324302
2210607,São Raimundo Nonato,Comércio atacadista de cosméticos e produtos de perfumaria,T1,2013,2025,10.1286526769955,8.16609321238661,18.29474588938211
2210607,São Raimundo Nonato,Comércio atacadista de massas alimentícias,T1,2013,2025,4.73626556016598,2.29152330309665,7.02778886326263
2210607,São Raimundo Nonato,Comércio atacadista de materiais de construção em geral,T1,2013,2025,6.2040626813697,5.74913981857992,11.953202499949619
2210607,São Raimundo Nonato,Comércio atacadista de medicamentos e drogas de uso humano,T1,2013,2025,28.0165467868841,24.6033781670316,52.6199249539157
2210607,São Raimundo Nonato,"Comércio atacadista de mercadorias em geral, com predominância de produtos alimentícios",T1,2018,2025,11.6512186629526,12.4684292379471,24.1196479008997
2210607,São Raimundo Nonato,Comércio atacadista de produtos alimentícios em geral,T1,2013,2025,103.09167858296,100.186424773225,203.278103356185
2210607,São Raimundo Nonato,Comércio sob consignação de veículos automotores,T1,2022,2025,1.96256520405032,1.07114624505929,3.03371144910961
2210607,São Raimundo Nonato,"Comércio varejista de artigos de tapeçaria, cortinas e persianas",T1,2013,2025,0.992166925518266,0.145761651548327,1.137928577066593
2210607,São Raimundo Nonato,Comércio varejista de artigos de viagem,T1,2022,2025,0.880651624705985,0.0711462450592886,0.9517978697652736
2210607,São Raimundo Nonato,Comércio varejista de calçados,T1,2013,2025,22.6023170999494,6.1864247732249,28.7887418731743
2210607,São Raimundo Nonato,Comércio varejista de carnes - açougues,T1,2022,2025,2.84158270745558,1.60671936758893,4.44830207504451
2210607,São Raimundo Nonato,Comércio varejista de combustíveis para veículos automotores,T1,2013,2025,57.0151345111745,27.4135126681264,84.4286471793009
2210607,São Raimundo Nonato,Comércio varejista de materiais de construção não especificados anteriormente,T1,2022,2025,1.23231006281854,0.0711462450592886,1.3034563078778285
2210607,São Raimundo Nonato,Comércio varejista de medicamentos veterinários,T1,2013,2025,7.69277598976308,7.14576165154833,14.83853764131141
2210607,São Raimundo Nonato,"Comércio varejista de mercadorias em geral, com predominância de produtos alimentícios - minimercados, mercearias e armazéns",T1,2013,2025,72.2155964406929,30.7456990928996,102.9612955335925
2210607,São Raimundo Nonato,"Comércio varejista de mercadorias em geral, com predominância de produtos alimentícios - supermercados",T1,2013,2025,149.539614431375,120.579605880513,270.119220311888
2210607,São Raimundo Nonato,Comércio varejista de produtos alimentícios em geral ou especializado em produtos alimentícios não especificados anteriormente,T1,2018,2025,4.78077499927894,4.15614307931571,8.93691807859465
2210607,São Raimundo Nonato,"Comércio varejista de produtos farmacêuticos, com manipulação de fórmulas",T1,2018,2025,3.06526579460061,0.62457231726283,3.68983811186344
2210607,São Raimundo Nonato,"Comércio varejista de suvenires, bijuterias e artesanatos",T1,2013,2025,46.6682832201746,45.2915233030967,91.95980652327131
2210607,São Raimundo Nonato,Comércio varejista especializado de eletrodomésticos e equipamentos de áudio e vídeo,T1,2022,2025,3.19317395174051,2.07114624505929,5.2643201967998
2210607,São Raimundo Nonato,Comércio varejista especializado de equipamentos de telefonia e comunicação,T1,2013,2025,11.106025906673,5.02033156083829,16.12635746751129
2210607,São Raimundo Nonato,Comércio varejista especializado de equipamentos e suprimentos de informática,T1,2018,2025,6.78074949649947,3.78071539657854,10.56146489307801
2210607,São Raimundo Nonato,Comércio varejista especializado de instrumentos musicais e acessórios,T1,2022,2025,8.06005440468717,7.53557312252964,15.59562752721681
2210607,São Raimundo Nonato,"Confecção de peças do vestuário, exceto roupas íntimas e as confeccionadas sob medida",T1,2022,2025,12.4279783933699,8.74901185770751,21.17699025107741
2210607,São Raimundo Nonato,"Confecção de roupas profissionais, exceto sob medida",T1,2018,2025,5.01108141581383,3.62457231726283,8.63565373307666
2210607,São Raimundo Nonato,Construção de edifícios,T1,2022,2025,250.720143154294,224.632411067194,475.352554221488
2210607,São Raimundo Nonato,Correspondentes de instituições financeiras,T1,2022,2025,11.9407908356911,11.5355731225296,23.476363958220702
2210607,São Raimundo Nonato,Educação infantil - creche,T1,2013,2025,0.663099992464772,5.43728495464498,6.100384947109752
2210607,São Raimundo Nonato,Educação profissional de nível técnico,T1,2022,2025,1.86613002461034,1.07114624505929,2.93727626966963
2210607,São Raimundo Nonato,Ensino de idiomas,T1,2018,2025,2.1781705012782,1.15614307931571,3.3343135805939097
2210607,São Raimundo Nonato,Fabricação de artigos de vidro,T1,2018,2025,5.5592351912022,4.31228615863141,9.87152134983361
2210607,São Raimundo Nonato,Fabricação de esquadrias de metal,T1,2013,2025,1.08402424890791,0.145761651548327,1.2297859004562368
2210607,São Raimundo Nonato,Fabricação de massas alimentícias,T1,2013,2025,6.91227561046391,0.874569909289959,7.786845519753869
2210607,São Raimundo Nonato,Fabricação de móveis com predominância de metal,T1,2022,2025,4.87459087569301,4.53557312252964,9.41016399822265
2210607,São Raimundo Nonato,Fabricação de outros produtos de minerais não-metálicos não especificados anteriormente,T1,2018,2025,5.8388928317956,3.62457231726283,9.463465149058429
2210607,São Raimundo Nonato,Fabricação de produtos de padaria e confeitaria com predominância de produção própria,T1,2018,2025,26.7294827157424,30.09300155521,56.8224842709524
2210607,São Raimundo Nonato,Fabricação de águas envasadas,T1,2018,2025,11.7343702192759,8.09300155520995,19.82737177448585
2210607,São Raimundo Nonato,Hotéis,T1,2013,2025,20.9179973521386,4.08132624335314,24.999323595491738
2210607,São Raimundo Nonato,Impressão de material para outros usos,T1,2018,2025,13.8702409512882,10.6245723172628,24.494813268551
2210607,São Raimundo Nonato,Impressão de material para uso publicitário,T1,2018,2025,32.5193313456181,32.1561430793157,64.6754744249338
2210607,São Raimundo Nonato,"Lanchonetes, casas de chá, de sucos e similares",T1,2018,2025,4.72676765623897,0.780715396578538,5.507483052817508
2210607,São Raimundo Nonato,"Lojas de variedades, exceto lojas de departamentos ou magazines",T1,2013,2025,0.536370264921357,0.145761651548327,0.682131916469684
2210607,São Raimundo Nonato,Outras atividades de ensino não especificadas anteriormente,T1,2013,2025,24.8332694990835,21.7288082577416,46.562077756825104
2210607,São Raimundo Nonato,Outras obras de engenharia civil não especificadas anteriormente,T1,2013,2025,9.91424010029481,7.29152330309665,17.205763403391458
2210607,São Raimundo Nonato,Padaria e confeitaria com predominância de revenda,T1,2022,2025,4.80070585159688,2.21343873517787,7.01414458677475
2210607,São Raimundo Nonato,Reparação e manutenção de equipamentos eletroeletrônicos de uso pessoal e doméstico,T1,2013,2025,1.43613014755819,0.145761651548327,1.5818917991065171
2210607,São Raimundo Nonato,"Representantes comerciais e agentes do comércio de eletrodomésticos, móveis e artigos de uso doméstico",T1,2018,2025,0.895483389324375,0.156143079315708,1.051626468640083
2210607,São Raimundo Nonato,Restaurantes e similares,T1,2018,2025,25.6374562424158,19.4052877138414,45.0427439562572
2210607,São Raimundo Nonato,Serviços advocatícios,T1,2018,2025,15.4880647004133,14.3122861586314,29.8003508590447
2210607,São Raimundo Nonato,Serviços combinados de escritório e apoio administrativo,T1,2022,2025,0.166688848360578,0.213438735177866,0.380127583538444
2210607,São Raimundo Nonato,Serviços de comunicação multimídia - SCM,T1,2018,2025,89.3496151049372,92.3122861586314,181.6619012635686
2210607,São Raimundo Nonato,Serviços de engenharia,T1,2013,2025,8.37266193509944,6.58304660619331,14.95570854129275
2210607,São Raimundo Nonato,Serviços de funerárias,T1,2013,2025,109.154501816877,108.603378167032,217.757879983909
2210607,São Raimundo Nonato,Serviços de prótese dentária,T1,2022,2025,1.94698997934675,0.606719367588933,2.553709346935683
2210607,São Raimundo Nonato,Treinamento em desenvolvimento profissional e gerencial,T1,2022,2025,2.08438607522579,1.60671936758893,3.69110544281472
2210953,Tamboril do Piauí,Comércio varejista de combustíveis para veículos automotores,T2,2022,2025,2.90493829161803,2.91025641025641,5.81519470187444
2210953,Tamboril do Piauí,Comércio varejista de móveis,T2,2022,2025,1.0347826979427,0.91025641025641,1.94503910819911
2210953,Tamboril do Piauí,"Comércio varejista de produtos farmacêuticos, sem manipulação de fórmulas",T2,2018,2025,1.74913250962284,1.78571428571429,3.5348467953371303
2210979,Tanque do Piauí,Atividades de organizações políticas,T1,2022,2025,3.71472896513962,3.54187192118227,7.256600886321889
2210979,Tanque do Piauí,Comércio varejista de artigos do vestuário e acessórios,T2,2013,2025,1.14755623746522,0.89622641509434,2.04378265255956
2210979,Tanque do Piauí,Comércio varejista de combustíveis para veículos automotores,T2,2018,2025,2.85280223714786,2.78756476683938,5.64036700398724
2210979,Tanque do Piauí,"Comércio varejista de mercadorias em geral, com predominância de produtos alimentícios - minimercados, mercearias e armazéns",T2,2018,2025,7.59749570968802,7.36269430051813,14.96019001020615
2210979,Tanque do Piauí,Comércio varejista de móveis,T2,2013,2025,1.23689335356502,0.89622641509434,2.13311976865936
2210979,Tanque do Piauí,"Comércio varejista de produtos farmacêuticos, sem manipulação de fórmulas",T1,2022,2025,4.93063230022158,4.84729064039409,9.777922940615671
2210979,Tanque do Piauí,Cultivo de soja,T1,2022,2025,2.71090365038235,2.38916256157635,5.1000662119586995
2211001,Teresina,Administração de obras,T1,2018,2025,51.909067181709,59.3201804894654,111.22924767117439
2211001,Teresina,Administração pública em geral,T1,2022,2025,19683.5069637771,14952.1053167874,34635.6122805645
2211001,Teresina,"Agenciamento de cargas, exceto para o transporte marítimo",T1,2013,2025,18.9751629672415,16.7720914877889,35.7472544550304
2211001,Teresina,"Agenciamento de espaços para publicidade, exceto em veículos de comunicação",T1,2013,2025,12.7051671732523,6.73394765359801,19.43911482685031
2211001,Teresina,"Agenciamento de profissionais para atividades esportivas, culturais e artísticas",T1,2013,2025,0.730382293762575,2.67720914877889,3.407591442541465
2211001,Teresina,Agências de fomento,T1,2018,2025,11.4760362694301,8.6452932953813,20.1213295648114
2211001,Teresina,Agências de notícias,T1,2018,2025,13.5491990846682,12.9950676835495,26.5442667682177
2211001,Teresina,Agências de viagens,T1,2018,2025,90.8806616510708,38.3789482070559,129.25960985812668
2211001,Teresina,Alojamento de animais domésticos,T1,2018,2025,9.74657534246575,28.6600902447327,38.40666558719845
2211001,Teresina,Aluguel de andaimes,T1,2022,2025,3.15561195062868,2.63389497434404,5.78950692497272
2211001,Teresina,Aluguel de equipamentos recreativos e esportivos,T1,2022,2025,23.7277108433735,21.8525273845482,45.5802382279217
2211001,Teresina,Aluguel de imóveis próprios,T1,2013,2025,202.369647954329,189.214875736503,391.584523690832
2211001,Teresina,Aluguel de máquinas e equipamentos agrícolas sem operador,T1,2018,2025,20.0187287173666,22.3251128059159,42.3438415232825
2211001,Teresina,"Aluguel de máquinas e equipamentos para construção sem operador, exceto andaimes",T1,2013,2025,96.3967123061355,113.081849563302,209.4785618694375
2211001,Teresina,Aluguel de máquinas e equipamentos para escritório,T1,2013,2025,29.7803883495146,31.3479019097035,61.1282902592181
2211001,Teresina,"Aluguel de móveis, utensílios e aparelhos de uso doméstico e pessoal, instrumentos musicais",T1,2013,2025,126.929678692221,137.600921480397,264.530600172618
2211001,Teresina,"Aluguel de outras máquinas e equipamentos comerciais e industriais não especificados anteriormente, sem operador",T1,2018,2025,357.680701470826,370.945744519045,728.626445989871
2211001,Teresina,"Aluguel de palcos, coberturas e outras estruturas de uso temporário, exceto andaimes",T1,2013,2025,37.0829187396352,42.733947653598,79.8168663932332
2211001,Teresina,"Aparelhamento de placas e execução de trabalhos em mármore, granito, ardósia e outras pedras",T1,2013,2025,99.5815738963532,91.0185946706282,190.6001685669814
2211001,Teresina,Aplicação de revestimentos e de resinas em interiores e exteriores,T1,2013,2025,93.8631755341433,94.8037189341256,188.66689446826888
2211001,Teresina,Armazéns gerais - emissão de warrant,T1,2022,2025,18.4018575945983,11.4126860511663,29.8145436457646
2211001,Teresina,"Artes cênicas, espetáculos e atividades complementares não especificados anteriormente",T1,2018,2025,82.0076500914685,82.6600902447327,164.6677403362012
2211001,Teresina,Atividade médica ambulatorial com recursos para realização de procedimentos cirúrgicos,T1,2013,2025,49.3752235079788,200.644627209508,250.0198507174868
2211001,Teresina,Atividade médica ambulatorial restrita a consultas,T1,2013,2025,646.400862068965,808.421326099282,1454.822188168247
2211001,Teresina,Atividade odontológica com recursos para realização de procedimentos cirúrgicos,T1,2013,2025,201.968295243094,488.079940577432,690.048235820526
2211001,Teresina,Atividade odontológica sem recursos para realização de procedimentos cirúrgicos,T1,2022,2025,4.66241134751773,4.65847374358601,9.32088509110374
2211001,Teresina,Atividades associativas não especificadas anteriormente,T1,2022,2025,188.473579323918,123.350645947815,311.824225271733
2211001,Teresina,"Atividades auxiliares dos transportes aéreos, exceto operação dos aeroportos e campos de aterrissagem",T1,2013,2025,21.9263471530831,47.5627776462061,69.4891247992892
2211001,Teresina,Atividades de administração de fundos por contrato ou comissão,T1,2013,2025,74.3497757847534,77.4176731902312,151.7674489749846
2211001,Teresina,"Atividades de apoio à educação, exceto caixas escolares",T1,2013,2025,56.4258585351571,61.7088365951156,118.13469513027269
2211001,Teresina,Atividades de apoio à gestão de saúde,T1,2013,2025,1213.41827810126,1628.27813062918,2841.69640873044
2211001,Teresina,Atividades de apoio à pecuária não especificadas anteriormente,T1,2013,2025,11.6219699657089,9.06325489267337,20.68522485838227
2211001,Teresina,Atividades de apoio à produção florestal,T1,2022,2025,2.44399959963968,1.63389497434404,4.07789457398372
2211001,Teresina,"Atividades de assistência psicossocial e à saúde a portadores de distúrbios psíquicos, deficiência mental e dependência química não especificadas ante",T1,2013,2025,40.9883800410116,35.2530195706935,76.2413996117051
2211001,Teresina,Atividades de associações de defesa de direitos sociais,T1,2013,2025,802.363269303366,775.082638993548,1577.445908296914
2211001,Teresina,Atividades de atividades de fiscalização profissional,T1,2018,2025,63.5281222320638,72.5910378144261,136.1191600464899
2211001,Teresina,Atividades de centros de assistência psicossocial,T1,2018,2025,18.0225025571088,3.96054146839624,21.98304402550504
2211001,Teresina,Atividades de cobrança e informações cadastrais,T1,2013,2025,187.663124356843,45.0669078017238,232.73003215856681
2211001,Teresina,Atividades de condicionamento físico,T1,2013,2025,275.806150226393,543.972979955648,819.7791301820411
2211001,Teresina,Atividades de consultoria e auditoria contábil e tributária,T1,2022,2025,6.07428179008813,4.95084246151607,11.0251242516042
2211001,Teresina,"Atividades de consultoria em gestão empresarial, exceto consultoria técnica específica",T1,2018,2025,119.012812287353,315.861475059572,434.87428734692503
2211001,Teresina,Atividades de contabilidade,T1,2013,2025,246.709610372871,219.73012968186,466.43974005473103
2211001,Teresina,Atividades de estudos geológicos,T1,2013,2025,3.61072261072261,3.03162744633668,6.642350057059289
2211001,Teresina,Atividades de exibição cinematográfica,T1,2013,2025,23.858059456762,8.73394765359801,32.59200711036001
2211001,Teresina,Atividades de fonoaudiologia,T1,2013,2025,72.3722222222222,102.09488233901,174.4671045612322
2211001,Teresina,Atividades de fornecimento de infra-estrutura de apoio e assistência a paciente no domicílio,T1,2013,2025,2.092318534179,27.866973826799,29.959292360978
2211001,Teresina,"Atividades de intermediação e agenciamento de serviços e negócios em geral, exceto imobiliários",T1,2018,2025,565.465364192777,591.940812202594,1157.406176395371
2211001,Teresina,"Atividades de jardins botânicos, zoológicos, parques nacionais, reservas ecológicas e áreas de proteção ambiental",T1,2013,2025,44.6889320388349,44.6772091487789,89.3661411876138
2211001,Teresina,Atividades de limpeza não especificadas anteriormente,T1,2022,2025,76.1431608545074,31.5304268714291,107.6735877259365
2211001,Teresina,Atividades de monitoramento de sistemas de segurança eletronico,T1,2018,2025,189.937778629979,280.546646966372,470.484425596351
2211001,Teresina,Atividades de museus e de exploração de lugares e prédios históricos e atrações similares,T1,2022,2025,0.663484486873508,0.633894974344045,1.2973794612175529
2211001,Teresina,Atividades de organizações associativas ligadas à cultura e à arte,T1,2022,2025,38.3829596412556,34.1203173332363,72.50327697449191
2211001,Teresina,Atividades de organizações associativas patronais e empresariais,T1,2013,2025,36.0867670739794,32.2530195706935,68.3397866446729
2211001,Teresina,Atividades de organizações sindicais,T1,2018,2025,343.446351407685,401.73732698868,745.1836783963649
2211001,Teresina,Atividades de profissionais da nutrição,T1,2018,2025,6.98632478632479,8.33004512236635,15.31636990869114
2211001,Teresina,Atividades de práticas integrativas e complementares em saúde humana,T1,2013,2025,7.98010711553175,28.7088365951156,36.68894371064735
2211001,Teresina,Atividades de reprodução humana assistida,T1,2018,2025,2.51452282157676,5.66009024473271,8.174613066309469
2211001,Teresina,Atividades de teleatendimento,T1,2013,2025,6323.60514017644,5827.57643478947,12151.18157496591
2211001,Teresina,Atividades de terapia ocupacional,T1,2013,2025,12.6780487804878,33.0316274463367,45.7096762268245
2211001,Teresina,Atividades de franqueadas e permissionárias do Correio Nacional,T1,2013,2025,10.4534105662639,2.22139212435679,12.67480269062069
2211001,Teresina,Atividades paisagísticas,T1,2013,2025,55.6985555055731,68.4809280829045,124.1794835884776
2211001,Teresina,"Atividades relacionadas a esgoto, exceto a gestão de redes",T1,2013,2025,110.428441617447,91.2846470170302,201.7130886344772
2211001,Teresina,"Bares e outros estabelecimentos especializados em servir bebidas, com entretenimento",T1,2018,2025,107.702951741371,156.63049634603,264.333448087401
2211001,Teresina,Beneficiamento de arroz,T1,2018,2025,117.652580368215,103.901353670991,221.553934039206
2211001,Teresina,Cantinas - serviços de alimentação privativos,T1,2022,2025,24.9699779499067,16.1940536409622,41.1640315908689
2211001,Teresina,"Captação, tratamento e distribuição de água",T1,2013,2025,1454.64029478704,1279.26127988173,2733.90157466877
2211001,Teresina,Casas de festas e eventos,T1,2022,2025,20.6623284429721,18.7542123075803,39.4165407505524
2211001,Teresina,"Clubes sociais, esportivos e similares",T1,2018,2025,165.122046231304,154.561443915723,319.683490147027
2211001,Teresina,Coleta de resíduos não-perigosos,T1,2018,2025,348.403431380272,430.038618371973,778.442049752245
2211001,Teresina,Compra e venda de imóveis próprios,T1,2013,2025,63.8682973189276,59.866973826799,123.7352711457266
2211001,Teresina,"Comércio a varejo de automóveis, camionetas e utilitários usados",T1,2013,2025,22.1486582836401,6.87905210957292,29.02771039321302
2211001,Teresina,Comércio a varejo de motocicletas e motonetas novas,T1,2013,2025,353.848235817471,311.934836121457,665.7830719389281
2211001,Teresina,Comércio a varejo de peças e acessórios novos para motocicletas e motonetas,T1,2018,2025,140.203917113023,250.448000637362,390.651917750385
2211001,Teresina,Comércio a varejo de peças e acessórios usados para veículos automotores,T1,2022,2025,19.4113376583256,13.4864223588922,32.8977600172178
2211001,Teresina,Comércio a varejo de pneumáticos e câmaras-de-ar,T1,2013,2025,87.5122228538943,12.909725062975,100.4219479168693
2211001,Teresina,Comércio atacadista de alimentos para animais,T1,2013,2025,50.6243285939968,51.7088365951156,102.3331651891124
2211001,Teresina,Comércio atacadista de aves vivas e ovos,T1,2013,2025,8.10372401188028,1.93022871947237,10.033952731352649
2211001,Teresina,Comércio atacadista de bebidas com atividade de fracionamento e acondicionamento associada,T1,2022,2025,10.2042632935114,8.63389497434405,18.838158267855448
2211001,Teresina,Comércio atacadista de calçados,T1,2013,2025,3.78578892371996,3.35441829755779,7.14020722127775
2211001,Teresina,Comércio atacadista de carnes e derivados de outros animais,T1,2022,2025,9.34035087719298,7.97542123075803,17.315772107951013
2211001,Teresina,Comércio atacadista de cereais e leguminosas beneficiados,T1,2018,2025,62.047752293578,60.9654737848467,123.01322607842471
2211001,Teresina,"Comércio atacadista de cereais e leguminosas beneficiados, farinhas, amidos e féculas, com atividade de fracionamento e acondicionamento associada",T1,2013,2025,32.3371180497579,31.3860457438945,63.7231637936524
2211001,Teresina,"Comércio atacadista de cerveja, chope e refrigerante",T1,2013,2025,361.914510117459,244.3450384309,606.2595485483589
2211001,Teresina,Comércio atacadista de combustíveis realizado por transportador retalhista (TRR),T1,2013,2025,108.889573536566,110.063254892673,218.952828429239
2211001,Teresina,"Comércio atacadista de defensivos agrícolas, adubos, fertilizantes e corretivos do solo",T1,2022,2025,19.1973568281938,9.72963353833837,28.92699036653217
2211001,Teresina,Comércio atacadista de embalagens,T1,2018,2025,51.7932553547015,53.3251128059159,105.1183681606174
2211001,Teresina,Comércio atacadista de equipamentos de informática,T1,2013,2025,16.2451443795119,10.8037189341256,27.048863313637497
2211001,Teresina,Comércio atacadista de equipamentos elétricos de uso pessoal e doméstico,T1,2022,2025,8.04901960784314,6.60931620510208,14.658335812945221
2211001,Teresina,Comércio atacadista de ferragens e ferramentas,T1,2018,2025,8.77358420819163,16.5959701308766,25.36955433906823
2211001,Teresina,"Comércio atacadista de instrumentos e materiais para uso médico, cirúrgico, hospitalar e de laboratórios",T1,2013,2025,120.168170524389,162.809280829045,282.977451353434
2211001,Teresina,"Comércio atacadista de jóias, relógios e bijuterias, inclusive pedras preciosas e semipreciosas lapidadas",T1,2022,2025,2.0185879178534,1.65847374358601,3.67706166143941
2211001,Teresina,Comércio atacadista de leite e laticínios,T1,2013,2025,110.328113043922,107.544182975578,217.8722960195
2211001,Teresina,Comércio atacadista de massas alimentícias,T1,2018,2025,3.27386080253911,2.33004512236635,5.60390592490546
2211001,Teresina,Comércio atacadista de materiais de construção em geral,T1,2022,2025,290.428826960467,280.336373230467,570.765200190934
2211001,Teresina,Comércio atacadista de material elétrico,T1,2022,2025,4.48653306415875,3.97542123075803,8.46195429491678
2211001,Teresina,Comércio atacadista de matérias-primas agrícolas com atividade de fracionamento e acondicionamento associada,T1,2022,2025,0.84053738317757,0.658473743586011,1.4990111267635808
2211001,Teresina,Comércio atacadista de medicamentos e drogas de uso humano,T1,2013,2025,634.420929996961,763.135724589317,1397.556654586278
2211001,Teresina,Comércio atacadista de medicamentos e drogas de uso veterinário,T1,2013,2025,133.098309926208,142.772091487789,275.870401413997
2211001,Teresina,"Comércio atacadista de mercadorias em geral, com predominância de insumos agropecuários",T1,2018,2025,108.371683763707,108.665022561183,217.03670632489
2211001,Teresina,"Comércio atacadista de mercadorias em geral, com predominância de produtos alimentícios",T1,2013,2025,94.1201800450111,1880.81945012595,1974.939630170961
2211001,Teresina,"Comércio atacadista de máquinas e equipamentos para uso comercial, partes e peças",T1,2013,2025,49.660394571787,49.6772091487789,99.33760372056591
2211001,Teresina,"Comércio atacadista de máquinas, aparelhos e equipamentos para uso agropecuário, partes e peças",T1,2018,2025,31.7188611018262,35.3103158565645,67.0291769583907
2211001,Teresina,"Comércio atacadista de máquinas, aparelhos e equipamentos para uso odonto-médico-hospitalar, partes e peças",T1,2022,2025,5.89278647238712,3.26778994868809,9.16057642107521
2211001,Teresina,"Comércio atacadista de máquinas, equipamentos para terraplenagem, mineração e construção, partes e peças",T1,2013,2025,33.271580102414,36.8986012731357,70.1701813755497
2211001,Teresina,Comércio atacadista de mármores e granitos,T1,2018,2025,9.91042204995693,11.3201804894654,21.23060253942233
2211001,Teresina,"Comércio atacadista de outras máquinas e equipamentos não especificados anteriormente, partes e peças",T1,2022,2025,5.28843231606939,3.60931620510208,8.897748521171469
2211001,Teresina,Comércio atacadista de outros produtos químicos e petroquímicos não especificados anteriormente,T1,2022,2025,1.53554730473047,0.292368717930056,1.827916022660526
2211001,Teresina,Comércio atacadista de produtos de higiene pessoal,T1,2013,2025,498.223870755028,524.214875736502,1022.43874649153
2211001,Teresina,"Comércio atacadista de produtos de higiene, limpeza e conservação domiciliar",T1,2013,2025,58.2913580246914,40.5376665877236,98.829024612415
2211001,Teresina,"Comércio atacadista de pães, bolos, biscoitos e similares",T1,2013,2025,122.959351059036,122.18976467802,245.14911573705598
2211001,Teresina,Comércio atacadista de resíduos e sucatas metálicos,T1,2018,2025,70.5756243925115,69.6304963460299,140.20612073854141
2211001,Teresina,"Comércio atacadista de resíduos e sucatas não-metálicos, exceto de papel e papelão",T1,2013,2025,4.3125269048644,4.09488233901005,8.40740924387445
2211001,Teresina,Comércio atacadista de roupas e acessórios para uso profissional e de segurança do trabalho,T1,2018,2025,3.99130897481376,8.65515792828224,12.646466903096
2211001,Teresina,Comércio atacadista de soja,T1,2013,2025,13.0573683277177,15.3860457438945,28.443414071612203
2211001,Teresina,Comércio atacadista de sorvetes,T1,2013,2025,21.3655731523379,23.373012968186,44.738586120523905
2211001,Teresina,Comércio atacadista de tecidos,T1,2013,2025,12.7853007397877,12.3544182975578,25.1397190373455
2211001,Teresina,Comércio atacadista de água mineral,T1,2018,2025,27.0525748761043,26.6650225611832,53.717597437287495
2211001,Teresina,"Comércio atacadista de álcool carburante, biodiesel, gasolina e demais derivados de petróleo, exceto lubrificantes, não realizado por transportador re",T1,2013,2025,18.0198811977209,4.56929403406033,22.58917523178123
2211001,Teresina,Comércio atacadista especializado de materiais de construção não especificados anteriormente,T1,2013,2025,9.71840235893312,20.9934836121457,30.71188597107882
2211001,Teresina,Comércio atacadista especializado em outros produtos alimentícios não especificados anteriormente,T1,2022,2025,26.8347679324895,23.2432111794461,50.0779791119356
2211001,Teresina,"Comércio por atacado de automóveis, camionetas e utilitários novos e usados",T1,2022,2025,1.15817944413356,0.658473743586011,1.816653187719571
2211001,Teresina,Comércio por atacado de motocicletas e motonetas,T1,2022,2025,0.262323943661972,0.658473743586011,0.9207976872479829
2211001,Teresina,Comércio por atacado de peças e acessórios novos para veículos automotores,T1,2013,2025,589.636252442932,647.985058238422,1237.6213106813539
2211001,Teresina,Comércio por atacado de peças e acessórios para motocicletas e motonetas,T1,2013,2025,231.137329591018,271.309758075513,502.447087666531
2211001,Teresina,Comércio por atacado de pneumáticos e câmaras-de-ar,T1,2013,2025,36.5992382564537,55.0883659511558,91.6876042076095
2211001,Teresina,Comércio sob consignação de veículos automotores,T1,2013,2025,4.20964962665135,11.8037189341256,16.01336856077695
2211001,Teresina,Comércio varejista de animais vivos e de artigos e alimentos para animais de estimação,T1,2013,2025,207.976872087997,263.727431265744,471.704303353741
2211001,Teresina,"Comércio varejista de artigos de caça, pesca e camping",T1,2022,2025,6.20442792501616,2.24321117944612,8.44763910446228
2211001,Teresina,Comércio varejista de artigos de colchoaria,T1,2018,2025,17.8479156265602,14.9753384177476,32.8232540443078
2211001,Teresina,Comércio varejista de artigos de iluminação,T1,2013,2025,49.4169702164131,43.1265097853467,92.5434800017598
2211001,Teresina,Comércio varejista de artigos de papelaria,T1,2013,2025,86.1234257925548,7.4985682605981,93.6219940531529
2211001,Teresina,Comércio varejista de artigos esportivos,T1,2013,2025,82.1390140025125,72.4362678608593,154.5752818633718
2211001,Teresina,Comércio varejista de bebidas,T1,2013,2025,151.21862414281,110.397169533734,261.615793676544
2211001,Teresina,Comércio varejista de carnes - açougues,T1,2013,2025,177.01460214447,150.916241450829,327.930843595299
2211001,Teresina,Comércio varejista de combustíveis para veículos automotores,T1,2013,2025,350.835901905514,156.808161273423,507.644063178937
2211001,Teresina,"Comércio varejista de doces, balas, bombons e semelhantes",T1,2013,2025,66.6246329010979,57.0502221169649,123.6748550180628
2211001,Teresina,"Comércio varejista de embarcações e outros veículos recreativos, peças e acessórios",T1,2018,2025,13.1891891891892,13.3300451223664,26.5192343115556
2211001,Teresina,Comércio varejista de gás liqüefeito de petróleo (GLP),T1,2018,2025,230.155907853322,158.354286624804,388.510194478126
2211001,Teresina,Comércio varejista de hortifrutigranjeiros,T1,2013,2025,40.6464557598391,79.6129997631709,120.25945552301
2211001,Teresina,Comércio varejista de laticínios e frios,T1,2022,2025,14.9297352998003,11.2186324102042,26.1483677100045
2211001,Teresina,Comércio varejista de lubrificantes,T1,2022,2025,49.8604269293924,44.6313184613705,94.4917453907629
2211001,Teresina,Comércio varejista de madeira e artefatos,T1,2013,2025,88.7129758313278,10.7897316654825,99.5027074968103
2211001,Teresina,Comércio varejista de material elétrico,T1,2013,2025,116.632677745928,101.404640414523,218.037318160451
2211001,Teresina,Comércio varejista de medicamentos veterinários,T1,2013,2025,31.7954554267323,30.9237123316181,62.719167758350395
2211001,Teresina,"Comércio varejista de mercadorias em geral, com predominância de produtos alimentícios - hipermercados",T1,2013,2025,425.050405971311,734.798946469453,1159.849352440764
2211001,Teresina,"Comércio varejista de mercadorias em geral, com predominância de produtos alimentícios - minimercados, mercearias e armazéns",T1,2013,2025,424.995185788448,225.188645122398,650.1838309108459
2211001,Teresina,"Comércio varejista de mercadorias em geral, com predominância de produtos alimentícios - supermercados",T1,2018,2025,2097.44181007725,1613.77090440287,3711.2127144801198
2211001,Teresina,Comércio varejista de mercadorias em lojas de conveniência,T1,2013,2025,147.77050413845,172.677209148779,320.447713287229
2211001,Teresina,Comércio varejista de outros artigos de uso doméstico não especificados anteriormente,T1,2018,2025,16.1560298570101,0.718857962323185,16.874887819333285
2211001,Teresina,Comércio varejista de produtos alimentícios em geral ou especializado em produtos alimentícios não especificados anteriormente,T1,2013,2025,223.101655445545,228.352509311689,451.454164757234
2211001,Teresina,"Comércio varejista de produtos farmacêuticos, com manipulação de fórmulas",T1,2018,2025,151.867554967993,123.201384814839,275.068939782832
2211001,Teresina,"Comércio varejista de produtos farmacêuticos, sem manipulação de fórmulas",T1,2013,2025,44.3192102862859,325.064833753167,369.38404403945293
2211001,Teresina,Comércio varejista de produtos saneantes domissanitários,T1,2013,2025,72.567052455807,75.5125555292412,148.0796079850482
2211001,Teresina,"Comércio varejista de suvenires, bijuterias e artesanatos",T1,2013,2025,358.316197866149,329.283692524096,687.599890390245
2211001,Teresina,Comércio varejista especializado de equipamentos de telefonia e comunicação,T1,2022,2025,327.273372841524,233.809913024491,561.083285866015
2211001,Teresina,"Comércio varejista especializado de peças e acessórios para aparelhos eletroeletrônicos para uso doméstico, exceto informática e comunicação",T1,2018,2025,47.7742146146972,18.3296250425512,66.1038396572484
2211001,Teresina,"Confecção, sob medida, de peças do vestuário, exceto roupas íntimas",T1,2018,2025,88.3763842652354,14.4036097893082,102.77999405454361
2211001,Teresina,"Confecção, sob medida, de roupas profissionais",T1,2018,2025,93.3695728291317,87.6255640295794,180.99513685871108
2211001,Teresina,Construção de estações e redes de distribuição de energia elétrica,T1,2018,2025,3743.58763848932,3753.86682745584,7497.45446594516
2211001,Teresina,"Construção de redes de abastecimento de água, coleta de esgoto e construções correlatas, exceto obras de irrigação",T1,2013,2025,8.31386233585817,11.7088365951156,20.022698930973768
2211001,Teresina,Construção de rodovias e ferrovias,T1,2022,2025,861.470436314299,695.909618253939,1557.380054568238
2211001,Teresina,Consultoria em tecnologia da informação,T1,2018,2025,209.552258464399,217.955609151946,427.507867616345
2211001,Teresina,Cooperativas de crédito mútuo,T1,2022,2025,9.15298409920098,5.38810728192438,14.541091381125359
2211001,Teresina,Correspondentes de instituições financeiras,T1,2018,2025,46.8980593109464,51.9753384177476,98.873397728694
2211001,Teresina,"Corretores e agentes de seguros, de planos de previdência complementar e de saúde",T1,2018,2025,43.4367874290703,41.8618951393868,85.29868256845711
2211001,Teresina,Criação de bovinos para leite,T1,2022,2025,3.07699493583755,0.950842461516067,4.0278373973536175
2211001,Teresina,Criação de frangos para corte,T1,2022,2025,109.001258459645,23.4243822555406,132.4256407151856
2211001,Teresina,"Criação de ovinos, inclusive para produção de lã",T1,2022,2025,0.940896739130435,0.658473743586011,1.5993704827164459
2211001,Teresina,Cultivo de outras plantas de lavoura temporária não especificadas anteriormente,T1,2013,2025,7.00186082741908,6.67720914877889,13.679069976197969
2211001,Teresina,Cultivo de soja,T1,2018,2025,2.70855313682004,3.32511280591588,6.0336659427359205
2211001,Teresina,"Decoração, lapidação, gravação, vitrificação e outros trabalhos em cerâmica, louça, vidro e cristal",T1,2018,2025,0.63961192617132,0.655157928282236,1.294769854453556
2211001,Teresina,Defesa,T1,2018,2025,441.173773264559,446.901353670991,888.07512693555
2211001,Teresina,Defesa Civil,T1,2022,2025,237.505989817311,201.613282870556,439.119272687867
2211001,Teresina,"Depósitos de mercadorias para terceiros, exceto armazéns gerais e guarda-móveis",T1,2022,2025,41.9735390539626,42.6093162051021,84.5828552590647
2211001,Teresina,Desenvolvimento e licenciamento de programas de computador não-customizáveis,T1,2013,2025,48.5017538301387,63.5758104219146,112.0775642520533
2211001,Teresina,Educação infantil - creche,T1,2013,2025,219.991033079647,434.398124026668,654.389157106315
2211001,Teresina,Educação infantil - pré-escola,T1,2013,2025,270.074601085705,470.419417113412,740.494018199117
2211001,Teresina,Educação profissional de nível tecnológico,T1,2018,2025,2769.29500518749,2770.33004512237,5539.62505030986
2211001,Teresina,Educação profissional de nível técnico,T1,2018,2025,119.771929245049,123.512120751219,243.28404999626798
2211001,Teresina,Educação superior - graduação,T1,2018,2025,702.435925338268,12.351237424766,714.7871627630341
2211001,Teresina,Ensino de arte e cultura não especificado anteriormente,T1,2018,2025,4.56343984962406,4.66502256118318,9.22846241080724
2211001,Teresina,Ensino de dança,T1,2018,2025,10.8362668849775,7.65022561183177,18.48649249680927
2211001,Teresina,Ensino de esportes,T1,2018,2025,29.61941062692,30.9901353670991,60.6095459940191
2211001,Teresina,Ensino de música,T1,2018,2025,0.951972157772622,0.665022561183177,1.616994718955799
2211001,Teresina,Ensino fundamental,T1,2018,2025,39267.9508700843,46384.8703908915,85652.82126097579
2211001,Teresina,Envasamento e empacotamento sob contrato,T1,2022,2025,24.1837016574586,17.7296335383384,41.913335195797
2211001,Teresina,Estacionamento de veículos,T1,2013,2025,229.42604736405,178.866019333864,408.292066697914
2211001,Teresina,"Estamparia e texturização em fios, tecidos, artefatos têxteis e peças do vestuário",T1,2018,2025,12.3592690017998,10.3251128059159,22.684381807715702
2211001,Teresina,"Extração de areia, cascalho ou pedregulho e beneficiamento associado",T1,2022,2025,14.7866372711127,5.38810728192438,20.17474455303708
2211001,Teresina,"Fabricação de acessórios do vestuário, exceto para segurança e proteção",T1,2022,2025,16.8586732944806,2.04658102551039,18.905254319990988
2211001,Teresina,Fabricação de aditivos de uso industrial,T1,2018,2025,0.10077519379845,0.330045122366353,0.43082031616480304
2211001,Teresina,Fabricação de amidos e féculas de vegetais,T1,2013,2025,236.453922214898,235.803718934126,472.25764114902404
2211001,Teresina,Fabricação de aparelhos e equipamentos para distribuição e controle de energia elétrica,T1,2013,2025,50.9565103680179,49.0632548926734,100.0197652606913
2211001,Teresina,Fabricação de artefatos de joalheria e ourivesaria,T1,2022,2025,4.06622784810127,2.97542123075803,7.041649078859299
2211001,Teresina,Fabricação de artefatos de material plástico para outros usos não especificados anteriormente,T1,2013,2025,69.9674491240057,66.4176731902312,136.3851223142369
2211001,Teresina,"Fabricação de artefatos de material plástico para uso na construção, exceto tubos e acessórios",T1,2018,2025,0.741851119474389,0.660090244732706,1.401941364207095
2211001,Teresina,"Fabricação de artefatos diversos de cortiça, bambu, palha, vime e outros materiais trançados, exceto móveis",T1,2013,2025,8.14909090909091,7.35441829755779,15.503509206648701
2211001,Teresina,"Fabricação de artefatos diversos de madeira, exceto móveis",T1,2018,2025,41.9311226820133,41.6650225611832,83.5961452431965
2211001,Teresina,Fabricação de artefatos para pesca e esporte,T1,2013,2025,7.08449704142012,7.35441829755779,14.43891533897791
2211001,Teresina,Fabricação de artefatos têxteis para uso doméstico,T1,2022,2025,5.01182010378628,4.65847374358601,9.67029384737229
2211001,Teresina,Fabricação de artigos de vidro,T1,2018,2025,17.5235566108473,12.5959701308766,30.119526741723902
2211001,Teresina,"Fabricação de artigos do vestuário, produzidos em malharias e tricotagens, exceto meias",T1,2022,2025,46.914459049545,41.2186324102042,88.13309145974921
2211001,Teresina,"Fabricação de artigos para viagem, bolsas e semelhantes de qualquer material",T1,2018,2025,30.3928571428571,22.9556091519458,53.348466294802904
2211001,Teresina,Fabricação de artigos ópticos,T1,2018,2025,105.637508283632,105.665022561183,211.302530844815
2211001,Teresina,Fabricação de calçados de couro,T1,2022,2025,69.6896722587952,62.8771061537902,132.5667784125854
2211001,Teresina,Fabricação de calçados de materiais não especificados anteriormente,T1,2013,2025,7.29397019913661,6.77209148778895,14.066061686925561
2211001,Teresina,Fabricação de conservas de frutas,T1,2013,2025,80.5730524401334,119.296725299804,199.86977773993738
2211001,Teresina,"Fabricação de conservas de peixes, crustáceos e moluscos",T1,2022,2025,56.8848353381976,55.633894974344,112.5187303125416
2211001,Teresina,"Fabricação de cosméticos, produtos de perfumaria e de higiene pessoal",T1,2013,2025,74.1111936142565,73.2781306291759,147.3893242434324
2211001,Teresina,Fabricação de embalagens de cartolina e papel-cartão,T1,2013,2025,42.7658221024259,43.3795293560402,86.14535145846611
2211001,Teresina,Fabricação de embalagens de papel,T1,2018,2025,82.5493191630687,82.6551579282822,165.2044770913509
2211001,Teresina,Fabricação de equipamentos e acessórios para segurança pessoal e profissional,T1,2018,2025,40.554802955665,40.6650225611832,81.2198255168482
2211001,Teresina,"Fabricação de especiarias, molhos, temperos e condimentos",T1,2018,2025,1.14766641162969,0.59103781442612,1.7387042260558099
2211001,Teresina,Fabricação de esquadrias de metal,T1,2022,2025,91.396219587842,7.88364933221732,99.27986892005931
2211001,Teresina,Fabricação de estruturas metálicas,T1,2022,2025,151.934460135284,126.579584409913,278.514044545197
2211001,Teresina,Fabricação de gases industriais,T1,2013,2025,4.62511715089035,3.70883659511558,8.33395374600593
2211001,Teresina,Fabricação de gelo comum,T1,2018,2025,29.8341601700921,30.9013536709906,60.7355138410827
2211001,Teresina,"Fabricação de instrumentos musicais, peças e acessórios",T1,2018,2025,5.16781465247339,3.66009024473271,8.8279048972061
2211001,Teresina,Fabricação de laticínios,T1,2013,2025,19.345895470705,10.1832482901659,29.529143760870898
2211001,Teresina,"Fabricação de letras, letreiros e placas de qualquer material, exceto luminosos",T1,2013,2025,75.7410983705492,98.3413855218493,174.0824838923985
2211001,Teresina,Fabricação de massas alimentícias,T1,2022,2025,69.9396487493348,18.3286436915463,88.2682924408811
2211001,Teresina,"Fabricação de mobiliário para uso médico, cirúrgico, odontológico e de laboratório",T1,2013,2025,0.41216795201371,0.677209148778895,1.089377100792605
2211001,Teresina,"Fabricação de máquinas e aparelhos de refrigeração e ventilação para uso industrial e comercial, peças e acessórios",T1,2018,2025,111.122942206655,109.310315856564,220.433258063219
2211001,Teresina,"Fabricação de máquinas e equipamentos para uso industrial específico não especificados anteriormente, peças e acessórios",T1,2022,2025,0.950165234633179,0.658473743586011,1.60863897821919
2211001,Teresina,"Fabricação de máquinas, equipamentos e aparelhos para transporte e elevação de pessoas, peças e acessórios",T1,2018,2025,12.2286348501665,9.65022561183177,21.878860461998272
2211001,Teresina,Fabricação de móveis com predominância de metal,T1,2013,2025,355.016928137652,278.38509125096,633.402019388612
2211001,Teresina,"Fabricação de móveis de outros materiais, exceto madeira e metal",T1,2018,2025,10.5420076377523,8.65022561183176,19.19223324958406
2211001,Teresina,Fabricação de outras aguardentes e bebidas destiladas,T1,2013,2025,12.2777258275669,11.6772091487789,23.9549349763458
2211001,Teresina,"Fabricação de outras máquinas e equipamentos de uso geral não especificados anteriormente, peças e acessórios",T1,2013,2025,16.470532661508,15.0316274463367,31.5021601078447
2211001,Teresina,"Fabricação de outros artefatos e produtos de concreto, cimento, fibrocimento, gesso e materiais semelhantes",T1,2018,2025,146.272838002436,117.861895139387,264.134733141823
2211001,Teresina,Fabricação de outros artigos de carpintaria para construção,T1,2018,2025,7.64112566174422,6.66009024473271,14.30121590647693
2211001,Teresina,Fabricação de outros brinquedos e jogos recreativos não especificados anteriormente,T1,2013,2025,36.7318439666643,23.6706927609246,60.402536727588895
2211001,Teresina,Fabricação de outros produtos alimentícios não especificados anteriormente,T1,2013,2025,23.7811894638859,0.208359348648279,23.98954881253418
2211001,Teresina,Fabricação de outros produtos de metal não especificados anteriormente,T1,2018,2025,98.3076515121382,94.6058347637775,192.9134862759157
2211001,Teresina,Fabricação de outros produtos de minerais não-metálicos não especificados anteriormente,T1,2013,2025,21.8977921487395,21.6772091487789,43.5750012975184
2211001,Teresina,Fabricação de outros produtos químicos inorgânicos não especificados anteriormente,T1,2018,2025,1.93709831806372,0.640360978930825,2.577459296994545
2211001,Teresina,Fabricação de painéis e letreiros luminosos,T1,2013,2025,140.321288637353,140.708836595116,281.030125232469
2211001,Teresina,"Fabricação de partes para calçados, de qualquer material",T1,2013,2025,8.91656184486373,8.03162744633669,16.94818929120042
2211001,Teresina,Fabricação de produtos cerâmicos não-refratários não especificados anteriormente,T1,2013,2025,4.23744664825508,3.67720914877889,7.91465579703397
2211001,Teresina,Fabricação de produtos de carne,T1,2013,2025,18.2829237050676,18.7088365951156,36.9917603001832
2211001,Teresina,Fabricação de produtos de limpeza e polimento,T1,2013,2025,0.528296613722104,8.87253572171866,9.400832335440763
2211001,Teresina,Fabricação de produtos de panificação industrial,T1,2013,2025,309.376267154295,417.548790377563,726.9250575318581
2211001,Teresina,"Fabricação de produtos de trefilados de metal, exceto padronizados",T1,2013,2025,58.0992628992629,57.6772091487789,115.7764720480418
2211001,Teresina,Fabricação de produtos diversos não especificados anteriormente,T1,2018,2025,14.9325816485226,13.6551579282822,28.5877395768048
2211001,Teresina,Fabricação de produtos do arroz,T1,2022,2025,2.28464419475655,0.975421230758033,3.260065425514583
2211001,Teresina,Fabricação de pós alimentícios,T1,2013,2025,6.11314083677077,7.35441829755779,13.46755913432856
2211001,Teresina,"Fabricação de refrescos, xaropes e pós para refrescos, exceto refrescos de frutas",T1,2013,2025,9.88761467889908,7.74046404145226,17.62807872035134
2211001,Teresina,Fabricação de sabões e detergentes sintéticos,T1,2013,2025,18.8669201520913,18.3544182975578,37.221338449649096
2211001,Teresina,Fabricação de sorvetes e outros gelados comestíveis,T1,2022,2025,24.6569069339776,14.0685832817788,38.725490215756395
2211001,Teresina,"Fabricação de sucos de frutas, hortaliças e legumes, exceto concentrados",T1,2018,2025,10.2683302958082,8.99506768354953,19.26339797935773
2211001,Teresina,"Fabricação de tintas, vernizes, esmaltes e lacas",T1,2022,2025,6.02071563088512,4.26778994868809,10.288505579573211
2211001,Teresina,"Fabricação de velas, inclusive decorativas",T1,2018,2025,157.019230769231,192.655157928282,349.674388697513
2211001,Teresina,Fabricação de vidro plano e de segurança,T1,2022,2025,12.327210445316,3.43726482040831,15.764475265724311
2211001,Teresina,Fabricação de águas envasadas,T1,2018,2025,11.8994900560938,10.8470981900354,22.7465882461292
2211001,Teresina,"Fabricação de óleos vegetais refinados, exceto óleo de milho",T1,2013,2025,252.214572864322,252.031627446337,504.246200310659
2211001,Teresina,"Facção de peças do vestuário, exceto roupas íntimas",T1,2022,2025,18.1669173749932,15.9508424615161,34.1177598365093
2211001,Teresina,Facção de roupas profissionais,T1,2022,2025,52.9037037037037,52.975421230758,105.8791249344617
2211001,Teresina,Fornecimento de alimentos preparados preponderantemente para consumo domiciliar,T1,2013,2025,63.0220006123431,161.246503182839,224.2685037951821
2211001,Teresina,Fornecimento de alimentos preparados preponderantemente para empresas,T1,2013,2025,59.9608292706473,67.2585814656131,127.21941073626041
2211001,Teresina,Frigorífico - abate de bovinos,T1,2013,2025,16.1999085307144,18.5376665877236,34.737575118438
2211001,Teresina,Gestão de ativos intangíveis não-financeiros,T1,2022,2025,62.0261712439418,61.975421230758,124.0015924746998
2211001,Teresina,Gestão de instalações de esportes,T1,2018,2025,102.292682926829,108.990135367099,211.28281829392802
2211001,Teresina,Gestão e administração da propriedade imobiliária,T1,2018,2025,295.308888727378,311.245775662893,606.554664390271
2211001,Teresina,Gestão e manutenção de cemitérios,T1,2018,2025,69.9321393361814,70.9950676835495,140.92720701973087
2211001,Teresina,Higiene e embelezamento de animais doméstico,T1,2018,2025,12.5523061825319,46.9654737848467,59.5177799673786
2211001,Teresina,Holdings de instituições não-financeiras,T1,2013,2025,92.0672215496368,95.0316274463367,187.0988489959735
2211001,Teresina,Impressão de jornais,T1,2022,2025,8.05303867403315,5.95084246151607,14.003881135549221
2211001,Teresina,"Impressão de livros, revistas e outras publicações periódicas",T1,2013,2025,195.20147964143,172.47441169505,367.67589133648005
2211001,Teresina,Impressão de material de segurança,T1,2018,2025,25.6275998336106,23.3251128059159,48.952712639526496
2211001,Teresina,Impressão de material para uso publicitário,T1,2013,2025,125.177823271758,134.85394105109,260.031764322848
2211001,Teresina,Imunização e controle de pragas urbanas,T1,2013,2025,37.4996133484028,45.5376665877236,83.0372799361264
2211001,Teresina,Incorporação de empreendimentos imobiliários,T1,2022,2025,325.212280751749,264.283452818516,589.495733570265
2211001,Teresina,"Instalação de portas, janelas, tetos, divisórias e armários embutidos de qualquer material",T1,2018,2025,60.5999439304738,61.9950676835495,122.59501161402329
2211001,Teresina,"Instalação e manutenção de sistemas centrais de ar condicionado, de ventilação e refrigeração",T1,2013,2025,196.396969494693,228.853941051091,425.250910545784
2211001,Teresina,Instalação e manutenção elétrica,T1,2013,2025,342.062625443487,441.814842723965,783.877468167452
2211001,Teresina,"Instalação, manutenção e reparação de elevadores, escadas e esteiras rolantes, exceto de fabricação própria",T1,2013,2025,34.629485859146,37.4176731902312,72.0471590493772
2211001,Teresina,Instalações de sistema de prevenção contra incêndio,T1,2013,2025,1.61678832116788,3.35441829755779,4.97120661872567
2211001,Teresina,"Instalações hidráulicas, sanitárias e de gás",T1,2013,2025,12.8657835541115,9.866973826799,22.7327573809105
2211001,Teresina,Justiça,T1,2013,2025,496.353187206442,25.7585635240166,522.1117507304585
2211001,Teresina,"Lanchonetes, casas de chá, de sucos e similares",T1,2013,2025,685.578385940566,253.152245211388,938.730631151954
2211001,Teresina,Lavanderias,T1,2013,2025,161.300742678707,91.8343918875277,253.13513456623468
2211001,Teresina,Limpeza em prédios e em domicílios,T1,2018,2025,2053.97547186223,351.61831403139,2405.59378589362
2211001,Teresina,Locação de mão-de-obra temporária,T1,2013,2025,434.011943762611,604.282738031161,1038.294681793772
2211001,Teresina,"Locação de outros meios de transporte não especificados anteriormente, sem condutor",T1,2022,2025,71.5974913204166,71.658473743586,143.2559650640026
2211001,Teresina,Loteamento de imóveis próprios,T1,2022,2025,21.9751937984496,17.1694748717202,39.1446686701698
2211001,Teresina,"Manutenção e reparação de aparelhos e instrumentos de medida, teste e controle",T1,2013,2025,2.63266583229036,3.35441829755779,5.987084129848149
2211001,Teresina,Manutenção e reparação de equipamentos e produtos não especificados anteriormente,T1,2013,2025,96.5312095730919,127.930228719472,224.4614382925639
2211001,Teresina,"Manutenção e reparação de equipamentos hidráulicos e pneumáticos, exceto válvulas",T1,2022,2025,4.18013856812933,1.21863241020416,5.39877097833349
2211001,Teresina,"Manutenção e reparação de geradores, transformadores e motores elétricos",T1,2013,2025,22.6358227079539,29.4493006365678,52.0851233445217
2211001,Teresina,Manutenção e reparação de motocicletas e motonetas,T1,2013,2025,3.95001063603489,12.7023202072613,16.65233084329619
2211001,Teresina,Manutenção e reparação de máquinas e equipamentos para uso geral não especificados anteriormente,T1,2022,2025,5.22364694174386,3.24321117944612,8.46685812118998
2211001,Teresina,"Manutenção e reparação de máquinas, equipamentos e aparelhos para transporte e elevação de cargas",T1,2022,2025,0.44057226705796,0.316947487172022,0.757519754229982
2211001,Teresina,Manutenção e reparação de máquinas-ferramenta,T1,2022,2025,1.38986825013917,0.975421230758033,2.3652894808972027
2211001,Teresina,Marketing direto,T1,2018,2025,55.4534772943792,74.6354286624804,130.0889059568596
2211001,Teresina,"Medição de consumo de energia elétrica, gás e água",T1,2013,2025,787.50345580211,789.354418297558,1576.8578740996682
2211001,Teresina,Metalurgia de outros metais não-ferrosos e suas ligas não especificados anteriormente,T1,2018,2025,3.64053468208092,2.33004512236635,5.97057980444727
2211001,Teresina,Moagem de trigo e fabricação de derivados,T1,2018,2025,33.9403351955307,32.3103158565645,66.25065105209521
2211001,Teresina,Moagem e fabricação de produtos de origem vegetal não especificados anteriormente,T1,2018,2025,1.02209812905689,0.665022561183177,1.687120690240067
2211001,Teresina,Montagem de estruturas metálicas,T1,2022,2025,4.46712825878843,0.486422358892245,4.9535506176806745
2211001,Teresina,Montagem e desmontagem de andaimes e outras estruturas temporárias,T1,2013,2025,11.2088297774083,12.7088365951156,23.917666372523897
2211001,Teresina,"Montagem e instalação de sistemas e equipamentos de iluminação e sinalização em vias públicas, portos e aeroportos",T1,2013,2025,90.7166482910695,93.4176731902312,184.1343214813007
2211001,Teresina,Obras de acabamento em gesso e estuque,T1,2013,2025,88.3642605307107,87.2530195706935,175.6172801014042
2211001,Teresina,Obras de alvenaria,T1,2013,2025,320.152028912333,324.544182975578,644.696211887911
2211001,Teresina,Obras de montagem industrial,T1,2013,2025,3.76235085507974,2.70883659511558,6.47118745019532
2211001,Teresina,"Obras de urbanização - ruas, praças e calçadas",T1,2013,2025,105.108493286103,122.201842960794,227.310336246897
2211001,Teresina,Operadores turísticos,T1,2022,2025,6.32981220657277,6.31694748717202,12.64675969374479
2211001,Teresina,Operação dos aeroportos e campos de aterrissagem,T1,2022,2025,284.720633033658,263.166898358747,547.887531392405
2211001,Teresina,"Organização de excursões em veículos rodoviários próprios, intermunicipal, interestadual e internacional",T1,2018,2025,20.1765765765766,10.6452932953813,30.8218698719579
2211001,Teresina,Outras atividades associativas profissionais,T1,2018,2025,5.09156201099385,27.3394896754521,32.43105168644595
2211001,Teresina,Outras atividades auxiliares dos serviços financeiros não especificadas anteriormente,T1,2018,2025,43.0069947333772,62.3152481730149,105.32224290639209
2211001,Teresina,Outras atividades de ensino não especificadas anteriormente,T1,2013,2025,734.157155363445,667.520815840277,1401.6779712037219
2211001,Teresina,Outras atividades de publicidade não especificadas anteriormente,T1,2022,2025,4.04888337468983,4.31694748717202,8.36583086186185
2211001,Teresina,Outras atividades de recreação e lazer não especificadas anteriormente,T1,2013,2025,71.4712016132999,55.9553397779548,127.42654139125469
2211001,Teresina,Outras atividades de serviços de segurança,T1,2022,2025,2.35549789166396,2.65847374358601,5.01397163524997
2211001,Teresina,Outras atividades de serviços pessoais não especificadas anteriormente,T1,2013,2025,31.0134113282922,20.5441829755779,51.557594303870104
2211001,Teresina,Outras atividades de serviços prestados principalmente às empresas não especificadas anteriormente,T1,2013,2025,207.858600891877,50.1106135308344,257.9692144227114
2211001,Teresina,Outras atividades de telecomunicações não especificadas anteriormente,T1,2018,2025,20.7790854978355,13.6255640295794,34.4046495274149
2211001,Teresina,"Outras atividades profissionais, científicas e técnicas não especificadas anteriormente",T1,2022,2025,5.92315021684847,4.19405364096219,10.117203857810662
2211001,Teresina,Outras obras de acabamento da construção,T1,2018,2025,43.1259170042702,49.9408122025944,93.06672920686461
2211001,Teresina,Outras obras de engenharia civil não especificadas anteriormente,T1,2018,2025,107.219721847893,133.295098827398,240.514820675291
2211001,Teresina,"Outras sociedades de participação, exceto holdings",T1,2013,2025,1.6110566829951,4.35441829755779,5.96547498055289
2211001,Teresina,"Outros serviços de acabamento em fios, tecidos, artefatos têxteis e peças do vestuário",T1,2022,2025,11.3533184335827,9.63389497434405,20.987213407926752
2211001,Teresina,Padaria e confeitaria com predominância de revenda,T1,2022,2025,113.393606669281,42.7904872811965,156.1840939504775
2211001,Teresina,Parques de diversão e parques temáticos,T1,2022,2025,5.9349582898853,4.5575821536446,10.4925404435299
2211001,Teresina,Peixaria,T1,2013,2025,38.9548605989084,35.3162744633668,74.27113506227519
2211001,Teresina,Pensões (alojamento),T1,2013,2025,53.6882332029861,41.2530195706935,94.9412527736796
2211001,Teresina,Perfurações e sondagens,T1,2022,2025,4.12213435577921,0.218632410204156,4.340766765983366
2211001,Teresina,Pesquisa e desenvolvimento experimental em ciências sociais e humanas,T1,2018,2025,0.927931437475653,0.665022561183177,1.59295399865883
2211001,Teresina,Pesquisas de mercado e de opinião pública,T1,2022,2025,4.62581580855693,2.95084246151607,7.5766582700730005
2211001,Teresina,Pintura para sinalização em pistas rodoviárias e aeroportos,T1,2013,2025,12.1269487750557,13.2530195706935,25.379968345749198
2211001,Teresina,Preparação de massa de concreto e argamassa para construção,T1,2013,2025,86.4606930437031,117.366496580332,203.8271896240351
2211001,Teresina,Preparação de subprodutos do abate,T1,2022,2025,7.04699623143427,5.63389497434404,12.680891205778309
2211001,Teresina,Preparação do leite,T1,2018,2025,23.0695981579143,16.6206317131289,39.6902298710432
2211001,Teresina,"Preservação de peixes, crustáceos e moluscos",T1,2013,2025,23.1670925889522,27.0316274463367,50.1987200352889
2211001,Teresina,Produção de alumínio e suas ligas em formas primárias,T1,2022,2025,0.774907513713484,0.658473743586011,1.4333812572994948
2211001,Teresina,Produção de ovos,T1,2013,2025,34.8977844079783,39.8353463804623,74.7331307884406
2211001,Teresina,Produção de pintos de um dia,T1,2013,2025,17.799388085668,15.5441829755779,33.343571061245896
2211001,Teresina,"Produção de relaminados, trefilados e perfilados de aço, exceto arames",T1,2013,2025,287.398536623336,18.6241235530102,306.02266017634616
2211001,Teresina,Produção e promoção de eventos esportivos,T1,2013,2025,57.4679284963197,57.0632548926734,114.5311833889931
2211001,Teresina,Produção musical,T1,2018,2025,2.72830905636479,6.64036097893082,9.36867003529561
2211001,Teresina,Promoção de vendas,T1,2022,2025,30.4876232836975,114.465810255104,144.9534335388015
2211001,Teresina,Recondicionamento e recuperação de motores para veículos automotores,T1,2022,2025,17.3423753665689,14.8771061537902,32.219481520359096
2211001,Teresina,"Recuperação de materiais metálicos, exceto alumínio",T1,2013,2025,4.92899271423615,4.35441829755779,9.283411011793941
2211001,Teresina,Recuperação de materiais não especificados anteriormente,T1,2018,2025,7.27510917030568,6.66009024473271,13.93519941503839
2211001,Teresina,Recuperação de materiais plásticos,T1,2013,2025,3.18692946058091,3.67720914877889,6.8641386093598005
2211001,Teresina,"Regulação das atividades de saúde, educação, serviços culturais e outros serviços sociais",T1,2013,2025,218.309728423244,386.955339777955,605.265068201199
2211001,Teresina,Regulação das atividades econômicas,T1,2013,2025,300.081127982646,325.56929403406,625.650422016706
2211001,Teresina,Reparação de artigos do mobiliário,T1,2022,2025,204.555407209613,186.336373230467,390.89178044007997
2211001,Teresina,"Reparação de bicicletas, triciclos e outros veículos não-motorizados",T1,2018,2025,1.86107091172214,1.66502256118318,3.5260934729053197
2211001,Teresina,Reparação de jóias,T1,2018,2025,9.24793388429752,10.9654737848467,20.21340766914422
2211001,Teresina,Reparação e manutenção de equipamentos de comunicação,T1,2013,2025,13.9902826855124,14.3479019097035,28.3381845952159
2211001,Teresina,Reparação e manutenção de equipamentos eletroeletrônicos de uso pessoal e doméstico,T1,2022,2025,59.8354313785692,11.0168492303213,70.8522806088905
2211001,Teresina,"Representantes comerciais e agentes do comércio de eletrodomésticos, móveis e artigos de uso doméstico",T1,2013,2025,13.3931841302136,17.2213921243568,30.6145762545704
2211001,Teresina,"Representantes comerciais e agentes do comércio de madeira, material de construção e ferragens",T1,2013,2025,20.3644482857966,21.7720914877889,42.1365397735855
2211001,Teresina,Representantes comerciais e agentes do comércio de matérias-primas agrícolas e animais vivos,T1,2018,2025,1.99085086916743,1.66502256118318,3.65587343035061
2211001,Teresina,"Representantes comerciais e agentes do comércio de motocicletas e motonetas, peças e acessórios",T1,2013,2025,1.90322580645161,1.67720914877889,3.5804349552305004
2211001,Teresina,"Representantes comerciais e agentes do comércio de máquinas, equipamentos, embarcações e aeronaves",T1,2018,2025,16.8105992171033,15.3152481730149,32.125847390118196
2211001,Teresina,Representantes comerciais e agentes do comércio de peças e acessórios novos e usados para veículos automotores,T1,2013,2025,11.0119047619048,10.0316274463367,21.0435322082415
2211001,Teresina,Restaurantes e similares,T1,2013,2025,2114.2277840366,2076.49807307253,4190.72585710913
2211001,Teresina,Segurança e ordem pública,T1,2013,2025,8637.39308186106,8701.41846262048,17338.81154448154
2211001,Teresina,Seguridade social obrigatória,T1,2022,2025,3859.94005840837,4135.6275555879,7995.567613996271
2211001,Teresina,Seleção e agenciamento de mão-de-obra,T1,2013,2025,7932.4773981081,7599.33358451569,15531.810982623789
2211001,Teresina,Serviço de laboratório óptico,T1,2022,2025,5.62727807172252,5.31694748717202,10.94422555889454
2211001,Teresina,Serviço de pulverização e controle de pragas agrícolas,T1,2013,2025,0.804020848845867,0.35441829755779,1.158439146403657
2211001,Teresina,Serviço de táxi,T1,2018,2025,19.148,3.96547378484671,23.11347378484671
2211001,Teresina,Serviços advocatícios,T1,2013,2025,68.2550019984483,66.9413525093117,135.19635450776
2211001,Teresina,Serviços ambulantes de alimentação,T1,2013,2025,35.974055021248,13.6706927609246,49.6447477821726
2211001,Teresina,Serviços combinados de escritório e apoio administrativo,T1,2013,2025,506.933790814825,2320.78782267961,2827.721613494435
2211001,Teresina,"Serviços combinados para apoio a edifícios, exceto condomínios prediais",T1,2013,2025,314.622391853656,329.09488233901,643.717274192666
2211001,Teresina,Serviços de alimentação para eventos e recepções - bufê,T1,2013,2025,68.6914798871901,169.784169770563,238.4756496577531
2211001,Teresina,Serviços de arquitetura,T1,2018,2025,0.934065934065931,16.916150620342,17.85021655440793
2211001,Teresina,Serviços de borracharia para veículos automotores,T1,2013,2025,18.7303468208092,19.3544182975578,38.084765118367
2211001,Teresina,"Serviços de cartografia, topografia e geodésia",T1,2013,2025,101.910968334098,100.18976467802,202.10073301211798
2211001,Teresina,Serviços de comunicação multimídia - SCM,T1,2013,2025,899.989943010392,1196.89860127314,2096.888544283532
2211001,Teresina,Serviços de corte e dobra de metais,T1,2022,2025,1.16270237857286,1.31694748717202,2.47964986574488
2211001,Teresina,"Serviços de diagnóstico por imagem com uso de radiação ionizante, exceto tomografia",T1,2013,2025,109.310344827586,124.948823390101,234.25916821768698
2211001,Teresina,Serviços de diagnóstico por métodos ópticos - endoscopia e outros exames análogos,T1,2013,2025,35.5390763765542,38.0316274463367,73.57070382289089
2211001,Teresina,Serviços de engenharia,T1,2018,2025,675.803575831599,1026.7673409672,1702.5709167987989
2211001,Teresina,Serviços de entrega rápida,T1,2013,2025,36.4915555814835,28.8855684974272,65.3771240789107
2211001,Teresina,Serviços de hemoterapia,T1,2018,2025,15.0075800915332,15.6255640295794,30.6331441211126
2211001,Teresina,"Serviços de lavagem, lubrificação e polimento de veículos automotores",T1,2022,2025,83.0649222684476,44.3532224607882,127.4181447292358
2211001,Teresina,Serviços de manutenção e reparação mecânica de veículos automotores,T1,2013,2025,367.914283869093,340.008260311035,707.9225441801279
2211001,Teresina,"Serviços de organização de feiras, congressos, exposições e festas",T1,2013,2025,25.1621810352353,252.391607638814,277.5537886740493
2211001,Teresina,Serviços de perícia técnica relacionados à segurança do trabalho,T1,2022,2025,11.5143010608299,11.633894974344,23.148196035173903
2211001,Teresina,Serviços de reboque de veículos,T1,2018,2025,26.9642559636501,23.6156993966785,50.5799553603286
2211001,Teresina,Serviços de reservas e outros serviços de turismo não especificados anteriormente,T1,2013,2025,67.5798249270529,84.7023202072613,152.2821451343142
2211001,Teresina,Serviços de telecomunicações por fio não especificados anteriormente,T1,2013,2025,4.82926282769438,3.67720914877889,8.50647197647327
2211001,Teresina,"Serviços de usinagem, tornearia e solda",T1,2013,2025,34.1584634158743,38.5125555292412,72.67101894511549
2211001,Teresina,Serviços de vacinação e imunização humana,T1,2013,2025,12.7846750727449,18.0316274463367,30.8163025190816
2211001,Teresina,"Sociedades de crédito, financiamento e investimento - financeiras",T1,2022,2025,10.2460206646188,11.633894974344,21.8799156389628
2211001,Teresina,Sociedades de fomento mercantil - factoring,T1,2022,2025,4.37257737923055,1.29236871793006,5.66494609716061
2211001,Teresina,"Suporte técnico, manutenção e outros serviços em tecnologia da informação",T1,2013,2025,14.1509244627966,69.5246338120151,83.67555827481169
2211001,Teresina,Tabacaria,T1,2018,2025,0.773878020713464,0.330045122366353,1.103923143079817
2211001,Teresina,Testes e análises técnicas,T1,2013,2025,131.089306556123,135.740464041452,266.829770597575
2211001,Teresina,Toalheiros,T1,2018,2025,0.520813771517997,1.33004512236635,1.850858893884347
2211001,Teresina,Transporte escolar,T1,2013,2025,627.820298589234,690.018594670628,1317.8388932598618
2211001,Teresina,Transporte metroviário,T1,2018,2025,55.0243309002433,10.1722109959513,65.1965418961946
2211001,Teresina,"Transporte rodoviário coletivo de passageiros, com itinerário fixo, interestadual",T1,2022,2025,207.259248921593,179.527850358456,386.787099280049
2211001,Teresina,"Transporte rodoviário coletivo de passageiros, sob regime de fretamento, intermunicipal, interestadual e internacional",T1,2013,2025,53.3079683377309,67.6074378682513,120.9154062059822
2211001,Teresina,"Transporte rodoviário coletivo de passageiros, sob regime de fretamento, municipal",T1,2013,2025,200.425298948278,205.544182975578,405.969481923856
2211001,Teresina,"Transporte rodoviário de carga, exceto produtos perigosos e mudanças, intermunicipal, interestadual e internacional",T1,2013,2025,1472.04835331838,1598.39526054786,3070.44361386624
2211001,Teresina,"Transporte rodoviário de carga, exceto produtos perigosos e mudanças, municipal",T1,2018,2025,232.37125568082,280.511700671403,512.882956352223
2211001,Teresina,Transporte rodoviário de mudanças,T1,2022,2025,7.33295668549906,1.19405364096219,8.52701032646125
2211001,Teresina,"Tratamento de dados, provedores de serviços de aplicação e serviços de hospedagem na internet",T1,2018,2025,43.0385495511354,1.75338417747648,44.79193372861187
2211001,Teresina,Tratamento e disposição de resíduos perigosos,T1,2013,2025,93.8152798467759,100.347901909704,194.1631817564799
2211001,Teresina,Treinamento em desenvolvimento profissional e gerencial,T1,2022,2025,102.718546358752,94.4735397940245,197.19208615277648
2211100,União,Atividade odontológica com recursos para realização de procedimentos cirúrgicos,T1,2018,2025,1.23509027904432,3.78404233665785,5.01913261570217
2211100,União,Atividades associativas não especificadas anteriormente,T1,2022,2025,43.4930374184604,42.3771580345285,85.8701954529889
2211100,União,Atividades de apoio à pecuária não especificadas anteriormente,T1,2022,2025,1.73558543470979,1.30449630051224,3.04008173522203
2211100,União,"Atividades de consultoria em gestão empresarial, exceto consultoria técnica específica",T1,2022,2025,14.8655168020579,15.2179852020489,30.0835020041068
2211100,União,Atividades de fisioterapia,T1,2013,2025,0.122771707878091,5.23186259994078,5.354634307818872
2211100,União,Atividades de organizações religiosas,T1,2022,2025,2.82699547020033,2.07266173401632,4.89965720421665
2211100,União,Atividades de organizações sindicais,T1,2022,2025,0.345520410559152,0.0726617340163157,0.4181821445754677
2211100,União,Atividades de rádio,T1,2022,2025,2.21148987714137,1.30449630051224,3.51598617765361
2211100,União,Atividades do Correio Nacional,T1,2018,2025,4.58514166854059,3.03521270099735,7.6203543695379405
2211100,União,Atividades paisagísticas,T1,2018,2025,2.55775298191612,3.35680846733157,5.914561449247691
2211100,União,Caixas econômicas,T1,2018,2025,4.75877817319098,2.74882963566049,7.50760780885147
2211100,União,Cartórios,T1,2022,2025,7.5401915009843,7.07266173401632,14.612853235000621
2211100,União,Comercio varejista de artigos de armarinho,T1,2022,2025,3.00303123489874,2.30449630051224,5.30752753541098
2211100,União,"Comercio varejista de artigos de cama, mesa e banho",T1,2018,2025,1.97621657531971,0.713616934663139,2.689833509982849
2211100,União,Comércio a varejo de motocicletas e motonetas novas,T1,2022,2025,2.75621550734932,4.44981976854487,7.20603527589419
2211100,União,Comércio a varejo de peças e acessórios novos para motocicletas e motonetas,T1,2022,2025,9.4451485254405,8.14532346803263,17.59047199347313
2211100,União,Comércio a varejo de peças e acessórios novos para veículos automotores,T1,2018,2025,11.8444535067772,11.6784042336658,23.522857740443
2211100,União,"Comércio atacadista de mercadorias em geral, com predominância de produtos alimentícios",T1,2022,2025,11.8343160817448,12.6089926010245,24.4433086827693
2211100,União,Comércio varejista de artigos de papelaria,T1,2018,2025,4.62549496040317,4.03521270099735,8.66070766140052
2211100,União,Comércio varejista de artigos de óptica,T1,2013,2025,5.13459244832948,4.15457506662718,9.28916751495666
2211100,União,Comércio varejista de artigos do vestuário e acessórios,T1,2018,2025,12.5362763864519,9.10563810299206,21.641914489443963
2211100,União,Comércio varejista de bebidas,T1,2013,2025,7.33928377054534,4.30915013325437,11.64843390379971
2211100,União,"Comércio varejista de cal, areia, pedra britada, tijolos e telhas",T1,2013,2025,4.09860724233983,1.23186259994078,5.3304698422806105
2211100,União,Comércio varejista de calçados,T1,2022,2025,13.0708040234041,6.89963953708974,19.97044356049384
2211100,União,Comércio varejista de combustíveis para veículos automotores,T1,2018,2025,16.5840671144359,11.3521270099735,27.9361941244094
2211100,União,"Comércio varejista de cosméticos, produtos de perfumaria e de higiene pessoal",T1,2022,2025,0.306844257783724,0.304496300512237,0.611340558295961
2211100,União,"Comércio varejista de discos, CDs, DVDs e fitas",T1,2022,2025,1.22109375,0.768165433504079,1.9892591835040792
2211100,União,"Comércio varejista de doces, balas, bombons e semelhantes",T1,2018,2025,0.901467593273006,0.678404233665785,1.579871826938791
2211100,União,Comércio varejista de ferragens e ferramentas,T1,2018,2025,3.626837186424,3.35680846733157,6.98364565375557
2211100,União,Comércio varejista de gás liqüefeito de petróleo (GLP),T1,2018,2025,2.25755498484176,0.0704254019947079,2.327980386836468
2211100,União,Comércio varejista de hortifrutigranjeiros,T1,2022,2025,6.58115351629503,4.91348890153671,11.494642417831741
2211100,União,Comércio varejista de madeira e artefatos,T1,2013,2025,9.04657469238331,5.30915013325437,14.35572482563768
2211100,União,Comércio varejista de materiais de construção em geral,T1,2018,2025,19.2014254595483,18.4624465703236,37.6638720298719
2211100,União,"Comércio varejista de mercadorias em geral, com predominância de produtos alimentícios - hipermercados",T1,2018,2025,23.0525228081641,23.3568084673316,46.4093312754957
2211100,União,"Comércio varejista de mercadorias em geral, com predominância de produtos alimentícios - minimercados, mercearias e armazéns",T1,2018,2025,66.7280959360704,35.6151027885203,102.3431987245907
2211100,União,"Comércio varejista de mercadorias em geral, com predominância de produtos alimentícios - supermercados",T1,2022,2025,7.60651073263153,6.84082716752039,14.44733790015192
2211100,União,"Comércio varejista de produtos farmacêuticos, com manipulação de fórmulas",T1,2018,2025,1.76631644865015,1.67840423366578,3.44472068231593
2211100,União,"Comércio varejista de produtos farmacêuticos, sem manipulação de fórmulas",T1,2018,2025,8.71443289453662,5.81457358029717,14.529006474833789
2211100,União,"Comércio varejista de suvenires, bijuterias e artesanatos",T1,2013,2025,20.8341416100873,20.0772875333136,40.9114291434009
2211100,União,Comércio varejista especializado de eletrodomésticos e equipamentos de áudio e vídeo,T1,2018,2025,8.41114637911168,7.35680846733157,15.76795484644325
2211100,União,Comércio varejista especializado de equipamentos de telefonia e comunicação,T1,2022,2025,1.96192653519975,1.76816543350408,3.73009196870383
2211100,União,Construção de edifícios,T1,2018,2025,133.484289405373,134.035212700997,267.51950210637
2211100,União,Construção de rodovias e ferrovias,T1,2022,2025,64.8171312275356,64.5363308670082,129.3534620945438
2211100,União,Cultivo de caju,T1,2022,2025,0.477477477477477,0.768165433504079,1.2456429109815559
2211100,União,Cultivo de cana-de-açúcar,T1,2013,2025,128.195399410369,77.1687888658573,205.3641882762263
2211100,União,Educação infantil - pré-escola,T1,2018,2025,12.9899742609391,12.4272338693263,25.4172081302654
2211100,União,Fabricação de conservas de frutas,T1,2013,2025,0.362382540163686,0.0772875333135919,0.4396700734772779
2211100,União,Fabricação de móveis com predominância de madeira,T1,2018,2025,0.463233053746256,0.035212700997354,0.49844575474361
2211100,União,Fabricação de álcool,T1,2013,2025,1386.65713241341,599.147172046195,1985.804304459605
2211100,União,"Lanchonetes, casas de chá, de sucos e similares",T1,2013,2025,27.8893907683712,27.0772875333136,54.9666783016848
2211100,União,"Lojas de departamentos ou magazines, exceto lojas francas (Duty free)",T1,2018,2025,34.6102015444151,28.8544677386526,63.46466928306769
2211100,União,Manutenção e reparação de outras máquinas e equipamentos para usos industriais não especificados anteriormente,T1,2022,2025,18.9901184220845,21.0449630051224,40.035081427206904
2211100,União,"Obras de urbanização - ruas, praças e calçadas",T1,2022,2025,3.48472832142623,3.30449630051224,6.7892246219384695
2211100,União,Padaria e confeitaria com predominância de revenda,T1,2013,2025,26.4406214309569,13.9274503997631,40.36807183072
2211100,União,Perfuração e construção de poços de água,T1,2022,2025,0.962726488352028,0.768165433504079,1.730891921856107
2211100,União,"Representantes comerciais e agentes do comércio de produtos alimentícios, bebidas e fumo",T1,2022,2025,4.88797746292153,4.76816543350408,9.65614289642561
2211100,União,Restaurantes e similares,T1,2018,2025,7.78884999325846,6.42723386932628,14.216083862584739
2211100,União,Serviços de engenharia,T1,2022,2025,10.8042653272189,10.7681654335041,21.572430760723
2211100,União,Serviços de funerárias,T1,2013,2025,9.3917276030685,9.15457506662718,18.546302669695677
2211100,União,"Transporte rodoviário coletivo de passageiros, sob regime de fretamento, municipal",T1,2013,2025,23.6850597896557,22.3091501332544,45.9942099229101
2211100,União,"Transporte rodoviário de carga, exceto produtos perigosos e mudanças, intermunicipal, interestadual e internacional",T1,2018,2025,0.472330860613728,0.678404233665785,1.150735094279513
2211100,União,Transporte rodoviário de produtos perigosos,T1,2022,2025,0.919122167574214,0.768165433504079,1.687287601078293
2211209,Uruçuí,Aluguel de andaimes,T1,2013,2025,2.58920780711825,1.11851851851852,3.70772632563677
2211209,Uruçuí,"Aluguel de máquinas e equipamentos para construção sem operador, exceto andaimes",T1,2022,2025,8.19038079525942,8.14196715121767,16.332347946477093
2211209,Uruçuí,"Aparelhamento de placas e execução de trabalhos em mármore, granito, ardósia e outras pedras",T1,2018,2025,4.31958108536972,0.674979218620117,4.994560303989837
2211209,Uruçuí,Apart-hotéis,T1,2018,2025,4.09801960392078,3.11249653643669,7.21051614035747
2211209,Uruçuí,Atividade médica ambulatorial restrita a consultas,T1,2013,2025,16.9077720009175,15.3555555555556,32.2633275564731
2211209,Uruçuí,Atividade odontológica com recursos para realização de procedimentos cirúrgicos,T1,2018,2025,11.1175451395222,9.56248268218343,20.68002782170563
2211209,Uruçuí,Atividades de apoio à agricultura não especificadas anteriormente,T1,2022,2025,45.8924969994728,45.4279781008118,91.3204751002846
2211209,Uruçuí,Atividades de associações de defesa de direitos sociais,T1,2022,2025,5.4144463491879,4.85595620162356,10.27040255081146
2211209,Uruçuí,Atividades de condicionamento físico,T1,2013,2025,3.90505177626089,5.23703703703704,9.14208881329793
2211209,Uruçuí,"Atividades de consultoria em gestão empresarial, exceto consultoria técnica específica",T1,2022,2025,8.91034453470524,8.71191240324712,17.622256937952358
2211209,Uruçuí,Atividades de organizações sindicais,T1,2013,2025,0.869944785575842,0.0592592592592592,0.9292040448351012
2211209,Uruçuí,Cartórios,T1,2013,2025,12.2359350330619,11.237037037037,23.472972070098898
2211209,Uruçuí,"Clubes sociais, esportivos e similares",T1,2013,2025,0.792566371681416,0.0592592592592592,0.8518256309406752
2211209,Uruçuí,Compra e venda de imóveis próprios,T1,2013,2025,5.88780512204882,5.05925925925926,10.947064381308081
2211209,Uruçuí,Comércio a varejo de motocicletas e motonetas novas,T1,2013,2025,21.6868956474913,16.4148148148148,38.1017104623061
2211209,Uruçuí,Comércio a varejo de peças e acessórios novos para motocicletas e motonetas,T1,2018,2025,30.8361196775415,31.1124965364367,61.9486162139782
2211209,Uruçuí,Comércio a varejo de pneumáticos e câmaras-de-ar,T1,2013,2025,19.7900322152738,16.237037037037,36.027069252310795
2211209,Uruçuí,Comércio atacadista de cereais e leguminosas beneficiados,T1,2022,2025,1.88285086843681,1.71398905040589,3.5968399188427
2211209,Uruçuí,"Comércio atacadista de cereais e leguminosas beneficiados, farinhas, amidos e féculas, com atividade de fracionamento e acondicionamento associada",T1,2018,2025,0.944608682122297,0.112496536436686,1.0571052185589829
2211209,Uruçuí,Comércio atacadista de combustíveis realizado por transportador retalhista (TRR),T1,2018,2025,34.6542109801667,34.1124965364367,68.7667075166034
2211209,Uruçuí,Comércio atacadista de matérias-primas agrícolas com atividade de fracionamento e acondicionamento associada,T1,2022,2025,10.9702102803738,8.56579195771191,19.53600223808571
2211209,Uruçuí,"Comércio atacadista de mercadorias em geral, com predominância de insumos agropecuários",T1,2022,2025,35.6477121009831,35.1419671512177,70.7896792522008
2211209,Uruçuí,"Comércio atacadista de máquinas, aparelhos e equipamentos para uso agropecuário, partes e peças",T1,2013,2025,67.4789467533985,68.7703703703704,136.2493171237689
2211209,Uruçuí,"Comércio atacadista de máquinas, equipamentos para terraplenagem, mineração e construção, partes e peças",T1,2022,2025,10.266739333541,9.99584670568246,20.26258603922346
2211209,Uruçuí,Comércio atacadista de soja,T1,2013,2025,39.0573683277177,38.2962962962963,77.35366462401399
2211209,Uruçuí,Comércio por atacado de caminhões novos e usados,T1,2022,2025,4.82295025581495,3.99792335284123,8.82087360865618
2211209,Uruçuí,Comércio por atacado de peças e acessórios novos para veículos automotores,T1,2022,2025,9.8136473885625,9.28393430243534,19.097581690997842
2211209,Uruçuí,"Comércio varejista de artigos de caça, pesca e camping",T1,2018,2025,1.8177924858867,1.11249653643669,2.9302890223233904
2211209,Uruçuí,Comércio varejista de artigos de óptica,T1,2018,2025,6.13712347354138,4.33748960931006,10.474613082851441
2211209,Uruçuí,Comércio varejista de artigos do vestuário e acessórios,T1,2013,2025,38.4266871239567,5.77777777777778,44.204464901734475
2211209,Uruçuí,Comércio varejista de bebidas,T1,2022,2025,5.90861357032405,5.71398905040589,11.622602620729939
2211209,Uruçuí,"Comércio varejista de bicicletas e triciclos, peças e acessórios",T1,2022,2025,0.958576629800096,0.71398905040589,1.6725656802059858
2211209,Uruçuí,Comércio varejista de calçados,T1,2013,2025,19.1613902599696,8.53333333333333,27.694723593302932
2211209,Uruçuí,Comércio varejista de carnes - açougues,T1,2022,2025,8.94719423581853,8.71398905040589,17.66118328622442
2211209,Uruçuí,"Comércio varejista de cosméticos, produtos de perfumaria e de higiene pessoal",T1,2022,2025,3.15158468742326,2.71191240324712,5.86349709067038
2211209,Uruçuí,Comércio varejista de ferragens e ferramentas,T1,2013,2025,10.9073517217117,2.53333333333333,13.44068505504503
2211209,Uruçuí,Comércio varejista de gás liqüefeito de petróleo (GLP),T1,2013,2025,8.24967128161497,2.35555555555556,10.60522683717053
2211209,Uruçuí,Comércio varejista de hortifrutigranjeiros,T1,2022,2025,3.81384600724223,2.85595620162356,6.66980220886579
2211209,Uruçuí,Comércio varejista de materiais de construção em geral,T1,2022,2025,47.0147435936482,33.5574853690768,80.572228962725
2211209,Uruçuí,Comércio varejista de material elétrico,T1,2018,2025,1.39214574740505,0.224993072873372,1.617138820278422
2211209,Uruçuí,Comércio varejista de medicamentos veterinários,T1,2013,2025,13.6927759897631,13.0592592592593,26.7520352490224
2211209,Uruçuí,"Comércio varejista de mercadorias em geral, com predominância de produtos alimentícios - supermercados",T1,2018,2025,69.5998002287101,68.2249930728734,137.8247933015835
2211209,Uruçuí,Comércio varejista de móveis,T1,2013,2025,27.5534003034754,9.88888888888889,37.442289192364285
2211209,Uruçuí,Comércio varejista de outros produtos não especificados anteriormente,T1,2013,2025,22.415741258318,21.0592592592593,43.4750005175773
2211209,Uruçuí,"Comércio varejista de produtos farmacêuticos, com manipulação de fórmulas",T1,2018,2025,0.766316448650153,0.112496536436686,0.878812985086839
2211209,Uruçuí,"Comércio varejista de produtos farmacêuticos, sem manipulação de fórmulas",T1,2013,2025,47.8694500838556,40.8888888888889,88.7583389727445
2211209,Uruçuí,"Comércio varejista de suvenires, bijuterias e artesanatos",T1,2022,2025,0.865605907578191,0.71398905040589,1.5795949579840811
2211209,Uruçuí,Comércio varejista especializado de equipamentos de telefonia e comunicação,T1,2018,2025,13.9407264528405,13.1124965364367,27.053222989277202
2211209,Uruçuí,Comércio varejista especializado de equipamentos e suprimentos de informática,T1,2018,2025,2.75614989929989,2.11249653643669,4.868646435736579
2211209,Uruçuí,Construção de edifícios,T1,2013,2025,231.216031219349,196.896296296296,428.112327515645
2211209,Uruçuí,Criação de bovinos para corte,T1,2022,2025,56.0181106184025,54.5699452520294,110.5880558704319
2211209,Uruçuí,Criação de frangos para corte,T1,2013,2025,146.274692247519,80.2,226.474692247519
2211209,Uruçuí,"Criação de ovinos, inclusive para produção de lã",T1,2022,2025,3.94089673913043,3.71398905040589,7.65488578953632
2211209,Uruçuí,Cultivo de milho,T1,2022,2025,19.2284905599691,22.4134415707004,41.6419321306695
2211209,Uruçuí,Cultivo de outros cereais não especificados anteriormente,T1,2013,2025,122.647336525262,15.8074074074074,138.4547439326694
2211209,Uruçuí,Cultivo de soja,T1,2013,2025,104.19779770164,37.5703703703704,141.76816807201038
2211209,Uruçuí,Educação infantil - creche,T1,2022,2025,10.1056512753227,8.99792335284123,19.10357462816393
2211209,Uruçuí,"Extração de areia, cascalho ou pedregulho e beneficiamento associado",T1,2022,2025,2.73960438483679,1.85595620162356,4.5955605864603495
2211209,Uruçuí,Extração de madeira em florestas plantadas,T1,2018,2025,11.0122625631161,10.6749792186201,21.687241781736198
2211209,Uruçuí,Fabricação de alimentos para animais,T1,2022,2025,21.6637619731467,21.4279781008118,43.0917400739585
2211209,Uruçuí,Fabricação de esquadrias de metal,T1,2018,2025,6.24462403801247,4.33748960931006,10.58211364732253
2211209,Uruçuí,Fabricação de móveis com predominância de madeira,T1,2022,2025,1.81703212646609,0.85595620162356,2.67298832808965
2211209,Uruçuí,Fabricação de produtos de panificação industrial,T1,2022,2025,16.4460665044607,11.9916934113649,28.4377599158256
2211209,Uruçuí,Higiene e embelezamento de animais doméstico,T1,2022,2025,0.880798792204227,0.14196715121767,1.022765943421897
2211209,Uruçuí,Hotéis,T1,2013,2025,43.941426680099,30.1851851851852,74.1266118652842
2211209,Uruçuí,Impressão de material para uso publicitário,T1,2022,2025,5.81607847735178,5.71398905040589,11.53006752775767
2211209,Uruçuí,Instalação e manutenção elétrica,T1,2022,2025,6.5210488288931,5.1398905040589,11.660939332952001
2211209,Uruçuí,Laboratórios clínicos,T1,2013,2025,5.26087257138906,5.05925925925926,10.32013183064832
2211209,Uruçuí,"Lanchonetes, casas de chá, de sucos e similares",T1,2018,2025,14.726767656239,10.5624826821834,25.2892503384224
2211209,Uruçuí,Manutenção e reparação de máquinas e equipamentos para agricultura e pecuária,T1,2022,2025,2.8417225950783,2.71398905040589,5.555711645484189
2211209,Uruçuí,Obras de alvenaria,T1,2022,2025,2.77850032619904,2.71398905040589,5.492489376604929
2211209,Uruçuí,Obras de terraplenagem,T1,2022,2025,34.4904523901064,33.1398905040589,67.6303428941653
2211209,Uruçuí,Outras atividades de serviços prestados principalmente às empresas não especificadas anteriormente,T1,2018,2025,1.47718201763263,1.11249653643669,2.5896785540693203
2211209,Uruçuí,Padaria e confeitaria com predominância de revenda,T1,2022,2025,20.7010587773953,18.425901453653,39.1269602310483
2211209,Uruçuí,Promoção de vendas,T1,2022,2025,0.41853606652485,0.71398905040589,1.13252511693074
2211209,Uruçuí,Provedores de acesso às redes de comunicações,T1,2018,2025,2.73252502237774,2.11249653643669,4.84502155881443
2211209,Uruçuí,Restaurantes e similares,T1,2018,2025,69.2749124848315,56.0249376558604,125.2998501406919
2211209,Uruçuí,"Serviço de preparação de terreno, cultivo e colheita",T1,2013,2025,67.7562278244631,68.0592592592593,135.81548708372242
2211209,Uruçuí,Serviços advocatícios,T1,2013,2025,2.68191756988691,2.05925925925926,4.74117682914617
2211209,Uruçuí,Serviços de agronomia e de consultoria às atividades agrícolas e pecuárias,T1,2018,2025,2.36762806715454,2.11249653643669,4.48012460359123
2211209,Uruçuí,Serviços de borracharia para veículos automotores,T1,2018,2025,17.0850131463628,13.7874757550568,30.8724889014196
2211209,Uruçuí,Serviços de comunicação multimídia - SCM,T1,2018,2025,5.67480755246859,7.11249653643669,12.78730408890528
2211209,Uruçuí,Serviços de funerárias,T1,2013,2025,4.58759140460275,4.17777777777778,8.76536918238053
2211209,Uruçuí,Serviços de manutenção e reparação elétrica de veículos automotores,T1,2022,2025,1.79396218743647,1.71398905040589,3.50795123784236
2211209,Uruçuí,Serviços de reboque de veículos,T1,2022,2025,4.28886749639002,1.70983575608835,5.9987032524783706
2211209,Uruçuí,"Serviços de usinagem, tornearia e solda",T1,2022,2025,1.64481065918654,0.85595620162356,2.5007668608101
2211209,Uruçuí,"Transporte rodoviário coletivo de passageiros, com itinerário fixo, municipal",T1,2022,2025,13.8195779752246,13.1419671512177,26.961545126442303
2211209,Uruçuí,"Transporte rodoviário de carga, exceto produtos perigosos e mudanças, intermunicipal, interestadual e internacional",T1,2018,2025,17.4466172122745,10.2499307287337,27.6965479410082
2211209,Uruçuí,"Transporte rodoviário de carga, exceto produtos perigosos e mudanças, municipal",T1,2022,2025,3.81160681659635,3.71398905040589,7.52559586700224
2211308,Valença do Piauí,Administração de obras,T1,2022,2025,3.35093338934545,0.888663967611336,4.239597356956786
2211308,Valença do Piauí,Administração pública em geral,T1,2022,2025,103.031752576216,36.6386639676113,139.6704165438273
2211308,Valença do Piauí,Atividade médica ambulatorial com recursos para realização de procedimentos cirúrgicos,T1,2018,2025,1.67916137229987,2.05712701053799,3.73628838283786
2211308,Valença do Piauí,Atividade médica ambulatorial restrita a consultas,T1,2022,2025,1.69291271490277,1.31477732793522,3.0076900428379902
2211308,Valença do Piauí,Atividade odontológica com recursos para realização de procedimentos cirúrgicos,T1,2013,2025,15.8758051433752,16.7744680851064,32.650273228481595
2211308,Valença do Piauí,Atividades de contabilidade,T1,2013,2025,8.1747703040727,4.87234042553192,13.04711072960462
2211308,Valença do Piauí,Cartórios,T1,2013,2025,1.54491879132732,1.93617021276596,3.48108900409328
2211308,Valença do Piauí,Comércio a varejo de motocicletas e motonetas novas,T1,2022,2025,0.984618326867384,1.54605263157895,2.530670958446334
2211308,Valença do Piauí,Comércio a varejo de peças e acessórios novos para motocicletas e motonetas,T1,2018,2025,9.67223935508305,11.057127010538,20.72936636562105
2211308,Valença do Piauí,Comércio a varejo de peças e acessórios novos para veículos automotores,T1,2013,2025,13.8002961317786,6.42127659574468,20.22157272752328
2211308,Valença do Piauí,Comércio a varejo de pneumáticos e câmaras-de-ar,T1,2013,2025,6.84252416145537,5.16170212765958,12.00422628911495
2211308,Valença do Piauí,Comércio varejista de animais vivos e de artigos e alimentos para animais de estimação,T1,2018,2025,1.58807708833967,1.528563505269,3.11664059360867
2211308,Valença do Piauí,Comércio varejista de artigos de óptica,T1,2018,2025,3.42474898236092,3.05712701053799,6.48187599289891
2211308,Valença do Piauí,Comércio varejista de bebidas,T1,2013,2025,7.83482094263633,7.38723404255319,15.22205498518952
2211308,Valença do Piauí,Comércio varejista de calçados,T1,2013,2025,8.92123578663968,2.09787234042553,11.019108127065211
2211308,Valença do Piauí,Comércio varejista de carnes - açougues,T1,2022,2025,3.94719423581853,3.65738866396761,7.6045828997861395
2211308,Valença do Piauí,Comércio varejista de combustíveis para veículos automotores,T1,2013,2025,14.4631446086219,3.68085106382979,18.143995672451688
2211308,Valença do Piauí,"Comércio varejista de cosméticos, produtos de perfumaria e de higiene pessoal",T1,2018,2025,1.30524412296564,0.171381031613977,1.476625154579617
2211308,Valença do Piauí,Comércio varejista de ferragens e ferramentas,T1,2022,2025,1.96499824090203,1.65738866396761,3.62238690486964
2211308,Valença do Piauí,Comércio varejista de hortifrutigranjeiros,T1,2022,2025,19.3949995235373,15.5460526315789,34.9410521551162
2211308,Valença do Piauí,Comércio varejista de madeira e artefatos,T1,2013,2025,10.069862038575,6.32340425531915,16.39326629389415
2211308,Valença do Piauí,Comércio varejista de materiais de construção em geral,T1,2013,2025,35.8905453709947,18.2,54.090545370994704
2211308,Valença do Piauí,Comércio varejista de medicamentos veterinários,T1,2013,2025,7.38555197952615,6.77446808510638,14.16002006463253
2211308,Valença do Piauí,Comércio varejista de móveis,T1,2018,2025,22.1963701045208,14.9284525790349,37.1248226835557
2211308,Valença do Piauí,"Comércio varejista de produtos farmacêuticos, sem manipulação de fórmulas",T1,2013,2025,45.4113102068438,40.3276595744681,85.73896978131191
2211308,Valença do Piauí,Comércio varejista especializado de equipamentos de telefonia e comunicação,T1,2013,2025,3.03029311619228,1.77446808510638,4.8047612012986605
2211308,Valença do Piauí,Comércio varejista especializado de equipamentos e suprimentos de informática,T1,2013,2025,6.73432582147803,5.16170212765958,11.89602794913761
2211308,Valença do Piauí,"Confecção, sob medida, de peças do vestuário, exceto roupas íntimas",T1,2018,2025,3.38205720497316,1.58569051580699,4.9677477207801495
2211308,Valença do Piauí,Construção de edifícios,T1,2018,2025,4.46334194587065,4.69994453688297,9.16328648275362
2211308,Valença do Piauí,Criação de bovinos para leite,T1,2013,2025,13.2506944282346,10.5489361702128,23.7996305984474
2211308,Valença do Piauí,Criação de frangos para corte,T1,2013,2025,182.103338960023,124.782978723404,306.886317683427
2211308,Valença do Piauí,Educação infantil - pré-escola,T1,2022,2025,7.11520747443615,2.49038461538461,9.60559208982076
2211308,Valença do Piauí,Fabricação de amidos e féculas de vegetais,T1,2022,2025,1.90668176670442,1.65738866396761,3.56407043067203
2211308,Valença do Piauí,Fabricação de artefatos de cimento para uso na construção,T1,2022,2025,0.988815099615519,0.314777327935223,1.303592427550742
2211308,Valença do Piauí,Fabricação de biscoitos e bolachas,T1,2013,2025,66.6723430813124,60.8723404255319,127.54468350684431
2211308,Valença do Piauí,Fabricação de esquadrias de metal,T1,2013,2025,45.5041454934474,41.3234042553191,86.8275497487665
2211308,Valença do Piauí,Fabricação de móveis com predominância de madeira,T1,2022,2025,2.86277409484957,1.97216599190283,4.8349400867524
2211308,Valença do Piauí,"Fabricação de outros artefatos e produtos de concreto, cimento, fibrocimento, gesso e materiais semelhantes",T1,2022,2025,3.01070750100743,2.65738866396761,5.66809616497504
2211308,Valença do Piauí,Fabricação de produtos de padaria e confeitaria com predominância de produção própria,T1,2022,2025,7.28525756160644,5.94433198380567,13.22958954541211
2211308,Valença do Piauí,Hotéis,T1,2013,2025,8.4941426680099,7.77446808510638,16.26861075311628
2211308,Valença do Piauí,Impressão de material para uso publicitário,T1,2022,2025,3.81607847735178,3.65738866396761,7.473467141319389
2211308,Valença do Piauí,"Lanchonetes, casas de chá, de sucos e similares",T1,2013,2025,13.8893907683712,13.3872340425532,27.2766248109244
2211308,Valença do Piauí,"Lojas de departamentos ou magazines, exceto lojas francas (Duty free)",T1,2022,2025,14.9329240355539,10.2312753036437,25.1641993391976
2211308,Valença do Piauí,"Lojas de variedades, exceto lojas de departamentos ou magazines",T1,2013,2025,30.2182215895281,29.3234042553191,59.5416258448472
2211308,Valença do Piauí,Reparação e manutenção de equipamentos eletroeletrônicos de uso pessoal e doméstico,T1,2018,2025,2.37411544795051,1.05712701053799,3.4312424584885
2211308,Valença do Piauí,Restaurantes e similares,T1,2013,2025,30.3762147799172,29.7744680851064,60.1506828650236
2211308,Valença do Piauí,Serviços advocatícios,T1,2013,2025,3.68191756988691,3.38723404255319,7.0691516124401
2211308,Valença do Piauí,Serviços de borracharia para veículos automotores,T1,2018,2025,0.583573306623263,0.528563505268996,1.112136811892259
2211308,Valença do Piauí,Serviços de comunicação multimídia - SCM,T1,2022,2025,39.4267642446419,35.1199392712551,74.54670351589701
2211308,Valença do Piauí,Serviços de engenharia,T1,2022,2025,2.4127959816566,1.97216599190283,4.38496197355943
2211308,Valença do Piauí,Serviços de funerárias,T1,2018,2025,11.0630972504916,10.642817526345,21.7059147768366
2211308,Valença do Piauí,"Serviços de instalação, manutenção e reparação de acessórios para veículos automotores",T1,2022,2025,5.8425181213385,5.65738866396761,11.49990678530611
2211308,Valença do Piauí,"Transporte rodoviário coletivo de passageiros, sob regime de fretamento, intermunicipal, interestadual e internacional",T1,2018,2025,1.61057256100473,2.05712701053799,3.6676995715427196
2211308,Valença do Piauí,"Transporte rodoviário de carga, exceto produtos perigosos e mudanças, intermunicipal, interestadual e internacional",T1,2018,2025,2.47233086061373,2.528563505269,5.00089436588273
2211506,Vera Mendes,Coleta de resíduos não-perigosos,T1,2022,2025,3.64118976975689,3.50632911392405,7.14751888368094
2211506,Vera Mendes,"Comércio varejista de mercadorias em geral, com predominância de produtos alimentícios - minimercados, mercearias e armazéns",T1,2013,2025,1.83692660734488,0.909090909090909,2.746017516435789
2211506,Vera Mendes,"Comércio varejista de produtos farmacêuticos, sem manipulação de fórmulas",T1,2013,2025,2.52463000559037,1.90909090909091,4.43372091468128
2211605,Vila Nova do Piauí,Atividades de limpeza não especificadas anteriormente,T1,2022,2025,9.34111716901553,6.85714285714286,16.19826002615839
2211605,Vila Nova do Piauí,"Comércio varejista de produtos farmacêuticos, sem manipulação de fórmulas",T1,2013,2025,2.52463000559037,1.24444444444444,3.76907445003481
2211357,Várzea Branca,Administração pública em geral,T1,2018,2025,43.9403539566182,0.229885057471261,44.17023901408947
2211357,Várzea Branca,"Comércio varejista de mercadorias em geral, com predominância de produtos alimentícios - minimercados, mercearias e armazéns",T1,2018,2025,2.86583190322934,2.59770114942529,5.46353305265463
2211357,Várzea Branca,"Comércio varejista de produtos farmacêuticos, sem manipulação de fórmulas",T1,2018,2025,2.74913250962284,2.59770114942529,5.34683365904813
2211407,Várzea Grande,Administração pública em geral,T1,2018,2025,87.9024327805357,14.5851063829787,102.48753916351441
2211407,Várzea Grande,Comércio varejista de materiais de construção em geral,T1,2018,2025,0.745584132686208,0.367021276595745,1.112605409281953
2211407,Várzea Grande,"Comércio varejista de mercadorias em geral, com predominância de produtos alimentícios - minimercados, mercearias e armazéns",T1,2022,2025,2.55237993291943,0.531007751937985,3.083387684857415
2211407,Várzea Grande,Comércio varejista de móveis,T1,2022,2025,6.1043480938281,5.43023255813953,11.53458065196763
2211407,Várzea Grande,"Comércio varejista de produtos farmacêuticos, sem manipulação de fórmulas",T1,2013,2025,2.09852002236149,0.776470588235294,2.874990610596784
2211407,Várzea Grande,Serviços advocatícios,T1,2022,2025,0.959830788355567,0.810077519379845,1.7699083077354119
2211704,Wall Ferraz,Comércio varejista de combustíveis para veículos automotores,T1,2022,2025,1.90493829161803,0.398692810457516,2.303631102075546
2211704,Wall Ferraz,Construção de edifícios,T1,2022,2025,9.66433012787678,5.19607843137255,14.860408559249331
2200202,Água Branca,Administração pública em geral,T1,2022,2025,135.26912513662,79.0615883306321,214.3307134672521
2200202,Água Branca,"Aparelhamento de placas e execução de trabalhos em mármore, granito, ardósia e outras pedras",T1,2013,2025,7.61789458142625,6.57083906464924,14.188733646075491
2200202,Água Branca,Atividade médica ambulatorial restrita a consultas,T1,2013,2025,1.95388600045875,1.85625859697386,3.8101445974326102
2200202,Água Branca,Atividade odontológica com recursos para realização de procedimentos cirúrgicos,T1,2018,2025,0.541054167426591,0.191475409836065,0.732529577262656
2200202,Água Branca,Atividades de associações de defesa de direitos sociais,T1,2018,2025,1.09169078882199,0.0957377049180326,1.1874284937400226
2200202,Água Branca,Atividades de condicionamento físico,T1,2018,2025,11.1905267117408,11.095737704918,22.2862644166588
2200202,Água Branca,Atividades de organizações religiosas,T1,2022,2025,0.956748867550081,0.653160453808752,1.609909321358833
2200202,Água Branca,Caixas econômicas,T1,2018,2025,4.7932384341637,1.19147540983607,5.984713843999771
2200202,Água Branca,Cartórios,T1,2022,2025,2.65514362573823,1.95948136142626,4.61462498716449
2200202,Água Branca,Casas de festas e eventos,T1,2022,2025,2.72207761476574,2.65316045380875,5.37523806857449
2200202,Água Branca,Comercio varejista de artigos de armarinho,T1,2022,2025,5.00202082326583,4.3063209076175,9.30834173088333
2200202,Água Branca,"Comércio a varejo de automóveis, camionetas e utilitários usados",T1,2013,2025,29.6699183303085,25.9979367262724,55.667855056580905
2200202,Água Branca,Comércio a varejo de motocicletas e motonetas novas,T1,2022,2025,28.9136112780722,29.22528363047,58.1388949085422
2200202,Água Branca,Comércio atacadista de cosméticos e produtos de perfumaria,T1,2022,2025,3.78780059295048,2.18476499189627,5.97256558484675
2200202,Água Branca,"Comércio atacadista de defensivos agrícolas, adubos, fertilizantes e corretivos do solo",T1,2018,2025,1.77886977886978,1.73049180327869,3.50936158214847
2200202,Água Branca,Comércio varejista de animais vivos e de artigos e alimentos para animais de estimação,T1,2022,2025,3.01402487136459,2.65316045380875,5.66718532517334
2200202,Água Branca,Comércio varejista de artigos de joalheria,T1,2013,2025,4.48088092933204,2.14167812929849,6.62255905863053
2200202,Água Branca,Comércio varejista de artigos de papelaria,T1,2013,2025,5.01791920500046,3.57083906464924,8.5887582696497
2200202,Água Branca,Comércio varejista de artigos de óptica,T1,2013,2025,2.13459244832948,1.57083906464924,3.70543151297872
2200202,Água Branca,Comércio varejista de calçados,T1,2013,2025,16.6023170999494,2.28129298486933,18.88361008481873
2200202,Água Branca,Comércio varejista de combustíveis para veículos automotores,T1,2013,2025,17.5519899025526,7.42297111416781,24.974961016720407
2200202,Água Branca,Comércio varejista de madeira e artefatos,T1,2013,2025,4.01164367309583,3.28541953232462,7.29706320542045
2200202,Água Branca,Comércio varejista de materiais de construção em geral,T1,2018,2025,19.0424542362518,1.16655737704918,20.20901161330098
2200202,Água Branca,Comércio varejista de medicamentos veterinários,T1,2018,2025,4.84084286034521,3.73049180327869,8.5713346636239
2200202,Água Branca,"Comércio varejista de mercadorias em geral, com predominância de produtos alimentícios - minimercados, mercearias e armazéns",T1,2018,2025,40.0840822905311,10.5495081967213,50.6335904872524
2200202,Água Branca,"Comércio varejista de mercadorias em geral, com predominância de produtos alimentícios - supermercados",T1,2022,2025,59.1343236117894,56.1847649918963,115.3190886036857
2200202,Água Branca,Comércio varejista de outros artigos de uso doméstico não especificados anteriormente,T1,2022,2025,15.7373590539426,14.9594813614263,30.6968404153689
2200202,Água Branca,"Comércio varejista de produtos farmacêuticos, com manipulação de fórmulas",T1,2022,2025,0.810136939774289,0.306320907617504,1.116457847391793
2200202,Água Branca,"Comércio varejista de produtos farmacêuticos, sem manipulação de fórmulas",T1,2013,2025,44.2635301733016,36.8480055020633,81.1115356753649
2200202,Água Branca,Comércio varejista de tecidos,T1,2018,2025,6.14741035856574,5.36524590163934,11.51265626020508
2200202,Água Branca,Construção de edifícios,T1,2013,2025,58.6587548780233,54.4270976616231,113.0858525396464
2200202,Água Branca,Criação de bovinos para corte,T1,2022,2025,1.0036221236805,0.653160453808752,1.6567825774892522
2200202,Água Branca,Fabricação de conservas de frutas,T1,2013,2025,15.5366777811458,14.9979367262724,30.534614507418198
2200202,Água Branca,Fabricação de esquadrias de metal,T1,2022,2025,3.87555999724309,3.3063209076175,7.18188090486059
2200202,Água Branca,Formação de condutores,T1,2022,2025,7.59723717258701,4.57212317666126,12.16936034924827
2200202,Água Branca,Hotéis,T1,2022,2025,1.58450741274635,0.959481361426256,2.543988774172606
2200202,Água Branca,Laboratórios clínicos,T1,2013,2025,2.78261771416719,2.85625859697387,5.638876311141059
2200202,Água Branca,"Lanchonetes, casas de chá, de sucos e similares",T1,2022,2025,15.8041320653196,14.9594813614263,30.7636134267459
2200202,Água Branca,Obras de acabamento em gesso e estuque,T1,2022,2025,9.40382438042521,9.3063209076175,18.71014528804271
2200202,Água Branca,Obras de alvenaria,T1,2022,2025,18.778500326199,18.6531604538088,37.4316607800078
2200202,Água Branca,Padaria e confeitaria com predominância de revenda,T1,2013,2025,23.6002589295654,19.4270976616231,43.0273565911885
2200202,Água Branca,Provedores de acesso às redes de comunicações,T1,2022,2025,4.07096611452115,2.61264181523501,6.68360792975616
2200202,Água Branca,Recuperação de materiais não especificados anteriormente,T1,2022,2025,19.4989550274789,9.90113452188007,29.40008954935897
2200202,Água Branca,Serviços combinados de escritório e apoio administrativo,T1,2022,2025,3.52778147472676,3.65316045380875,7.1809419285355105
2200202,Água Branca,Serviços de comunicação multimídia - SCM,T1,2022,2025,24.3589127025614,21.1037277147488,45.4626404173102
2200202,Água Branca,Serviços de engenharia,T1,2022,2025,1.80426532721887,1.65316045380875,3.45742578102762
2200202,Água Branca,Serviços de funerárias,T1,2018,2025,14.2883361506882,12.5567213114754,26.845057462163602
2200202,Água Branca,Serviços de manutenção e reparação mecânica de veículos automotores,T1,2013,2025,7.71554159872128,7.28541953232462,15.0009611310459
2200202,Água Branca,Treinamento em desenvolvimento profissional e gerencial,T1,2022,2025,0.694795358408597,0.653160453808752,1.347955812217349
