subclasse;secao;NM_MUN;quadrante;p_sim;estoque;lag
Agências de viagens;N - Atividades administrativas e serviços complementares;Batalha;Baixo-Alto;0,043;0,0;0,355
Agências de viagens;N - Atividades administrativas e serviços complementares;Beneditinos;Alto-Baixo;0,001;9,0;0,0
Agências de viagens;N - Atividades administrativas e serviços complementares;Canto do Buriti;Alto-Baixo;0,001;1,0;0,0
Agências de viagens;N - Atividades administrativas e serviços complementares;Corrente;Alto-Baixo;0,001;1,0;0,0
Agências de viagens;N - Atividades administrativas e serviços complementares;Currais;Baixo-Alto;0,027;0,0;0,497
Agências de viagens;N - Atividades administrativas e serviços complementares;Demerval Lobão;Baixo-Alto;0,046;0,0;0,576
Agências de viagens;N - Atividades administrativas e serviços complementares;Esperantina;Alto-Baixo;0,001;11,0;0,0
Agências de viagens;N - Atividades administrativas e serviços complementares;Guaribas;Baixo-Alto;0,019;0,0;0,636
Agências de viagens;N - Atividades administrativas e serviços complementares;Ilha Grande;Alto-Baixo;0,001;11,0;0,0
Agências de viagens;N - Atividades administrativas e serviços complementares;Lagoa de São Francisco;Baixo-Alto;0,045;0,0;0,693
Agências de viagens;N - Atividades administrativas e serviços complementares;Milton Brandão;Baixo-Alto;0,013;0,0;0,693
Agências de viagens;N - Atividades administrativas e serviços complementares;Morro do Chapéu do Piauí;Baixo-Alto;0,047;0,0;0,621
Agências de viagens;N - Atividades administrativas e serviços complementares;Parnaíba;Baixo-Alto;0,047;0,0;0,621
Agências de viagens;N - Atividades administrativas e serviços complementares;Pau D'Arco do Piauí;Baixo-Alto;0,008;0,0;0,652
Agências de viagens;N - Atividades administrativas e serviços complementares;Picos;Alto-Baixo;0,001;3,0;0,0
Agências de viagens;N - Atividades administrativas e serviços complementares;Santa Luz;Baixo-Alto;0,018;0,0;0,497
Agências de viagens;N - Atividades administrativas e serviços complementares;São João do Arraial;Baixo-Alto;0,015;0,0;0,497
Alimentícios;IBGE/PEVS;Barras;Baixo-Alto;0,015;0,0;0,62
Alimentícios;IBGE/PEVS;Bertolínia;Baixo-Alto;0,043;0,0;0,486
Alimentícios;IBGE/PEVS;Betânia do Piauí;Alto-Baixo;0,001;1,0;0,0
Alimentícios;IBGE/PEVS;Boqueirão do Piauí;Baixo-Alto;0,002;0,0;1,131
Alimentícios;IBGE/PEVS;Brasileira;Alto-Baixo;0,001;1,0;0,0
Alimentícios;IBGE/PEVS;Cabeceiras do Piauí;Baixo-Alto;0,011;0,0;0,62
Alimentícios;IBGE/PEVS;Capitão de Campos;Alto-Alto;0,006;1,0;0,827
Alimentícios;IBGE/PEVS;Castelo do Piauí;Alto-Baixo;0,001;1,0;0,0
Alimentícios;IBGE/PEVS;Colônia do Gurguéia;Baixo-Alto;0,042;0,0;0,486
Alimentícios;IBGE/PEVS;Inhuma;Baixo-Alto;0,043;0,0;0,52
Alimentícios;IBGE/PEVS;Lagoa do Sítio;Baixo-Alto;0,028;0,0;0,909
Alimentícios;IBGE/PEVS;Milton Brandão;Alto-Baixo;0,001;1,0;0,0
Alimentícios;IBGE/PEVS;Novo Oriente do Piauí;Baixo-Alto;0,038;0,0;0,728
Alimentícios;IBGE/PEVS;Piripiri;Baixo-Alto;0,002;0,0;0,794
Alimentícios;IBGE/PEVS;Ribeira do Piauí;Alto-Baixo;0,001;1,0;0,0
Alimentícios;IBGE/PEVS;São Francisco do Piauí;Baixo-Alto;0,04;0,0;0,708
Alimentícios;IBGE/PEVS;São Gonçalo do Piauí;Alto-Baixo;0,001;1,0;0,0
Alimentícios;IBGE/PEVS;Wall Ferraz;Baixo-Alto;0,047;0,0;0,567
Aluguel de máquinas e equipamentos para construção sem operador, exceto andaimes;N - Atividades administrativas e serviços complementares;Barreiras do Piauí;Baixo-Alto;0,049;0,0;0,549
Aluguel de máquinas e equipamentos para construção sem operador, exceto andaimes;N - Atividades administrativas e serviços complementares;Batalha;Baixo-Alto;0,004;0,0;0,486
Aluguel de máquinas e equipamentos para construção sem operador, exceto andaimes;N - Atividades administrativas e serviços complementares;Bom Princípio do Piauí;Alto-Baixo;0,001;1,0;0,0
Aluguel de máquinas e equipamentos para construção sem operador, exceto andaimes;N - Atividades administrativas e serviços complementares;Brasileira;Baixo-Alto;0,007;0,0;0,542
Aluguel de máquinas e equipamentos para construção sem operador, exceto andaimes;N - Atividades administrativas e serviços complementares;Canto do Buriti;Alto-Baixo;0,001;1,0;0,0
Aluguel de máquinas e equipamentos para construção sem operador, exceto andaimes;N - Atividades administrativas e serviços complementares;Cocal;Baixo-Alto;0,021;0,0;0,384
Aluguel de máquinas e equipamentos para construção sem operador, exceto andaimes;N - Atividades administrativas e serviços complementares;Cocal dos Alves;Baixo-Alto;0,028;0,0;0,536
Aluguel de máquinas e equipamentos para construção sem operador, exceto andaimes;N - Atividades administrativas e serviços complementares;Francisco Santos;Alto-Baixo;0,001;2,0;0,0
Aluguel de máquinas e equipamentos para construção sem operador, exceto andaimes;N - Atividades administrativas e serviços complementares;Hugo Napoleão;Alto-Alto;0,034;1,0;0,358
Aluguel de máquinas e equipamentos para construção sem operador, exceto andaimes;N - Atividades administrativas e serviços complementares;Lagoa de São Francisco;Baixo-Alto;0,04;0,0;0,549
Aluguel de máquinas e equipamentos para construção sem operador, exceto andaimes;N - Atividades administrativas e serviços complementares;Lagoinha do Piauí;Baixo-Alto;0,02;0,0;0,358
Aluguel de máquinas e equipamentos para construção sem operador, exceto andaimes;N - Atividades administrativas e serviços complementares;Monsenhor Gil;Alto-Baixo;0,001;2,0;0,0
Aluguel de máquinas e equipamentos para construção sem operador, exceto andaimes;N - Atividades administrativas e serviços complementares;Monte Alegre do Piauí;Baixo-Alto;0,014;0,0;0,448
Aluguel de máquinas e equipamentos para construção sem operador, exceto andaimes;N - Atividades administrativas e serviços complementares;Olho D'Água do Piauí;Baixo-Alto;0,003;0,0;0,512
Aluguel de máquinas e equipamentos para construção sem operador, exceto andaimes;N - Atividades administrativas e serviços complementares;Piripiri;Alto-Baixo;0,001;2,0;0,0
Aluguel de máquinas e equipamentos para construção sem operador, exceto andaimes;N - Atividades administrativas e serviços complementares;São Gonçalo do Piauí;Baixo-Alto;0,009;0,0;0,414
Aluguel de máquinas e equipamentos para construção sem operador, exceto andaimes;N - Atividades administrativas e serviços complementares;São José do Divino;Baixo-Alto;0,044;0,0;0,402
Aluguel de máquinas e equipamentos para construção sem operador, exceto andaimes;N - Atividades administrativas e serviços complementares;São João da Fronteira;Baixo-Alto;0,044;0,0;0,402
Aluguel de máquinas e equipamentos para construção sem operador, exceto andaimes;N - Atividades administrativas e serviços complementares;São Pedro do Piauí;Baixo-Alto;0,044;0,0;0,224
Aparelhamento de placas e execução de trabalhos em mármore, granito, ardósia e outras pedras;C - Indústrias de transformação;Acauã;Alto-Baixo;0,001;1,0;0,0
Aparelhamento de placas e execução de trabalhos em mármore, granito, ardósia e outras pedras;C - Indústrias de transformação;Baixa Grande do Ribeiro;Alto-Baixo;0,001;3,0;0,0
Aparelhamento de placas e execução de trabalhos em mármore, granito, ardósia e outras pedras;C - Indústrias de transformação;Bom Princípio do Piauí;Baixo-Alto;0,014;0,0;0,795
Aparelhamento de placas e execução de trabalhos em mármore, granito, ardósia e outras pedras;C - Indústrias de transformação;Buriti dos Montes;Baixo-Alto;0,001;0,0;0,988
Aparelhamento de placas e execução de trabalhos em mármore, granito, ardósia e outras pedras;C - Indústrias de transformação;Cajueiro da Praia;Baixo-Alto;0,024;0,0;1,792
Aparelhamento de placas e execução de trabalhos em mármore, granito, ardósia e outras pedras;C - Indústrias de transformação;Cocal;Baixo-Alto;0,015;0,0;0,645
Aparelhamento de placas e execução de trabalhos em mármore, granito, ardósia e outras pedras;C - Indústrias de transformação;Corrente;Alto-Baixo;0,001;14,0;0,0
Aparelhamento de placas e execução de trabalhos em mármore, granito, ardósia e outras pedras;C - Indústrias de transformação;Cristalândia do Piauí;Baixo-Alto;0,005;0,0;1,354
Aparelhamento de placas e execução de trabalhos em mármore, granito, ardósia e outras pedras;C - Indústrias de transformação;Lagoa de São Francisco;Baixo-Alto;0,04;0,0;0,973
Aparelhamento de placas e execução de trabalhos em mármore, granito, ardósia e outras pedras;C - Indústrias de transformação;Luís Correia;Alto-Baixo;0,001;5,0;0,0
Aparelhamento de placas e execução de trabalhos em mármore, granito, ardósia e outras pedras;C - Indústrias de transformação;Milton Brandão;Baixo-Alto;0,007;0,0;1,062
Aparelhamento de placas e execução de trabalhos em mármore, granito, ardósia e outras pedras;C - Indústrias de transformação;Parnaguá;Baixo-Alto;0,029;0,0;0,542
Aparelhamento de placas e execução de trabalhos em mármore, granito, ardósia e outras pedras;C - Indústrias de transformação;Parnaíba;Baixo-Alto;0,012;0,0;0,795
Aparelhamento de placas e execução de trabalhos em mármore, granito, ardósia e outras pedras;C - Indústrias de transformação;Pau D'Arco do Piauí;Baixo-Alto;0,042;0,0;0,462
Aparelhamento de placas e execução de trabalhos em mármore, granito, ardósia e outras pedras;C - Indústrias de transformação;Piracuruca;Alto-Baixo;0,001;1,0;0,0
Aparelhamento de placas e execução de trabalhos em mármore, granito, ardósia e outras pedras;C - Indústrias de transformação;Sebastião Barros;Baixo-Alto;0,02;0,0;0,903
Aparelhamento de placas e execução de trabalhos em mármore, granito, ardósia e outras pedras;C - Indústrias de transformação;Sigefredo Pacheco;Baixo-Alto;0,034;0,0;0,499
Aparelhamento de placas e execução de trabalhos em mármore, granito, ardósia e outras pedras;C - Indústrias de transformação;São Gonçalo do Gurguéia;Baixo-Alto;0,016;0,0;0,677
Aparelhamento de placas e execução de trabalhos em mármore, granito, ardósia e outras pedras;C - Indústrias de transformação;Teresina;Baixo-Alto;0,005;0,0;0,566
Arroz em casca;IBGE/PAM;Alvorada do Gurguéia;Baixo-Alto;0,011;0,0;1,427
Arroz em casca;IBGE/PAM;Baixa Grande do Ribeiro;Baixo-Alto;0,017;0,0;1,223
Arroz em casca;IBGE/PAM;Bom Princípio do Piauí;Baixo-Alto;0,03;0,0;1,782
Arroz em casca;IBGE/PAM;Buriti dos Lopes;Baixo-Alto;0,043;0,0;1,188
Arroz em casca;IBGE/PAM;Caraúbas do Piauí;Baixo-Alto;0,043;0,0;1,188
Arroz em casca;IBGE/PAM;Cocal dos Alves;Baixo-Alto;0,015;0,0;2,376
Arroz em casca;IBGE/PAM;Cristino Castro;Baixo-Alto;0,001;0,0;2,459
Arroz em casca;IBGE/PAM;Curimatá;Alto-Baixo;0,001;12,0;0,0
Arroz em casca;IBGE/PAM;Currais;Baixo-Alto;0,001;0,0;2,459
Arroz em casca;IBGE/PAM;Eliseu Martins;Alto-Baixo;0,001;12,0;0,0
Arroz em casca;IBGE/PAM;Ipiranga do Piauí;Alto-Baixo;0,001;11,0;0,0
Arroz em casca;IBGE/PAM;Luís Correia;Baixo-Alto;0,028;0,0;1,782
Arroz em casca;IBGE/PAM;Paes Landim;Baixo-Alto;0,026;0,0;1,785
Arroz em casca;IBGE/PAM;Pedro Laurentino;Alto-Alto;0,025;5,0;1,428
Arroz em casca;IBGE/PAM;Santa Luz;Alto-Alto;0,025;41,0;1,712
Arroz em casca;IBGE/PAM;São João do Piauí;Baixo-Alto;0,02;0,0;1,037
Arroz em casca;IBGE/PAM;Tamboril do Piauí;Alto-Baixo;0,001;14,0;0,0
Arroz em casca;IBGE/PAM;Uruçuí;Baixo-Alto;0,017;0,0;1,223
Atividade médica ambulatorial com recursos para realização de exames complementares;Q - Saúde humana e serviços sociais;Barras;Alto-Alto;0,008;6,0;1,003
Atividade médica ambulatorial com recursos para realização de exames complementares;Q - Saúde humana e serviços sociais;Batalha;Alto-Alto;0,001;6,0;1,475
Atividade médica ambulatorial com recursos para realização de exames complementares;Q - Saúde humana e serviços sociais;Boa Hora;Baixo-Alto;0,032;0,0;0,978
Atividade médica ambulatorial com recursos para realização de exames complementares;Q - Saúde humana e serviços sociais;Bocaina;Alto-Baixo;0,001;1,0;0,0
Atividade médica ambulatorial com recursos para realização de exames complementares;Q - Saúde humana e serviços sociais;Bom Princípio do Piauí;Baixo-Alto;0,014;0,0;1,326
Atividade médica ambulatorial com recursos para realização de exames complementares;Q - Saúde humana e serviços sociais;Brasileira;Baixo-Alto;0,007;0,0;1,439
Atividade médica ambulatorial com recursos para realização de exames complementares;Q - Saúde humana e serviços sociais;Buriti dos Lopes;Baixo-Alto;0,027;0,0;0,884
Atividade médica ambulatorial com recursos para realização de exames complementares;Q - Saúde humana e serviços sociais;Campo Largo do Piauí;Baixo-Alto;0,029;0,0;0,847
Atividade médica ambulatorial com recursos para realização de exames complementares;Q - Saúde humana e serviços sociais;Capitão Gervásio Oliveira;Baixo-Alto;0,047;0,0;0,909
Atividade médica ambulatorial com recursos para realização de exames complementares;Q - Saúde humana e serviços sociais;Castelo do Piauí;Alto-Baixo;0,001;1,0;0,0
Atividade médica ambulatorial com recursos para realização de exames complementares;Q - Saúde humana e serviços sociais;Cocal dos Alves;Baixo-Alto;0,047;0,0;1,134
Atividade médica ambulatorial com recursos para realização de exames complementares;Q - Saúde humana e serviços sociais;Corrente;Alto-Baixo;0,001;21,0;0,0
Atividade médica ambulatorial com recursos para realização de exames complementares;Q - Saúde humana e serviços sociais;Cristalândia do Piauí;Baixo-Alto;0,033;0,0;1,546
Atividade médica ambulatorial com recursos para realização de exames complementares;Q - Saúde humana e serviços sociais;Curimatá;Alto-Baixo;0,001;13,0;0,0
Atividade médica ambulatorial com recursos para realização de exames complementares;Q - Saúde humana e serviços sociais;Domingos Mourão;Baixo-Alto;0,02;0,0;1,083
Atividade médica ambulatorial com recursos para realização de exames complementares;Q - Saúde humana e serviços sociais;Ilha Grande;Baixo-Alto;0,001;0,0;4,205
Atividade médica ambulatorial com recursos para realização de exames complementares;Q - Saúde humana e serviços sociais;Itaueira;Alto-Baixo;0,001;1,0;0,0
Atividade médica ambulatorial com recursos para realização de exames complementares;Q - Saúde humana e serviços sociais;Lagoa de São Francisco;Baixo-Alto;0,002;0,0;2,165
Atividade médica ambulatorial com recursos para realização de exames complementares;Q - Saúde humana e serviços sociais;Luís Correia;Baixo-Alto;0,009;0,0;1,326
Atividade médica ambulatorial com recursos para realização de exames complementares;Q - Saúde humana e serviços sociais;Nova Santa Rita;Baixo-Alto;0,034;0,0;0,866
Atividade médica ambulatorial com recursos para realização de exames complementares;Q - Saúde humana e serviços sociais;Parnaguá;Baixo-Alto;0,012;0,0;1,146
Atividade médica ambulatorial com recursos para realização de exames complementares;Q - Saúde humana e serviços sociais;Parnaíba;Alto-Baixo;0,001;66,0;0,0
Atividade médica ambulatorial com recursos para realização de exames complementares;Q - Saúde humana e serviços sociais;Pedro Laurentino;Baixo-Alto;0,033;0,0;0,866
Atividade médica ambulatorial com recursos para realização de exames complementares;Q - Saúde humana e serviços sociais;Piripiri;Alto-Alto;0,04;18,0;0,66
Atividade médica ambulatorial com recursos para realização de exames complementares;Q - Saúde humana e serviços sociais;Queimada Nova;Alto-Baixo;0,001;2,0;0,0
Atividade médica ambulatorial com recursos para realização de exames complementares;Q - Saúde humana e serviços sociais;Riacho Frio;Baixo-Alto;0,024;0,0;0,819
Atividade médica ambulatorial com recursos para realização de exames complementares;Q - Saúde humana e serviços sociais;São José do Divino;Baixo-Alto;0,017;0,0;1,062
Atividade médica ambulatorial com recursos para realização de procedimentos cirúrgicos;Q - Saúde humana e serviços sociais;Amarante;Alto-Baixo;0,001;1,0;0,0
Atividade médica ambulatorial com recursos para realização de procedimentos cirúrgicos;Q - Saúde humana e serviços sociais;Baixa Grande do Ribeiro;Baixo-Alto;0,015;0,0;0,594
Atividade médica ambulatorial com recursos para realização de procedimentos cirúrgicos;Q - Saúde humana e serviços sociais;Barras;Alto-Alto;0,005;11,0;0,631
Atividade médica ambulatorial com recursos para realização de procedimentos cirúrgicos;Q - Saúde humana e serviços sociais;Batalha;Baixo-Alto;0,001;0,0;1,076
Atividade médica ambulatorial com recursos para realização de procedimentos cirúrgicos;Q - Saúde humana e serviços sociais;Boa Hora;Baixo-Alto;0,004;0,0;0,994
Atividade médica ambulatorial com recursos para realização de procedimentos cirúrgicos;Q - Saúde humana e serviços sociais;Campo Largo do Piauí;Baixo-Alto;0,001;0,0;0,842
Atividade médica ambulatorial com recursos para realização de procedimentos cirúrgicos;Q - Saúde humana e serviços sociais;Domingos Mourão;Baixo-Alto;0,028;0,0;0,621
Atividade médica ambulatorial com recursos para realização de procedimentos cirúrgicos;Q - Saúde humana e serviços sociais;Inhuma;Alto-Alto;0,026;3,0;0,534
Atividade médica ambulatorial com recursos para realização de procedimentos cirúrgicos;Q - Saúde humana e serviços sociais;Ipiranga do Piauí;Baixo-Alto;0,036;0,0;0,476
Atividade médica ambulatorial com recursos para realização de procedimentos cirúrgicos;Q - Saúde humana e serviços sociais;Lagoa de São Francisco;Baixo-Alto;0,034;0,0;1,242
Atividade médica ambulatorial com recursos para realização de procedimentos cirúrgicos;Q - Saúde humana e serviços sociais;Lagoa do Sítio;Baixo-Alto;0,011;0,0;0,795
Atividade médica ambulatorial com recursos para realização de procedimentos cirúrgicos;Q - Saúde humana e serviços sociais;Morro do Chapéu do Piauí;Baixo-Alto;0,035;0,0;0,641
Atividade médica ambulatorial com recursos para realização de procedimentos cirúrgicos;Q - Saúde humana e serviços sociais;Novo Oriente do Piauí;Baixo-Alto;0,001;0,0;1,025
Atividade médica ambulatorial com recursos para realização de procedimentos cirúrgicos;Q - Saúde humana e serviços sociais;Simplício Mendes;Alto-Baixo;0,001;2,0;0,0
Atividade médica ambulatorial com recursos para realização de procedimentos cirúrgicos;Q - Saúde humana e serviços sociais;São João do Arraial;Baixo-Alto;0,043;0,0;0,513
Atividade médica ambulatorial com recursos para realização de procedimentos cirúrgicos;Q - Saúde humana e serviços sociais;Água Branca;Alto-Baixo;0,001;6,0;0,0
Atividade médica ambulatorial restrita a consultas;Q - Saúde humana e serviços sociais;Acauã;Baixo-Alto;0,017;0,0;0,963
Atividade médica ambulatorial restrita a consultas;Q - Saúde humana e serviços sociais;Anísio de Abreu;Alto-Baixo;0,001;1,0;0,0
Atividade médica ambulatorial restrita a consultas;Q - Saúde humana e serviços sociais;Barra D'Alcântara;Alto-Baixo;0,001;1,0;0,0
Atividade médica ambulatorial restrita a consultas;Q - Saúde humana e serviços sociais;Campo Alegre do Fidalgo;Baixo-Alto;0,027;0,0;0,536
Atividade médica ambulatorial restrita a consultas;Q - Saúde humana e serviços sociais;Capitão Gervásio Oliveira;Baixo-Alto;0,007;0,0;0,805
Atividade médica ambulatorial restrita a consultas;Q - Saúde humana e serviços sociais;Colônia do Gurguéia;Alto-Baixo;0,001;1,0;0,0
Atividade médica ambulatorial restrita a consultas;Q - Saúde humana e serviços sociais;Cristalândia do Piauí;Baixo-Alto;0,024;0,0;0,896
Atividade médica ambulatorial restrita a consultas;Q - Saúde humana e serviços sociais;Curral Novo do Piauí;Baixo-Alto;0,034;0,0;0,578
Atividade médica ambulatorial restrita a consultas;Q - Saúde humana e serviços sociais;Curralinhos;Alto-Baixo;0,001;1,0;0,0
Atividade médica ambulatorial restrita a consultas;Q - Saúde humana e serviços sociais;Dom Inocêncio;Baixo-Alto;0,012;0,0;0,644
Atividade médica ambulatorial restrita a consultas;Q - Saúde humana e serviços sociais;Flores do Piauí;Baixo-Alto;0,03;0,0;0,599
Atividade médica ambulatorial restrita a consultas;Q - Saúde humana e serviços sociais;Joaquim Pires;Baixo-Alto;0,029;0,0;0,448
Atividade médica ambulatorial restrita a consultas;Q - Saúde humana e serviços sociais;João Costa;Baixo-Alto;0,029;0,0;0,536
Atividade médica ambulatorial restrita a consultas;Q - Saúde humana e serviços sociais;Lagoa Alegre;Baixo-Alto;0,027;0,0;0,621
Atividade médica ambulatorial restrita a consultas;Q - Saúde humana e serviços sociais;Lagoa do Sítio;Baixo-Alto;0,026;0,0;0,677
Atividade médica ambulatorial restrita a consultas;Q - Saúde humana e serviços sociais;Nova Santa Rita;Baixo-Alto;0,015;0,0;0,644
Atividade médica ambulatorial restrita a consultas;Q - Saúde humana e serviços sociais;Novo Oriente do Piauí;Baixo-Alto;0,012;0,0;0,68
Atividade médica ambulatorial restrita a consultas;Q - Saúde humana e serviços sociais;Pavussu;Baixo-Alto;0,038;0,0;0,599
Atividade médica ambulatorial restrita a consultas;Q - Saúde humana e serviços sociais;Pedro II;Alto-Baixo;0,001;1,0;0,0
Atividade médica ambulatorial restrita a consultas;Q - Saúde humana e serviços sociais;Pedro Laurentino;Baixo-Alto;0,016;0,0;0,644
Atividade médica ambulatorial restrita a consultas;Q - Saúde humana e serviços sociais;Riacho Frio;Baixo-Alto;0,009;0,0;0,611
Atividade médica ambulatorial restrita a consultas;Q - Saúde humana e serviços sociais;Ribeira do Piauí;Baixo-Alto;0,031;0,0;0,46
Atividade médica ambulatorial restrita a consultas;Q - Saúde humana e serviços sociais;Socorro do Piauí;Baixo-Alto;0,032;0,0;0,536
Atividade médica ambulatorial restrita a consultas;Q - Saúde humana e serviços sociais;São Gonçalo do Gurguéia;Alto-Alto;0,03;1,0;0,621
Atividade médica ambulatorial restrita a consultas;Q - Saúde humana e serviços sociais;São João do Arraial;Baixo-Alto;0,045;0,0;0,497
Atividade médica ambulatorial restrita a consultas;Q - Saúde humana e serviços sociais;São João do Piauí;Alto-Baixo;0,001;24,0;0,0
Atividade médica ambulatorial restrita a consultas;Q - Saúde humana e serviços sociais;Teresina;Baixo-Alto;0,043;0,0;0,387
Atividade médica ambulatorial restrita a consultas;Q - Saúde humana e serviços sociais;União;Alto-Alto;0,043;1,0;0,448
Atividade odontológica com recursos para realização de procedimentos cirúrgicos;Q - Saúde humana e serviços sociais;Acauã;Baixo-Alto;0,027;0,0;1,348
Atividade odontológica com recursos para realização de procedimentos cirúrgicos;Q - Saúde humana e serviços sociais;Antônio Almeida;Baixo-Alto;0,04;0,0;1,096
Atividade odontológica com recursos para realização de procedimentos cirúrgicos;Q - Saúde humana e serviços sociais;Avelino Lopes;Alto-Baixo;0,001;3,0;0,0
Atividade odontológica com recursos para realização de procedimentos cirúrgicos;Q - Saúde humana e serviços sociais;Bom Princípio do Piauí;Alto-Alto;0,027;2,0;1,209
Atividade odontológica com recursos para realização de procedimentos cirúrgicos;Q - Saúde humana e serviços sociais;Campo Maior;Baixo-Alto;0,049;0,0;0,792
Atividade odontológica com recursos para realização de procedimentos cirúrgicos;Q - Saúde humana e serviços sociais;Canto do Buriti;Alto-Baixo;0,001;5,0;0,0
Atividade odontológica com recursos para realização de procedimentos cirúrgicos;Q - Saúde humana e serviços sociais;Elesbão Veloso;Alto-Baixo;0,001;2,0;0,0
Atividade odontológica com recursos para realização de procedimentos cirúrgicos;Q - Saúde humana e serviços sociais;Ilha Grande;Alto-Baixo;0,001;2,0;0,0
Atividade odontológica com recursos para realização de procedimentos cirúrgicos;Q - Saúde humana e serviços sociais;Itaueira;Alto-Baixo;0,001;2,0;0,0
Atividade odontológica com recursos para realização de procedimentos cirúrgicos;Q - Saúde humana e serviços sociais;José de Freitas;Alto-Alto;0,037;17,0;0,954
Atividade odontológica com recursos para realização de procedimentos cirúrgicos;Q - Saúde humana e serviços sociais;Lagoa Alegre;Baixo-Alto;0,004;0,0;1,618
Atividade odontológica com recursos para realização de procedimentos cirúrgicos;Q - Saúde humana e serviços sociais;Lagoa de São Francisco;Alto-Alto;0,033;1,0;1,568
Atividade odontológica com recursos para realização de procedimentos cirúrgicos;Q - Saúde humana e serviços sociais;Madeiro;Baixo-Alto;0,026;0,0;1,33
Atividade odontológica com recursos para realização de procedimentos cirúrgicos;Q - Saúde humana e serviços sociais;Parnaíba;Baixo-Alto;0,019;0,0;1,31
Atividade odontológica com recursos para realização de procedimentos cirúrgicos;Q - Saúde humana e serviços sociais;Pau D'Arco do Piauí;Baixo-Alto;0,01;0,0;1,198
Atividade odontológica com recursos para realização de procedimentos cirúrgicos;Q - Saúde humana e serviços sociais;Ribeiro Gonçalves;Baixo-Alto;0,021;0,0;1,365
Atividade odontológica com recursos para realização de procedimentos cirúrgicos;Q - Saúde humana e serviços sociais;Sigefredo Pacheco;Alto-Baixo;0,001;2,0;0,0
Atividade odontológica com recursos para realização de procedimentos cirúrgicos;Q - Saúde humana e serviços sociais;Simplício Mendes;Alto-Baixo;0,049;4,0;0,0
Atividade odontológica com recursos para realização de procedimentos cirúrgicos;Q - Saúde humana e serviços sociais;Teresina;Baixo-Alto;0,002;0,0;1,257
Atividade odontológica com recursos para realização de procedimentos cirúrgicos;Q - Saúde humana e serviços sociais;Várzea Grande;Alto-Baixo;0,001;2,0;0,0
Atividades associativas não especificadas anteriormente;S - Outras atividades de serviços;Acauã;Baixo-Alto;0,011;0,0;1,551
Atividades associativas não especificadas anteriormente;S - Outras atividades de serviços;Batalha;Baixo-Alto;0,032;0,0;0,793
Atividades associativas não especificadas anteriormente;S - Outras atividades de serviços;Betânia do Piauí;Baixo-Alto;0,023;0,0;1,551
Atividades associativas não especificadas anteriormente;S - Outras atividades de serviços;Canto do Buriti;Alto-Baixo;0,001;16,0;0,0
Atividades associativas não especificadas anteriormente;S - Outras atividades de serviços;Castelo do Piauí;Alto-Baixo;0,001;10,0;0,0
Atividades associativas não especificadas anteriormente;S - Outras atividades de serviços;Curral Novo do Piauí;Baixo-Alto;0,021;0,0;0,931
Atividades associativas não especificadas anteriormente;S - Outras atividades de serviços;Esperantina;Alto-Baixo;0,001;42,0;0,0
Atividades associativas não especificadas anteriormente;S - Outras atividades de serviços;Geminiano;Baixo-Alto;0,038;0,0;0,729
Atividades associativas não especificadas anteriormente;S - Outras atividades de serviços;Jacobina do Piauí;Baixo-Alto;0,03;0,0;0,776
Atividades associativas não especificadas anteriormente;S - Outras atividades de serviços;Joaquim Pires;Baixo-Alto;0,032;0,0;0,73
Atividades associativas não especificadas anteriormente;S - Outras atividades de serviços;Lagoa Alegre;Baixo-Alto;0,034;0,0;0,988
Atividades associativas não especificadas anteriormente;S - Outras atividades de serviços;Luzilândia;Alto-Baixo;0,001;7,0;0,0
Atividades associativas não especificadas anteriormente;S - Outras atividades de serviços;Morro do Chapéu do Piauí;Baixo-Alto;0,009;0,0;1,46
Atividades associativas não especificadas anteriormente;S - Outras atividades de serviços;Patos do Piauí;Baixo-Alto;0,047;0,0;0,638
Atividades associativas não especificadas anteriormente;S - Outras atividades de serviços;Paulistana;Alto-Baixo;0,001;104,0;0,0
Atividades associativas não especificadas anteriormente;S - Outras atividades de serviços;Pio IX;Alto-Baixo;0,001;5,0;0,0
Atividades associativas não especificadas anteriormente;S - Outras atividades de serviços;Piracuruca;Alto-Baixo;0,001;5,0;0,0
Atividades associativas não especificadas anteriormente;S - Outras atividades de serviços;Queimada Nova;Baixo-Alto;0,013;0,0;1,163
Atividades associativas não especificadas anteriormente;S - Outras atividades de serviços;São Francisco de Assis do Piauí;Baixo-Alto;0,043;0,0;0,665
Atividades associativas não especificadas anteriormente;S - Outras atividades de serviços;São João do Arraial;Baixo-Alto;0,012;0,0;1,168
Atividades associativas não especificadas anteriormente;S - Outras atividades de serviços;São Raimundo Nonato;Alto-Baixo;0,001;4,0;0,0
Atividades de apoio à agricultura não especificadas anteriormente;A - Agricultura, pecuária, produção florestal, pesca e aquicultura;Antônio Almeida;Alto-Alto;0,003;2,0;1,734
Atividades de apoio à agricultura não especificadas anteriormente;A - Agricultura, pecuária, produção florestal, pesca e aquicultura;Aroazes;Alto-Alto;0,006;5,0;1,225
Atividades de apoio à agricultura não especificadas anteriormente;A - Agricultura, pecuária, produção florestal, pesca e aquicultura;Batalha;Baixo-Alto;0,02;0,0;0,925
Atividades de apoio à agricultura não especificadas anteriormente;A - Agricultura, pecuária, produção florestal, pesca e aquicultura;Bertolínia;Baixo-Alto;0,011;0,0;1,409
Atividades de apoio à agricultura não especificadas anteriormente;A - Agricultura, pecuária, produção florestal, pesca e aquicultura;Buriti dos Montes;Baixo-Alto;0,047;0,0;0,886
Atividades de apoio à agricultura não especificadas anteriormente;A - Agricultura, pecuária, produção florestal, pesca e aquicultura;Domingos Mourão;Baixo-Alto;0,042;0,0;1,006
Atividades de apoio à agricultura não especificadas anteriormente;A - Agricultura, pecuária, produção florestal, pesca e aquicultura;Guadalupe;Alto-Baixo;0,001;17,0;0,0
Atividades de apoio à agricultura não especificadas anteriormente;A - Agricultura, pecuária, produção florestal, pesca e aquicultura;Jerumenha;Baixo-Alto;0,003;0,0;1,373
Atividades de apoio à agricultura não especificadas anteriormente;A - Agricultura, pecuária, produção florestal, pesca e aquicultura;Lagoa de São Francisco;Baixo-Alto;0,022;0,0;1,666
Atividades de apoio à agricultura não especificadas anteriormente;A - Agricultura, pecuária, produção florestal, pesca e aquicultura;Landri Sales;Alto-Alto;0,025;2,0;0,891
Atividades de apoio à agricultura não especificadas anteriormente;A - Agricultura, pecuária, produção florestal, pesca e aquicultura;Manoel Emídio;Alto-Alto;0,011;1,0;1,088
Atividades de apoio à agricultura não especificadas anteriormente;A - Agricultura, pecuária, produção florestal, pesca e aquicultura;Marcos Parente;Baixo-Alto;0,035;0,0;0,997
Atividades de apoio à agricultura não especificadas anteriormente;A - Agricultura, pecuária, produção florestal, pesca e aquicultura;Novo Oriente do Piauí;Baixo-Alto;0,016;0,0;1,112
Atividades de apoio à agricultura não especificadas anteriormente;A - Agricultura, pecuária, produção florestal, pesca e aquicultura;Palmeira do Piauí;Baixo-Alto;0,033;0,0;0,832
Atividades de apoio à agricultura não especificadas anteriormente;A - Agricultura, pecuária, produção florestal, pesca e aquicultura;Porto Alegre do Piauí;Baixo-Alto;0,008;0,0;1,272
Atividades de apoio à agricultura não especificadas anteriormente;A - Agricultura, pecuária, produção florestal, pesca e aquicultura;Riacho Frio;Baixo-Alto;0,004;0,0;1,065
Atividades de apoio à agricultura não especificadas anteriormente;A - Agricultura, pecuária, produção florestal, pesca e aquicultura;Ribeiro Gonçalves;Baixo-Alto;0,016;0,0;1,297
Atividades de apoio à agricultura não especificadas anteriormente;A - Agricultura, pecuária, produção florestal, pesca e aquicultura;Santa Cruz dos Milagres;Baixo-Alto;0,005;0,0;1,332
Atividades de apoio à agricultura não especificadas anteriormente;A - Agricultura, pecuária, produção florestal, pesca e aquicultura;Santa Luz;Alto-Baixo;0,001;2,0;0,0
Atividades de apoio à agricultura não especificadas anteriormente;A - Agricultura, pecuária, produção florestal, pesca e aquicultura;Sebastião Barros;Baixo-Alto;0,034;0,0;1,195
Atividades de apoio à agricultura não especificadas anteriormente;A - Agricultura, pecuária, produção florestal, pesca e aquicultura;Sebastião Leal;Alto-Alto;0,001;6,0;1,514
Atividades de apoio à agricultura não especificadas anteriormente;A - Agricultura, pecuária, produção florestal, pesca e aquicultura;São Félix do Piauí;Baixo-Alto;0,006;0,0;1,332
Atividades de apoio à agricultura não especificadas anteriormente;A - Agricultura, pecuária, produção florestal, pesca e aquicultura;São José do Divino;Baixo-Alto;0,034;0,0;0,997
Atividades de apoio à agricultura não especificadas anteriormente;A - Agricultura, pecuária, produção florestal, pesca e aquicultura;São Miguel da Baixa Grande;Alto-Alto;0,043;1,0;0,811
Atividades de apoio à agricultura não especificadas anteriormente;A - Agricultura, pecuária, produção florestal, pesca e aquicultura;Valença do Piauí;Alto-Alto;0,006;3,0;1,177
Atividades de apoio à gestão de saúde;Q - Saúde humana e serviços sociais;Arraial;Alto-Baixo;0,001;87,0;0,0
Atividades de apoio à gestão de saúde;Q - Saúde humana e serviços sociais;Batalha;Baixo-Alto;0,002;0,0;1,983
Atividades de apoio à gestão de saúde;Q - Saúde humana e serviços sociais;Belém do Piauí;Baixo-Alto;0,037;0,0;1,314
Atividades de apoio à gestão de saúde;Q - Saúde humana e serviços sociais;Bocaina;Baixo-Alto;0,024;0,0;1,669
Atividades de apoio à gestão de saúde;Q - Saúde humana e serviços sociais;Brasileira;Baixo-Alto;0,045;0,0;1,267
Atividades de apoio à gestão de saúde;Q - Saúde humana e serviços sociais;Caraúbas do Piauí;Baixo-Alto;0,006;0,0;1,798
Atividades de apoio à gestão de saúde;Q - Saúde humana e serviços sociais;Cocal dos Alves;Baixo-Alto;0,014;0,0;2,111
Atividades de apoio à gestão de saúde;Q - Saúde humana e serviços sociais;Curral Novo do Piauí;Baixo-Alto;0,018;0,0;1,797
Atividades de apoio à gestão de saúde;Q - Saúde humana e serviços sociais;Geminiano;Baixo-Alto;0,01;0,0;1,499
Atividades de apoio à gestão de saúde;Q - Saúde humana e serviços sociais;Ilha Grande;Baixo-Alto;0,041;0,0;4,127
Atividades de apoio à gestão de saúde;Q - Saúde humana e serviços sociais;Isaías Coelho;Baixo-Alto;0,038;0,0;1,126
Atividades de apoio à gestão de saúde;Q - Saúde humana e serviços sociais;Itaueira;Alto-Baixo;0,001;73,0;0,0
Atividades de apoio à gestão de saúde;Q - Saúde humana e serviços sociais;Massapê do Piauí;Baixo-Alto;0,011;0,0;1,797
Atividades de apoio à gestão de saúde;Q - Saúde humana e serviços sociais;Milton Brandão;Alto-Baixo;0,001;50,0;0,0
Atividades de apoio à gestão de saúde;Q - Saúde humana e serviços sociais;Padre Marcos;Baixo-Alto;0,037;0,0;1,314
Atividades de apoio à gestão de saúde;Q - Saúde humana e serviços sociais;Parnaíba;Alto-Baixo;0,001;61,0;0,0
Atividades de apoio à gestão de saúde;Q - Saúde humana e serviços sociais;Patos do Piauí;Baixo-Alto;0,006;0,0;1,638
Atividades de apoio à gestão de saúde;Q - Saúde humana e serviços sociais;Santana do Piauí;Baixo-Alto;0,007;0,0;2,26
Atividades de apoio à gestão de saúde;Q - Saúde humana e serviços sociais;São José do Divino;Alto-Alto;0,025;85,0;1,583
Atividades de apoio à gestão de saúde;Q - Saúde humana e serviços sociais;São João da Fronteira;Baixo-Alto;0,031;0,0;1,583
Atividades de apoio à gestão de saúde;Q - Saúde humana e serviços sociais;Vera Mendes;Alto-Alto;0,037;38,0;1,782
Atividades de apoio à gestão de saúde;Q - Saúde humana e serviços sociais;Água Branca;Alto-Baixo;0,001;16,0;0,0
Atividades de apoio à pecuária não especificadas anteriormente;A - Agricultura, pecuária, produção florestal, pesca e aquicultura;Alto Longá;Baixo-Alto;0,013;0,0;0,398
Atividades de apoio à pecuária não especificadas anteriormente;A - Agricultura, pecuária, produção florestal, pesca e aquicultura;Amarante;Alto-Alto;0,015;1,0;0,482
Atividades de apoio à pecuária não especificadas anteriormente;A - Agricultura, pecuária, produção florestal, pesca e aquicultura;Antônio Almeida;Alto-Baixo;0,001;1,0;0,0
Atividades de apoio à pecuária não especificadas anteriormente;A - Agricultura, pecuária, produção florestal, pesca e aquicultura;Barreiras do Piauí;Baixo-Alto;0,015;0,0;0,896
Atividades de apoio à pecuária não especificadas anteriormente;A - Agricultura, pecuária, produção florestal, pesca e aquicultura;Batalha;Baixo-Alto;0,011;0,0;0,495
Atividades de apoio à pecuária não especificadas anteriormente;A - Agricultura, pecuária, produção florestal, pesca e aquicultura;Boa Hora;Baixo-Alto;0,006;0,0;0,693
Atividades de apoio à pecuária não especificadas anteriormente;A - Agricultura, pecuária, produção florestal, pesca e aquicultura;Campo Maior;Alto-Baixo;0,001;1,0;0,0
Atividades de apoio à pecuária não especificadas anteriormente;A - Agricultura, pecuária, produção florestal, pesca e aquicultura;Francisco Ayres;Alto-Alto;0,004;1,0;0,723
Atividades de apoio à pecuária não especificadas anteriormente;A - Agricultura, pecuária, produção florestal, pesca e aquicultura;Jerumenha;Baixo-Alto;0,045;0,0;0,366
Atividades de apoio à pecuária não especificadas anteriormente;A - Agricultura, pecuária, produção florestal, pesca e aquicultura;José de Freitas;Baixo-Alto;0,024;0,0;0,414
Atividades de apoio à pecuária não especificadas anteriormente;A - Agricultura, pecuária, produção florestal, pesca e aquicultura;Lagoa Alegre;Baixo-Alto;0,031;0,0;0,448
Atividades de apoio à pecuária não especificadas anteriormente;A - Agricultura, pecuária, produção florestal, pesca e aquicultura;Lagoa de São Francisco;Baixo-Alto;0,036;0,0;0,693
Atividades de apoio à pecuária não especificadas anteriormente;A - Agricultura, pecuária, produção florestal, pesca e aquicultura;Miguel Alves;Baixo-Alto;0,009;0,0;0,53
Atividades de apoio à pecuária não especificadas anteriormente;A - Agricultura, pecuária, produção florestal, pesca e aquicultura;Nazaré do Piauí;Baixo-Alto;0,017;0,0;0,413
Atividades de apoio à pecuária não especificadas anteriormente;A - Agricultura, pecuária, produção florestal, pesca e aquicultura;Novo Santo Antônio;Baixo-Alto;0,014;0,0;0,497
Atividades de apoio à pecuária não especificadas anteriormente;A - Agricultura, pecuária, produção florestal, pesca e aquicultura;Parnaguá;Alto-Baixo;0,001;2,0;0,0
Atividades de apoio à pecuária não especificadas anteriormente;A - Agricultura, pecuária, produção florestal, pesca e aquicultura;Parnaíba;Alto-Baixo;0,001;1,0;0,0
Atividades de apoio à pecuária não especificadas anteriormente;A - Agricultura, pecuária, produção florestal, pesca e aquicultura;Passagem Franca do Piauí;Baixo-Alto;0,015;0,0;0,448
Atividades de apoio à pecuária não especificadas anteriormente;A - Agricultura, pecuária, produção florestal, pesca e aquicultura;Piracuruca;Alto-Baixo;0,001;1,0;0,0
Atividades de apoio à pecuária não especificadas anteriormente;A - Agricultura, pecuária, produção florestal, pesca e aquicultura;Riacho Frio;Baixo-Alto;0,029;0,0;0,413
Atividades de apoio à pecuária não especificadas anteriormente;A - Agricultura, pecuária, produção florestal, pesca e aquicultura;Santa Luz;Alto-Baixo;0,001;1,0;0,0
Atividades de apoio à pecuária não especificadas anteriormente;A - Agricultura, pecuária, produção florestal, pesca e aquicultura;São Félix do Piauí;Baixo-Alto;0,022;0,0;0,497
Atividades de apoio à pecuária não especificadas anteriormente;A - Agricultura, pecuária, produção florestal, pesca e aquicultura;São João da Serra;Alto-Baixo;0,001;5,0;0,0
Atividades de apoio à pecuária não especificadas anteriormente;A - Agricultura, pecuária, produção florestal, pesca e aquicultura;União;Alto-Baixo;0,001;5,0;0,0
Atividades de associações de defesa de direitos sociais;S - Outras atividades de serviços;Bom Jesus;Alto-Alto;0,004;4,0;1,124
Atividades de associações de defesa de direitos sociais;S - Outras atividades de serviços;Buriti dos Lopes;Alto-Baixo;0,001;2,0;0,0
Atividades de associações de defesa de direitos sociais;S - Outras atividades de serviços;Cajueiro da Praia;Alto-Baixo;0,001;26,0;0,0
Atividades de associações de defesa de direitos sociais;S - Outras atividades de serviços;Cocal dos Alves;Baixo-Alto;0,036;0,0;1,155
Atividades de associações de defesa de direitos sociais;S - Outras atividades de serviços;Corrente;Alto-Baixo;0,001;68,0;0,0
Atividades de associações de defesa de direitos sociais;S - Outras atividades de serviços;Cristalândia do Piauí;Baixo-Alto;0,025;0,0;2,117
Atividades de associações de defesa de direitos sociais;S - Outras atividades de serviços;Currais;Baixo-Alto;0,002;0,0;1,593
Atividades de associações de defesa de direitos sociais;S - Outras atividades de serviços;Gilbués;Alto-Alto;0,012;13,0;0,94
Atividades de associações de defesa de direitos sociais;S - Outras atividades de serviços;Monte Alegre do Piauí;Baixo-Alto;0,037;0,0;1,062
Atividades de associações de defesa de direitos sociais;S - Outras atividades de serviços;Palmeira do Piauí;Baixo-Alto;0,013;0,0;1,059
Atividades de associações de defesa de direitos sociais;S - Outras atividades de serviços;Riacho Frio;Baixo-Alto;0,016;0,0;0,982
Atividades de associações de defesa de direitos sociais;S - Outras atividades de serviços;Ribeiro Gonçalves;Baixo-Alto;0,022;0,0;1,426
Atividades de associações de defesa de direitos sociais;S - Outras atividades de serviços;Santa Filomena;Baixo-Alto;0,003;0,0;2,305
Atividades de associações de defesa de direitos sociais;S - Outras atividades de serviços;Sebastião Barros;Baixo-Alto;0,024;0,0;1,411
Atividades de associações de defesa de direitos sociais;S - Outras atividades de serviços;Simplício Mendes;Alto-Baixo;0,001;2,0;0,0
Atividades de associações de defesa de direitos sociais;S - Outras atividades de serviços;São Gonçalo do Gurguéia;Baixo-Alto;0,002;0,0;1,892
Atividades de atendimento hospitalar, exceto pronto-socorro e unidades para atendimento a urgências;Q - Saúde humana e serviços sociais;Barro Duro;Alto-Baixo;0,001;51,0;0,0
Atividades de atendimento hospitalar, exceto pronto-socorro e unidades para atendimento a urgências;Q - Saúde humana e serviços sociais;Boa Hora;Baixo-Alto;0,035;0,0;1,246
Atividades de atendimento hospitalar, exceto pronto-socorro e unidades para atendimento a urgências;Q - Saúde humana e serviços sociais;Brasileira;Baixo-Alto;0,005;0,0;2,159
Atividades de atendimento hospitalar, exceto pronto-socorro e unidades para atendimento a urgências;Q - Saúde humana e serviços sociais;Corrente;Baixo-Alto;0,012;0,0;1,778
Atividades de atendimento hospitalar, exceto pronto-socorro e unidades para atendimento a urgências;Q - Saúde humana e serviços sociais;Cristalândia do Piauí;Alto-Baixo;0,001;124,0;0,0
Atividades de atendimento hospitalar, exceto pronto-socorro e unidades para atendimento a urgências;Q - Saúde humana e serviços sociais;Dirceu Arcoverde;Alto-Baixo;0,001;57,0;0,0
Atividades de atendimento hospitalar, exceto pronto-socorro e unidades para atendimento a urgências;Q - Saúde humana e serviços sociais;Domingos Mourão;Baixo-Alto;0,003;0,0;2,698
Atividades de atendimento hospitalar, exceto pronto-socorro e unidades para atendimento a urgências;Q - Saúde humana e serviços sociais;Floresta do Piauí;Baixo-Alto;0,013;0,0;1,691
Atividades de atendimento hospitalar, exceto pronto-socorro e unidades para atendimento a urgências;Q - Saúde humana e serviços sociais;Gilbués;Baixo-Alto;0,041;0,0;1,133
Atividades de atendimento hospitalar, exceto pronto-socorro e unidades para atendimento a urgências;Q - Saúde humana e serviços sociais;Júlio Borges;Alto-Baixo;0,001;1,0;0,0
Atividades de atendimento hospitalar, exceto pronto-socorro e unidades para atendimento a urgências;Q - Saúde humana e serviços sociais;Lagoa de São Francisco;Baixo-Alto;0,012;0,0;3,114
Atividades de atendimento hospitalar, exceto pronto-socorro e unidades para atendimento a urgências;Q - Saúde humana e serviços sociais;Lagoa do Sítio;Baixo-Alto;0,044;0,0;1,253
Atividades de atendimento hospitalar, exceto pronto-socorro e unidades para atendimento a urgências;Q - Saúde humana e serviços sociais;Luís Correia;Alto-Baixo;0,001;2,0;0,0
Atividades de atendimento hospitalar, exceto pronto-socorro e unidades para atendimento a urgências;Q - Saúde humana e serviços sociais;Monte Alegre do Piauí;Baixo-Alto;0,007;0,0;2,258
Atividades de atendimento hospitalar, exceto pronto-socorro e unidades para atendimento a urgências;Q - Saúde humana e serviços sociais;Pedro II;Baixo-Alto;0,046;0,0;1,038
Atividades de atendimento hospitalar, exceto pronto-socorro e unidades para atendimento a urgências;Q - Saúde humana e serviços sociais;Pimenteiras;Baixo-Alto;0,047;0,0;0,886
Atividades de atendimento hospitalar, exceto pronto-socorro e unidades para atendimento a urgências;Q - Saúde humana e serviços sociais;Piripiri;Alto-Baixo;0,001;506,0;0,0
Atividades de atendimento hospitalar, exceto pronto-socorro e unidades para atendimento a urgências;Q - Saúde humana e serviços sociais;Redenção do Gurguéia;Alto-Alto;0,016;2,0;1,586
Atividades de atendimento hospitalar, exceto pronto-socorro e unidades para atendimento a urgências;Q - Saúde humana e serviços sociais;Santo Antônio de Lisboa;Alto-Baixo;0,001;56,0;0,0
Atividades de atendimento hospitalar, exceto pronto-socorro e unidades para atendimento a urgências;Q - Saúde humana e serviços sociais;Sussuapara;Baixo-Alto;0,03;0,0;1,398
Atividades de atendimento hospitalar, exceto pronto-socorro e unidades para atendimento a urgências;Q - Saúde humana e serviços sociais;Wall Ferraz;Alto-Alto;0,03;1,0;1,552
Atividades de atendimento hospitalar, exceto pronto-socorro e unidades para atendimento a urgências;Q - Saúde humana e serviços sociais;Água Branca;Alto-Baixo;0,001;2,0;0,0
Atividades de atenção ambulatorial não especificadas anteriormente;Q - Saúde humana e serviços sociais;Aroeiras do Itaim;Baixo-Alto;0,042;0,0;0,822
Atividades de atenção ambulatorial não especificadas anteriormente;Q - Saúde humana e serviços sociais;Barras;Alto-Baixo;0,001;2,0;0,0
Atividades de atenção ambulatorial não especificadas anteriormente;Q - Saúde humana e serviços sociais;Brejo do Piauí;Baixo-Alto;0,002;0,0;1,302
Atividades de atenção ambulatorial não especificadas anteriormente;Q - Saúde humana e serviços sociais;Canto do Buriti;Baixo-Alto;0,008;0,0;0,839
Atividades de atenção ambulatorial não especificadas anteriormente;Q - Saúde humana e serviços sociais;Caracol;Baixo-Alto;0,042;0,0;1,002
Atividades de atenção ambulatorial não especificadas anteriormente;Q - Saúde humana e serviços sociais;Dirceu Arcoverde;Baixo-Alto;0,005;0,0;1,353
Atividades de atenção ambulatorial não especificadas anteriormente;Q - Saúde humana e serviços sociais;Dom Inocêncio;Baixo-Alto;0,013;0,0;0,97
Atividades de atenção ambulatorial não especificadas anteriormente;Q - Saúde humana e serviços sociais;Flores do Piauí;Baixo-Alto;0,04;0,0;0,876
Atividades de atenção ambulatorial não especificadas anteriormente;Q - Saúde humana e serviços sociais;Floresta do Piauí;Baixo-Alto;0,043;0,0;0,822
Atividades de atenção ambulatorial não especificadas anteriormente;Q - Saúde humana e serviços sociais;Ilha Grande;Baixo-Alto;0,041;0,0;0,693
Atividades de atenção ambulatorial não especificadas anteriormente;Q - Saúde humana e serviços sociais;João Costa;Baixo-Alto;0,008;0,0;1,133
Atividades de atenção ambulatorial não especificadas anteriormente;Q - Saúde humana e serviços sociais;Monsenhor Hipólito;Alto-Baixo;0,001;47,0;0,0
Atividades de atenção ambulatorial não especificadas anteriormente;Q - Saúde humana e serviços sociais;Paquetá;Baixo-Alto;0,042;0,0;0,822
Atividades de atenção ambulatorial não especificadas anteriormente;Q - Saúde humana e serviços sociais;Parnaíba;Alto-Baixo;0,001;1,0;0,0
Atividades de atenção ambulatorial não especificadas anteriormente;Q - Saúde humana e serviços sociais;Ribeira do Piauí;Baixo-Alto;0,006;0,0;0,824
Atividades de atenção ambulatorial não especificadas anteriormente;Q - Saúde humana e serviços sociais;Rio Grande do Piauí;Baixo-Alto;0,035;0,0;0,876
Atividades de atenção ambulatorial não especificadas anteriormente;Q - Saúde humana e serviços sociais;Santa Cruz do Piauí;Alto-Baixo;0,001;60,0;0,0
Atividades de atenção ambulatorial não especificadas anteriormente;Q - Saúde humana e serviços sociais;São João da Varjota;Baixo-Alto;0,04;0,0;0,822
Atividades de atenção ambulatorial não especificadas anteriormente;Q - Saúde humana e serviços sociais;São Lourenço do Piauí;Baixo-Alto;0,002;0,0;1,804
Atividades de atenção ambulatorial não especificadas anteriormente;Q - Saúde humana e serviços sociais;Tamboril do Piauí;Alto-Baixo;0,001;54,0;0,0
Atividades de atenção ambulatorial não especificadas anteriormente;Q - Saúde humana e serviços sociais;Wall Ferraz;Baixo-Alto;0,042;0,0;0,822
Atividades de cobrança e informações cadastrais;K - Atividades financeiras e de seguros;Agricolândia;Alto-Baixo;0,001;1,0;0,0
Atividades de cobrança e informações cadastrais;K - Atividades financeiras e de seguros;Altos;Alto-Alto;0,034;8,0;0,416
Atividades de cobrança e informações cadastrais;K - Atividades financeiras e de seguros;Batalha;Baixo-Alto;0,005;0,0;0,725
Atividades de cobrança e informações cadastrais;K - Atividades financeiras e de seguros;Cabeceiras do Piauí;Baixo-Alto;0,011;0,0;0,52
Atividades de cobrança e informações cadastrais;K - Atividades financeiras e de seguros;Campo Largo do Piauí;Baixo-Alto;0,016;0,0;0,615
Atividades de cobrança e informações cadastrais;K - Atividades financeiras e de seguros;Cocal dos Alves;Baixo-Alto;0,017;0,0;0,828
Atividades de cobrança e informações cadastrais;K - Atividades financeiras e de seguros;Coivaras;Baixo-Alto;0,003;0,0;1,069
Atividades de cobrança e informações cadastrais;K - Atividades financeiras e de seguros;Colônia do Gurguéia;Baixo-Alto;0,024;0,0;0,621
Atividades de cobrança e informações cadastrais;K - Atividades financeiras e de seguros;Cristalândia do Piauí;Baixo-Alto;0,044;0,0;0,805
Atividades de cobrança e informações cadastrais;K - Atividades financeiras e de seguros;Demerval Lobão;Alto-Baixo;0,001;1,0;0,0
Atividades de cobrança e informações cadastrais;K - Atividades financeiras e de seguros;José de Freitas;Baixo-Alto;0,001;0,0;0,981
Atividades de cobrança e informações cadastrais;K - Atividades financeiras e de seguros;Miguel Alves;Baixo-Alto;0,02;0,0;0,615
Atividades de cobrança e informações cadastrais;K - Atividades financeiras e de seguros;Pavussu;Baixo-Alto;0,043;0,0;0,497
Atividades de cobrança e informações cadastrais;K - Atividades financeiras e de seguros;Piripiri;Baixo-Alto;0,03;0,0;0,433
Atividades de cobrança e informações cadastrais;K - Atividades financeiras e de seguros;Teresina;Baixo-Alto;0,017;0,0;0,45
Atividades de condicionamento físico;R - Artes, cultura, esporte e recreação;Anísio de Abreu;Alto-Baixo;0,001;1,0;0,0
Atividades de condicionamento físico;R - Artes, cultura, esporte e recreação;Barra D'Alcântara;Baixo-Alto;0,011;0,0;0,866
Atividades de condicionamento físico;R - Artes, cultura, esporte e recreação;Bom Princípio do Piauí;Baixo-Alto;0,016;0,0;0,952
Atividades de condicionamento físico;R - Artes, cultura, esporte e recreação;Buriti dos Montes;Baixo-Alto;0,006;0,0;1,096
Atividades de condicionamento físico;R - Artes, cultura, esporte e recreação;Cajueiro da Praia;Alto-Alto;0,013;2,0;2,708
Atividades de condicionamento físico;R - Artes, cultura, esporte e recreação;Campo Largo do Piauí;Baixo-Alto;0,04;0,0;0,645
Atividades de condicionamento físico;R - Artes, cultura, esporte e recreação;Capitão de Campos;Baixo-Alto;0,044;0,0;0,645
Atividades de condicionamento físico;R - Artes, cultura, esporte e recreação;Cocal de Telha;Alto-Baixo;0,001;1,0;0,0
Atividades de condicionamento físico;R - Artes, cultura, esporte e recreação;Coronel José Dias;Alto-Baixo;0,001;2,0;0,0
Atividades de condicionamento físico;R - Artes, cultura, esporte e recreação;Demerval Lobão;Alto-Baixo;0,001;1,0;0,0
Atividades de condicionamento físico;R - Artes, cultura, esporte e recreação;Domingos Mourão;Baixo-Alto;0,012;0,0;0,968
Atividades de condicionamento físico;R - Artes, cultura, esporte e recreação;Esperantina;Baixo-Alto;0,035;0,0;0,682
Atividades de condicionamento físico;R - Artes, cultura, esporte e recreação;Hugo Napoleão;Alto-Baixo;0,001;2,0;0,0
Atividades de condicionamento físico;R - Artes, cultura, esporte e recreação;Ilha Grande;Alto-Baixo;0,001;1,0;0,0
Atividades de condicionamento físico;R - Artes, cultura, esporte e recreação;Inhuma;Alto-Alto;0,039;1,0;0,619
Atividades de condicionamento físico;R - Artes, cultura, esporte e recreação;Ipiranga do Piauí;Baixo-Alto;0,041;0,0;0,619
Atividades de condicionamento físico;R - Artes, cultura, esporte e recreação;Lagoa de São Francisco;Baixo-Alto;0,012;0,0;1,589
Atividades de condicionamento físico;R - Artes, cultura, esporte e recreação;Milton Brandão;Baixo-Alto;0,012;0,0;0,968
Atividades de condicionamento físico;R - Artes, cultura, esporte e recreação;Novo Oriente do Piauí;Baixo-Alto;0,006;0,0;1,143
Atividades de condicionamento físico;R - Artes, cultura, esporte e recreação;Parnaíba;Baixo-Alto;0,027;0,0;0,85
Atividades de condicionamento físico;R - Artes, cultura, esporte e recreação;Pedro II;Alto-Baixo;0,001;23,0;0,0
Atividades de condicionamento físico;R - Artes, cultura, esporte e recreação;Piripiri;Baixo-Alto;0,002;0,0;0,996
Atividades de condicionamento físico;R - Artes, cultura, esporte e recreação;Santa Rosa do Piauí;Baixo-Alto;0,033;0,0;0,981
Atividades de condicionamento físico;R - Artes, cultura, esporte e recreação;Simões;Alto-Baixo;0,001;1,0;0,0
Atividades de condicionamento físico;R - Artes, cultura, esporte e recreação;São Francisco do Piauí;Baixo-Alto;0,018;0,0;0,909
Atividades de condicionamento físico;R - Artes, cultura, esporte e recreação;Wall Ferraz;Baixo-Alto;0,041;0,0;0,728
Atividades de consultoria em gestão empresarial, exceto consultoria técnica específica;M - Atividades profissionais, científicas e técnicas;Barra D'Alcântara;Baixo-Alto;0,031;0,0;1,205
Atividades de consultoria em gestão empresarial, exceto consultoria técnica específica;M - Atividades profissionais, científicas e técnicas;Batalha;Baixo-Alto;0,024;0,0;1,175
Atividades de consultoria em gestão empresarial, exceto consultoria técnica específica;M - Atividades profissionais, científicas e técnicas;Bom Jesus;Alto-Baixo;0,001;2,0;0,0
Atividades de consultoria em gestão empresarial, exceto consultoria técnica específica;M - Atividades profissionais, científicas e técnicas;Buriti dos Lopes;Alto-Baixo;0,001;7,0;0,0
Atividades de consultoria em gestão empresarial, exceto consultoria técnica específica;M - Atividades profissionais, científicas e técnicas;Castelo do Piauí;Alto-Baixo;0,001;11,0;0,0
Atividades de consultoria em gestão empresarial, exceto consultoria técnica específica;M - Atividades profissionais, científicas e técnicas;Coivaras;Baixo-Alto;0,042;0,0;1,348
Atividades de consultoria em gestão empresarial, exceto consultoria técnica específica;M - Atividades profissionais, científicas e técnicas;Corrente;Alto-Baixo;0,001;38,0;0,0
Atividades de consultoria em gestão empresarial, exceto consultoria técnica específica;M - Atividades profissionais, científicas e técnicas;Cristalândia do Piauí;Baixo-Alto;0,034;0,0;1,832
Atividades de consultoria em gestão empresarial, exceto consultoria técnica específica;M - Atividades profissionais, científicas e técnicas;Demerval Lobão;Alto-Baixo;0,001;12,0;0,0
Atividades de consultoria em gestão empresarial, exceto consultoria técnica específica;M - Atividades profissionais, científicas e técnicas;Fronteiras;Alto-Baixo;0,001;9,0;0,0
Atividades de consultoria em gestão empresarial, exceto consultoria técnica específica;M - Atividades profissionais, científicas e técnicas;Ipiranga do Piauí;Baixo-Alto;0,031;0,0;1,109
Atividades de consultoria em gestão empresarial, exceto consultoria técnica específica;M - Atividades profissionais, científicas e técnicas;José de Freitas;Baixo-Alto;0,008;0,0;1,471
Atividades de consultoria em gestão empresarial, exceto consultoria técnica específica;M - Atividades profissionais, científicas e técnicas;Luzilândia;Alto-Baixo;0,001;8,0;0,0
Atividades de consultoria em gestão empresarial, exceto consultoria técnica específica;M - Atividades profissionais, científicas e técnicas;Marcolândia;Alto-Baixo;0,001;15,0;0,0
Atividades de consultoria em gestão empresarial, exceto consultoria técnica específica;M - Atividades profissionais, científicas e técnicas;Miguel Alves;Baixo-Alto;0,049;0,0;1,045
Atividades de consultoria em gestão empresarial, exceto consultoria técnica específica;M - Atividades profissionais, científicas e técnicas;Morro do Chapéu do Piauí;Baixo-Alto;0,048;0,0;1,322
Atividades de consultoria em gestão empresarial, exceto consultoria técnica específica;M - Atividades profissionais, científicas e técnicas;Novo Oriente do Piauí;Baixo-Alto;0,007;0,0;1,702
Atividades de consultoria em gestão empresarial, exceto consultoria técnica específica;M - Atividades profissionais, científicas e técnicas;Oeiras;Alto-Baixo;0,001;58,0;0,0
Atividades de consultoria em gestão empresarial, exceto consultoria técnica específica;M - Atividades profissionais, científicas e técnicas;Parnaguá;Baixo-Alto;0,037;0,0;1,212
Atividades de consultoria em gestão empresarial, exceto consultoria técnica específica;M - Atividades profissionais, científicas e técnicas;Paulistana;Alto-Baixo;0,001;21,0;0,0
Atividades de consultoria em gestão empresarial, exceto consultoria técnica específica;M - Atividades profissionais, científicas e técnicas;Pedro II;Alto-Baixo;0,001;8,0;0,0
Atividades de consultoria em gestão empresarial, exceto consultoria técnica específica;M - Atividades profissionais, científicas e técnicas;Picos;Alto-Baixo;0,001;39,0;0,0
Atividades de consultoria em gestão empresarial, exceto consultoria técnica específica;M - Atividades profissionais, científicas e técnicas;Piracuruca;Alto-Baixo;0,001;9,0;0,0
Atividades de consultoria em gestão empresarial, exceto consultoria técnica específica;M - Atividades profissionais, científicas e técnicas;Santa Rosa do Piauí;Baixo-Alto;0,041;0,0;1,359
Atividades de consultoria em gestão empresarial, exceto consultoria técnica específica;M - Atividades profissionais, científicas e técnicas;Simplício Mendes;Alto-Baixo;0,001;8,0;0,0
Atividades de consultoria em gestão empresarial, exceto consultoria técnica específica;M - Atividades profissionais, científicas e técnicas;São João do Piauí;Alto-Baixo;0,001;9,0;0,0
Atividades de consultoria em gestão empresarial, exceto consultoria técnica específica;M - Atividades profissionais, científicas e técnicas;São Raimundo Nonato;Alto-Baixo;0,001;37,0;0,0
Atividades de consultoria em gestão empresarial, exceto consultoria técnica específica;M - Atividades profissionais, científicas e técnicas;União;Alto-Baixo;0,001;30,0;0,0
Atividades de consultoria em gestão empresarial, exceto consultoria técnica específica;M - Atividades profissionais, científicas e técnicas;Uruçuí;Alto-Baixo;0,001;19,0;0,0
Atividades de consultoria em gestão empresarial, exceto consultoria técnica específica;M - Atividades profissionais, científicas e técnicas;Água Branca;Alto-Baixo;0,001;12,0;0,0
Atividades de contabilidade;M - Atividades profissionais, científicas e técnicas;Anísio de Abreu;Alto-Baixo;0,001;2,0;0,0
Atividades de contabilidade;M - Atividades profissionais, científicas e técnicas;Batalha;Baixo-Alto;0,009;0,0;0,553
Atividades de contabilidade;M - Atividades profissionais, científicas e técnicas;Betânia do Piauí;Alto-Baixo;0,001;2,0;0,0
Atividades de contabilidade;M - Atividades profissionais, científicas e técnicas;Brasileira;Alto-Alto;0,038;3,0;0,497
Atividades de contabilidade;M - Atividades profissionais, científicas e técnicas;Buriti dos Lopes;Alto-Baixo;0,001;2,0;0,0
Atividades de contabilidade;M - Atividades profissionais, científicas e técnicas;Caraúbas do Piauí;Baixo-Alto;0,012;0,0;0,597
Atividades de contabilidade;M - Atividades profissionais, científicas e técnicas;Cocal;Baixo-Alto;0,012;0,0;0,597
Atividades de contabilidade;M - Atividades profissionais, científicas e técnicas;Cocal dos Alves;Baixo-Alto;0,02;0,0;0,828
Atividades de contabilidade;M - Atividades profissionais, científicas e técnicas;Currais;Baixo-Alto;0,018;0,0;0,609
Atividades de contabilidade;M - Atividades profissionais, científicas e técnicas;Curral Novo do Piauí;Baixo-Alto;0,04;0,0;0,497
Atividades de contabilidade;M - Atividades profissionais, científicas e técnicas;Gilbués;Baixo-Alto;0,009;0,0;0,592
Atividades de contabilidade;M - Atividades profissionais, científicas e técnicas;Miguel Alves;Alto-Baixo;0,001;2,0;0,0
Atividades de contabilidade;M - Atividades profissionais, científicas e técnicas;Palmeira do Piauí;Baixo-Alto;0,022;0,0;0,507
Atividades de contabilidade;M - Atividades profissionais, científicas e técnicas;Ribeiro Gonçalves;Alto-Alto;0,002;2,0;1,381
Atividades de contabilidade;M - Atividades profissionais, científicas e técnicas;Santa Filomena;Alto-Alto;0,002;2,0;1,381
Atividades de contabilidade;M - Atividades profissionais, científicas e técnicas;São José do Divino;Baixo-Alto;0,047;0,0;0,621
Atividades de contabilidade;M - Atividades profissionais, científicas e técnicas;São João da Fronteira;Baixo-Alto;0,004;0,0;0,968
Atividades de contabilidade;M - Atividades profissionais, científicas e técnicas;Uruçuí;Baixo-Alto;0,009;0,0;0,592
Atividades de estética e outros serviços de cuidados com a beleza;S - Outras atividades de serviços;Aroeiras do Itaim;Baixo-Alto;0,022;0,0;0,461
Atividades de estética e outros serviços de cuidados com a beleza;S - Outras atividades de serviços;Baixa Grande do Ribeiro;Baixo-Alto;0,043;0,0;0,297
Atividades de estética e outros serviços de cuidados com a beleza;S - Outras atividades de serviços;Cocal;Alto-Baixo;0,001;1,0;0,0
Atividades de estética e outros serviços de cuidados com a beleza;S - Outras atividades de serviços;Coivaras;Baixo-Alto;0,017;0,0;0,448
Atividades de estética e outros serviços de cuidados com a beleza;S - Outras atividades de serviços;Corrente;Alto-Baixo;0,001;5,0;0,0
Atividades de estética e outros serviços de cuidados com a beleza;S - Outras atividades de serviços;Cristalândia do Piauí;Baixo-Alto;0,007;0,0;0,896
Atividades de estética e outros serviços de cuidados com a beleza;S - Outras atividades de serviços;Dom Expedito Lopes;Baixo-Alto;0,006;0,0;0,576
Atividades de estética e outros serviços de cuidados com a beleza;S - Outras atividades de serviços;Geminiano;Baixo-Alto;0,033;0,0;0,329
Atividades de estética e outros serviços de cuidados com a beleza;S - Outras atividades de serviços;Ipiranga do Piauí;Baixo-Alto;0,01;0,0;0,428
Atividades de estética e outros serviços de cuidados com a beleza;S - Outras atividades de serviços;José de Freitas;Baixo-Alto;0,008;0,0;0,482
Atividades de estética e outros serviços de cuidados com a beleza;S - Outras atividades de serviços;Lagoa de São Francisco;Baixo-Alto;0,047;0,0;0,347
Atividades de estética e outros serviços de cuidados com a beleza;S - Outras atividades de serviços;Monte Alegre do Piauí;Baixo-Alto;0,037;0,0;0,347
Atividades de estética e outros serviços de cuidados com a beleza;S - Outras atividades de serviços;Morro Cabeça no Tempo;Baixo-Alto;0,037;0,0;0,347
Atividades de estética e outros serviços de cuidados com a beleza;S - Outras atividades de serviços;Oeiras;Alto-Baixo;0,001;1,0;0,0
Atividades de estética e outros serviços de cuidados com a beleza;S - Outras atividades de serviços;Paquetá;Baixo-Alto;0,024;0,0;0,461
Atividades de estética e outros serviços de cuidados com a beleza;S - Outras atividades de serviços;Parnaguá;Baixo-Alto;0,026;0,0;0,358
Atividades de estética e outros serviços de cuidados com a beleza;S - Outras atividades de serviços;Paulistana;Alto-Baixo;0,001;1,0;0,0
Atividades de estética e outros serviços de cuidados com a beleza;S - Outras atividades de serviços;Pedro II;Alto-Baixo;0,001;1,0;0,0
Atividades de estética e outros serviços de cuidados com a beleza;S - Outras atividades de serviços;Picos;Alto-Baixo;0,001;9,0;0,0
Atividades de estética e outros serviços de cuidados com a beleza;S - Outras atividades de serviços;Santana do Piauí;Baixo-Alto;0,018;0,0;0,576
Atividades de estética e outros serviços de cuidados com a beleza;S - Outras atividades de serviços;Sebastião Barros;Baixo-Alto;0,029;0,0;0,597
Atividades de estética e outros serviços de cuidados com a beleza;S - Outras atividades de serviços;Sussuapara;Baixo-Alto;0,012;0,0;0,384
Atividades de estética e outros serviços de cuidados com a beleza;S - Outras atividades de serviços;São Gonçalo do Gurguéia;Baixo-Alto;0,019;0,0;0,448
Atividades de estética e outros serviços de cuidados com a beleza;S - Outras atividades de serviços;São Raimundo Nonato;Alto-Baixo;0,001;1,0;0,0
Atividades de estética e outros serviços de cuidados com a beleza;S - Outras atividades de serviços;União;Alto-Baixo;0,001;2,0;0,0
Atividades de estética e outros serviços de cuidados com a beleza;S - Outras atividades de serviços;Uruçuí;Alto-Baixo;0,001;1,0;0,0
Atividades de fisioterapia;Q - Saúde humana e serviços sociais;Barras;Baixo-Alto;0,013;0,0;0,361
Atividades de fisioterapia;Q - Saúde humana e serviços sociais;Batalha;Baixo-Alto;0,006;0,0;0,512
Atividades de fisioterapia;Q - Saúde humana e serviços sociais;Boa Hora;Baixo-Alto;0,034;0,0;0,439
Atividades de fisioterapia;Q - Saúde humana e serviços sociais;Bom Jesus;Alto-Baixo;0,001;1,0;0,0
Atividades de fisioterapia;Q - Saúde humana e serviços sociais;Brasileira;Baixo-Alto;0,008;0,0;0,578
Atividades de fisioterapia;Q - Saúde humana e serviços sociais;Brejo do Piauí;Baixo-Alto;0,023;0,0;0,308
Atividades de fisioterapia;Q - Saúde humana e serviços sociais;Cajueiro da Praia;Baixo-Alto;0,024;0,0;1,099
Atividades de fisioterapia;Q - Saúde humana e serviços sociais;Campo Maior;Baixo-Alto;0,02;0,0;0,309
Atividades de fisioterapia;Q - Saúde humana e serviços sociais;Caracol;Alto-Alto;0,047;1,0;0,347
Atividades de fisioterapia;Q - Saúde humana e serviços sociais;Coivaras;Baixo-Alto;0,026;0,0;0,599
Atividades de fisioterapia;Q - Saúde humana e serviços sociais;Domingos Mourão;Baixo-Alto;0,042;0,0;0,549
Atividades de fisioterapia;Q - Saúde humana e serviços sociais;Guaribas;Baixo-Alto;0,004;0,0;0,555
Atividades de fisioterapia;Q - Saúde humana e serviços sociais;José de Freitas;Alto-Alto;0,041;1,0;0,4
Atividades de fisioterapia;Q - Saúde humana e serviços sociais;Lagoa de São Francisco;Baixo-Alto;0,013;0,0;1,099
Atividades de fisioterapia;Q - Saúde humana e serviços sociais;Luís Correia;Alto-Baixo;0,001;2,0;0,0
Atividades de fisioterapia;Q - Saúde humana e serviços sociais;Pau D'Arco do Piauí;Baixo-Alto;0,04;0,0;0,4
Atividades de fisioterapia;Q - Saúde humana e serviços sociais;Piripiri;Alto-Baixo;0,001;8,0;0,0
Atividades de fisioterapia;Q - Saúde humana e serviços sociais;São João do Piauí;Alto-Baixo;0,001;3,0;0,0
Atividades de fisioterapia;Q - Saúde humana e serviços sociais;Tamboril do Piauí;Baixo-Alto;0,048;0,0;0,52
Atividades de fisioterapia;Q - Saúde humana e serviços sociais;Teresina;Baixo-Alto;0,025;0,0;0,309
Atividades de intermediação e agenciamento de serviços e negócios em geral, exceto imobiliários;L - Atividades imobiliárias;Aroeiras do Itaim;Baixo-Alto;0,029;0,0;0,439
Atividades de intermediação e agenciamento de serviços e negócios em geral, exceto imobiliários;L - Atividades imobiliárias;Barras;Baixo-Alto;0,004;0,0;0,541
Atividades de intermediação e agenciamento de serviços e negócios em geral, exceto imobiliários;L - Atividades imobiliárias;Barreiras do Piauí;Baixo-Alto;0,018;0,0;0,693
Atividades de intermediação e agenciamento de serviços e negócios em geral, exceto imobiliários;L - Atividades imobiliárias;Batalha;Baixo-Alto;0,01;0,0;0,421
Atividades de intermediação e agenciamento de serviços e negócios em geral, exceto imobiliários;L - Atividades imobiliárias;Boa Hora;Baixo-Alto;0,024;0,0;0,589
Atividades de intermediação e agenciamento de serviços e negócios em geral, exceto imobiliários;L - Atividades imobiliárias;Bonfim do Piauí;Baixo-Alto;0,035;0,0;0,52
Atividades de intermediação e agenciamento de serviços e negócios em geral, exceto imobiliários;L - Atividades imobiliárias;Brasileira;Baixo-Alto;0,007;0,0;0,589
Atividades de intermediação e agenciamento de serviços e negócios em geral, exceto imobiliários;L - Atividades imobiliárias;Capitão de Campos;Baixo-Alto;0,002;0,0;0,606
Atividades de intermediação e agenciamento de serviços e negócios em geral, exceto imobiliários;L - Atividades imobiliárias;Corrente;Alto-Baixo;0,001;1,0;0,0
Atividades de intermediação e agenciamento de serviços e negócios em geral, exceto imobiliários;L - Atividades imobiliárias;Dirceu Arcoverde;Baixo-Alto;0,04;0,0;0,347
Atividades de intermediação e agenciamento de serviços e negócios em geral, exceto imobiliários;L - Atividades imobiliárias;Dom Expedito Lopes;Baixo-Alto;0,036;0,0;0,549
Atividades de intermediação e agenciamento de serviços e negócios em geral, exceto imobiliários;L - Atividades imobiliárias;Domingos Mourão;Baixo-Alto;0,002;0,0;0,909
Atividades de intermediação e agenciamento de serviços e negócios em geral, exceto imobiliários;L - Atividades imobiliárias;Fartura do Piauí;Baixo-Alto;0,026;0,0;0,462
Atividades de intermediação e agenciamento de serviços e negócios em geral, exceto imobiliários;L - Atividades imobiliárias;Fronteiras;Baixo-Alto;0,041;0,0;0,347
Atividades de intermediação e agenciamento de serviços e negócios em geral, exceto imobiliários;L - Atividades imobiliárias;Geminiano;Baixo-Alto;0,042;0,0;0,314
Atividades de intermediação e agenciamento de serviços e negócios em geral, exceto imobiliários;L - Atividades imobiliárias;Ipiranga do Piauí;Baixo-Alto;0,009;0,0;0,512
Atividades de intermediação e agenciamento de serviços e negócios em geral, exceto imobiliários;L - Atividades imobiliárias;Lagoa de São Francisco;Baixo-Alto;0,001;0,0;1,819
Atividades de intermediação e agenciamento de serviços e negócios em geral, exceto imobiliários;L - Atividades imobiliárias;Oeiras;Alto-Baixo;0,001;3,0;0,0
Atividades de intermediação e agenciamento de serviços e negócios em geral, exceto imobiliários;L - Atividades imobiliárias;Paquetá;Baixo-Alto;0,028;0,0;0,439
Atividades de intermediação e agenciamento de serviços e negócios em geral, exceto imobiliários;L - Atividades imobiliárias;Pedro II;Alto-Alto;0,028;1,0;0,491
Atividades de intermediação e agenciamento de serviços e negócios em geral, exceto imobiliários;L - Atividades imobiliárias;Porto;Baixo-Alto;0,034;0,0;0,462
Atividades de intermediação e agenciamento de serviços e negócios em geral, exceto imobiliários;L - Atividades imobiliárias;Santa Filomena;Baixo-Alto;0,034;0,0;0,462
Atividades de intermediação e agenciamento de serviços e negócios em geral, exceto imobiliários;L - Atividades imobiliárias;Santa Rosa do Piauí;Baixo-Alto;0,034;0,0;0,462
Atividades de intermediação e agenciamento de serviços e negócios em geral, exceto imobiliários;L - Atividades imobiliárias;Santana do Piauí;Baixo-Alto;0,031;0,0;0,549
Atividades de intermediação e agenciamento de serviços e negócios em geral, exceto imobiliários;L - Atividades imobiliárias;Sussuapara;Baixo-Alto;0,048;0,0;0,366
Atividades de intermediação e agenciamento de serviços e negócios em geral, exceto imobiliários;L - Atividades imobiliárias;São Francisco do Piauí;Baixo-Alto;0,048;0,0;0,347
Atividades de intermediação e agenciamento de serviços e negócios em geral, exceto imobiliários;L - Atividades imobiliárias;São Gonçalo do Gurguéia;Baixo-Alto;0,043;0,0;0,52
Atividades de intermediação e agenciamento de serviços e negócios em geral, exceto imobiliários;L - Atividades imobiliárias;São Lourenço do Piauí;Baixo-Alto;0,036;0,0;0,462
Atividades de intermediação e agenciamento de serviços e negócios em geral, exceto imobiliários;L - Atividades imobiliárias;Várzea Branca;Baixo-Alto;0,047;0,0;0,347
Atividades de intermediação e agenciamento de serviços e negócios em geral, exceto imobiliários;L - Atividades imobiliárias;Várzea Grande;Baixo-Alto;0,047;0,0;0,347
Atividades de organizações políticas;S - Outras atividades de serviços;Antônio Almeida;Alto-Baixo;0,001;4,0;0,0
Atividades de organizações políticas;S - Outras atividades de serviços;Baixa Grande do Ribeiro;Alto-Baixo;0,001;22,0;0,0
Atividades de organizações políticas;S - Outras atividades de serviços;Bertolínia;Baixo-Alto;0,035;0,0;0,576
Atividades de organizações políticas;S - Outras atividades de serviços;Brasileira;Baixo-Alto;0,007;0,0;1,019
Atividades de organizações políticas;S - Outras atividades de serviços;Canavieira;Alto-Baixo;0,001;9,0;0,0
Atividades de organizações políticas;S - Outras atividades de serviços;Cristino Castro;Alto-Baixo;0,001;4,0;0,0
Atividades de organizações políticas;S - Outras atividades de serviços;Currais;Baixo-Alto;0,018;0,0;0,949
Atividades de organizações políticas;S - Outras atividades de serviços;Domingos Mourão;Alto-Baixo;0,001;162,0;0,0
Atividades de organizações políticas;S - Outras atividades de serviços;Jerumenha;Baixo-Alto;0,042;0,0;0,615
Atividades de organizações políticas;S - Outras atividades de serviços;Landri Sales;Baixo-Alto;0,004;0,0;0,883
Atividades de organizações políticas;S - Outras atividades de serviços;Nossa Senhora dos Remédios;Alto-Baixo;0,001;9,0;0,0
Atividades de organizações políticas;S - Outras atividades de serviços;Palmeira do Piauí;Baixo-Alto;0,036;0,0;0,791
Atividades de organizações políticas;S - Outras atividades de serviços;Pedro II;Baixo-Alto;0,009;0,0;0,849
Atividades de organizações políticas;S - Outras atividades de serviços;Porto;Baixo-Alto;0,033;0,0;0,768
Atividades de organizações políticas;S - Outras atividades de serviços;Ribeiro Gonçalves;Baixo-Alto;0,017;0,0;1,045
Atividades de organizações políticas;S - Outras atividades de serviços;Santa Filomena;Baixo-Alto;0,017;0,0;1,045
Atividades de organizações políticas;S - Outras atividades de serviços;Sebastião Leal;Baixo-Alto;0,042;0,0;0,652
Atividades de organizações políticas;S - Outras atividades de serviços;São José do Piauí;Alto-Baixo;0,001;2,0;0,0
Atividades de organizações políticas;S - Outras atividades de serviços;São João da Fronteira;Baixo-Alto;0,004;0,0;1,273
Atividades de organizações políticas;S - Outras atividades de serviços;São João da Varjota;Alto-Baixo;0,001;3,0;0,0
Atividades de organizações políticas;S - Outras atividades de serviços;Tanque do Piauí;Alto-Baixo;0,001;7,0;0,0
Atividades de organizações políticas;S - Outras atividades de serviços;Uruçuí;Baixo-Alto;0,048;0,0;0,678
Atividades de organizações religiosas;S - Outras atividades de serviços;Aroazes;Baixo-Alto;0,001;0,0;1,405
Atividades de organizações religiosas;S - Outras atividades de serviços;Caracol;Alto-Baixo;0,001;1,0;0,0
Atividades de organizações religiosas;S - Outras atividades de serviços;Colônia do Piauí;Alto-Baixo;0,001;1,0;0,0
Atividades de organizações religiosas;S - Outras atividades de serviços;Dirceu Arcoverde;Alto-Baixo;0,001;1,0;0,0
Atividades de organizações religiosas;S - Outras atividades de serviços;Dom Expedito Lopes;Alto-Baixo;0,001;1,0;0,0
Atividades de organizações religiosas;S - Outras atividades de serviços;Elesbão Veloso;Alto-Alto;0,002;2,0;0,73
Atividades de organizações religiosas;S - Outras atividades de serviços;Inhuma;Alto-Alto;0,037;4,0;0,643
Atividades de organizações religiosas;S - Outras atividades de serviços;Lagoa Alegre;Baixo-Alto;0,033;0,0;0,795
Atividades de organizações religiosas;S - Outras atividades de serviços;Lagoa de São Francisco;Alto-Baixo;0,001;4,0;0,0
Atividades de organizações religiosas;S - Outras atividades de serviços;Lagoa do Piauí;Baixo-Alto;0,025;0,0;0,738
Atividades de organizações religiosas;S - Outras atividades de serviços;Lagoa do Sítio;Baixo-Alto;0,003;0,0;1,253
Atividades de organizações religiosas;S - Outras atividades de serviços;Marcos Parente;Alto-Baixo;0,001;1,0;0,0
Atividades de organizações religiosas;S - Outras atividades de serviços;Novo Oriente do Piauí;Alto-Alto;0,012;2,0;0,863
Atividades de organizações religiosas;S - Outras atividades de serviços;Palmeirais;Baixo-Alto;0,049;0,0;0,597
Atividades de organizações religiosas;S - Outras atividades de serviços;Paulistana;Baixo-Alto;0,017;0,0;0,75
Atividades de organizações religiosas;S - Outras atividades de serviços;Prata do Piauí;Baixo-Alto;0,003;0,0;1,006
Atividades de organizações religiosas;S - Outras atividades de serviços;Santa Cruz dos Milagres;Alto-Alto;0,038;16,0;0,659
Atividades de organizações religiosas;S - Outras atividades de serviços;São Félix do Piauí;Alto-Alto;0,026;2,0;0,786
Atividades de organizações religiosas;S - Outras atividades de serviços;Valença do Piauí;Alto-Alto;0,019;4,0;0,75
Atividades de organizações sindicais;S - Outras atividades de serviços;Agricolândia;Alto-Baixo;0,001;2,0;0,0
Atividades de organizações sindicais;S - Outras atividades de serviços;Alto Longá;Baixo-Alto;0,03;0,0;0,154
Atividades de organizações sindicais;S - Outras atividades de serviços;Amarante;Baixo-Alto;0,03;0,0;0,183
Atividades de organizações sindicais;S - Outras atividades de serviços;Angical do Piauí;Baixo-Alto;0,004;0,0;0,256
Atividades de organizações sindicais;S - Outras atividades de serviços;Assunção do Piauí;Baixo-Alto;0,024;0,0;0,347
Atividades de organizações sindicais;S - Outras atividades de serviços;Baixa Grande do Ribeiro;Alto-Alto;0,032;1,0;0,157
Atividades de organizações sindicais;S - Outras atividades de serviços;Barro Duro;Alto-Baixo;0,001;1,0;0,0
Atividades de organizações sindicais;S - Outras atividades de serviços;Buriti dos Montes;Baixo-Alto;0,011;0,0;0,277
Atividades de organizações sindicais;S - Outras atividades de serviços;Cristino Castro;Alto-Baixo;0,001;1,0;0,0
Atividades de organizações sindicais;S - Outras atividades de serviços;Currais;Baixo-Alto;0,001;0,0;0,497
Atividades de organizações sindicais;S - Outras atividades de serviços;Curralinhos;Baixo-Alto;0,035;0,0;0,183
Atividades de organizações sindicais;S - Outras atividades de serviços;Gilbués;Baixo-Alto;0,023;0,0;0,256
Atividades de organizações sindicais;S - Outras atividades de serviços;Guaribas;Baixo-Alto;0,005;0,0;0,358
Atividades de organizações sindicais;S - Outras atividades de serviços;Lagoa de São Francisco;Baixo-Alto;0,027;0,0;0,347
Atividades de organizações sindicais;S - Outras atividades de serviços;Lagoinha do Piauí;Baixo-Alto;0,038;0,0;0,22
Atividades de organizações sindicais;S - Outras atividades de serviços;Miguel Alves;Alto-Baixo;0,001;1,0;0,0
Atividades de organizações sindicais;S - Outras atividades de serviços;Miguel Leão;Baixo-Alto;0,033;0,0;0,183
Atividades de organizações sindicais;S - Outras atividades de serviços;Monte Alegre do Piauí;Baixo-Alto;0,015;0,0;0,275
Atividades de organizações sindicais;S - Outras atividades de serviços;Morro Cabeça no Tempo;Baixo-Alto;0,015;0,0;0,275
Atividades de organizações sindicais;S - Outras atividades de serviços;Nazária;Baixo-Alto;0,004;0,0;0,549
Atividades de organizações sindicais;S - Outras atividades de serviços;Palmeira do Piauí;Baixo-Alto;0,023;0,0;0,231
Atividades de organizações sindicais;S - Outras atividades de serviços;Palmeirais;Alto-Baixo;0,001;2,0;0,0
Atividades de organizações sindicais;S - Outras atividades de serviços;Pedro II;Alto-Baixo;0,001;1,0;0,0
Atividades de organizações sindicais;S - Outras atividades de serviços;Porto;Baixo-Alto;0,045;0,0;0,231
Atividades de organizações sindicais;S - Outras atividades de serviços;Redenção do Gurguéia;Baixo-Alto;0,025;0,0;0,22
Atividades de organizações sindicais;S - Outras atividades de serviços;Ribeiro Gonçalves;Baixo-Alto;0,043;0,0;0,231
Atividades de organizações sindicais;S - Outras atividades de serviços;Santa Cruz dos Milagres;Baixo-Alto;0,011;0,0;0,277
Atividades de organizações sindicais;S - Outras atividades de serviços;Santa Filomena;Baixo-Alto;0,043;0,0;0,231
Atividades de organizações sindicais;S - Outras atividades de serviços;Santa Luz;Baixo-Alto;0,004;0,0;0,358
Atividades de organizações sindicais;S - Outras atividades de serviços;Santo Antônio dos Milagres;Baixo-Alto;0,043;0,0;0,231
Atividades de organizações sindicais;S - Outras atividades de serviços;São Gonçalo do Piauí;Alto-Baixo;0,001;1,0;0,0
Atividades de organizações sindicais;S - Outras atividades de serviços;São Pedro do Piauí;Baixo-Alto;0,001;0,0;0,361
Atividades de práticas integrativas e complementares em saúde humana;Q - Saúde humana e serviços sociais;Antônio Almeida;Baixo-Alto;0,008;0,0;2,594
Atividades de práticas integrativas e complementares em saúde humana;Q - Saúde humana e serviços sociais;Arraial;Baixo-Alto;0,032;0,0;1,546
Atividades de práticas integrativas e complementares em saúde humana;Q - Saúde humana e serviços sociais;Bertolínia;Alto-Baixo;0,001;73,0;0,0
Atividades de práticas integrativas e complementares em saúde humana;Q - Saúde humana e serviços sociais;Bom Princípio do Piauí;Alto-Baixo;0,001;390,0;0,0
Atividades de práticas integrativas e complementares em saúde humana;Q - Saúde humana e serviços sociais;Buriti dos Lopes;Baixo-Alto;0,012;0,0;1,703
Atividades de práticas integrativas e complementares em saúde humana;Q - Saúde humana e serviços sociais;Campo Alegre do Fidalgo;Baixo-Alto;0,019;0,0;1,603
Atividades de práticas integrativas e complementares em saúde humana;Q - Saúde humana e serviços sociais;Caracol;Alto-Baixo;0,001;124,0;0,0
Atividades de práticas integrativas e complementares em saúde humana;Q - Saúde humana e serviços sociais;Floriano;Baixo-Alto;0,026;0,0;1,546
Atividades de práticas integrativas e complementares em saúde humana;Q - Saúde humana e serviços sociais;Geminiano;Alto-Baixo;0,001;26,0;0,0
Atividades de práticas integrativas e complementares em saúde humana;Q - Saúde humana e serviços sociais;Joaquim Pires;Baixo-Alto;0,038;0,0;1,177
Atividades de práticas integrativas e complementares em saúde humana;Q - Saúde humana e serviços sociais;Joca Marques;Baixo-Alto;0,021;0,0;2,585
Atividades de práticas integrativas e complementares em saúde humana;Q - Saúde humana e serviços sociais;Juazeiro do Piauí;Alto-Baixo;0,001;131,0;0,0
Atividades de práticas integrativas e complementares em saúde humana;Q - Saúde humana e serviços sociais;Júlio Borges;Alto-Baixo;0,001;96,0;0,0
Atividades de práticas integrativas e complementares em saúde humana;Q - Saúde humana e serviços sociais;Landri Sales;Alto-Baixo;0,001;81,0;0,0
Atividades de práticas integrativas e complementares em saúde humana;Q - Saúde humana e serviços sociais;Luzilândia;Alto-Baixo;0,001;175,0;0,0
Atividades de práticas integrativas e complementares em saúde humana;Q - Saúde humana e serviços sociais;Luís Correia;Baixo-Alto;0,042;0,0;1,492
Atividades de práticas integrativas e complementares em saúde humana;Q - Saúde humana e serviços sociais;Madeiro;Baixo-Alto;0,037;0,0;1,723
Atividades de práticas integrativas e complementares em saúde humana;Q - Saúde humana e serviços sociais;Manoel Emídio;Baixo-Alto;0,016;0,0;1,713
Atividades de práticas integrativas e complementares em saúde humana;Q - Saúde humana e serviços sociais;Padre Marcos;Alto-Baixo;0,001;84,0;0,0
Atividades de práticas integrativas e complementares em saúde humana;Q - Saúde humana e serviços sociais;Parnaíba;Baixo-Alto;0,039;0,0;1,492
Atividades de práticas integrativas e complementares em saúde humana;Q - Saúde humana e serviços sociais;Ribeiro Gonçalves;Baixo-Alto;0,024;0,0;1,99
Atividades de práticas integrativas e complementares em saúde humana;Q - Saúde humana e serviços sociais;Sebastião Leal;Baixo-Alto;0,002;0,0;2,447
Atividades de práticas integrativas e complementares em saúde humana;Q - Saúde humana e serviços sociais;São Luis do Piauí;Alto-Baixo;0,001;29,0;0,0
Atividades de práticas integrativas e complementares em saúde humana;Q - Saúde humana e serviços sociais;Uruçuí;Alto-Baixo;0,001;391,0;0,0
Babaçu amêndoa;IBGE/PEVS;Alvorada do Gurguéia;Baixo-Alto;0,024;0,0;0,642
Babaçu amêndoa;IBGE/PEVS;Beneditinos;Baixo-Alto;0,029;0,0;0,495
Babaçu amêndoa;IBGE/PEVS;Currais;Baixo-Alto;0,013;0,0;0,77
Babaçu amêndoa;IBGE/PEVS;Curralinhos;Baixo-Alto;0,048;0,0;0,462
Babaçu amêndoa;IBGE/PEVS;Demerval Lobão;Baixo-Alto;0,03;0,0;0,693
Babaçu amêndoa;IBGE/PEVS;Domingos Mourão;Alto-Baixo;0,001;1,0;0,0
Babaçu amêndoa;IBGE/PEVS;Guaribas;Baixo-Alto;0,037;0,0;0,77
Babaçu amêndoa;IBGE/PEVS;Palmeira do Piauí;Baixo-Alto;0,042;0,0;0,642
Babaçu amêndoa;IBGE/PEVS;Regeneração;Baixo-Alto;0,013;0,0;0,572
Babaçu amêndoa;IBGE/PEVS;Santa Luz;Baixo-Alto;0,01;0,0;0,77
Babaçu amêndoa;IBGE/PEVS;Santa Rosa do Piauí;Baixo-Alto;0,032;0,0;0,799
Babaçu amêndoa;IBGE/PEVS;Santo Antônio dos Milagres;Baixo-Alto;0,048;0,0;0,536
Babaçu amêndoa;IBGE/PEVS;São João da Varjota;Alto-Baixo;0,001;1,0;0,0
Babaçu amêndoa;IBGE/PEVS;Várzea Grande;Baixo-Alto;0,042;0,0;0,599
Banana cacho;IBGE/PAM;Assunção do Piauí;Baixo-Alto;0,026;0,0;2,78
Banana cacho;IBGE/PAM;Bela Vista do Piauí;Baixo-Alto;0,029;0,0;1,936
Banana cacho;IBGE/PAM;Campinas do Piauí;Alto-Baixo;0,001;760,0;0,0
Banana cacho;IBGE/PAM;Conceição do Canindé;Alto-Alto;0,048;228,0;1,55
Banana cacho;IBGE/PAM;Domingos Mourão;Alto-Baixo;0,001;30,0;0,0
Banana cacho;IBGE/PAM;Isaías Coelho;Baixo-Alto;0,005;0,0;2,14
Banana cacho;IBGE/PAM;Jacobina do Piauí;Baixo-Alto;0,006;0,0;2,455
Banana cacho;IBGE/PAM;Luzilândia;Baixo-Alto;0,011;0,0;2,229
Banana cacho;IBGE/PAM;Madeiro;Alto-Baixo;0,001;76,0;0,0
Banana cacho;IBGE/PAM;Matias Olímpio;Baixo-Alto;0,039;0,0;2,11
Banana cacho;IBGE/PAM;Pajeú do Piauí;Baixo-Alto;0,037;0,0;1,864
Banana cacho;IBGE/PAM;Paquetá;Alto-Baixo;0,001;120,0;0,0
Banana cacho;IBGE/PAM;Pedro Laurentino;Baixo-Alto;0,046;0,0;1,771
Banana cacho;IBGE/PAM;Porto Alegre do Piauí;Alto-Baixo;0,001;80,0;0,0
Banana cacho;IBGE/PAM;Santa Rosa do Piauí;Alto-Baixo;0,001;104,0;0,0
Banana cacho;IBGE/PAM;Simplício Mendes;Baixo-Alto;0,012;0,0;1,843
Banana cacho;IBGE/PAM;São José do Peixe;Baixo-Alto;0,041;0,0;1,3
Banana cacho;IBGE/PAM;São João do Piauí;Baixo-Alto;0,023;0,0;1,517
Banana cacho;IBGE/PAM;São Miguel do Tapuio;Alto-Baixo;0,001;259,0;0,0
Banana cacho;IBGE/PAM;Tanque do Piauí;Baixo-Alto;0,031;0,0;1,562
Cabeleireiros;S - Outras atividades de serviços;Alto Longá;Baixo-Alto;0,037;0,0;0,256
Cabeleireiros;S - Outras atividades de serviços;Assunção do Piauí;Baixo-Alto;0,02;0,0;0,805
Cabeleireiros;S - Outras atividades de serviços;Baixa Grande do Ribeiro;Baixo-Alto;0,043;0,0;0,297
Cabeleireiros;S - Outras atividades de serviços;Batalha;Baixo-Alto;0,008;0,0;0,413
Cabeleireiros;S - Outras atividades de serviços;Boa Hora;Baixo-Alto;0,004;0,0;0,578
Cabeleireiros;S - Outras atividades de serviços;Brasileira;Baixo-Alto;0,038;0,0;0,358
Cabeleireiros;S - Outras atividades de serviços;Cabeceiras do Piauí;Baixo-Alto;0,029;0,0;0,311
Cabeleireiros;S - Outras atividades de serviços;Campo Largo do Piauí;Baixo-Alto;0,044;0,0;0,299
Cabeleireiros;S - Outras atividades de serviços;Capitão de Campos;Baixo-Alto;0,044;0,0;0,299
Cabeleireiros;S - Outras atividades de serviços;Cocal;Alto-Baixo;0,001;1,0;0,0
Cabeleireiros;S - Outras atividades de serviços;Coivaras;Baixo-Alto;0,027;0,0;0,448
Cabeleireiros;S - Outras atividades de serviços;Currais;Baixo-Alto;0,018;0,0;0,416
Cabeleireiros;S - Outras atividades de serviços;Domingos Mourão;Baixo-Alto;0,027;0,0;0,448
Cabeleireiros;S - Outras atividades de serviços;Gilbués;Baixo-Alto;0,026;0,0;0,297
Cabeleireiros;S - Outras atividades de serviços;Guaribas;Baixo-Alto;0,018;0,0;0,416
Cabeleireiros;S - Outras atividades de serviços;Jaicós;Alto-Baixo;0,001;1,0;0,0
Cabeleireiros;S - Outras atividades de serviços;Lagoa de São Francisco;Baixo-Alto;0,011;0,0;0,896
Cabeleireiros;S - Outras atividades de serviços;Miguel Alves;Baixo-Alto;0,041;0,0;0,299
Cabeleireiros;S - Outras atividades de serviços;Monte Alegre do Piauí;Baixo-Alto;0,007;0,0;0,52
Cabeleireiros;S - Outras atividades de serviços;Morro Cabeça no Tempo;Baixo-Alto;0,007;0,0;0,52
Cabeleireiros;S - Outras atividades de serviços;Nossa Senhora dos Remédios;Baixo-Alto;0,046;0,0;0,448
Cabeleireiros;S - Outras atividades de serviços;Pedro II;Baixo-Alto;0,04;0,0;0,299
Cabeleireiros;S - Outras atividades de serviços;Porto;Alto-Baixo;0,001;1,0;0,0
Cabeleireiros;S - Outras atividades de serviços;Redenção do Gurguéia;Baixo-Alto;0,019;0,0;0,416
Cabeleireiros;S - Outras atividades de serviços;Santa Luz;Baixo-Alto;0,019;0,0;0,416
Cabeleireiros;S - Outras atividades de serviços;São Miguel do Tapuio;Alto-Baixo;0,001;4,0;0,0
Cabeleireiros;S - Outras atividades de serviços;São Raimundo Nonato;Alto-Baixo;0,001;1,0;0,0
Cartórios;M - Atividades profissionais, científicas e técnicas;Avelino Lopes;Alto-Baixo;0,001;3,0;0,0
Cartórios;M - Atividades profissionais, científicas e técnicas;Barras;Alto-Alto;0,024;14,0;1,118
Cartórios;M - Atividades profissionais, científicas e técnicas;Batalha;Baixo-Alto;0,001;0,0;1,84
Cartórios;M - Atividades profissionais, científicas e técnicas;Boa Hora;Baixo-Alto;0,002;0,0;1,91
Cartórios;M - Atividades profissionais, científicas e técnicas;Bom Jesus;Baixo-Alto;0,036;0,0;1,105
Cartórios;M - Atividades profissionais, científicas e técnicas;Bom Princípio do Piauí;Alto-Baixo;0,001;1,0;0,0
Cartórios;M - Atividades profissionais, científicas e técnicas;Cabeceiras do Piauí;Alto-Alto;0,022;2,0;1,174
Cartórios;M - Atividades profissionais, científicas e técnicas;Caracol;Alto-Baixo;0,001;6,0;0,0
Cartórios;M - Atividades profissionais, científicas e técnicas;Coivaras;Alto-Alto;0,033;2,0;1,413
Cartórios;M - Atividades profissionais, científicas e técnicas;Dirceu Arcoverde;Alto-Baixo;0,001;3,0;0,0
Cartórios;M - Atividades profissionais, científicas e técnicas;Domingos Mourão;Baixo-Alto;0,026;0,0;1,436
Cartórios;M - Atividades profissionais, científicas e técnicas;Fronteiras;Alto-Baixo;0,001;3,0;0,0
Cartórios;M - Atividades profissionais, científicas e técnicas;Itainópolis;Alto-Baixo;0,037;5,0;0,0
Cartórios;M - Atividades profissionais, científicas e técnicas;Jatobá do Piauí;Baixo-Alto;0,039;0,0;1,357
Cartórios;M - Atividades profissionais, científicas e técnicas;José de Freitas;Baixo-Alto;0,027;0,0;1,284
Cartórios;M - Atividades profissionais, científicas e técnicas;Lagoa Alegre;Alto-Alto;0,03;2,0;1,402
Cartórios;M - Atividades profissionais, científicas e técnicas;Lagoa de São Francisco;Baixo-Alto;0,046;0,0;1,629
Cartórios;M - Atividades profissionais, científicas e técnicas;Miguel Alves;Alto-Alto;0,03;6,0;1,245
Cartórios;M - Atividades profissionais, científicas e técnicas;Monsenhor Gil;Alto-Baixo;0,04;8,0;0,137
Cartórios;M - Atividades profissionais, científicas e técnicas;Morro do Chapéu do Piauí;Baixo-Alto;0,004;0,0;1,83
Cartórios;M - Atividades profissionais, científicas e técnicas;Riacho Frio;Baixo-Alto;0,004;0,0;1,403
Cartórios;M - Atividades profissionais, científicas e técnicas;Rio Grande do Piauí;Alto-Baixo;0,001;3,0;0,0
Cartórios;M - Atividades profissionais, científicas e técnicas;Santa Cruz dos Milagres;Baixo-Alto;0,024;0,0;1,422
Cartórios;M - Atividades profissionais, científicas e técnicas;Sebastião Barros;Baixo-Alto;0,032;0,0;1,617
Cartórios;M - Atividades profissionais, científicas e técnicas;São Gonçalo do Gurguéia;Baixo-Alto;0,045;0,0;1,344
Cartórios;M - Atividades profissionais, científicas e técnicas;São João do Arraial;Baixo-Alto;0,048;0,0;1,245
Cartórios;M - Atividades profissionais, científicas e técnicas;Wall Ferraz;Alto-Baixo;0,001;1,0;0,0
Casas lotéricas;R - Artes, cultura, esporte e recreação;Aroazes;Baixo-Alto;0,025;0,0;0,846
Casas lotéricas;R - Artes, cultura, esporte e recreação;Cajueiro da Praia;Alto-Alto;0,038;1,0;1,609
Casas lotéricas;R - Artes, cultura, esporte e recreação;Cocal de Telha;Baixo-Alto;0,038;0,0;0,855
Casas lotéricas;R - Artes, cultura, esporte e recreação;Francisco Ayres;Alto-Baixo;0,001;2,0;0,0
Casas lotéricas;R - Artes, cultura, esporte e recreação;Ilha Grande;Alto-Baixo;0,001;2,0;0,0
Casas lotéricas;R - Artes, cultura, esporte e recreação;Inhuma;Alto-Alto;0,003;3,0;1,013
Casas lotéricas;R - Artes, cultura, esporte e recreação;Lagoa Alegre;Alto-Baixo;0,001;3,0;0,0
Casas lotéricas;R - Artes, cultura, esporte e recreação;Lagoa do Sítio;Alto-Alto;0,008;4,0;1,096
Casas lotéricas;R - Artes, cultura, esporte e recreação;Palmeirais;Alto-Baixo;0,001;1,0;0,0
Casas lotéricas;R - Artes, cultura, esporte e recreação;Pio IX;Baixo-Alto;0,002;0,0;1,059
Casas lotéricas;R - Artes, cultura, esporte e recreação;São Francisco do Piauí;Alto-Baixo;0,001;2,0;0,0
Casas lotéricas;R - Artes, cultura, esporte e recreação;São João da Canabrava;Baixo-Alto;0,002;0,0;1,029
Casas lotéricas;R - Artes, cultura, esporte e recreação;São João da Fronteira;Baixo-Alto;0,018;0,0;0,968
Casas lotéricas;R - Artes, cultura, esporte e recreação;Tanque do Piauí;Alto-Baixo;0,04;1,0;0,099
Casas lotéricas;R - Artes, cultura, esporte e recreação;Valença do Piauí;Alto-Alto;0,001;4,0;1,077
Castanha de caju;IBGE/PAM;Anísio de Abreu;Alto-Alto;0,037;6,0;0,903
Castanha de caju;IBGE/PAM;Bela Vista do Piauí;Baixo-Alto;0,029;0,0;0,981
Castanha de caju;IBGE/PAM;Bonfim do Piauí;Baixo-Alto;0,008;0,0;1,389
Castanha de caju;IBGE/PAM;Campinas do Piauí;Baixo-Alto;0,027;0,0;1,006
Castanha de caju;IBGE/PAM;Campo Alegre do Fidalgo;Baixo-Alto;0,006;0,0;1,049
Castanha de caju;IBGE/PAM;Canavieira;Baixo-Alto;0,003;0,0;1,155
Castanha de caju;IBGE/PAM;Colônia do Piauí;Baixo-Alto;0,03;0,0;0,839
Castanha de caju;IBGE/PAM;Floriano;Baixo-Alto;0,023;0,0;0,879
Castanha de caju;IBGE/PAM;Jerumenha;Alto-Baixo;0,001;14,0;0,0
Castanha de caju;IBGE/PAM;Jurema;Baixo-Alto;0,002;0,0;1,666
Castanha de caju;IBGE/PAM;Landri Sales;Baixo-Alto;0,038;0,0;0,818
Castanha de caju;IBGE/PAM;Manoel Emídio;Baixo-Alto;0,026;0,0;0,896
Castanha de caju;IBGE/PAM;Paes Landim;Alto-Alto;0,014;8,0;1,083
Castanha de caju;IBGE/PAM;Pedro Laurentino;Alto-Alto;0,002;3,0;1,745
Castanha de caju;IBGE/PAM;Simplício Mendes;Baixo-Alto;0,015;0,0;0,859
Castanha de caju;IBGE/PAM;Socorro do Piauí;Alto-Alto;0,026;18,0;0,828
Castanha de caju;IBGE/PAM;São Francisco de Assis do Piauí;Alto-Baixo;0,001;14,0;0,0
Castanha de caju;IBGE/PAM;São José do Peixe;Baixo-Alto;0,003;0,0;0,956
Castanha de caju;IBGE/PAM;São João do Piauí;Alto-Alto;0,017;3,0;0,725
Castanha de caju;IBGE/PAM;São Miguel do Fidalgo;Baixo-Alto;0,003;0,0;1,181
Castanha de caju;IBGE/PAM;Wall Ferraz;Baixo-Alto;0,043;0,0;0,805
Coleta de produtos não-madeireiros não especificados anteriormente em florestas nativas;A - Agricultura, pecuária, produção florestal, pesca e aquicultura;Alto Longá;Baixo-Alto;0,027;0,0;0,594
Coleta de produtos não-madeireiros não especificados anteriormente em florestas nativas;A - Agricultura, pecuária, produção florestal, pesca e aquicultura;Barras;Baixo-Alto;0,014;0,0;0,769
Coleta de produtos não-madeireiros não especificados anteriormente em florestas nativas;A - Agricultura, pecuária, produção florestal, pesca e aquicultura;Batalha;Alto-Alto;0,023;3,0;0,68
Coleta de produtos não-madeireiros não especificados anteriormente em florestas nativas;A - Agricultura, pecuária, produção florestal, pesca e aquicultura;Bom Princípio do Piauí;Alto-Alto;0,025;6,0;1,04
Coleta de produtos não-madeireiros não especificados anteriormente em florestas nativas;A - Agricultura, pecuária, produção florestal, pesca e aquicultura;Brasileira;Baixo-Alto;0,039;0,0;0,717
Coleta de produtos não-madeireiros não especificados anteriormente em florestas nativas;A - Agricultura, pecuária, produção florestal, pesca e aquicultura;Buriti dos Lopes;Baixo-Alto;0,002;0,0;1,384
Coleta de produtos não-madeireiros não especificados anteriormente em florestas nativas;A - Agricultura, pecuária, produção florestal, pesca e aquicultura;Cocal;Baixo-Alto;0,049;0,0;0,691
Coleta de produtos não-madeireiros não especificados anteriormente em florestas nativas;A - Agricultura, pecuária, produção florestal, pesca e aquicultura;Ilha Grande;Baixo-Alto;0,001;0,0;4,159
Coleta de produtos não-madeireiros não especificados anteriormente em florestas nativas;A - Agricultura, pecuária, produção florestal, pesca e aquicultura;Joaquim Pires;Baixo-Alto;0,009;0,0;0,769
Coleta de produtos não-madeireiros não especificados anteriormente em florestas nativas;A - Agricultura, pecuária, produção florestal, pesca e aquicultura;Luís Correia;Baixo-Alto;0,002;0,0;1,526
Coleta de produtos não-madeireiros não especificados anteriormente em florestas nativas;A - Agricultura, pecuária, produção florestal, pesca e aquicultura;Novo Santo Antônio;Baixo-Alto;0,004;0,0;1,151
Coleta de produtos não-madeireiros não especificados anteriormente em florestas nativas;A - Agricultura, pecuária, produção florestal, pesca e aquicultura;Picos;Alto-Baixo;0,001;6,0;0,0
Coleta de produtos não-madeireiros não especificados anteriormente em florestas nativas;A - Agricultura, pecuária, produção florestal, pesca e aquicultura;Porto;Alto-Baixo;0,001;2,0;0,0
Coleta de produtos não-madeireiros não especificados anteriormente em florestas nativas;A - Agricultura, pecuária, produção florestal, pesca e aquicultura;São José do Divino;Baixo-Alto;0,028;0,0;0,896
Coleta de produtos não-madeireiros não especificados anteriormente em florestas nativas;A - Agricultura, pecuária, produção florestal, pesca e aquicultura;São Miguel do Tapuio;Alto-Alto;0,033;1,0;0,582
Coleta de produtos não-madeireiros não especificados anteriormente em florestas nativas;A - Agricultura, pecuária, produção florestal, pesca e aquicultura;Wall Ferraz;Alto-Baixo;0,001;3,0;0,0
Coleta de resíduos não-perigosos;E - Água, esgoto, resíduos e descontaminação;Alvorada do Gurguéia;Baixo-Alto;0,027;0,0;1,037
Coleta de resíduos não-perigosos;E - Água, esgoto, resíduos e descontaminação;Aroeiras do Itaim;Alto-Baixo;0,001;3,0;0,0
Coleta de resíduos não-perigosos;E - Água, esgoto, resíduos e descontaminação;Barras;Alto-Alto;0,036;56,0;0,787
Coleta de resíduos não-perigosos;E - Água, esgoto, resíduos e descontaminação;Barreiras do Piauí;Alto-Baixo;0,001;4,0;0,0
Coleta de resíduos não-perigosos;E - Água, esgoto, resíduos e descontaminação;Batalha;Alto-Alto;0,039;7,0;0,875
Coleta de resíduos não-perigosos;E - Água, esgoto, resíduos e descontaminação;Boa Hora;Baixo-Alto;0,03;0,0;1,086
Coleta de resíduos não-perigosos;E - Água, esgoto, resíduos e descontaminação;Bocaina;Alto-Baixo;0,001;4,0;0,0
Coleta de resíduos não-perigosos;E - Água, esgoto, resíduos e descontaminação;Bom Jesus;Baixo-Alto;0,011;0,0;1,051
Coleta de resíduos não-perigosos;E - Água, esgoto, resíduos e descontaminação;Cabeceiras do Piauí;Baixo-Alto;0,034;0,0;0,86
Coleta de resíduos não-perigosos;E - Água, esgoto, resíduos e descontaminação;Cajazeiras do Piauí;Baixo-Alto;0,032;0,0;1,067
Coleta de resíduos não-perigosos;E - Água, esgoto, resíduos e descontaminação;Coivaras;Baixo-Alto;0,021;0,0;1,171
Coleta de resíduos não-perigosos;E - Água, esgoto, resíduos e descontaminação;Colônia do Gurguéia;Alto-Alto;0,044;2,0;1,108
Coleta de resíduos não-perigosos;E - Água, esgoto, resíduos e descontaminação;Corrente;Alto-Baixo;0,001;12,0;0,0
Coleta de resíduos não-perigosos;E - Água, esgoto, resíduos e descontaminação;Cristino Castro;Baixo-Alto;0,038;0,0;1,002
Coleta de resíduos não-perigosos;E - Água, esgoto, resíduos e descontaminação;Eliseu Martins;Baixo-Alto;0,039;0,0;0,922
Coleta de resíduos não-perigosos;E - Água, esgoto, resíduos e descontaminação;Esperantina;Baixo-Alto;0,03;0,0;1,02
Coleta de resíduos não-perigosos;E - Água, esgoto, resíduos e descontaminação;Floriano;Alto-Baixo;0,001;1,0;0,0
Coleta de resíduos não-perigosos;E - Água, esgoto, resíduos e descontaminação;Guaribas;Alto-Alto;0,04;9,0;0,957
Coleta de resíduos não-perigosos;E - Água, esgoto, resíduos e descontaminação;Nossa Senhora dos Remédios;Baixo-Alto;0,009;0,0;1,719
Coleta de resíduos não-perigosos;E - Água, esgoto, resíduos e descontaminação;Riacho Frio;Baixo-Alto;0,048;0,0;0,852
Comercio varejista de artigos de armarinho;"G - Comércio; reparação de veículos";Antônio Almeida;Baixo-Alto;0,004;0,0;0,896
Comercio varejista de artigos de armarinho;"G - Comércio; reparação de veículos";Bertolínia;Baixo-Alto;0,023;0,0;0,621
Comercio varejista de artigos de armarinho;"G - Comércio; reparação de veículos";Boa Hora;Alto-Baixo;0,001;1,0;0,0
Comercio varejista de artigos de armarinho;"G - Comércio; reparação de veículos";Brasileira;Alto-Baixo;0,001;1,0;0,0
Comercio varejista de artigos de armarinho;"G - Comércio; reparação de veículos";Buriti dos Lopes;Alto-Baixo;0,001;2,0;0,0
Comercio varejista de artigos de armarinho;"G - Comércio; reparação de veículos";Corrente;Baixo-Alto;0,036;0,0;0,497
Comercio varejista de artigos de armarinho;"G - Comércio; reparação de veículos";Cristalândia do Piauí;Alto-Baixo;0,001;3,0;0,0
Comercio varejista de artigos de armarinho;"G - Comércio; reparação de veículos";Cristino Castro;Alto-Baixo;0,001;2,0;0,0
Comercio varejista de artigos de armarinho;"G - Comércio; reparação de veículos";Dirceu Arcoverde;Alto-Baixo;0,001;1,0;0,0
Comercio varejista de artigos de armarinho;"G - Comércio; reparação de veículos";Lagoinha do Piauí;Baixo-Alto;0,023;0,0;0,555
Comercio varejista de artigos de armarinho;"G - Comércio; reparação de veículos";Landri Sales;Baixo-Alto;0,022;0,0;0,53
Comercio varejista de artigos de armarinho;"G - Comércio; reparação de veículos";Luzilândia;Alto-Baixo;0,001;1,0;0,0
Comercio varejista de artigos de armarinho;"G - Comércio; reparação de veículos";Manoel Emídio;Baixo-Alto;0,011;0,0;0,597
Comercio varejista de artigos de armarinho;"G - Comércio; reparação de veículos";Marcos Parente;Alto-Baixo;0,001;1,0;0,0
Comercio varejista de artigos de armarinho;"G - Comércio; reparação de veículos";Nova Santa Rita;Baixo-Alto;0,011;0,0;0,666
Comercio varejista de artigos de armarinho;"G - Comércio; reparação de veículos";Padre Marcos;Alto-Baixo;0,001;1,0;0,0
Comercio varejista de artigos de armarinho;"G - Comércio; reparação de veículos";Palmeirais;Baixo-Alto;0,012;0,0;0,615
Comercio varejista de artigos de armarinho;"G - Comércio; reparação de veículos";Pedro Laurentino;Baixo-Alto;0,011;0,0;0,666
Comercio varejista de artigos de armarinho;"G - Comércio; reparação de veículos";Redenção do Gurguéia;Baixo-Alto;0,02;0,0;0,578
Comercio varejista de artigos de armarinho;"G - Comércio; reparação de veículos";Simplício Mendes;Alto-Baixo;0,001;3,0;0,0
Comercio varejista de artigos de armarinho;"G - Comércio; reparação de veículos";São Gonçalo do Piauí;Baixo-Alto;0,018;0,0;0,578
Comercio varejista de artigos de armarinho;"G - Comércio; reparação de veículos";São Pedro do Piauí;Alto-Alto;0,011;1,0;0,548
Comercio varejista de artigos de cama, mesa e banho;"G - Comércio; reparação de veículos";Bonfim do Piauí;Baixo-Alto;0,009;0,0;0,599
Comercio varejista de artigos de cama, mesa e banho;"G - Comércio; reparação de veículos";Campo Maior;Baixo-Alto;0,021;0,0;0,369
Comercio varejista de artigos de cama, mesa e banho;"G - Comércio; reparação de veículos";Coivaras;Baixo-Alto;0,045;0,0;0,52
Comercio varejista de artigos de cama, mesa e banho;"G - Comércio; reparação de veículos";Coronel José Dias;Baixo-Alto;0,031;0,0;0,48
Comercio varejista de artigos de cama, mesa e banho;"G - Comércio; reparação de veículos";Dirceu Arcoverde;Baixo-Alto;0,01;0,0;0,599
Comercio varejista de artigos de cama, mesa e banho;"G - Comércio; reparação de veículos";Fartura do Piauí;Baixo-Alto;0,014;0,0;0,799
Comercio varejista de artigos de cama, mesa e banho;"G - Comércio; reparação de veículos";Joca Marques;Baixo-Alto;0,047;0,0;0,805
Comercio varejista de artigos de cama, mesa e banho;"G - Comércio; reparação de veículos";José de Freitas;Alto-Alto;0,006;4,0;0,671
Comercio varejista de artigos de cama, mesa e banho;"G - Comércio; reparação de veículos";João Costa;Baixo-Alto;0,041;0,0;0,4
Comercio varejista de artigos de cama, mesa e banho;"G - Comércio; reparação de veículos";Lagoa Alegre;Baixo-Alto;0,005;0,0;0,889
Comercio varejista de artigos de cama, mesa e banho;"G - Comércio; reparação de veículos";Landri Sales;Alto-Baixo;0,001;1,0;0,0
Comercio varejista de artigos de cama, mesa e banho;"G - Comércio; reparação de veículos";Luzilândia;Alto-Baixo;0,001;4,0;0,0
Comercio varejista de artigos de cama, mesa e banho;"G - Comércio; reparação de veículos";Miguel Alves;Baixo-Alto;0,018;0,0;0,44
Comercio varejista de artigos de cama, mesa e banho;"G - Comércio; reparação de veículos";Novo Santo Antônio;Baixo-Alto;0,011;0,0;0,555
Comercio varejista de artigos de cama, mesa e banho;"G - Comércio; reparação de veículos";Pau D'Arco do Piauí;Baixo-Alto;0,043;0,0;0,347
Comercio varejista de artigos de cama, mesa e banho;"G - Comércio; reparação de veículos";São Braz do Piauí;Baixo-Alto;0,028;0,0;0,48
Comercio varejista de artigos de cama, mesa e banho;"G - Comércio; reparação de veículos";São Lourenço do Piauí;Baixo-Alto;0,012;0,0;0,799
Comercio varejista de artigos de cama, mesa e banho;"G - Comércio; reparação de veículos";São Miguel do Tapuio;Baixo-Alto;0,038;0,0;0,308
Comercio varejista de artigos de cama, mesa e banho;"G - Comércio; reparação de veículos";Teresina;Baixo-Alto;0,002;0,0;0,563
Comercio varejista de artigos de cama, mesa e banho;"G - Comércio; reparação de veículos";Várzea Branca;Baixo-Alto;0,007;0,0;0,599
Comércio a varejo de peças e acessórios novos para motocicletas e motonetas;"G - Comércio; reparação de veículos";Barro Duro;Alto-Baixo;0,001;1,0;0,0
Comércio a varejo de peças e acessórios novos para motocicletas e motonetas;"G - Comércio; reparação de veículos";Bela Vista do Piauí;Alto-Baixo;0,001;4,0;0,0
Comércio a varejo de peças e acessórios novos para motocicletas e motonetas;"G - Comércio; reparação de veículos";Belém do Piauí;Baixo-Alto;0,027;0,0;0,615
Comércio a varejo de peças e acessórios novos para motocicletas e motonetas;"G - Comércio; reparação de veículos";Cajueiro da Praia;Alto-Baixo;0,001;2,0;0,0
Comércio a varejo de peças e acessórios novos para motocicletas e motonetas;"G - Comércio; reparação de veículos";Campo Grande do Piauí;Alto-Baixo;0,001;1,0;0,0
Comércio a varejo de peças e acessórios novos para motocicletas e motonetas;"G - Comércio; reparação de veículos";Castelo do Piauí;Alto-Alto;0,034;3,0;0,578
Comércio a varejo de peças e acessórios novos para motocicletas e motonetas;"G - Comércio; reparação de veículos";Cristalândia do Piauí;Baixo-Alto;0,004;0,0;1,445
Comércio a varejo de peças e acessórios novos para motocicletas e motonetas;"G - Comércio; reparação de veículos";Francinópolis;Alto-Baixo;0,001;1,0;0,0
Comércio a varejo de peças e acessórios novos para motocicletas e motonetas;"G - Comércio; reparação de veículos";Francisco Ayres;Alto-Baixo;0,001;1,0;0,0
Comércio a varejo de peças e acessórios novos para motocicletas e motonetas;"G - Comércio; reparação de veículos";Jacobina do Piauí;Alto-Baixo;0,001;1,0;0,0
Comércio a varejo de peças e acessórios novos para motocicletas e motonetas;"G - Comércio; reparação de veículos";Joaquim Pires;Alto-Baixo;0,001;1,0;0,0
Comércio a varejo de peças e acessórios novos para motocicletas e motonetas;"G - Comércio; reparação de veículos";Júlio Borges;Baixo-Alto;0,036;0,0;0,732
Comércio a varejo de peças e acessórios novos para motocicletas e motonetas;"G - Comércio; reparação de veículos";Marcolândia;Baixo-Alto;0,012;0,0;0,749
Comércio a varejo de peças e acessórios novos para motocicletas e motonetas;"G - Comércio; reparação de veículos";Monte Alegre do Piauí;Alto-Baixo;0,001;2,0;0,0
Comércio a varejo de peças e acessórios novos para motocicletas e motonetas;"G - Comércio; reparação de veículos";Nazária;Alto-Baixo;0,001;2,0;0,0
Comércio a varejo de peças e acessórios novos para motocicletas e motonetas;"G - Comércio; reparação de veículos";Paes Landim;Alto-Baixo;0,001;2,0;0,0
Comércio a varejo de peças e acessórios novos para motocicletas e motonetas;"G - Comércio; reparação de veículos";Palmeira do Piauí;Alto-Baixo;0,001;2,0;0,0
Comércio a varejo de peças e acessórios novos para motocicletas e motonetas;"G - Comércio; reparação de veículos";Palmeirais;Baixo-Alto;0,009;0,0;0,682
Comércio a varejo de peças e acessórios novos para motocicletas e motonetas;"G - Comércio; reparação de veículos";Parnaguá;Alto-Alto;0,006;2,0;0,798
Comércio a varejo de peças e acessórios novos para motocicletas e motonetas;"G - Comércio; reparação de veículos";Picos;Baixo-Alto;0,045;0,0;0,495
Comércio a varejo de peças e acessórios novos para motocicletas e motonetas;"G - Comércio; reparação de veículos";Riacho Frio;Baixo-Alto;0,002;0,0;0,785
Comércio a varejo de peças e acessórios novos para motocicletas e motonetas;"G - Comércio; reparação de veículos";Santo Antônio dos Milagres;Baixo-Alto;0,031;0,0;0,768
Comércio a varejo de peças e acessórios novos para motocicletas e motonetas;"G - Comércio; reparação de veículos";Sebastião Barros;Alto-Alto;0,005;1,0;1,099
Comércio a varejo de peças e acessórios novos para motocicletas e motonetas;"G - Comércio; reparação de veículos";Sigefredo Pacheco;Baixo-Alto;0,032;0,0;0,578
Comércio a varejo de peças e acessórios novos para motocicletas e motonetas;"G - Comércio; reparação de veículos";São João da Serra;Alto-Alto;0,031;1,0;0,693
Comércio a varejo de peças e acessórios novos para motocicletas e motonetas;"G - Comércio; reparação de veículos";São Miguel do Tapuio;Baixo-Alto;0,012;0,0;0,584
Comércio a varejo de peças e acessórios novos para veículos automotores;"G - Comércio; reparação de veículos";Anísio de Abreu;Alto-Baixo;0,001;1,0;0,0
Comércio a varejo de peças e acessórios novos para veículos automotores;"G - Comércio; reparação de veículos";Aroazes;Alto-Baixo;0,001;1,0;0,0
Comércio a varejo de peças e acessórios novos para veículos automotores;"G - Comércio; reparação de veículos";Barra D'Alcântara;Alto-Baixo;0,001;1,0;0,0
Comércio a varejo de peças e acessórios novos para veículos automotores;"G - Comércio; reparação de veículos";Belém do Piauí;Baixo-Alto;0,008;0,0;0,851
Comércio a varejo de peças e acessórios novos para veículos automotores;"G - Comércio; reparação de veículos";Buriti dos Lopes;Alto-Baixo;0,001;1,0;0,0
Comércio a varejo de peças e acessórios novos para veículos automotores;"G - Comércio; reparação de veículos";Capitão de Campos;Alto-Baixo;0,001;4,0;0,0
Comércio a varejo de peças e acessórios novos para veículos automotores;"G - Comércio; reparação de veículos";Corrente;Baixo-Alto;0,025;0,0;0,68
Comércio a varejo de peças e acessórios novos para veículos automotores;"G - Comércio; reparação de veículos";Curimatá;Alto-Alto;0,016;4,0;0,682
Comércio a varejo de peças e acessórios novos para veículos automotores;"G - Comércio; reparação de veículos";Guadalupe;Alto-Baixo;0,001;1,0;0,0
Comércio a varejo de peças e acessórios novos para veículos automotores;"G - Comércio; reparação de veículos";Ipiranga do Piauí;Baixo-Alto;0,031;0,0;0,622
Comércio a varejo de peças e acessórios novos para veículos automotores;"G - Comércio; reparação de veículos";Júlio Borges;Baixo-Alto;0,001;0,0;1,67
Comércio a varejo de peças e acessórios novos para veículos automotores;"G - Comércio; reparação de veículos";Marcolândia;Baixo-Alto;0,011;0,0;1,002
Comércio a varejo de peças e acessórios novos para veículos automotores;"G - Comércio; reparação de veículos";Massapê do Piauí;Baixo-Alto;0,034;0,0;0,699
Comércio a varejo de peças e acessórios novos para veículos automotores;"G - Comércio; reparação de veículos";Matias Olímpio;Alto-Baixo;0,001;1,0;0,0
Comércio a varejo de peças e acessórios novos para veículos automotores;"G - Comércio; reparação de veículos";Morro Cabeça no Tempo;Baixo-Alto;0,024;0,0;0,85
Comércio a varejo de peças e acessórios novos para veículos automotores;"G - Comércio; reparação de veículos";Novo Oriente do Piauí;Baixo-Alto;0,049;0,0;0,652
Comércio a varejo de peças e acessórios novos para veículos automotores;"G - Comércio; reparação de veículos";Porto;Alto-Baixo;0,001;1,0;0,0
Comércio a varejo de peças e acessórios novos para veículos automotores;"G - Comércio; reparação de veículos";Riacho Frio;Baixo-Alto;0,022;0,0;0,658
Comércio a varejo de peças e acessórios novos para veículos automotores;"G - Comércio; reparação de veículos";Ribeiro Gonçalves;Alto-Baixo;0,001;3,0;0,0
Comércio a varejo de peças e acessórios novos para veículos automotores;"G - Comércio; reparação de veículos";Sebastião Barros;Baixo-Alto;0,011;0,0;1,134
Comércio a varejo de peças e acessórios novos para veículos automotores;"G - Comércio; reparação de veículos";São Francisco do Piauí;Alto-Baixo;0,001;1,0;0,0
Comércio a varejo de peças e acessórios novos para veículos automotores;"G - Comércio; reparação de veículos";Vera Mendes;Alto-Baixo;0,001;1,0;0,0
Comércio a varejo de pneumáticos e câmaras-de-ar;"G - Comércio; reparação de veículos";Barreiras do Piauí;Baixo-Alto;0,019;0,0;1,04
Comércio a varejo de pneumáticos e câmaras-de-ar;"G - Comércio; reparação de veículos";Bom Jesus;Baixo-Alto;0,006;0,0;0,484
Comércio a varejo de pneumáticos e câmaras-de-ar;"G - Comércio; reparação de veículos";Buriti dos Montes;Baixo-Alto;0,045;0,0;0,358
Comércio a varejo de pneumáticos e câmaras-de-ar;"G - Comércio; reparação de veículos";Corrente;Alto-Baixo;0,001;17,0;0,0
Comércio a varejo de pneumáticos e câmaras-de-ar;"G - Comércio; reparação de veículos";Cristalândia do Piauí;Baixo-Alto;0,002;0,0;1,445
Comércio a varejo de pneumáticos e câmaras-de-ar;"G - Comércio; reparação de veículos";Domingos Mourão;Baixo-Alto;0,035;0,0;0,448
Comércio a varejo de pneumáticos e câmaras-de-ar;"G - Comércio; reparação de veículos";Gilbués;Alto-Alto;0,042;7,0;0,256
Comércio a varejo de pneumáticos e câmaras-de-ar;"G - Comércio; reparação de veículos";Lagoa de São Francisco;Baixo-Alto;0,023;0,0;0,896
Comércio a varejo de pneumáticos e câmaras-de-ar;"G - Comércio; reparação de veículos";Monte Alegre do Piauí;Baixo-Alto;0,025;0,0;0,52
Comércio a varejo de pneumáticos e câmaras-de-ar;"G - Comércio; reparação de veículos";Oeiras;Alto-Baixo;0,001;3,0;0,0
Comércio a varejo de pneumáticos e câmaras-de-ar;"G - Comércio; reparação de veículos";Parnaguá;Baixo-Alto;0,006;0,0;0,717
Comércio a varejo de pneumáticos e câmaras-de-ar;"G - Comércio; reparação de veículos";Pedro II;Alto-Baixo;0,001;5,0;0,0
Comércio a varejo de pneumáticos e câmaras-de-ar;"G - Comércio; reparação de veículos";Riacho Frio;Baixo-Alto;0,001;0,0;0,809
Comércio a varejo de pneumáticos e câmaras-de-ar;"G - Comércio; reparação de veículos";Ribeiro Gonçalves;Baixo-Alto;0,034;0,0;0,597
Comércio a varejo de pneumáticos e câmaras-de-ar;"G - Comércio; reparação de veículos";Santa Filomena;Baixo-Alto;0,001;0,0;1,29
Comércio a varejo de pneumáticos e câmaras-de-ar;"G - Comércio; reparação de veículos";Sebastião Barros;Baixo-Alto;0,001;0,0;0,963
Comércio a varejo de pneumáticos e câmaras-de-ar;"G - Comércio; reparação de veículos";São Gonçalo do Gurguéia;Baixo-Alto;0,001;0,0;1,242
Comércio atacadista de alimentos para animais;"G - Comércio; reparação de veículos";Altos;Alto-Baixo;0,001;6,0;0,0
Comércio atacadista de alimentos para animais;"G - Comércio; reparação de veículos";Barra D'Alcântara;Baixo-Alto;0,007;0,0;0,816
Comércio atacadista de alimentos para animais;"G - Comércio; reparação de veículos";Barras;Baixo-Alto;0,045;0,0;0,311
Comércio atacadista de alimentos para animais;"G - Comércio; reparação de veículos";Cajazeiras do Piauí;Baixo-Alto;0,007;0,0;0,816
Comércio atacadista de alimentos para animais;"G - Comércio; reparação de veículos";Campo Largo do Piauí;Baixo-Alto;0,033;0,0;0,414
Comércio atacadista de alimentos para animais;"G - Comércio; reparação de veículos";Canto do Buriti;Alto-Baixo;0,001;3,0;0,0
Comércio atacadista de alimentos para animais;"G - Comércio; reparação de veículos";Castelo do Piauí;Alto-Baixo;0,001;1,0;0,0
Comércio atacadista de alimentos para animais;"G - Comércio; reparação de veículos";Cocal;Alto-Baixo;0,001;2,0;0,0
Comércio atacadista de alimentos para animais;"G - Comércio; reparação de veículos";Cocal dos Alves;Baixo-Alto;0,046;0,0;0,597
Comércio atacadista de alimentos para animais;"G - Comércio; reparação de veículos";Coivaras;Baixo-Alto;0,035;0,0;0,486
Comércio atacadista de alimentos para animais;"G - Comércio; reparação de veículos";Colônia do Piauí;Baixo-Alto;0,003;0,0;0,68
Comércio atacadista de alimentos para animais;"G - Comércio; reparação de veículos";Esperantina;Alto-Baixo;0,001;11,0;0,0
Comércio atacadista de alimentos para animais;"G - Comércio; reparação de veículos";Floriano;Alto-Baixo;0,001;2,0;0,0
Comércio atacadista de alimentos para animais;"G - Comércio; reparação de veículos";Inhuma;Baixo-Alto;0,005;0,0;0,583
Comércio atacadista de alimentos para animais;"G - Comércio; reparação de veículos";Ipiranga do Piauí;Baixo-Alto;0,024;0,0;0,583
Comércio atacadista de alimentos para animais;"G - Comércio; reparação de veículos";Joaquim Pires;Baixo-Alto;0,043;0,0;0,311
Comércio atacadista de alimentos para animais;"G - Comércio; reparação de veículos";Morro do Chapéu do Piauí;Baixo-Alto;0,019;0,0;0,621
Comércio atacadista de alimentos para animais;"G - Comércio; reparação de veículos";Nazaré do Piauí;Baixo-Alto;0,003;0,0;0,739
Comércio atacadista de alimentos para animais;"G - Comércio; reparação de veículos";Novo Oriente do Piauí;Baixo-Alto;0,002;0,0;0,816
Comércio atacadista de alimentos para animais;"G - Comércio; reparação de veículos";Oeiras;Alto-Baixo;0,001;58,0;0,0
Comércio atacadista de alimentos para animais;"G - Comércio; reparação de veículos";Santa Cruz do Piauí;Baixo-Alto;0,01;0,0;0,51
Comércio atacadista de alimentos para animais;"G - Comércio; reparação de veículos";Santa Rosa do Piauí;Baixo-Alto;0,004;0,0;1,359
Comércio atacadista de alimentos para animais;"G - Comércio; reparação de veículos";São Francisco do Piauí;Baixo-Alto;0,005;0,0;1,019
Comércio atacadista de alimentos para animais;"G - Comércio; reparação de veículos";São João da Fronteira;Alto-Baixo;0,001;1,0;0,0
Comércio atacadista de alimentos para animais;"G - Comércio; reparação de veículos";São João da Varjota;Baixo-Alto;0,006;0,0;0,816
Comércio atacadista de alimentos para animais;"G - Comércio; reparação de veículos";São João do Arraial;Baixo-Alto;0,028;0,0;0,497
Comércio atacadista de alimentos para animais;"G - Comércio; reparação de veículos";Tanque do Piauí;Baixo-Alto;0,006;0,0;0,583
Comércio atacadista de alimentos para animais;"G - Comércio; reparação de veículos";Uruçuí;Alto-Baixo;0,001;1,0;0,0
Comércio atacadista de alimentos para animais;"G - Comércio; reparação de veículos";Vila Nova do Piauí;Alto-Baixo;0,001;4,0;0,0
Comércio atacadista de alimentos para animais;"G - Comércio; reparação de veículos";Várzea Grande;Baixo-Alto;0,006;0,0;1,019
Comércio atacadista de alimentos para animais;"G - Comércio; reparação de veículos";Wall Ferraz;Baixo-Alto;0,006;0,0;0,816
Comércio atacadista de cereais e leguminosas beneficiados;"G - Comércio; reparação de veículos";Alvorada do Gurguéia;Baixo-Alto;0,016;0,0;0,713
Comércio atacadista de cereais e leguminosas beneficiados;"G - Comércio; reparação de veículos";Baixa Grande do Ribeiro;Baixo-Alto;0,002;0,0;1,138
Comércio atacadista de cereais e leguminosas beneficiados;"G - Comércio; reparação de veículos";Batalha;Baixo-Alto;0,005;0,0;0,833
Comércio atacadista de cereais e leguminosas beneficiados;"G - Comércio; reparação de veículos";Brasileira;Baixo-Alto;0,04;0,0;0,687
Comércio atacadista de cereais e leguminosas beneficiados;"G - Comércio; reparação de veículos";Canto do Buriti;Alto-Baixo;0,001;2,0;0,0
Comércio atacadista de cereais e leguminosas beneficiados;"G - Comércio; reparação de veículos";Caraúbas do Piauí;Baixo-Alto;0,045;0,0;0,572
Comércio atacadista de cereais e leguminosas beneficiados;"G - Comércio; reparação de veículos";Cocal;Baixo-Alto;0,045;0,0;0,572
Comércio atacadista de cereais e leguminosas beneficiados;"G - Comércio; reparação de veículos";Cocal dos Alves;Baixo-Alto;0,006;0,0;1,145
Comércio atacadista de cereais e leguminosas beneficiados;"G - Comércio; reparação de veículos";Corrente;Alto-Baixo;0,001;4,0;0,0
Comércio atacadista de cereais e leguminosas beneficiados;"G - Comércio; reparação de veículos";Cristino Castro;Alto-Baixo;0,001;5,0;0,0
Comércio atacadista de cereais e leguminosas beneficiados;"G - Comércio; reparação de veículos";Currais;Baixo-Alto;0,005;0,0;0,913
Comércio atacadista de cereais e leguminosas beneficiados;"G - Comércio; reparação de veículos";Esperantina;Alto-Baixo;0,001;10,0;0,0
Comércio atacadista de cereais e leguminosas beneficiados;"G - Comércio; reparação de veículos";Gilbués;Alto-Alto;0,012;2,0;0,783
Comércio atacadista de cereais e leguminosas beneficiados;"G - Comércio; reparação de veículos";Guaribas;Baixo-Alto;0,006;0,0;1,133
Comércio atacadista de cereais e leguminosas beneficiados;"G - Comércio; reparação de veículos";Monte Alegre do Piauí;Baixo-Alto;0,009;0,0;0,968
Comércio atacadista de cereais e leguminosas beneficiados;"G - Comércio; reparação de veículos";Morro Cabeça no Tempo;Baixo-Alto;0,048;0,0;0,693
Comércio atacadista de cereais e leguminosas beneficiados;"G - Comércio; reparação de veículos";Nazária;Alto-Baixo;0,001;2,0;0,0
Comércio atacadista de cereais e leguminosas beneficiados;"G - Comércio; reparação de veículos";Ribeiro Gonçalves;Baixo-Alto;0,004;0,0;1,365
Comércio atacadista de cereais e leguminosas beneficiados;"G - Comércio; reparação de veículos";Santa Luz;Baixo-Alto;0,011;0,0;0,913
Comércio atacadista de cereais e leguminosas beneficiados;"G - Comércio; reparação de veículos";São José do Divino;Baixo-Alto;0,019;0,0;0,858
Comércio atacadista de cereais e leguminosas beneficiados;"G - Comércio; reparação de veículos";São João da Fronteira;Baixo-Alto;0,019;0,0;0,858
Comércio atacadista de cereais e leguminosas beneficiados;"G - Comércio; reparação de veículos";São João do Piauí;Alto-Baixo;0,001;4,0;0,0
Comércio atacadista de embalagens;"G - Comércio; reparação de veículos";Altos;Baixo-Alto;0,01;0,0;0,822
Comércio atacadista de embalagens;"G - Comércio; reparação de veículos";Bom Jesus;Alto-Baixo;0,001;1,0;0,0
Comércio atacadista de embalagens;"G - Comércio; reparação de veículos";Brejo do Piauí;Baixo-Alto;0,018;0,0;0,466
Comércio atacadista de embalagens;"G - Comércio; reparação de veículos";Campo Alegre do Fidalgo;Baixo-Alto;0,039;0,0;0,4
Comércio atacadista de embalagens;"G - Comércio; reparação de veículos";Capitão Gervásio Oliveira;Baixo-Alto;0,027;0,0;0,599
Comércio atacadista de embalagens;"G - Comércio; reparação de veículos";Curralinhos;Baixo-Alto;0,009;0,0;0,685
Comércio atacadista de embalagens;"G - Comércio; reparação de veículos";Demerval Lobão;Alto-Alto;0,004;2,0;1,028
Comércio atacadista de embalagens;"G - Comércio; reparação de veículos";Dom Expedito Lopes;Baixo-Alto;0,045;0,0;0,486
Comércio atacadista de embalagens;"G - Comércio; reparação de veículos";Fartura do Piauí;Baixo-Alto;0,043;0,0;0,597
Comércio atacadista de embalagens;"G - Comércio; reparação de veículos";Floriano;Alto-Baixo;0,001;2,0;0,0
Comércio atacadista de embalagens;"G - Comércio; reparação de veículos";José de Freitas;Baixo-Alto;0,009;0,0;0,685
Comércio atacadista de embalagens;"G - Comércio; reparação de veículos";João Costa;Baixo-Alto;0,009;0,0;0,698
Comércio atacadista de embalagens;"G - Comércio; reparação de veículos";Lagoa do Piauí;Baixo-Alto;0,004;0,0;1,042
Comércio atacadista de embalagens;"G - Comércio; reparação de veículos";Monsenhor Gil;Baixo-Alto;0,016;0,0;0,514
Comércio atacadista de embalagens;"G - Comércio; reparação de veículos";Nazária;Baixo-Alto;0,002;0,0;2,055
Comércio atacadista de embalagens;"G - Comércio; reparação de veículos";Palmeirais;Baixo-Alto;0,009;0,0;0,685
Comércio atacadista de embalagens;"G - Comércio; reparação de veículos";Parnaíba;Alto-Baixo;0,001;1,0;0,0
Comércio atacadista de embalagens;"G - Comércio; reparação de veículos";Pau D'Arco do Piauí;Baixo-Alto;0,006;0,0;0,868
Comércio atacadista de embalagens;"G - Comércio; reparação de veículos";Santana do Piauí;Baixo-Alto;0,046;0,0;0,486
Comércio atacadista de embalagens;"G - Comércio; reparação de veículos";Socorro do Piauí;Baixo-Alto;0,045;0,0;0,4
Comércio atacadista de embalagens;"G - Comércio; reparação de veículos";São João da Serra;Alto-Baixo;0,001;2,0;0,0
Comércio atacadista de embalagens;"G - Comércio; reparação de veículos";São João do Piauí;Alto-Baixo;0,001;10,0;0,0
Comércio atacadista de embalagens;"G - Comércio; reparação de veículos";São Lourenço do Piauí;Baixo-Alto;0,043;0,0;0,597
Comércio atacadista de embalagens;"G - Comércio; reparação de veículos";União;Baixo-Alto;0,005;0,0;1,028
Comércio atacadista de embalagens;"G - Comércio; reparação de veículos";Água Branca;Alto-Baixo;0,001;2,0;0,0
Comércio atacadista de medicamentos e drogas de uso humano;"G - Comércio; reparação de veículos";Assunção do Piauí;Baixo-Alto;0,045;0,0;0,549
Comércio atacadista de medicamentos e drogas de uso humano;"G - Comércio; reparação de veículos";Batalha;Baixo-Alto;0,021;0,0;0,448
Comércio atacadista de medicamentos e drogas de uso humano;"G - Comércio; reparação de veículos";Bom Jesus;Alto-Baixo;0,001;14,0;0,0
Comércio atacadista de medicamentos e drogas de uso humano;"G - Comércio; reparação de veículos";Campo Largo do Piauí;Baixo-Alto;0,022;0,0;0,523
Comércio atacadista de medicamentos e drogas de uso humano;"G - Comércio; reparação de veículos";Fronteiras;Alto-Baixo;0,001;1,0;0,0
Comércio atacadista de medicamentos e drogas de uso humano;"G - Comércio; reparação de veículos";Morro do Chapéu do Piauí;Baixo-Alto;0,008;0,0;0,784
Comércio atacadista de medicamentos e drogas de uso humano;"G - Comércio; reparação de veículos";Olho D'Água do Piauí;Alto-Baixo;0,001;1,0;0,0
Comércio atacadista de medicamentos e drogas de uso humano;"G - Comércio; reparação de veículos";Santa Rosa do Piauí;Baixo-Alto;0,038;0,0;0,799
Comércio atacadista de medicamentos e drogas de uso humano;"G - Comércio; reparação de veículos";Sussuapara;Baixo-Alto;0,049;0,0;0,451
Comércio atacadista de medicamentos e drogas de uso humano;"G - Comércio; reparação de veículos";São João do Arraial;Baixo-Alto;0,018;0,0;0,627
Comércio atacadista de medicamentos e drogas de uso humano;"G - Comércio; reparação de veículos";São Luis do Piauí;Baixo-Alto;0,032;0,0;0,677
Comércio atacadista de mercadorias em geral, com predominância de insumos agropecuários;"G - Comércio; reparação de veículos";Alvorada do Gurguéia;Baixo-Alto;0,006;0,0;0,73
Comércio atacadista de mercadorias em geral, com predominância de insumos agropecuários;"G - Comércio; reparação de veículos";Antônio Almeida;Baixo-Alto;0,005;0,0;0,922
Comércio atacadista de mercadorias em geral, com predominância de insumos agropecuários;"G - Comércio; reparação de veículos";Baixa Grande do Ribeiro;Baixo-Alto;0,001;0,0;0,882
Comércio atacadista de mercadorias em geral, com predominância de insumos agropecuários;"G - Comércio; reparação de veículos";Campo Maior;Alto-Baixo;0,001;1,0;0,0
Comércio atacadista de mercadorias em geral, com predominância de insumos agropecuários;"G - Comércio; reparação de veículos";Canto do Buriti;Alto-Baixo;0,001;1,0;0,0
Comércio atacadista de mercadorias em geral, com predominância de insumos agropecuários;"G - Comércio; reparação de veículos";Corrente;Alto-Baixo;0,001;10,0;0,0
Comércio atacadista de mercadorias em geral, com predominância de insumos agropecuários;"G - Comércio; reparação de veículos";Cristalândia do Piauí;Baixo-Alto;0,025;0,0;1,199
Comércio atacadista de mercadorias em geral, com predominância de insumos agropecuários;"G - Comércio; reparação de veículos";Currais;Baixo-Alto;0,045;0,0;0,497
Comércio atacadista de mercadorias em geral, com predominância de insumos agropecuários;"G - Comércio; reparação de veículos";Gilbués;Baixo-Alto;0,044;0,0;0,355
Comércio atacadista de mercadorias em geral, com predominância de insumos agropecuários;"G - Comércio; reparação de veículos";Guaribas;Baixo-Alto;0,018;0,0;0,636
Comércio atacadista de mercadorias em geral, com predominância de insumos agropecuários;"G - Comércio; reparação de veículos";Ipiranga do Piauí;Baixo-Alto;0,031;0,0;0,495
Comércio atacadista de mercadorias em geral, com predominância de insumos agropecuários;"G - Comércio; reparação de veículos";Lagoa de São Francisco;Baixo-Alto;0,044;0,0;0,549
Comércio atacadista de mercadorias em geral, com predominância de insumos agropecuários;"G - Comércio; reparação de veículos";Manoel Emídio;Baixo-Alto;0,013;0,0;0,615
Comércio atacadista de mercadorias em geral, com predominância de insumos agropecuários;"G - Comércio; reparação de veículos";Monte Alegre do Piauí;Baixo-Alto;0,017;0,0;0,621
Comércio atacadista de mercadorias em geral, com predominância de insumos agropecuários;"G - Comércio; reparação de veículos";Morro Cabeça no Tempo;Baixo-Alto;0,017;0,0;0,621
Comércio atacadista de mercadorias em geral, com predominância de insumos agropecuários;"G - Comércio; reparação de veículos";Novo Oriente do Piauí;Baixo-Alto;0,019;0,0;0,555
Comércio atacadista de mercadorias em geral, com predominância de insumos agropecuários;"G - Comércio; reparação de veículos";Palmeira do Piauí;Baixo-Alto;0,014;0,0;0,615
Comércio atacadista de mercadorias em geral, com predominância de insumos agropecuários;"G - Comércio; reparação de veículos";Pavussu;Baixo-Alto;0,02;0,0;0,599
Comércio atacadista de mercadorias em geral, com predominância de insumos agropecuários;"G - Comércio; reparação de veículos";Piripiri;Alto-Baixo;0,001;2,0;0,0
Comércio atacadista de mercadorias em geral, com predominância de insumos agropecuários;"G - Comércio; reparação de veículos";Redenção do Gurguéia;Baixo-Alto;0,045;0,0;0,497
Comércio atacadista de mercadorias em geral, com predominância de insumos agropecuários;"G - Comércio; reparação de veículos";Ribeiro Gonçalves;Baixo-Alto;0,002;0,0;1,23
Comércio atacadista de mercadorias em geral, com predominância de insumos agropecuários;"G - Comércio; reparação de veículos";Rio Grande do Piauí;Baixo-Alto;0,02;0,0;0,599
Comércio atacadista de mercadorias em geral, com predominância de insumos agropecuários;"G - Comércio; reparação de veículos";Santa Luz;Baixo-Alto;0,045;0,0;0,497
Comércio atacadista de mercadorias em geral, com predominância de insumos agropecuários;"G - Comércio; reparação de veículos";Sebastião Barros;Baixo-Alto;0,023;0,0;0,799
Comércio atacadista de mercadorias em geral, com predominância de insumos agropecuários;"G - Comércio; reparação de veículos";Sebastião Leal;Baixo-Alto;0,015;0,0;0,615
Comércio atacadista de mercadorias em geral, com predominância de insumos agropecuários;"G - Comércio; reparação de veículos";São Gonçalo do Gurguéia;Baixo-Alto;0,035;0,0;0,599
Comércio atacadista de mercadorias em geral, com predominância de produtos alimentícios;"G - Comércio; reparação de veículos";Agricolândia;Alto-Baixo;0,001;1,0;0,0
Comércio atacadista de mercadorias em geral, com predominância de produtos alimentícios;"G - Comércio; reparação de veículos";Altos;Alto-Baixo;0,001;633,0;0,0
Comércio atacadista de mercadorias em geral, com predominância de produtos alimentícios;"G - Comércio; reparação de veículos";Barras;Baixo-Alto;0,029;0,0;0,845
Comércio atacadista de mercadorias em geral, com predominância de produtos alimentícios;"G - Comércio; reparação de veículos";Bom Jesus;Alto-Baixo;0,001;94,0;0,0
Comércio atacadista de mercadorias em geral, com predominância de produtos alimentícios;"G - Comércio; reparação de veículos";Campo Maior;Baixo-Alto;0,011;0,0;0,934
Comércio atacadista de mercadorias em geral, com predominância de produtos alimentícios;"G - Comércio; reparação de veículos";Capitão de Campos;Baixo-Alto;0,009;0,0;1,31
Comércio atacadista de mercadorias em geral, com predominância de produtos alimentícios;"G - Comércio; reparação de veículos";Cocal de Telha;Alto-Baixo;0,001;17,0;0,0
Comércio atacadista de mercadorias em geral, com predominância de produtos alimentícios;"G - Comércio; reparação de veículos";Coivaras;Baixo-Alto;0,007;0,0;1,613
Comércio atacadista de mercadorias em geral, com predominância de produtos alimentícios;"G - Comércio; reparação de veículos";Corrente;Alto-Baixo;0,001;111,0;0,0
Comércio atacadista de mercadorias em geral, com predominância de produtos alimentícios;"G - Comércio; reparação de veículos";Cristalândia do Piauí;Baixo-Alto;0,014;0,0;2,359
Comércio atacadista de mercadorias em geral, com predominância de produtos alimentícios;"G - Comércio; reparação de veículos";Domingos Mourão;Baixo-Alto;0,034;0,0;1,242
Comércio atacadista de mercadorias em geral, com predominância de produtos alimentícios;"G - Comércio; reparação de veículos";Esperantina;Alto-Baixo;0,001;3,0;0,0
Comércio atacadista de mercadorias em geral, com predominância de produtos alimentícios;"G - Comércio; reparação de veículos";Jerumenha;Alto-Baixo;0,001;4,0;0,0
Comércio atacadista de mercadorias em geral, com predominância de produtos alimentícios;"G - Comércio; reparação de veículos";José de Freitas;Baixo-Alto;0,003;0,0;1,583
Comércio atacadista de mercadorias em geral, com predominância de produtos alimentícios;"G - Comércio; reparação de veículos";Lagoa de São Francisco;Baixo-Alto;0,014;0,0;2,485
Comércio atacadista de mercadorias em geral, com predominância de produtos alimentícios;"G - Comércio; reparação de veículos";Monte Alegre do Piauí;Baixo-Alto;0,046;0,0;1,138
Comércio atacadista de mercadorias em geral, com predominância de produtos alimentícios;"G - Comércio; reparação de veículos";Morro Cabeça no Tempo;Baixo-Alto;0,046;0,0;1,138
Comércio atacadista de mercadorias em geral, com predominância de produtos alimentícios;"G - Comércio; reparação de veículos";Nossa Senhora dos Remédios;Alto-Baixo;0,001;2,0;0,0
Comércio atacadista de mercadorias em geral, com predominância de produtos alimentícios;"G - Comércio; reparação de veículos";Pau D'Arco do Piauí;Baixo-Alto;0,018;0,0;1,191
Comércio atacadista de mercadorias em geral, com predominância de produtos alimentícios;"G - Comércio; reparação de veículos";Regeneração;Alto-Baixo;0,001;4,0;0,0
Comércio atacadista de mercadorias em geral, com predominância de produtos alimentícios;"G - Comércio; reparação de veículos";Sebastião Barros;Baixo-Alto;0,028;0,0;1,573
Comércio atacadista de mercadorias em geral, com predominância de produtos alimentícios;"G - Comércio; reparação de veículos";Simões;Alto-Baixo;0,001;63,0;0,0
Comércio atacadista de mercadorias em geral, com predominância de produtos alimentícios;"G - Comércio; reparação de veículos";São Gonçalo do Gurguéia;Baixo-Alto;0,038;0,0;1,18
Comércio atacadista de mercadorias em geral, com predominância de produtos alimentícios;"G - Comércio; reparação de veículos";Teresina;Baixo-Alto;0,01;0,0;1,019
Comércio atacadista de produtos alimentícios em geral;"G - Comércio; reparação de veículos";Belém do Piauí;Baixo-Alto;0,029;0,0;0,499
Comércio atacadista de produtos alimentícios em geral;"G - Comércio; reparação de veículos";Buriti dos Montes;Baixo-Alto;0,02;0,0;0,599
Comércio atacadista de produtos alimentícios em geral;"G - Comércio; reparação de veículos";Campo Maior;Alto-Baixo;0,001;5,0;0,0
Comércio atacadista de produtos alimentícios em geral;"G - Comércio; reparação de veículos";Caridade do Piauí;Baixo-Alto;0,019;0,0;0,599
Comércio atacadista de produtos alimentícios em geral;"G - Comércio; reparação de veículos";Castelo do Piauí;Alto-Baixo;0,001;19,0;0,0
Comércio atacadista de produtos alimentícios em geral;"G - Comércio; reparação de veículos";Corrente;Alto-Baixo;0,001;3,0;0,0
Comércio atacadista de produtos alimentícios em geral;"G - Comércio; reparação de veículos";Curral Novo do Piauí;Baixo-Alto;0,023;0,0;0,599
Comércio atacadista de produtos alimentícios em geral;"G - Comércio; reparação de veículos";Domingos Mourão;Baixo-Alto;0,04;0,0;0,641
Comércio atacadista de produtos alimentícios em geral;"G - Comércio; reparação de veículos";Floriano;Alto-Baixo;0,001;1,0;0,0
Comércio atacadista de produtos alimentícios em geral;"G - Comércio; reparação de veículos";Joca Marques;Baixo-Alto;0,041;0,0;0,896
Comércio atacadista de produtos alimentícios em geral;"G - Comércio; reparação de veículos";Juazeiro do Piauí;Baixo-Alto;0,013;0,0;0,749
Comércio atacadista de produtos alimentícios em geral;"G - Comércio; reparação de veículos";Lagoa de São Francisco;Baixo-Alto;0,021;0,0;1,282
Comércio atacadista de produtos alimentícios em geral;"G - Comércio; reparação de veículos";Luzilândia;Alto-Baixo;0,001;5,0;0,0
Comércio atacadista de produtos alimentícios em geral;"G - Comércio; reparação de veículos";Marcolândia;Baixo-Alto;0,009;0,0;0,749
Comércio atacadista de produtos alimentícios em geral;"G - Comércio; reparação de veículos";Massapê do Piauí;Baixo-Alto;0,017;0,0;0,599
Comércio atacadista de produtos alimentícios em geral;"G - Comércio; reparação de veículos";Monte Alegre do Piauí;Baixo-Alto;0,009;0,0;0,773
Comércio atacadista de produtos alimentícios em geral;"G - Comércio; reparação de veículos";Morro Cabeça no Tempo;Baixo-Alto;0,009;0,0;0,773
Comércio atacadista de produtos alimentícios em geral;"G - Comércio; reparação de veículos";Novo Santo Antônio;Baixo-Alto;0,002;0,0;0,957
Comércio atacadista de produtos alimentícios em geral;"G - Comércio; reparação de veículos";Padre Marcos;Baixo-Alto;0,023;0,0;0,499
Comércio atacadista de produtos alimentícios em geral;"G - Comércio; reparação de veículos";Pedro Laurentino;Baixo-Alto;0,011;0,0;0,717
Comércio atacadista de produtos alimentícios em geral;"G - Comércio; reparação de veículos";Piripiri;Alto-Baixo;0,001;12,0;0,0
Comércio atacadista de produtos alimentícios em geral;"G - Comércio; reparação de veículos";Sigefredo Pacheco;Baixo-Alto;0,007;0,0;0,798
Comércio atacadista de produtos alimentícios em geral;"G - Comércio; reparação de veículos";Simões;Alto-Baixo;0,001;19,0;0,0
Comércio atacadista de produtos alimentícios em geral;"G - Comércio; reparação de veículos";São João da Serra;Baixo-Alto;0,017;0,0;0,749
Comércio atacadista de produtos alimentícios em geral;"G - Comércio; reparação de veículos";São Miguel do Fidalgo;Baixo-Alto;0,026;0,0;0,597
Comércio atacadista de produtos alimentícios em geral;"G - Comércio; reparação de veículos";União;Alto-Baixo;0,001;2,0;0,0
Comércio atacadista de produtos de higiene, limpeza e conservação domiciliar;"G - Comércio; reparação de veículos";Aroeiras do Itaim;Baixo-Alto;0,04;0,0;0,439
Comércio atacadista de produtos de higiene, limpeza e conservação domiciliar;"G - Comércio; reparação de veículos";Cajueiro da Praia;Alto-Baixo;0,001;1,0;0,0
Comércio atacadista de produtos de higiene, limpeza e conservação domiciliar;"G - Comércio; reparação de veículos";Coivaras;Baixo-Alto;0,007;0,0;0,761
Comércio atacadista de produtos de higiene, limpeza e conservação domiciliar;"G - Comércio; reparação de veículos";Demerval Lobão;Alto-Baixo;0,001;1,0;0,0
Comércio atacadista de produtos de higiene, limpeza e conservação domiciliar;"G - Comércio; reparação de veículos";Dom Expedito Lopes;Baixo-Alto;0,041;0,0;0,549
Comércio atacadista de produtos de higiene, limpeza e conservação domiciliar;"G - Comércio; reparação de veículos";Esperantina;Alto-Baixo;0,001;2,0;0,0
Comércio atacadista de produtos de higiene, limpeza e conservação domiciliar;"G - Comércio; reparação de veículos";Floriano;Alto-Baixo;0,001;2,0;0,0
Comércio atacadista de produtos de higiene, limpeza e conservação domiciliar;"G - Comércio; reparação de veículos";Hugo Napoleão;Baixo-Alto;0,012;0,0;0,461
Comércio atacadista de produtos de higiene, limpeza e conservação domiciliar;"G - Comércio; reparação de veículos";Ilha Grande;Baixo-Alto;0,019;0,0;1,386
Comércio atacadista de produtos de higiene, limpeza e conservação domiciliar;"G - Comércio; reparação de veículos";José de Freitas;Baixo-Alto;0,012;0,0;0,507
Comércio atacadista de produtos de higiene, limpeza e conservação domiciliar;"G - Comércio; reparação de veículos";Lagoinha do Piauí;Baixo-Alto;0,012;0,0;0,461
Comércio atacadista de produtos de higiene, limpeza e conservação domiciliar;"G - Comércio; reparação de veículos";Luís Correia;Baixo-Alto;0,041;0,0;0,52
Comércio atacadista de produtos de higiene, limpeza e conservação domiciliar;"G - Comércio; reparação de veículos";Olho D'Água do Piauí;Baixo-Alto;0,049;0,0;0,329
Comércio atacadista de produtos de higiene, limpeza e conservação domiciliar;"G - Comércio; reparação de veículos";Paquetá;Baixo-Alto;0,034;0,0;0,439
Comércio atacadista de produtos de higiene, limpeza e conservação domiciliar;"G - Comércio; reparação de veículos";Parnaíba;Alto-Baixo;0,001;3,0;0,0
Comércio atacadista de produtos de higiene, limpeza e conservação domiciliar;"G - Comércio; reparação de veículos";Paulistana;Alto-Baixo;0,001;1,0;0,0
Comércio atacadista de produtos de higiene, limpeza e conservação domiciliar;"G - Comércio; reparação de veículos";Picos;Alto-Baixo;0,001;8,0;0,0
Comércio atacadista de produtos de higiene, limpeza e conservação domiciliar;"G - Comércio; reparação de veículos";Santana do Piauí;Baixo-Alto;0,043;0,0;0,549
Comércio atacadista de produtos de higiene, limpeza e conservação domiciliar;"G - Comércio; reparação de veículos";Sussuapara;Baixo-Alto;0,041;0,0;0,366
Comércio atacadista de produtos de higiene, limpeza e conservação domiciliar;"G - Comércio; reparação de veículos";São Gonçalo do Piauí;Baixo-Alto;0,021;0,0;0,384
Comércio atacadista de produtos de higiene, limpeza e conservação domiciliar;"G - Comércio; reparação de veículos";São Pedro do Piauí;Baixo-Alto;0,033;0,0;0,288
Comércio atacadista de produtos de higiene, limpeza e conservação domiciliar;"G - Comércio; reparação de veículos";Água Branca;Alto-Baixo;0,001;9,0;0,0
Comércio varejista de animais vivos e de artigos e alimentos para animais de estimação;"G - Comércio; reparação de veículos";Beneditinos;Alto-Alto;0,041;1,0;0,592
Comércio varejista de animais vivos e de artigos e alimentos para animais de estimação;"G - Comércio; reparação de veículos";Brasileira;Baixo-Alto;0,01;0,0;0,944
Comércio varejista de animais vivos e de artigos e alimentos para animais de estimação;"G - Comércio; reparação de veículos";Cabeceiras do Piauí;Baixo-Alto;0,044;0,0;0,576
Comércio varejista de animais vivos e de artigos e alimentos para animais de estimação;"G - Comércio; reparação de veículos";Cajueiro da Praia;Alto-Baixo;0,001;1,0;0,0
Comércio varejista de animais vivos e de artigos e alimentos para animais de estimação;"G - Comércio; reparação de veículos";Capitão de Campos;Baixo-Alto;0,03;0,0;0,623
Comércio varejista de animais vivos e de artigos e alimentos para animais de estimação;"G - Comércio; reparação de veículos";Cocal de Telha;Baixo-Alto;0,016;0,0;0,782
Comércio varejista de animais vivos e de artigos e alimentos para animais de estimação;"G - Comércio; reparação de veículos";Coivaras;Baixo-Alto;0,004;0,0;1,079
Comércio varejista de animais vivos e de artigos e alimentos para animais de estimação;"G - Comércio; reparação de veículos";Corrente;Alto-Baixo;0,001;6,0;0,0
Comércio varejista de animais vivos e de artigos e alimentos para animais de estimação;"G - Comércio; reparação de veículos";Cristalândia do Piauí;Baixo-Alto;0,027;0,0;0,973
Comércio varejista de animais vivos e de artigos e alimentos para animais de estimação;"G - Comércio; reparação de veículos";Cristino Castro;Alto-Baixo;0,001;1,0;0,0
Comércio varejista de animais vivos e de artigos e alimentos para animais de estimação;"G - Comércio; reparação de veículos";Domingos Mourão;Alto-Alto;0,006;1,0;1,108
Comércio varejista de animais vivos e de artigos e alimentos para animais de estimação;"G - Comércio; reparação de veículos";Gilbués;Alto-Baixo;0,001;1,0;0,0
Comércio varejista de animais vivos e de artigos e alimentos para animais de estimação;"G - Comércio; reparação de veículos";Inhuma;Baixo-Alto;0,038;0,0;0,575
Comércio varejista de animais vivos e de artigos e alimentos para animais de estimação;"G - Comércio; reparação de veículos";Jatobá do Piauí;Baixo-Alto;0,032;0,0;0,805
Comércio varejista de animais vivos e de artigos e alimentos para animais de estimação;"G - Comércio; reparação de veículos";José de Freitas;Baixo-Alto;0,03;0,0;0,652
Comércio varejista de animais vivos e de artigos e alimentos para animais de estimação;"G - Comércio; reparação de veículos";Lagoa Alegre;Alto-Baixo;0,001;1,0;0,0
Comércio varejista de animais vivos e de artigos e alimentos para animais de estimação;"G - Comércio; reparação de veículos";Lagoa de São Francisco;Baixo-Alto;0,002;0,0;1,869
Comércio varejista de animais vivos e de artigos e alimentos para animais de estimação;"G - Comércio; reparação de veículos";Lagoa do Piauí;Baixo-Alto;0,006;0,0;0,886
Comércio varejista de animais vivos e de artigos e alimentos para animais de estimação;"G - Comércio; reparação de veículos";Lagoinha do Piauí;Baixo-Alto;0,016;0,0;0,819
Comércio varejista de animais vivos e de artigos e alimentos para animais de estimação;"G - Comércio; reparação de veículos";Miguel Leão;Baixo-Alto;0,024;0,0;0,713
Comércio varejista de animais vivos e de artigos e alimentos para animais de estimação;"G - Comércio; reparação de veículos";Murici dos Portelas;Baixo-Alto;0,048;0,0;0,693
Comércio varejista de animais vivos e de artigos e alimentos para animais de estimação;"G - Comércio; reparação de veículos";Nazária;Alto-Baixo;0,001;1,0;0,0
Comércio varejista de animais vivos e de artigos e alimentos para animais de estimação;"G - Comércio; reparação de veículos";Nossa Senhora de Nazaré;Alto-Alto;0,028;1,0;0,805
Comércio varejista de animais vivos e de artigos e alimentos para animais de estimação;"G - Comércio; reparação de veículos";Novo Oriente do Piauí;Alto-Alto;0,044;1,0;0,666
Comércio varejista de animais vivos e de artigos e alimentos para animais de estimação;"G - Comércio; reparação de veículos";Novo Santo Antônio;Alto-Alto;0,002;1,0;1,083
Comércio varejista de animais vivos e de artigos e alimentos para animais de estimação;"G - Comércio; reparação de veículos";Palmeirais;Baixo-Alto;0,005;0,0;0,828
Comércio varejista de animais vivos e de artigos e alimentos para animais de estimação;"G - Comércio; reparação de veículos";Pau D'Arco do Piauí;Baixo-Alto;0,037;0,0;0,623
Comércio varejista de animais vivos e de artigos e alimentos para animais de estimação;"G - Comércio; reparação de veículos";Paulistana;Alto-Baixo;0,001;1,0;0,0
Comércio varejista de animais vivos e de artigos e alimentos para animais de estimação;"G - Comércio; reparação de veículos";Sigefredo Pacheco;Baixo-Alto;0,007;0,0;0,835
Comércio varejista de animais vivos e de artigos e alimentos para animais de estimação;"G - Comércio; reparação de veículos";Sussuapara;Alto-Baixo;0,001;6,0;0,0
Comércio varejista de animais vivos e de artigos e alimentos para animais de estimação;"G - Comércio; reparação de veículos";São Gonçalo do Piauí;Baixo-Alto;0,012;0,0;0,75
Comércio varejista de artigos de papelaria;"G - Comércio; reparação de veículos";Baixa Grande do Ribeiro;Alto-Baixo;0,001;2,0;0,0
Comércio varejista de artigos de papelaria;"G - Comércio; reparação de veículos";Batalha;Baixo-Alto;0,041;0,0;0,329
Comércio varejista de artigos de papelaria;"G - Comércio; reparação de veículos";Belém do Piauí;Baixo-Alto;0,011;0,0;0,414
Comércio varejista de artigos de papelaria;"G - Comércio; reparação de veículos";Boa Hora;Baixo-Alto;0,008;0,0;0,461
Comércio varejista de artigos de papelaria;"G - Comércio; reparação de veículos";Cabeceiras do Piauí;Baixo-Alto;0,044;0,0;0,288
Comércio varejista de artigos de papelaria;"G - Comércio; reparação de veículos";Cajazeiras do Piauí;Alto-Baixo;0,001;1,0;0,0
Comércio varejista de artigos de papelaria;"G - Comércio; reparação de veículos";Campo Largo do Piauí;Baixo-Alto;0,038;0,0;0,384
Comércio varejista de artigos de papelaria;"G - Comércio; reparação de veículos";Colônia do Piauí;Alto-Baixo;0,001;2,0;0,0
Comércio varejista de artigos de papelaria;"G - Comércio; reparação de veículos";Cristino Castro;Alto-Baixo;0,001;1,0;0,0
Comércio varejista de artigos de papelaria;"G - Comércio; reparação de veículos";Currais;Baixo-Alto;0,034;0,0;0,358
Comércio varejista de artigos de papelaria;"G - Comércio; reparação de veículos";Curral Novo do Piauí;Baixo-Alto;0,034;0,0;0,416
Comércio varejista de artigos de papelaria;"G - Comércio; reparação de veículos";Esperantina;Baixo-Alto;0,039;0,0;0,384
Comércio varejista de artigos de papelaria;"G - Comércio; reparação de veículos";Francisco Santos;Baixo-Alto;0,016;0,0;0,355
Comércio varejista de artigos de papelaria;"G - Comércio; reparação de veículos";Jaicós;Alto-Baixo;0,001;2,0;0,0
Comércio varejista de artigos de papelaria;"G - Comércio; reparação de veículos";Marcolândia;Baixo-Alto;0,031;0,0;0,347
Comércio varejista de artigos de papelaria;"G - Comércio; reparação de veículos";Massapê do Piauí;Baixo-Alto;0,011;0,0;0,497
Comércio varejista de artigos de papelaria;"G - Comércio; reparação de veículos";Miguel Alves;Baixo-Alto;0,04;0,0;0,384
Comércio varejista de artigos de papelaria;"G - Comércio; reparação de veículos";Monsenhor Gil;Alto-Baixo;0,001;1,0;0,0
Comércio varejista de artigos de papelaria;"G - Comércio; reparação de veículos";Nossa Senhora dos Remédios;Baixo-Alto;0,008;0,0;0,576
Comércio varejista de artigos de papelaria;"G - Comércio; reparação de veículos";Padre Marcos;Baixo-Alto;0,049;0,0;0,231
Comércio varejista de artigos de papelaria;"G - Comércio; reparação de veículos";Palmeira do Piauí;Baixo-Alto;0,049;0,0;0,299
Comércio varejista de artigos de papelaria;"G - Comércio; reparação de veículos";Paulistana;Alto-Baixo;0,001;1,0;0,0
Comércio varejista de artigos de papelaria;"G - Comércio; reparação de veículos";Piripiri;Baixo-Alto;0,046;0,0;0,288
Comércio varejista de artigos de papelaria;"G - Comércio; reparação de veículos";Simões;Alto-Baixo;0,001;3,0;0,0
Comércio varejista de artigos de papelaria;"G - Comércio; reparação de veículos";São Lourenço do Piauí;Alto-Baixo;0,001;1,0;0,0
Comércio varejista de artigos de papelaria;"G - Comércio; reparação de veículos";São Pedro do Piauí;Alto-Baixo;0,001;1,0;0,0
Comércio varejista de artigos de óptica;"G - Comércio; reparação de veículos";Acauã;Alto-Alto;0,047;2,0;0,597
Comércio varejista de artigos de óptica;"G - Comércio; reparação de veículos";Bom Princípio do Piauí;Baixo-Alto;0,002;0,0;1,006
Comércio varejista de artigos de óptica;"G - Comércio; reparação de veículos";Cabeceiras do Piauí;Baixo-Alto;0,015;0,0;0,548
Comércio varejista de artigos de óptica;"G - Comércio; reparação de veículos";Caraúbas do Piauí;Baixo-Alto;0,005;0,0;0,786
Comércio varejista de artigos de óptica;"G - Comércio; reparação de veículos";Cocal dos Alves;Baixo-Alto;0,013;0,0;0,88
Comércio varejista de artigos de óptica;"G - Comércio; reparação de veículos";Francisco Santos;Baixo-Alto;0,047;0,0;0,435
Comércio varejista de artigos de óptica;"G - Comércio; reparação de veículos";Inhuma;Alto-Baixo;0,001;3,0;0,0
Comércio varejista de artigos de óptica;"G - Comércio; reparação de veículos";Joaquim Pires;Alto-Baixo;0,001;1,0;0,0
Comércio varejista de artigos de óptica;"G - Comércio; reparação de veículos";Lagoa do Barro do Piauí;Alto-Alto;0,033;1,0;0,578
Comércio varejista de artigos de óptica;"G - Comércio; reparação de veículos";Lagoa do Sítio;Baixo-Alto;0,04;0,0;0,621
Comércio varejista de artigos de óptica;"G - Comércio; reparação de veículos";Luzilândia;Baixo-Alto;0,018;0,0;0,578
Comércio varejista de artigos de óptica;"G - Comércio; reparação de veículos";Luís Correia;Baixo-Alto;0,004;0,0;0,934
Comércio varejista de artigos de óptica;"G - Comércio; reparação de veículos";Madeiro;Baixo-Alto;0,045;0,0;0,693
Comércio varejista de artigos de óptica;"G - Comércio; reparação de veículos";Monsenhor Gil;Alto-Baixo;0,001;1,0;0,0
Comércio varejista de artigos de óptica;"G - Comércio; reparação de veículos";Monsenhor Hipólito;Baixo-Alto;0,023;0,0;0,609
Comércio varejista de artigos de óptica;"G - Comércio; reparação de veículos";Murici dos Portelas;Baixo-Alto;0,049;0,0;0,693
Comércio varejista de artigos de óptica;"G - Comércio; reparação de veículos";Paulistana;Baixo-Alto;0,047;0,0;0,482
Comércio varejista de artigos de óptica;"G - Comércio; reparação de veículos";União;Baixo-Alto;0,005;0,0;0,922
Comércio varejista de artigos do vestuário e acessórios;"G - Comércio; reparação de veículos";Alagoinha do Piauí;Baixo-Alto;0,002;0,0;0,981
Comércio varejista de artigos do vestuário e acessórios;"G - Comércio; reparação de veículos";Cajueiro da Praia;Alto-Baixo;0,001;7,0;0,0
Comércio varejista de artigos do vestuário e acessórios;"G - Comércio; reparação de veículos";Campo Grande do Piauí;Alto-Baixo;0,001;4,0;0,0
Comércio varejista de artigos do vestuário e acessórios;"G - Comércio; reparação de veículos";Cristino Castro;Alto-Baixo;0,001;4,0;0,0
Comércio varejista de artigos do vestuário e acessórios;"G - Comércio; reparação de veículos";Francinópolis;Alto-Baixo;0,001;1,0;0,0
Comércio varejista de artigos do vestuário e acessórios;"G - Comércio; reparação de veículos";Francisco Santos;Baixo-Alto;0,019;0,0;0,643
Comércio varejista de artigos do vestuário e acessórios;"G - Comércio; reparação de veículos";Fronteiras;Baixo-Alto;0,02;0,0;0,824
Comércio varejista de artigos do vestuário e acessórios;"G - Comércio; reparação de veículos";Lagoa do Barro do Piauí;Baixo-Alto;0,021;0,0;0,738
Comércio varejista de artigos do vestuário e acessórios;"G - Comércio; reparação de veículos";Monsenhor Hipólito;Baixo-Alto;0,015;0,0;0,761
Comércio varejista de artigos do vestuário e acessórios;"G - Comércio; reparação de veículos";Paes Landim;Alto-Baixo;0,001;4,0;0,0
Comércio varejista de artigos do vestuário e acessórios;"G - Comércio; reparação de veículos";Parnaguá;Alto-Baixo;0,001;1,0;0,0
Comércio varejista de artigos do vestuário e acessórios;"G - Comércio; reparação de veículos";Queimada Nova;Alto-Baixo;0,001;4,0;0,0
Comércio varejista de artigos do vestuário e acessórios;"G - Comércio; reparação de veículos";Redenção do Gurguéia;Alto-Baixo;0,001;1,0;0,0
Comércio varejista de artigos do vestuário e acessórios;"G - Comércio; reparação de veículos";Ribeiro Gonçalves;Alto-Baixo;0,001;7,0;0,0
Comércio varejista de artigos do vestuário e acessórios;"G - Comércio; reparação de veículos";São Francisco de Assis do Piauí;Baixo-Alto;0,03;0,0;0,626
Comércio varejista de artigos do vestuário e acessórios;"G - Comércio; reparação de veículos";São João da Serra;Alto-Baixo;0,001;3,0;0,0
Comércio varejista de artigos do vestuário e acessórios;"G - Comércio; reparação de veículos";São João do Arraial;Alto-Baixo;0,001;5,0;0,0
Comércio varejista de bebidas;"G - Comércio; reparação de veículos";Agricolândia;Alto-Baixo;0,001;1,0;0,0
Comércio varejista de bebidas;"G - Comércio; reparação de veículos";Alto Longá;Alto-Baixo;0,001;1,0;0,0
Comércio varejista de bebidas;"G - Comércio; reparação de veículos";Barreiras do Piauí;Baixo-Alto;0,031;0,0;0,805
Comércio varejista de bebidas;"G - Comércio; reparação de veículos";Bom Jesus;Baixo-Alto;0,021;0,0;0,489
Comércio varejista de bebidas;"G - Comércio; reparação de veículos";Boqueirão do Piauí;Alto-Baixo;0,001;1,0;0,0
Comércio varejista de bebidas;"G - Comércio; reparação de veículos";Cajueiro da Praia;Baixo-Alto;0,003;0,0;2,197
Comércio varejista de bebidas;"G - Comércio; reparação de veículos";Capitão Gervásio Oliveira;Alto-Baixo;0,001;1,0;0,0
Comércio varejista de bebidas;"G - Comércio; reparação de veículos";Cristino Castro;Alto-Baixo;0,001;1,0;0,0
Comércio varejista de bebidas;"G - Comércio; reparação de veículos";Currais;Baixo-Alto;0,024;0,0;0,599
Comércio varejista de bebidas;"G - Comércio; reparação de veículos";Floriano;Baixo-Alto;0,033;0,0;0,53
Comércio varejista de bebidas;"G - Comércio; reparação de veículos";Guadalupe;Baixo-Alto;0,047;0,0;0,597
Comércio varejista de bebidas;"G - Comércio; reparação de veículos";Lagoa Alegre;Alto-Baixo;0,001;2,0;0,0
Comércio varejista de bebidas;"G - Comércio; reparação de veículos";Luís Correia;Alto-Baixo;0,001;8,0;0,0
Comércio varejista de bebidas;"G - Comércio; reparação de veículos";Novo Oriente do Piauí;Alto-Baixo;0,001;1,0;0,0
Comércio varejista de bebidas;"G - Comércio; reparação de veículos";Palmeira do Piauí;Baixo-Alto;0,025;0,0;0,499
Comércio varejista de bebidas;"G - Comércio; reparação de veículos";Parnaguá;Alto-Baixo;0,001;4,0;0,0
Comércio varejista de bebidas;"G - Comércio; reparação de veículos";Riacho Frio;Baixo-Alto;0,043;0,0;0,46
Comércio varejista de bebidas;"G - Comércio; reparação de veículos";Ribeiro Gonçalves;Alto-Alto;0,032;1,0;0,768
Comércio varejista de bebidas;"G - Comércio; reparação de veículos";Santa Filomena;Baixo-Alto;0,001;0,0;1,535
Comércio varejista de bebidas;"G - Comércio; reparação de veículos";Uruçuí;Baixo-Alto;0,017;0,0;0,527
Comércio varejista de bicicletas e triciclos, peças e acessórios;"G - Comércio; reparação de veículos";Alagoinha do Piauí;Baixo-Alto;0,014;0,0;0,277
Comércio varejista de bicicletas e triciclos, peças e acessórios;"G - Comércio; reparação de veículos";Antônio Almeida;Baixo-Alto;0,045;0,0;0,275
Comércio varejista de bicicletas e triciclos, peças e acessórios;"G - Comércio; reparação de veículos";Aroazes;Alto-Baixo;0,001;1,0;0,0
Comércio varejista de bicicletas e triciclos, peças e acessórios;"G - Comércio; reparação de veículos";Aroeiras do Itaim;Baixo-Alto;0,017;0,0;0,277
Comércio varejista de bicicletas e triciclos, peças e acessórios;"G - Comércio; reparação de veículos";Campo Maior;Baixo-Alto;0,017;0,0;0,22
Comércio varejista de bicicletas e triciclos, peças e acessórios;"G - Comércio; reparação de veículos";Coivaras;Baixo-Alto;0,045;0,0;0,275
Comércio varejista de bicicletas e triciclos, peças e acessórios;"G - Comércio; reparação de veículos";Dom Expedito Lopes;Baixo-Alto;0,014;0,0;0,347
Comércio varejista de bicicletas e triciclos, peças e acessórios;"G - Comércio; reparação de veículos";Francisco Santos;Baixo-Alto;0,031;0,0;0,198
Comércio varejista de bicicletas e triciclos, peças e acessórios;"G - Comércio; reparação de veículos";Fronteiras;Baixo-Alto;0,014;0,0;0,347
Comércio varejista de bicicletas e triciclos, peças e acessórios;"G - Comércio; reparação de veículos";Geminiano;Baixo-Alto;0,031;0,0;0,198
Comércio varejista de bicicletas e triciclos, peças e acessórios;"G - Comércio; reparação de veículos";Ipiranga do Piauí;Baixo-Alto;0,031;0,0;0,198
Comércio varejista de bicicletas e triciclos, peças e acessórios;"G - Comércio; reparação de veículos";José de Freitas;Alto-Alto;0,011;2,0;0,299
Comércio varejista de bicicletas e triciclos, peças e acessórios;"G - Comércio; reparação de veículos";Lagoa Alegre;Baixo-Alto;0,008;0,0;0,448
Comércio varejista de bicicletas e triciclos, peças e acessórios;"G - Comércio; reparação de veículos";Marcos Parente;Alto-Baixo;0,001;1,0;0,0
Comércio varejista de bicicletas e triciclos, peças e acessórios;"G - Comércio; reparação de veículos";Monsenhor Hipólito;Baixo-Alto;0,016;0,0;0,277
Comércio varejista de bicicletas e triciclos, peças e acessórios;"G - Comércio; reparação de veículos";Paquetá;Baixo-Alto;0,016;0,0;0,277
Comércio varejista de bicicletas e triciclos, peças e acessórios;"G - Comércio; reparação de veículos";Picos;Alto-Baixo;0,001;3,0;0,0
Comércio varejista de bicicletas e triciclos, peças e acessórios;"G - Comércio; reparação de veículos";Pimenteiras;Baixo-Alto;0,045;0,0;0,189
Comércio varejista de bicicletas e triciclos, peças e acessórios;"G - Comércio; reparação de veículos";Pio IX;Alto-Baixo;0,001;3,0;0,0
Comércio varejista de bicicletas e triciclos, peças e acessórios;"G - Comércio; reparação de veículos";Ribeiro Gonçalves;Baixo-Alto;0,03;0,0;0,366
Comércio varejista de bicicletas e triciclos, peças e acessórios;"G - Comércio; reparação de veículos";Santana do Piauí;Baixo-Alto;0,013;0,0;0,347
Comércio varejista de bicicletas e triciclos, peças e acessórios;"G - Comércio; reparação de veículos";Sussuapara;Baixo-Alto;0,023;0,0;0,231
Comércio varejista de bicicletas e triciclos, peças e acessórios;"G - Comércio; reparação de veículos";São Julião;Baixo-Alto;0,02;0,0;0,277
Comércio varejista de bicicletas e triciclos, peças e acessórios;"G - Comércio; reparação de veículos";Teresina;Baixo-Alto;0,006;0,0;0,289
Comércio varejista de bicicletas e triciclos, peças e acessórios;"G - Comércio; reparação de veículos";União;Alto-Alto;0,039;1,0;0,275
Comércio varejista de bicicletas e triciclos, peças e acessórios;"G - Comércio; reparação de veículos";Uruçuí;Alto-Baixo;0,001;2,0;0,0
Comércio varejista de bicicletas e triciclos, peças e acessórios;"G - Comércio; reparação de veículos";Água Branca;Alto-Baixo;0,001;1,0;0,0
Comércio varejista de cal, areia, pedra britada, tijolos e telhas;"G - Comércio; reparação de veículos";Aroeiras do Itaim;Baixo-Alto;0,004;0,0;0,542
Comércio varejista de cal, areia, pedra britada, tijolos e telhas;"G - Comércio; reparação de veículos";Bom Jesus;Alto-Baixo;0,001;1,0;0,0
Comércio varejista de cal, areia, pedra britada, tijolos e telhas;"G - Comércio; reparação de veículos";Cajueiro da Praia;Baixo-Alto;0,019;0,0;0,693
Comércio varejista de cal, areia, pedra britada, tijolos e telhas;"G - Comércio; reparação de veículos";Dom Expedito Lopes;Alto-Alto;0,016;1,0;0,677
Comércio varejista de cal, areia, pedra britada, tijolos e telhas;"G - Comércio; reparação de veículos";Geminiano;Baixo-Alto;0,025;0,0;0,387
Comércio varejista de cal, areia, pedra britada, tijolos e telhas;"G - Comércio; reparação de veículos";Ipiranga do Piauí;Baixo-Alto;0,001;0,0;0,643
Comércio varejista de cal, areia, pedra britada, tijolos e telhas;"G - Comércio; reparação de veículos";Itaueira;Baixo-Alto;0,036;0,0;0,256
Comércio varejista de cal, areia, pedra britada, tijolos e telhas;"G - Comércio; reparação de veículos";Jerumenha;Alto-Alto;0,007;1,0;0,482
Comércio varejista de cal, areia, pedra britada, tijolos e telhas;"G - Comércio; reparação de veículos";Lagoa de São Francisco;Baixo-Alto;0,034;0,0;0,347
Comércio varejista de cal, areia, pedra britada, tijolos e telhas;"G - Comércio; reparação de veículos";Lagoinha do Piauí;Alto-Baixo;0,001;1,0;0,0
Comércio varejista de cal, areia, pedra britada, tijolos e telhas;"G - Comércio; reparação de veículos";Luís Correia;Alto-Baixo;0,001;1,0;0,0
Comércio varejista de cal, areia, pedra britada, tijolos e telhas;"G - Comércio; reparação de veículos";Marcos Parente;Baixo-Alto;0,017;0,0;0,621
Comércio varejista de cal, areia, pedra britada, tijolos e telhas;"G - Comércio; reparação de veículos";Nazaré do Piauí;Baixo-Alto;0,032;0,0;0,314
Comércio varejista de cal, areia, pedra britada, tijolos e telhas;"G - Comércio; reparação de veículos";Oeiras;Alto-Baixo;0,001;2,0;0,0
Comércio varejista de cal, areia, pedra britada, tijolos e telhas;"G - Comércio; reparação de veículos";Paquetá;Baixo-Alto;0,005;0,0;0,68
Comércio varejista de cal, areia, pedra britada, tijolos e telhas;"G - Comércio; reparação de veículos";Piripiri;Alto-Baixo;0,001;1,0;0,0
Comércio varejista de cal, areia, pedra britada, tijolos e telhas;"G - Comércio; reparação de veículos";Porto Alegre do Piauí;Baixo-Alto;0,019;0,0;0,448
Comércio varejista de cal, areia, pedra britada, tijolos e telhas;"G - Comércio; reparação de veículos";Santa Cruz dos Milagres;Alto-Baixo;0,001;1,0;0,0
Comércio varejista de cal, areia, pedra britada, tijolos e telhas;"G - Comércio; reparação de veículos";Santa Rosa do Piauí;Baixo-Alto;0,045;0,0;0,366
Comércio varejista de cal, areia, pedra britada, tijolos e telhas;"G - Comércio; reparação de veículos";Santana do Piauí;Baixo-Alto;0,017;0,0;0,677
Comércio varejista de cal, areia, pedra britada, tijolos e telhas;"G - Comércio; reparação de veículos";Sussuapara;Baixo-Alto;0,015;0,0;0,451
Comércio varejista de cal, areia, pedra britada, tijolos e telhas;"G - Comércio; reparação de veículos";São João da Varjota;Baixo-Alto;0,025;0,0;0,358
Comércio varejista de calçados;"G - Comércio; reparação de veículos";Barras;Baixo-Alto;0,005;0,0;0,484
Comércio varejista de calçados;"G - Comércio; reparação de veículos";Batalha;Alto-Baixo;0,001;2,0;0,0
Comércio varejista de calçados;"G - Comércio; reparação de veículos";Betânia do Piauí;Baixo-Alto;0,043;0,0;0,536
Comércio varejista de calçados;"G - Comércio; reparação de veículos";Cabeceiras do Piauí;Baixo-Alto;0,002;0,0;0,571
Comércio varejista de calçados;"G - Comércio; reparação de veículos";Cajueiro da Praia;Alto-Baixo;0,001;2,0;0,0
Comércio varejista de calçados;"G - Comércio; reparação de veículos";Jacobina do Piauí;Baixo-Alto;0,019;0,0;0,451
Comércio varejista de calçados;"G - Comércio; reparação de veículos";Lagoa Alegre;Alto-Alto;0,034;5,0;0,52
Comércio varejista de calçados;"G - Comércio; reparação de veículos";Nossa Senhora dos Remédios;Baixo-Alto;0,009;0,0;0,52
Comércio varejista de calçados;"G - Comércio; reparação de veículos";Paulistana;Baixo-Alto;0,016;0,0;0,451
Comércio varejista de calçados;"G - Comércio; reparação de veículos";Porto;Baixo-Alto;0,018;0,0;0,693
Comércio varejista de calçados;"G - Comércio; reparação de veículos";Queimada Nova;Alto-Baixo;0,001;2,0;0,0
Comércio varejista de calçados;"G - Comércio; reparação de veículos";Santa Cruz do Piauí;Alto-Baixo;0,001;1,0;0,0
Comércio varejista de calçados;"G - Comércio; reparação de veículos";Simões;Baixo-Alto;0,019;0,0;0,451
Comércio varejista de calçados;"G - Comércio; reparação de veículos";União;Baixo-Alto;0,002;0,0;0,968
Comércio varejista de carnes - açougues;"G - Comércio; reparação de veículos";Anísio de Abreu;Alto-Baixo;0,001;2,0;0,0
Comércio varejista de carnes - açougues;"G - Comércio; reparação de veículos";Barreiras do Piauí;Baixo-Alto;0,024;0,0;0,973
Comércio varejista de carnes - açougues;"G - Comércio; reparação de veículos";Bom Princípio do Piauí;Alto-Baixo;0,001;3,0;0,0
Comércio varejista de carnes - açougues;"G - Comércio; reparação de veículos";Bonfim do Piauí;Baixo-Alto;0,013;0,0;0,761
Comércio varejista de carnes - açougues;"G - Comércio; reparação de veículos";Brasileira;Alto-Baixo;0,001;1,0;0,0
Comércio varejista de carnes - açougues;"G - Comércio; reparação de veículos";Cajueiro da Praia;Alto-Baixo;0,001;2,0;0,0
Comércio varejista de carnes - açougues;"G - Comércio; reparação de veículos";Canto do Buriti;Alto-Baixo;0,001;1,0;0,0
Comércio varejista de carnes - açougues;"G - Comércio; reparação de veículos";Capitão de Campos;Alto-Baixo;0,001;2,0;0,0
Comércio varejista de carnes - açougues;"G - Comércio; reparação de veículos";Corrente;Alto-Baixo;0,001;4,0;0,0
Comércio varejista de carnes - açougues;"G - Comércio; reparação de veículos";Cristalândia do Piauí;Baixo-Alto;0,048;0,0;0,805
Comércio varejista de carnes - açougues;"G - Comércio; reparação de veículos";Curimatá;Alto-Baixo;0,001;1,0;0,0
Comércio varejista de carnes - açougues;"G - Comércio; reparação de veículos";Fartura do Piauí;Baixo-Alto;0,045;0,0;0,649
Comércio varejista de carnes - açougues;"G - Comércio; reparação de veículos";Floriano;Baixo-Alto;0,035;0,0;0,462
Comércio varejista de carnes - açougues;"G - Comércio; reparação de veículos";Gilbués;Alto-Baixo;0,001;6,0;0,0
Comércio varejista de carnes - açougues;"G - Comércio; reparação de veículos";Jardim do Mulato;Alto-Alto;0,046;1,0;0,454
Comércio varejista de carnes - açougues;"G - Comércio; reparação de veículos";Joca Marques;Alto-Baixo;0,001;2,0;0,0
Comércio varejista de carnes - açougues;"G - Comércio; reparação de veículos";Lagoa do Piauí;Baixo-Alto;0,049;0,0;0,497
Comércio varejista de carnes - açougues;"G - Comércio; reparação de veículos";Landri Sales;Alto-Baixo;0,001;1,0;0,0
Comércio varejista de carnes - açougues;"G - Comércio; reparação de veículos";Luís Correia;Baixo-Alto;0,032;0,0;0,621
Comércio varejista de carnes - açougues;"G - Comércio; reparação de veículos";Manoel Emídio;Alto-Baixo;0,001;1,0;0,0
Comércio varejista de carnes - açougues;"G - Comércio; reparação de veículos";Marcolândia;Alto-Baixo;0,001;1,0;0,0
Comércio varejista de carnes - açougues;"G - Comércio; reparação de veículos";Olho D'Água do Piauí;Baixo-Alto;0,039;0,0;0,454
Comércio varejista de carnes - açougues;"G - Comércio; reparação de veículos";Palmeirais;Baixo-Alto;0,01;0,0;0,645
Comércio varejista de carnes - açougues;"G - Comércio; reparação de veículos";Passagem Franca do Piauí;Baixo-Alto;0,007;0,0;0,571
Comércio varejista de carnes - açougues;"G - Comércio; reparação de veículos";Porto;Alto-Baixo;0,001;3,0;0,0
Comércio varejista de carnes - açougues;"G - Comércio; reparação de veículos";Regeneração;Baixo-Alto;0,005;0,0;0,652
Comércio varejista de carnes - açougues;"G - Comércio; reparação de veículos";Riacho Frio;Baixo-Alto;0,009;0,0;0,607
Comércio varejista de carnes - açougues;"G - Comércio; reparação de veículos";Santa Filomena;Baixo-Alto;0,039;0,0;0,649
Comércio varejista de carnes - açougues;"G - Comércio; reparação de veículos";Santo Antônio dos Milagres;Baixo-Alto;0,014;0,0;0,828
Comércio varejista de carnes - açougues;"G - Comércio; reparação de veículos";São Braz do Piauí;Baixo-Alto;0,01;0,0;0,609
Comércio varejista de carnes - açougues;"G - Comércio; reparação de veículos";São Gonçalo do Gurguéia;Baixo-Alto;0,003;0,0;0,889
Comércio varejista de carnes - açougues;"G - Comércio; reparação de veículos";São Gonçalo do Piauí;Baixo-Alto;0,001;0,0;0,761
Comércio varejista de carnes - açougues;"G - Comércio; reparação de veículos";São Lourenço do Piauí;Baixo-Alto;0,038;0,0;0,649
Comércio varejista de carnes - açougues;"G - Comércio; reparação de veículos";São Raimundo Nonato;Alto-Baixo;0,001;6,0;0,0
Comércio varejista de carnes - açougues;"G - Comércio; reparação de veículos";Várzea Branca;Baixo-Alto;0,008;0,0;0,761
Comércio varejista de combustíveis para veículos automotores;"G - Comércio; reparação de veículos";Alagoinha do Piauí;Alto-Baixo;0,001;1,0;0,0
Comércio varejista de combustíveis para veículos automotores;"G - Comércio; reparação de veículos";Barreiras do Piauí;Alto-Baixo;0,001;6,0;0,0
Comércio varejista de combustíveis para veículos automotores;"G - Comércio; reparação de veículos";Barro Duro;Alto-Alto;0,005;12,0;2,156
Comércio varejista de combustíveis para veículos automotores;"G - Comércio; reparação de veículos";Belém do Piauí;Alto-Baixo;0,001;2,0;0,0
Comércio varejista de combustíveis para veículos automotores;"G - Comércio; reparação de veículos";Beneditinos;Alto-Alto;0,009;7,0;1,337
Comércio varejista de combustíveis para veículos automotores;"G - Comércio; reparação de veículos";Cajueiro da Praia;Alto-Baixo;0,001;11,0;0,0
Comércio varejista de combustíveis para veículos automotores;"G - Comércio; reparação de veículos";Campo Alegre do Fidalgo;Alto-Baixo;0,001;4,0;0,0
Comércio varejista de combustíveis para veículos automotores;"G - Comércio; reparação de veículos";Campo Maior;Baixo-Alto;0,049;0,0;0,974
Comércio varejista de combustíveis para veículos automotores;"G - Comércio; reparação de veículos";Cocal dos Alves;Alto-Baixo;0,001;4,0;0,0
Comércio varejista de combustíveis para veículos automotores;"G - Comércio; reparação de veículos";Domingos Mourão;Alto-Baixo;0,001;3,0;0,0
Comércio varejista de combustíveis para veículos automotores;"G - Comércio; reparação de veículos";Francinópolis;Alto-Baixo;0,001;4,0;0,0
Comércio varejista de combustíveis para veículos automotores;"G - Comércio; reparação de veículos";Itaueira;Baixo-Alto;0,003;0,0;1,478
Comércio varejista de combustíveis para veículos automotores;"G - Comércio; reparação de veículos";João Costa;Alto-Baixo;0,001;1,0;0,0
Comércio varejista de combustíveis para veículos automotores;"G - Comércio; reparação de veículos";Lagoa Alegre;Alto-Baixo;0,001;14,0;0,0
Comércio varejista de combustíveis para veículos automotores;"G - Comércio; reparação de veículos";Landri Sales;Alto-Alto;0,008;3,0;1,395
Comércio varejista de combustíveis para veículos automotores;"G - Comércio; reparação de veículos";Madeiro;Alto-Baixo;0,001;1,0;0,0
Comércio varejista de combustíveis para veículos automotores;"G - Comércio; reparação de veículos";Miguel Leão;Baixo-Alto;0,012;0,0;1,368
Comércio varejista de combustíveis para veículos automotores;"G - Comércio; reparação de veículos";Nazária;Alto-Baixo;0,001;12,0;0,0
Comércio varejista de combustíveis para veículos automotores;"G - Comércio; reparação de veículos";Nossa Senhora de Nazaré;Alto-Baixo;0,001;2,0;0,0
Comércio varejista de combustíveis para veículos automotores;"G - Comércio; reparação de veículos";Olho D'Água do Piauí;Baixo-Alto;0,001;0,0;1,875
Comércio varejista de combustíveis para veículos automotores;"G - Comércio; reparação de veículos";Passagem Franca do Piauí;Alto-Alto;0,014;13,0;1,196
Comércio varejista de combustíveis para veículos automotores;"G - Comércio; reparação de veículos";Santa Filomena;Alto-Baixo;0,001;3,0;0,0
Comércio varejista de combustíveis para veículos automotores;"G - Comércio; reparação de veículos";Santa Rosa do Piauí;Alto-Baixo;0,001;6,0;0,0
Comércio varejista de combustíveis para veículos automotores;"G - Comércio; reparação de veículos";Sebastião Barros;Alto-Baixo;0,001;2,0;0,0
Comércio varejista de combustíveis para veículos automotores;"G - Comércio; reparação de veículos";São Félix do Piauí;Alto-Baixo;0,001;5,0;0,0
Comércio varejista de combustíveis para veículos automotores;"G - Comércio; reparação de veículos";São Miguel da Baixa Grande;Baixo-Alto;0,013;0,0;1,451
Comércio varejista de combustíveis para veículos automotores;"G - Comércio; reparação de veículos";Tamboril do Piauí;Alto-Baixo;0,001;4,0;0,0
Comércio varejista de combustíveis para veículos automotores;"G - Comércio; reparação de veículos";Várzea Branca;Alto-Baixo;0,001;1,0;0,0
Comércio varejista de cosméticos, produtos de perfumaria e de higiene pessoal;"G - Comércio; reparação de veículos";Altos;Baixo-Alto;0,044;0,0;0,277
Comércio varejista de cosméticos, produtos de perfumaria e de higiene pessoal;"G - Comércio; reparação de veículos";Baixa Grande do Ribeiro;Alto-Baixo;0,001;1,0;0,0
Comércio varejista de cosméticos, produtos de perfumaria e de higiene pessoal;"G - Comércio; reparação de veículos";Bom Princípio do Piauí;Baixo-Alto;0,002;0,0;0,833
Comércio varejista de cosméticos, produtos de perfumaria e de higiene pessoal;"G - Comércio; reparação de veículos";Cajueiro da Praia;Alto-Alto;0,005;1,0;1,386
Comércio varejista de cosméticos, produtos de perfumaria e de higiene pessoal;"G - Comércio; reparação de veículos";Cocal dos Alves;Baixo-Alto;0,012;0,0;0,649
Comércio varejista de cosméticos, produtos de perfumaria e de higiene pessoal;"G - Comércio; reparação de veículos";Ipiranga do Piauí;Baixo-Alto;0,029;0,0;0,278
Comércio varejista de cosméticos, produtos de perfumaria e de higiene pessoal;"G - Comércio; reparação de veículos";José de Freitas;Alto-Baixo;0,001;3,0;0,0
Comércio varejista de cosméticos, produtos de perfumaria e de higiene pessoal;"G - Comércio; reparação de veículos";Lagoa Alegre;Baixo-Alto;0,036;0,0;0,347
Comércio varejista de cosméticos, produtos de perfumaria e de higiene pessoal;"G - Comércio; reparação de veículos";Lagoa do Piauí;Baixo-Alto;0,048;0,0;0,358
Comércio varejista de cosméticos, produtos de perfumaria e de higiene pessoal;"G - Comércio; reparação de veículos";Luís Correia;Alto-Alto;0,003;3,0;0,66
Comércio varejista de cosméticos, produtos de perfumaria e de higiene pessoal;"G - Comércio; reparação de veículos";Matias Olímpio;Alto-Baixo;0,001;1,0;0,0
Comércio varejista de cosméticos, produtos de perfumaria e de higiene pessoal;"G - Comércio; reparação de veículos";Paquetá;Baixo-Alto;0,023;0,0;0,389
Comércio varejista de cosméticos, produtos de perfumaria e de higiene pessoal;"G - Comércio; reparação de veículos";Parnaíba;Baixo-Alto;0,037;0,0;0,347
Comércio varejista de cosméticos, produtos de perfumaria e de higiene pessoal;"G - Comércio; reparação de veículos";Picos;Baixo-Alto;0,025;0,0;0,278
Comércio varejista de cosméticos, produtos de perfumaria e de higiene pessoal;"G - Comércio; reparação de veículos";Piracuruca;Baixo-Alto;0,006;0,0;0,435
Comércio varejista de cosméticos, produtos de perfumaria e de higiene pessoal;"G - Comércio; reparação de veículos";Queimada Nova;Alto-Baixo;0,001;1,0;0,0
Comércio varejista de cosméticos, produtos de perfumaria e de higiene pessoal;"G - Comércio; reparação de veículos";São João da Varjota;Baixo-Alto;0,024;0,0;0,389
Comércio varejista de cosméticos, produtos de perfumaria e de higiene pessoal;"G - Comércio; reparação de veículos";Teresina;Baixo-Alto;0,046;0,0;0,248
Comércio varejista de cosméticos, produtos de perfumaria e de higiene pessoal;"G - Comércio; reparação de veículos";União;Baixo-Alto;0,037;0,0;0,347
Comércio varejista de doces, balas, bombons e semelhantes;"G - Comércio; reparação de veículos";Altos;Alto-Alto;0,031;1,0;0,636
Comércio varejista de doces, balas, bombons e semelhantes;"G - Comércio; reparação de veículos";Barras;Baixo-Alto;0,004;0,0;0,688
Comércio varejista de doces, balas, bombons e semelhantes;"G - Comércio; reparação de veículos";Batalha;Baixo-Alto;0,004;0,0;0,786
Comércio varejista de doces, balas, bombons e semelhantes;"G - Comércio; reparação de veículos";Campo Largo do Piauí;Baixo-Alto;0,027;0,0;0,619
Comércio varejista de doces, balas, bombons e semelhantes;"G - Comércio; reparação de veículos";Capitão de Campos;Baixo-Alto;0,032;0,0;0,482
Comércio varejista de doces, balas, bombons e semelhantes;"G - Comércio; reparação de veículos";Coivaras;Baixo-Alto;0,023;0,0;0,693
Comércio varejista de doces, balas, bombons e semelhantes;"G - Comércio; reparação de veículos";Domingos Mourão;Baixo-Alto;0,022;0,0;0,723
Comércio varejista de doces, balas, bombons e semelhantes;"G - Comércio; reparação de veículos";Esperantina;Alto-Baixo;0,001;40,0;0,0
Comércio varejista de doces, balas, bombons e semelhantes;"G - Comércio; reparação de veículos";Guaribas;Baixo-Alto;0,046;0,0;0,439
Comércio varejista de doces, balas, bombons e semelhantes;"G - Comércio; reparação de veículos";Jatobá do Piauí;Baixo-Alto;0,038;0,0;0,52
Comércio varejista de doces, balas, bombons e semelhantes;"G - Comércio; reparação de veículos";Joaquim Pires;Baixo-Alto;0,049;0,0;0,464
Comércio varejista de doces, balas, bombons e semelhantes;"G - Comércio; reparação de veículos";José de Freitas;Alto-Alto;0,015;2,0;0,645
Comércio varejista de doces, balas, bombons e semelhantes;"G - Comércio; reparação de veículos";Lagoa Alegre;Baixo-Alto;0,035;0,0;0,549
Comércio varejista de doces, balas, bombons e semelhantes;"G - Comércio; reparação de veículos";Lagoa de São Francisco;Baixo-Alto;0,016;0,0;1,445
Comércio varejista de doces, balas, bombons e semelhantes;"G - Comércio; reparação de veículos";Morro do Chapéu do Piauí;Baixo-Alto;0,028;0,0;0,928
Comércio varejista de doces, balas, bombons e semelhantes;"G - Comércio; reparação de veículos";Nossa Senhora de Nazaré;Baixo-Alto;0,04;0,0;0,52
Comércio varejista de doces, balas, bombons e semelhantes;"G - Comércio; reparação de veículos";Novo Oriente do Piauí;Baixo-Alto;0,046;0,0;0,439
Comércio varejista de doces, balas, bombons e semelhantes;"G - Comércio; reparação de veículos";Ribeiro Gonçalves;Baixo-Alto;0,028;0,0;0,693
Comércio varejista de doces, balas, bombons e semelhantes;"G - Comércio; reparação de veículos";São João do Arraial;Baixo-Alto;0,013;0,0;0,743
Comércio varejista de doces, balas, bombons e semelhantes;"G - Comércio; reparação de veículos";Valença do Piauí;Alto-Baixo;0,001;2,0;0,0
Comércio varejista de ferragens e ferramentas;"G - Comércio; reparação de veículos";Altos;Alto-Baixo;0,001;2,0;0,0
Comércio varejista de ferragens e ferramentas;"G - Comércio; reparação de veículos";Baixa Grande do Ribeiro;Alto-Alto;0,031;5,0;0,355
Comércio varejista de ferragens e ferramentas;"G - Comércio; reparação de veículos";Bom Jesus;Alto-Alto;0,045;2,0;0,311
Comércio varejista de ferragens e ferramentas;"G - Comércio; reparação de veículos";Bom Princípio do Piauí;Baixo-Alto;0,022;0,0;0,448
Comércio varejista de ferragens e ferramentas;"G - Comércio; reparação de veículos";Bonfim do Piauí;Baixo-Alto;0,022;0,0;0,448
Comércio varejista de ferragens e ferramentas;"G - Comércio; reparação de veículos";Brasileira;Baixo-Alto;0,03;0,0;0,416
Comércio varejista de ferragens e ferramentas;"G - Comércio; reparação de veículos";Cocal dos Alves;Baixo-Alto;0,004;0,0;1,059
Comércio varejista de ferragens e ferramentas;"G - Comércio; reparação de veículos";Coivaras;Baixo-Alto;0,009;0,0;0,621
Comércio varejista de ferragens e ferramentas;"G - Comércio; reparação de veículos";Coronel José Dias;Baixo-Alto;0,039;0,0;0,358
Comércio varejista de ferragens e ferramentas;"G - Comércio; reparação de veículos";Currais;Baixo-Alto;0,001;0,0;0,717
Comércio varejista de ferragens e ferramentas;"G - Comércio; reparação de veículos";Dirceu Arcoverde;Baixo-Alto;0,021;0,0;0,448
Comércio varejista de ferragens e ferramentas;"G - Comércio; reparação de veículos";Domingos Mourão;Baixo-Alto;0,011;0,0;0,621
Comércio varejista de ferragens e ferramentas;"G - Comércio; reparação de veículos";Fartura do Piauí;Baixo-Alto;0,018;0,0;0,597
Comércio varejista de ferragens e ferramentas;"G - Comércio; reparação de veículos";Gilbués;Baixo-Alto;0,017;0,0;0,413
Comércio varejista de ferragens e ferramentas;"G - Comércio; reparação de veículos";Guaribas;Baixo-Alto;0,044;0,0;0,358
Comércio varejista de ferragens e ferramentas;"G - Comércio; reparação de veículos";Inhuma;Baixo-Alto;0,01;0,0;0,454
Comércio varejista de ferragens e ferramentas;"G - Comércio; reparação de veículos";Morro do Chapéu do Piauí;Baixo-Alto;0,021;0,0;0,448
Comércio varejista de ferragens e ferramentas;"G - Comércio; reparação de veículos";Novo Oriente do Piauí;Alto-Alto;0,018;1,0;0,497
Comércio varejista de ferragens e ferramentas;"G - Comércio; reparação de veículos";Novo Santo Antônio;Baixo-Alto;0,014;0,0;0,497
Comércio varejista de ferragens e ferramentas;"G - Comércio; reparação de veículos";Palmeira do Piauí;Baixo-Alto;0,025;0,0;0,414
Comércio varejista de ferragens e ferramentas;"G - Comércio; reparação de veículos";Ribeiro Gonçalves;Alto-Alto;0,013;3,0;0,597
Comércio varejista de ferragens e ferramentas;"G - Comércio; reparação de veículos";Santa Filomena;Baixo-Alto;0,004;0,0;1,059
Comércio varejista de ferragens e ferramentas;"G - Comércio; reparação de veículos";São Braz do Piauí;Baixo-Alto;0,035;0,0;0,358
Comércio varejista de ferragens e ferramentas;"G - Comércio; reparação de veículos";São João do Arraial;Baixo-Alto;0,039;0,0;0,358
Comércio varejista de ferragens e ferramentas;"G - Comércio; reparação de veículos";São Lourenço do Piauí;Baixo-Alto;0,016;0,0;0,597
Comércio varejista de ferragens e ferramentas;"G - Comércio; reparação de veículos";São Raimundo Nonato;Alto-Baixo;0,001;5,0;0,0
Comércio varejista de ferragens e ferramentas;"G - Comércio; reparação de veículos";Uruçuí;Baixo-Alto;0,012;0,0;0,454
Comércio varejista de ferragens e ferramentas;"G - Comércio; reparação de veículos";Várzea Branca;Baixo-Alto;0,022;0,0;0,448
Comércio varejista de gás liqüefeito de petróleo (GLP);"G - Comércio; reparação de veículos";Canto do Buriti;Baixo-Alto;0,047;0,0;0,333
Comércio varejista de gás liqüefeito de petróleo (GLP);"G - Comércio; reparação de veículos";Caracol;Alto-Baixo;0,001;6,0;0,0
Comércio varejista de gás liqüefeito de petróleo (GLP);"G - Comércio; reparação de veículos";Caxingó;Alto-Baixo;0,001;2,0;0,0
Comércio varejista de gás liqüefeito de petróleo (GLP);"G - Comércio; reparação de veículos";Hugo Napoleão;Alto-Alto;0,046;2,0;0,439
Comércio varejista de gás liqüefeito de petróleo (GLP);"G - Comércio; reparação de veículos";Jurema;Baixo-Alto;0,02;0,0;0,528
Comércio varejista de gás liqüefeito de petróleo (GLP);"G - Comércio; reparação de veículos";Manoel Emídio;Baixo-Alto;0,043;0,0;0,414
Comércio varejista de gás liqüefeito de petróleo (GLP);"G - Comércio; reparação de veículos";Miguel Alves;Baixo-Alto;0,016;0,0;0,53
Comércio varejista de gás liqüefeito de petróleo (GLP);"G - Comércio; reparação de veículos";Passagem Franca do Piauí;Baixo-Alto;0,045;0,0;0,361
Comércio varejista de gás liqüefeito de petróleo (GLP);"G - Comércio; reparação de veículos";Santa Filomena;Baixo-Alto;0,036;0,0;0,597
Comércio varejista de gás liqüefeito de petróleo (GLP);"G - Comércio; reparação de veículos";Santo Antônio dos Milagres;Baixo-Alto;0,012;0,0;0,732
Comércio varejista de gás liqüefeito de petróleo (GLP);"G - Comércio; reparação de veículos";São José do Peixe;Alto-Baixo;0,001;2,0;0,0
Comércio varejista de gás liqüefeito de petróleo (GLP);"G - Comércio; reparação de veículos";Uruçuí;Baixo-Alto;0,035;0,0;0,413
Comércio varejista de hortifrutigranjeiros;"G - Comércio; reparação de veículos";Alagoinha do Piauí;Baixo-Alto;0,03;0,0;0,693
Comércio varejista de hortifrutigranjeiros;"G - Comércio; reparação de veículos";Alvorada do Gurguéia;Baixo-Alto;0,036;0,0;0,682
Comércio varejista de hortifrutigranjeiros;"G - Comércio; reparação de veículos";Barras;Baixo-Alto;0,028;0,0;0,653
Comércio varejista de hortifrutigranjeiros;"G - Comércio; reparação de veículos";Batalha;Alto-Alto;0,017;5,0;0,72
Comércio varejista de hortifrutigranjeiros;"G - Comércio; reparação de veículos";Brasileira;Baixo-Alto;0,047;0,0;0,68
Comércio varejista de hortifrutigranjeiros;"G - Comércio; reparação de veículos";Buriti dos Montes;Baixo-Alto;0,03;0,0;0,728
Comércio varejista de hortifrutigranjeiros;"G - Comércio; reparação de veículos";Cajueiro da Praia;Alto-Baixo;0,001;1,0;0,0
Comércio varejista de hortifrutigranjeiros;"G - Comércio; reparação de veículos";Cocal dos Alves;Baixo-Alto;0,029;0,0;0,999
Comércio varejista de hortifrutigranjeiros;"G - Comércio; reparação de veículos";Colônia do Gurguéia;Alto-Alto;0,031;3,0;0,85
Comércio varejista de hortifrutigranjeiros;"G - Comércio; reparação de veículos";Domingos Mourão;Baixo-Alto;0,048;0,0;0,736
Comércio varejista de hortifrutigranjeiros;"G - Comércio; reparação de veículos";Eliseu Martins;Alto-Alto;0,044;1,0;0,682
Comércio varejista de hortifrutigranjeiros;"G - Comércio; reparação de veículos";Guaribas;Baixo-Alto;0,026;0,0;0,957
Comércio varejista de hortifrutigranjeiros;"G - Comércio; reparação de veículos";Joaquim Pires;Baixo-Alto;0,034;0,0;0,653
Comércio varejista de hortifrutigranjeiros;"G - Comércio; reparação de veículos";Lagoa de São Francisco;Alto-Alto;0,027;1,0;1,472
Comércio varejista de hortifrutigranjeiros;"G - Comércio; reparação de veículos";Monte Alegre do Piauí;Alto-Alto;0,014;3,0;1,096
Comércio varejista de hortifrutigranjeiros;"G - Comércio; reparação de veículos";Morro do Chapéu do Piauí;Baixo-Alto;0,03;0,0;0,858
Comércio varejista de hortifrutigranjeiros;"G - Comércio; reparação de veículos";Pajeú do Piauí;Baixo-Alto;0,033;0,0;0,819
Comércio varejista de hortifrutigranjeiros;"G - Comércio; reparação de veículos";Pavussu;Baixo-Alto;0,032;0,0;0,819
Comércio varejista de hortifrutigranjeiros;"G - Comércio; reparação de veículos";Piripiri;Baixo-Alto;0,029;0,0;0,679
Comércio varejista de hortifrutigranjeiros;"G - Comércio; reparação de veículos";Redenção do Gurguéia;Alto-Alto;0,043;1,0;0,693
Comércio varejista de hortifrutigranjeiros;"G - Comércio; reparação de veículos";Rio Grande do Piauí;Baixo-Alto;0,032;0,0;0,819
Comércio varejista de hortifrutigranjeiros;"G - Comércio; reparação de veículos";São José do Divino;Baixo-Alto;0,046;0,0;0,85
Comércio varejista de madeira e artefatos;"G - Comércio; reparação de veículos";Acauã;Alto-Baixo;0,001;1,0;0,0
Comércio varejista de madeira e artefatos;"G - Comércio; reparação de veículos";Alvorada do Gurguéia;Alto-Alto;0,038;3,0;0,384
Comércio varejista de madeira e artefatos;"G - Comércio; reparação de veículos";Boqueirão do Piauí;Alto-Baixo;0,001;1,0;0,0
Comércio varejista de madeira e artefatos;"G - Comércio; reparação de veículos";Canto do Buriti;Baixo-Alto;0,047;0,0;0,277
Comércio varejista de madeira e artefatos;"G - Comércio; reparação de veículos";Colônia do Gurguéia;Alto-Alto;0,021;1,0;0,52
Comércio varejista de madeira e artefatos;"G - Comércio; reparação de veículos";Colônia do Piauí;Alto-Baixo;0,001;2,0;0,0
Comércio varejista de madeira e artefatos;"G - Comércio; reparação de veículos";Francisco Santos;Baixo-Alto;0,046;0,0;0,329
Comércio varejista de madeira e artefatos;"G - Comércio; reparação de veículos";Hugo Napoleão;Baixo-Alto;0,043;0,0;0,358
Comércio varejista de madeira e artefatos;"G - Comércio; reparação de veículos";Lagoa Alegre;Alto-Baixo;0,001;1,0;0,0
Comércio varejista de madeira e artefatos;"G - Comércio; reparação de veículos";Lagoinha do Piauí;Baixo-Alto;0,039;0,0;0,358
Comércio varejista de madeira e artefatos;"G - Comércio; reparação de veículos";Luzilândia;Alto-Baixo;0,001;1,0;0,0
Comércio varejista de madeira e artefatos;"G - Comércio; reparação de veículos";Manoel Emídio;Baixo-Alto;0,014;0,0;0,462
Comércio varejista de madeira e artefatos;"G - Comércio; reparação de veículos";Monsenhor Gil;Alto-Baixo;0,001;1,0;0,0
Comércio varejista de madeira e artefatos;"G - Comércio; reparação de veículos";Olho D'Água do Piauí;Baixo-Alto;0,023;0,0;0,355
Comércio varejista de madeira e artefatos;"G - Comércio; reparação de veículos";Paes Landim;Alto-Baixo;0,001;1,0;0,0
Comércio varejista de madeira e artefatos;"G - Comércio; reparação de veículos";Palmeira do Piauí;Baixo-Alto;0,009;0,0;0,499
Comércio varejista de madeira e artefatos;"G - Comércio; reparação de veículos";Pio IX;Alto-Baixo;0,001;1,0;0,0
Comércio varejista de madeira e artefatos;"G - Comércio; reparação de veículos";Água Branca;Alto-Baixo;0,001;5,0;0,0
Comércio varejista de materiais de construção em geral;"G - Comércio; reparação de veículos";Alegrete do Piauí;Alto-Baixo;0,001;2,0;0,0
Comércio varejista de materiais de construção em geral;"G - Comércio; reparação de veículos";Antônio Almeida;Alto-Alto;0,049;2,0;1,171
Comércio varejista de materiais de construção em geral;"G - Comércio; reparação de veículos";Avelino Lopes;Alto-Alto;0,019;8,0;1,561
Comércio varejista de materiais de construção em geral;"G - Comércio; reparação de veículos";Boa Hora;Alto-Baixo;0,001;1,0;0,0
Comércio varejista de materiais de construção em geral;"G - Comércio; reparação de veículos";Curimatá;Alto-Alto;0,015;8,0;1,28
Comércio varejista de materiais de construção em geral;"G - Comércio; reparação de veículos";Dom Expedito Lopes;Alto-Baixo;0,001;6,0;0,0
Comércio varejista de materiais de construção em geral;"G - Comércio; reparação de veículos";Ilha Grande;Alto-Baixo;0,001;2,0;0,0
Comércio varejista de materiais de construção em geral;"G - Comércio; reparação de veículos";Jardim do Mulato;Alto-Alto;0,049;2,0;1,006
Comércio varejista de materiais de construção em geral;"G - Comércio; reparação de veículos";Jatobá do Piauí;Alto-Baixo;0,001;1,0;0,0
Comércio varejista de materiais de construção em geral;"G - Comércio; reparação de veículos";Júlio Borges;Alto-Alto;0,004;2,0;2,001
Comércio varejista de materiais de construção em geral;"G - Comércio; reparação de veículos";Lagoa de São Francisco;Alto-Baixo;0,001;6,0;0,0
Comércio varejista de materiais de construção em geral;"G - Comércio; reparação de veículos";Morro Cabeça no Tempo;Alto-Alto;0,024;3,0;1,445
Comércio varejista de materiais de construção em geral;"G - Comércio; reparação de veículos";Nossa Senhora de Nazaré;Alto-Baixo;0,001;2,0;0,0
Comércio varejista de materiais de construção em geral;"G - Comércio; reparação de veículos";Nossa Senhora dos Remédios;Alto-Baixo;0,001;1,0;0,0
Comércio varejista de materiais de construção em geral;"G - Comércio; reparação de veículos";Nova Santa Rita;Alto-Baixo;0,001;1,0;0,0
Comércio varejista de materiais de construção em geral;"G - Comércio; reparação de veículos";Pau D'Arco do Piauí;Alto-Baixo;0,001;2,0;0,0
Comércio varejista de materiais de construção em geral;"G - Comércio; reparação de veículos";Pimenteiras;Baixo-Alto;0,045;0,0;0,924
Comércio varejista de materiais de construção em geral;"G - Comércio; reparação de veículos";Redenção do Gurguéia;Alto-Alto;0,039;3,0;1,177
Comércio varejista de materiais de construção em geral;"G - Comércio; reparação de veículos";Riacho Frio;Baixo-Alto;0,007;0,0;1,228
Comércio varejista de materiais de construção em geral;"G - Comércio; reparação de veículos";Ribeiro Gonçalves;Alto-Baixo;0,001;2,0;0,0
Comércio varejista de materiais de construção em geral;"G - Comércio; reparação de veículos";Santa Cruz dos Milagres;Baixo-Alto;0,024;0,0;1,269
Comércio varejista de materiais de construção em geral;"G - Comércio; reparação de veículos";São Braz do Piauí;Alto-Baixo;0,001;2,0;0,0
Comércio varejista de materiais de construção em geral;"G - Comércio; reparação de veículos";São Gonçalo do Gurguéia;Alto-Baixo;0,001;2,0;0,0
Comércio varejista de materiais de construção em geral;"G - Comércio; reparação de veículos";São José do Peixe;Baixo-Alto;0,013;0,0;1,058
Comércio varejista de materiais de construção em geral;"G - Comércio; reparação de veículos";São Miguel do Fidalgo;Baixo-Alto;0,039;0,0;1,105
Comércio varejista de materiais de construção em geral;"G - Comércio; reparação de veículos";Tamboril do Piauí;Alto-Baixo;0,001;1,0;0,0
Comércio varejista de materiais de construção em geral;"G - Comércio; reparação de veículos";Valença do Piauí;Baixo-Alto;0,04;0,0;1,088
Comércio varejista de materiais de construção em geral;"G - Comércio; reparação de veículos";Vera Mendes;Baixo-Alto;0,026;0,0;1,573
Comércio varejista de materiais de construção em geral;"G - Comércio; reparação de veículos";Várzea Grande;Alto-Baixo;0,001;2,0;0,0
Comércio varejista de material elétrico;"G - Comércio; reparação de veículos";Alvorada do Gurguéia;Baixo-Alto;0,04;0,0;0,451
Comércio varejista de material elétrico;"G - Comércio; reparação de veículos";Aroeiras do Itaim;Baixo-Alto;0,004;0,0;0,794
Comércio varejista de material elétrico;"G - Comércio; reparação de veículos";Batalha;Baixo-Alto;0,011;0,0;0,585
Comércio varejista de material elétrico;"G - Comércio; reparação de veículos";Bom Jesus;Alto-Baixo;0,001;2,0;0,0
Comércio varejista de material elétrico;"G - Comércio; reparação de veículos";Cajueiro da Praia;Baixo-Alto;0,013;0,0;1,609
Comércio varejista de material elétrico;"G - Comércio; reparação de veículos";Campo Largo do Piauí;Baixo-Alto;0,043;0,0;0,414
Comércio varejista de material elétrico;"G - Comércio; reparação de veículos";Canto do Buriti;Alto-Baixo;0,001;2,0;0,0
Comércio varejista de material elétrico;"G - Comércio; reparação de veículos";Cocal;Baixo-Alto;0,032;0,0;0,536
Comércio varejista de material elétrico;"G - Comércio; reparação de veículos";Corrente;Alto-Baixo;0,001;7,0;0,0
Comércio varejista de material elétrico;"G - Comércio; reparação de veículos";Cristalândia do Piauí;Baixo-Alto;0,017;0,0;1,04
Comércio varejista de material elétrico;"G - Comércio; reparação de veículos";Dom Expedito Lopes;Baixo-Alto;0,016;0,0;0,993
Comércio varejista de material elétrico;"G - Comércio; reparação de veículos";Esperantina;Alto-Baixo;0,001;11,0;0,0
Comércio varejista de material elétrico;"G - Comércio; reparação de veículos";Geminiano;Baixo-Alto;0,034;0,0;0,567
Comércio varejista de material elétrico;"G - Comércio; reparação de veículos";Ipiranga do Piauí;Baixo-Alto;0,034;0,0;0,567
Comércio varejista de material elétrico;"G - Comércio; reparação de veículos";José de Freitas;Alto-Baixo;0,001;1,0;0,0
Comércio varejista de material elétrico;"G - Comércio; reparação de veículos";Luís Correia;Alto-Baixo;0,001;4,0;0,0
Comércio varejista de material elétrico;"G - Comércio; reparação de veículos";Morro do Chapéu do Piauí;Baixo-Alto;0,047;0,0;0,621
Comércio varejista de material elétrico;"G - Comércio; reparação de veículos";Paquetá;Baixo-Alto;0,005;0,0;0,794
Comércio varejista de material elétrico;"G - Comércio; reparação de veículos";Paulistana;Alto-Baixo;0,001;2,0;0,0
Comércio varejista de material elétrico;"G - Comércio; reparação de veículos";Pedro II;Alto-Baixo;0,001;2,0;0,0
Comércio varejista de material elétrico;"G - Comércio; reparação de veículos";Piracuruca;Alto-Baixo;0,001;4,0;0,0
Comércio varejista de material elétrico;"G - Comércio; reparação de veículos";Santana do Piauí;Baixo-Alto;0,017;0,0;0,993
Comércio varejista de material elétrico;"G - Comércio; reparação de veículos";Sebastião Barros;Baixo-Alto;0,035;0,0;0,693
Comércio varejista de material elétrico;"G - Comércio; reparação de veículos";Sussuapara;Baixo-Alto;0,024;0,0;0,662
Comércio varejista de material elétrico;"G - Comércio; reparação de veículos";São João do Piauí;Alto-Baixo;0,001;3,0;0,0
Comércio varejista de material elétrico;"G - Comércio; reparação de veículos";Uruçuí;Alto-Baixo;0,001;4,0;0,0
Comércio varejista de material elétrico;"G - Comércio; reparação de veículos";Valença do Piauí;Alto-Baixo;0,001;2,0;0,0
Comércio varejista de medicamentos veterinários;"G - Comércio; reparação de veículos";Baixa Grande do Ribeiro;Alto-Alto;0,024;3,0;0,541
Comércio varejista de medicamentos veterinários;"G - Comércio; reparação de veículos";Beneditinos;Alto-Baixo;0,001;4,0;0,0
Comércio varejista de medicamentos veterinários;"G - Comércio; reparação de veículos";Bom Jesus;Baixo-Alto;0,019;0,0;0,52
Comércio varejista de medicamentos veterinários;"G - Comércio; reparação de veículos";Cocal;Alto-Baixo;0,001;1,0;0,0
Comércio varejista de medicamentos veterinários;"G - Comércio; reparação de veículos";Colônia do Piauí;Alto-Baixo;0,001;1,0;0,0
Comércio varejista de medicamentos veterinários;"G - Comércio; reparação de veículos";Cristino Castro;Alto-Baixo;0,001;2,0;0,0
Comércio varejista de medicamentos veterinários;"G - Comércio; reparação de veículos";Currais;Baixo-Alto;0,035;0,0;0,497
Comércio varejista de medicamentos veterinários;"G - Comércio; reparação de veículos";Guaribas;Baixo-Alto;0,037;0,0;0,497
Comércio varejista de medicamentos veterinários;"G - Comércio; reparação de veículos";Jardim do Mulato;Baixo-Alto;0,048;0,0;0,435
Comércio varejista de medicamentos veterinários;"G - Comércio; reparação de veículos";Palmeirais;Baixo-Alto;0,04;0,0;0,507
Comércio varejista de medicamentos veterinários;"G - Comércio; reparação de veículos";Pavussu;Baixo-Alto;0,034;0,0;0,555
Comércio varejista de medicamentos veterinários;"G - Comércio; reparação de veículos";Santa Filomena;Baixo-Alto;0,001;0,0;1,723
Comércio varejista de medicamentos veterinários;"G - Comércio; reparação de veículos";Santo Antônio dos Milagres;Baixo-Alto;0,003;0,0;1,015
Comércio varejista de medicamentos veterinários;"G - Comércio; reparação de veículos";São Félix do Piauí;Alto-Baixo;0,001;1,0;0,0
Comércio varejista de medicamentos veterinários;"G - Comércio; reparação de veículos";São João da Serra;Alto-Baixo;0,001;1,0;0,0
Comércio varejista de medicamentos veterinários;"G - Comércio; reparação de veículos";União;Alto-Baixo;0,001;5,0;0,0
Comércio varejista de medicamentos veterinários;"G - Comércio; reparação de veículos";Uruçuí;Baixo-Alto;0,011;0,0;0,541
Comércio varejista de mercadorias em geral, com predominância de produtos alimentícios - hipermercados;"G - Comércio; reparação de veículos";Altos;Alto-Baixo;0,001;15,0;0,0
Comércio varejista de mercadorias em geral, com predominância de produtos alimentícios - hipermercados;"G - Comércio; reparação de veículos";Anísio de Abreu;Alto-Baixo;0,001;3,0;0,0
Comércio varejista de mercadorias em geral, com predominância de produtos alimentícios - hipermercados;"G - Comércio; reparação de veículos";Beneditinos;Baixo-Alto;0,047;0,0;0,773
Comércio varejista de mercadorias em geral, com predominância de produtos alimentícios - hipermercados;"G - Comércio; reparação de veículos";Bom Princípio do Piauí;Baixo-Alto;0,029;0,0;1,361
Comércio varejista de mercadorias em geral, com predominância de produtos alimentícios - hipermercados;"G - Comércio; reparação de veículos";Buriti dos Lopes;Baixo-Alto;0,022;0,0;0,907
Comércio varejista de mercadorias em geral, com predominância de produtos alimentícios - hipermercados;"G - Comércio; reparação de veículos";Coivaras;Baixo-Alto;0,033;0,0;1,04
Comércio varejista de mercadorias em geral, com predominância de produtos alimentícios - hipermercados;"G - Comércio; reparação de veículos";Ilha Grande;Baixo-Alto;0,001;0,0;5,442
Comércio varejista de mercadorias em geral, com predominância de produtos alimentícios - hipermercados;"G - Comércio; reparação de veículos";José de Freitas;Baixo-Alto;0,015;0,0;1,011
Comércio varejista de mercadorias em geral, com predominância de produtos alimentícios - hipermercados;"G - Comércio; reparação de veículos";Jurema;Baixo-Alto;0,043;0,0;0,79
Comércio varejista de mercadorias em geral, com predominância de produtos alimentícios - hipermercados;"G - Comércio; reparação de veículos";Lagoa Alegre;Baixo-Alto;0,036;0,0;0,824
Comércio varejista de mercadorias em geral, com predominância de produtos alimentícios - hipermercados;"G - Comércio; reparação de veículos";Luís Correia;Baixo-Alto;0,027;0,0;1,361
Comércio varejista de mercadorias em geral, com predominância de produtos alimentícios - hipermercados;"G - Comércio; reparação de veículos";Parnaíba;Alto-Baixo;0,001;230,0;0,0
Comércio varejista de mercadorias em geral, com predominância de produtos alimentícios - hipermercados;"G - Comércio; reparação de veículos";Pau D'Arco do Piauí;Baixo-Alto;0,01;0,0;1,133
Comércio varejista de mercadorias em geral, com predominância de produtos alimentícios - hipermercados;"G - Comércio; reparação de veículos";Santa Cruz do Piauí;Alto-Baixo;0,001;4,0;0,0
Comércio varejista de mercadorias em geral, com predominância de produtos alimentícios - hipermercados;"G - Comércio; reparação de veículos";Santa Cruz dos Milagres;Baixo-Alto;0,028;0,0;0,9
Comércio varejista de mercadorias em geral, com predominância de produtos alimentícios - hipermercados;"G - Comércio; reparação de veículos";Simplício Mendes;Alto-Baixo;0,001;3,0;0,0
Comércio varejista de mercadorias em geral, com predominância de produtos alimentícios - hipermercados;"G - Comércio; reparação de veículos";São Félix do Piauí;Baixo-Alto;0,027;0,0;1,039
Comércio varejista de mercadorias em geral, com predominância de produtos alimentícios - hipermercados;"G - Comércio; reparação de veículos";São Miguel da Baixa Grande;Alto-Alto;0,034;1,0;0,828
Comércio varejista de mercadorias em geral, com predominância de produtos alimentícios - hipermercados;"G - Comércio; reparação de veículos";Teresina;Baixo-Alto;0,004;0,0;0,871
Comércio varejista de mercadorias em geral, com predominância de produtos alimentícios - hipermercados;"G - Comércio; reparação de veículos";União;Alto-Baixo;0,001;26,0;0,0
Comércio varejista de mercadorias em geral, com predominância de produtos alimentícios - hipermercados;"G - Comércio; reparação de veículos";Valença do Piauí;Baixo-Alto;0,033;0,0;0,75
Comércio varejista de mercadorias em geral, com predominância de produtos alimentícios - minimercados, mercearias e armazéns;"G - Comércio; reparação de veículos";Aroeiras do Itaim;Alto-Baixo;0,001;1,0;0,0
Comércio varejista de mercadorias em geral, com predominância de produtos alimentícios - minimercados, mercearias e armazéns;"G - Comércio; reparação de veículos";Bom Jesus;Baixo-Alto;0,027;0,0;0,842
Comércio varejista de mercadorias em geral, com predominância de produtos alimentícios - minimercados, mercearias e armazéns;"G - Comércio; reparação de veículos";Bom Princípio do Piauí;Alto-Baixo;0,001;8,0;0,0
Comércio varejista de mercadorias em geral, com predominância de produtos alimentícios - minimercados, mercearias e armazéns;"G - Comércio; reparação de veículos";Campo Largo do Piauí;Alto-Baixo;0,001;1,0;0,0
Comércio varejista de mercadorias em geral, com predominância de produtos alimentícios - minimercados, mercearias e armazéns;"G - Comércio; reparação de veículos";Colônia do Gurguéia;Alto-Baixo;0,001;32,0;0,0
Comércio varejista de mercadorias em geral, com predominância de produtos alimentícios - minimercados, mercearias e armazéns;"G - Comércio; reparação de veículos";Currais;Alto-Baixo;0,001;4,0;0,0
Comércio varejista de mercadorias em geral, com predominância de produtos alimentícios - minimercados, mercearias e armazéns;"G - Comércio; reparação de veículos";Francisco Ayres;Alto-Baixo;0,001;2,0;0,0
Comércio varejista de mercadorias em geral, com predominância de produtos alimentícios - minimercados, mercearias e armazéns;"G - Comércio; reparação de veículos";Gilbués;Baixo-Alto;0,009;0,0;1,104
Comércio varejista de mercadorias em geral, com predominância de produtos alimentícios - minimercados, mercearias e armazéns;"G - Comércio; reparação de veículos";Guaribas;Alto-Baixo;0,001;1,0;0,0
Comércio varejista de mercadorias em geral, com predominância de produtos alimentícios - minimercados, mercearias e armazéns;"G - Comércio; reparação de veículos";Jatobá do Piauí;Alto-Baixo;0,001;1,0;0,0
Comércio varejista de mercadorias em geral, com predominância de produtos alimentícios - minimercados, mercearias e armazéns;"G - Comércio; reparação de veículos";Lagoa do Barro do Piauí;Alto-Baixo;0,001;6,0;0,0
Comércio varejista de mercadorias em geral, com predominância de produtos alimentícios - minimercados, mercearias e armazéns;"G - Comércio; reparação de veículos";Lagoinha do Piauí;Alto-Baixo;0,001;11,0;0,0
Comércio varejista de mercadorias em geral, com predominância de produtos alimentícios - minimercados, mercearias e armazéns;"G - Comércio; reparação de veículos";Manoel Emídio;Baixo-Alto;0,036;0,0;0,929
Comércio varejista de mercadorias em geral, com predominância de produtos alimentícios - minimercados, mercearias e armazéns;"G - Comércio; reparação de veículos";Massapê do Piauí;Alto-Baixo;0,001;1,0;0,0
Comércio varejista de mercadorias em geral, com predominância de produtos alimentícios - minimercados, mercearias e armazéns;"G - Comércio; reparação de veículos";Monte Alegre do Piauí;Alto-Baixo;0,001;41,0;0,0
Comércio varejista de mercadorias em geral, com predominância de produtos alimentícios - minimercados, mercearias e armazéns;"G - Comércio; reparação de veículos";Morro Cabeça no Tempo;Alto-Baixo;0,001;1,0;0,0
Comércio varejista de mercadorias em geral, com predominância de produtos alimentícios - minimercados, mercearias e armazéns;"G - Comércio; reparação de veículos";Nossa Senhora de Nazaré;Alto-Baixo;0,001;8,0;0,0
Comércio varejista de mercadorias em geral, com predominância de produtos alimentícios - minimercados, mercearias e armazéns;"G - Comércio; reparação de veículos";Pau D'Arco do Piauí;Alto-Baixo;0,001;4,0;0,0
Comércio varejista de mercadorias em geral, com predominância de produtos alimentícios - minimercados, mercearias e armazéns;"G - Comércio; reparação de veículos";Porto Alegre do Piauí;Alto-Baixo;0,001;2,0;0,0
Comércio varejista de mercadorias em geral, com predominância de produtos alimentícios - minimercados, mercearias e armazéns;"G - Comércio; reparação de veículos";Redenção do Gurguéia;Baixo-Alto;0,043;0,0;0,886
Comércio varejista de mercadorias em geral, com predominância de produtos alimentícios - minimercados, mercearias e armazéns;"G - Comércio; reparação de veículos";Ribeira do Piauí;Alto-Baixo;0,001;1,0;0,0
Comércio varejista de mercadorias em geral, com predominância de produtos alimentícios - minimercados, mercearias e armazéns;"G - Comércio; reparação de veículos";Santa Cruz dos Milagres;Alto-Baixo;0,001;1,0;0,0
Comércio varejista de mercadorias em geral, com predominância de produtos alimentícios - minimercados, mercearias e armazéns;"G - Comércio; reparação de veículos";Santa Filomena;Alto-Baixo;0,001;8,0;0,0
Comércio varejista de mercadorias em geral, com predominância de produtos alimentícios - minimercados, mercearias e armazéns;"G - Comércio; reparação de veículos";Socorro do Piauí;Baixo-Alto;0,035;0,0;0,931
Comércio varejista de mercadorias em geral, com predominância de produtos alimentícios - minimercados, mercearias e armazéns;"G - Comércio; reparação de veículos";São João da Fronteira;Alto-Baixo;0,001;4,0;0,0
Comércio varejista de mercadorias em geral, com predominância de produtos alimentícios - minimercados, mercearias e armazéns;"G - Comércio; reparação de veículos";São João da Serra;Alto-Baixo;0,001;4,0;0,0
Comércio varejista de mercadorias em geral, com predominância de produtos alimentícios - minimercados, mercearias e armazéns;"G - Comércio; reparação de veículos";Vila Nova do Piauí;Alto-Baixo;0,001;1,0;0,0
Comércio varejista de mercadorias em geral, com predominância de produtos alimentícios - minimercados, mercearias e armazéns;"G - Comércio; reparação de veículos";Várzea Branca;Alto-Baixo;0,001;4,0;0,0
Comércio varejista de mercadorias em geral, com predominância de produtos alimentícios - minimercados, mercearias e armazéns;"G - Comércio; reparação de veículos";Wall Ferraz;Alto-Baixo;0,001;1,0;0,0
Comércio varejista de mercadorias em geral, com predominância de produtos alimentícios - minimercados, mercearias e armazéns;"G - Comércio; reparação de veículos";Água Branca;Baixo-Alto;0,023;0,0;1,096
Comércio varejista de mercadorias em geral, com predominância de produtos alimentícios - supermercados;"G - Comércio; reparação de veículos";Acauã;Baixo-Alto;0,006;0,0;2,328
Comércio varejista de mercadorias em geral, com predominância de produtos alimentícios - supermercados;"G - Comércio; reparação de veículos";Campo Grande do Piauí;Alto-Baixo;0,001;1,0;0,0
Comércio varejista de mercadorias em geral, com predominância de produtos alimentícios - supermercados;"G - Comércio; reparação de veículos";Caracol;Alto-Baixo;0,001;4,0;0,0
Comércio varejista de mercadorias em geral, com predominância de produtos alimentícios - supermercados;"G - Comércio; reparação de veículos";Cocal de Telha;Alto-Baixo;0,001;8,0;0,0
Comércio varejista de mercadorias em geral, com predominância de produtos alimentícios - supermercados;"G - Comércio; reparação de veículos";Colônia do Piauí;Alto-Baixo;0,001;2,0;0,0
Comércio varejista de mercadorias em geral, com predominância de produtos alimentícios - supermercados;"G - Comércio; reparação de veículos";Conceição do Canindé;Baixo-Alto;0,016;0,0;1,533
Comércio varejista de mercadorias em geral, com predominância de produtos alimentícios - supermercados;"G - Comércio; reparação de veículos";Corrente;Baixo-Alto;0,022;0,0;1,601
Comércio varejista de mercadorias em geral, com predominância de produtos alimentícios - supermercados;"G - Comércio; reparação de veículos";Cristalândia do Piauí;Alto-Baixo;0,001;19,0;0,0
Comércio varejista de mercadorias em geral, com predominância de produtos alimentícios - supermercados;"G - Comércio; reparação de veículos";Curral Novo do Piauí;Baixo-Alto;0,039;0,0;1,442
Comércio varejista de mercadorias em geral, com predominância de produtos alimentícios - supermercados;"G - Comércio; reparação de veículos";Francinópolis;Alto-Baixo;0,001;1,0;0,0
Comércio varejista de mercadorias em geral, com predominância de produtos alimentícios - supermercados;"G - Comércio; reparação de veículos";Guadalupe;Alto-Baixo;0,001;25,0;0,0
Comércio varejista de mercadorias em geral, com predominância de produtos alimentícios - supermercados;"G - Comércio; reparação de veículos";Jerumenha;Baixo-Alto;0,039;0,0;1,341
Comércio varejista de mercadorias em geral, com predominância de produtos alimentícios - supermercados;"G - Comércio; reparação de veículos";Novo Oriente do Piauí;Alto-Baixo;0,001;8,0;0,0
Comércio varejista de mercadorias em geral, com predominância de produtos alimentícios - supermercados;"G - Comércio; reparação de veículos";Pau D'Arco do Piauí;Baixo-Alto;0,022;0,0;1,5
Comércio varejista de mercadorias em geral, com predominância de produtos alimentícios - supermercados;"G - Comércio; reparação de veículos";Paulistana;Alto-Alto;0,036;26,0;1,334
Comércio varejista de mercadorias em geral, com predominância de produtos alimentícios - supermercados;"G - Comércio; reparação de veículos";Pedro II;Alto-Baixo;0,001;22,0;0,0
Comércio varejista de mercadorias em geral, com predominância de produtos alimentícios - supermercados;"G - Comércio; reparação de veículos";Porto Alegre do Piauí;Baixo-Alto;0,025;0,0;1,681
Comércio varejista de mercadorias em geral, com predominância de produtos alimentícios - supermercados;"G - Comércio; reparação de veículos";Queimada Nova;Alto-Alto;0,046;3,0;1,501
Comércio varejista de mercadorias em geral, com predominância de produtos alimentícios - supermercados;"G - Comércio; reparação de veículos";Sebastião Barros;Baixo-Alto;0,014;0,0;2,132
Comércio varejista de mercadorias em geral, com predominância de produtos alimentícios - supermercados;"G - Comércio; reparação de veículos";Sigefredo Pacheco;Alto-Baixo;0,001;1,0;0,0
Comércio varejista de mercadorias em geral, com predominância de produtos alimentícios - supermercados;"G - Comércio; reparação de veículos";São Francisco de Assis do Piauí;Alto-Alto;0,016;14,0;1,51
Comércio varejista de mercadorias em geral, com predominância de produtos alimentícios - supermercados;"G - Comércio; reparação de veículos";São José do Piauí;Alto-Baixo;0,001;14,0;0,0
Comércio varejista de mercadorias em geral, com predominância de produtos alimentícios - supermercados;"G - Comércio; reparação de veículos";São João da Fronteira;Alto-Baixo;0,001;9,0;0,0
Comércio varejista de mercadorias em geral, com predominância de produtos alimentícios - supermercados;"G - Comércio; reparação de veículos";São Julião;Alto-Baixo;0,001;15,0;0,0
Comércio varejista de mercadorias em lojas de conveniência;"G - Comércio; reparação de veículos";Altos;Alto-Alto;0,041;5,0;0,832
Comércio varejista de mercadorias em lojas de conveniência;"G - Comércio; reparação de veículos";Amarante;Alto-Baixo;0,001;6,0;0,0
Comércio varejista de mercadorias em lojas de conveniência;"G - Comércio; reparação de veículos";Batalha;Alto-Alto;0,025;1,0;0,828
Comércio varejista de mercadorias em lojas de conveniência;"G - Comércio; reparação de veículos";Boa Hora;Baixo-Alto;0,002;0,0;1,437
Comércio varejista de mercadorias em lojas de conveniência;"G - Comércio; reparação de veículos";Bom Jesus;Alto-Baixo;0,001;3,0;0,0
Comércio varejista de mercadorias em lojas de conveniência;"G - Comércio; reparação de veículos";Bom Princípio do Piauí;Baixo-Alto;0,005;0,0;1,472
Comércio varejista de mercadorias em lojas de conveniência;"G - Comércio; reparação de veículos";Cabeceiras do Piauí;Alto-Alto;0,011;7,0;0,858
Comércio varejista de mercadorias em lojas de conveniência;"G - Comércio; reparação de veículos";Castelo do Piauí;Alto-Baixo;0,001;3,0;0,0
Comércio varejista de mercadorias em lojas de conveniência;"G - Comércio; reparação de veículos";Coivaras;Baixo-Alto;0,019;0,0;1,141
Comércio varejista de mercadorias em lojas de conveniência;"G - Comércio; reparação de veículos";Colônia do Gurguéia;Alto-Baixo;0,001;1,0;0,0
Comércio varejista de mercadorias em lojas de conveniência;"G - Comércio; reparação de veículos";Ilha Grande;Baixo-Alto;0,01;0,0;2,708
Comércio varejista de mercadorias em lojas de conveniência;"G - Comércio; reparação de veículos";Ipiranga do Piauí;Baixo-Alto;0,016;0,0;0,882
Comércio varejista de mercadorias em lojas de conveniência;"G - Comércio; reparação de veículos";Jaicós;Alto-Baixo;0,001;4,0;0,0
Comércio varejista de mercadorias em lojas de conveniência;"G - Comércio; reparação de veículos";José de Freitas;Alto-Alto;0,001;3,0;1,29
Comércio varejista de mercadorias em lojas de conveniência;"G - Comércio; reparação de veículos";Lagoa Alegre;Baixo-Alto;0,016;0,0;1,141
Comércio varejista de mercadorias em lojas de conveniência;"G - Comércio; reparação de veículos";Lagoa de São Francisco;Baixo-Alto;0,049;0,0;1,199
Comércio varejista de mercadorias em lojas de conveniência;"G - Comércio; reparação de veículos";Luís Correia;Alto-Alto;0,015;3,0;1,125
Comércio varejista de mercadorias em lojas de conveniência;"G - Comércio; reparação de veículos";Miguel Alves;Baixo-Alto;0,01;0,0;0,981
Comércio varejista de mercadorias em lojas de conveniência;"G - Comércio; reparação de veículos";Miguel Leão;Alto-Baixo;0,001;1,0;0,0
Comércio varejista de mercadorias em lojas de conveniência;"G - Comércio; reparação de veículos";Nossa Senhora de Nazaré;Baixo-Alto;0,007;0,0;1,213
Comércio varejista de mercadorias em lojas de conveniência;"G - Comércio; reparação de veículos";Novo Santo Antônio;Baixo-Alto;0,039;0,0;0,832
Comércio varejista de mercadorias em lojas de conveniência;"G - Comércio; reparação de veículos";Paulistana;Alto-Baixo;0,001;9,0;0,0
Comércio varejista de mercadorias em lojas de conveniência;"G - Comércio; reparação de veículos";Ribeiro Gonçalves;Baixo-Alto;0,038;0,0;1,073
Comércio varejista de mercadorias em lojas de conveniência;"G - Comércio; reparação de veículos";Teresina;Baixo-Alto;0,014;0,0;0,777
Comércio varejista de mercadorias em lojas de conveniência;"G - Comércio; reparação de veículos";Uruçuí;Alto-Baixo;0,001;24,0;0,0
Comércio varejista de móveis;"G - Comércio; reparação de veículos";Antônio Almeida;Alto-Baixo;0,001;1,0;0,0
Comércio varejista de móveis;"G - Comércio; reparação de veículos";Buriti dos Montes;Alto-Baixo;0,001;1,0;0,0
Comércio varejista de móveis;"G - Comércio; reparação de veículos";Coivaras;Alto-Baixo;0,001;5,0;0,0
Comércio varejista de móveis;"G - Comércio; reparação de veículos";Coronel José Dias;Baixo-Alto;0,021;0,0;1,202
Comércio varejista de móveis;"G - Comércio; reparação de veículos";Corrente;Baixo-Alto;0,02;0,0;1,208
Comércio varejista de móveis;"G - Comércio; reparação de veículos";Cristalândia do Piauí;Alto-Baixo;0,001;5,0;0,0
Comércio varejista de móveis;"G - Comércio; reparação de veículos";Cristino Castro;Baixo-Alto;0,023;0,0;1,19
Comércio varejista de móveis;"G - Comércio; reparação de veículos";Demerval Lobão;Alto-Baixo;0,001;5,0;0,0
Comércio varejista de móveis;"G - Comércio; reparação de veículos";Dom Inocêncio;Alto-Baixo;0,001;11,0;0,0
Comércio varejista de móveis;"G - Comércio; reparação de veículos";Floresta do Piauí;Alto-Alto;0,042;3,0;1,025
Comércio varejista de móveis;"G - Comércio; reparação de veículos";Francisco Santos;Alto-Baixo;0,001;1,0;0,0
Comércio varejista de móveis;"G - Comércio; reparação de veículos";Isaías Coelho;Baixo-Alto;0,011;0,0;1,015
Comércio varejista de móveis;"G - Comércio; reparação de veículos";Joca Marques;Alto-Baixo;0,001;1,0;0,0
Comércio varejista de móveis;"G - Comércio; reparação de veículos";Júlio Borges;Baixo-Alto;0,001;0,0;2,13
Comércio varejista de móveis;"G - Comércio; reparação de veículos";Lagoa do Piauí;Baixo-Alto;0,042;0,0;1,018
Comércio varejista de móveis;"G - Comércio; reparação de veículos";Morro Cabeça no Tempo;Baixo-Alto;0,036;0,0;1,111
Comércio varejista de móveis;"G - Comércio; reparação de veículos";Morro do Chapéu do Piauí;Alto-Baixo;0,001;2,0;0,0
Comércio varejista de móveis;"G - Comércio; reparação de veículos";Prata do Piauí;Alto-Baixo;0,001;5,0;0,0
Comércio varejista de móveis;"G - Comércio; reparação de veículos";Redenção do Gurguéia;Baixo-Alto;0,01;0,0;1,247
Comércio varejista de móveis;"G - Comércio; reparação de veículos";Riacho Frio;Alto-Alto;0,011;4,0;1,038
Comércio varejista de móveis;"G - Comércio; reparação de veículos";Santo Antônio dos Milagres;Baixo-Alto;0,021;0,0;1,465
Comércio varejista de móveis;"G - Comércio; reparação de veículos";Sebastião Barros;Baixo-Alto;0,041;0,0;1,246
Comércio varejista de móveis;"G - Comércio; reparação de veículos";São José do Piauí;Baixo-Alto;0,009;0,0;1,127
Comércio varejista de móveis;"G - Comércio; reparação de veículos";São João da Serra;Alto-Baixo;0,001;6,0;0,0
Comércio varejista de móveis;"G - Comércio; reparação de veículos";São João da Varjota;Baixo-Alto;0,015;0,0;1,208
Comércio varejista de móveis;"G - Comércio; reparação de veículos";São Pedro do Piauí;Baixo-Alto;0,032;0,0;0,888
Comércio varejista de outros produtos não especificados anteriormente;"G - Comércio; reparação de veículos";Amarante;Baixo-Alto;0,01;0,0;0,53
Comércio varejista de outros produtos não especificados anteriormente;"G - Comércio; reparação de veículos";Angical do Piauí;Baixo-Alto;0,013;0,0;0,454
Comércio varejista de outros produtos não especificados anteriormente;"G - Comércio; reparação de veículos";Arraial;Baixo-Alto;0,01;0,0;0,53
Comércio varejista de outros produtos não especificados anteriormente;"G - Comércio; reparação de veículos";Barreiras do Piauí;Baixo-Alto;0,035;0,0;0,805
Comércio varejista de outros produtos não especificados anteriormente;"G - Comércio; reparação de veículos";Batalha;Alto-Alto;0,045;1,0;0,355
Comércio varejista de outros produtos não especificados anteriormente;"G - Comércio; reparação de veículos";Beneditinos;Alto-Alto;0,007;1,0;0,57
Comércio varejista de outros produtos não especificados anteriormente;"G - Comércio; reparação de veículos";Brasileira;Baixo-Alto;0,002;0,0;0,774
Comércio varejista de outros produtos não especificados anteriormente;"G - Comércio; reparação de veículos";Cocal dos Alves;Baixo-Alto;0,048;0,0;0,597
Comércio varejista de outros produtos não especificados anteriormente;"G - Comércio; reparação de veículos";Colônia do Gurguéia;Alto-Baixo;0,001;1,0;0,0
Comércio varejista de outros produtos não especificados anteriormente;"G - Comércio; reparação de veículos";Curimatá;Alto-Baixo;0,001;1,0;0,0
Comércio varejista de outros produtos não especificados anteriormente;"G - Comércio; reparação de veículos";Elesbão Veloso;Baixo-Alto;0,04;0,0;0,289
Comércio varejista de outros produtos não especificados anteriormente;"G - Comércio; reparação de veículos";Francinópolis;Baixo-Alto;0,004;0,0;0,636
Comércio varejista de outros produtos não especificados anteriormente;"G - Comércio; reparação de veículos";Gilbués;Alto-Baixo;0,001;4,0;0,0
Comércio varejista de outros produtos não especificados anteriormente;"G - Comércio; reparação de veículos";Itaueira;Alto-Baixo;0,001;6,0;0,0
Comércio varejista de outros produtos não especificados anteriormente;"G - Comércio; reparação de veículos";Jardim do Mulato;Baixo-Alto;0,012;0,0;0,454
Comércio varejista de outros produtos não especificados anteriormente;"G - Comércio; reparação de veículos";Lagoa de São Francisco;Baixo-Alto;0,044;0,0;0,693
Comércio varejista de outros produtos não especificados anteriormente;"G - Comércio; reparação de veículos";Lagoa do Piauí;Baixo-Alto;0,003;0,0;0,798
Comércio varejista de outros produtos não especificados anteriormente;"G - Comércio; reparação de veículos";Matias Olímpio;Alto-Baixo;0,001;1,0;0,0
Comércio varejista de outros produtos não especificados anteriormente;"G - Comércio; reparação de veículos";Pau D'Arco do Piauí;Baixo-Alto;0,009;0,0;0,597
Comércio varejista de outros produtos não especificados anteriormente;"G - Comércio; reparação de veículos";Regeneração;Alto-Baixo;0,001;23,0;0,0
Comércio varejista de outros produtos não especificados anteriormente;"G - Comércio; reparação de veículos";Tanque do Piauí;Baixo-Alto;0,017;0,0;0,454
Comércio varejista de outros produtos não especificados anteriormente;"G - Comércio; reparação de veículos";Teresina;Baixo-Alto;0,026;0,0;0,33
Comércio varejista de produtos alimentícios em geral ou especializado em produtos alimentícios não especificados anteriormente;"G - Comércio; reparação de veículos";Alto Longá;Baixo-Alto;0,048;0,0;0,43
Comércio varejista de produtos alimentícios em geral ou especializado em produtos alimentícios não especificados anteriormente;"G - Comércio; reparação de veículos";Barras;Baixo-Alto;0,018;0,0;0,535
Comércio varejista de produtos alimentícios em geral ou especializado em produtos alimentícios não especificados anteriormente;"G - Comércio; reparação de veículos";Batalha;Baixo-Alto;0,006;0,0;0,701
Comércio varejista de produtos alimentícios em geral ou especializado em produtos alimentícios não especificados anteriormente;"G - Comércio; reparação de veículos";Boa Hora;Alto-Baixo;0,001;1,0;0,0
Comércio varejista de produtos alimentícios em geral ou especializado em produtos alimentícios não especificados anteriormente;"G - Comércio; reparação de veículos";Cajueiro da Praia;Alto-Baixo;0,001;5,0;0,0
Comércio varejista de produtos alimentícios em geral ou especializado em produtos alimentícios não especificados anteriormente;"G - Comércio; reparação de veículos";Campo Maior;Baixo-Alto;0,045;0,0;0,416
Comércio varejista de produtos alimentícios em geral ou especializado em produtos alimentícios não especificados anteriormente;"G - Comércio; reparação de veículos";Cocal dos Alves;Baixo-Alto;0,003;0,0;1,29
Comércio varejista de produtos alimentícios em geral ou especializado em produtos alimentícios não especificados anteriormente;"G - Comércio; reparação de veículos";Colônia do Piauí;Alto-Baixo;0,001;2,0;0,0
Comércio varejista de produtos alimentícios em geral ou especializado em produtos alimentícios não especificados anteriormente;"G - Comércio; reparação de veículos";Domingos Mourão;Baixo-Alto;0,01;0,0;0,922
Comércio varejista de produtos alimentícios em geral ou especializado em produtos alimentícios não especificados anteriormente;"G - Comércio; reparação de veículos";Esperantina;Alto-Baixo;0,001;8,0;0,0
Comércio varejista de produtos alimentícios em geral ou especializado em produtos alimentícios não especificados anteriormente;"G - Comércio; reparação de veículos";Ipiranga do Piauí;Alto-Baixo;0,001;3,0;0,0
Comércio varejista de produtos alimentícios em geral ou especializado em produtos alimentícios não especificados anteriormente;"G - Comércio; reparação de veículos";Jatobá do Piauí;Alto-Baixo;0,001;1,0;0,0
Comércio varejista de produtos alimentícios em geral ou especializado em produtos alimentícios não especificados anteriormente;"G - Comércio; reparação de veículos";José de Freitas;Alto-Baixo;0,001;3,0;0,0
Comércio varejista de produtos alimentícios em geral ou especializado em produtos alimentícios não especificados anteriormente;"G - Comércio; reparação de veículos";Lagoa Alegre;Baixo-Alto;0,03;0,0;0,693
Comércio varejista de produtos alimentícios em geral ou especializado em produtos alimentícios não especificados anteriormente;"G - Comércio; reparação de veículos";Luzilândia;Alto-Baixo;0,001;1,0;0,0
Comércio varejista de produtos alimentícios em geral ou especializado em produtos alimentícios não especificados anteriormente;"G - Comércio; reparação de veículos";Luís Correia;Baixo-Alto;0,012;0,0;0,795
Comércio varejista de produtos alimentícios em geral ou especializado em produtos alimentícios não especificados anteriormente;"G - Comércio; reparação de veículos";Miguel Alves;Alto-Baixo;0,001;3,0;0,0
Comércio varejista de produtos alimentícios em geral ou especializado em produtos alimentícios não especificados anteriormente;"G - Comércio; reparação de veículos";Morro do Chapéu do Piauí;Baixo-Alto;0,022;0,0;0,723
Comércio varejista de produtos alimentícios em geral ou especializado em produtos alimentícios não especificados anteriormente;"G - Comércio; reparação de veículos";Nazaré do Piauí;Alto-Baixo;0,001;2,0;0,0
Comércio varejista de produtos alimentícios em geral ou especializado em produtos alimentícios não especificados anteriormente;"G - Comércio; reparação de veículos";Novo Santo Antônio;Alto-Baixo;0,001;7,0;0,0
Comércio varejista de produtos alimentícios em geral ou especializado em produtos alimentícios não especificados anteriormente;"G - Comércio; reparação de veículos";Palmeira do Piauí;Baixo-Alto;0,047;0,0;0,53
Comércio varejista de produtos alimentícios em geral ou especializado em produtos alimentícios não especificados anteriormente;"G - Comércio; reparação de veículos";Pedro II;Alto-Baixo;0,001;1,0;0,0
Comércio varejista de produtos alimentícios em geral ou especializado em produtos alimentícios não especificados anteriormente;"G - Comércio; reparação de veículos";Piracuruca;Alto-Alto;0,013;2,0;0,626
Comércio varejista de produtos alimentícios em geral ou especializado em produtos alimentícios não especificados anteriormente;"G - Comércio; reparação de veículos";Prata do Piauí;Alto-Baixo;0,001;2,0;0,0
Comércio varejista de produtos alimentícios em geral ou especializado em produtos alimentícios não especificados anteriormente;"G - Comércio; reparação de veículos";Regeneração;Alto-Baixo;0,001;1,0;0,0
Comércio varejista de produtos alimentícios em geral ou especializado em produtos alimentícios não especificados anteriormente;"G - Comércio; reparação de veículos";Simplício Mendes;Alto-Baixo;0,001;2,0;0,0
Comércio varejista de produtos alimentícios em geral ou especializado em produtos alimentícios não especificados anteriormente;"G - Comércio; reparação de veículos";São Francisco do Piauí;Baixo-Alto;0,048;0,0;0,549
Comércio varejista de produtos alimentícios em geral ou especializado em produtos alimentícios não especificados anteriormente;"G - Comércio; reparação de veículos";São João da Fronteira;Alto-Alto;0,022;3,0;0,677
Comércio varejista de produtos alimentícios em geral ou especializado em produtos alimentícios não especificados anteriormente;"G - Comércio; reparação de veículos";São João do Arraial;Baixo-Alto;0,037;0,0;0,578
Comércio varejista de produtos alimentícios em geral ou especializado em produtos alimentícios não especificados anteriormente;"G - Comércio; reparação de veículos";São Raimundo Nonato;Alto-Baixo;0,001;6,0;0,0
Comércio varejista de produtos alimentícios em geral ou especializado em produtos alimentícios não especificados anteriormente;"G - Comércio; reparação de veículos";União;Baixo-Alto;0,029;0,0;0,693
Comércio varejista de produtos alimentícios em geral ou especializado em produtos alimentícios não especificados anteriormente;"G - Comércio; reparação de veículos";Valença do Piauí;Alto-Baixo;0,001;4,0;0,0
Comércio varejista de produtos alimentícios em geral ou especializado em produtos alimentícios não especificados anteriormente;"G - Comércio; reparação de veículos";Água Branca;Alto-Baixo;0,001;1,0;0,0
Comércio varejista de produtos farmacêuticos, com manipulação de fórmulas;"G - Comércio; reparação de veículos";Acauã;Baixo-Alto;0,015;0,0;0,828
Comércio varejista de produtos farmacêuticos, com manipulação de fórmulas;"G - Comércio; reparação de veículos";Baixa Grande do Ribeiro;Baixo-Alto;0,016;0,0;0,471
Comércio varejista de produtos farmacêuticos, com manipulação de fórmulas;"G - Comércio; reparação de veículos";Betânia do Piauí;Baixo-Alto;0,015;0,0;0,828
Comércio varejista de produtos farmacêuticos, com manipulação de fórmulas;"G - Comércio; reparação de veículos";Bom Jesus;Alto-Baixo;0,001;8,0;0,0
Comércio varejista de produtos farmacêuticos, com manipulação de fórmulas;"G - Comércio; reparação de veículos";Bonfim do Piauí;Baixo-Alto;0,03;0,0;0,549
Comércio varejista de produtos farmacêuticos, com manipulação de fórmulas;"G - Comércio; reparação de veículos";Coronel José Dias;Baixo-Alto;0,045;0,0;0,439
Comércio varejista de produtos farmacêuticos, com manipulação de fórmulas;"G - Comércio; reparação de veículos";Cristalândia do Piauí;Baixo-Alto;0,03;0,0;0,896
Comércio varejista de produtos farmacêuticos, com manipulação de fórmulas;"G - Comércio; reparação de veículos";Curral Novo do Piauí;Baixo-Alto;0,032;0,0;0,497
Comércio varejista de produtos farmacêuticos, com manipulação de fórmulas;"G - Comércio; reparação de veículos";Dirceu Arcoverde;Baixo-Alto;0,028;0,0;0,549
Comércio varejista de produtos farmacêuticos, com manipulação de fórmulas;"G - Comércio; reparação de veículos";Esperantina;Alto-Baixo;0,001;4,0;0,0
Comércio varejista de produtos farmacêuticos, com manipulação de fórmulas;"G - Comércio; reparação de veículos";Fartura do Piauí;Baixo-Alto;0,02;0,0;0,732
Comércio varejista de produtos farmacêuticos, com manipulação de fórmulas;"G - Comércio; reparação de veículos";Flores do Piauí;Alto-Baixo;0,001;1,0;0,0
Comércio varejista de produtos farmacêuticos, com manipulação de fórmulas;"G - Comércio; reparação de veículos";Jacobina do Piauí;Baixo-Alto;0,046;0,0;0,414
Comércio varejista de produtos farmacêuticos, com manipulação de fórmulas;"G - Comércio; reparação de veículos";José de Freitas;Alto-Baixo;0,001;3,0;0,0
Comércio varejista de produtos farmacêuticos, com manipulação de fórmulas;"G - Comércio; reparação de veículos";João Costa;Baixo-Alto;0,048;0,0;0,366
Comércio varejista de produtos farmacêuticos, com manipulação de fórmulas;"G - Comércio; reparação de veículos";Monte Alegre do Piauí;Baixo-Alto;0,028;0,0;0,549
Comércio varejista de produtos farmacêuticos, com manipulação de fórmulas;"G - Comércio; reparação de veículos";Morro Cabeça no Tempo;Baixo-Alto;0,028;0,0;0,549
Comércio varejista de produtos farmacêuticos, com manipulação de fórmulas;"G - Comércio; reparação de veículos";Paulistana;Alto-Baixo;0,001;11,0;0,0
Comércio varejista de produtos farmacêuticos, com manipulação de fórmulas;"G - Comércio; reparação de veículos";Pedro II;Alto-Baixo;0,001;2,0;0,0
Comércio varejista de produtos farmacêuticos, com manipulação de fórmulas;"G - Comércio; reparação de veículos";Piracuruca;Alto-Baixo;0,001;1,0;0,0
Comércio varejista de produtos farmacêuticos, com manipulação de fórmulas;"G - Comércio; reparação de veículos";Queimada Nova;Baixo-Alto;0,025;0,0;0,621
Comércio varejista de produtos farmacêuticos, com manipulação de fórmulas;"G - Comércio; reparação de veículos";Santo Inácio do Piauí;Alto-Baixo;0,001;1,0;0,0
Comércio varejista de produtos farmacêuticos, com manipulação de fórmulas;"G - Comércio; reparação de veículos";São Braz do Piauí;Baixo-Alto;0,039;0,0;0,439
Comércio varejista de produtos farmacêuticos, com manipulação de fórmulas;"G - Comércio; reparação de veículos";São Francisco de Assis do Piauí;Baixo-Alto;0,039;0,0;0,355
Comércio varejista de produtos farmacêuticos, com manipulação de fórmulas;"G - Comércio; reparação de veículos";São Lourenço do Piauí;Baixo-Alto;0,013;0,0;0,732
Comércio varejista de produtos farmacêuticos, com manipulação de fórmulas;"G - Comércio; reparação de veículos";Uruçuí;Alto-Baixo;0,001;2,0;0,0
Comércio varejista de produtos farmacêuticos, com manipulação de fórmulas;"G - Comércio; reparação de veículos";Várzea Branca;Baixo-Alto;0,027;0,0;0,549
Comércio varejista de produtos farmacêuticos, sem manipulação de fórmulas;"G - Comércio; reparação de veículos";Alto Longá;Baixo-Alto;0,005;0,0;0,999
Comércio varejista de produtos farmacêuticos, sem manipulação de fórmulas;"G - Comércio; reparação de veículos";Assunção do Piauí;Alto-Baixo;0,001;6,0;0,0
Comércio varejista de produtos farmacêuticos, sem manipulação de fórmulas;"G - Comércio; reparação de veículos";Cajueiro da Praia;Alto-Baixo;0,001;10,0;0,0
Comércio varejista de produtos farmacêuticos, sem manipulação de fórmulas;"G - Comércio; reparação de veículos";Curralinhos;Alto-Baixo;0,001;1,0;0,0
Comércio varejista de produtos farmacêuticos, sem manipulação de fórmulas;"G - Comércio; reparação de veículos";Geminiano;Alto-Baixo;0,001;6,0;0,0
Comércio varejista de produtos farmacêuticos, sem manipulação de fórmulas;"G - Comércio; reparação de veículos";Hugo Napoleão;Baixo-Alto;0,037;0,0;0,97
Comércio varejista de produtos farmacêuticos, sem manipulação de fórmulas;"G - Comércio; reparação de veículos";Morro do Chapéu do Piauí;Alto-Baixo;0,001;1,0;0,0
Comércio varejista de produtos farmacêuticos, sem manipulação de fórmulas;"G - Comércio; reparação de veículos";São Luis do Piauí;Alto-Baixo;0,001;1,0;0,0
Comércio varejista de produtos farmacêuticos, sem manipulação de fórmulas;"G - Comércio; reparação de veículos";São Raimundo Nonato;Baixo-Alto;0,048;0,0;0,763
Comércio varejista de produtos farmacêuticos, sem manipulação de fórmulas;"G - Comércio; reparação de veículos";Wall Ferraz;Alto-Baixo;0,001;1,0;0,0
Comércio varejista de suvenires, bijuterias e artesanatos;"G - Comércio; reparação de veículos";Amarante;Alto-Baixo;0,001;1,0;0,0
Comércio varejista de suvenires, bijuterias e artesanatos;"G - Comércio; reparação de veículos";Baixa Grande do Ribeiro;Baixo-Alto;0,021;0,0;0,611
Comércio varejista de suvenires, bijuterias e artesanatos;"G - Comércio; reparação de veículos";Barras;Alto-Alto;0,023;1,0;0,578
Comércio varejista de suvenires, bijuterias e artesanatos;"G - Comércio; reparação de veículos";Bonfim do Piauí;Baixo-Alto;0,007;0,0;0,978
Comércio varejista de suvenires, bijuterias e artesanatos;"G - Comércio; reparação de veículos";Brejo do Piauí;Baixo-Alto;0,029;0,0;0,512
Comércio varejista de suvenires, bijuterias e artesanatos;"G - Comércio; reparação de veículos";Cabeceiras do Piauí;Baixo-Alto;0,007;0,0;0,751
Comércio varejista de suvenires, bijuterias e artesanatos;"G - Comércio; reparação de veículos";Coronel José Dias;Baixo-Alto;0,027;0,0;0,782
Comércio varejista de suvenires, bijuterias e artesanatos;"G - Comércio; reparação de veículos";Curimatá;Alto-Baixo;0,001;1,0;0,0
Comércio varejista de suvenires, bijuterias e artesanatos;"G - Comércio; reparação de veículos";Dirceu Arcoverde;Baixo-Alto;0,007;0,0;0,978
Comércio varejista de suvenires, bijuterias e artesanatos;"G - Comércio; reparação de veículos";Fartura do Piauí;Baixo-Alto;0,006;0,0;1,304
Comércio varejista de suvenires, bijuterias e artesanatos;"G - Comércio; reparação de veículos";Guadalupe;Alto-Baixo;0,001;1,0;0,0
Comércio varejista de suvenires, bijuterias e artesanatos;"G - Comércio; reparação de veículos";José de Freitas;Alto-Baixo;0,001;11,0;0,0
Comércio varejista de suvenires, bijuterias e artesanatos;"G - Comércio; reparação de veículos";João Costa;Baixo-Alto;0,015;0,0;0,768
Comércio varejista de suvenires, bijuterias e artesanatos;"G - Comércio; reparação de veículos";Lagoa Alegre;Baixo-Alto;0,004;0,0;1,33
Comércio varejista de suvenires, bijuterias e artesanatos;"G - Comércio; reparação de veículos";Lagoa de São Francisco;Baixo-Alto;0,039;0,0;0,896
Comércio varejista de suvenires, bijuterias e artesanatos;"G - Comércio; reparação de veículos";Monte Alegre do Piauí;Baixo-Alto;0,028;0,0;0,795
Comércio varejista de suvenires, bijuterias e artesanatos;"G - Comércio; reparação de veículos";Morro Cabeça no Tempo;Baixo-Alto;0,046;0,0;0,621
Comércio varejista de suvenires, bijuterias e artesanatos;"G - Comércio; reparação de veículos";Nossa Senhora dos Remédios;Baixo-Alto;0,023;0,0;0,882
Comércio varejista de suvenires, bijuterias e artesanatos;"G - Comércio; reparação de veículos";Oeiras;Alto-Baixo;0,001;2,0;0,0
Comércio varejista de suvenires, bijuterias e artesanatos;"G - Comércio; reparação de veículos";Paulistana;Alto-Baixo;0,001;1,0;0,0
Comércio varejista de suvenires, bijuterias e artesanatos;"G - Comércio; reparação de veículos";Piracuruca;Alto-Baixo;0,001;1,0;0,0
Comércio varejista de suvenires, bijuterias e artesanatos;"G - Comércio; reparação de veículos";Porto;Baixo-Alto;0,022;0,0;0,944
Comércio varejista de suvenires, bijuterias e artesanatos;"G - Comércio; reparação de veículos";São Braz do Piauí;Baixo-Alto;0,024;0,0;0,782
Comércio varejista de suvenires, bijuterias e artesanatos;"G - Comércio; reparação de veículos";São Gonçalo do Gurguéia;Baixo-Alto;0,048;0,0;0,693
Comércio varejista de suvenires, bijuterias e artesanatos;"G - Comércio; reparação de veículos";São José do Piauí;Alto-Baixo;0,001;1,0;0,0
Comércio varejista de suvenires, bijuterias e artesanatos;"G - Comércio; reparação de veículos";São João do Piauí;Alto-Baixo;0,001;1,0;0,0
Comércio varejista de suvenires, bijuterias e artesanatos;"G - Comércio; reparação de veículos";São Lourenço do Piauí;Baixo-Alto;0,002;0,0;1,304
Comércio varejista de suvenires, bijuterias e artesanatos;"G - Comércio; reparação de veículos";São Raimundo Nonato;Alto-Baixo;0,001;49,0;0,0
Comércio varejista de suvenires, bijuterias e artesanatos;"G - Comércio; reparação de veículos";União;Baixo-Alto;0,004;0,0;1,33
Comércio varejista de suvenires, bijuterias e artesanatos;"G - Comércio; reparação de veículos";Uruçuí;Alto-Baixo;0,001;2,0;0,0
Comércio varejista de suvenires, bijuterias e artesanatos;"G - Comércio; reparação de veículos";Várzea Branca;Baixo-Alto;0,009;0,0;0,978
Comércio varejista de vidros;"G - Comércio; reparação de veículos";Acauã;Baixo-Alto;0,039;0,0;0,462
Comércio varejista de vidros;"G - Comércio; reparação de veículos";Avelino Lopes;Baixo-Alto;0,01;0,0;0,536
Comércio varejista de vidros;"G - Comércio; reparação de veículos";Barras;Alto-Baixo;0,001;1,0;0,0
Comércio varejista de vidros;"G - Comércio; reparação de veículos";Betânia do Piauí;Baixo-Alto;0,042;0,0;0,462
Comércio varejista de vidros;"G - Comércio; reparação de veículos";Castelo do Piauí;Alto-Baixo;0,001;1,0;0,0
Comércio varejista de vidros;"G - Comércio; reparação de veículos";Corrente;Alto-Baixo;0,001;4,0;0,0
Comércio varejista de vidros;"G - Comércio; reparação de veículos";Cristalândia do Piauí;Baixo-Alto;0,023;0,0;0,805
Comércio varejista de vidros;"G - Comércio; reparação de veículos";Curimatá;Alto-Baixo;0,001;4,0;0,0
Comércio varejista de vidros;"G - Comércio; reparação de veículos";Curral Novo do Piauí;Baixo-Alto;0,012;0,0;0,416
Comércio varejista de vidros;"G - Comércio; reparação de veículos";Elesbão Veloso;Alto-Baixo;0,001;2,0;0,0
Comércio varejista de vidros;"G - Comércio; reparação de veículos";Ilha Grande;Alto-Baixo;0,001;1,0;0,0
Comércio varejista de vidros;"G - Comércio; reparação de veículos";José de Freitas;Alto-Alto;0,02;1,0;0,347
Comércio varejista de vidros;"G - Comércio; reparação de veículos";Júlio Borges;Baixo-Alto;0,008;0,0;0,536
Comércio varejista de vidros;"G - Comércio; reparação de veículos";Lagoa Alegre;Baixo-Alto;0,007;0,0;0,52
Comércio varejista de vidros;"G - Comércio; reparação de veículos";Marcolândia;Baixo-Alto;0,044;0,0;0,347
Comércio varejista de vidros;"G - Comércio; reparação de veículos";Miguel Alves;Baixo-Alto;0,021;0,0;0,347
Comércio varejista de vidros;"G - Comércio; reparação de veículos";Morro Cabeça no Tempo;Baixo-Alto;0,044;0,0;0,402
Comércio varejista de vidros;"G - Comércio; reparação de veículos";Pajeú do Piauí;Baixo-Alto;0,02;0,0;0,358
Comércio varejista de vidros;"G - Comércio; reparação de veículos";Parnaguá;Baixo-Alto;0,001;0,0;0,644
Comércio varejista de vidros;"G - Comércio; reparação de veículos";Parnaíba;Baixo-Alto;0,041;0,0;0,347
Comércio varejista de vidros;"G - Comércio; reparação de veículos";Paulistana;Alto-Baixo;0,001;3,0;0,0
Comércio varejista de vidros;"G - Comércio; reparação de veículos";Pavussu;Baixo-Alto;0,025;0,0;0,358
Comércio varejista de vidros;"G - Comércio; reparação de veículos";Queimada Nova;Baixo-Alto;0,044;0,0;0,347
Comércio varejista de vidros;"G - Comércio; reparação de veículos";Redenção do Gurguéia;Baixo-Alto;0,026;0,0;0,322
Comércio varejista de vidros;"G - Comércio; reparação de veículos";Riacho Frio;Baixo-Alto;0,005;0,0;0,46
Comércio varejista de vidros;"G - Comércio; reparação de veículos";Sebastião Barros;Baixo-Alto;0,011;0,0;0,536
Comércio varejista de vidros;"G - Comércio; reparação de veículos";São Gonçalo do Gurguéia;Baixo-Alto;0,014;0,0;0,402
Comércio varejista de vidros;"G - Comércio; reparação de veículos";São João do Piauí;Alto-Baixo;0,001;1,0;0,0
Comércio varejista de vidros;"G - Comércio; reparação de veículos";Teresina;Baixo-Alto;0,031;0,0;0,277
Comércio varejista especializado de eletrodomésticos e equipamentos de áudio e vídeo;"G - Comércio; reparação de veículos";Altos;Baixo-Alto;0,03;0,0;0,699
Comércio varejista especializado de eletrodomésticos e equipamentos de áudio e vídeo;"G - Comércio; reparação de veículos";Alvorada do Gurguéia;Baixo-Alto;0,032;0,0;0,634
Comércio varejista especializado de eletrodomésticos e equipamentos de áudio e vídeo;"G - Comércio; reparação de veículos";Arraial;Alto-Baixo;0,001;2,0;0,0
Comércio varejista especializado de eletrodomésticos e equipamentos de áudio e vídeo;"G - Comércio; reparação de veículos";Batalha;Baixo-Alto;0,018;0,0;0,684
Comércio varejista especializado de eletrodomésticos e equipamentos de áudio e vídeo;"G - Comércio; reparação de veículos";Boa Hora;Baixo-Alto;0,009;0,0;0,957
Comércio varejista especializado de eletrodomésticos e equipamentos de áudio e vídeo;"G - Comércio; reparação de veículos";Cabeceiras do Piauí;Alto-Alto;0,012;1,0;0,674
Comércio varejista especializado de eletrodomésticos e equipamentos de áudio e vídeo;"G - Comércio; reparação de veículos";Campo Largo do Piauí;Baixo-Alto;0,041;0,0;0,615
Comércio varejista especializado de eletrodomésticos e equipamentos de áudio e vídeo;"G - Comércio; reparação de veículos";Cocal;Baixo-Alto;0,004;0,0;0,951
Comércio varejista especializado de eletrodomésticos e equipamentos de áudio e vídeo;"G - Comércio; reparação de veículos";Cocal dos Alves;Alto-Baixo;0,001;2,0;0,0
Comércio varejista especializado de eletrodomésticos e equipamentos de áudio e vídeo;"G - Comércio; reparação de veículos";Cristino Castro;Alto-Baixo;0,001;4,0;0,0
Comércio varejista especializado de eletrodomésticos e equipamentos de áudio e vídeo;"G - Comércio; reparação de veículos";Curimatá;Baixo-Alto;0,034;0,0;0,645
Comércio varejista especializado de eletrodomésticos e equipamentos de áudio e vídeo;"G - Comércio; reparação de veículos";Dirceu Arcoverde;Alto-Baixo;0,001;1,0;0,0
Comércio varejista especializado de eletrodomésticos e equipamentos de áudio e vídeo;"G - Comércio; reparação de veículos";Esperantina;Baixo-Alto;0,044;0,0;0,615
Comércio varejista especializado de eletrodomésticos e equipamentos de áudio e vídeo;"G - Comércio; reparação de veículos";Lagoa Alegre;Baixo-Alto;0,03;0,0;0,773
Comércio varejista especializado de eletrodomésticos e equipamentos de áudio e vídeo;"G - Comércio; reparação de veículos";Lagoa de São Francisco;Baixo-Alto;0,034;0,0;1,099
Comércio varejista especializado de eletrodomésticos e equipamentos de áudio e vídeo;"G - Comércio; reparação de veículos";Matias Olímpio;Alto-Baixo;0,001;1,0;0,0
Comércio varejista especializado de eletrodomésticos e equipamentos de áudio e vídeo;"G - Comércio; reparação de veículos";Miguel Alves;Baixo-Alto;0,046;0,0;0,615
Comércio varejista especializado de eletrodomésticos e equipamentos de áudio e vídeo;"G - Comércio; reparação de veículos";Nossa Senhora dos Remédios;Baixo-Alto;0,045;0,0;0,749
Comércio varejista especializado de eletrodomésticos e equipamentos de áudio e vídeo;"G - Comércio; reparação de veículos";Olho D'Água do Piauí;Alto-Baixo;0,001;2,0;0,0
Comércio varejista especializado de eletrodomésticos e equipamentos de áudio e vídeo;"G - Comércio; reparação de veículos";Pajeú do Piauí;Alto-Baixo;0,001;1,0;0,0
Comércio varejista especializado de eletrodomésticos e equipamentos de áudio e vídeo;"G - Comércio; reparação de veículos";Parnaíba;Baixo-Alto;0,047;0,0;0,749
Comércio varejista especializado de eletrodomésticos e equipamentos de áudio e vídeo;"G - Comércio; reparação de veículos";Pau D'Arco do Piauí;Alto-Baixo;0,001;2,0;0,0
Comércio varejista especializado de eletrodomésticos e equipamentos de áudio e vídeo;"G - Comércio; reparação de veículos";Piripiri;Baixo-Alto;0,005;0,0;0,786
Comércio varejista especializado de eletrodomésticos e equipamentos de áudio e vídeo;"G - Comércio; reparação de veículos";Porto Alegre do Piauí;Baixo-Alto;0,019;0,0;0,896
Comércio varejista especializado de eletrodomésticos e equipamentos de áudio e vídeo;"G - Comércio; reparação de veículos";Várzea Grande;Alto-Baixo;0,001;2,0;0,0
Comércio varejista especializado de equipamentos de telefonia e comunicação;"G - Comércio; reparação de veículos";Altos;Alto-Alto;0,006;20,0;1,032
Comércio varejista especializado de equipamentos de telefonia e comunicação;"G - Comércio; reparação de veículos";Barras;Alto-Baixo;0,001;4,0;0,0
Comércio varejista especializado de equipamentos de telefonia e comunicação;"G - Comércio; reparação de veículos";Batalha;Baixo-Alto;0,025;0,0;0,607
Comércio varejista especializado de equipamentos de telefonia e comunicação;"G - Comércio; reparação de veículos";Cabeceiras do Piauí;Baixo-Alto;0,004;0,0;0,846
Comércio varejista especializado de equipamentos de telefonia e comunicação;"G - Comércio; reparação de veículos";Cajueiro da Praia;Alto-Alto;0,048;1,0;1,386
Comércio varejista especializado de equipamentos de telefonia e comunicação;"G - Comércio; reparação de veículos";Campo Maior;Alto-Alto;0,007;28,0;0,553
Comércio varejista especializado de equipamentos de telefonia e comunicação;"G - Comércio; reparação de veículos";Caraúbas do Piauí;Baixo-Alto;0,025;0,0;0,671
Comércio varejista especializado de equipamentos de telefonia e comunicação;"G - Comércio; reparação de veículos";Cocal de Telha;Baixo-Alto;0,034;0,0;0,673
Comércio varejista especializado de equipamentos de telefonia e comunicação;"G - Comércio; reparação de veículos";Cocal dos Alves;Baixo-Alto;0,017;0,0;1,111
Comércio varejista especializado de equipamentos de telefonia e comunicação;"G - Comércio; reparação de veículos";Coivaras;Baixo-Alto;0,001;0,0;1,776
Comércio varejista especializado de equipamentos de telefonia e comunicação;"G - Comércio; reparação de veículos";Curimatá;Alto-Baixo;0,001;1,0;0,0
Comércio varejista especializado de equipamentos de telefonia e comunicação;"G - Comércio; reparação de veículos";Demerval Lobão;Alto-Baixo;0,001;1,0;0,0
Comércio varejista especializado de equipamentos de telefonia e comunicação;"G - Comércio; reparação de veículos";Itaueira;Alto-Baixo;0,001;1,0;0,0
Comércio varejista especializado de equipamentos de telefonia e comunicação;"G - Comércio; reparação de veículos";Jatobá do Piauí;Baixo-Alto;0,021;0,0;0,842
Comércio varejista especializado de equipamentos de telefonia e comunicação;"G - Comércio; reparação de veículos";Joaquim Pires;Alto-Baixo;0,001;1,0;0,0
Comércio varejista especializado de equipamentos de telefonia e comunicação;"G - Comércio; reparação de veículos";José de Freitas;Alto-Alto;0,001;5,0;1,3
Comércio varejista especializado de equipamentos de telefonia e comunicação;"G - Comércio; reparação de veículos";Lagoa Alegre;Baixo-Alto;0,027;0,0;0,795
Comércio varejista especializado de equipamentos de telefonia e comunicação;"G - Comércio; reparação de veículos";Lagoa de São Francisco;Baixo-Alto;0,033;0,0;0,973
Comércio varejista especializado de equipamentos de telefonia e comunicação;"G - Comércio; reparação de veículos";Nazária;Alto-Baixo;0,001;1,0;0,0
Comércio varejista especializado de equipamentos de telefonia e comunicação;"G - Comércio; reparação de veículos";Nossa Senhora de Nazaré;Baixo-Alto;0,023;0,0;0,842
Comércio varejista especializado de equipamentos de telefonia e comunicação;"G - Comércio; reparação de veículos";Novo Santo Antônio;Baixo-Alto;0,017;0,0;0,812
Comércio varejista especializado de equipamentos de telefonia e comunicação;"G - Comércio; reparação de veículos";Palmeira do Piauí;Baixo-Alto;0,016;0,0;0,761
Comércio varejista especializado de equipamentos de telefonia e comunicação;"G - Comércio; reparação de veículos";Pau D'Arco do Piauí;Baixo-Alto;0,018;0,0;0,738
Comércio varejista especializado de equipamentos de telefonia e comunicação;"G - Comércio; reparação de veículos";Regeneração;Alto-Baixo;0,001;1,0;0,0
Comércio varejista especializado de equipamentos de telefonia e comunicação;"G - Comércio; reparação de veículos";Ribeiro Gonçalves;Baixo-Alto;0,008;0,0;1,29
Comércio varejista especializado de equipamentos de telefonia e comunicação;"G - Comércio; reparação de veículos";Santa Luz;Alto-Baixo;0,001;1,0;0,0
Comércio varejista especializado de equipamentos de telefonia e comunicação;"G - Comércio; reparação de veículos";Sigefredo Pacheco;Baixo-Alto;0,049;0,0;0,561
Comércio varejista especializado de equipamentos de telefonia e comunicação;"G - Comércio; reparação de veículos";Sussuapara;Alto-Baixo;0,001;1,0;0,0
Comércio varejista especializado de equipamentos de telefonia e comunicação;"G - Comércio; reparação de veículos";Teresina;Baixo-Alto;0,004;0,0;0,761
Comércio varejista especializado de equipamentos e suprimentos de informática;"G - Comércio; reparação de veículos";Alvorada do Gurguéia;Baixo-Alto;0,001;0,0;1,167
Comércio varejista especializado de equipamentos e suprimentos de informática;"G - Comércio; reparação de veículos";Anísio de Abreu;Alto-Baixo;0,001;1,0;0,0
Comércio varejista especializado de equipamentos e suprimentos de informática;"G - Comércio; reparação de veículos";Baixa Grande do Ribeiro;Alto-Alto;0,049;4,0;0,387
Comércio varejista especializado de equipamentos e suprimentos de informática;"G - Comércio; reparação de veículos";Cajueiro da Praia;Alto-Baixo;0,001;2,0;0,0
Comércio varejista especializado de equipamentos e suprimentos de informática;"G - Comércio; reparação de veículos";Caracol;Baixo-Alto;0,011;0,0;0,749
Comércio varejista especializado de equipamentos e suprimentos de informática;"G - Comércio; reparação de veículos";Coivaras;Baixo-Alto;0,022;0,0;0,621
Comércio varejista especializado de equipamentos e suprimentos de informática;"G - Comércio; reparação de veículos";Corrente;Alto-Baixo;0,001;8,0;0,0
Comércio varejista especializado de equipamentos e suprimentos de informática;"G - Comércio; reparação de veículos";Cristalândia do Piauí;Baixo-Alto;0,015;0,0;1,099
Comércio varejista especializado de equipamentos e suprimentos de informática;"G - Comércio; reparação de veículos";Currais;Baixo-Alto;0,005;0,0;0,801
Comércio varejista especializado de equipamentos e suprimentos de informática;"G - Comércio; reparação de veículos";Eliseu Martins;Baixo-Alto;0,028;0,0;0,499
Comércio varejista especializado de equipamentos e suprimentos de informática;"G - Comércio; reparação de veículos";Francisco Ayres;Baixo-Alto;0,041;0,0;0,576
Comércio varejista especializado de equipamentos e suprimentos de informática;"G - Comércio; reparação de veículos";Guadalupe;Alto-Baixo;0,001;2,0;0,0
Comércio varejista especializado de equipamentos e suprimentos de informática;"G - Comércio; reparação de veículos";Guaribas;Alto-Alto;0,001;1,0;0,94
Comércio varejista especializado de equipamentos e suprimentos de informática;"G - Comércio; reparação de veículos";Jerumenha;Baixo-Alto;0,018;0,0;0,567
Comércio varejista especializado de equipamentos e suprimentos de informática;"G - Comércio; reparação de veículos";José de Freitas;Baixo-Alto;0,042;0,0;0,414
Comércio varejista especializado de equipamentos e suprimentos de informática;"G - Comércio; reparação de veículos";Luís Correia;Baixo-Alto;0,02;0,0;0,621
Comércio varejista especializado de equipamentos e suprimentos de informática;"G - Comércio; reparação de veículos";Novo Santo Antônio;Baixo-Alto;0,034;0,0;0,497
Comércio varejista especializado de equipamentos e suprimentos de informática;"G - Comércio; reparação de veículos";Palmeira do Piauí;Baixo-Alto;0,001;0,0;0,936
Comércio varejista especializado de equipamentos e suprimentos de informática;"G - Comércio; reparação de veículos";Ribeiro Gonçalves;Alto-Alto;0,002;2,0;1,073
Comércio varejista especializado de equipamentos e suprimentos de informática;"G - Comércio; reparação de veículos";Santa Filomena;Baixo-Alto;0,007;0,0;0,903
Comércio varejista especializado de equipamentos e suprimentos de informática;"G - Comércio; reparação de veículos";Santa Luz;Baixo-Alto;0,015;0,0;0,618
Comércio varejista especializado de equipamentos e suprimentos de informática;"G - Comércio; reparação de veículos";Sebastião Barros;Baixo-Alto;0,044;0,0;0,732
Comércio varejista especializado de equipamentos e suprimentos de informática;"G - Comércio; reparação de veículos";Sigefredo Pacheco;Baixo-Alto;0,039;0,0;0,414
Comércio varejista especializado de equipamentos e suprimentos de informática;"G - Comércio; reparação de veículos";Tamboril do Piauí;Baixo-Alto;0,039;0,0;0,576
Comércio varejista especializado de equipamentos e suprimentos de informática;"G - Comércio; reparação de veículos";Uruçuí;Alto-Alto;0,046;4,0;0,387
Construção de edifícios;F - Construção;Alegrete do Piauí;Baixo-Baixo;0,035;1,0;0,116
Construção de edifícios;F - Construção;Baixa Grande do Ribeiro;Baixo-Alto;0,032;0,0;1,842
Construção de edifícios;F - Construção;Buriti dos Lopes;Alto-Baixo;0,001;34,0;0,0
Construção de edifícios;F - Construção;Cajueiro da Praia;Alto-Baixo;0,001;83,0;0,0
Construção de edifícios;F - Construção;Caridade do Piauí;Alto-Alto;0,007;6,0;2,5
Construção de edifícios;F - Construção;Colônia do Gurguéia;Alto-Baixo;0,001;2,0;0,0
Construção de edifícios;F - Construção;Curralinhos;Alto-Alto;0,023;9,0;1,93
Construção de edifícios;F - Construção;Ilha Grande;Alto-Baixo;0,001;7,0;0,0
Construção de edifícios;F - Construção;Inhuma;Alto-Baixo;0,041;12,0;0,198
Construção de edifícios;F - Construção;Massapê do Piauí;Baixo-Alto;0,007;1,0;2,371
Construção de edifícios;F - Construção;Miguel Leão;Baixo-Alto;0,042;1,0;1,826
Construção de edifícios;F - Construção;Monte Alegre do Piauí;Baixo-Alto;0,046;0,0;2,019
Construção de edifícios;F - Construção;Nazaré do Piauí;Alto-Baixo;0,001;5,0;0,0
Construção de edifícios;F - Construção;Pedro Laurentino;Alto-Alto;0,044;3,0;1,846
Construção de edifícios;F - Construção;Rio Grande do Piauí;Alto-Baixo;0,001;2,0;0,0
Construção de edifícios;F - Construção;Santa Filomena;Alto-Alto;0,023;50,0;2,452
Construção de edifícios;F - Construção;São João do Arraial;Baixo-Alto;0,041;0,0;1,799
Construção de edifícios;F - Construção;São Miguel do Fidalgo;Baixo-Alto;0,046;0,0;1,742
Construção de redes de abastecimento de água, coleta de esgoto e construções correlatas, exceto obras de irrigação;F - Construção;Alvorada do Gurguéia;Alto-Alto;0,005;9,0;0,809
Construção de redes de abastecimento de água, coleta de esgoto e construções correlatas, exceto obras de irrigação;F - Construção;Antônio Almeida;Baixo-Alto;0,015;0,0;0,866
Construção de redes de abastecimento de água, coleta de esgoto e construções correlatas, exceto obras de irrigação;F - Construção;Baixa Grande do Ribeiro;Baixo-Alto;0,039;0,0;0,495
Construção de redes de abastecimento de água, coleta de esgoto e construções correlatas, exceto obras de irrigação;F - Construção;Campo Maior;Alto-Baixo;0,001;3,0;0,0
Construção de redes de abastecimento de água, coleta de esgoto e construções correlatas, exceto obras de irrigação;F - Construção;Luzilândia;Alto-Baixo;0,001;3,0;0,0
Construção de redes de abastecimento de água, coleta de esgoto e construções correlatas, exceto obras de irrigação;F - Construção;Manoel Emídio;Baixo-Alto;0,004;0,0;0,961
Construção de redes de abastecimento de água, coleta de esgoto e construções correlatas, exceto obras de irrigação;F - Construção;Massapê do Piauí;Alto-Baixo;0,001;5,0;0,0
Construção de redes de abastecimento de água, coleta de esgoto e construções correlatas, exceto obras de irrigação;F - Construção;Palmeira do Piauí;Baixo-Alto;0,002;0,0;1,192
Construção de redes de abastecimento de água, coleta de esgoto e construções correlatas, exceto obras de irrigação;F - Construção;Ribeiro Gonçalves;Baixo-Alto;0,008;0,0;1,155
Construção de redes de abastecimento de água, coleta de esgoto e construções correlatas, exceto obras de irrigação;F - Construção;Sebastião Leal;Baixo-Alto;0,026;0,0;0,578
Construção de redes de abastecimento de água, coleta de esgoto e construções correlatas, exceto obras de irrigação;F - Construção;Simplício Mendes;Alto-Baixo;0,001;2,0;0,0
Construção de redes de abastecimento de água, coleta de esgoto e construções correlatas, exceto obras de irrigação;F - Construção;São Raimundo Nonato;Alto-Baixo;0,001;7,0;0,0
Construção de redes de abastecimento de água, coleta de esgoto e construções correlatas, exceto obras de irrigação;F - Construção;Valença do Piauí;Alto-Baixo;0,001;7,0;0,0
Construção de redes de abastecimento de água, coleta de esgoto e construções correlatas, exceto obras de irrigação;F - Construção;Água Branca;Alto-Baixo;0,001;6,0;0,0
Construção de rodovias e ferrovias;F - Construção;Acauã;Alto-Alto;0,038;10,0;2,03
Construção de rodovias e ferrovias;F - Construção;Amarante;Alto-Baixo;0,001;100,0;0,0
Construção de rodovias e ferrovias;F - Construção;Baixa Grande do Ribeiro;Alto-Alto;0,001;81,0;2,454
Construção de rodovias e ferrovias;F - Construção;Bom Jesus;Alto-Alto;0,002;4,0;1,879
Construção de rodovias e ferrovias;F - Construção;Buriti dos Lopes;Alto-Baixo;0,001;5,0;0,0
Construção de rodovias e ferrovias;F - Construção;Cajueiro da Praia;Alto-Alto;0,038;3,0;3,638
Construção de rodovias e ferrovias;F - Construção;Caraúbas do Piauí;Baixo-Alto;0,045;0,0;1,414
Construção de rodovias e ferrovias;F - Construção;Cocal;Baixo-Alto;0,042;0,0;1,427
Construção de rodovias e ferrovias;F - Construção;Colônia do Piauí;Alto-Baixo;0,001;2,0;0,0
Construção de rodovias e ferrovias;F - Construção;Cristalândia do Piauí;Baixo-Alto;0,012;0,0;3,367
Construção de rodovias e ferrovias;F - Construção;Curral Novo do Piauí;Baixo-Alto;0,01;0,0;1,956
Construção de rodovias e ferrovias;F - Construção;Jerumenha;Alto-Baixo;0,001;8,0;0,0
Construção de rodovias e ferrovias;F - Construção;Juazeiro do Piauí;Alto-Baixo;0,001;2,0;0,0
Construção de rodovias e ferrovias;F - Construção;Júlio Borges;Alto-Baixo;0,001;1,0;0,0
Construção de rodovias e ferrovias;F - Construção;Lagoa Alegre;Baixo-Alto;0,008;0,0;2,388
Construção de rodovias e ferrovias;F - Construção;Marcolândia;Alto-Baixo;0,001;25,0;0,0
Construção de rodovias e ferrovias;F - Construção;Massapê do Piauí;Alto-Baixo;0,001;1,0;0,0
Construção de rodovias e ferrovias;F - Construção;Nazária;Alto-Baixo;0,001;14,0;0,0
Construção de rodovias e ferrovias;F - Construção;Palmeira do Piauí;Baixo-Alto;0,003;0,0;2,271
Construção de rodovias e ferrovias;F - Construção;Paulistana;Alto-Alto;0,012;8,0;1,894
Construção de rodovias e ferrovias;F - Construção;Pedro II;Alto-Baixo;0,001;3,0;0,0
Construção de rodovias e ferrovias;F - Construção;Ribeiro Gonçalves;Baixo-Alto;0,001;0,0;3,85
Construção de rodovias e ferrovias;F - Construção;Santa Filomena;Alto-Alto;0,006;10,0;2,786
Construção de rodovias e ferrovias;F - Construção;Santa Luz;Baixo-Alto;0,035;0,0;1,657
Construção de rodovias e ferrovias;F - Construção;Santana do Piauí;Alto-Baixo;0,001;1,0;0,0
Construção de rodovias e ferrovias;F - Construção;São Gonçalo do Gurguéia;Baixo-Alto;0,036;0,0;1,83
Correspondentes de instituições financeiras;K - Atividades financeiras e de seguros;Alvorada do Gurguéia;Baixo-Alto;0,023;0,0;0,597
Correspondentes de instituições financeiras;K - Atividades financeiras e de seguros;Bertolínia;Baixo-Alto;0,023;0,0;0,773
Correspondentes de instituições financeiras;K - Atividades financeiras e de seguros;Bonfim do Piauí;Baixo-Alto;0,041;0,0;0,66
Correspondentes de instituições financeiras;K - Atividades financeiras e de seguros;Brejo do Piauí;Baixo-Alto;0,034;0,0;0,447
Correspondentes de instituições financeiras;K - Atividades financeiras e de seguros;Caridade do Piauí;Alto-Baixo;0,001;3,0;0,0
Correspondentes de instituições financeiras;K - Atividades financeiras e de seguros;Castelo do Piauí;Alto-Baixo;0,001;1,0;0,0
Correspondentes de instituições financeiras;K - Atividades financeiras e de seguros;Colônia do Gurguéia;Baixo-Alto;0,003;0,0;1,119
Correspondentes de instituições financeiras;K - Atividades financeiras e de seguros;Coronel José Dias;Baixo-Alto;0,041;0,0;0,528
Correspondentes de instituições financeiras;K - Atividades financeiras e de seguros;Currais;Baixo-Alto;0,018;0,0;0,659
Correspondentes de instituições financeiras;K - Atividades financeiras e de seguros;Dirceu Arcoverde;Baixo-Alto;0,034;0,0;0,66
Correspondentes de instituições financeiras;K - Atividades financeiras e de seguros;Fartura do Piauí;Baixo-Alto;0,021;0,0;0,88
Correspondentes de instituições financeiras;K - Atividades financeiras e de seguros;Floriano;Alto-Baixo;0,001;1,0;0,0
Correspondentes de instituições financeiras;K - Atividades financeiras e de seguros;Guaribas;Baixo-Alto;0,018;0,0;0,717
Correspondentes de instituições financeiras;K - Atividades financeiras e de seguros;Lagoa Alegre;Baixo-Alto;0,011;0,0;0,795
Correspondentes de instituições financeiras;K - Atividades financeiras e de seguros;Luís Correia;Alto-Baixo;0,001;1,0;0,0
Correspondentes de instituições financeiras;K - Atividades financeiras e de seguros;Manoel Emídio;Baixo-Alto;0,038;0,0;0,515
Correspondentes de instituições financeiras;K - Atividades financeiras e de seguros;Morro Cabeça no Tempo;Baixo-Alto;0,047;0,0;0,549
Correspondentes de instituições financeiras;K - Atividades financeiras e de seguros;Paulistana;Alto-Baixo;0,001;1,0;0,0
Correspondentes de instituições financeiras;K - Atividades financeiras e de seguros;Pavussu;Baixo-Alto;0,007;0,0;0,895
Correspondentes de instituições financeiras;K - Atividades financeiras e de seguros;Santa Luz;Baixo-Alto;0,02;0,0;0,659
Correspondentes de instituições financeiras;K - Atividades financeiras e de seguros;São Francisco do Piauí;Baixo-Alto;0,048;0,0;0,621
Correspondentes de instituições financeiras;K - Atividades financeiras e de seguros;São Lourenço do Piauí;Baixo-Alto;0,021;0,0;0,88
Correspondentes de instituições financeiras;K - Atividades financeiras e de seguros;São Raimundo Nonato;Alto-Baixo;0,001;13,0;0,0
Correspondentes de instituições financeiras;K - Atividades financeiras e de seguros;Valença do Piauí;Alto-Baixo;0,001;1,0;0,0
Correspondentes de instituições financeiras;K - Atividades financeiras e de seguros;Várzea Branca;Baixo-Alto;0,043;0,0;0,66
Corretagem na compra e venda e avaliação de imóveis;L - Atividades imobiliárias;Altos;Alto-Alto;0,007;28,0;0,786
Corretagem na compra e venda e avaliação de imóveis;L - Atividades imobiliárias;Bom Princípio do Piauí;Baixo-Alto;0,008;0,0;1,006
Corretagem na compra e venda e avaliação de imóveis;L - Atividades imobiliárias;Buriti dos Lopes;Baixo-Alto;0,019;0,0;0,671
Corretagem na compra e venda e avaliação de imóveis;L - Atividades imobiliárias;Cabeceiras do Piauí;Baixo-Alto;0,012;0,0;0,578
Corretagem na compra e venda e avaliação de imóveis;L - Atividades imobiliárias;Campo Maior;Alto-Alto;0,01;16,0;0,447
Corretagem na compra e venda e avaliação de imóveis;L - Atividades imobiliárias;Cocal;Alto-Baixo;0,001;1,0;0,0
Corretagem na compra e venda e avaliação de imóveis;L - Atividades imobiliárias;Coivaras;Baixo-Alto;0,001;0,0;1,55
Corretagem na compra e venda e avaliação de imóveis;L - Atividades imobiliárias;Ilha Grande;Baixo-Alto;0,008;0,0;3,332
Corretagem na compra e venda e avaliação de imóveis;L - Atividades imobiliárias;Jatobá do Piauí;Baixo-Alto;0,048;0,0;0,708
Corretagem na compra e venda e avaliação de imóveis;L - Atividades imobiliárias;José de Freitas;Alto-Alto;0,002;2,0;1,033
Corretagem na compra e venda e avaliação de imóveis;L - Atividades imobiliárias;Lagoa de São Francisco;Baixo-Alto;0,033;0,0;0,693
Corretagem na compra e venda e avaliação de imóveis;L - Atividades imobiliárias;Luís Correia;Baixo-Alto;0,007;0,0;1,006
Corretagem na compra e venda e avaliação de imóveis;L - Atividades imobiliárias;Nossa Senhora de Nazaré;Baixo-Alto;0,048;0,0;0,708
Corretagem na compra e venda e avaliação de imóveis;L - Atividades imobiliárias;Parnaíba;Alto-Baixo;0,001;27,0;0,0
Corretagem na compra e venda e avaliação de imóveis;L - Atividades imobiliárias;Pau D'Arco do Piauí;Baixo-Alto;0,024;0,0;0,561
Corretagem na compra e venda e avaliação de imóveis;L - Atividades imobiliárias;Picos;Alto-Baixo;0,001;1,0;0,0
Corretagem na compra e venda e avaliação de imóveis;L - Atividades imobiliárias;Teresina;Baixo-Alto;0,011;0,0;0,447
Corretagem na compra e venda e avaliação de imóveis;L - Atividades imobiliárias;Valença do Piauí;Alto-Baixo;0,001;1,0;0,0
Criação de bovinos para corte;A - Agricultura, pecuária, produção florestal, pesca e aquicultura;Alvorada do Gurguéia;Baixo-Alto;0,013;0,0;1,303
Criação de bovinos para corte;A - Agricultura, pecuária, produção florestal, pesca e aquicultura;Antônio Almeida;Baixo-Alto;0,013;0,0;1,48
Criação de bovinos para corte;A - Agricultura, pecuária, produção florestal, pesca e aquicultura;Baixa Grande do Ribeiro;Baixo-Alto;0,001;0,0;2,084
Criação de bovinos para corte;A - Agricultura, pecuária, produção florestal, pesca e aquicultura;Barreiras do Piauí;Baixo-Alto;0,029;0,0;1,666
Criação de bovinos para corte;A - Agricultura, pecuária, produção florestal, pesca e aquicultura;Bertolínia;Alto-Baixo;0,001;24,0;0,0
Criação de bovinos para corte;A - Agricultura, pecuária, produção florestal, pesca e aquicultura;Bom Jesus;Baixo-Alto;0,022;0,0;1,02
Criação de bovinos para corte;A - Agricultura, pecuária, produção florestal, pesca e aquicultura;Canavieira;Baixo-Alto;0,029;0,0;1,03
Criação de bovinos para corte;A - Agricultura, pecuária, produção florestal, pesca e aquicultura;Canto do Buriti;Alto-Baixo;0,001;1,0;0,0
Criação de bovinos para corte;A - Agricultura, pecuária, produção florestal, pesca e aquicultura;Corrente;Baixo-Alto;0,018;0,0;1,302
Criação de bovinos para corte;A - Agricultura, pecuária, produção florestal, pesca e aquicultura;Cristino Castro;Alto-Alto;0,037;9,0;1,054
Criação de bovinos para corte;A - Agricultura, pecuária, produção florestal, pesca e aquicultura;Curimatá;Baixo-Alto;0,023;0,0;1,195
Criação de bovinos para corte;A - Agricultura, pecuária, produção florestal, pesca e aquicultura;Dom Expedito Lopes;Alto-Baixo;0,001;2,0;0,0
Criação de bovinos para corte;A - Agricultura, pecuária, produção florestal, pesca e aquicultura;Elesbão Veloso;Alto-Baixo;0,001;10,0;0,0
Criação de bovinos para corte;A - Agricultura, pecuária, produção florestal, pesca e aquicultura;Gilbués;Alto-Alto;0,044;3,0;0,904
Criação de bovinos para corte;A - Agricultura, pecuária, produção florestal, pesca e aquicultura;Manoel Emídio;Baixo-Alto;0,014;0,0;1,224
Criação de bovinos para corte;A - Agricultura, pecuária, produção florestal, pesca e aquicultura;Nazária;Alto-Baixo;0,001;13,0;0,0
Criação de bovinos para corte;A - Agricultura, pecuária, produção florestal, pesca e aquicultura;Palmeira do Piauí;Alto-Alto;0,001;1,0;1,834
Criação de bovinos para corte;A - Agricultura, pecuária, produção florestal, pesca e aquicultura;Palmeirais;Baixo-Alto;0,009;0,0;1,316
Criação de bovinos para corte;A - Agricultura, pecuária, produção florestal, pesca e aquicultura;Passagem Franca do Piauí;Baixo-Alto;0,047;0,0;0,82
Criação de bovinos para corte;A - Agricultura, pecuária, produção florestal, pesca e aquicultura;Redenção do Gurguéia;Baixo-Alto;0,043;0,0;0,994
Criação de bovinos para corte;A - Agricultura, pecuária, produção florestal, pesca e aquicultura;Regeneração;Baixo-Alto;0,036;0,0;0,937
Criação de bovinos para corte;A - Agricultura, pecuária, produção florestal, pesca e aquicultura;Ribeiro Gonçalves;Alto-Alto;0,007;8,0;1,912
Criação de bovinos para corte;A - Agricultura, pecuária, produção florestal, pesca e aquicultura;Santa Luz;Baixo-Alto;0,006;0,0;1,514
Criação de bovinos para corte;A - Agricultura, pecuária, produção florestal, pesca e aquicultura;Sebastião Leal;Baixo-Alto;0,005;0,0;1,523
Criação de bovinos para corte;A - Agricultura, pecuária, produção florestal, pesca e aquicultura;São Gonçalo do Gurguéia;Alto-Alto;0,049;6,0;1,04
Criação de bovinos para corte;A - Agricultura, pecuária, produção florestal, pesca e aquicultura;União;Alto-Baixo;0,001;1,0;0,0
Criação de bovinos para leite;A - Agricultura, pecuária, produção florestal, pesca e aquicultura;Aroazes;Alto-Baixo;0,001;1,0;0,0
Criação de bovinos para leite;A - Agricultura, pecuária, produção florestal, pesca e aquicultura;Avelino Lopes;Baixo-Alto;0,03;0,0;0,462
Criação de bovinos para leite;A - Agricultura, pecuária, produção florestal, pesca e aquicultura;Batalha;Baixo-Alto;0,001;0,0;0,783
Criação de bovinos para leite;A - Agricultura, pecuária, produção florestal, pesca e aquicultura;Boa Hora;Baixo-Alto;0,019;0,0;0,497
Criação de bovinos para leite;A - Agricultura, pecuária, produção florestal, pesca e aquicultura;Buriti dos Lopes;Baixo-Alto;0,028;0,0;0,366
Criação de bovinos para leite;A - Agricultura, pecuária, produção florestal, pesca e aquicultura;Cajueiro da Praia;Baixo-Alto;0,02;0,0;1,099
Criação de bovinos para leite;A - Agricultura, pecuária, produção florestal, pesca e aquicultura;Caxingó;Baixo-Alto;0,015;0,0;0,549
Criação de bovinos para leite;A - Agricultura, pecuária, produção florestal, pesca e aquicultura;Cocal;Baixo-Alto;0,03;0,0;0,366
Criação de bovinos para leite;A - Agricultura, pecuária, produção florestal, pesca e aquicultura;Curimatá;Baixo-Alto;0,04;0,0;0,347
Criação de bovinos para leite;A - Agricultura, pecuária, produção florestal, pesca e aquicultura;Curralinhos;Alto-Baixo;0,001;1,0;0,0
Criação de bovinos para leite;A - Agricultura, pecuária, produção florestal, pesca e aquicultura;Domingos Mourão;Baixo-Alto;0,002;0,0;0,749
Criação de bovinos para leite;A - Agricultura, pecuária, produção florestal, pesca e aquicultura;Floriano;Alto-Baixo;0,001;1,0;0,0
Criação de bovinos para leite;A - Agricultura, pecuária, produção florestal, pesca e aquicultura;Joaquim Pires;Baixo-Alto;0,002;0,0;0,585
Criação de bovinos para leite;A - Agricultura, pecuária, produção florestal, pesca e aquicultura;Joca Marques;Baixo-Alto;0,042;0,0;0,549
Criação de bovinos para leite;A - Agricultura, pecuária, produção florestal, pesca e aquicultura;Júlio Borges;Alto-Baixo;0,001;3,0;0,0
Criação de bovinos para leite;A - Agricultura, pecuária, produção florestal, pesca e aquicultura;Lagoa de São Francisco;Baixo-Alto;0,013;0,0;0,693
Criação de bovinos para leite;A - Agricultura, pecuária, produção florestal, pesca e aquicultura;Luzilândia;Alto-Baixo;0,001;2,0;0,0
Criação de bovinos para leite;A - Agricultura, pecuária, produção florestal, pesca e aquicultura;Luís Correia;Alto-Baixo;0,001;2,0;0,0
Criação de bovinos para leite;A - Agricultura, pecuária, produção florestal, pesca e aquicultura;Marcos Parente;Alto-Baixo;0,001;2,0;0,0
Criação de bovinos para leite;A - Agricultura, pecuária, produção florestal, pesca e aquicultura;Murici dos Portelas;Alto-Baixo;0,001;2,0;0,0
Criação de bovinos para leite;A - Agricultura, pecuária, produção florestal, pesca e aquicultura;Parnaguá;Baixo-Alto;0,004;0,0;0,555
Criação de bovinos para leite;A - Agricultura, pecuária, produção florestal, pesca e aquicultura;Piracuruca;Baixo-Alto;0,001;0,0;0,585
Criação de bovinos para leite;A - Agricultura, pecuária, produção florestal, pesca e aquicultura;Piripiri;Alto-Alto;0,017;3,0;0,339
Criação de bovinos para leite;A - Agricultura, pecuária, produção florestal, pesca e aquicultura;Sebastião Barros;Alto-Baixo;0,001;1,0;0,0
Criação de bovinos para leite;A - Agricultura, pecuária, produção florestal, pesca e aquicultura;São Francisco do Piauí;Alto-Baixo;0,001;1,0;0,0
Criação de bovinos para leite;A - Agricultura, pecuária, produção florestal, pesca e aquicultura;São João da Fronteira;Baixo-Alto;0,029;0,0;0,402
Criação de bovinos para leite;A - Agricultura, pecuária, produção florestal, pesca e aquicultura;São João do Piauí;Alto-Baixo;0,001;2,0;0,0
Criação de bovinos, exceto para corte e leite;A - Agricultura, pecuária, produção florestal, pesca e aquicultura;Alvorada do Gurguéia;Alto-Baixo;0,001;1,0;0,0
Criação de bovinos, exceto para corte e leite;A - Agricultura, pecuária, produção florestal, pesca e aquicultura;Amarante;Alto-Baixo;0,001;2,0;0,0
Criação de bovinos, exceto para corte e leite;A - Agricultura, pecuária, produção florestal, pesca e aquicultura;Cajazeiras do Piauí;Alto-Baixo;0,001;1,0;0,0
Criação de bovinos, exceto para corte e leite;A - Agricultura, pecuária, produção florestal, pesca e aquicultura;Cristino Castro;Baixo-Alto;0,007;0,0;0,693
Criação de bovinos, exceto para corte e leite;A - Agricultura, pecuária, produção florestal, pesca e aquicultura;Currais;Baixo-Alto;0,007;0,0;0,693
Criação de bovinos, exceto para corte e leite;A - Agricultura, pecuária, produção florestal, pesca e aquicultura;Curralinhos;Baixo-Alto;0,032;0,0;0,462
Criação de bovinos, exceto para corte e leite;A - Agricultura, pecuária, produção florestal, pesca e aquicultura;Floriano;Baixo-Alto;0,009;0,0;0,611
Criação de bovinos, exceto para corte e leite;A - Agricultura, pecuária, produção florestal, pesca e aquicultura;Guadalupe;Baixo-Alto;0,033;0,0;0,855
Criação de bovinos, exceto para corte e leite;A - Agricultura, pecuária, produção florestal, pesca e aquicultura;Guaribas;Baixo-Alto;0,007;0,0;0,693
Criação de bovinos, exceto para corte e leite;A - Agricultura, pecuária, produção florestal, pesca e aquicultura;Hugo Napoleão;Alto-Baixo;0,001;3,0;0,0
Criação de bovinos, exceto para corte e leite;A - Agricultura, pecuária, produção florestal, pesca e aquicultura;Jerumenha;Alto-Baixo;0,001;12,0;0,0
Criação de bovinos, exceto para corte e leite;A - Agricultura, pecuária, produção florestal, pesca e aquicultura;José de Freitas;Baixo-Alto;0,028;0,0;0,53
Criação de bovinos, exceto para corte e leite;A - Agricultura, pecuária, produção florestal, pesca e aquicultura;Marcos Parente;Baixo-Alto;0,031;0,0;0,641
Criação de bovinos, exceto para corte e leite;A - Agricultura, pecuária, produção florestal, pesca e aquicultura;Nossa Senhora de Nazaré;Baixo-Alto;0,041;0,0;0,621
Criação de bovinos, exceto para corte e leite;A - Agricultura, pecuária, produção florestal, pesca e aquicultura;Olho D'Água do Piauí;Baixo-Alto;0,026;0,0;0,495
Criação de bovinos, exceto para corte e leite;A - Agricultura, pecuária, produção florestal, pesca e aquicultura;Palmeira do Piauí;Baixo-Alto;0,01;0,0;0,578
Criação de bovinos, exceto para corte e leite;A - Agricultura, pecuária, produção florestal, pesca e aquicultura;Parnaguá;Alto-Baixo;0,001;3,0;0,0
Criação de bovinos, exceto para corte e leite;A - Agricultura, pecuária, produção florestal, pesca e aquicultura;Passagem Franca do Piauí;Baixo-Alto;0,037;0,0;0,433
Criação de bovinos, exceto para corte e leite;A - Agricultura, pecuária, produção florestal, pesca e aquicultura;Sebastião Barros;Baixo-Alto;0,049;0,0;0,462
Criação de bovinos, exceto para corte e leite;A - Agricultura, pecuária, produção florestal, pesca e aquicultura;São João da Varjota;Alto-Baixo;0,001;1,0;0,0
Criação de caprinos;A - Agricultura, pecuária, produção florestal, pesca e aquicultura;Altos;Baixo-Alto;0,018;0,0;0,389
Criação de caprinos;A - Agricultura, pecuária, produção florestal, pesca e aquicultura;Aroazes;Baixo-Alto;0,02;0,0;0,414
Criação de caprinos;A - Agricultura, pecuária, produção florestal, pesca e aquicultura;Assunção do Piauí;Alto-Alto;0,033;5,0;0,693
Criação de caprinos;A - Agricultura, pecuária, produção florestal, pesca e aquicultura;Caraúbas do Piauí;Baixo-Alto;0,027;0,0;0,414
Criação de caprinos;A - Agricultura, pecuária, produção florestal, pesca e aquicultura;Cocal;Alto-Baixo;0,001;2,0;0,0
Criação de caprinos;A - Agricultura, pecuária, produção florestal, pesca e aquicultura;José de Freitas;Alto-Baixo;0,001;6,0;0,0
Criação de caprinos;A - Agricultura, pecuária, produção florestal, pesca e aquicultura;João Costa;Baixo-Alto;0,027;0,0;0,414
Criação de caprinos;A - Agricultura, pecuária, produção florestal, pesca e aquicultura;Lagoa Alegre;Baixo-Alto;0,035;0,0;0,486
Criação de caprinos;A - Agricultura, pecuária, produção florestal, pesca e aquicultura;Monte Alegre do Piauí;Baixo-Alto;0,015;0,0;0,52
Criação de caprinos;A - Agricultura, pecuária, produção florestal, pesca e aquicultura;Morro Cabeça no Tempo;Baixo-Alto;0,015;0,0;0,52
Criação de caprinos;A - Agricultura, pecuária, produção florestal, pesca e aquicultura;São Braz do Piauí;Baixo-Alto;0,021;0,0;0,497
Criação de caprinos;A - Agricultura, pecuária, produção florestal, pesca e aquicultura;São Miguel do Tapuio;Baixo-Alto;0,003;0,0;0,475
Criação de caprinos;A - Agricultura, pecuária, produção florestal, pesca e aquicultura;São Raimundo Nonato;Alto-Alto;0,039;1,0;0,276
Criação de caprinos;A - Agricultura, pecuária, produção florestal, pesca e aquicultura;Tamboril do Piauí;Baixo-Alto;0,036;0,0;0,448
Criação de caprinos;A - Agricultura, pecuária, produção florestal, pesca e aquicultura;União;Baixo-Alto;0,036;0,0;0,486
Cultivo de arroz;A - Agricultura, pecuária, produção florestal, pesca e aquicultura;Baixa Grande do Ribeiro;Baixo-Alto;0,001;0,0;2,034
Cultivo de arroz;A - Agricultura, pecuária, produção florestal, pesca e aquicultura;Barreiras do Piauí;Baixo-Alto;0,032;0,0;1,445
Cultivo de arroz;A - Agricultura, pecuária, produção florestal, pesca e aquicultura;Bom Jesus;Baixo-Alto;0,002;0,0;1,038
Cultivo de arroz;A - Agricultura, pecuária, produção florestal, pesca e aquicultura;Cristino Castro;Baixo-Alto;0,001;0,0;1,899
Cultivo de arroz;A - Agricultura, pecuária, produção florestal, pesca e aquicultura;Currais;Alto-Alto;0,035;44,0;0,722
Cultivo de arroz;A - Agricultura, pecuária, produção florestal, pesca e aquicultura;Jerumenha;Baixo-Alto;0,031;0,0;0,693
Cultivo de arroz;A - Agricultura, pecuária, produção florestal, pesca e aquicultura;Monte Alegre do Piauí;Baixo-Alto;0,011;0,0;1,125
Cultivo de arroz;A - Agricultura, pecuária, produção florestal, pesca e aquicultura;Palmeira do Piauí;Alto-Alto;0,006;36,0;0,981
Cultivo de arroz;A - Agricultura, pecuária, produção florestal, pesca e aquicultura;Redenção do Gurguéia;Alto-Baixo;0,001;4,0;0,0
Cultivo de arroz;A - Agricultura, pecuária, produção florestal, pesca e aquicultura;Riacho Frio;Baixo-Alto;0,009;0,0;0,899
Cultivo de arroz;A - Agricultura, pecuária, produção florestal, pesca e aquicultura;Ribeiro Gonçalves;Baixo-Alto;0,019;0,0;1,311
Cultivo de arroz;A - Agricultura, pecuária, produção florestal, pesca e aquicultura;Santa Luz;Baixo-Alto;0,003;0,0;1,484
Cultivo de arroz;A - Agricultura, pecuária, produção florestal, pesca e aquicultura;São Gonçalo do Gurguéia;Baixo-Alto;0,007;0,0;1,171
Cultivo de arroz;A - Agricultura, pecuária, produção florestal, pesca e aquicultura;Uruçuí;Baixo-Alto;0,015;0,0;0,813
Cultivo de milho;A - Agricultura, pecuária, produção florestal, pesca e aquicultura;Altos;Alto-Baixo;0,001;1,0;0,0
Cultivo de milho;A - Agricultura, pecuária, produção florestal, pesca e aquicultura;Baixa Grande do Ribeiro;Alto-Alto;0,001;135,0;2,69
Cultivo de milho;A - Agricultura, pecuária, produção florestal, pesca e aquicultura;Bom Jesus;Alto-Alto;0,016;95,0;0,925
Cultivo de milho;A - Agricultura, pecuária, produção florestal, pesca e aquicultura;Castelo do Piauí;Alto-Baixo;0,001;1,0;0,0
Cultivo de milho;A - Agricultura, pecuária, produção florestal, pesca e aquicultura;Cristalândia do Piauí;Baixo-Alto;0,036;0,0;1,778
Cultivo de milho;A - Agricultura, pecuária, produção florestal, pesca e aquicultura;Currais;Alto-Alto;0,001;3,0;2,547
Cultivo de milho;A - Agricultura, pecuária, produção florestal, pesca e aquicultura;Elesbão Veloso;Alto-Baixo;0,001;1,0;0,0
Cultivo de milho;A - Agricultura, pecuária, produção florestal, pesca e aquicultura;Gilbués;Alto-Alto;0,001;2,0;2,29
Cultivo de milho;A - Agricultura, pecuária, produção florestal, pesca e aquicultura;Guaribas;Baixo-Alto;0,035;0,0;1,051
Cultivo de milho;A - Agricultura, pecuária, produção florestal, pesca e aquicultura;Monte Alegre do Piauí;Baixo-Alto;0,015;0,0;1,416
Cultivo de milho;A - Agricultura, pecuária, produção florestal, pesca e aquicultura;Oeiras;Alto-Baixo;0,001;2,0;0,0
Cultivo de milho;A - Agricultura, pecuária, produção florestal, pesca e aquicultura;Palmeira do Piauí;Alto-Alto;0,008;12,0;1,165
Cultivo de milho;A - Agricultura, pecuária, produção florestal, pesca e aquicultura;Piripiri;Alto-Baixo;0,001;1,0;0,0
Cultivo de milho;A - Agricultura, pecuária, produção florestal, pesca e aquicultura;Ribeiro Gonçalves;Alto-Alto;0,001;71,0;3,285
Cultivo de milho;A - Agricultura, pecuária, produção florestal, pesca e aquicultura;Santa Filomena;Alto-Alto;0,001;139,0;3,429
Cultivo de milho;A - Agricultura, pecuária, produção florestal, pesca e aquicultura;Santa Luz;Baixo-Alto;0,003;0,0;1,842
Cultivo de milho;A - Agricultura, pecuária, produção florestal, pesca e aquicultura;Simplício Mendes;Alto-Baixo;0,001;2,0;0,0
Cultivo de milho;A - Agricultura, pecuária, produção florestal, pesca e aquicultura;Uruçuí;Baixo-Alto;0,001;0,0;1,836
Cultivo de outras plantas de lavoura temporária não especificadas anteriormente;A - Agricultura, pecuária, produção florestal, pesca e aquicultura;Alvorada do Gurguéia;Baixo-Alto;0,001;0,0;1,264
Cultivo de outras plantas de lavoura temporária não especificadas anteriormente;A - Agricultura, pecuária, produção florestal, pesca e aquicultura;Antônio Almeida;Alto-Alto;0,029;1,0;0,842
Cultivo de outras plantas de lavoura temporária não especificadas anteriormente;A - Agricultura, pecuária, produção florestal, pesca e aquicultura;Bertolínia;Baixo-Alto;0,003;0,0;0,882
Cultivo de outras plantas de lavoura temporária não especificadas anteriormente;A - Agricultura, pecuária, produção florestal, pesca e aquicultura;Buriti dos Montes;Alto-Baixo;0,001;1,0;0,0
Cultivo de outras plantas de lavoura temporária não especificadas anteriormente;A - Agricultura, pecuária, produção florestal, pesca e aquicultura;Colônia do Gurguéia;Baixo-Alto;0,003;0,0;0,882
Cultivo de outras plantas de lavoura temporária não especificadas anteriormente;A - Agricultura, pecuária, produção florestal, pesca e aquicultura;Cristino Castro;Alto-Baixo;0,001;1,0;0,0
Cultivo de outras plantas de lavoura temporária não especificadas anteriormente;A - Agricultura, pecuária, produção florestal, pesca e aquicultura;Dom Inocêncio;Alto-Baixo;0,001;1,0;0,0
Cultivo de outras plantas de lavoura temporária não especificadas anteriormente;A - Agricultura, pecuária, produção florestal, pesca e aquicultura;Eliseu Martins;Baixo-Alto;0,017;0,0;0,588
Cultivo de outras plantas de lavoura temporária não especificadas anteriormente;A - Agricultura, pecuária, produção florestal, pesca e aquicultura;Francisco Ayres;Baixo-Alto;0,047;0,0;0,347
Cultivo de outras plantas de lavoura temporária não especificadas anteriormente;A - Agricultura, pecuária, produção florestal, pesca e aquicultura;Jerumenha;Baixo-Alto;0,008;0,0;0,597
Cultivo de outras plantas de lavoura temporária não especificadas anteriormente;A - Agricultura, pecuária, produção florestal, pesca e aquicultura;Manoel Emídio;Alto-Alto;0,006;33,0;0,561
Cultivo de outras plantas de lavoura temporária não especificadas anteriormente;A - Agricultura, pecuária, produção florestal, pesca e aquicultura;Palmeira do Piauí;Baixo-Alto;0,008;0,0;0,677
Cultivo de outras plantas de lavoura temporária não especificadas anteriormente;A - Agricultura, pecuária, produção florestal, pesca e aquicultura;Pavussu;Baixo-Alto;0,047;0,0;0,439
Cultivo de outras plantas de lavoura temporária não especificadas anteriormente;A - Agricultura, pecuária, produção florestal, pesca e aquicultura;Ribeiro Gonçalves;Baixo-Alto;0,016;0,0;1,122
Cultivo de outras plantas de lavoura temporária não especificadas anteriormente;A - Agricultura, pecuária, produção florestal, pesca e aquicultura;Rio Grande do Piauí;Baixo-Alto;0,047;0,0;0,439
Cultivo de outras plantas de lavoura temporária não especificadas anteriormente;A - Agricultura, pecuária, produção florestal, pesca e aquicultura;Sebastião Leal;Baixo-Alto;0,001;0,0;1,264
Cultivo de outras plantas de lavoura temporária não especificadas anteriormente;A - Agricultura, pecuária, produção florestal, pesca e aquicultura;São José do Peixe;Baixo-Alto;0,02;0,0;0,398
Cultivo de outras plantas de lavoura temporária não especificadas anteriormente;A - Agricultura, pecuária, produção florestal, pesca e aquicultura;Uruçuí;Alto-Alto;0,004;28,0;0,603
Cultivo de soja;A - Agricultura, pecuária, produção florestal, pesca e aquicultura;Angical do Piauí;Baixo-Alto;0,015;0,0;1,1
Cultivo de soja;A - Agricultura, pecuária, produção florestal, pesca e aquicultura;Boqueirão do Piauí;Alto-Alto;0,035;5,0;0,957
Cultivo de soja;A - Agricultura, pecuária, produção florestal, pesca e aquicultura;Capitão de Campos;Baixo-Alto;0,017;0,0;1,097
Cultivo de soja;A - Agricultura, pecuária, produção florestal, pesca e aquicultura;Caraúbas do Piauí;Baixo-Alto;0,009;0,0;1,245
Cultivo de soja;A - Agricultura, pecuária, produção florestal, pesca e aquicultura;Cocal;Alto-Alto;0,047;11,0;0,831
Cultivo de soja;A - Agricultura, pecuária, produção florestal, pesca e aquicultura;Cocal dos Alves;Baixo-Alto;0,004;0,0;2,258
Cultivo de soja;A - Agricultura, pecuária, produção florestal, pesca e aquicultura;Corrente;Baixo-Alto;0,002;0,0;1,66
Cultivo de soja;A - Agricultura, pecuária, produção florestal, pesca e aquicultura;Curralinhos;Alto-Alto;0,039;32,0;0,851
Cultivo de soja;A - Agricultura, pecuária, produção florestal, pesca e aquicultura;Guadalupe;Alto-Baixo;0,001;26,0;0,0
Cultivo de soja;A - Agricultura, pecuária, produção florestal, pesca e aquicultura;Lagoa do Piauí;Baixo-Alto;0,021;0,0;1,179
Cultivo de soja;A - Agricultura, pecuária, produção florestal, pesca e aquicultura;Nazária;Baixo-Alto;0,004;0,0;2,553
Cultivo de soja;A - Agricultura, pecuária, produção florestal, pesca e aquicultura;Nossa Senhora de Nazaré;Baixo-Alto;0,022;0,0;1,298
Cultivo de soja;A - Agricultura, pecuária, produção florestal, pesca e aquicultura;Palmeirais;Alto-Alto;0,017;14,0;1,166
Cultivo de soja;A - Agricultura, pecuária, produção florestal, pesca e aquicultura;Santa Rosa do Piauí;Baixo-Alto;0,046;0,0;1,29
Cultivo de soja;A - Agricultura, pecuária, produção florestal, pesca e aquicultura;Santo Antônio dos Milagres;Baixo-Alto;0,037;0,0;1,297
Cultivo de soja;A - Agricultura, pecuária, produção florestal, pesca e aquicultura;Socorro do Piauí;Alto-Baixo;0,001;16,0;0,0
Cultivo de soja;A - Agricultura, pecuária, produção florestal, pesca e aquicultura;São José do Divino;Baixo-Alto;0,033;0,0;1,073
Cultivo de soja;A - Agricultura, pecuária, produção florestal, pesca e aquicultura;São João da Fronteira;Baixo-Alto;0,02;0,0;1,246
Cultivo de soja;A - Agricultura, pecuária, produção florestal, pesca e aquicultura;São Pedro do Piauí;Baixo-Alto;0,001;0,0;1,262
Educação infantil - pré-escola;P - Educação;Angical do Piauí;Baixo-Alto;0,018;0,0;1,043
Educação infantil - pré-escola;P - Educação;Anísio de Abreu;Alto-Baixo;0,001;9,0;0,0
Educação infantil - pré-escola;P - Educação;Avelino Lopes;Alto-Baixo;0,001;1,0;0,0
Educação infantil - pré-escola;P - Educação;Bom Princípio do Piauí;Baixo-Alto;0,009;0,0;1,608
Educação infantil - pré-escola;P - Educação;Cajueiro da Praia;Baixo-Alto;0,015;0,0;3,296
Educação infantil - pré-escola;P - Educação;Caldeirão Grande do Piauí;Baixo-Alto;0,016;0,0;1,421
Educação infantil - pré-escola;P - Educação;Caracol;Alto-Baixo;0,001;11,0;0,0
Educação infantil - pré-escola;P - Educação;Corrente;Alto-Baixo;0,001;41,0;0,0
Educação infantil - pré-escola;P - Educação;Cristalândia do Piauí;Baixo-Alto;0,017;0,0;1,869
Educação infantil - pré-escola;P - Educação;Demerval Lobão;Alto-Baixo;0,001;8,0;0,0
Educação infantil - pré-escola;P - Educação;Dom Expedito Lopes;Alto-Baixo;0,001;17,0;0,0
Educação infantil - pré-escola;P - Educação;Francinópolis;Baixo-Alto;0,03;0,0;1,058
Educação infantil - pré-escola;P - Educação;Jardim do Mulato;Baixo-Alto;0,026;0,0;0,912
Educação infantil - pré-escola;P - Educação;Joaquim Pires;Alto-Baixo;0,001;5,0;0,0
Educação infantil - pré-escola;P - Educação;Jurema;Baixo-Alto;0,041;0,0;0,957
Educação infantil - pré-escola;P - Educação;Padre Marcos;Baixo-Alto;0,03;0,0;0,959
Educação infantil - pré-escola;P - Educação;Sebastião Barros;Baixo-Alto;0,026;0,0;1,246
Educação infantil - pré-escola;P - Educação;São Julião;Baixo-Alto;0,031;0,0;1,155
Educação profissional de nível técnico;P - Educação;Angical do Piauí;Alto-Baixo;0,001;1,0;0,0
Educação profissional de nível técnico;P - Educação;Batalha;Baixo-Alto;0,006;0,0;0,691
Educação profissional de nível técnico;P - Educação;Boa Hora;Baixo-Alto;0,007;0,0;0,829
Educação profissional de nível técnico;P - Educação;Bom Princípio do Piauí;Baixo-Alto;0,003;0,0;0,922
Educação profissional de nível técnico;P - Educação;Buriti dos Lopes;Baixo-Alto;0,017;0,0;0,615
Educação profissional de nível técnico;P - Educação;Cabeceiras do Piauí;Baixo-Alto;0,029;0,0;0,467
Educação profissional de nível técnico;P - Educação;Campo Largo do Piauí;Baixo-Alto;0,015;0,0;0,623
Educação profissional de nível técnico;P - Educação;Coivaras;Baixo-Alto;0,047;0,0;0,621
Educação profissional de nível técnico;P - Educação;Floriano;Alto-Baixo;0,001;3,0;0,0
Educação profissional de nível técnico;P - Educação;Ilha Grande;Baixo-Alto;0,001;0,0;3,689
Educação profissional de nível técnico;P - Educação;José de Freitas;Baixo-Alto;0,039;0,0;0,53
Educação profissional de nível técnico;P - Educação;Lagoa de São Francisco;Baixo-Alto;0,026;0,0;0,896
Educação profissional de nível técnico;P - Educação;Luís Correia;Baixo-Alto;0,002;0,0;0,922
Educação profissional de nível técnico;P - Educação;Miguel Alves;Baixo-Alto;0,01;0,0;0,623
Educação profissional de nível técnico;P - Educação;Monsenhor Gil;Alto-Baixo;0,001;1,0;0,0
Educação profissional de nível técnico;P - Educação;Nossa Senhora dos Remédios;Baixo-Alto;0,045;0,0;0,761
Educação profissional de nível técnico;P - Educação;Oeiras;Alto-Baixo;0,001;2,0;0,0
Educação profissional de nível técnico;P - Educação;Parnaíba;Alto-Baixo;0,001;39,0;0,0
Educação profissional de nível técnico;P - Educação;Piripiri;Alto-Alto;0,021;2,0;0,467
Educação profissional de nível técnico;P - Educação;União;Alto-Baixo;0,001;1,0;0,0
Ensino fundamental;P - Educação;Bocaina;Baixo-Alto;0,014;0,0;2,185
Ensino fundamental;P - Educação;Caraúbas do Piauí;Baixo-Alto;0,025;0,0;1,821
Ensino fundamental;P - Educação;Curral Novo do Piauí;Baixo-Alto;0,007;0,0;2,45
Ensino fundamental;P - Educação;Fartura do Piauí;Alto-Baixo;0,001;223,0;0,0
Ensino fundamental;P - Educação;Francisco Ayres;Baixo-Alto;0,042;0,0;1,766
Ensino fundamental;P - Educação;Geminiano;Baixo-Alto;0,031;0,0;1,561
Ensino fundamental;P - Educação;Guadalupe;Alto-Baixo;0,001;187,0;0,0
Ensino fundamental;P - Educação;Jatobá do Piauí;Baixo-Alto;0,021;0,0;2,267
Ensino fundamental;P - Educação;Jerumenha;Baixo-Alto;0,035;0,0;1,708
Ensino fundamental;P - Educação;Marcos Parente;Baixo-Alto;0,018;0,0;2,562
Ensino fundamental;P - Educação;Massapê do Piauí;Baixo-Alto;0,008;0,0;2,45
Ensino fundamental;P - Educação;Murici dos Portelas;Baixo-Alto;0,007;0,0;3,643
Ensino fundamental;P - Educação;Nossa Senhora de Nazaré;Baixo-Alto;0,042;0,0;1,692
Ensino fundamental;P - Educação;Patos do Piauí;Baixo-Alto;0,034;0,0;1,441
Ensino fundamental;P - Educação;Porto Alegre do Piauí;Baixo-Alto;0,018;0,0;2,562
Ensino fundamental;P - Educação;Santana do Piauí;Baixo-Alto;0,036;0,0;1,88
Ensino fundamental;P - Educação;Tamboril do Piauí;Alto-Baixo;0,001;76,0;0,0
Ensino fundamental;P - Educação;Vera Mendes;Alto-Baixo;0,001;125,0;0,0
Extração e britamento de pedras e outros materiais para construção e beneficiamento associado;B - Indústrias extrativas;Altos;Alto-Baixo;0,001;2,0;0,0
Extração e britamento de pedras e outros materiais para construção e beneficiamento associado;B - Indústrias extrativas;Cajueiro da Praia;Baixo-Alto;0,021;0,0;2,485
Extração e britamento de pedras e outros materiais para construção e beneficiamento associado;B - Indústrias extrativas;Canto do Buriti;Alto-Baixo;0,001;14,0;0,0
Extração e britamento de pedras e outros materiais para construção e beneficiamento associado;B - Indústrias extrativas;Cocal;Baixo-Alto;0,025;0,0;0,828
Extração e britamento de pedras e outros materiais para construção e beneficiamento associado;B - Indústrias extrativas;Demerval Lobão;Baixo-Alto;0,047;0,0;0,957
Extração e britamento de pedras e outros materiais para construção e beneficiamento associado;B - Indústrias extrativas;Esperantina;Alto-Baixo;0,001;3,0;0,0
Extração e britamento de pedras e outros materiais para construção e beneficiamento associado;B - Indústrias extrativas;Guadalupe;Alto-Baixo;0,001;8,0;0,0
Extração e britamento de pedras e outros materiais para construção e beneficiamento associado;B - Indústrias extrativas;Juazeiro do Piauí;Alto-Baixo;0,001;6,0;0,0
Extração e britamento de pedras e outros materiais para construção e beneficiamento associado;B - Indústrias extrativas;Lagoa do Piauí;Alto-Baixo;0,001;45,0;0,0
Extração e britamento de pedras e outros materiais para construção e beneficiamento associado;B - Indústrias extrativas;Luís Correia;Alto-Baixo;0,001;11,0;0,0
Extração e britamento de pedras e outros materiais para construção e beneficiamento associado;B - Indústrias extrativas;Morro Cabeça no Tempo;Alto-Baixo;0,001;16,0;0,0
Extração e britamento de pedras e outros materiais para construção e beneficiamento associado;B - Indústrias extrativas;Nazária;Alto-Baixo;0,001;24,0;0,0
Extração e britamento de pedras e outros materiais para construção e beneficiamento associado;B - Indústrias extrativas;Pajeú do Piauí;Baixo-Alto;0,013;0,0;0,957
Extração e britamento de pedras e outros materiais para construção e beneficiamento associado;B - Indústrias extrativas;Palmeira do Piauí;Alto-Baixo;0,001;3,0;0,0
Extração e britamento de pedras e outros materiais para construção e beneficiamento associado;B - Indústrias extrativas;Paquetá;Alto-Baixo;0,001;4,0;0,0
Extração e britamento de pedras e outros materiais para construção e beneficiamento associado;B - Indústrias extrativas;Queimada Nova;Alto-Baixo;0,001;3,0;0,0
Extração e britamento de pedras e outros materiais para construção e beneficiamento associado;B - Indústrias extrativas;Rio Grande do Piauí;Baixo-Alto;0,013;0,0;0,957
Extração e britamento de pedras e outros materiais para construção e beneficiamento associado;B - Indústrias extrativas;Teresina;Baixo-Alto;0,002;0,0;0,815
Extração e britamento de pedras e outros materiais para construção e beneficiamento associado;B - Indústrias extrativas;Vera Mendes;Alto-Baixo;0,001;3,0;0,0
Fabricação de alimentos para animais;C - Indústrias de transformação;Agricolândia;Alto-Baixo;0,001;3,0;0,0
Fabricação de alimentos para animais;C - Indústrias de transformação;Antônio Almeida;Baixo-Alto;0,008;0,0;1,554
Fabricação de alimentos para animais;C - Indústrias de transformação;Baixa Grande do Ribeiro;Baixo-Alto;0,003;0,0;1,286
Fabricação de alimentos para animais;C - Indústrias de transformação;Barras;Alto-Alto;0,019;8,0;0,868
Fabricação de alimentos para animais;C - Indústrias de transformação;Batalha;Baixo-Alto;0,024;0,0;0,919
Fabricação de alimentos para animais;C - Indústrias de transformação;Cabeceiras do Piauí;Baixo-Alto;0,005;0,0;1,046
Fabricação de alimentos para animais;C - Indústrias de transformação;Campo Largo do Piauí;Baixo-Alto;0,015;0,0;1,072
Fabricação de alimentos para animais;C - Indústrias de transformação;Campo Maior;Alto-Alto;0,022;1,0;0,717
Fabricação de alimentos para animais;C - Indústrias de transformação;Coivaras;Baixo-Alto;0,019;0,0;1,272
Fabricação de alimentos para animais;C - Indústrias de transformação;Currais;Alto-Baixo;0,001;2,0;0,0
Fabricação de alimentos para animais;C - Indústrias de transformação;Demerval Lobão;Alto-Baixo;0,001;7,0;0,0
Fabricação de alimentos para animais;C - Indústrias de transformação;Elesbão Veloso;Alto-Baixo;0,001;5,0;0,0
Fabricação de alimentos para animais;C - Indústrias de transformação;Inhuma;Alto-Baixo;0,001;5,0;0,0
Fabricação de alimentos para animais;C - Indústrias de transformação;José de Freitas;Alto-Alto;0,042;15,0;0,848
Fabricação de alimentos para animais;C - Indústrias de transformação;Lagoa Alegre;Baixo-Alto;0,018;0,0;1,37
Fabricação de alimentos para animais;C - Indústrias de transformação;Manoel Emídio;Baixo-Alto;0,025;0,0;1,036
Fabricação de alimentos para animais;C - Indústrias de transformação;Monte Alegre do Piauí;Baixo-Alto;0,042;0,0;1,069
Fabricação de alimentos para animais;C - Indústrias de transformação;Nossa Senhora dos Remédios;Baixo-Alto;0,02;0,0;1,226
Fabricação de alimentos para animais;C - Indústrias de transformação;Pau D'Arco do Piauí;Baixo-Alto;0,017;0,0;1,079
Fabricação de alimentos para animais;C - Indústrias de transformação;Pedro II;Alto-Baixo;0,001;1,0;0,0
Fabricação de alimentos para animais;C - Indústrias de transformação;Redenção do Gurguéia;Alto-Baixo;0,001;5,0;0,0
Fabricação de alimentos para animais;C - Indústrias de transformação;Ribeiro Gonçalves;Baixo-Alto;0,009;0,0;1,805
Fabricação de alimentos para animais;C - Indústrias de transformação;São Julião;Alto-Baixo;0,001;22,0;0,0
Fabricação de alimentos para animais;C - Indústrias de transformação;Teresina;Baixo-Alto;0,01;0,0;0,925
Fabricação de alimentos para animais;C - Indústrias de transformação;União;Baixo-Alto;0,019;0,0;1,37
Fabricação de artefatos de cerâmica e barro cozido para uso na construção, exceto azulejos e pisos;C - Indústrias de transformação;Alegrete do Piauí;Alto-Baixo;0,001;1,0;0,0
Fabricação de artefatos de cerâmica e barro cozido para uso na construção, exceto azulejos e pisos;C - Indústrias de transformação;Aroeiras do Itaim;Alto-Baixo;0,001;60,0;0,0
Fabricação de artefatos de cerâmica e barro cozido para uso na construção, exceto azulejos e pisos;C - Indústrias de transformação;Barras;Baixo-Alto;0,028;0,0;1,046
Fabricação de artefatos de cerâmica e barro cozido para uso na construção, exceto azulejos e pisos;C - Indústrias de transformação;Beneditinos;Alto-Baixo;0,001;8,0;0,0
Fabricação de artefatos de cerâmica e barro cozido para uso na construção, exceto azulejos e pisos;C - Indústrias de transformação;Buriti dos Lopes;Baixo-Alto;0,039;0,0;1,11
Fabricação de artefatos de cerâmica e barro cozido para uso na construção, exceto azulejos e pisos;C - Indústrias de transformação;Campo Largo do Piauí;Alto-Baixo;0,001;4,0;0,0
Fabricação de artefatos de cerâmica e barro cozido para uso na construção, exceto azulejos e pisos;C - Indústrias de transformação;Curimatá;Alto-Baixo;0,001;5,0;0,0
Fabricação de artefatos de cerâmica e barro cozido para uso na construção, exceto azulejos e pisos;C - Indústrias de transformação;Geminiano;Baixo-Alto;0,041;0,0;1,0
Fabricação de artefatos de cerâmica e barro cozido para uso na construção, exceto azulejos e pisos;C - Indústrias de transformação;Ilha Grande;Alto-Baixo;0,001;70,0;0,0
Fabricação de artefatos de cerâmica e barro cozido para uso na construção, exceto azulejos e pisos;C - Indústrias de transformação;Inhuma;Alto-Baixo;0,001;31,0;0,0
Fabricação de artefatos de cerâmica e barro cozido para uso na construção, exceto azulejos e pisos;C - Indústrias de transformação;Itainópolis;Baixo-Alto;0,043;0,0;1,0
Fabricação de artefatos de cerâmica e barro cozido para uso na construção, exceto azulejos e pisos;C - Indústrias de transformação;Jaicós;Alto-Baixo;0,001;17,0;0,0
Fabricação de artefatos de cerâmica e barro cozido para uso na construção, exceto azulejos e pisos;C - Indústrias de transformação;Lagoa Alegre;Baixo-Alto;0,002;0,0;2,541
Fabricação de artefatos de cerâmica e barro cozido para uso na construção, exceto azulejos e pisos;C - Indústrias de transformação;Miguel Leão;Alto-Baixo;0,001;3,0;0,0
Fabricação de artefatos de cerâmica e barro cozido para uso na construção, exceto azulejos e pisos;C - Indústrias de transformação;Nossa Senhora dos Remédios;Baixo-Alto;0,039;0,0;1,269
Fabricação de artefatos de cerâmica e barro cozido para uso na construção, exceto azulejos e pisos;C - Indústrias de transformação;Palmeirais;Baixo-Alto;0,046;0,0;0,961
Fabricação de artefatos de cerâmica e barro cozido para uso na construção, exceto azulejos e pisos;C - Indústrias de transformação;Parnaíba;Baixo-Alto;0,041;0,0;1,066
Fabricação de artefatos de cerâmica e barro cozido para uso na construção, exceto azulejos e pisos;C - Indústrias de transformação;Porto;Baixo-Alto;0,023;0,0;1,692
Fabricação de artefatos de cerâmica e barro cozido para uso na construção, exceto azulejos e pisos;C - Indústrias de transformação;São Lourenço do Piauí;Alto-Baixo;0,001;1,0;0,0
Fabricação de artefatos de cerâmica e barro cozido para uso na construção, exceto azulejos e pisos;C - Indústrias de transformação;Teresina;Baixo-Alto;0,025;0,0;0,917
Fabricação de artefatos de cerâmica e barro cozido para uso na construção, exceto azulejos e pisos;C - Indústrias de transformação;União;Baixo-Alto;0,01;0,0;1,717
Fabricação de artigos de serralheria, exceto esquadrias;C - Indústrias de transformação;Amarante;Baixo-Alto;0,013;0,0;0,451
Fabricação de artigos de serralheria, exceto esquadrias;C - Indústrias de transformação;Batalha;Baixo-Alto;0,043;0,0;0,355
Fabricação de artigos de serralheria, exceto esquadrias;C - Indústrias de transformação;Bom Jesus;Alto-Baixo;0,001;5,0;0,0
Fabricação de artigos de serralheria, exceto esquadrias;C - Indústrias de transformação;Coronel José Dias;Baixo-Alto;0,031;0,0;0,416
Fabricação de artigos de serralheria, exceto esquadrias;C - Indústrias de transformação;Dirceu Arcoverde;Baixo-Alto;0,045;0,0;0,347
Fabricação de artigos de serralheria, exceto esquadrias;C - Indústrias de transformação;Francisco Ayres;Baixo-Alto;0,02;0,0;0,677
Fabricação de artigos de serralheria, exceto esquadrias;C - Indústrias de transformação;Itaueira;Baixo-Alto;0,015;0,0;0,387
Fabricação de artigos de serralheria, exceto esquadrias;C - Indústrias de transformação;Jerumenha;Baixo-Alto;0,013;0,0;0,451
Fabricação de artigos de serralheria, exceto esquadrias;C - Indústrias de transformação;Monte Alegre do Piauí;Baixo-Alto;0,032;0,0;0,448
Fabricação de artigos de serralheria, exceto esquadrias;C - Indústrias de transformação;Morro Cabeça no Tempo;Baixo-Alto;0,032;0,0;0,448
Fabricação de artigos de serralheria, exceto esquadrias;C - Indústrias de transformação;Nazaré do Piauí;Baixo-Alto;0,009;0,0;0,486
Fabricação de artigos de serralheria, exceto esquadrias;C - Indústrias de transformação;Piripiri;Alto-Baixo;0,001;2,0;0,0
Fabricação de artigos de serralheria, exceto esquadrias;C - Indústrias de transformação;Várzea Branca;Baixo-Alto;0,046;0,0;0,347
Fabricação de estruturas pré-moldadas de concreto armado, em série e sob encomenda;C - Indústrias de transformação;Alto Longá;Alto-Baixo;0,001;10,0;0,0
Fabricação de estruturas pré-moldadas de concreto armado, em série e sob encomenda;C - Indústrias de transformação;Beneditinos;Baixo-Alto;0,004;0,0;0,996
Fabricação de estruturas pré-moldadas de concreto armado, em série e sob encomenda;C - Indústrias de transformação;Bom Princípio do Piauí;Baixo-Alto;0,039;0,0;1,055
Fabricação de estruturas pré-moldadas de concreto armado, em série e sob encomenda;C - Indústrias de transformação;Brasileira;Alto-Baixo;0,001;1,0;0,0
Fabricação de estruturas pré-moldadas de concreto armado, em série e sob encomenda;C - Indústrias de transformação;Campo Alegre do Fidalgo;Baixo-Alto;0,009;0,0;0,925
Fabricação de estruturas pré-moldadas de concreto armado, em série e sob encomenda;C - Indústrias de transformação;Capitão Gervásio Oliveira;Baixo-Alto;0,027;0,0;1,114
Fabricação de estruturas pré-moldadas de concreto armado, em série e sob encomenda;C - Indústrias de transformação;Caxingó;Baixo-Alto;0,045;0,0;0,708
Fabricação de estruturas pré-moldadas de concreto armado, em série e sob encomenda;C - Indústrias de transformação;Curralinhos;Baixo-Alto;0,017;0,0;0,762
Fabricação de estruturas pré-moldadas de concreto armado, em série e sob encomenda;C - Indústrias de transformação;Demerval Lobão;Baixo-Alto;0,027;0,0;1,144
Fabricação de estruturas pré-moldadas de concreto armado, em série e sob encomenda;C - Indústrias de transformação;Dom Inocêncio;Baixo-Alto;0,033;0,0;0,891
Fabricação de estruturas pré-moldadas de concreto armado, em série e sob encomenda;C - Indústrias de transformação;Lagoa do Piauí;Alto-Baixo;0,001;96,0;0,0
Fabricação de estruturas pré-moldadas de concreto armado, em série e sob encomenda;C - Indústrias de transformação;Monsenhor Gil;Baixo-Alto;0,032;0,0;0,572
Fabricação de estruturas pré-moldadas de concreto armado, em série e sob encomenda;C - Indústrias de transformação;Monte Alegre do Piauí;Alto-Baixo;0,001;5,0;0,0
Fabricação de estruturas pré-moldadas de concreto armado, em série e sob encomenda;C - Indústrias de transformação;Murici dos Portelas;Baixo-Alto;0,044;0,0;0,944
Fabricação de estruturas pré-moldadas de concreto armado, em série e sob encomenda;C - Indústrias de transformação;Oeiras;Alto-Baixo;0,001;3,0;0,0
Fabricação de estruturas pré-moldadas de concreto armado, em série e sob encomenda;C - Indústrias de transformação;Parnaíba;Baixo-Alto;0,043;0,0;0,708
Fabricação de estruturas pré-moldadas de concreto armado, em série e sob encomenda;C - Indústrias de transformação;Queimada Nova;Baixo-Alto;0,004;0,0;1,388
Fabricação de estruturas pré-moldadas de concreto armado, em série e sob encomenda;C - Indústrias de transformação;Ribeiro Gonçalves;Alto-Baixo;0,001;3,0;0,0
Fabricação de estruturas pré-moldadas de concreto armado, em série e sob encomenda;C - Indústrias de transformação;Simplício Mendes;Alto-Baixo;0,001;1,0;0,0
Fabricação de estruturas pré-moldadas de concreto armado, em série e sob encomenda;C - Indústrias de transformação;Teresina;Baixo-Alto;0,042;0,0;0,457
Fabricação de letras, letreiros e placas de qualquer material, exceto luminosos;C - Indústrias de transformação;Acauã;Baixo-Alto;0,002;0,0;1,246
Fabricação de letras, letreiros e placas de qualquer material, exceto luminosos;C - Indústrias de transformação;Aroeiras do Itaim;Baixo-Alto;0,023;0,0;0,644
Fabricação de letras, letreiros e placas de qualquer material, exceto luminosos;C - Indústrias de transformação;Baixa Grande do Ribeiro;Baixo-Alto;0,031;0,0;0,454
Fabricação de letras, letreiros e placas de qualquer material, exceto luminosos;C - Indústrias de transformação;Betânia do Piauí;Baixo-Alto;0,017;0,0;0,649
Fabricação de letras, letreiros e placas de qualquer material, exceto luminosos;C - Indústrias de transformação;Bom Jesus;Alto-Baixo;0,001;5,0;0,0
Fabricação de letras, letreiros e placas de qualquer material, exceto luminosos;C - Indústrias de transformação;Campo Maior;Alto-Baixo;0,001;4,0;0,0
Fabricação de letras, letreiros e placas de qualquer material, exceto luminosos;C - Indústrias de transformação;Curral Novo do Piauí;Baixo-Alto;0,028;0,0;0,389
Fabricação de letras, letreiros e placas de qualquer material, exceto luminosos;C - Indústrias de transformação;Dom Expedito Lopes;Baixo-Alto;0,002;0,0;0,805
Fabricação de letras, letreiros e placas de qualquer material, exceto luminosos;C - Indústrias de transformação;Geminiano;Baixo-Alto;0,013;0,0;0,46
Fabricação de letras, letreiros e placas de qualquer material, exceto luminosos;C - Indústrias de transformação;Inhuma;Baixo-Alto;0,029;0,0;0,454
Fabricação de letras, letreiros e placas de qualquer material, exceto luminosos;C - Indústrias de transformação;Ipiranga do Piauí;Baixo-Alto;0,004;0,0;0,658
Fabricação de letras, letreiros e placas de qualquer material, exceto luminosos;C - Indústrias de transformação;Jacobina do Piauí;Baixo-Alto;0,037;0,0;0,324
Fabricação de letras, letreiros e placas de qualquer material, exceto luminosos;C - Indústrias de transformação;José de Freitas;Baixo-Alto;0,029;0,0;0,451
Fabricação de letras, letreiros e placas de qualquer material, exceto luminosos;C - Indústrias de transformação;Lagoa do Barro do Piauí;Baixo-Alto;0,046;0,0;0,358
Fabricação de letras, letreiros e placas de qualquer material, exceto luminosos;C - Indústrias de transformação;Lagoa do Sítio;Baixo-Alto;0,039;0,0;0,448
Fabricação de letras, letreiros e placas de qualquer material, exceto luminosos;C - Indústrias de transformação;Marcolândia;Alto-Baixo;0,001;1,0;0,0
Fabricação de letras, letreiros e placas de qualquer material, exceto luminosos;C - Indústrias de transformação;Monte Alegre do Piauí;Baixo-Alto;0,036;0,0;0,448
Fabricação de letras, letreiros e placas de qualquer material, exceto luminosos;C - Indústrias de transformação;Morro Cabeça no Tempo;Baixo-Alto;0,036;0,0;0,448
Fabricação de letras, letreiros e placas de qualquer material, exceto luminosos;C - Indústrias de transformação;Novo Oriente do Piauí;Baixo-Alto;0,02;0,0;0,636
Fabricação de letras, letreiros e placas de qualquer material, exceto luminosos;C - Indústrias de transformação;Oeiras;Alto-Baixo;0,001;3,0;0,0
Fabricação de letras, letreiros e placas de qualquer material, exceto luminosos;C - Indústrias de transformação;Paquetá;Baixo-Alto;0,021;0,0;0,644
Fabricação de letras, letreiros e placas de qualquer material, exceto luminosos;C - Indústrias de transformação;Picos;Alto-Baixo;0,001;24,0;0,0
Fabricação de letras, letreiros e placas de qualquer material, exceto luminosos;C - Indústrias de transformação;Queimada Nova;Alto-Alto;0,036;5,0;0,486
Fabricação de letras, letreiros e placas de qualquer material, exceto luminosos;C - Indústrias de transformação;Santana do Piauí;Baixo-Alto;0,005;0,0;0,805
Fabricação de letras, letreiros e placas de qualquer material, exceto luminosos;C - Indústrias de transformação;Sussuapara;Baixo-Alto;0,024;0,0;0,536
Fabricação de letras, letreiros e placas de qualquer material, exceto luminosos;C - Indústrias de transformação;São Francisco de Assis do Piauí;Baixo-Alto;0,014;0,0;0,534
Fabricação de letras, letreiros e placas de qualquer material, exceto luminosos;C - Indústrias de transformação;São Raimundo Nonato;Alto-Baixo;0,001;3,0;0,0
Fabricação de letras, letreiros e placas de qualquer material, exceto luminosos;C - Indústrias de transformação;União;Alto-Baixo;0,001;2,0;0,0
Fabricação de letras, letreiros e placas de qualquer material, exceto luminosos;C - Indústrias de transformação;Uruçuí;Alto-Baixo;0,001;3,0;0,0
Fabricação de móveis com predominância de madeira;C - Indústrias de transformação;Altos;Alto-Alto;0,046;3,0;0,416
Fabricação de móveis com predominância de madeira;C - Indústrias de transformação;Coivaras;Baixo-Alto;0,008;0,0;0,866
Fabricação de móveis com predominância de madeira;C - Indústrias de transformação;Hugo Napoleão;Baixo-Alto;0,036;0,0;0,618
Fabricação de móveis com predominância de madeira;C - Indústrias de transformação;Jatobá do Piauí;Baixo-Alto;0,046;0,0;0,52
Fabricação de móveis com predominância de madeira;C - Indústrias de transformação;José de Freitas;Baixo-Alto;0,003;0,0;0,846
Fabricação de móveis com predominância de madeira;C - Indústrias de transformação;Lagoinha do Piauí;Baixo-Alto;0,035;0,0;0,618
Fabricação de móveis com predominância de madeira;C - Indústrias de transformação;Luís Correia;Alto-Baixo;0,001;1,0;0,0
Fabricação de móveis com predominância de madeira;C - Indústrias de transformação;Nossa Senhora de Nazaré;Baixo-Alto;0,037;0,0;0,52
Fabricação de móveis com predominância de madeira;C - Indústrias de transformação;Olho D'Água do Piauí;Baixo-Alto;0,023;0,0;0,442
Fabricação de móveis com predominância de madeira;C - Indústrias de transformação;Paulistana;Alto-Baixo;0,001;1,0;0,0
Fabricação de móveis com predominância de madeira;C - Indústrias de transformação;Ribeiro Gonçalves;Baixo-Alto;0,04;0,0;0,649
Fabricação de móveis com predominância de madeira;C - Indústrias de transformação;Simplício Mendes;Alto-Baixo;0,001;1,0;0,0
Fabricação de móveis com predominância de madeira;C - Indústrias de transformação;São Gonçalo do Piauí;Baixo-Alto;0,038;0,0;0,515
Fabricação de móveis com predominância de madeira;C - Indústrias de transformação;São João da Varjota;Baixo-Alto;0,041;0,0;0,439
Fabricação de móveis com predominância de madeira;C - Indústrias de transformação;São João do Piauí;Alto-Baixo;0,001;2,0;0,0
Fabricação de móveis com predominância de madeira;C - Indústrias de transformação;União;Alto-Baixo;0,001;4,0;0,0
Fabricação de móveis com predominância de madeira;C - Indústrias de transformação;Uruçuí;Alto-Baixo;0,001;6,0;0,0
Fabricação de móveis com predominância de madeira;C - Indústrias de transformação;Água Branca;Alto-Baixo;0,001;21,0;0,0
Fabricação de produtos de padaria e confeitaria com predominância de produção própria;C - Indústrias de transformação;Angical do Piauí;Alto-Baixo;0,001;11,0;0,0
Fabricação de produtos de padaria e confeitaria com predominância de produção própria;C - Indústrias de transformação;Batalha;Baixo-Alto;0,013;0,0;1,057
Fabricação de produtos de padaria e confeitaria com predominância de produção própria;C - Indústrias de transformação;Boa Hora;Alto-Baixo;0,001;1,0;0,0
Fabricação de produtos de padaria e confeitaria com predominância de produção própria;C - Indústrias de transformação;Bom Princípio do Piauí;Baixo-Alto;0,011;0,0;1,336
Fabricação de produtos de padaria e confeitaria com predominância de produção própria;C - Indústrias de transformação;Cajueiro da Praia;Alto-Alto;0,04;1,0;2,398
Fabricação de produtos de padaria e confeitaria com predominância de produção própria;C - Indústrias de transformação;Canavieira;Baixo-Alto;0,044;0,0;0,828
Fabricação de produtos de padaria e confeitaria com predominância de produção própria;C - Indústrias de transformação;Caracol;Alto-Baixo;0,001;4,0;0,0
Fabricação de produtos de padaria e confeitaria com predominância de produção própria;C - Indústrias de transformação;Caraúbas do Piauí;Baixo-Alto;0,007;0,0;1,217
Fabricação de produtos de padaria e confeitaria com predominância de produção própria;C - Indústrias de transformação;Cocal;Baixo-Alto;0,002;0,0;1,617
Fabricação de produtos de padaria e confeitaria com predominância de produção própria;C - Indústrias de transformação;Cocal dos Alves;Baixo-Alto;0,017;0,0;1,452
Fabricação de produtos de padaria e confeitaria com predominância de produção própria;C - Indústrias de transformação;Coronel José Dias;Alto-Baixo;0,001;1,0;0,0
Fabricação de produtos de padaria e confeitaria com predominância de produção própria;C - Indústrias de transformação;Corrente;Alto-Baixo;0,001;52,0;0,0
Fabricação de produtos de padaria e confeitaria com predominância de produção própria;C - Indústrias de transformação;Cristalândia do Piauí;Baixo-Alto;0,028;0,0;1,985
Fabricação de produtos de padaria e confeitaria com predominância de produção própria;C - Indústrias de transformação;Esperantina;Alto-Baixo;0,001;20,0;0,0
Fabricação de produtos de padaria e confeitaria com predominância de produção própria;C - Indústrias de transformação;Inhuma;Alto-Baixo;0,001;1,0;0,0
Fabricação de produtos de padaria e confeitaria com predominância de produção própria;C - Indústrias de transformação;Lagoa Alegre;Alto-Baixo;0,001;6,0;0,0
Fabricação de produtos de padaria e confeitaria com predominância de produção própria;C - Indústrias de transformação;Nazária;Alto-Baixo;0,001;2,0;0,0
Fabricação de produtos de padaria e confeitaria com predominância de produção própria;C - Indústrias de transformação;Parnaíba;Baixo-Alto;0,016;0,0;1,336
Fabricação de produtos de padaria e confeitaria com predominância de produção própria;C - Indústrias de transformação;Pimenteiras;Alto-Baixo;0,001;9,0;0,0
Fabricação de produtos de padaria e confeitaria com predominância de produção própria;C - Indústrias de transformação;Porto;Alto-Baixo;0,001;8,0;0,0
Fabricação de produtos de padaria e confeitaria com predominância de produção própria;C - Indústrias de transformação;Sebastião Barros;Baixo-Alto;0,026;0,0;1,323
Fabricação de produtos de padaria e confeitaria com predominância de produção própria;C - Indústrias de transformação;Sigefredo Pacheco;Alto-Baixo;0,001;1,0;0,0
Fabricação de produtos de padaria e confeitaria com predominância de produção própria;C - Indústrias de transformação;Simplício Mendes;Alto-Baixo;0,001;8,0;0,0
Fabricação de produtos de padaria e confeitaria com predominância de produção própria;C - Indústrias de transformação;São Gonçalo do Gurguéia;Baixo-Alto;0,042;0,0;0,993
Fabricação de produtos de padaria e confeitaria com predominância de produção própria;C - Indústrias de transformação;São José do Divino;Baixo-Alto;0,037;0,0;1,089
Fabricação de produtos de padaria e confeitaria com predominância de produção própria;C - Indústrias de transformação;São João da Fronteira;Baixo-Alto;0,037;0,0;1,089
Fabricação de produtos de padaria e confeitaria com predominância de produção própria;C - Indústrias de transformação;São Miguel da Baixa Grande;Baixo-Alto;0,023;0,0;0,999
Fabricação de produtos de padaria e confeitaria com predominância de produção própria;C - Indústrias de transformação;São Miguel do Tapuio;Baixo-Alto;0,021;0,0;0,845
Fabricação de produtos de padaria e confeitaria com predominância de produção própria;C - Indústrias de transformação;Várzea Branca;Alto-Baixo;0,001;1,0;0,0
Fabricação de produtos de padaria e confeitaria com predominância de produção própria;C - Indústrias de transformação;Água Branca;Alto-Baixo;0,001;1,0;0,0
Fabricação de produtos de panificação industrial;C - Indústrias de transformação;Agricolândia;Alto-Baixo;0,001;1,0;0,0
Fabricação de produtos de panificação industrial;C - Indústrias de transformação;Alto Longá;Alto-Baixo;0,001;4,0;0,0
Fabricação de produtos de panificação industrial;C - Indústrias de transformação;Altos;Alto-Baixo;0,001;8,0;0,0
Fabricação de produtos de panificação industrial;C - Indústrias de transformação;Alvorada do Gurguéia;Baixo-Alto;0,046;0,0;0,649
Fabricação de produtos de panificação industrial;C - Indústrias de transformação;Antônio Almeida;Baixo-Alto;0,03;0,0;0,973
Fabricação de produtos de panificação industrial;C - Indústrias de transformação;Barras;Alto-Baixo;0,001;1,0;0,0
Fabricação de produtos de panificação industrial;C - Indústrias de transformação;Belém do Piauí;Baixo-Alto;0,034;0,0;0,655
Fabricação de produtos de panificação industrial;C - Indústrias de transformação;Brasileira;Alto-Baixo;0,001;3,0;0,0
Fabricação de produtos de panificação industrial;C - Indústrias de transformação;Caracol;Alto-Baixo;0,001;6,0;0,0
Fabricação de produtos de panificação industrial;C - Indústrias de transformação;Caridade do Piauí;Baixo-Alto;0,026;0,0;0,786
Fabricação de produtos de panificação industrial;C - Indústrias de transformação;Cocal;Alto-Baixo;0,001;2,0;0,0
Fabricação de produtos de panificação industrial;C - Indústrias de transformação;Coivaras;Baixo-Alto;0,035;0,0;0,952
Fabricação de produtos de panificação industrial;C - Indústrias de transformação;Colônia do Piauí;Baixo-Alto;0,03;0,0;0,674
Fabricação de produtos de panificação industrial;C - Indústrias de transformação;Corrente;Alto-Baixo;0,001;20,0;0,0
Fabricação de produtos de panificação industrial;C - Indústrias de transformação;Cristalândia do Piauí;Baixo-Alto;0,018;0,0;1,522
Fabricação de produtos de panificação industrial;C - Indústrias de transformação;Curral Novo do Piauí;Baixo-Alto;0,026;0,0;0,786
Fabricação de produtos de panificação industrial;C - Indústrias de transformação;Guadalupe;Alto-Baixo;0,001;7,0;0,0
Fabricação de produtos de panificação industrial;C - Indústrias de transformação;José de Freitas;Baixo-Alto;0,03;0,0;0,732
Fabricação de produtos de panificação industrial;C - Indústrias de transformação;Lagoa do Piauí;Alto-Baixo;0,001;2,0;0,0
Fabricação de produtos de panificação industrial;C - Indústrias de transformação;Luzilândia;Alto-Baixo;0,001;1,0;0,0
Fabricação de produtos de panificação industrial;C - Indústrias de transformação;Manoel Emídio;Baixo-Alto;0,047;0,0;0,649
Fabricação de produtos de panificação industrial;C - Indústrias de transformação;Marcolândia;Baixo-Alto;0,016;0,0;0,983
Fabricação de produtos de panificação industrial;C - Indústrias de transformação;Massapê do Piauí;Baixo-Alto;0,021;0,0;0,786
Fabricação de produtos de panificação industrial;C - Indústrias de transformação;Nazaré do Piauí;Baixo-Alto;0,044;0,0;0,578
Fabricação de produtos de panificação industrial;C - Indústrias de transformação;Padre Marcos;Baixo-Alto;0,04;0,0;0,655
Fabricação de produtos de panificação industrial;C - Indústrias de transformação;Ribeiro Gonçalves;Baixo-Alto;0,02;0,0;1,297
Fabricação de produtos de panificação industrial;C - Indústrias de transformação;Santa Rosa do Piauí;Baixo-Alto;0,04;0,0;0,981
Fabricação de produtos de panificação industrial;C - Indústrias de transformação;Sebastião Barros;Baixo-Alto;0,036;0,0;1,015
Fabricação de produtos de panificação industrial;C - Indústrias de transformação;Simões;Alto-Baixo;0,001;50,0;0,0
Fabricação de produtos de panificação industrial;C - Indústrias de transformação;São Gonçalo do Gurguéia;Baixo-Alto;0,043;0,0;0,761
Fabricação de produtos de panificação industrial;C - Indústrias de transformação;São José do Divino;Alto-Baixo;0,001;1,0;0,0
Fabricação de produtos de panificação industrial;C - Indústrias de transformação;São João do Piauí;Alto-Baixo;0,001;1,0;0,0
Fabricação de produtos de panificação industrial;C - Indústrias de transformação;Teresina;Baixo-Alto;0,039;0,0;0,549
Fabricação de produtos de panificação industrial;C - Indústrias de transformação;União;Alto-Baixo;0,001;8,0;0,0
Fabricação de águas envasadas;C - Indústrias de transformação;Agricolândia;Baixo-Alto;0,025;0,0;1,276
Fabricação de águas envasadas;C - Indústrias de transformação;Alagoinha do Piauí;Alto-Baixo;0,001;3,0;0,0
Fabricação de águas envasadas;C - Indústrias de transformação;Boa Hora;Baixo-Alto;0,027;0,0;0,832
Fabricação de águas envasadas;C - Indústrias de transformação;Bom Princípio do Piauí;Baixo-Alto;0,002;0,0;1,746
Fabricação de águas envasadas;C - Indústrias de transformação;Brejo do Piauí;Alto-Alto;0,008;21,0;0,972
Fabricação de águas envasadas;C - Indústrias de transformação;Campo Maior;Alto-Baixo;0,001;27,0;0,0
Fabricação de águas envasadas;C - Indústrias de transformação;Caxingó;Baixo-Alto;0,04;0,0;0,896
Fabricação de águas envasadas;C - Indústrias de transformação;Cocal de Telha;Baixo-Alto;0,018;0,0;1,082
Fabricação de águas envasadas;C - Indústrias de transformação;Demerval Lobão;Alto-Baixo;0,001;33,0;0,0
Fabricação de águas envasadas;C - Indústrias de transformação;Ilha Grande;Baixo-Alto;0,024;0,0;3,401
Fabricação de águas envasadas;C - Indústrias de transformação;Jatobá do Piauí;Baixo-Alto;0,019;0,0;1,353
Fabricação de águas envasadas;C - Indústrias de transformação;João Costa;Alto-Alto;0,001;1,0;1,458
Fabricação de águas envasadas;C - Indústrias de transformação;Murici dos Portelas;Baixo-Alto;0,025;0,0;1,195
Fabricação de águas envasadas;C - Indústrias de transformação;Pajeú do Piauí;Baixo-Alto;0,002;0,0;1,611
Fabricação de águas envasadas;C - Indústrias de transformação;Parnaíba;Alto-Alto;0,033;29,0;0,896
Fabricação de águas envasadas;C - Indústrias de transformação;Pedro II;Baixo-Alto;0,045;0,0;0,693
Fabricação de águas envasadas;C - Indústrias de transformação;Pimenteiras;Alto-Baixo;0,001;5,0;0,0
Fabricação de águas envasadas;C - Indústrias de transformação;Santo Antônio de Lisboa;Baixo-Alto;0,049;0,0;0,78
Fabricação de águas envasadas;C - Indústrias de transformação;São Braz do Piauí;Baixo-Alto;0,016;0,0;1,236
Fabricação de águas envasadas;C - Indústrias de transformação;São João do Piauí;Baixo-Alto;0,038;0,0;0,705
Fabricação de águas envasadas;C - Indústrias de transformação;Tamboril do Piauí;Baixo-Alto;0,015;0,0;1,372
Fava em grão;IBGE/PAM;Alegrete do Piauí;Alto-Alto;0,014;85,0;1,754
Fava em grão;IBGE/PAM;Aroazes;Alto-Alto;0,046;9,0;1,41
Fava em grão;IBGE/PAM;Barra D'Alcântara;Baixo-Alto;0,028;0,0;1,779
Fava em grão;IBGE/PAM;Cajazeiras do Piauí;Baixo-Alto;0,02;0,0;1,899
Fava em grão;IBGE/PAM;Caldeirão Grande do Piauí;Baixo-Alto;0,001;0,0;3,745
Fava em grão;IBGE/PAM;Colônia do Gurguéia;Alto-Baixo;0,001;31,0;0,0
Fava em grão;IBGE/PAM;Flores do Piauí;Alto-Alto;0,03;19,0;1,74
Fava em grão;IBGE/PAM;Fronteiras;Alto-Alto;0,016;459,0;2,036
Fava em grão;IBGE/PAM;Inhuma;Alto-Alto;0,021;74,0;1,562
Fava em grão;IBGE/PAM;Ipiranga do Piauí;Alto-Alto;0,046;9,0;1,364
Fava em grão;IBGE/PAM;Lagoa do Sítio;Alto-Alto;0,038;29,0;1,679
Fava em grão;IBGE/PAM;Novo Oriente do Piauí;Baixo-Alto;0,001;0,0;2,642
Fava em grão;IBGE/PAM;Padre Marcos;Baixo-Alto;0,039;0,0;1,475
Fava em grão;IBGE/PAM;Pio IX;Alto-Alto;0,041;39,0;1,422
Fava em grão;IBGE/PAM;Rio Grande do Piauí;Alto-Alto;0,022;19,0;1,74
Fava em grão;IBGE/PAM;Santa Cruz dos Milagres;Baixo-Alto;0,03;0,0;1,673
Fava em grão;IBGE/PAM;São Félix do Piauí;Alto-Alto;0,014;10,0;1,926
Fava em grão;IBGE/PAM;São João da Canabrava;Baixo-Alto;0,024;0,0;1,686
Fava em grão;IBGE/PAM;São Julião;Baixo-Alto;0,001;0,0;2,855
Fava em grão;IBGE/PAM;Tanque do Piauí;Baixo-Alto;0,048;0,0;1,356
Fava em grão;IBGE/PAM;Valença do Piauí;Baixo-Alto;0,001;0,0;2,68
Formação de condutores;P - Educação;Alto Longá;Alto-Baixo;0,001;1,0;0,0
Formação de condutores;P - Educação;Alvorada do Gurguéia;Baixo-Alto;0,001;0,0;1,138
Formação de condutores;P - Educação;Antônio Almeida;Baixo-Alto;0,034;0,0;0,621
Formação de condutores;P - Educação;Baixa Grande do Ribeiro;Baixo-Alto;0,018;0,0;0,611
Formação de condutores;P - Educação;Barreiras do Piauí;Baixo-Alto;0,049;0,0;0,896
Formação de condutores;P - Educação;Belém do Piauí;Baixo-Alto;0,028;0,0;0,549
Formação de condutores;P - Educação;Bom Princípio do Piauí;Baixo-Alto;0,002;0,0;1,253
Formação de condutores;P - Educação;Cajueiro da Praia;Baixo-Alto;0,001;0,0;2,708
Formação de condutores;P - Educação;Canto do Buriti;Alto-Baixo;0,001;6,0;0,0
Formação de condutores;P - Educação;Cocal;Baixo-Alto;0,004;0,0;0,835
Formação de condutores;P - Educação;Cristino Castro;Alto-Baixo;0,001;10,0;0,0
Formação de condutores;P - Educação;Guadalupe;Alto-Baixo;0,001;4,0;0,0
Formação de condutores;P - Educação;Guaribas;Baixo-Alto;0,007;0,0;0,869
Formação de condutores;P - Educação;Jaicós;Alto-Baixo;0,001;8,0;0,0
Formação de condutores;P - Educação;Luís Correia;Alto-Baixo;0,001;14,0;0,0
Formação de condutores;P - Educação;Massapê do Piauí;Baixo-Alto;0,018;0,0;0,659
Formação de condutores;P - Educação;Miguel Alves;Alto-Baixo;0,001;1,0;0,0
Formação de condutores;P - Educação;Nazária;Alto-Baixo;0,001;1,0;0,0
Formação de condutores;P - Educação;Nova Santa Rita;Baixo-Alto;0,021;0,0;0,599
Formação de condutores;P - Educação;Palmeira do Piauí;Baixo-Alto;0,002;0,0;0,814
Formação de condutores;P - Educação;Parnaíba;Baixo-Alto;0,002;0,0;1,253
Formação de condutores;P - Educação;Pedro Laurentino;Baixo-Alto;0,021;0,0;0,599
Formação de condutores;P - Educação;Ribeiro Gonçalves;Baixo-Alto;0,032;0,0;0,828
Fornecimento de alimentos preparados preponderantemente para consumo domiciliar;I - Alojamento e alimentação;Agricolândia;Baixo-Alto;0,041;0,0;0,536
Fornecimento de alimentos preparados preponderantemente para consumo domiciliar;I - Alojamento e alimentação;Altos;Baixo-Alto;0,042;0,0;0,322
Fornecimento de alimentos preparados preponderantemente para consumo domiciliar;I - Alojamento e alimentação;Amarante;Alto-Baixo;0,001;1,0;0,0
Fornecimento de alimentos preparados preponderantemente para consumo domiciliar;I - Alojamento e alimentação;Angical do Piauí;Baixo-Alto;0,047;0,0;0,329
Fornecimento de alimentos preparados preponderantemente para consumo domiciliar;I - Alojamento e alimentação;Barras;Alto-Alto;0,005;3,0;0,499
Fornecimento de alimentos preparados preponderantemente para consumo domiciliar;I - Alojamento e alimentação;Batalha;Baixo-Alto;0,001;0,0;0,768
Fornecimento de alimentos preparados preponderantemente para consumo domiciliar;I - Alojamento e alimentação;Boa Hora;Baixo-Alto;0,001;0,0;1,075
Fornecimento de alimentos preparados preponderantemente para consumo domiciliar;I - Alojamento e alimentação;Brasileira;Baixo-Alto;0,01;0,0;0,578
Fornecimento de alimentos preparados preponderantemente para consumo domiciliar;I - Alojamento e alimentação;Cabeceiras do Piauí;Baixo-Alto;0,015;0,0;0,374
Fornecimento de alimentos preparados preponderantemente para consumo domiciliar;I - Alojamento e alimentação;Campo Largo do Piauí;Baixo-Alto;0,04;0,0;0,414
Fornecimento de alimentos preparados preponderantemente para consumo domiciliar;I - Alojamento e alimentação;Capitão de Campos;Alto-Alto;0,032;2,0;0,482
Fornecimento de alimentos preparados preponderantemente para consumo domiciliar;I - Alojamento e alimentação;Corrente;Alto-Baixo;0,001;3,0;0,0
Fornecimento de alimentos preparados preponderantemente para consumo domiciliar;I - Alojamento e alimentação;Cristalândia do Piauí;Baixo-Alto;0,03;0,0;0,693
Fornecimento de alimentos preparados preponderantemente para consumo domiciliar;I - Alojamento e alimentação;Domingos Mourão;Baixo-Alto;0,005;0,0;0,723
Fornecimento de alimentos preparados preponderantemente para consumo domiciliar;I - Alojamento e alimentação;Elesbão Veloso;Alto-Baixo;0,001;1,0;0,0
Fornecimento de alimentos preparados preponderantemente para consumo domiciliar;I - Alojamento e alimentação;José de Freitas;Alto-Baixo;0,001;4,0;0,0
Fornecimento de alimentos preparados preponderantemente para consumo domiciliar;I - Alojamento e alimentação;Lagoa Alegre;Baixo-Alto;0,028;0,0;0,402
Fornecimento de alimentos preparados preponderantemente para consumo domiciliar;I - Alojamento e alimentação;Lagoa de São Francisco;Baixo-Alto;0,001;0,0;1,445
Fornecimento de alimentos preparados preponderantemente para consumo domiciliar;I - Alojamento e alimentação;Lagoinha do Piauí;Baixo-Alto;0,038;0,0;0,322
Fornecimento de alimentos preparados preponderantemente para consumo domiciliar;I - Alojamento e alimentação;Oeiras;Alto-Baixo;0,001;1,0;0,0
Fornecimento de alimentos preparados preponderantemente para consumo domiciliar;I - Alojamento e alimentação;Palmeirais;Baixo-Alto;0,035;0,0;0,384
Fornecimento de alimentos preparados preponderantemente para consumo domiciliar;I - Alojamento e alimentação;Pedro II;Baixo-Alto;0,004;0,0;0,665
Fornecimento de alimentos preparados preponderantemente para consumo domiciliar;I - Alojamento e alimentação;Piripiri;Alto-Alto;0,02;17,0;0,311
Fornecimento de alimentos preparados preponderantemente para consumo domiciliar;I - Alojamento e alimentação;Queimada Nova;Alto-Baixo;0,001;1,0;0,0
Fornecimento de alimentos preparados preponderantemente para consumo domiciliar;I - Alojamento e alimentação;São Pedro do Piauí;Alto-Baixo;0,001;4,0;0,0
Fornecimento de alimentos preparados preponderantemente para consumo domiciliar;I - Alojamento e alimentação;União;Baixo-Alto;0,031;0,0;0,402
Fornecimento de alimentos preparados preponderantemente para consumo domiciliar;I - Alojamento e alimentação;Água Branca;Baixo-Alto;0,041;0,0;0,322
Fornecimento de alimentos preparados preponderantemente para empresas;I - Alojamento e alimentação;Altos;Alto-Baixo;0,001;2,0;0,0
Fornecimento de alimentos preparados preponderantemente para empresas;I - Alojamento e alimentação;Alvorada do Gurguéia;Baixo-Alto;0,003;0,0;1,12
Fornecimento de alimentos preparados preponderantemente para empresas;I - Alojamento e alimentação;Antônio Almeida;Baixo-Alto;0,039;0,0;0,784
Fornecimento de alimentos preparados preponderantemente para empresas;I - Alojamento e alimentação;Aroeiras do Itaim;Baixo-Alto;0,011;0,0;0,94
Fornecimento de alimentos preparados preponderantemente para empresas;I - Alojamento e alimentação;Baixa Grande do Ribeiro;Alto-Alto;0,001;13,0;1,205
Fornecimento de alimentos preparados preponderantemente para empresas;I - Alojamento e alimentação;Cajueiro da Praia;Alto-Baixo;0,001;2,0;0,0
Fornecimento de alimentos preparados preponderantemente para empresas;I - Alojamento e alimentação;Canto do Buriti;Alto-Baixo;0,001;3,0;0,0
Fornecimento de alimentos preparados preponderantemente para empresas;I - Alojamento e alimentação;Cristino Castro;Alto-Baixo;0,001;8,0;0,0
Fornecimento de alimentos preparados preponderantemente para empresas;I - Alojamento e alimentação;Currais;Baixo-Alto;0,001;0,0;1,611
Fornecimento de alimentos preparados preponderantemente para empresas;I - Alojamento e alimentação;Dom Expedito Lopes;Baixo-Alto;0,009;0,0;1,175
Fornecimento de alimentos preparados preponderantemente para empresas;I - Alojamento e alimentação;Geminiano;Baixo-Alto;0,026;0,0;0,671
Fornecimento de alimentos preparados preponderantemente para empresas;I - Alojamento e alimentação;Gilbués;Baixo-Alto;0,003;0,0;0,837
Fornecimento de alimentos preparados preponderantemente para empresas;I - Alojamento e alimentação;Guaribas;Baixo-Alto;0,002;0,0;1,36
Fornecimento de alimentos preparados preponderantemente para empresas;I - Alojamento e alimentação;Ipiranga do Piauí;Baixo-Alto;0,026;0,0;0,671
Fornecimento de alimentos preparados preponderantemente para empresas;I - Alojamento e alimentação;Marcolândia;Alto-Baixo;0,001;8,0;0,0
Fornecimento de alimentos preparados preponderantemente para empresas;I - Alojamento e alimentação;Monte Alegre do Piauí;Baixo-Alto;0,023;0,0;0,805
Fornecimento de alimentos preparados preponderantemente para empresas;I - Alojamento e alimentação;Morro Cabeça no Tempo;Baixo-Alto;0,023;0,0;0,805
Fornecimento de alimentos preparados preponderantemente para empresas;I - Alojamento e alimentação;Nazária;Alto-Baixo;0,001;7,0;0,0
Fornecimento de alimentos preparados preponderantemente para empresas;I - Alojamento e alimentação;Palmeira do Piauí;Baixo-Alto;0,001;0,0;1,329
Fornecimento de alimentos preparados preponderantemente para empresas;I - Alojamento e alimentação;Paquetá;Baixo-Alto;0,009;0,0;0,94
Fornecimento de alimentos preparados preponderantemente para empresas;I - Alojamento e alimentação;Redenção do Gurguéia;Baixo-Alto;0,033;0,0;0,644
Fornecimento de alimentos preparados preponderantemente para empresas;I - Alojamento e alimentação;Ribeiro Gonçalves;Alto-Alto;0,002;7,0;1,925
Fornecimento de alimentos preparados preponderantemente para empresas;I - Alojamento e alimentação;Santa Filomena;Baixo-Alto;0,002;0,0;1,573
Fornecimento de alimentos preparados preponderantemente para empresas;I - Alojamento e alimentação;Santa Luz;Baixo-Alto;0,007;0,0;1,083
Fornecimento de alimentos preparados preponderantemente para empresas;I - Alojamento e alimentação;Santana do Piauí;Baixo-Alto;0,004;0,0;1,175
Fornecimento de alimentos preparados preponderantemente para empresas;I - Alojamento e alimentação;Sussuapara;Baixo-Alto;0,031;0,0;0,783
Fornecimento de alimentos preparados preponderantemente para empresas;I - Alojamento e alimentação;Uruçuí;Alto-Alto;0,016;22,0;0,674
Hotéis;I - Alojamento e alimentação;Bom Jesus;Baixo-Alto;0,016;0,0;0,769
Hotéis;I - Alojamento e alimentação;Brasileira;Baixo-Alto;0,042;0,0;0,79
Hotéis;I - Alojamento e alimentação;Buriti dos Montes;Alto-Baixo;0,001;21,0;0,0
Hotéis;I - Alojamento e alimentação;Colônia do Gurguéia;Alto-Baixo;0,001;9,0;0,0
Hotéis;I - Alojamento e alimentação;Coronel José Dias;Alto-Baixo;0,001;21,0;0,0
Hotéis;I - Alojamento e alimentação;Curimatá;Alto-Baixo;0,001;6,0;0,0
Hotéis;I - Alojamento e alimentação;Demerval Lobão;Alto-Baixo;0,001;1,0;0,0
Hotéis;I - Alojamento e alimentação;Dom Inocêncio;Baixo-Alto;0,012;0,0;1,007
Hotéis;I - Alojamento e alimentação;Gilbués;Alto-Alto;0,038;8,0;0,663
Hotéis;I - Alojamento e alimentação;Itaueira;Alto-Baixo;0,001;7,0;0,0
Hotéis;I - Alojamento e alimentação;Lagoa Alegre;Baixo-Alto;0,035;0,0;0,866
Hotéis;I - Alojamento e alimentação;Marcolândia;Alto-Baixo;0,001;6,0;0,0
Hotéis;I - Alojamento e alimentação;Pedro II;Baixo-Alto;0,027;0,0;0,814
Hotéis;I - Alojamento e alimentação;Riacho Frio;Baixo-Alto;0,025;0,0;0,79
Hotéis;I - Alojamento e alimentação;Ribeiro Gonçalves;Baixo-Alto;0,043;0,0;1,086
Hotéis;I - Alojamento e alimentação;Santa Filomena;Alto-Alto;0,007;1,0;1,587
Hotéis;I - Alojamento e alimentação;São José do Divino;Baixo-Alto;0,026;0,0;0,988
Hotéis;I - Alojamento e alimentação;São Lourenço do Piauí;Baixo-Alto;0,043;0,0;1,03
Hotéis;I - Alojamento e alimentação;União;Baixo-Alto;0,041;0,0;0,866
Impressão de material para uso publicitário;C - Indústrias de transformação;Altos;Alto-Baixo;0,001;2,0;0,0
Impressão de material para uso publicitário;C - Indústrias de transformação;Baixa Grande do Ribeiro;Baixo-Alto;0,007;0,0;0,828
Impressão de material para uso publicitário;C - Indústrias de transformação;Bonfim do Piauí;Baixo-Alto;0,027;0,0;0,889
Impressão de material para uso publicitário;C - Indústrias de transformação;Currais;Baixo-Alto;0,014;0,0;0,743
Impressão de material para uso publicitário;C - Indústrias de transformação;Dirceu Arcoverde;Baixo-Alto;0,027;0,0;0,889
Impressão de material para uso publicitário;C - Indústrias de transformação;Fartura do Piauí;Baixo-Alto;0,026;0,0;1,185
Impressão de material para uso publicitário;C - Indústrias de transformação;Guaribas;Baixo-Alto;0,012;0,0;0,743
Impressão de material para uso publicitário;C - Indústrias de transformação;Inhuma;Baixo-Alto;0,024;0,0;0,57
Impressão de material para uso publicitário;C - Indústrias de transformação;João Costa;Baixo-Alto;0,046;0,0;0,593
Impressão de material para uso publicitário;C - Indústrias de transformação;Monte Alegre do Piauí;Baixo-Alto;0,007;0,0;0,928
Impressão de material para uso publicitário;C - Indústrias de transformação;Morro Cabeça no Tempo;Baixo-Alto;0,007;0,0;0,928
Impressão de material para uso publicitário;C - Indústrias de transformação;Nazaré do Piauí;Baixo-Alto;0,013;0,0;0,719
Impressão de material para uso publicitário;C - Indústrias de transformação;Novo Oriente do Piauí;Baixo-Alto;0,01;0,0;0,798
Impressão de material para uso publicitário;C - Indústrias de transformação;Redenção do Gurguéia;Baixo-Alto;0,014;0,0;0,743
Impressão de material para uso publicitário;C - Indústrias de transformação;Santa Luz;Baixo-Alto;0,015;0,0;0,743
Impressão de material para uso publicitário;C - Indústrias de transformação;Santo Inácio do Piauí;Alto-Baixo;0,001;2,0;0,0
Impressão de material para uso publicitário;C - Indústrias de transformação;São João da Varjota;Baixo-Alto;0,013;0,0;0,761
Impressão de material para uso publicitário;C - Indústrias de transformação;São Lourenço do Piauí;Baixo-Alto;0,021;0,0;1,185
Impressão de material para uso publicitário;C - Indústrias de transformação;São Raimundo Nonato;Alto-Baixo;0,001;34,0;0,0
Impressão de material para uso publicitário;C - Indústrias de transformação;Uruçuí;Alto-Baixo;0,001;7,0;0,0
Impressão de material para uso publicitário;C - Indústrias de transformação;Valença do Piauí;Alto-Baixo;0,001;5,0;0,0
Impressão de material para uso publicitário;C - Indústrias de transformação;Várzea Branca;Baixo-Alto;0,032;0,0;0,889
Impressão de material para uso publicitário;C - Indústrias de transformação;Wall Ferraz;Baixo-Alto;0,008;0,0;0,981
Incorporação de empreendimentos imobiliários;F - Construção;Altos;Alto-Baixo;0,001;5,0;0,0
Incorporação de empreendimentos imobiliários;F - Construção;Amarante;Baixo-Alto;0,034;0,0;0,567
Incorporação de empreendimentos imobiliários;F - Construção;Barras;Baixo-Alto;0,003;0,0;0,634
Incorporação de empreendimentos imobiliários;F - Construção;Batalha;Alto-Alto;0,006;1,0;0,626
Incorporação de empreendimentos imobiliários;F - Construção;Boa Hora;Baixo-Alto;0,004;0,0;0,876
Incorporação de empreendimentos imobiliários;F - Construção;Brasileira;Baixo-Alto;0,002;0,0;1,015
Incorporação de empreendimentos imobiliários;F - Construção;Cajueiro da Praia;Alto-Baixo;0,001;14,0;0,0
Incorporação de empreendimentos imobiliários;F - Construção;Capitão de Campos;Baixo-Alto;0,003;0,0;0,846
Incorporação de empreendimentos imobiliários;F - Construção;Domingos Mourão;Baixo-Alto;0,002;0,0;1,269
Incorporação de empreendimentos imobiliários;F - Construção;Floriano;Alto-Baixo;0,001;2,0;0,0
Incorporação de empreendimentos imobiliários;F - Construção;Ipiranga do Piauí;Baixo-Alto;0,043;0,0;0,454
Incorporação de empreendimentos imobiliários;F - Construção;José de Freitas;Baixo-Alto;0,027;0,0;0,645
Incorporação de empreendimentos imobiliários;F - Construção;Lagoa de São Francisco;Baixo-Alto;0,001;0,0;2,538
Incorporação de empreendimentos imobiliários;F - Construção;Luís Correia;Baixo-Alto;0,029;0,0;0,677
Incorporação de empreendimentos imobiliários;F - Construção;Pedro II;Alto-Alto;0,027;1,0;0,73
Incorporação de empreendimentos imobiliários;F - Construção;Picos;Alto-Baixo;0,001;7,0;0,0
Incorporação de empreendimentos imobiliários;F - Construção;Regeneração;Alto-Baixo;0,001;9,0;0,0
Incorporação de empreendimentos imobiliários;F - Construção;União;Alto-Baixo;0,001;7,0;0,0
Incorporação de empreendimentos imobiliários;F - Construção;Uruçuí;Alto-Baixo;0,001;1,0;0,0
Instalação e manutenção de sistemas centrais de ar condicionado, de ventilação e refrigeração;F - Construção;Batalha;Baixo-Alto;0,026;0,0;0,495
Instalação e manutenção de sistemas centrais de ar condicionado, de ventilação e refrigeração;F - Construção;Beneditinos;Baixo-Alto;0,032;0,0;0,413
Instalação e manutenção de sistemas centrais de ar condicionado, de ventilação e refrigeração;F - Construção;Boa Hora;Baixo-Alto;0,018;0,0;0,693
Instalação e manutenção de sistemas centrais de ar condicionado, de ventilação e refrigeração;F - Construção;Cabeceiras do Piauí;Baixo-Alto;0,038;0,0;0,397
Instalação e manutenção de sistemas centrais de ar condicionado, de ventilação e refrigeração;F - Construção;Capitão Gervásio Oliveira;Baixo-Alto;0,037;0,0;0,549
Instalação e manutenção de sistemas centrais de ar condicionado, de ventilação e refrigeração;F - Construção;Coivaras;Baixo-Alto;0,008;0,0;0,795
Instalação e manutenção de sistemas centrais de ar condicionado, de ventilação e refrigeração;F - Construção;Demerval Lobão;Alto-Baixo;0,001;17,0;0,0
Instalação e manutenção de sistemas centrais de ar condicionado, de ventilação e refrigeração;F - Construção;Floriano;Alto-Baixo;0,001;7,0;0,0
Instalação e manutenção de sistemas centrais de ar condicionado, de ventilação e refrigeração;F - Construção;José de Freitas;Baixo-Alto;0,014;0,0;0,645
Instalação e manutenção de sistemas centrais de ar condicionado, de ventilação e refrigeração;F - Construção;João Costa;Baixo-Alto;0,03;0,0;0,482
Instalação e manutenção de sistemas centrais de ar condicionado, de ventilação e refrigeração;F - Construção;Lagoa do Piauí;Baixo-Alto;0,027;0,0;0,578
Instalação e manutenção de sistemas centrais de ar condicionado, de ventilação e refrigeração;F - Construção;Oeiras;Alto-Baixo;0,001;1,0;0,0
Instalação e manutenção de sistemas centrais de ar condicionado, de ventilação e refrigeração;F - Construção;Pau D'Arco do Piauí;Baixo-Alto;0,003;0,0;0,828
Instalação e manutenção de sistemas centrais de ar condicionado, de ventilação e refrigeração;F - Construção;Picos;Alto-Baixo;0,001;7,0;0,0
Instalação e manutenção de sistemas centrais de ar condicionado, de ventilação e refrigeração;F - Construção;São João do Piauí;Alto-Baixo;0,001;8,0;0,0
Instalação e manutenção de sistemas centrais de ar condicionado, de ventilação e refrigeração;F - Construção;São Julião;Alto-Baixo;0,001;1,0;0,0
Instalação e manutenção de sistemas centrais de ar condicionado, de ventilação e refrigeração;F - Construção;Teresina;Baixo-Alto;0,006;0,0;0,566
Instalação e manutenção de sistemas centrais de ar condicionado, de ventilação e refrigeração;F - Construção;União;Alto-Baixo;0,001;1,0;0,0
Instalação e manutenção elétrica;F - Construção;Amarante;Baixo-Alto;0,019;0,0;0,955
Instalação e manutenção elétrica;F - Construção;Bom Jesus;Alto-Baixo;0,001;2,0;0,0
Instalação e manutenção elétrica;F - Construção;Capitão Gervásio Oliveira;Alto-Alto;0,036;3,0;0,874
Instalação e manutenção elétrica;F - Construção;Caracol;Alto-Baixo;0,001;2,0;0,0
Instalação e manutenção elétrica;F - Construção;Caxingó;Baixo-Alto;0,004;0,0;1,591
Instalação e manutenção elétrica;F - Construção;Cocal;Baixo-Alto;0,008;0,0;1,061
Instalação e manutenção elétrica;F - Construção;Corrente;Alto-Baixo;0,001;3,0;0,0
Instalação e manutenção elétrica;F - Construção;Floriano;Alto-Baixo;0,001;153,0;0,0
Instalação e manutenção elétrica;F - Construção;Francisco Ayres;Baixo-Alto;0,013;0,0;1,259
Instalação e manutenção elétrica;F - Construção;Itaueira;Baixo-Alto;0,047;0,0;0,72
Instalação e manutenção elétrica;F - Construção;Jerumenha;Baixo-Alto;0,023;0,0;0,839
Instalação e manutenção elétrica;F - Construção;Joaquim Pires;Baixo-Alto;0,03;0,0;0,761
Instalação e manutenção elétrica;F - Construção;Murici dos Portelas;Baixo-Alto;0,025;0,0;1,122
Instalação e manutenção elétrica;F - Construção;Nazaré do Piauí;Baixo-Alto;0,028;0,0;0,819
Instalação e manutenção elétrica;F - Construção;Nova Santa Rita;Baixo-Alto;0,032;0,0;0,919
Instalação e manutenção elétrica;F - Construção;Paulistana;Alto-Baixo;0,001;4,0;0,0
Instalação e manutenção elétrica;F - Construção;São Francisco do Piauí;Baixo-Alto;0,041;0,0;0,882
Instalação e manutenção elétrica;F - Construção;São José do Divino;Baixo-Alto;0,041;0,0;0,922
Instalação e manutenção elétrica;F - Construção;São José do Peixe;Baixo-Alto;0,013;0,0;0,874
Instalação e manutenção elétrica;F - Construção;São Raimundo Nonato;Alto-Baixo;0,001;1,0;0,0
Instalação e manutenção elétrica;F - Construção;União;Alto-Baixo;0,001;12,0;0,0
Instalação e manutenção elétrica;F - Construção;Uruçuí;Alto-Baixo;0,001;18,0;0,0
Instalação e manutenção elétrica;F - Construção;Vera Mendes;Alto-Baixo;0,001;2,0;0,0
Laboratórios clínicos;Q - Saúde humana e serviços sociais;Barras;Alto-Baixo;0,001;5,0;0,0
Laboratórios clínicos;Q - Saúde humana e serviços sociais;Boa Hora;Baixo-Alto;0,031;0,0;0,636
Laboratórios clínicos;Q - Saúde humana e serviços sociais;Bom Princípio do Piauí;Baixo-Alto;0,009;0,0;0,968
Laboratórios clínicos;Q - Saúde humana e serviços sociais;Cabeceiras do Piauí;Baixo-Alto;0,044;0,0;0,499
Laboratórios clínicos;Q - Saúde humana e serviços sociais;Cajueiro da Praia;Baixo-Alto;0,033;0,0;1,386
Laboratórios clínicos;Q - Saúde humana e serviços sociais;Capitão de Campos;Alto-Baixo;0,001;3,0;0,0
Laboratórios clínicos;Q - Saúde humana e serviços sociais;Caraúbas do Piauí;Baixo-Alto;0,046;0,0;0,53
Laboratórios clínicos;Q - Saúde humana e serviços sociais;Cristalândia do Piauí;Baixo-Alto;0,02;0,0;1,04
Laboratórios clínicos;Q - Saúde humana e serviços sociais;Elesbão Veloso;Alto-Baixo;0,001;2,0;0,0
Laboratórios clínicos;Q - Saúde humana e serviços sociais;José de Freitas;Alto-Baixo;0,001;8,0;0,0
Laboratórios clínicos;Q - Saúde humana e serviços sociais;Júlio Borges;Baixo-Alto;0,045;0,0;0,693
Laboratórios clínicos;Q - Saúde humana e serviços sociais;Madeiro;Baixo-Alto;0,018;0,0;0,903
Laboratórios clínicos;Q - Saúde humana e serviços sociais;Padre Marcos;Baixo-Alto;0,049;0,0;0,53
Laboratórios clínicos;Q - Saúde humana e serviços sociais;Parnaguá;Alto-Alto;0,024;1,0;0,693
Laboratórios clínicos;Q - Saúde humana e serviços sociais;Parnaíba;Baixo-Alto;0,042;0,0;0,621
Laboratórios clínicos;Q - Saúde humana e serviços sociais;Queimada Nova;Alto-Baixo;0,001;6,0;0,0
Laboratórios clínicos;Q - Saúde humana e serviços sociais;Riacho Frio;Baixo-Alto;0,002;0,0;0,792
Laboratórios clínicos;Q - Saúde humana e serviços sociais;Sebastião Barros;Baixo-Alto;0,015;0,0;0,924
Laboratórios clínicos;Q - Saúde humana e serviços sociais;São Gonçalo do Gurguéia;Baixo-Alto;0,035;0,0;0,693
Laboratórios clínicos;Q - Saúde humana e serviços sociais;São João da Serra;Baixo-Alto;0,013;0,0;0,795
Laboratórios clínicos;Q - Saúde humana e serviços sociais;São João do Piauí;Alto-Baixo;0,001;6,0;0,0
Laboratórios clínicos;Q - Saúde humana e serviços sociais;União;Baixo-Alto;0,049;0,0;0,549
Lanchonetes, casas de chá, de sucos e similares;I - Alojamento e alimentação;Agricolândia;Baixo-Alto;0,044;0,0;0,924
Lanchonetes, casas de chá, de sucos e similares;I - Alojamento e alimentação;Alvorada do Gurguéia;Baixo-Alto;0,005;0,0;1,122
Lanchonetes, casas de chá, de sucos e similares;I - Alojamento e alimentação;Barra D'Alcântara;Alto-Baixo;0,001;3,0;0,0
Lanchonetes, casas de chá, de sucos e similares;I - Alojamento e alimentação;Barro Duro;Alto-Alto;0,026;2,0;1,166
Lanchonetes, casas de chá, de sucos e similares;I - Alojamento e alimentação;Beneditinos;Baixo-Alto;0,012;0,0;0,896
Lanchonetes, casas de chá, de sucos e similares;I - Alojamento e alimentação;Campo Maior;Baixo-Alto;0,037;0,0;0,56
Lanchonetes, casas de chá, de sucos e similares;I - Alojamento e alimentação;Capitão de Campos;Alto-Baixo;0,001;2,0;0,0
Lanchonetes, casas de chá, de sucos e similares;I - Alojamento e alimentação;Coivaras;Baixo-Alto;0,022;0,0;0,997
Lanchonetes, casas de chá, de sucos e similares;I - Alojamento e alimentação;Cristino Castro;Alto-Baixo;0,001;3,0;0,0
Lanchonetes, casas de chá, de sucos e similares;I - Alojamento e alimentação;Demerval Lobão;Alto-Baixo;0,001;7,0;0,0
Lanchonetes, casas de chá, de sucos e similares;I - Alojamento e alimentação;Guaribas;Baixo-Alto;0,046;0,0;0,738
Lanchonetes, casas de chá, de sucos e similares;I - Alojamento e alimentação;Lagoa do Piauí;Baixo-Alto;0,011;0,0;1,115
Lanchonetes, casas de chá, de sucos e similares;I - Alojamento e alimentação;Miguel Alves;Alto-Baixo;0,001;3,0;0,0
Lanchonetes, casas de chá, de sucos e similares;I - Alojamento e alimentação;Miguel Leão;Baixo-Alto;0,007;0,0;1,045
Lanchonetes, casas de chá, de sucos e similares;I - Alojamento e alimentação;Olho D'Água do Piauí;Baixo-Alto;0,003;0,0;1,053
Lanchonetes, casas de chá, de sucos e similares;I - Alojamento e alimentação;Palmeira do Piauí;Baixo-Alto;0,007;0,0;1,007
Lanchonetes, casas de chá, de sucos e similares;I - Alojamento e alimentação;Pau D'Arco do Piauí;Baixo-Alto;0,007;0,0;1,011
Lanchonetes, casas de chá, de sucos e similares;I - Alojamento e alimentação;Ribeiro Gonçalves;Baixo-Alto;0,004;0,0;1,551
Lanchonetes, casas de chá, de sucos e similares;I - Alojamento e alimentação;Simplício Mendes;Alto-Baixo;0,001;3,0;0,0
Lanchonetes, casas de chá, de sucos e similares;I - Alojamento e alimentação;Teresina;Baixo-Alto;0,001;0,0;1,117
Limpeza em prédios e em domicílios;N - Atividades administrativas e serviços complementares;Agricolândia;Baixo-Alto;0,027;0,0;0,693
Limpeza em prédios e em domicílios;N - Atividades administrativas e serviços complementares;Aroeiras do Itaim;Baixo-Alto;0,009;0,0;0,728
Limpeza em prédios e em domicílios;N - Atividades administrativas e serviços complementares;Bom Jesus;Alto-Baixo;0,001;1,0;0,0
Limpeza em prédios e em domicílios;N - Atividades administrativas e serviços complementares;Capitão Gervásio Oliveira;Baixo-Alto;0,023;0,0;0,621
Limpeza em prédios e em domicílios;N - Atividades administrativas e serviços complementares;Dom Expedito Lopes;Baixo-Alto;0,006;0,0;0,909
Limpeza em prédios e em domicílios;N - Atividades administrativas e serviços complementares;Dom Inocêncio;Baixo-Alto;0,034;0,0;0,497
Limpeza em prédios e em domicílios;N - Atividades administrativas e serviços complementares;Domingos Mourão;Baixo-Alto;0,038;0,0;0,52
Limpeza em prédios e em domicílios;N - Atividades administrativas e serviços complementares;Floriano;Alto-Baixo;0,001;5,0;0,0
Limpeza em prédios e em domicílios;N - Atividades administrativas e serviços complementares;Geminiano;Baixo-Alto;0,029;0,0;0,52
Limpeza em prédios e em domicílios;N - Atividades administrativas e serviços complementares;Ilha Grande;Baixo-Alto;0,033;0,0;1,386
Limpeza em prédios e em domicílios;N - Atividades administrativas e serviços complementares;Ipiranga do Piauí;Baixo-Alto;0,003;0,0;0,776
Limpeza em prédios e em domicílios;N - Atividades administrativas e serviços complementares;Lagoa de São Francisco;Baixo-Alto;0,018;0,0;1,04
Limpeza em prédios e em domicílios;N - Atividades administrativas e serviços complementares;Milton Brandão;Baixo-Alto;0,039;0,0;0,52
Limpeza em prédios e em domicílios;N - Atividades administrativas e serviços complementares;Nazaré do Piauí;Baixo-Alto;0,037;0,0;0,512
Limpeza em prédios e em domicílios;N - Atividades administrativas e serviços complementares;Nova Santa Rita;Baixo-Alto;0,035;0,0;0,497
Limpeza em prédios e em domicílios;N - Atividades administrativas e serviços complementares;Oeiras;Alto-Baixo;0,001;5,0;0,0
Limpeza em prédios e em domicílios;N - Atividades administrativas e serviços complementares;Paquetá;Baixo-Alto;0,006;0,0;0,728
Limpeza em prédios e em domicílios;N - Atividades administrativas e serviços complementares;Pedro II;Alto-Baixo;0,001;7,0;0,0
Limpeza em prédios e em domicílios;N - Atividades administrativas e serviços complementares;Pedro Laurentino;Baixo-Alto;0,029;0,0;0,497
Limpeza em prédios e em domicílios;N - Atividades administrativas e serviços complementares;Picos;Alto-Baixo;0,001;37,0;0,0
Limpeza em prédios e em domicílios;N - Atividades administrativas e serviços complementares;Santa Rosa do Piauí;Baixo-Alto;0,044;0,0;0,597
Limpeza em prédios e em domicílios;N - Atividades administrativas e serviços complementares;Santana do Piauí;Baixo-Alto;0,017;0,0;0,909
Limpeza em prédios e em domicílios;N - Atividades administrativas e serviços complementares;Sebastião Barros;Baixo-Alto;0,044;0,0;0,597
Limpeza em prédios e em domicílios;N - Atividades administrativas e serviços complementares;Sussuapara;Baixo-Alto;0,006;0,0;0,606
Limpeza em prédios e em domicílios;N - Atividades administrativas e serviços complementares;São João do Piauí;Alto-Baixo;0,001;11,0;0,0
Limpeza em prédios e em domicílios;N - Atividades administrativas e serviços complementares;São Pedro do Piauí;Alto-Baixo;0,001;7,0;0,0
Limpeza em prédios e em domicílios;N - Atividades administrativas e serviços complementares;Uruçuí;Alto-Baixo;0,001;1,0;0,0
Locação de automóveis sem condutor;N - Atividades administrativas e serviços complementares;Acauã;Baixo-Alto;0,003;0,0;1,779
Locação de automóveis sem condutor;N - Atividades administrativas e serviços complementares;Agricolândia;Alto-Baixo;0,001;1,0;0,0
Locação de automóveis sem condutor;N - Atividades administrativas e serviços complementares;Capitão de Campos;Alto-Baixo;0,001;2,0;0,0
Locação de automóveis sem condutor;N - Atividades administrativas e serviços complementares;Fartura do Piauí;Baixo-Alto;0,044;0,0;0,768
Locação de automóveis sem condutor;N - Atividades administrativas e serviços complementares;Fronteiras;Alto-Baixo;0,001;9,0;0,0
Locação de automóveis sem condutor;N - Atividades administrativas e serviços complementares;Itainópolis;Alto-Baixo;0,001;27,0;0,0
Locação de automóveis sem condutor;N - Atividades administrativas e serviços complementares;Lagoa do Barro do Piauí;Baixo-Alto;0,02;0,0;0,79
Locação de automóveis sem condutor;N - Atividades administrativas e serviços complementares;Luís Correia;Alto-Baixo;0,001;1,0;0,0
Locação de automóveis sem condutor;N - Atividades administrativas e serviços complementares;Oeiras;Alto-Baixo;0,001;1,0;0,0
Locação de automóveis sem condutor;N - Atividades administrativas e serviços complementares;Paulistana;Alto-Alto;0,036;3,0;0,659
Locação de automóveis sem condutor;N - Atividades administrativas e serviços complementares;Pedro Laurentino;Alto-Baixo;0,001;7,0;0,0
Locação de automóveis sem condutor;N - Atividades administrativas e serviços complementares;Ribeiro Gonçalves;Baixo-Alto;0,018;0,0;1,145
Locação de automóveis sem condutor;N - Atividades administrativas e serviços complementares;Santa Cruz do Piauí;Baixo-Alto;0,047;0,0;0,503
Locação de automóveis sem condutor;N - Atividades administrativas e serviços complementares;Santa Cruz dos Milagres;Alto-Baixo;0,001;2,0;0,0
Locação de automóveis sem condutor;N - Atividades administrativas e serviços complementares;Santa Filomena;Alto-Baixo;0,001;30,0;0,0
Locação de automóveis sem condutor;N - Atividades administrativas e serviços complementares;São Francisco de Assis do Piauí;Baixo-Alto;0,016;0,0;0,763
Locação de automóveis sem condutor;N - Atividades administrativas e serviços complementares;São Raimundo Nonato;Alto-Baixo;0,001;9,0;0,0
Locação de automóveis sem condutor;N - Atividades administrativas e serviços complementares;Vera Mendes;Baixo-Alto;0,04;0,0;1,111
Lojas de departamentos ou magazines, exceto lojas francas (Duty free);"G - Comércio; reparação de veículos";Angical do Piauí;Baixo-Alto;0,029;0,0;0,556
Lojas de departamentos ou magazines, exceto lojas francas (Duty free);"G - Comércio; reparação de veículos";Barras;Baixo-Alto;0,036;0,0;0,489
Lojas de departamentos ou magazines, exceto lojas francas (Duty free);"G - Comércio; reparação de veículos";Barro Duro;Baixo-Alto;0,006;0,0;1,261
Lojas de departamentos ou magazines, exceto lojas francas (Duty free);"G - Comércio; reparação de veículos";Beneditinos;Baixo-Alto;0,035;0,0;0,541
Lojas de departamentos ou magazines, exceto lojas francas (Duty free);"G - Comércio; reparação de veículos";Boa Hora;Baixo-Alto;0,012;0,0;0,819
Lojas de departamentos ou magazines, exceto lojas francas (Duty free);"G - Comércio; reparação de veículos";Bonfim do Piauí;Alto-Baixo;0,001;3,0;0,0
Lojas de departamentos ou magazines, exceto lojas francas (Duty free);"G - Comércio; reparação de veículos";Boqueirão do Piauí;Baixo-Alto;0,012;0,0;0,819
Lojas de departamentos ou magazines, exceto lojas francas (Duty free);"G - Comércio; reparação de veículos";Cabeceiras do Piauí;Alto-Baixo;0,001;4,0;0,0
Lojas de departamentos ou magazines, exceto lojas francas (Duty free);"G - Comércio; reparação de veículos";Cajueiro da Praia;Alto-Baixo;0,001;3,0;0,0
Lojas de departamentos ou magazines, exceto lojas francas (Duty free);"G - Comércio; reparação de veículos";Cocal de Telha;Baixo-Alto;0,034;0,0;0,497
Lojas de departamentos ou magazines, exceto lojas francas (Duty free);"G - Comércio; reparação de veículos";Coronel José Dias;Baixo-Alto;0,033;0,0;0,578
Lojas de departamentos ou magazines, exceto lojas francas (Duty free);"G - Comércio; reparação de veículos";Curral Novo do Piauí;Alto-Baixo;0,001;4,0;0,0
Lojas de departamentos ou magazines, exceto lojas francas (Duty free);"G - Comércio; reparação de veículos";Curralinhos;Baixo-Alto;0,012;0,0;0,724
Lojas de departamentos ou magazines, exceto lojas francas (Duty free);"G - Comércio; reparação de veículos";Hugo Napoleão;Baixo-Alto;0,025;0,0;0,666
Lojas de departamentos ou magazines, exceto lojas francas (Duty free);"G - Comércio; reparação de veículos";Jatobá do Piauí;Baixo-Alto;0,035;0,0;0,621
Lojas de departamentos ou magazines, exceto lojas francas (Duty free);"G - Comércio; reparação de veículos";Manoel Emídio;Alto-Baixo;0,001;7,0;0,0
Lojas de departamentos ou magazines, exceto lojas francas (Duty free);"G - Comércio; reparação de veículos";Miguel Alves;Baixo-Alto;0,013;0,0;0,652
Lojas de departamentos ou magazines, exceto lojas francas (Duty free);"G - Comércio; reparação de veículos";Miguel Leão;Baixo-Alto;0,007;0,0;0,724
Lojas de departamentos ou magazines, exceto lojas francas (Duty free);"G - Comércio; reparação de veículos";Olho D'Água do Piauí;Baixo-Alto;0,029;0,0;0,541
Lojas de departamentos ou magazines, exceto lojas francas (Duty free);"G - Comércio; reparação de veículos";Porto;Baixo-Alto;0,046;0,0;0,768
Lojas de departamentos ou magazines, exceto lojas francas (Duty free);"G - Comércio; reparação de veículos";São Raimundo Nonato;Baixo-Alto;0,048;0,0;0,398
Lojas de departamentos ou magazines, exceto lojas francas (Duty free);"G - Comércio; reparação de veículos";Água Branca;Baixo-Alto;0,013;0,0;0,778
Lojas de variedades, exceto lojas de departamentos ou magazines;"G - Comércio; reparação de veículos";Alto Longá;Baixo-Alto;0,048;0,0;0,385
Lojas de variedades, exceto lojas de departamentos ou magazines;"G - Comércio; reparação de veículos";Assunção do Piauí;Baixo-Alto;0,029;0,0;1,04
Lojas de variedades, exceto lojas de departamentos ou magazines;"G - Comércio; reparação de veículos";Barras;Alto-Baixo;0,001;3,0;0,0
Lojas de variedades, exceto lojas de departamentos ou magazines;"G - Comércio; reparação de veículos";Bertolínia;Alto-Baixo;0,001;13,0;0,0
Lojas de variedades, exceto lojas de departamentos ou magazines;"G - Comércio; reparação de veículos";Buriti dos Montes;Baixo-Alto;0,007;0,0;0,774
Lojas de variedades, exceto lojas de departamentos ou magazines;"G - Comércio; reparação de veículos";Eliseu Martins;Baixo-Alto;0,008;0,0;0,738
Lojas de variedades, exceto lojas de departamentos ou magazines;"G - Comércio; reparação de veículos";Manoel Emídio;Baixo-Alto;0,018;0,0;0,623
Lojas de variedades, exceto lojas de departamentos ou magazines;"G - Comércio; reparação de veículos";Monsenhor Hipólito;Baixo-Alto;0,024;0,0;0,542
Lojas de variedades, exceto lojas de departamentos ou magazines;"G - Comércio; reparação de veículos";Parnaguá;Alto-Baixo;0,001;3,0;0,0
Lojas de variedades, exceto lojas de departamentos ou magazines;"G - Comércio; reparação de veículos";Pau D'Arco do Piauí;Baixo-Alto;0,034;0,0;0,462
Lojas de variedades, exceto lojas de departamentos ou magazines;"G - Comércio; reparação de veículos";Pimenteiras;Baixo-Alto;0,021;0,0;0,435
Lojas de variedades, exceto lojas de departamentos ou magazines;"G - Comércio; reparação de veículos";Piracuruca;Alto-Baixo;0,001;4,0;0,0
Lojas de variedades, exceto lojas de departamentos ou magazines;"G - Comércio; reparação de veículos";Sebastião Barros;Baixo-Alto;0,03;0,0;0,828
Lojas de variedades, exceto lojas de departamentos ou magazines;"G - Comércio; reparação de veículos";São João da Serra;Baixo-Alto;0,005;0,0;0,968
Mandioca;IBGE/PAM;Alagoinha do Piauí;Baixo-Alto;0,003;0,0;4,052
Mandioca;IBGE/PAM;Bela Vista do Piauí;Alto-Alto;0,001;13,0;4,572
Mandioca;IBGE/PAM;Cajazeiras do Piauí;Alto-Alto;0,006;37,0;3,582
Mandioca;IBGE/PAM;Campinas do Piauí;Alto-Alto;0,001;141,0;4,589
Mandioca;IBGE/PAM;Campo Alegre do Fidalgo;Alto-Alto;0,004;105,0;3,35
Mandioca;IBGE/PAM;Campo Grande do Piauí;Alto-Baixo;0,001;1463,0;0,0
Mandioca;IBGE/PAM;Capitão Gervásio Oliveira;Baixo-Alto;0,017;0,0;3,411
Mandioca;IBGE/PAM;Colônia do Piauí;Alto-Alto;0,004;237,0;3,59
Mandioca;IBGE/PAM;Conceição do Canindé;Alto-Alto;0,013;60,0;2,925
Mandioca;IBGE/PAM;Floresta do Piauí;Alto-Alto;0,002;72,0;4,752
Mandioca;IBGE/PAM;Francisco Santos;Baixo-Alto;0,041;0,0;2,126
Mandioca;IBGE/PAM;Fronteiras;Alto-Alto;0,016;420,0;3,243
Mandioca;IBGE/PAM;Isaías Coelho;Alto-Alto;0,001;72,0;4,01
Mandioca;IBGE/PAM;Itainópolis;Alto-Alto;0,024;17,0;2,403
Mandioca;IBGE/PAM;Lagoa do Barro do Piauí;Alto-Alto;0,017;21,0;2,94
Mandioca;IBGE/PAM;Monsenhor Hipólito;Baixo-Alto;0,016;0,0;2,976
Mandioca;IBGE/PAM;Nazaré do Piauí;Baixo-Alto;0,039;0,0;2,142
Mandioca;IBGE/PAM;Nova Santa Rita;Alto-Alto;0,001;31,0;4,41
Mandioca;IBGE/PAM;Oeiras;Alto-Alto;0,001;1170,0;2,851
Mandioca;IBGE/PAM;Paes Landim;Alto-Alto;0,015;148,0;3,155
Mandioca;IBGE/PAM;Paquetá;Baixo-Alto;0,048;0,0;2,393
Mandioca;IBGE/PAM;Patos do Piauí;Baixo-Alto;0,034;0,0;2,149
Mandioca;IBGE/PAM;Paulistana;Baixo-Alto;0,047;0,0;2,265
Mandioca;IBGE/PAM;Pedro Laurentino;Alto-Alto;0,001;25,0;4,744
Mandioca;IBGE/PAM;Queimada Nova;Alto-Alto;0,029;150,0;2,916
Mandioca;IBGE/PAM;Santa Cruz do Piauí;Alto-Alto;0,001;75,0;4,023
Mandioca;IBGE/PAM;Santa Rosa do Piauí;Alto-Alto;0,002;176,0;5,457
Mandioca;IBGE/PAM;Santo Inácio do Piauí;Alto-Alto;0,001;64,0;4,388
Mandioca;IBGE/PAM;Simplício Mendes;Alto-Alto;0,001;270,0;3,544
Mandioca;IBGE/PAM;Socorro do Piauí;Alto-Alto;0,011;42,0;2,902
Mandioca;IBGE/PAM;Sussuapara;Alto-Baixo;0,001;156,0;0,0
Mandioca;IBGE/PAM;São Francisco de Assis do Piauí;Alto-Alto;0,007;150,0;2,789
Mandioca;IBGE/PAM;São Francisco do Piauí;Alto-Alto;0,028;72,0;3,134
Mandioca;IBGE/PAM;São José do Divino;Alto-Baixo;0,001;187,0;0,0
Mandioca;IBGE/PAM;São João da Fronteira;Alto-Baixo;0,001;218,0;0,0
Mandioca;IBGE/PAM;São João do Piauí;Alto-Alto;0,026;360,0;2,045
Mandioca;IBGE/PAM;São Julião;Alto-Alto;0,02;216,0;2,727
Mandioca;IBGE/PAM;São Miguel do Fidalgo;Baixo-Alto;0,001;0,0;4,002
Mandioca;IBGE/PAM;Tanque do Piauí;Alto-Alto;0,024;288,0;2,268
Mandioca;IBGE/PAM;Várzea Grande;Baixo-Alto;0,02;0,0;3,183
Mandioca;IBGE/PAM;Wall Ferraz;Alto-Alto;0,001;406,0;5,067
Manutenção e reparação de motocicletas e motonetas;"G - Comércio; reparação de veículos";Altos;Alto-Baixo;0,001;1,0;0,0
Manutenção e reparação de motocicletas e motonetas;"G - Comércio; reparação de veículos";Aroeiras do Itaim;Baixo-Alto;0,02;0,0;0,439
Manutenção e reparação de motocicletas e motonetas;"G - Comércio; reparação de veículos";Batalha;Baixo-Alto;0,009;0,0;0,454
Manutenção e reparação de motocicletas e motonetas;"G - Comércio; reparação de veículos";Boa Hora;Baixo-Alto;0,046;0,0;0,358
Manutenção e reparação de motocicletas e motonetas;"G - Comércio; reparação de veículos";Brasileira;Alto-Alto;0,04;2,0;0,416
Manutenção e reparação de motocicletas e motonetas;"G - Comércio; reparação de veículos";Cabeceiras do Piauí;Alto-Baixo;0,001;2,0;0,0
Manutenção e reparação de motocicletas e motonetas;"G - Comércio; reparação de veículos";Cajueiro da Praia;Alto-Baixo;0,001;1,0;0,0
Manutenção e reparação de motocicletas e motonetas;"G - Comércio; reparação de veículos";Currais;Baixo-Alto;0,006;0,0;0,644
Manutenção e reparação de motocicletas e motonetas;"G - Comércio; reparação de veículos";Demerval Lobão;Alto-Baixo;0,001;1,0;0,0
Manutenção e reparação de motocicletas e motonetas;"G - Comércio; reparação de veículos";Dom Expedito Lopes;Baixo-Alto;0,015;0,0;0,549
Manutenção e reparação de motocicletas e motonetas;"G - Comércio; reparação de veículos";Domingos Mourão;Baixo-Alto;0,04;0,0;0,448
Manutenção e reparação de motocicletas e motonetas;"G - Comércio; reparação de veículos";Floriano;Alto-Baixo;0,001;1,0;0,0
Manutenção e reparação de motocicletas e motonetas;"G - Comércio; reparação de veículos";Geminiano;Baixo-Alto;0,017;0,0;0,413
Manutenção e reparação de motocicletas e motonetas;"G - Comércio; reparação de veículos";Gilbués;Baixo-Alto;0,011;0,0;0,46
Manutenção e reparação de motocicletas e motonetas;"G - Comércio; reparação de veículos";Ipiranga do Piauí;Baixo-Alto;0,035;0,0;0,314
Manutenção e reparação de motocicletas e motonetas;"G - Comércio; reparação de veículos";Jaicós;Alto-Baixo;0,001;1,0;0,0
Manutenção e reparação de motocicletas e motonetas;"G - Comércio; reparação de veículos";José de Freitas;Baixo-Alto;0,014;0,0;0,482
Manutenção e reparação de motocicletas e motonetas;"G - Comércio; reparação de veículos";Lagoa Alegre;Baixo-Alto;0,013;0,0;0,549
Manutenção e reparação de motocicletas e motonetas;"G - Comércio; reparação de veículos";Manoel Emídio;Alto-Baixo;0,001;2,0;0,0
Manutenção e reparação de motocicletas e motonetas;"G - Comércio; reparação de veículos";Miguel Alves;Baixo-Alto;0,046;0,0;0,366
Manutenção e reparação de motocicletas e motonetas;"G - Comércio; reparação de veículos";Paquetá;Baixo-Alto;0,024;0,0;0,439
Manutenção e reparação de motocicletas e motonetas;"G - Comércio; reparação de veículos";Paulistana;Alto-Baixo;0,001;1,0;0,0
Manutenção e reparação de motocicletas e motonetas;"G - Comércio; reparação de veículos";Picos;Alto-Baixo;0,001;8,0;0,0
Manutenção e reparação de motocicletas e motonetas;"G - Comércio; reparação de veículos";Ribeiro Gonçalves;Baixo-Alto;0,027;0,0;0,536
Manutenção e reparação de motocicletas e motonetas;"G - Comércio; reparação de veículos";Santa Filomena;Baixo-Alto;0,027;0,0;0,536
Manutenção e reparação de motocicletas e motonetas;"G - Comércio; reparação de veículos";Santana do Piauí;Baixo-Alto;0,015;0,0;0,549
Manutenção e reparação de motocicletas e motonetas;"G - Comércio; reparação de veículos";Sussuapara;Baixo-Alto;0,034;0,0;0,366
Manutenção e reparação de motocicletas e motonetas;"G - Comércio; reparação de veículos";São João da Fronteira;Baixo-Alto;0,011;0,0;0,621
Manutenção e reparação de motocicletas e motonetas;"G - Comércio; reparação de veículos";São Raimundo Nonato;Alto-Baixo;0,001;2,0;0,0
Manutenção e reparação de motocicletas e motonetas;"G - Comércio; reparação de veículos";União;Alto-Baixo;0,001;2,0;0,0
Manutenção e reparação de motocicletas e motonetas;"G - Comércio; reparação de veículos";Uruçuí;Baixo-Alto;0,018;0,0;0,387
Mel de abelha;IBGE/PPM;Anísio de Abreu;Baixo-Alto;0,039;0,0;2,016
Mel de abelha;IBGE/PPM;Arraial;Alto-Baixo;0,001;6,0;0,0
Mel de abelha;IBGE/PPM;Assunção do Piauí;Alto-Baixo;0,001;62,0;0,0
Mel de abelha;IBGE/PPM;Bonfim do Piauí;Baixo-Alto;0,036;0,0;2,016
Mel de abelha;IBGE/PPM;Brejo do Piauí;Alto-Baixo;0,001;62,0;0,0
Mel de abelha;IBGE/PPM;Canto do Buriti;Baixo-Alto;0,009;0,0;1,537
Mel de abelha;IBGE/PPM;Capitão de Campos;Alto-Baixo;0,001;4,0;0,0
Mel de abelha;IBGE/PPM;Cocal dos Alves;Alto-Baixo;0,001;5,0;0,0
Mel de abelha;IBGE/PPM;Corrente;Alto-Baixo;0,001;3,0;0,0
Mel de abelha;IBGE/PPM;Cristino Castro;Baixo-Alto;0,048;0,0;1,598
Mel de abelha;IBGE/PPM;Curral Novo do Piauí;Alto-Baixo;0,001;57,0;0,0
Mel de abelha;IBGE/PPM;Dirceu Arcoverde;Alto-Baixo;0,001;916,0;0,0
Mel de abelha;IBGE/PPM;Fartura do Piauí;Baixo-Alto;0,001;0,0;4,962
Mel de abelha;IBGE/PPM;Guadalupe;Alto-Baixo;0,001;1,0;0,0
Mel de abelha;IBGE/PPM;Juazeiro do Piauí;Alto-Baixo;0,001;33,0;0,0
Mel de abelha;IBGE/PPM;Júlio Borges;Baixo-Alto;0,006;0,0;3,045
Mel de abelha;IBGE/PPM;Luzilândia;Alto-Baixo;0,001;2,0;0,0
Mel de abelha;IBGE/PPM;Morro Cabeça no Tempo;Baixo-Alto;0,011;0,0;2,284
Mel de abelha;IBGE/PPM;Murici dos Portelas;Alto-Baixo;0,001;9,0;0,0
Mel de abelha;IBGE/PPM;Nazaré do Piauí;Baixo-Alto;0,024;0,0;1,417
Mel de abelha;IBGE/PPM;São Francisco do Piauí;Alto-Baixo;0,001;62,0;0,0
Mel de abelha;IBGE/PPM;São Lourenço do Piauí;Baixo-Alto;0,032;0,0;2,274
Mel de abelha;IBGE/PPM;São Raimundo Nonato;Baixo-Alto;0,001;0,0;2,114
Mel de abelha;IBGE/PPM;Uruçuí;Alto-Baixo;0,001;1,0;0,0
Melancia;IBGE/PAM;Barra D'Alcântara;Baixo-Alto;0,01;0,0;3,111
Melancia;IBGE/PAM;Brasileira;Baixo-Alto;0,026;0,0;2,371
Melancia;IBGE/PAM;Brejo do Piauí;Baixo-Alto;0,037;0,0;1,909
Melancia;IBGE/PAM;Campinas do Piauí;Alto-Baixo;0,001;43,0;0,0
Melancia;IBGE/PAM;Canavieira;Baixo-Alto;0,049;0,0;1,924
Melancia;IBGE/PAM;Flores do Piauí;Baixo-Alto;0,006;0,0;3,401
Melancia;IBGE/PAM;Jatobá do Piauí;Baixo-Alto;0,014;0,0;3,105
Melancia;IBGE/PAM;Joaquim Pires;Baixo-Alto;0,041;0,0;1,948
Melancia;IBGE/PAM;Juazeiro do Piauí;Baixo-Alto;0,009;0,0;3,379
Melancia;IBGE/PAM;Palmeira do Piauí;Baixo-Alto;0,017;0,0;2,574
Melancia;IBGE/PAM;Paquetá;Alto-Baixo;0,001;55,0;0,0
Melancia;IBGE/PAM;Pedro II;Baixo-Alto;0,007;0,0;2,999
Melancia;IBGE/PAM;Ribeiro Gonçalves;Baixo-Alto;0,022;0,0;3,613
Melancia;IBGE/PAM;Rio Grande do Piauí;Baixo-Alto;0,036;0,0;2,423
Melancia;IBGE/PAM;Santa Luz;Alto-Baixo;0,001;99,0;0,0
Melancia;IBGE/PAM;Socorro do Piauí;Baixo-Alto;0,011;0,0;2,909
Melancia;IBGE/PAM;São Francisco do Piauí;Baixo-Alto;0,024;0,0;2,923
Melancia;IBGE/PAM;São José do Divino;Alto-Baixo;0,001;60,0;0,0
Melancia;IBGE/PAM;São João do Arraial;Baixo-Alto;0,046;0,0;2,294
Melancia;IBGE/PAM;Wall Ferraz;Baixo-Alto;0,044;0,0;2,339
Milho em grão;IBGE/PAM;Acauã;Alto-Alto;0,005;1122,0;6,06
Milho em grão;IBGE/PAM;Alagoinha do Piauí;Alto-Alto;0,001;1889,0;6,968
Milho em grão;IBGE/PAM;Alegrete do Piauí;Alto-Alto;0,001;2624,0;4,874
Milho em grão;IBGE/PAM;Belém do Piauí;Alto-Alto;0,007;179,0;4,058
Milho em grão;IBGE/PAM;Betânia do Piauí;Alto-Alto;0,044;1126,0;4,081
Milho em grão;IBGE/PAM;Caldeirão Grande do Piauí;Baixo-Alto;0,002;0,0;5,934
Milho em grão;IBGE/PAM;Campo Alegre do Fidalgo;Alto-Alto;0,009;108,0;3,882
Milho em grão;IBGE/PAM;Campo Grande do Piauí;Alto-Alto;0,002;580,0;5,505
Milho em grão;IBGE/PAM;Capitão Gervásio Oliveira;Alto-Alto;0,024;40,0;3,84
Milho em grão;IBGE/PAM;Coronel José Dias;Alto-Alto;0,003;44,0;4,952
Milho em grão;IBGE/PAM;Dirceu Arcoverde;Alto-Alto;0,009;72,0;4,74
Milho em grão;IBGE/PAM;Dom Inocêncio;Alto-Alto;0,033;302,0;3,433
Milho em grão;IBGE/PAM;Fartura do Piauí;Alto-Alto;0,005;161,0;5,67
Milho em grão;IBGE/PAM;Francisco Santos;Baixo-Alto;0,005;0,0;4,029
Milho em grão;IBGE/PAM;Fronteiras;Alto-Alto;0,002;9984,0;5,699
Milho em grão;IBGE/PAM;Geminiano;Baixo-Alto;0,005;0,0;4,163
Milho em grão;IBGE/PAM;Itainópolis;Alto-Alto;0,011;1575,0;3,692
Milho em grão;IBGE/PAM;Jaicós;Alto-Alto;0,019;844,0;3,27
Milho em grão;IBGE/PAM;João Costa;Alto-Alto;0,02;108,0;3,536
Milho em grão;IBGE/PAM;Lagoa do Barro do Piauí;Alto-Alto;0,018;141,0;4,01
Milho em grão;IBGE/PAM;Monsenhor Hipólito;Alto-Alto;0,006;532,0;4,545
Milho em grão;IBGE/PAM;Murici dos Portelas;Alto-Baixo;0,001;392,0;0,0
Milho em grão;IBGE/PAM;Padre Marcos;Baixo-Alto;0,006;0,0;4,499
Milho em grão;IBGE/PAM;Paes Landim;Alto-Baixo;0,001;851,0;0,0
Milho em grão;IBGE/PAM;Patos do Piauí;Baixo-Alto;0,01;0,0;3,702
Milho em grão;IBGE/PAM;Paulistana;Alto-Alto;0,027;184,0;3,331
Milho em grão;IBGE/PAM;Pio IX;Alto-Alto;0,003;6750,0;4,856
Milho em grão;IBGE/PAM;Queimada Nova;Alto-Alto;0,02;376,0;4,3
Milho em grão;IBGE/PAM;Santa Cruz do Piauí;Baixo-Alto;0,04;0,0;2,798
Milho em grão;IBGE/PAM;Simplício Mendes;Baixo-Alto;0,004;0,0;3,945
Milho em grão;IBGE/PAM;São Francisco de Assis do Piauí;Baixo-Alto;0,006;0,0;4,094
Milho em grão;IBGE/PAM;São João do Piauí;Baixo-Alto;0,009;0,0;3,493
Milho em grão;IBGE/PAM;São Julião;Alto-Alto;0,001;448,0;8,143
Milho em grão;IBGE/PAM;São Lourenço do Piauí;Alto-Alto;0,024;68,0;4,643
Milho em grão;IBGE/PAM;São Raimundo Nonato;Alto-Alto;0,004;340,0;3,8
Milho em grão;IBGE/PAM;Vera Mendes;Alto-Alto;0,01;58,0;4,942
Milho em grão;IBGE/PAM;Vila Nova do Piauí;Alto-Alto;0,001;1440,0;5,514
Milho em grão;IBGE/PAM;Várzea Branca;Alto-Alto;0,025;979,0;4,031
Montagem e instalação de sistemas e equipamentos de iluminação e sinalização em vias públicas, portos e aeroportos;F - Construção;Altos;Baixo-Alto;0,032;0,0;0,358
Montagem e instalação de sistemas e equipamentos de iluminação e sinalização em vias públicas, portos e aeroportos;F - Construção;Bela Vista do Piauí;Baixo-Alto;0,015;0,0;0,497
Montagem e instalação de sistemas e equipamentos de iluminação e sinalização em vias públicas, portos e aeroportos;F - Construção;Buriti dos Montes;Baixo-Alto;0,01;0,0;0,599
Montagem e instalação de sistemas e equipamentos de iluminação e sinalização em vias públicas, portos e aeroportos;F - Construção;Campo Alegre do Fidalgo;Alto-Baixo;0,001;11,0;0,0
Montagem e instalação de sistemas e equipamentos de iluminação e sinalização em vias públicas, portos e aeroportos;F - Construção;Capitão Gervásio Oliveira;Baixo-Alto;0,007;0,0;0,621
Montagem e instalação de sistemas e equipamentos de iluminação e sinalização em vias públicas, portos e aeroportos;F - Construção;Castelo do Piauí;Alto-Baixo;0,001;3,0;0,0
Montagem e instalação de sistemas e equipamentos de iluminação e sinalização em vias públicas, portos e aeroportos;F - Construção;Cocal de Telha;Baixo-Alto;0,03;0,0;0,358
Montagem e instalação de sistemas e equipamentos de iluminação e sinalização em vias públicas, portos e aeroportos;F - Construção;Coivaras;Baixo-Alto;0,024;0,0;0,448
Montagem e instalação de sistemas e equipamentos de iluminação e sinalização em vias públicas, portos e aeroportos;F - Construção;Demerval Lobão;Alto-Baixo;0,001;1,0;0,0
Montagem e instalação de sistemas e equipamentos de iluminação e sinalização em vias públicas, portos e aeroportos;F - Construção;Domingos Mourão;Baixo-Alto;0,049;0,0;0,402
Montagem e instalação de sistemas e equipamentos de iluminação e sinalização em vias públicas, portos e aeroportos;F - Construção;Inhuma;Baixo-Alto;0,049;0,0;0,256
Montagem e instalação de sistemas e equipamentos de iluminação e sinalização em vias públicas, portos e aeroportos;F - Construção;Ipiranga do Piauí;Baixo-Alto;0,009;0,0;0,454
Montagem e instalação de sistemas e equipamentos de iluminação e sinalização em vias públicas, portos e aeroportos;F - Construção;Jatobá do Piauí;Baixo-Alto;0,028;0,0;0,448
Montagem e instalação de sistemas e equipamentos de iluminação e sinalização em vias públicas, portos e aeroportos;F - Construção;Lagoa de São Francisco;Baixo-Alto;0,029;0,0;0,805
Montagem e instalação de sistemas e equipamentos de iluminação e sinalização em vias públicas, portos e aeroportos;F - Construção;Lagoa do Barro do Piauí;Baixo-Alto;0,011;0,0;0,497
Montagem e instalação de sistemas e equipamentos de iluminação e sinalização em vias públicas, portos e aeroportos;F - Construção;Milton Brandão;Baixo-Alto;0,049;0,0;0,402
Montagem e instalação de sistemas e equipamentos de iluminação e sinalização em vias públicas, portos e aeroportos;F - Construção;Nossa Senhora de Nazaré;Baixo-Alto;0,028;0,0;0,448
Montagem e instalação de sistemas e equipamentos de iluminação e sinalização em vias públicas, portos e aeroportos;F - Construção;Nova Santa Rita;Baixo-Alto;0,011;0,0;0,497
Montagem e instalação de sistemas e equipamentos de iluminação e sinalização em vias públicas, portos e aeroportos;F - Construção;Novo Santo Antônio;Baixo-Alto;0,004;0,0;0,636
Montagem e instalação de sistemas e equipamentos de iluminação e sinalização em vias públicas, portos e aeroportos;F - Construção;Picos;Alto-Baixo;0,001;3,0;0,0
Montagem e instalação de sistemas e equipamentos de iluminação e sinalização em vias públicas, portos e aeroportos;F - Construção;Porto;Alto-Baixo;0,001;2,0;0,0
Montagem e instalação de sistemas e equipamentos de iluminação e sinalização em vias públicas, portos e aeroportos;F - Construção;Santa Rosa do Piauí;Baixo-Alto;0,018;0,0;0,597
Montagem e instalação de sistemas e equipamentos de iluminação e sinalização em vias públicas, portos e aeroportos;F - Construção;Sigefredo Pacheco;Baixo-Alto;0,012;0,0;0,53
Montagem e instalação de sistemas e equipamentos de iluminação e sinalização em vias públicas, portos e aeroportos;F - Construção;São Francisco de Assis do Piauí;Baixo-Alto;0,028;0,0;0,355
Montagem e instalação de sistemas e equipamentos de iluminação e sinalização em vias públicas, portos e aeroportos;F - Construção;São Francisco do Piauí;Baixo-Alto;0,021;0,0;0,621
Montagem e instalação de sistemas e equipamentos de iluminação e sinalização em vias públicas, portos e aeroportos;F - Construção;Várzea Grande;Baixo-Alto;0,026;0,0;0,448
Montagem e instalação de sistemas e equipamentos de iluminação e sinalização em vias públicas, portos e aeroportos;F - Construção;Wall Ferraz;Baixo-Alto;0,011;0,0;0,497
Montagem e instalação de sistemas e equipamentos de iluminação e sinalização em vias públicas, portos e aeroportos;F - Construção;Água Branca;Alto-Baixo;0,001;3,0;0,0
Obras de acabamento em gesso e estuque;F - Construção;Aroazes;Baixo-Alto;0,039;0,0;0,384
Obras de acabamento em gesso e estuque;F - Construção;Baixa Grande do Ribeiro;Alto-Baixo;0,001;1,0;0,0
Obras de acabamento em gesso e estuque;F - Construção;Barra D'Alcântara;Baixo-Alto;0,035;0,0;0,461
Obras de acabamento em gesso e estuque;F - Construção;Cristalândia do Piauí;Baixo-Alto;0,049;0,0;0,347
Obras de acabamento em gesso e estuque;F - Construção;Dom Inocêncio;Alto-Baixo;0,001;3,0;0,0
Obras de acabamento em gesso e estuque;F - Construção;Elesbão Veloso;Alto-Baixo;0,001;9,0;0,0
Obras de acabamento em gesso e estuque;F - Construção;Floriano;Alto-Baixo;0,001;3,0;0,0
Obras de acabamento em gesso e estuque;F - Construção;Francinópolis;Baixo-Alto;0,03;0,0;0,461
Obras de acabamento em gesso e estuque;F - Construção;Francisco Ayres;Baixo-Alto;0,04;0,0;0,347
Obras de acabamento em gesso e estuque;F - Construção;Hugo Napoleão;Baixo-Alto;0,008;0,0;0,513
Obras de acabamento em gesso e estuque;F - Construção;Lagoinha do Piauí;Baixo-Alto;0,008;0,0;0,513
Obras de acabamento em gesso e estuque;F - Construção;Monte Alegre do Piauí;Alto-Baixo;0,001;1,0;0,0
Obras de acabamento em gesso e estuque;F - Construção;Novo Oriente do Piauí;Baixo-Alto;0,03;0,0;0,461
Obras de acabamento em gesso e estuque;F - Construção;Olho D'Água do Piauí;Baixo-Alto;0,018;0,0;0,366
Obras de acabamento em gesso e estuque;F - Construção;Picos;Alto-Baixo;0,001;2,0;0,0
Obras de acabamento em gesso e estuque;F - Construção;Regeneração;Baixo-Alto;0,049;0,0;0,329
Obras de acabamento em gesso e estuque;F - Construção;Santa Cruz dos Milagres;Baixo-Alto;0,031;0,0;0,461
Obras de acabamento em gesso e estuque;F - Construção;São Félix do Piauí;Baixo-Alto;0,031;0,0;0,461
Obras de acabamento em gesso e estuque;F - Construção;São Gonçalo do Piauí;Baixo-Alto;0,008;0,0;0,427
Obras de acabamento em gesso e estuque;F - Construção;São Miguel da Baixa Grande;Baixo-Alto;0,034;0,0;0,384
Obras de acabamento em gesso e estuque;F - Construção;São Pedro do Piauí;Baixo-Alto;0,049;0,0;0,321
Obras de acabamento em gesso e estuque;F - Construção;Valença do Piauí;Baixo-Alto;0,034;0,0;0,384
Obras de acabamento em gesso e estuque;F - Construção;Água Branca;Alto-Baixo;0,001;12,0;0,0
Obras de alvenaria;F - Construção;Altos;Baixo-Alto;0,029;0,0;0,889
Obras de alvenaria;F - Construção;Barras;Alto-Alto;0,017;29,0;0,761
Obras de alvenaria;F - Construção;Batalha;Baixo-Alto;0,003;0,0;1,078
Obras de alvenaria;F - Construção;Boa Hora;Baixo-Alto;0,004;0,0;1,289
Obras de alvenaria;F - Construção;Bom Princípio do Piauí;Baixo-Alto;0,028;0,0;1,062
Obras de alvenaria;F - Construção;Cabeceiras do Piauí;Baixo-Alto;0,002;0,0;1,224
Obras de alvenaria;F - Construção;Cajueiro da Praia;Alto-Alto;0,047;1,0;2,303
Obras de alvenaria;F - Construção;Campo Largo do Piauí;Baixo-Alto;0,04;0,0;0,75
Obras de alvenaria;F - Construção;Lagoa Alegre;Baixo-Alto;0,04;0,0;0,889
Obras de alvenaria;F - Construção;Lagoa de São Francisco;Baixo-Alto;0,014;0,0;1,522
Obras de alvenaria;F - Construção;Nossa Senhora dos Remédios;Baixo-Alto;0,01;0,0;1,337
Obras de alvenaria;F - Construção;Santo Antônio dos Milagres;Alto-Baixo;0,001;1,0;0,0
Obras de alvenaria;F - Construção;São Francisco do Piauí;Alto-Baixo;0,001;3,0;0,0
Obras de alvenaria;F - Construção;União;Baixo-Alto;0,037;0,0;0,889
Obras de alvenaria;F - Construção;Água Branca;Alto-Baixo;0,001;20,0;0,0
Obras de terraplenagem;F - Construção;Altos;Alto-Baixo;0,001;1,0;0,0
Obras de terraplenagem;F - Construção;Alvorada do Gurguéia;Baixo-Alto;0,039;0,0;0,642
Obras de terraplenagem;F - Construção;Amarante;Alto-Baixo;0,001;1,0;0,0
Obras de terraplenagem;F - Construção;Antônio Almeida;Baixo-Alto;0,011;0,0;0,963
Obras de terraplenagem;F - Construção;Baixa Grande do Ribeiro;Alto-Alto;0,001;11,0;1,413
Obras de terraplenagem;F - Construção;Corrente;Alto-Baixo;0,001;2,0;0,0
Obras de terraplenagem;F - Construção;Currais;Baixo-Alto;0,004;0,0;1,096
Obras de terraplenagem;F - Construção;Francisco Macedo;Alto-Baixo;0,001;2,0;0,0
Obras de terraplenagem;F - Construção;Gilbués;Baixo-Alto;0,011;0,0;0,783
Obras de terraplenagem;F - Construção;Jacobina do Piauí;Baixo-Alto;0,046;0,0;0,578
Obras de terraplenagem;F - Construção;Manoel Emídio;Baixo-Alto;0,036;0,0;0,642
Obras de terraplenagem;F - Construção;Palmeira do Piauí;Baixo-Alto;0,002;0,0;1,056
Obras de terraplenagem;F - Construção;Paulistana;Alto-Baixo;0,001;3,0;0,0
Obras de terraplenagem;F - Construção;Pio IX;Alto-Baixo;0,001;2,0;0,0
Obras de terraplenagem;F - Construção;Ribeiro Gonçalves;Alto-Alto;0,001;20,0;2,112
Obras de terraplenagem;F - Construção;Santa Filomena;Baixo-Alto;0,001;0,0;1,843
Obras de terraplenagem;F - Construção;Sebastião Leal;Baixo-Alto;0,034;0,0;0,642
Obras de terraplenagem;F - Construção;São João do Piauí;Alto-Baixo;0,001;12,0;0,0
Obras de terraplenagem;F - Construção;União;Alto-Baixo;0,001;7,0;0,0
Obras de terraplenagem;F - Construção;Uruçuí;Alto-Alto;0,006;46,0;0,79
Obras de terraplenagem;F - Construção;Água Branca;Alto-Baixo;0,001;1,0;0,0
Obras de urbanização - ruas, praças e calçadas;F - Construção;Barras;Alto-Alto;0,013;2,0;1,086
Obras de urbanização - ruas, praças e calçadas;F - Construção;Batalha;Alto-Alto;0,001;2,0;1,497
Obras de urbanização - ruas, praças e calçadas;F - Construção;Boa Hora;Alto-Alto;0,02;1,0;1,209
Obras de urbanização - ruas, praças e calçadas;F - Construção;Brasileira;Baixo-Alto;0,007;0,0;1,406
Obras de urbanização - ruas, praças e calçadas;F - Construção;Buriti dos Montes;Baixo-Alto;0,016;0,0;1,258
Obras de urbanização - ruas, praças e calçadas;F - Construção;Cabeceiras do Piauí;Baixo-Alto;0,019;0,0;1,024
Obras de urbanização - ruas, praças e calçadas;F - Construção;Cajueiro da Praia;Alto-Baixo;0,001;2,0;0,0
Obras de urbanização - ruas, praças e calçadas;F - Construção;Capitão de Campos;Alto-Alto;0,043;2,0;0,988
Obras de urbanização - ruas, praças e calçadas;F - Construção;Caraúbas do Piauí;Baixo-Alto;0,047;0,0;0,944
Obras de urbanização - ruas, praças e calçadas;F - Construção;Castelo do Piauí;Baixo-Alto;0,031;0,0;1,049
Obras de urbanização - ruas, praças e calçadas;F - Construção;Coivaras;Baixo-Alto;0,041;0,0;1,096
Obras de urbanização - ruas, praças e calçadas;F - Construção;Dom Expedito Lopes;Baixo-Alto;0,046;0,0;1,047
Obras de urbanização - ruas, praças e calçadas;F - Construção;Domingos Mourão;Alto-Alto;0,016;1,0;1,309
Obras de urbanização - ruas, praças e calçadas;F - Construção;Floresta do Piauí;Alto-Baixo;0,001;1,0;0,0
Obras de urbanização - ruas, praças e calçadas;F - Construção;Fronteiras;Alto-Baixo;0,001;2,0;0,0
Obras de urbanização - ruas, praças e calçadas;F - Construção;Jatobá do Piauí;Baixo-Alto;0,011;0,0;1,37
Obras de urbanização - ruas, praças e calçadas;F - Construção;Lagoa de São Francisco;Baixo-Alto;0,002;0,0;2,618
Obras de urbanização - ruas, praças e calçadas;F - Construção;Milton Brandão;Baixo-Alto;0,011;0,0;1,517
Obras de urbanização - ruas, praças e calçadas;F - Construção;Novo Santo Antônio;Baixo-Alto;0,021;0,0;1,154
Obras de urbanização - ruas, praças e calçadas;F - Construção;Palmeirais;Baixo-Alto;0,027;0,0;1,057
Obras de urbanização - ruas, praças e calçadas;F - Construção;Patos do Piauí;Alto-Baixo;0,001;2,0;0,0
Obras de urbanização - ruas, praças e calçadas;F - Construção;Pedro II;Alto-Alto;0,041;3,0;0,94
Obras de urbanização - ruas, praças e calçadas;F - Construção;Rio Grande do Piauí;Alto-Baixo;0,001;1,0;0,0
Obras de urbanização - ruas, praças e calçadas;F - Construção;Sigefredo Pacheco;Alto-Alto;0,022;3,0;1,049
Oleaginosos;IBGE/PEVS;Alvorada do Gurguéia;Baixo-Alto;0,008;0,0;0,642
Oleaginosos;IBGE/PEVS;Beneditinos;Baixo-Alto;0,029;0,0;0,495
Oleaginosos;IBGE/PEVS;Cristino Castro;Alto-Baixo;0,001;46,0;0,0
Oleaginosos;IBGE/PEVS;Currais;Baixo-Alto;0,037;0,0;0,77
Oleaginosos;IBGE/PEVS;Domingos Mourão;Alto-Baixo;0,001;1,0;0,0
Oleaginosos;IBGE/PEVS;Guaribas;Baixo-Alto;0,037;0,0;0,77
Oleaginosos;IBGE/PEVS;Lagoa do Piauí;Alto-Baixo;0,001;15,0;0,0
Oleaginosos;IBGE/PEVS;Palmeira do Piauí;Baixo-Alto;0,015;0,0;0,642
Oleaginosos;IBGE/PEVS;Regeneração;Baixo-Alto;0,016;0,0;0,572
Oleaginosos;IBGE/PEVS;Santa Luz;Baixo-Alto;0,037;0,0;0,77
Oleaginosos;IBGE/PEVS;Santa Rosa do Piauí;Baixo-Alto;0,032;0,0;0,799
Oleaginosos;IBGE/PEVS;Santo Antônio dos Milagres;Baixo-Alto;0,049;0,0;0,536
Oleaginosos;IBGE/PEVS;São João da Varjota;Alto-Baixo;0,001;1,0;0,0
Oleaginosos;IBGE/PEVS;Tanque do Piauí;Alto-Baixo;0,001;10,0;0,0
Oleaginosos;IBGE/PEVS;Várzea Grande;Baixo-Alto;0,043;0,0;0,599
Outras atividades auxiliares dos serviços financeiros não especificadas anteriormente;K - Atividades financeiras e de seguros;Altos;Baixo-Alto;0,034;0,0;0,738
Outras atividades auxiliares dos serviços financeiros não especificadas anteriormente;K - Atividades financeiras e de seguros;Barras;Alto-Alto;0,045;2,0;0,425
Outras atividades auxiliares dos serviços financeiros não especificadas anteriormente;K - Atividades financeiras e de seguros;Batalha;Baixo-Alto;0,009;0,0;0,544
Outras atividades auxiliares dos serviços financeiros não especificadas anteriormente;K - Atividades financeiras e de seguros;Betânia do Piauí;Baixo-Alto;0,03;0,0;0,597
Outras atividades auxiliares dos serviços financeiros não especificadas anteriormente;K - Atividades financeiras e de seguros;Boa Hora;Baixo-Alto;0,046;0,0;0,542
Outras atividades auxiliares dos serviços financeiros não especificadas anteriormente;K - Atividades financeiras e de seguros;Cabeceiras do Piauí;Baixo-Alto;0,007;0,0;0,598
Outras atividades auxiliares dos serviços financeiros não especificadas anteriormente;K - Atividades financeiras e de seguros;Campo Maior;Alto-Baixo;0,001;39,0;0,0
Outras atividades auxiliares dos serviços financeiros não especificadas anteriormente;K - Atividades financeiras e de seguros;Cocal de Telha;Baixo-Alto;0,019;0,0;0,738
Outras atividades auxiliares dos serviços financeiros não especificadas anteriormente;K - Atividades financeiras e de seguros;Coivaras;Baixo-Alto;0,001;0,0;0,922
Outras atividades auxiliares dos serviços financeiros não especificadas anteriormente;K - Atividades financeiras e de seguros;Dom Expedito Lopes;Baixo-Alto;0,027;0,0;0,448
Outras atividades auxiliares dos serviços financeiros não especificadas anteriormente;K - Atividades financeiras e de seguros;Domingos Mourão;Baixo-Alto;0,042;0,0;0,402
Outras atividades auxiliares dos serviços financeiros não especificadas anteriormente;K - Atividades financeiras e de seguros;Francisco Ayres;Baixo-Alto;0,041;0,0;0,402
Outras atividades auxiliares dos serviços financeiros não especificadas anteriormente;K - Atividades financeiras e de seguros;Ilha Grande;Baixo-Alto;0,027;0,0;1,609
Outras atividades auxiliares dos serviços financeiros não especificadas anteriormente;K - Atividades financeiras e de seguros;Ipiranga do Piauí;Baixo-Alto;0,038;0,0;0,355
Outras atividades auxiliares dos serviços financeiros não especificadas anteriormente;K - Atividades financeiras e de seguros;Itaueira;Baixo-Alto;0,041;0,0;0,329
Outras atividades auxiliares dos serviços financeiros não especificadas anteriormente;K - Atividades financeiras e de seguros;Jatobá do Piauí;Baixo-Alto;0,001;0,0;0,922
Outras atividades auxiliares dos serviços financeiros não especificadas anteriormente;K - Atividades financeiras e de seguros;José de Freitas;Baixo-Alto;0,003;0,0;0,615
Outras atividades auxiliares dos serviços financeiros não especificadas anteriormente;K - Atividades financeiras e de seguros;Lagoa de São Francisco;Baixo-Alto;0,046;0,0;0,805
Outras atividades auxiliares dos serviços financeiros não especificadas anteriormente;K - Atividades financeiras e de seguros;Luís Correia;Baixo-Alto;0,041;0,0;0,402
Outras atividades auxiliares dos serviços financeiros não especificadas anteriormente;K - Atividades financeiras e de seguros;Nazaré do Piauí;Baixo-Alto;0,027;0,0;0,428
Outras atividades auxiliares dos serviços financeiros não especificadas anteriormente;K - Atividades financeiras e de seguros;Nossa Senhora de Nazaré;Baixo-Alto;0,001;0,0;0,922
Outras atividades auxiliares dos serviços financeiros não especificadas anteriormente;K - Atividades financeiras e de seguros;Nossa Senhora dos Remédios;Baixo-Alto;0,028;0,0;0,448
Outras atividades auxiliares dos serviços financeiros não especificadas anteriormente;K - Atividades financeiras e de seguros;Novo Santo Antônio;Baixo-Alto;0,019;0,0;0,738
Outras atividades auxiliares dos serviços financeiros não especificadas anteriormente;K - Atividades financeiras e de seguros;Parnaíba;Alto-Baixo;0,001;4,0;0,0
Outras atividades auxiliares dos serviços financeiros não especificadas anteriormente;K - Atividades financeiras e de seguros;Picos;Alto-Baixo;0,001;5,0;0,0
Outras atividades auxiliares dos serviços financeiros não especificadas anteriormente;K - Atividades financeiras e de seguros;Santana do Piauí;Baixo-Alto;0,026;0,0;0,448
Outras atividades auxiliares dos serviços financeiros não especificadas anteriormente;K - Atividades financeiras e de seguros;Sigefredo Pacheco;Baixo-Alto;0,005;0,0;0,615
Outras atividades auxiliares dos serviços financeiros não especificadas anteriormente;K - Atividades financeiras e de seguros;São Raimundo Nonato;Alto-Baixo;0,001;2,0;0,0
Outras atividades de atenção à saúde humana não especificadas anteriormente;Q - Saúde humana e serviços sociais;Barras;Baixo-Alto;0,004;0,0;1,692
Outras atividades de atenção à saúde humana não especificadas anteriormente;Q - Saúde humana e serviços sociais;Campo Largo do Piauí;Alto-Alto;0,013;68,0;1,55
Outras atividades de atenção à saúde humana não especificadas anteriormente;Q - Saúde humana e serviços sociais;Canavieira;Alto-Baixo;0,001;102,0;0,0
Outras atividades de atenção à saúde humana não especificadas anteriormente;Q - Saúde humana e serviços sociais;Curralinhos;Alto-Baixo;0,001;55,0;0,0
Outras atividades de atenção à saúde humana não especificadas anteriormente;Q - Saúde humana e serviços sociais;Domingos Mourão;Baixo-Alto;0,029;0,0;1,405
Outras atividades de atenção à saúde humana não especificadas anteriormente;Q - Saúde humana e serviços sociais;Jerumenha;Baixo-Alto;0,003;0,0;2,322
Outras atividades de atenção à saúde humana não especificadas anteriormente;Q - Saúde humana e serviços sociais;Lagoa de São Francisco;Alto-Alto;0,022;57,0;2,81
Outras atividades de atenção à saúde humana não especificadas anteriormente;Q - Saúde humana e serviços sociais;Landri Sales;Baixo-Alto;0,016;0,0;1,528
Outras atividades de atenção à saúde humana não especificadas anteriormente;Q - Saúde humana e serviços sociais;Milton Brandão;Baixo-Alto;0,04;0,0;1,405
Outras atividades de atenção à saúde humana não especificadas anteriormente;Q - Saúde humana e serviços sociais;Morro do Chapéu do Piauí;Baixo-Alto;0,015;0,0;1,53
Outras atividades de atenção à saúde humana não especificadas anteriormente;Q - Saúde humana e serviços sociais;Pedro Laurentino;Alto-Baixo;0,001;46,0;0,0
Outras atividades de atenção à saúde humana não especificadas anteriormente;Q - Saúde humana e serviços sociais;Pio IX;Alto-Baixo;0,001;13,0;0,0
Outras atividades de atenção à saúde humana não especificadas anteriormente;Q - Saúde humana e serviços sociais;Piripiri;Baixo-Alto;0,023;0,0;1,21
Outras atividades de atenção à saúde humana não especificadas anteriormente;Q - Saúde humana e serviços sociais;Porto;Baixo-Alto;0,004;0,0;2,471
Outras atividades de atenção à saúde humana não especificadas anteriormente;Q - Saúde humana e serviços sociais;Porto Alegre do Piauí;Baixo-Alto;0,008;0,0;2,324
Outras atividades de atenção à saúde humana não especificadas anteriormente;Q - Saúde humana e serviços sociais;Santo Antônio de Lisboa;Alto-Baixo;0,001;97,0;0,0
Outras atividades de atenção à saúde humana não especificadas anteriormente;Q - Saúde humana e serviços sociais;São João do Arraial;Baixo-Alto;0,005;0,0;2,071
Outras atividades de ensino não especificadas anteriormente;P - Educação;Campo Largo do Piauí;Baixo-Alto;0,047;0,0;0,755
Outras atividades de ensino não especificadas anteriormente;P - Educação;Canto do Buriti;Baixo-Alto;0,019;0,0;0,594
Outras atividades de ensino não especificadas anteriormente;P - Educação;Caracol;Alto-Baixo;0,001;379,0;0,0
Outras atividades de ensino não especificadas anteriormente;P - Educação;Demerval Lobão;Alto-Baixo;0,001;1,0;0,0
Outras atividades de ensino não especificadas anteriormente;P - Educação;Guaribas;Baixo-Alto;0,004;0,0;1,188
Outras atividades de ensino não especificadas anteriormente;P - Educação;Ipiranga do Piauí;Baixo-Alto;0,005;0,0;1,006
Outras atividades de ensino não especificadas anteriormente;P - Educação;Jurema;Baixo-Alto;0,009;0,0;1,188
Outras atividades de ensino não especificadas anteriormente;P - Educação;Lagoa do Sítio;Baixo-Alto;0,016;0,0;1,358
Outras atividades de ensino não especificadas anteriormente;P - Educação;Luzilândia;Alto-Baixo;0,001;1,0;0,0
Outras atividades de ensino não especificadas anteriormente;P - Educação;Morro do Chapéu do Piauí;Baixo-Alto;0,029;0,0;1,032
Outras atividades de ensino não especificadas anteriormente;P - Educação;Novo Oriente do Piauí;Baixo-Alto;0,003;0,0;1,409
Outras atividades de ensino não especificadas anteriormente;P - Educação;Pio IX;Alto-Baixo;0,001;3,0;0,0
Outras atividades de ensino não especificadas anteriormente;P - Educação;São João do Arraial;Baixo-Alto;0,045;0,0;0,825
Outras atividades de ensino não especificadas anteriormente;P - Educação;Tamboril do Piauí;Baixo-Alto;0,016;0,0;1,485
Outras atividades de serviços prestados principalmente às empresas não especificadas anteriormente;N - Atividades administrativas e serviços complementares;Baixa Grande do Ribeiro;Baixo-Alto;0,016;0,0;0,683
Outras atividades de serviços prestados principalmente às empresas não especificadas anteriormente;N - Atividades administrativas e serviços complementares;Barras;Alto-Baixo;0,001;1,0;0,0
Outras atividades de serviços prestados principalmente às empresas não especificadas anteriormente;N - Atividades administrativas e serviços complementares;Bom Jesus;Alto-Baixo;0,001;118,0;0,0
Outras atividades de serviços prestados principalmente às empresas não especificadas anteriormente;N - Atividades administrativas e serviços complementares;Buriti dos Montes;Baixo-Alto;0,036;0,0;0,801
Outras atividades de serviços prestados principalmente às empresas não especificadas anteriormente;N - Atividades administrativas e serviços complementares;Currais;Baixo-Alto;0,032;0,0;0,956
Outras atividades de serviços prestados principalmente às empresas não especificadas anteriormente;N - Atividades administrativas e serviços complementares;Demerval Lobão;Alto-Baixo;0,001;52,0;0,0
Outras atividades de serviços prestados principalmente às empresas não especificadas anteriormente;N - Atividades administrativas e serviços complementares;Domingos Mourão;Baixo-Alto;0,032;0,0;1,002
Outras atividades de serviços prestados principalmente às empresas não especificadas anteriormente;N - Atividades administrativas e serviços complementares;Gilbués;Baixo-Alto;0,025;0,0;0,683
Outras atividades de serviços prestados principalmente às empresas não especificadas anteriormente;N - Atividades administrativas e serviços complementares;Guaribas;Baixo-Alto;0,009;0,0;1,278
Outras atividades de serviços prestados principalmente às empresas não especificadas anteriormente;N - Atividades administrativas e serviços complementares;Lagoa de São Francisco;Baixo-Alto;0,013;0,0;2,004
Outras atividades de serviços prestados principalmente às empresas não especificadas anteriormente;N - Atividades administrativas e serviços complementares;Milton Brandão;Baixo-Alto;0,031;0,0;1,002
Outras atividades de serviços prestados principalmente às empresas não especificadas anteriormente;N - Atividades administrativas e serviços complementares;Monte Alegre do Piauí;Baixo-Alto;0,029;0,0;1,195
Outras atividades de serviços prestados principalmente às empresas não especificadas anteriormente;N - Atividades administrativas e serviços complementares;Morro Cabeça no Tempo;Baixo-Alto;0,029;0,0;1,195
Outras atividades de serviços prestados principalmente às empresas não especificadas anteriormente;N - Atividades administrativas e serviços complementares;Oeiras;Alto-Baixo;0,001;3,0;0,0
Outras atividades de serviços prestados principalmente às empresas não especificadas anteriormente;N - Atividades administrativas e serviços complementares;Parnaguá;Alto-Baixo;0,001;7,0;0,0
Outras atividades de serviços prestados principalmente às empresas não especificadas anteriormente;N - Atividades administrativas e serviços complementares;Pau D'Arco do Piauí;Baixo-Alto;0,014;0,0;0,93
Outras atividades de serviços prestados principalmente às empresas não especificadas anteriormente;N - Atividades administrativas e serviços complementares;Redenção do Gurguéia;Baixo-Alto;0,034;0,0;0,956
Outras atividades de serviços prestados principalmente às empresas não especificadas anteriormente;N - Atividades administrativas e serviços complementares;Santa Luz;Baixo-Alto;0,034;0,0;0,956
Outras atividades de serviços prestados principalmente às empresas não especificadas anteriormente;N - Atividades administrativas e serviços complementares;São Raimundo Nonato;Alto-Baixo;0,001;1,0;0,0
Outras atividades de serviços prestados principalmente às empresas não especificadas anteriormente;N - Atividades administrativas e serviços complementares;Teresina;Baixo-Alto;0,007;0,0;0,835
Outras obras de engenharia civil não especificadas anteriormente;F - Construção;Aroeiras do Itaim;Baixo-Alto;0,037;0,0;0,921
Outras obras de engenharia civil não especificadas anteriormente;F - Construção;Beneditinos;Alto-Baixo;0,001;37,0;0,0
Outras obras de engenharia civil não especificadas anteriormente;F - Construção;Cajueiro da Praia;Alto-Baixo;0,001;2,0;0,0
Outras obras de engenharia civil não especificadas anteriormente;F - Construção;Cristino Castro;Alto-Baixo;0,001;19,0;0,0
Outras obras de engenharia civil não especificadas anteriormente;F - Construção;Dom Expedito Lopes;Baixo-Alto;0,011;0,0;1,325
Outras obras de engenharia civil não especificadas anteriormente;F - Construção;Floriano;Alto-Baixo;0,001;98,0;0,0
Outras obras de engenharia civil não especificadas anteriormente;F - Construção;Francisco Ayres;Baixo-Alto;0,026;0,0;1,149
Outras obras de engenharia civil não especificadas anteriormente;F - Construção;Ilha Grande;Baixo-Alto;0,011;0,0;3,664
Outras obras de engenharia civil não especificadas anteriormente;F - Construção;Ipiranga do Piauí;Baixo-Alto;0,011;0,0;1,054
Outras obras de engenharia civil não especificadas anteriormente;F - Construção;Isaías Coelho;Alto-Baixo;0,001;12,0;0,0
Outras obras de engenharia civil não especificadas anteriormente;F - Construção;Luís Correia;Baixo-Alto;0,021;0,0;1,191
Outras obras de engenharia civil não especificadas anteriormente;F - Construção;Nazaré do Piauí;Baixo-Alto;0,031;0,0;0,854
Outras obras de engenharia civil não especificadas anteriormente;F - Construção;Paes Landim;Alto-Baixo;0,001;1,0;0,0
Outras obras de engenharia civil não especificadas anteriormente;F - Construção;Paquetá;Baixo-Alto;0,023;0,0;1,06
Outras obras de engenharia civil não especificadas anteriormente;F - Construção;Parnaíba;Alto-Baixo;0,001;38,0;0,0
Outras obras de engenharia civil não especificadas anteriormente;F - Construção;Pau D'Arco do Piauí;Baixo-Alto;0,023;0,0;0,99
Outras obras de engenharia civil não especificadas anteriormente;F - Construção;Pedro II;Alto-Baixo;0,001;13,0;0,0
Outras obras de engenharia civil não especificadas anteriormente;F - Construção;Picos;Alto-Baixo;0,001;99,0;0,0
Outras obras de engenharia civil não especificadas anteriormente;F - Construção;Santana do Piauí;Baixo-Alto;0,022;0,0;1,151
Outras obras de engenharia civil não especificadas anteriormente;F - Construção;Sussuapara;Baixo-Alto;0,043;0,0;0,768
Outras obras de engenharia civil não especificadas anteriormente;F - Construção;São Miguel da Baixa Grande;Baixo-Alto;0,024;0,0;0,905
Outros;IBGE/PEVS;Amarante;Baixo-Alto;0,017;0,0;0,821
Outros;IBGE/PEVS;Antônio Almeida;Baixo-Alto;0,003;0,0;1,835
Outros;IBGE/PEVS;Bertolínia;Alto-Alto;0,003;26,0;1,259
Outros;IBGE/PEVS;Boa Hora;Alto-Baixo;0,001;32,0;0,0
Outros;IBGE/PEVS;Canavieira;Baixo-Alto;0,001;0,0;1,519
Outros;IBGE/PEVS;Castelo do Piauí;Alto-Baixo;0,001;1,0;0,0
Outros;IBGE/PEVS;Eliseu Martins;Baixo-Alto;0,008;0,0;0,874
Outros;IBGE/PEVS;Floriano;Alto-Baixo;0,001;137,0;0,0
Outros;IBGE/PEVS;Francisco Ayres;Baixo-Alto;0,009;0,0;1,232
Outros;IBGE/PEVS;Itaueira;Baixo-Alto;0,022;0,0;0,704
Outros;IBGE/PEVS;Jerumenha;Baixo-Alto;0,001;0,0;1,529
Outros;IBGE/PEVS;Manoel Emídio;Alto-Alto;0,007;6,0;1,064
Outros;IBGE/PEVS;Marcos Parente;Baixo-Alto;0,021;0,0;1,062
Outros;IBGE/PEVS;Nazaré do Piauí;Baixo-Alto;0,019;0,0;0,704
Outros;IBGE/PEVS;Pedro II;Alto-Baixo;0,001;1,0;0,0
Outros;IBGE/PEVS;Porto Alegre do Piauí;Baixo-Alto;0,021;0,0;1,062
Outros;IBGE/PEVS;Ribeira do Piauí;Alto-Baixo;0,001;1,0;0,0
Outros;IBGE/PEVS;Sebastião Leal;Alto-Alto;0,001;21,0;1,582
Outros;IBGE/PEVS;São Gonçalo do Piauí;Alto-Baixo;0,001;1,0;0,0
Outros;IBGE/PEVS;São José do Peixe;Baixo-Alto;0,018;0,0;0,624
Outros;IBGE/PEVS;Uruçuí;Baixo-Alto;0,019;0,0;0,72
Outros;IBGE/PEVS;Valença do Piauí;Alto-Baixo;0,001;7,0;0,0
Outros peixes;IBGE/PPM;Alvorada do Gurguéia;Alto-Alto;0,042;300,0;2,135
Outros peixes;IBGE/PPM;Antônio Almeida;Baixo-Alto;0,035;0,0;2,441
Outros peixes;IBGE/PPM;Baixa Grande do Ribeiro;Alto-Alto;0,022;11,0;2,269
Outros peixes;IBGE/PPM;Barras;Alto-Alto;0,042;94,0;1,969
Outros peixes;IBGE/PPM;Batalha;Alto-Alto;0,005;74,0;2,553
Outros peixes;IBGE/PPM;Brasileira;Alto-Alto;0,013;3,0;2,826
Outros peixes;IBGE/PPM;Campo Largo do Piauí;Baixo-Alto;0,001;0,0;3,783
Outros peixes;IBGE/PPM;Caxingó;Alto-Baixo;0,001;131,0;0,0
Outros peixes;IBGE/PPM;Colônia do Gurguéia;Alto-Alto;0,015;17,0;2,737
Outros peixes;IBGE/PPM;Cristino Castro;Baixo-Alto;0,005;0,0;3,237
Outros peixes;IBGE/PPM;Currais;Alto-Alto;0,013;33,0;2,568
Outros peixes;IBGE/PPM;Curral Novo do Piauí;Baixo-Alto;0,02;0,0;2,49
Outros peixes;IBGE/PPM;Floriano;Alto-Alto;0,045;51,0;2,063
Outros peixes;IBGE/PPM;Francisco Ayres;Alto-Alto;0,016;4,0;2,692
Outros peixes;IBGE/PPM;Hugo Napoleão;Alto-Alto;0,033;34,0;2,317
Outros peixes;IBGE/PPM;Ilha Grande;Baixo-Alto;0,015;0,0;6,146
Outros peixes;IBGE/PPM;Jerumenha;Baixo-Alto;0,019;0,0;2,413
Outros peixes;IBGE/PPM;Joaquim Pires;Baixo-Alto;0,022;0,0;2,254
Outros peixes;IBGE/PPM;Manoel Emídio;Alto-Alto;0,001;20,0;3,369
Outros peixes;IBGE/PPM;Massapê do Piauí;Baixo-Alto;0,034;0,0;2,254
Outros peixes;IBGE/PPM;Milton Brandão;Alto-Baixo;0,001;24,0;0,0
Outros peixes;IBGE/PPM;Morro do Chapéu do Piauí;Baixo-Alto;0,012;0,0;2,945
Outros peixes;IBGE/PPM;Nazaré do Piauí;Alto-Alto;0,038;11,0;2,044
Outros peixes;IBGE/PPM;Palmeira do Piauí;Alto-Alto;0,002;18,0;3,276
Outros peixes;IBGE/PPM;Parnaíba;Alto-Baixo;0,001;466,0;0,0
Outros peixes;IBGE/PPM;Pimenteiras;Alto-Baixo;0,001;24,0;0,0
Outros peixes;IBGE/PPM;Piripiri;Baixo-Alto;0,008;1,0;2,443
Outros peixes;IBGE/PPM;Sebastião Leal;Alto-Alto;0,023;10,0;2,25
Outros peixes;IBGE/PPM;São José do Divino;Baixo-Alto;0,028;0,0;2,682
Outros peixes;IBGE/PPM;São João da Fronteira;Baixo-Alto;0,029;0,0;2,627
Outros peixes;IBGE/PPM;São João do Arraial;Alto-Alto;0,028;18,0;2,46
Outros peixes;IBGE/PPM;Uruçuí;Alto-Alto;0,002;50,0;2,665
Outros peixes;IBGE/PPM;Água Branca;Baixo-Alto;0,046;0,0;2,288
Padaria e confeitaria com predominância de revenda;I - Alojamento e alimentação;Alvorada do Gurguéia;Baixo-Alto;0,011;0,0;0,891
Padaria e confeitaria com predominância de revenda;I - Alojamento e alimentação;Antônio Almeida;Alto-Baixo;0,001;1,0;0,0
Padaria e confeitaria com predominância de revenda;I - Alojamento e alimentação;Aroazes;Baixo-Alto;0,04;0,0;0,691
Padaria e confeitaria com predominância de revenda;I - Alojamento e alimentação;Barras;Baixo-Alto;0,003;0,0;0,928
Padaria e confeitaria com predominância de revenda;I - Alojamento e alimentação;Batalha;Alto-Alto;0,026;4,0;0,732
Padaria e confeitaria com predominância de revenda;I - Alojamento e alimentação;Brasileira;Baixo-Alto;0,013;0,0;0,988
Padaria e confeitaria com predominância de revenda;I - Alojamento e alimentação;Capitão de Campos;Baixo-Alto;0,022;0,0;0,786
Padaria e confeitaria com predominância de revenda;I - Alojamento e alimentação;Colônia do Gurguéia;Baixo-Alto;0,039;0,0;0,85
Padaria e confeitaria com predominância de revenda;I - Alojamento e alimentação;Currais;Baixo-Alto;0,033;0,0;0,805
Padaria e confeitaria com predominância de revenda;I - Alojamento e alimentação;Dom Inocêncio;Baixo-Alto;0,04;0,0;0,819
Padaria e confeitaria com predominância de revenda;I - Alojamento e alimentação;Guaribas;Baixo-Alto;0,006;0,0;1,208
Padaria e confeitaria com predominância de revenda;I - Alojamento e alimentação;Lagoa de São Francisco;Baixo-Alto;0,008;0,0;1,666
Padaria e confeitaria com predominância de revenda;I - Alojamento e alimentação;Luís Correia;Baixo-Alto;0,029;0,0;0,997
Padaria e confeitaria com predominância de revenda;I - Alojamento e alimentação;Manoel Emídio;Alto-Baixo;0,001;2,0;0,0
Padaria e confeitaria com predominância de revenda;I - Alojamento e alimentação;Marcos Parente;Alto-Baixo;0,001;1,0;0,0
Padaria e confeitaria com predominância de revenda;I - Alojamento e alimentação;Novo Oriente do Piauí;Baixo-Alto;0,041;0,0;0,829
Padaria e confeitaria com predominância de revenda;I - Alojamento e alimentação;Palmeirais;Alto-Baixo;0,001;1,0;0,0
Padaria e confeitaria com predominância de revenda;I - Alojamento e alimentação;Pio IX;Alto-Baixo;0,001;5,0;0,0
Padaria e confeitaria com predominância de revenda;I - Alojamento e alimentação;São Lourenço do Piauí;Baixo-Alto;0,016;0,0;1,269
Padaria e confeitaria com predominância de revenda;I - Alojamento e alimentação;Tamboril do Piauí;Baixo-Alto;0,047;0,0;0,85
Perfuração e construção de poços de água;F - Construção;Acauã;Baixo-Alto;0,035;0,0;0,693
Perfuração e construção de poços de água;F - Construção;Altos;Alto-Baixo;0,001;3,0;0,0
Perfuração e construção de poços de água;F - Construção;Baixa Grande do Ribeiro;Baixo-Alto;0,014;0,0;0,512
Perfuração e construção de poços de água;F - Construção;Barreiras do Piauí;Baixo-Alto;0,042;0,0;0,693
Perfuração e construção de poços de água;F - Construção;Batalha;Baixo-Alto;0,036;0,0;0,355
Perfuração e construção de poços de água;F - Construção;Betânia do Piauí;Baixo-Alto;0,002;0,0;1,426
Perfuração e construção de poços de água;F - Construção;Caraúbas do Piauí;Baixo-Alto;0,03;0,0;0,414
Perfuração e construção de poços de água;F - Construção;Caridade do Piauí;Baixo-Alto;0,022;0,0;0,439
Perfuração e construção de poços de água;F - Construção;Cocal dos Alves;Baixo-Alto;0,01;0,0;0,828
Perfuração e construção de poços de água;F - Construção;Currais;Baixo-Alto;0,024;0,0;0,439
Perfuração e construção de poços de água;F - Construção;Esperantina;Alto-Baixo;0,001;2,0;0,0
Perfuração e construção de poços de água;F - Construção;Guaribas;Baixo-Alto;0,028;0,0;0,439
Perfuração e construção de poços de água;F - Construção;Jacobina do Piauí;Baixo-Alto;0,002;0,0;0,713
Perfuração e construção de poços de água;F - Construção;Jerumenha;Baixo-Alto;0,034;0,0;0,384
Perfuração e construção de poços de água;F - Construção;Monte Alegre do Piauí;Baixo-Alto;0,005;0,0;0,896
Perfuração e construção de poços de água;F - Construção;Morro Cabeça no Tempo;Baixo-Alto;0,014;0,0;0,549
Perfuração e construção de poços de água;F - Construção;Queimada Nova;Baixo-Alto;0,048;0,0;0,52
Perfuração e construção de poços de água;F - Construção;Redenção do Gurguéia;Baixo-Alto;0,024;0,0;0,439
Perfuração e construção de poços de água;F - Construção;Santa Luz;Baixo-Alto;0,024;0,0;0,439
Perfuração e construção de poços de água;F - Construção;Simões;Baixo-Alto;0,033;0,0;0,366
Portais, provedores de conteúdo e outros serviços de informação na internet;J - Informação e comunicação;Acauã;Baixo-Alto;0,041;0,0;0,536
Portais, provedores de conteúdo e outros serviços de informação na internet;J - Informação e comunicação;Amarante;Baixo-Alto;0,048;0,0;0,523
Portais, provedores de conteúdo e outros serviços de informação na internet;J - Informação e comunicação;Aroeiras do Itaim;Baixo-Alto;0,008;0,0;0,801
Portais, provedores de conteúdo e outros serviços de informação na internet;J - Informação e comunicação;Betânia do Piauí;Alto-Baixo;0,001;4,0;0,0
Portais, provedores de conteúdo e outros serviços de informação na internet;J - Informação e comunicação;Campo Maior;Alto-Baixo;0,001;1,0;0,0
Portais, provedores de conteúdo e outros serviços de informação na internet;J - Informação e comunicação;Dom Expedito Lopes;Baixo-Alto;0,016;0,0;1,002
Portais, provedores de conteúdo e outros serviços de informação na internet;J - Informação e comunicação;Floriano;Alto-Baixo;0,001;22,0;0,0
Portais, provedores de conteúdo e outros serviços de informação na internet;J - Informação e comunicação;Francisco Ayres;Baixo-Alto;0,015;0,0;0,784
Portais, provedores de conteúdo e outros serviços de informação na internet;J - Informação e comunicação;Geminiano;Baixo-Alto;0,004;0,0;0,671
Portais, provedores de conteúdo e outros serviços de informação na internet;J - Informação e comunicação;Ilha Grande;Alto-Baixo;0,001;1,0;0,0
Portais, provedores de conteúdo e outros serviços de informação na internet;J - Informação e comunicação;Ipiranga do Piauí;Baixo-Alto;0,022;0,0;0,572
Portais, provedores de conteúdo e outros serviços de informação na internet;J - Informação e comunicação;Jaicós;Alto-Baixo;0,001;1,0;0,0
Portais, provedores de conteúdo e outros serviços de informação na internet;J - Informação e comunicação;Jerumenha;Baixo-Alto;0,045;0,0;0,523
Portais, provedores de conteúdo e outros serviços de informação na internet;J - Informação e comunicação;Lagoa de São Francisco;Baixo-Alto;0,026;0,0;0,693
Portais, provedores de conteúdo e outros serviços de informação na internet;J - Informação e comunicação;Padre Marcos;Alto-Baixo;0,001;1,0;0,0
Portais, provedores de conteúdo e outros serviços de informação na internet;J - Informação e comunicação;Paquetá;Baixo-Alto;0,002;0,0;0,801
Portais, provedores de conteúdo e outros serviços de informação na internet;J - Informação e comunicação;Picos;Alto-Baixo;0,001;54,0;0,0
Portais, provedores de conteúdo e outros serviços de informação na internet;J - Informação e comunicação;Piripiri;Alto-Baixo;0,001;3,0;0,0
Portais, provedores de conteúdo e outros serviços de informação na internet;J - Informação e comunicação;Santana do Piauí;Baixo-Alto;0,016;0,0;1,002
Portais, provedores de conteúdo e outros serviços de informação na internet;J - Informação e comunicação;Sussuapara;Baixo-Alto;0,011;0,0;0,668
Portais, provedores de conteúdo e outros serviços de informação na internet;J - Informação e comunicação;São José do Peixe;Baixo-Alto;0,046;0,0;0,348
Portais, provedores de conteúdo e outros serviços de informação na internet;J - Informação e comunicação;União;Alto-Baixo;0,001;1,0;0,0
Portais, provedores de conteúdo e outros serviços de informação na internet;J - Informação e comunicação;Valença do Piauí;Alto-Baixo;0,001;1,0;0,0
Produção de ovos;A - Agricultura, pecuária, produção florestal, pesca e aquicultura;Altos;Alto-Alto;0,043;2,0;0,68
Produção de ovos;A - Agricultura, pecuária, produção florestal, pesca e aquicultura;Barra D'Alcântara;Baixo-Alto;0,048;0,0;0,599
Produção de ovos;A - Agricultura, pecuária, produção florestal, pesca e aquicultura;Beneditinos;Baixo-Alto;0,009;0,0;0,812
Produção de ovos;A - Agricultura, pecuária, produção florestal, pesca e aquicultura;Bom Princípio do Piauí;Baixo-Alto;0,029;0,0;1,079
Produção de ovos;A - Agricultura, pecuária, produção florestal, pesca e aquicultura;Buriti dos Lopes;Baixo-Alto;0,024;0,0;0,72
Produção de ovos;A - Agricultura, pecuária, produção florestal, pesca e aquicultura;Campo Maior;Baixo-Alto;0,047;0,0;0,465
Produção de ovos;A - Agricultura, pecuária, produção florestal, pesca e aquicultura;Coivaras;Baixo-Alto;0,005;0,0;1,209
Produção de ovos;A - Agricultura, pecuária, produção florestal, pesca e aquicultura;Francinópolis;Alto-Baixo;0,001;19,0;0,0
Produção de ovos;A - Agricultura, pecuária, produção florestal, pesca e aquicultura;Ilha Grande;Baixo-Alto;0,001;0,0;4,317
Produção de ovos;A - Agricultura, pecuária, produção florestal, pesca e aquicultura;Luís Correia;Baixo-Alto;0,029;0,0;1,079
Produção de ovos;A - Agricultura, pecuária, produção florestal, pesca e aquicultura;Monsenhor Hipólito;Alto-Baixo;0,001;4,0;0,0
Produção de ovos;A - Agricultura, pecuária, produção florestal, pesca e aquicultura;Nazária;Alto-Baixo;0,001;2,0;0,0
Produção de ovos;A - Agricultura, pecuária, produção florestal, pesca e aquicultura;Parnaíba;Alto-Baixo;0,001;74,0;0,0
Produção de ovos;A - Agricultura, pecuária, produção florestal, pesca e aquicultura;Pau D'Arco do Piauí;Alto-Alto;0,017;5,0;0,832
Produção de ovos;A - Agricultura, pecuária, produção florestal, pesca e aquicultura;Queimada Nova;Alto-Baixo;0,001;1,0;0,0
Produção de ovos;A - Agricultura, pecuária, produção florestal, pesca e aquicultura;Teresina;Baixo-Alto;0,004;0,0;0,864
Produção de ovos;A - Agricultura, pecuária, produção florestal, pesca e aquicultura;Várzea Grande;Baixo-Alto;0,031;0,0;0,749
Promoção de vendas;M - Atividades profissionais, científicas e técnicas;Altos;Alto-Alto;0,029;87,0;0,855
Promoção de vendas;M - Atividades profissionais, científicas e técnicas;Cabeceiras do Piauí;Baixo-Alto;0,039;0,0;0,736
Promoção de vendas;M - Atividades profissionais, científicas e técnicas;Campo Maior;Alto-Alto;0,029;3,0;0,737
Promoção de vendas;M - Atividades profissionais, científicas e técnicas;Canto do Buriti;Alto-Baixo;0,001;15,0;0,0
Promoção de vendas;M - Atividades profissionais, científicas e técnicas;Capitão de Campos;Baixo-Alto;0,025;0,0;0,933
Promoção de vendas;M - Atividades profissionais, científicas e técnicas;Coivaras;Baixo-Alto;0,01;0,0;1,466
Promoção de vendas;M - Atividades profissionais, científicas e técnicas;Domingos Mourão;Baixo-Alto;0,012;0,0;1,4
Promoção de vendas;M - Atividades profissionais, científicas e técnicas;Guadalupe;Alto-Baixo;0,001;47,0;0,0
Promoção de vendas;M - Atividades profissionais, científicas e técnicas;Ilha Grande;Baixo-Alto;0,012;0,0;4,007
Promoção de vendas;M - Atividades profissionais, científicas e técnicas;José de Freitas;Alto-Alto;0,003;17,0;1,361
Promoção de vendas;M - Atividades profissionais, científicas e técnicas;Lagoa Alegre;Baixo-Alto;0,008;0,0;1,701
Promoção de vendas;M - Atividades profissionais, científicas e técnicas;Lagoa de São Francisco;Baixo-Alto;0,006;0,0;2,799
Promoção de vendas;M - Atividades profissionais, científicas e técnicas;Parnaíba;Alto-Baixo;0,001;54,0;0,0
Promoção de vendas;M - Atividades profissionais, científicas e técnicas;São João do Piauí;Alto-Baixo;0,001;2,0;0,0
Promoção de vendas;M - Atividades profissionais, científicas e técnicas;Teresina;Baixo-Alto;0,004;0,0;0,967
Promoção de vendas;M - Atividades profissionais, científicas e técnicas;União;Alto-Alto;0,016;9,0;1,125
Promoção de vendas;M - Atividades profissionais, científicas e técnicas;Uruçuí;Alto-Baixo;0,001;2,0;0,0
Promoção de vendas;M - Atividades profissionais, científicas e técnicas;Água Branca;Alto-Baixo;0,001;2,0;0,0
Provedores de acesso às redes de comunicações;J - Informação e comunicação;Agricolândia;Alto-Baixo;0,001;7,0;0,0
Provedores de acesso às redes de comunicações;J - Informação e comunicação;Altos;Alto-Baixo;0,001;4,0;0,0
Provedores de acesso às redes de comunicações;J - Informação e comunicação;Anísio de Abreu;Alto-Baixo;0,001;5,0;0,0
Provedores de acesso às redes de comunicações;J - Informação e comunicação;Batalha;Baixo-Alto;0,035;0,0;0,512
Provedores de acesso às redes de comunicações;J - Informação e comunicação;Bom Princípio do Piauí;Baixo-Alto;0,037;0,0;0,693
Provedores de acesso às redes de comunicações;J - Informação e comunicação;Buriti dos Montes;Alto-Baixo;0,001;2,0;0,0
Provedores de acesso às redes de comunicações;J - Informação e comunicação;Caraúbas do Piauí;Baixo-Alto;0,002;0,0;0,876
Provedores de acesso às redes de comunicações;J - Informação e comunicação;Caxingó;Baixo-Alto;0,002;0,0;1,269
Provedores de acesso às redes de comunicações;J - Informação e comunicação;Cocal;Baixo-Alto;0,002;0,0;0,876
Provedores de acesso às redes de comunicações;J - Informação e comunicação;Cocal dos Alves;Baixo-Alto;0,044;0,0;0,828
Provedores de acesso às redes de comunicações;J - Informação e comunicação;Francisco Macedo;Baixo-Alto;0,045;0,0;0,66
Provedores de acesso às redes de comunicações;J - Informação e comunicação;Ipiranga do Piauí;Alto-Baixo;0,001;2,0;0,0
Provedores de acesso às redes de comunicações;J - Informação e comunicação;José de Freitas;Baixo-Alto;0,009;0,0;0,768
Provedores de acesso às redes de comunicações;J - Informação e comunicação;Lagoa Alegre;Baixo-Alto;0,022;0,0;0,749
Provedores de acesso às redes de comunicações;J - Informação e comunicação;Miguel Alves;Baixo-Alto;0,013;0,0;0,682
Provedores de acesso às redes de comunicações;J - Informação e comunicação;Murici dos Portelas;Alto-Alto;0,026;9,0;0,924
Provedores de acesso às redes de comunicações;J - Informação e comunicação;Parnaíba;Baixo-Alto;0,036;0,0;0,693
Provedores de acesso às redes de comunicações;J - Informação e comunicação;São José do Divino;Baixo-Alto;0,043;0,0;0,621
Provedores de acesso às redes de comunicações;J - Informação e comunicação;São João da Fronteira;Baixo-Alto;0,043;0,0;0,621
Provedores de acesso às redes de comunicações;J - Informação e comunicação;São Pedro do Piauí;Baixo-Alto;0,028;0,0;0,484
Provedores de acesso às redes de comunicações;J - Informação e comunicação;União;Alto-Baixo;0,001;3,0;0,0
Provedores de acesso às redes de comunicações;J - Informação e comunicação;Valença do Piauí;Alto-Baixo;0,001;2,0;0,0
Regulação das atividades de saúde, educação, serviços culturais e outros serviços sociais;O - Administração pública, defesa e seguridade social;Alegrete do Piauí;Baixo-Alto;0,019;0,0;2,858
Regulação das atividades de saúde, educação, serviços culturais e outros serviços sociais;O - Administração pública, defesa e seguridade social;Anísio de Abreu;Alto-Baixo;0,001;374,0;0,0
Regulação das atividades de saúde, educação, serviços culturais e outros serviços sociais;O - Administração pública, defesa e seguridade social;Bom Princípio do Piauí;Baixo-Alto;0,009;0,0;3,919
Regulação das atividades de saúde, educação, serviços culturais e outros serviços sociais;O - Administração pública, defesa e seguridade social;Brejo do Piauí;Alto-Baixo;0,001;92,0;0,0
Regulação das atividades de saúde, educação, serviços culturais e outros serviços sociais;O - Administração pública, defesa e seguridade social;Caraúbas do Piauí;Baixo-Alto;0,014;0,0;2,894
Regulação das atividades de saúde, educação, serviços culturais e outros serviços sociais;O - Administração pública, defesa e seguridade social;Cocal dos Alves;Baixo-Alto;0,036;0,0;3,43
Regulação das atividades de saúde, educação, serviços culturais e outros serviços sociais;O - Administração pública, defesa e seguridade social;Coivaras;Baixo-Alto;0,037;0,0;2,867
Regulação das atividades de saúde, educação, serviços culturais e outros serviços sociais;O - Administração pública, defesa e seguridade social;Conceição do Canindé;Alto-Baixo;0,001;88,0;0,0
Regulação das atividades de saúde, educação, serviços culturais e outros serviços sociais;O - Administração pública, defesa e seguridade social;Coronel José Dias;Baixo-Alto;0,021;0,0;3,007
Regulação das atividades de saúde, educação, serviços culturais e outros serviços sociais;O - Administração pública, defesa e seguridade social;Currais;Baixo-Alto;0,047;0,0;2,418
Regulação das atividades de saúde, educação, serviços culturais e outros serviços sociais;O - Administração pública, defesa e seguridade social;Dom Inocêncio;Alto-Baixo;0,001;108,0;0,0
Regulação das atividades de saúde, educação, serviços culturais e outros serviços sociais;O - Administração pública, defesa e seguridade social;Floresta do Piauí;Baixo-Alto;0,008;0,0;3,392
Regulação das atividades de saúde, educação, serviços culturais e outros serviços sociais;O - Administração pública, defesa e seguridade social;Fronteiras;Alto-Baixo;0,001;418,0;0,0
Regulação das atividades de saúde, educação, serviços culturais e outros serviços sociais;O - Administração pública, defesa e seguridade social;Gilbués;Baixo-Alto;0,025;0,0;2,454
Regulação das atividades de saúde, educação, serviços culturais e outros serviços sociais;O - Administração pública, defesa e seguridade social;Isaías Coelho;Baixo-Alto;0,02;0,0;2,416
Regulação das atividades de saúde, educação, serviços culturais e outros serviços sociais;O - Administração pública, defesa e seguridade social;Juazeiro do Piauí;Alto-Baixo;0,001;72,0;0,0
Regulação das atividades de saúde, educação, serviços culturais e outros serviços sociais;O - Administração pública, defesa e seguridade social;Monsenhor Gil;Alto-Baixo;0,001;310,0;0,0
Regulação das atividades de saúde, educação, serviços culturais e outros serviços sociais;O - Administração pública, defesa e seguridade social;Monte Alegre do Piauí;Baixo-Alto;0,029;0,0;2,914
Regulação das atividades de saúde, educação, serviços culturais e outros serviços sociais;O - Administração pública, defesa e seguridade social;Sigefredo Pacheco;Baixo-Alto;0,027;0,0;2,724
Regulação das atividades de saúde, educação, serviços culturais e outros serviços sociais;O - Administração pública, defesa e seguridade social;São Francisco do Piauí;Alto-Baixo;0,001;9,0;0,0
Regulação das atividades de saúde, educação, serviços culturais e outros serviços sociais;O - Administração pública, defesa e seguridade social;São José do Piauí;Alto-Baixo;0,001;172,0;0,0
Regulação das atividades de saúde, educação, serviços culturais e outros serviços sociais;O - Administração pública, defesa e seguridade social;União;Alto-Baixo;0,001;208,0;0,0
Regulação das atividades de saúde, educação, serviços culturais e outros serviços sociais;O - Administração pública, defesa e seguridade social;Valença do Piauí;Alto-Baixo;0,001;2,0;0,0
Regulação das atividades de saúde, educação, serviços culturais e outros serviços sociais;O - Administração pública, defesa e seguridade social;Água Branca;Alto-Baixo;0,001;93,0;0,0
Representantes comerciais e agentes do comércio de mercadorias em geral não especializado;"G - Comércio; reparação de veículos";Alto Longá;Baixo-Alto;0,003;0,0;0,509
Representantes comerciais e agentes do comércio de mercadorias em geral não especializado;"G - Comércio; reparação de veículos";Altos;Baixo-Alto;0,006;0,0;0,528
Representantes comerciais e agentes do comércio de mercadorias em geral não especializado;"G - Comércio; reparação de veículos";Batalha;Baixo-Alto;0,02;0,0;0,355
Representantes comerciais e agentes do comércio de mercadorias em geral não especializado;"G - Comércio; reparação de veículos";Beneditinos;Alto-Baixo;0,001;6,0;0,0
Representantes comerciais e agentes do comércio de mercadorias em geral não especializado;"G - Comércio; reparação de veículos";Bom Jesus;Alto-Baixo;0,001;2,0;0,0
Representantes comerciais e agentes do comércio de mercadorias em geral não especializado;"G - Comércio; reparação de veículos";Demerval Lobão;Baixo-Alto;0,008;0,0;0,486
Representantes comerciais e agentes do comércio de mercadorias em geral não especializado;"G - Comércio; reparação de veículos";Dom Expedito Lopes;Baixo-Alto;0,007;0,0;0,52
Representantes comerciais e agentes do comércio de mercadorias em geral não especializado;"G - Comércio; reparação de veículos";Francisco Ayres;Baixo-Alto;0,047;0,0;0,402
Representantes comerciais e agentes do comércio de mercadorias em geral não especializado;"G - Comércio; reparação de veículos";Francisco Macedo;Alto-Baixo;0,001;1,0;0,0
Representantes comerciais e agentes do comércio de mercadorias em geral não especializado;"G - Comércio; reparação de veículos";Juazeiro do Piauí;Baixo-Alto;0,049;0,0;0,402
Representantes comerciais e agentes do comércio de mercadorias em geral não especializado;"G - Comércio; reparação de veículos";Lagoa de São Francisco;Baixo-Alto;0,044;0,0;0,549
Representantes comerciais e agentes do comércio de mercadorias em geral não especializado;"G - Comércio; reparação de veículos";Lagoa do Piauí;Baixo-Alto;0,022;0,0;0,389
Representantes comerciais e agentes do comércio de mercadorias em geral não especializado;"G - Comércio; reparação de veículos";Monsenhor Gil;Baixo-Alto;0,044;0,0;0,243
Representantes comerciais e agentes do comércio de mercadorias em geral não especializado;"G - Comércio; reparação de veículos";Novo Santo Antônio;Baixo-Alto;0,02;0,0;0,461
Representantes comerciais e agentes do comércio de mercadorias em geral não especializado;"G - Comércio; reparação de veículos";Passagem Franca do Piauí;Baixo-Alto;0,044;0,0;0,243
Representantes comerciais e agentes do comércio de mercadorias em geral não especializado;"G - Comércio; reparação de veículos";Pau D'Arco do Piauí;Baixo-Alto;0,002;0,0;0,649
Representantes comerciais e agentes do comércio de mercadorias em geral não especializado;"G - Comércio; reparação de veículos";Santana do Piauí;Baixo-Alto;0,012;0,0;0,52
Representantes comerciais e agentes do comércio de mercadorias em geral não especializado;"G - Comércio; reparação de veículos";Sigefredo Pacheco;Baixo-Alto;0,021;0,0;0,384
Restaurantes e similares;I - Alojamento e alimentação;Bocaina;Alto-Baixo;0,001;3,0;0,0
Restaurantes e similares;I - Alojamento e alimentação;Brasileira;Alto-Baixo;0,001;8,0;0,0
Restaurantes e similares;I - Alojamento e alimentação;Buriti dos Montes;Baixo-Alto;0,045;0,0;1,082
Restaurantes e similares;I - Alojamento e alimentação;Cajueiro da Praia;Alto-Baixo;0,001;253,0;0,0
Restaurantes e similares;I - Alojamento e alimentação;Domingos Mourão;Baixo-Alto;0,031;0,0;1,382
Restaurantes e similares;I - Alojamento e alimentação;Ilha Grande;Alto-Baixo;0,001;7,0;0,0
Restaurantes e similares;I - Alojamento e alimentação;Jaicós;Alto-Baixo;0,001;5,0;0,0
Restaurantes e similares;I - Alojamento e alimentação;Lagoa Alegre;Baixo-Alto;0,016;0,0;1,482
Restaurantes e similares;I - Alojamento e alimentação;Lagoa de São Francisco;Baixo-Alto;0,03;0,0;1,666
Restaurantes e similares;I - Alojamento e alimentação;Luzilândia;Alto-Baixo;0,001;11,0;0,0
Restaurantes e similares;I - Alojamento e alimentação;Luís Correia;Baixo-Alto;0,007;0,0;1,832
Restaurantes e similares;I - Alojamento e alimentação;Manoel Emídio;Alto-Baixo;0,001;1,0;0,0
Restaurantes e similares;I - Alojamento e alimentação;Nazária;Alto-Baixo;0,001;6,0;0,0
Restaurantes e similares;I - Alojamento e alimentação;Pedro II;Alto-Baixo;0,001;27,0;0,0
Restaurantes e similares;I - Alojamento e alimentação;Pio IX;Alto-Baixo;0,001;2,0;0,0
Restaurantes e similares;I - Alojamento e alimentação;Santa Filomena;Baixo-Alto;0,018;0,0;1,792
Restaurantes e similares;I - Alojamento e alimentação;Teresina;Baixo-Alto;0,045;0,0;0,842
Seguridade social obrigatória;O - Administração pública, defesa e seguridade social;Batalha;Baixo-Alto;0,002;0,0;1,673
Seguridade social obrigatória;O - Administração pública, defesa e seguridade social;Buriti dos Lopes;Alto-Alto;0,038;2,0;0,942
Seguridade social obrigatória;O - Administração pública, defesa e seguridade social;Cajueiro da Praia;Alto-Baixo;0,001;2,0;0,0
Seguridade social obrigatória;O - Administração pública, defesa e seguridade social;Caraúbas do Piauí;Baixo-Alto;0,009;0,0;1,322
Seguridade social obrigatória;O - Administração pública, defesa e seguridade social;Castelo do Piauí;Alto-Baixo;0,001;2,0;0,0
Seguridade social obrigatória;O - Administração pública, defesa e seguridade social;Caxingó;Alto-Alto;0,009;4,0;1,581
Seguridade social obrigatória;O - Administração pública, defesa e seguridade social;Coivaras;Baixo-Alto;0,009;0,0;1,559
Seguridade social obrigatória;O - Administração pública, defesa e seguridade social;Curralinhos;Alto-Baixo;0,001;2,0;0,0
Seguridade social obrigatória;O - Administração pública, defesa e seguridade social;Domingos Mourão;Baixo-Alto;0,007;0,0;1,795
Seguridade social obrigatória;O - Administração pública, defesa e seguridade social;Francisco Ayres;Alto-Baixo;0,001;99,0;0,0
Seguridade social obrigatória;O - Administração pública, defesa e seguridade social;Ilha Grande;Baixo-Alto;0,02;0,0;2,944
Seguridade social obrigatória;O - Administração pública, defesa e seguridade social;José de Freitas;Baixo-Alto;0,027;0,0;1,039
Seguridade social obrigatória;O - Administração pública, defesa e seguridade social;Lagoa de São Francisco;Alto-Alto;0,038;1,0;1,733
Seguridade social obrigatória;O - Administração pública, defesa e seguridade social;Luís Correia;Baixo-Alto;0,028;0,0;1,285
Seguridade social obrigatória;O - Administração pública, defesa e seguridade social;Morro do Chapéu do Piauí;Baixo-Alto;0,012;0,0;1,306
Seguridade social obrigatória;O - Administração pública, defesa e seguridade social;Murici dos Portelas;Baixo-Alto;0,002;0,0;2,645
Seguridade social obrigatória;O - Administração pública, defesa e seguridade social;Paulistana;Alto-Baixo;0,001;2,0;0,0
Seguridade social obrigatória;O - Administração pública, defesa e seguridade social;São Braz do Piauí;Alto-Baixo;0,001;1,0;0,0
Seguridade social obrigatória;O - Administração pública, defesa e seguridade social;São José do Divino;Baixo-Alto;0,011;0,0;1,306
Seguridade social obrigatória;O - Administração pública, defesa e seguridade social;São João do Piauí;Alto-Baixo;0,001;3,0;0,0
Seguridade social obrigatória;O - Administração pública, defesa e seguridade social;Vera Mendes;Alto-Baixo;0,001;1,0;0,0
Seleção e agenciamento de mão-de-obra;N - Atividades administrativas e serviços complementares;Altos;Alto-Alto;0,026;77,0;1,646
Seleção e agenciamento de mão-de-obra;N - Atividades administrativas e serviços complementares;Barras;Alto-Alto;0,025;27,0;1,442
Seleção e agenciamento de mão-de-obra;N - Atividades administrativas e serviços complementares;Batalha;Baixo-Alto;0,001;0,0;2,873
Seleção e agenciamento de mão-de-obra;N - Atividades administrativas e serviços complementares;Boa Hora;Baixo-Alto;0,01;0,0;2,115
Seleção e agenciamento de mão-de-obra;N - Atividades administrativas e serviços complementares;Brasileira;Baixo-Alto;0,037;0,0;1,558
Seleção e agenciamento de mão-de-obra;N - Atividades administrativas e serviços complementares;Buriti dos Montes;Baixo-Alto;0,023;0,0;1,759
Seleção e agenciamento de mão-de-obra;N - Atividades administrativas e serviços complementares;Cabeceiras do Piauí;Alto-Alto;0,023;10,0;1,445
Seleção e agenciamento de mão-de-obra;N - Atividades administrativas e serviços complementares;Capitão de Campos;Baixo-Alto;0,031;0,0;1,493
Seleção e agenciamento de mão-de-obra;N - Atividades administrativas e serviços complementares;Coivaras;Baixo-Alto;0,013;0,0;2,257
Seleção e agenciamento de mão-de-obra;N - Atividades administrativas e serviços complementares;Corrente;Alto-Baixo;0,001;1,0;0,0
Seleção e agenciamento de mão-de-obra;N - Atividades administrativas e serviços complementares;Domingos Mourão;Baixo-Alto;0,013;0,0;2,239
Seleção e agenciamento de mão-de-obra;N - Atividades administrativas e serviços complementares;Esperantina;Alto-Alto;0,041;72,0;1,339
Seleção e agenciamento de mão-de-obra;N - Atividades administrativas e serviços complementares;Ilha Grande;Baixo-Alto;0,025;0,0;4,407
Seleção e agenciamento de mão-de-obra;N - Atividades administrativas e serviços complementares;José de Freitas;Alto-Alto;0,012;34,0;1,905
Seleção e agenciamento de mão-de-obra;N - Atividades administrativas e serviços complementares;Juazeiro do Piauí;Alto-Baixo;0,001;3,0;0,0
Seleção e agenciamento de mão-de-obra;N - Atividades administrativas e serviços complementares;Lagoa de São Francisco;Baixo-Alto;0,002;0,0;4,478
Seleção e agenciamento de mão-de-obra;N - Atividades administrativas e serviços complementares;Manoel Emídio;Alto-Baixo;0,001;4,0;0,0
Seleção e agenciamento de mão-de-obra;N - Atividades administrativas e serviços complementares;Marcolândia;Alto-Baixo;0,001;20,0;0,0
Seleção e agenciamento de mão-de-obra;N - Atividades administrativas e serviços complementares;Morro do Chapéu do Piauí;Baixo-Alto;0,018;0,0;2,248
Seleção e agenciamento de mão-de-obra;N - Atividades administrativas e serviços complementares;Nossa Senhora de Nazaré;Baixo-Alto;0,033;0,0;1,768
Seleção e agenciamento de mão-de-obra;N - Atividades administrativas e serviços complementares;Parnaíba;Alto-Baixo;0,001;81,0;0,0
Seleção e agenciamento de mão-de-obra;N - Atividades administrativas e serviços complementares;Piracuruca;Alto-Baixo;0,001;18,0;0,0
Seleção e agenciamento de mão-de-obra;N - Atividades administrativas e serviços complementares;São José do Divino;Baixo-Alto;0,02;0,0;1,911
Seleção e agenciamento de mão-de-obra;N - Atividades administrativas e serviços complementares;Teresina;Baixo-Alto;0,003;0,0;1,608
Seleção e agenciamento de mão-de-obra;N - Atividades administrativas e serviços complementares;Água Branca;Alto-Baixo;0,001;41,0;0,0
Serviço de manejo de animais;A - Agricultura, pecuária, produção florestal, pesca e aquicultura;Agricolândia;Baixo-Alto;0,041;0,0;0,462
Serviço de manejo de animais;A - Agricultura, pecuária, produção florestal, pesca e aquicultura;Altos;Alto-Alto;0,038;2,0;0,439
Serviço de manejo de animais;A - Agricultura, pecuária, produção florestal, pesca e aquicultura;Boa Hora;Baixo-Alto;0,013;0,0;0,439
Serviço de manejo de animais;A - Agricultura, pecuária, produção florestal, pesca e aquicultura;Cabeceiras do Piauí;Baixo-Alto;0,008;0,0;0,412
Serviço de manejo de animais;A - Agricultura, pecuária, produção florestal, pesca e aquicultura;Cocal de Telha;Baixo-Alto;0,008;0,0;0,578
Serviço de manejo de animais;A - Agricultura, pecuária, produção florestal, pesca e aquicultura;Coivaras;Baixo-Alto;0,001;0,0;0,824
Serviço de manejo de animais;A - Agricultura, pecuária, produção florestal, pesca e aquicultura;Cristino Castro;Baixo-Alto;0,031;0,0;0,389
Serviço de manejo de animais;A - Agricultura, pecuária, produção florestal, pesca e aquicultura;Currais;Baixo-Alto;0,031;0,0;0,389
Serviço de manejo de animais;A - Agricultura, pecuária, produção florestal, pesca e aquicultura;Elesbão Veloso;Alto-Baixo;0,001;1,0;0,0
Serviço de manejo de animais;A - Agricultura, pecuária, produção florestal, pesca e aquicultura;Floriano;Alto-Baixo;0,001;2,0;0,0
Serviço de manejo de animais;A - Agricultura, pecuária, produção florestal, pesca e aquicultura;Guaribas;Baixo-Alto;0,029;0,0;0,389
Serviço de manejo de animais;A - Agricultura, pecuária, produção florestal, pesca e aquicultura;Jatobá do Piauí;Alto-Alto;0,019;1,0;0,549
Serviço de manejo de animais;A - Agricultura, pecuária, produção florestal, pesca e aquicultura;José de Freitas;Baixo-Alto;0,004;0,0;0,549
Serviço de manejo de animais;A - Agricultura, pecuária, produção florestal, pesca e aquicultura;Lagoinha do Piauí;Baixo-Alto;0,028;0,0;0,416
Serviço de manejo de animais;A - Agricultura, pecuária, produção florestal, pesca e aquicultura;Nossa Senhora de Nazaré;Baixo-Alto;0,009;0,0;0,549
Serviço de manejo de animais;A - Agricultura, pecuária, produção florestal, pesca e aquicultura;Novo Santo Antônio;Baixo-Alto;0,012;0,0;0,439
Serviço de manejo de animais;A - Agricultura, pecuária, produção florestal, pesca e aquicultura;Picos;Alto-Baixo;0,001;1,0;0,0
Serviço de manejo de animais;A - Agricultura, pecuária, produção florestal, pesca e aquicultura;Sigefredo Pacheco;Baixo-Alto;0,007;0,0;0,482
Serviço de manejo de animais;A - Agricultura, pecuária, produção florestal, pesca e aquicultura;São Gonçalo do Piauí;Baixo-Alto;0,033;0,0;0,347
Serviço de preparação de terreno, cultivo e colheita;A - Agricultura, pecuária, produção florestal, pesca e aquicultura;Antônio Almeida;Baixo-Alto;0,022;0,0;0,922
Serviço de preparação de terreno, cultivo e colheita;A - Agricultura, pecuária, produção florestal, pesca e aquicultura;Arraial;Baixo-Alto;0,047;0,0;0,615
Serviço de preparação de terreno, cultivo e colheita;A - Agricultura, pecuária, produção florestal, pesca e aquicultura;Baixa Grande do Ribeiro;Alto-Alto;0,012;190,0;0,809
Serviço de preparação de terreno, cultivo e colheita;A - Agricultura, pecuária, produção florestal, pesca e aquicultura;Bertolínia;Baixo-Alto;0,029;0,0;0,922
Serviço de preparação de terreno, cultivo e colheita;A - Agricultura, pecuária, produção florestal, pesca e aquicultura;Bom Jesus;Baixo-Alto;0,003;0,0;1,018
Serviço de preparação de terreno, cultivo e colheita;A - Agricultura, pecuária, produção florestal, pesca e aquicultura;Cajazeiras do Piauí;Baixo-Alto;0,009;0,0;1,096
Serviço de preparação de terreno, cultivo e colheita;A - Agricultura, pecuária, produção florestal, pesca e aquicultura;Currais;Alto-Alto;0,01;8,0;1,05
Serviço de preparação de terreno, cultivo e colheita;A - Agricultura, pecuária, produção florestal, pesca e aquicultura;Francisco Ayres;Baixo-Alto;0,03;0,0;0,922
Serviço de preparação de terreno, cultivo e colheita;A - Agricultura, pecuária, produção florestal, pesca e aquicultura;Gilbués;Alto-Alto;0,005;1,0;1,127
Serviço de preparação de terreno, cultivo e colheita;A - Agricultura, pecuária, produção florestal, pesca e aquicultura;Ilha Grande;Baixo-Alto;0,029;0,0;1,386
Serviço de preparação de terreno, cultivo e colheita;A - Agricultura, pecuária, produção florestal, pesca e aquicultura;Palmeira do Piauí;Baixo-Alto;0,006;0,0;1,242
Serviço de preparação de terreno, cultivo e colheita;A - Agricultura, pecuária, produção florestal, pesca e aquicultura;Parnaíba;Alto-Baixo;0,001;3,0;0,0
Serviço de preparação de terreno, cultivo e colheita;A - Agricultura, pecuária, produção florestal, pesca e aquicultura;Paulistana;Alto-Baixo;0,001;10,0;0,0
Serviço de preparação de terreno, cultivo e colheita;A - Agricultura, pecuária, produção florestal, pesca e aquicultura;Pavussu;Alto-Baixo;0,001;1,0;0,0
Serviço de preparação de terreno, cultivo e colheita;A - Agricultura, pecuária, produção florestal, pesca e aquicultura;Ribeiro Gonçalves;Alto-Alto;0,003;15,0;1,751
Serviço de preparação de terreno, cultivo e colheita;A - Agricultura, pecuária, produção florestal, pesca e aquicultura;Santa Filomena;Baixo-Alto;0,001;0,0;2,906
Serviço de preparação de terreno, cultivo e colheita;A - Agricultura, pecuária, produção florestal, pesca e aquicultura;Santo Antônio de Lisboa;Alto-Baixo;0,001;3,0;0,0
Serviço de preparação de terreno, cultivo e colheita;A - Agricultura, pecuária, produção florestal, pesca e aquicultura;Sebastião Leal;Alto-Baixo;0,001;39,0;0,0
Serviço de preparação de terreno, cultivo e colheita;A - Agricultura, pecuária, produção florestal, pesca e aquicultura;São Francisco do Piauí;Baixo-Alto;0,008;0,0;1,37
Serviço de preparação de terreno, cultivo e colheita;A - Agricultura, pecuária, produção florestal, pesca e aquicultura;São Pedro do Piauí;Alto-Baixo;0,001;1,0;0,0
Serviço de preparação de terreno, cultivo e colheita;A - Agricultura, pecuária, produção florestal, pesca e aquicultura;Uruçuí;Baixo-Alto;0,001;0,0;1,673
Serviços advocatícios;M - Atividades profissionais, científicas e técnicas;Alvorada do Gurguéia;Baixo-Alto;0,032;0,0;0,713
Serviços advocatícios;M - Atividades profissionais, científicas e técnicas;Amarante;Alto-Baixo;0,001;4,0;0,0
Serviços advocatícios;M - Atividades profissionais, científicas e técnicas;Anísio de Abreu;Alto-Baixo;0,001;2,0;0,0
Serviços advocatícios;M - Atividades profissionais, científicas e técnicas;Beneditinos;Alto-Baixo;0,001;2,0;0,0
Serviços advocatícios;M - Atividades profissionais, científicas e técnicas;Buriti dos Montes;Baixo-Alto;0,046;0,0;0,717
Serviços advocatícios;M - Atividades profissionais, científicas e técnicas;Cajazeiras do Piauí;Baixo-Alto;0,021;0,0;0,871
Serviços advocatícios;M - Atividades profissionais, científicas e técnicas;Campinas do Piauí;Alto-Baixo;0,001;1,0;0,0
Serviços advocatícios;M - Atividades profissionais, científicas e técnicas;Cocal dos Alves;Baixo-Alto;0,022;0,0;1,155
Serviços advocatícios;M - Atividades profissionais, científicas e técnicas;Corrente;Alto-Baixo;0,001;16,0;0,0
Serviços advocatícios;M - Atividades profissionais, científicas e técnicas;Cristalândia do Piauí;Baixo-Alto;0,014;0,0;1,417
Serviços advocatícios;M - Atividades profissionais, científicas e técnicas;Curimatá;Alto-Baixo;0,001;3,0;0,0
Serviços advocatícios;M - Atividades profissionais, científicas e técnicas;Gilbués;Alto-Baixo;0,001;4,0;0,0
Serviços advocatícios;M - Atividades profissionais, científicas e técnicas;Itaueira;Alto-Baixo;0,001;1,0;0,0
Serviços advocatícios;M - Atividades profissionais, científicas e técnicas;Lagoinha do Piauí;Baixo-Alto;0,027;0,0;0,774
Serviços advocatícios;M - Atividades profissionais, científicas e técnicas;Luzilândia;Alto-Baixo;0,001;2,0;0,0
Serviços advocatícios;M - Atividades profissionais, científicas e técnicas;Marcos Parente;Alto-Baixo;0,001;1,0;0,0
Serviços advocatícios;M - Atividades profissionais, científicas e técnicas;Nazaré do Piauí;Alto-Baixo;0,001;1,0;0,0
Serviços advocatícios;M - Atividades profissionais, científicas e técnicas;Parnaguá;Baixo-Alto;0,018;0,0;0,844
Serviços advocatícios;M - Atividades profissionais, científicas e técnicas;Pedro II;Alto-Baixo;0,001;5,0;0,0
Serviços advocatícios;M - Atividades profissionais, científicas e técnicas;Riacho Frio;Baixo-Alto;0,009;0,0;0,833
Serviços advocatícios;M - Atividades profissionais, científicas e técnicas;Ribeiro Gonçalves;Alto-Baixo;0,001;2,0;0,0
Serviços advocatícios;M - Atividades profissionais, científicas e técnicas;Sebastião Barros;Baixo-Alto;0,04;0,0;0,944
Serviços advocatícios;M - Atividades profissionais, científicas e técnicas;São Gonçalo do Gurguéia;Baixo-Alto;0,009;0,0;1,111
Serviços advocatícios;M - Atividades profissionais, científicas e técnicas;São Gonçalo do Piauí;Baixo-Alto;0,04;0,0;0,645
Serviços advocatícios;M - Atividades profissionais, científicas e técnicas;Tanque do Piauí;Baixo-Alto;0,014;0,0;0,779
Serviços combinados de escritório e apoio administrativo;N - Atividades administrativas e serviços complementares;Acauã;Baixo-Alto;0,007;0,0;2,2
Serviços combinados de escritório e apoio administrativo;N - Atividades administrativas e serviços complementares;Antônio Almeida;Baixo-Alto;0,032;0,0;1,37
Serviços combinados de escritório e apoio administrativo;N - Atividades administrativas e serviços complementares;Baixa Grande do Ribeiro;Alto-Alto;0,048;5,0;0,957
Serviços combinados de escritório e apoio administrativo;N - Atividades administrativas e serviços complementares;Barras;Alto-Alto;0,008;1,0;1,158
Serviços combinados de escritório e apoio administrativo;N - Atividades administrativas e serviços complementares;Batalha;Baixo-Alto;0,023;0,0;1,125
Serviços combinados de escritório e apoio administrativo;N - Atividades administrativas e serviços complementares;Buriti dos Montes;Baixo-Alto;0,008;0,0;1,664
Serviços combinados de escritório e apoio administrativo;N - Atividades administrativas e serviços complementares;Campo Largo do Piauí;Baixo-Alto;0,024;0,0;1,219
Serviços combinados de escritório e apoio administrativo;N - Atividades administrativas e serviços complementares;Canto do Buriti;Alto-Baixo;0,001;5,0;0,0
Serviços combinados de escritório e apoio administrativo;N - Atividades administrativas e serviços complementares;Capitão de Campos;Baixo-Alto;0,04;0,0;1,046
Serviços combinados de escritório e apoio administrativo;N - Atividades administrativas e serviços complementares;Currais;Baixo-Alto;0,047;0,0;1,156
Serviços combinados de escritório e apoio administrativo;N - Atividades administrativas e serviços complementares;Domingos Mourão;Baixo-Alto;0,017;0,0;1,569
Serviços combinados de escritório e apoio administrativo;N - Atividades administrativas e serviços complementares;Guadalupe;Alto-Baixo;0,001;19,0;0,0
Serviços combinados de escritório e apoio administrativo;N - Atividades administrativas e serviços complementares;Ilha Grande;Alto-Baixo;0,001;95,0;0,0
Serviços combinados de escritório e apoio administrativo;N - Atividades administrativas e serviços complementares;Lagoa de São Francisco;Baixo-Alto;0,002;0,0;3,138
Serviços combinados de escritório e apoio administrativo;N - Atividades administrativas e serviços complementares;Nazaré do Piauí;Alto-Baixo;0,001;1,0;0,0
Serviços combinados de escritório e apoio administrativo;N - Atividades administrativas e serviços complementares;Parnaíba;Baixo-Alto;0,012;0,0;1,741
Serviços combinados de escritório e apoio administrativo;N - Atividades administrativas e serviços complementares;Passagem Franca do Piauí;Alto-Baixo;0,001;29,0;0,0
Serviços combinados de escritório e apoio administrativo;N - Atividades administrativas e serviços complementares;Piracuruca;Alto-Baixo;0,001;1,0;0,0
Serviços combinados de escritório e apoio administrativo;N - Atividades administrativas e serviços complementares;Ribeiro Gonçalves;Baixo-Alto;0,029;0,0;1,5
Serviços combinados de escritório e apoio administrativo;N - Atividades administrativas e serviços complementares;São Raimundo Nonato;Alto-Baixo;0,001;9,0;0,0
Serviços combinados de escritório e apoio administrativo;N - Atividades administrativas e serviços complementares;União;Alto-Baixo;0,001;1,0;0,0
Serviços combinados de escritório e apoio administrativo;N - Atividades administrativas e serviços complementares;Vila Nova do Piauí;Alto-Baixo;0,001;1,0;0,0
Serviços combinados de escritório e apoio administrativo;N - Atividades administrativas e serviços complementares;Água Branca;Alto-Baixo;0,001;5,0;0,0
Serviços de agronomia e de consultoria às atividades agrícolas e pecuárias;M - Atividades profissionais, científicas e técnicas;Anísio de Abreu;Alto-Baixo;0,001;1,0;0,0
Serviços de agronomia e de consultoria às atividades agrícolas e pecuárias;M - Atividades profissionais, científicas e técnicas;Baixa Grande do Ribeiro;Alto-Baixo;0,001;2,0;0,0
Serviços de agronomia e de consultoria às atividades agrícolas e pecuárias;M - Atividades profissionais, científicas e técnicas;Bela Vista do Piauí;Alto-Baixo;0,001;1,0;0,0
Serviços de agronomia e de consultoria às atividades agrícolas e pecuárias;M - Atividades profissionais, científicas e técnicas;Cajueiro da Praia;Baixo-Alto;0,043;0,0;0,693
Serviços de agronomia e de consultoria às atividades agrícolas e pecuárias;M - Atividades profissionais, científicas e técnicas;Campo Alegre do Fidalgo;Baixo-Alto;0,01;0,0;0,623
Serviços de agronomia e de consultoria às atividades agrícolas e pecuárias;M - Atividades profissionais, científicas e técnicas;Capitão Gervásio Oliveira;Baixo-Alto;0,009;0,0;0,761
Serviços de agronomia e de consultoria às atividades agrícolas e pecuárias;M - Atividades profissionais, científicas e técnicas;Caridade do Piauí;Baixo-Alto;0,033;0,0;0,578
Serviços de agronomia e de consultoria às atividades agrícolas e pecuárias;M - Atividades profissionais, científicas e técnicas;Conceição do Canindé;Baixo-Alto;0,013;0,0;0,597
Serviços de agronomia e de consultoria às atividades agrícolas e pecuárias;M - Atividades profissionais, científicas e técnicas;Corrente;Alto-Baixo;0,001;17,0;0,0
Serviços de agronomia e de consultoria às atividades agrícolas e pecuárias;M - Atividades profissionais, científicas e técnicas;Cristalândia do Piauí;Baixo-Alto;0,01;0,0;1,445
Serviços de agronomia e de consultoria às atividades agrícolas e pecuárias;M - Atividades profissionais, científicas e técnicas;Dom Inocêncio;Baixo-Alto;0,013;0,0;0,609
Serviços de agronomia e de consultoria às atividades agrícolas e pecuárias;M - Atividades profissionais, científicas e técnicas;Ilha Grande;Baixo-Alto;0,022;0,0;1,099
Serviços de agronomia e de consultoria às atividades agrícolas e pecuárias;M - Atividades profissionais, científicas e técnicas;João Costa;Baixo-Alto;0,031;0,0;0,507
Serviços de agronomia e de consultoria às atividades agrícolas e pecuárias;M - Atividades profissionais, científicas e técnicas;Nazária;Baixo-Alto;0,042;0,0;0,549
Serviços de agronomia e de consultoria às atividades agrícolas e pecuárias;M - Atividades profissionais, científicas e técnicas;Nova Santa Rita;Baixo-Alto;0,007;0,0;0,748
Serviços de agronomia e de consultoria às atividades agrícolas e pecuárias;M - Atividades profissionais, científicas e técnicas;Oeiras;Alto-Baixo;0,001;1,0;0,0
Serviços de agronomia e de consultoria às atividades agrícolas e pecuárias;M - Atividades profissionais, científicas e técnicas;Parnaguá;Baixo-Alto;0,038;0,0;0,578
Serviços de agronomia e de consultoria às atividades agrícolas e pecuárias;M - Atividades profissionais, científicas e técnicas;Pedro Laurentino;Baixo-Alto;0,016;0,0;0,609
Serviços de agronomia e de consultoria às atividades agrícolas e pecuárias;M - Atividades profissionais, científicas e técnicas;Piracuruca;Alto-Baixo;0,001;2,0;0,0
Serviços de agronomia e de consultoria às atividades agrícolas e pecuárias;M - Atividades profissionais, científicas e técnicas;Regeneração;Alto-Baixo;0,001;11,0;0,0
Serviços de agronomia e de consultoria às atividades agrícolas e pecuárias;M - Atividades profissionais, científicas e técnicas;Ribeira do Piauí;Baixo-Alto;0,048;0,0;0,435
Serviços de agronomia e de consultoria às atividades agrícolas e pecuárias;M - Atividades profissionais, científicas e técnicas;Sebastião Barros;Baixo-Alto;0,02;0,0;0,963
Serviços de agronomia e de consultoria às atividades agrícolas e pecuárias;M - Atividades profissionais, científicas e técnicas;Socorro do Piauí;Baixo-Alto;0,035;0,0;0,507
Serviços de agronomia e de consultoria às atividades agrícolas e pecuárias;M - Atividades profissionais, científicas e técnicas;São Gonçalo do Gurguéia;Baixo-Alto;0,046;0,0;0,723
Serviços de agronomia e de consultoria às atividades agrícolas e pecuárias;M - Atividades profissionais, científicas e técnicas;São João do Piauí;Alto-Baixo;0,001;20,0;0,0
Serviços de agronomia e de consultoria às atividades agrícolas e pecuárias;M - Atividades profissionais, científicas e técnicas;Tanque do Piauí;Baixo-Alto;0,036;0,0;0,454
Serviços de alimentação para eventos e recepções - bufê;I - Alojamento e alimentação;Altos;Baixo-Alto;0,049;0,0;0,389
Serviços de alimentação para eventos e recepções - bufê;I - Alojamento e alimentação;Baixa Grande do Ribeiro;Baixo-Alto;0,007;0,0;0,622
Serviços de alimentação para eventos e recepções - bufê;I - Alojamento e alimentação;Batalha;Baixo-Alto;0,025;0,0;0,435
Serviços de alimentação para eventos e recepções - bufê;I - Alojamento e alimentação;Cabeceiras do Piauí;Baixo-Alto;0,027;0,0;0,381
Serviços de alimentação para eventos e recepções - bufê;I - Alojamento e alimentação;Campo Largo do Piauí;Baixo-Alto;0,02;0,0;0,507
Serviços de alimentação para eventos e recepções - bufê;I - Alojamento e alimentação;Campo Maior;Alto-Baixo;0,001;6,0;0,0
Serviços de alimentação para eventos e recepções - bufê;I - Alojamento e alimentação;Coivaras;Baixo-Alto;0,029;0,0;0,486
Serviços de alimentação para eventos e recepções - bufê;I - Alojamento e alimentação;Corrente;Alto-Baixo;0,001;6,0;0,0
Serviços de alimentação para eventos e recepções - bufê;I - Alojamento e alimentação;Cristalândia do Piauí;Baixo-Alto;0,013;0,0;0,973
Serviços de alimentação para eventos e recepções - bufê;I - Alojamento e alimentação;Currais;Baixo-Alto;0,017;0,0;0,513
Serviços de alimentação para eventos e recepções - bufê;I - Alojamento e alimentação;Gilbués;Baixo-Alto;0,029;0,0;0,366
Serviços de alimentação para eventos e recepções - bufê;I - Alojamento e alimentação;Guaribas;Baixo-Alto;0,019;0,0;0,513
Serviços de alimentação para eventos e recepções - bufê;I - Alojamento e alimentação;Ipiranga do Piauí;Baixo-Alto;0,018;0,0;0,486
Serviços de alimentação para eventos e recepções - bufê;I - Alojamento e alimentação;Jatobá do Piauí;Baixo-Alto;0,026;0,0;0,486
Serviços de alimentação para eventos e recepções - bufê;I - Alojamento e alimentação;Monte Alegre do Piauí;Baixo-Alto;0,007;0,0;0,641
Serviços de alimentação para eventos e recepções - bufê;I - Alojamento e alimentação;Morro Cabeça no Tempo;Baixo-Alto;0,005;0,0;0,815
Serviços de alimentação para eventos e recepções - bufê;I - Alojamento e alimentação;Morro do Chapéu do Piauí;Baixo-Alto;0,026;0,0;0,486
Serviços de alimentação para eventos e recepções - bufê;I - Alojamento e alimentação;Nossa Senhora de Nazaré;Baixo-Alto;0,026;0,0;0,486
Serviços de alimentação para eventos e recepções - bufê;I - Alojamento e alimentação;Novo Oriente do Piauí;Baixo-Alto;0,036;0,0;0,497
Serviços de alimentação para eventos e recepções - bufê;I - Alojamento e alimentação;Parnaguá;Baixo-Alto;0,012;0,0;0,528
Serviços de alimentação para eventos e recepções - bufê;I - Alojamento e alimentação;Picos;Alto-Baixo;0,001;4,0;0,0
Serviços de alimentação para eventos e recepções - bufê;I - Alojamento e alimentação;Piripiri;Baixo-Alto;0,03;0,0;0,339
Serviços de alimentação para eventos e recepções - bufê;I - Alojamento e alimentação;Redenção do Gurguéia;Baixo-Alto;0,01;0,0;0,652
Serviços de alimentação para eventos e recepções - bufê;I - Alojamento e alimentação;Riacho Frio;Baixo-Alto;0,023;0,0;0,377
Serviços de alimentação para eventos e recepções - bufê;I - Alojamento e alimentação;Santa Luz;Baixo-Alto;0,019;0,0;0,513
Serviços de alimentação para eventos e recepções - bufê;I - Alojamento e alimentação;Sebastião Barros;Baixo-Alto;0,017;0,0;0,649
Serviços de alimentação para eventos e recepções - bufê;I - Alojamento e alimentação;Sigefredo Pacheco;Baixo-Alto;0,048;0,0;0,324
Serviços de alimentação para eventos e recepções - bufê;I - Alojamento e alimentação;São Gonçalo do Gurguéia;Baixo-Alto;0,024;0,0;0,486
Serviços de alimentação para eventos e recepções - bufê;I - Alojamento e alimentação;Uruçuí;Alto-Baixo;0,001;5,0;0,0
Serviços de assistência social sem alojamento;Q - Saúde humana e serviços sociais;Alagoinha do Piauí;Alto-Alto;0,007;11,0;1,265
Serviços de assistência social sem alojamento;Q - Saúde humana e serviços sociais;Aroeiras do Itaim;Baixo-Alto;0,024;0,0;0,801
Serviços de assistência social sem alojamento;Q - Saúde humana e serviços sociais;Belém do Piauí;Baixo-Alto;0,003;0,0;1,42
Serviços de assistência social sem alojamento;Q - Saúde humana e serviços sociais;Bertolínia;Baixo-Alto;0,03;0,0;0,922
Serviços de assistência social sem alojamento;Q - Saúde humana e serviços sociais;Bocaina;Baixo-Alto;0,014;0,0;1,055
Serviços de assistência social sem alojamento;Q - Saúde humana e serviços sociais;Campo Grande do Piauí;Alto-Alto;0,003;30,0;1,262
Serviços de assistência social sem alojamento;Q - Saúde humana e serviços sociais;Canavieira;Alto-Baixo;0,001;39,0;0,0
Serviços de assistência social sem alojamento;Q - Saúde humana e serviços sociais;Caridade do Piauí;Alto-Baixo;0,001;11,0;0,0
Serviços de assistência social sem alojamento;Q - Saúde humana e serviços sociais;Coronel José Dias;Alto-Baixo;0,001;1,0;0,0
Serviços de assistência social sem alojamento;Q - Saúde humana e serviços sociais;Francisco Santos;Baixo-Alto;0,032;0,0;0,804
Serviços de assistência social sem alojamento;Q - Saúde humana e serviços sociais;Geminiano;Baixo-Alto;0,001;0,0;1,253
Serviços de assistência social sem alojamento;Q - Saúde humana e serviços sociais;Jaicós;Alto-Alto;0,002;8,0;1,063
Serviços de assistência social sem alojamento;Q - Saúde humana e serviços sociais;Massapê do Piauí;Baixo-Alto;0,022;0,0;0,936
Serviços de assistência social sem alojamento;Q - Saúde humana e serviços sociais;Monsenhor Hipólito;Baixo-Alto;0,014;0,0;1,184
Serviços de assistência social sem alojamento;Q - Saúde humana e serviços sociais;Patos do Piauí;Baixo-Alto;0,003;0,0;1,086
Serviços de assistência social sem alojamento;Q - Saúde humana e serviços sociais;Pedro Laurentino;Alto-Baixo;0,001;15,0;0,0
Serviços de assistência social sem alojamento;Q - Saúde humana e serviços sociais;Riacho Frio;Alto-Baixo;0,001;1,0;0,0
Serviços de assistência social sem alojamento;Q - Saúde humana e serviços sociais;Santana do Piauí;Baixo-Alto;0,009;0,0;1,318
Serviços de assistência social sem alojamento;Q - Saúde humana e serviços sociais;São Braz do Piauí;Alto-Baixo;0,001;11,0;0,0
Serviços de assistência social sem alojamento;Q - Saúde humana e serviços sociais;São Julião;Baixo-Alto;0,013;0,0;1,075
Serviços de assistência social sem alojamento;Q - Saúde humana e serviços sociais;Vera Mendes;Baixo-Alto;0,012;0,0;1,336
Serviços de assistência social sem alojamento;Q - Saúde humana e serviços sociais;Vila Nova do Piauí;Alto-Alto;0,014;17,0;0,986
Serviços de cartografia, topografia e geodésia;M - Atividades profissionais, científicas e técnicas;Acauã;Baixo-Alto;0,03;0,0;0,462
Serviços de cartografia, topografia e geodésia;M - Atividades profissionais, científicas e técnicas;Aroeiras do Itaim;Baixo-Alto;0,001;0,0;0,416
Serviços de cartografia, topografia e geodésia;M - Atividades profissionais, científicas e técnicas;Baixa Grande do Ribeiro;Baixo-Alto;0,005;0,0;0,314
Serviços de cartografia, topografia e geodésia;M - Atividades profissionais, científicas e técnicas;Betânia do Piauí;Baixo-Alto;0,03;0,0;0,462
Serviços de cartografia, topografia e geodésia;M - Atividades profissionais, científicas e técnicas;Brejo do Piauí;Baixo-Alto;0,04;0,0;0,154
Serviços de cartografia, topografia e geodésia;M - Atividades profissionais, científicas e técnicas;Campo Alegre do Fidalgo;Baixo-Alto;0,028;0,0;0,231
Serviços de cartografia, topografia e geodésia;M - Atividades profissionais, científicas e técnicas;Capitão Gervásio Oliveira;Baixo-Alto;0,009;0,0;0,347
Serviços de cartografia, topografia e geodésia;M - Atividades profissionais, científicas e técnicas;Corrente;Alto-Baixo;0,001;1,0;0,0
Serviços de cartografia, topografia e geodésia;M - Atividades profissionais, científicas e técnicas;Cristalândia do Piauí;Baixo-Alto;0,038;0,0;0,347
Serviços de cartografia, topografia e geodésia;M - Atividades profissionais, científicas e técnicas;Curral Novo do Piauí;Baixo-Alto;0,006;0,0;0,416
Serviços de cartografia, topografia e geodésia;M - Atividades profissionais, científicas e técnicas;Dom Expedito Lopes;Baixo-Alto;0,008;0,0;0,347
Serviços de cartografia, topografia e geodésia;M - Atividades profissionais, científicas e técnicas;Jacobina do Piauí;Baixo-Alto;0,028;0,0;0,231
Serviços de cartografia, topografia e geodésia;M - Atividades profissionais, científicas e técnicas;João Costa;Baixo-Alto;0,028;0,0;0,231
Serviços de cartografia, topografia e geodésia;M - Atividades profissionais, científicas e técnicas;Paquetá;Baixo-Alto;0,011;0,0;0,277
Serviços de cartografia, topografia e geodésia;M - Atividades profissionais, científicas e técnicas;Queimada Nova;Baixo-Alto;0,012;0,0;0,347
Serviços de cartografia, topografia e geodésia;M - Atividades profissionais, científicas e técnicas;Ribeiro Gonçalves;Baixo-Alto;0,034;0,0;0,366
Serviços de cartografia, topografia e geodésia;M - Atividades profissionais, científicas e técnicas;Santana do Piauí;Baixo-Alto;0,012;0,0;0,347
Serviços de cartografia, topografia e geodésia;M - Atividades profissionais, científicas e técnicas;Socorro do Piauí;Baixo-Alto;0,037;0,0;0,231
Serviços de cartografia, topografia e geodésia;M - Atividades profissionais, científicas e técnicas;Sussuapara;Baixo-Alto;0,014;0,0;0,347
Serviços de cartografia, topografia e geodésia;M - Atividades profissionais, científicas e técnicas;São João do Piauí;Alto-Baixo;0,001;3,0;0,0
Serviços de cartografia, topografia e geodésia;M - Atividades profissionais, científicas e técnicas;Uruçuí;Alto-Baixo;0,001;2,0;0,0
Serviços de cartografia, topografia e geodésia;M - Atividades profissionais, científicas e técnicas;Água Branca;Alto-Baixo;0,001;1,0;0,0
Serviços de comunicação multimídia - SCM;J - Informação e comunicação;Aroeiras do Itaim;Baixo-Alto;0,037;0,0;2,358
Serviços de comunicação multimídia - SCM;J - Informação e comunicação;Barras;Alto-Alto;0,032;110,0;2,072
Serviços de comunicação multimídia - SCM;J - Informação e comunicação;Cabeceiras do Piauí;Baixo-Alto;0,004;0,0;2,548
Serviços de comunicação multimídia - SCM;J - Informação e comunicação;Campo Largo do Piauí;Baixo-Alto;0,003;2,0;2,851
Serviços de comunicação multimídia - SCM;J - Informação e comunicação;Capitão de Campos;Alto-Alto;0,023;7,0;2,31
Serviços de comunicação multimídia - SCM;J - Informação e comunicação;Corrente;Alto-Baixo;0,001;29,0;0,0
Serviços de comunicação multimídia - SCM;J - Informação e comunicação;Curimatá;Alto-Baixo;0,001;8,0;0,0
Serviços de comunicação multimídia - SCM;J - Informação e comunicação;Esperantina;Alto-Alto;0,04;62,0;2,158
Serviços de comunicação multimídia - SCM;J - Informação e comunicação;Francisco Ayres;Alto-Alto;0,032;7,0;2,575
Serviços de comunicação multimídia - SCM;J - Informação e comunicação;Geminiano;Alto-Alto;0,027;4,0;2,129
Serviços de comunicação multimídia - SCM;J - Informação e comunicação;Guaribas;Alto-Alto;0,044;4,0;2,268
Serviços de comunicação multimídia - SCM;J - Informação e comunicação;Ilha Grande;Alto-Baixo;0,001;17,0;0,0
Serviços de comunicação multimídia - SCM;J - Informação e comunicação;Inhuma;Alto-Alto;0,037;5,0;2,043
Serviços de comunicação multimídia - SCM;J - Informação e comunicação;Ipiranga do Piauí;Baixo-Alto;0,02;2,0;2,255
Serviços de comunicação multimídia - SCM;J - Informação e comunicação;Jerumenha;Baixo-Alto;0,042;0,0;2,168
Serviços de comunicação multimídia - SCM;J - Informação e comunicação;Lagoa Alegre;Baixo-Alto;0,043;2,0;2,455
Serviços de comunicação multimídia - SCM;J - Informação e comunicação;Lagoa de São Francisco;Alto-Alto;0,026;7,0;3,291
Serviços de comunicação multimídia - SCM;J - Informação e comunicação;Morro do Chapéu do Piauí;Baixo-Alto;0,018;0,0;2,821
Serviços de comunicação multimídia - SCM;J - Informação e comunicação;Nossa Senhora dos Remédios;Baixo-Alto;0,011;0,0;2,983
Serviços de comunicação multimídia - SCM;J - Informação e comunicação;Novo Oriente do Piauí;Alto-Alto;0,011;3,0;2,664
Serviços de comunicação multimídia - SCM;J - Informação e comunicação;Pavussu;Baixo-Alto;0,033;1,0;2,358
Serviços de comunicação multimídia - SCM;J - Informação e comunicação;Piripiri;Alto-Alto;0,017;18,0;2,244
Serviços de comunicação multimídia - SCM;J - Informação e comunicação;Santana do Piauí;Baixo-Alto;0,043;0,0;2,424
Serviços de comunicação multimídia - SCM;J - Informação e comunicação;Simplício Mendes;Alto-Baixo;0,037;15,0;0,374
Serviços de comunicação multimídia - SCM;J - Informação e comunicação;São João do Arraial;Alto-Alto;0,043;9,0;2,212
Serviços de engenharia;M - Atividades profissionais, científicas e técnicas;Barras;Alto-Alto;0,005;12,0;1,438
Serviços de engenharia;M - Atividades profissionais, científicas e técnicas;Barro Duro;Alto-Baixo;0,001;2,0;0,0
Serviços de engenharia;M - Atividades profissionais, científicas e técnicas;Batalha;Alto-Alto;0,025;2,0;1,188
Serviços de engenharia;M - Atividades profissionais, científicas e técnicas;Boa Hora;Baixo-Alto;0,003;0,0;1,883
Serviços de engenharia;M - Atividades profissionais, científicas e técnicas;Bom Princípio do Piauí;Baixo-Alto;0,011;0,0;1,72
Serviços de engenharia;M - Atividades profissionais, científicas e técnicas;Coivaras;Alto-Alto;0,032;5,0;1,417
Serviços de engenharia;M - Atividades profissionais, científicas e técnicas;Cristino Castro;Alto-Baixo;0,001;5,0;0,0
Serviços de engenharia;M - Atividades profissionais, científicas e técnicas;Currais;Baixo-Alto;0,01;0,0;1,569
Serviços de engenharia;M - Atividades profissionais, científicas e técnicas;Francisco Ayres;Baixo-Alto;0,045;0,0;1,262
Serviços de engenharia;M - Atividades profissionais, científicas e técnicas;Fronteiras;Alto-Baixo;0,001;26,0;0,0
Serviços de engenharia;M - Atividades profissionais, científicas e técnicas;Gilbués;Baixo-Alto;0,006;0,0;1,364
Serviços de engenharia;M - Atividades profissionais, científicas e técnicas;Guadalupe;Alto-Baixo;0,001;2,0;0,0
Serviços de engenharia;M - Atividades profissionais, científicas e técnicas;Ilha Grande;Baixo-Alto;0,001;0,0;4,394
Serviços de engenharia;M - Atividades profissionais, científicas e técnicas;Jatobá do Piauí;Baixo-Alto;0,048;0,0;1,29
Serviços de engenharia;M - Atividades profissionais, científicas e técnicas;José de Freitas;Baixo-Alto;0,001;0,0;1,824
Serviços de engenharia;M - Atividades profissionais, científicas e técnicas;Lagoa Alegre;Baixo-Alto;0,046;0,0;1,318
Serviços de engenharia;M - Atividades profissionais, científicas e técnicas;Lagoa de São Francisco;Baixo-Alto;0,029;0,0;2,072
Serviços de engenharia;M - Atividades profissionais, científicas e técnicas;Luís Correia;Alto-Alto;0,048;5,0;1,272
Serviços de engenharia;M - Atividades profissionais, científicas e técnicas;Miguel Alves;Baixo-Alto;0,003;0,0;1,537
Serviços de engenharia;M - Atividades profissionais, científicas e técnicas;Nossa Senhora de Nazaré;Baixo-Alto;0,005;0,0;1,967
Serviços de engenharia;M - Atividades profissionais, científicas e técnicas;Nossa Senhora dos Remédios;Baixo-Alto;0,031;0,0;1,474
Serviços de engenharia;M - Atividades profissionais, científicas e técnicas;Oeiras;Alto-Baixo;0,029;7,0;0,0
Serviços de engenharia;M - Atividades profissionais, científicas e técnicas;Pajeú do Piauí;Alto-Baixo;0,001;13,0;0,0
Serviços de engenharia;M - Atividades profissionais, científicas e técnicas;São João do Piauí;Alto-Baixo;0,001;11,0;0,0
Serviços de engenharia;M - Atividades profissionais, científicas e técnicas;São Raimundo Nonato;Alto-Baixo;0,001;14,0;0,0
Serviços de engenharia;M - Atividades profissionais, científicas e técnicas;União;Alto-Baixo;0,001;12,0;0,0
Serviços de engenharia;M - Atividades profissionais, científicas e técnicas;Água Branca;Alto-Baixo;0,001;3,0;0,0
Serviços de funerárias;S - Outras atividades de serviços;Batalha;Alto-Alto;0,03;1,0;0,841
Serviços de funerárias;S - Outras atividades de serviços;Bertolínia;Alto-Baixo;0,001;1,0;0,0
Serviços de funerárias;S - Outras atividades de serviços;Buriti dos Montes;Baixo-Alto;0,036;0,0;0,921
Serviços de funerárias;S - Outras atividades de serviços;Cabeceiras do Piauí;Baixo-Alto;0,042;0,0;0,723
Serviços de funerárias;S - Outras atividades de serviços;Campinas do Piauí;Baixo-Alto;0,046;0,0;0,934
Serviços de funerárias;S - Outras atividades de serviços;Campo Largo do Piauí;Baixo-Alto;0,017;0,0;1,029
Serviços de funerárias;S - Outras atividades de serviços;Coivaras;Baixo-Alto;0,037;0,0;1,006
Serviços de funerárias;S - Outras atividades de serviços;Curral Novo do Piauí;Alto-Baixo;0,001;5,0;0,0
Serviços de funerárias;S - Outras atividades de serviços;Guadalupe;Alto-Baixo;0,001;20,0;0,0
Serviços de funerárias;S - Outras atividades de serviços;Ilha Grande;Alto-Baixo;0,001;1,0;0,0
Serviços de funerárias;S - Outras atividades de serviços;Lagoinha do Piauí;Baixo-Alto;0,037;0,0;0,921
Serviços de funerárias;S - Outras atividades de serviços;Marcolândia;Alto-Baixo;0,001;4,0;0,0
Serviços de funerárias;S - Outras atividades de serviços;Monte Alegre do Piauí;Baixo-Alto;0,021;0,0;1,209
Serviços de funerárias;S - Outras atividades de serviços;Morro do Chapéu do Piauí;Baixo-Alto;0,015;0,0;1,337
Serviços de funerárias;S - Outras atividades de serviços;Nossa Senhora dos Remédios;Baixo-Alto;0,043;0,0;0,968
Serviços de funerárias;S - Outras atividades de serviços;Nova Santa Rita;Baixo-Alto;0,029;0,0;0,988
Serviços de funerárias;S - Outras atividades de serviços;Pau D'Arco do Piauí;Baixo-Alto;0,026;0,0;0,97
Serviços de funerárias;S - Outras atividades de serviços;Pedro II;Alto-Baixo;0,001;9,0;0,0
Serviços de funerárias;S - Outras atividades de serviços;Pedro Laurentino;Baixo-Alto;0,024;0,0;0,988
Serviços de funerárias;S - Outras atividades de serviços;Piripiri;Baixo-Alto;0,022;0,0;0,822
Serviços de funerárias;S - Outras atividades de serviços;São Gonçalo do Piauí;Baixo-Alto;0,048;0,0;0,768
Serviços de funerárias;S - Outras atividades de serviços;São João da Serra;Baixo-Alto;0,025;0,0;1,062
Serviços de funerárias;S - Outras atividades de serviços;São João do Arraial;Baixo-Alto;0,049;0,0;0,85
Serviços de funerárias;S - Outras atividades de serviços;São João do Piauí;Alto-Baixo;0,001;19,0;0,0
Serviços de funerárias;S - Outras atividades de serviços;São Miguel da Baixa Grande;Baixo-Alto;0,044;0,0;0,806
Serviços de lavagem, lubrificação e polimento de veículos automotores;"G - Comércio; reparação de veículos";Amarante;Alto-Baixo;0,001;1,0;0,0
Serviços de lavagem, lubrificação e polimento de veículos automotores;"G - Comércio; reparação de veículos";Antônio Almeida;Baixo-Alto;0,045;0,0;0,347
Serviços de lavagem, lubrificação e polimento de veículos automotores;"G - Comércio; reparação de veículos";Baixa Grande do Ribeiro;Baixo-Alto;0,003;0,0;0,454
Serviços de lavagem, lubrificação e polimento de veículos automotores;"G - Comércio; reparação de veículos";Bom Jesus;Alto-Baixo;0,001;5,0;0,0
Serviços de lavagem, lubrificação e polimento de veículos automotores;"G - Comércio; reparação de veículos";Campo Maior;Alto-Alto;0,039;1,0;0,23
Serviços de lavagem, lubrificação e polimento de veículos automotores;"G - Comércio; reparação de veículos";Coivaras;Baixo-Alto;0,005;0,0;0,576
Serviços de lavagem, lubrificação e polimento de veículos automotores;"G - Comércio; reparação de veículos";Corrente;Alto-Baixo;0,001;2,0;0,0
Serviços de lavagem, lubrificação e polimento de veículos automotores;"G - Comércio; reparação de veículos";Cristalândia do Piauí;Baixo-Alto;0,037;0,0;0,549
Serviços de lavagem, lubrificação e polimento de veículos automotores;"G - Comércio; reparação de veículos";Currais;Baixo-Alto;0,044;0,0;0,358
Serviços de lavagem, lubrificação e polimento de veículos automotores;"G - Comércio; reparação de veículos";Demerval Lobão;Alto-Baixo;0,001;1,0;0,0
Serviços de lavagem, lubrificação e polimento de veículos automotores;"G - Comércio; reparação de veículos";Dirceu Arcoverde;Baixo-Alto;0,049;0,0;0,347
Serviços de lavagem, lubrificação e polimento de veículos automotores;"G - Comércio; reparação de veículos";Fartura do Piauí;Baixo-Alto;0,036;0,0;0,462
Serviços de lavagem, lubrificação e polimento de veículos automotores;"G - Comércio; reparação de veículos";Gilbués;Baixo-Alto;0,037;0,0;0,256
Serviços de lavagem, lubrificação e polimento de veículos automotores;"G - Comércio; reparação de veículos";Guaribas;Baixo-Alto;0,045;0,0;0,358
Serviços de lavagem, lubrificação e polimento de veículos automotores;"G - Comércio; reparação de veículos";José de Freitas;Alto-Alto;0,005;1,0;0,499
Serviços de lavagem, lubrificação e polimento de veículos automotores;"G - Comércio; reparação de veículos";Lagoa de São Francisco;Baixo-Alto;0,048;0,0;0,347
Serviços de lavagem, lubrificação e polimento de veículos automotores;"G - Comércio; reparação de veículos";Monte Alegre do Piauí;Baixo-Alto;0,035;0,0;0,448
Serviços de lavagem, lubrificação e polimento de veículos automotores;"G - Comércio; reparação de veículos";Morro Cabeça no Tempo;Baixo-Alto;0,035;0,0;0,448
Serviços de lavagem, lubrificação e polimento de veículos automotores;"G - Comércio; reparação de veículos";Pau D'Arco do Piauí;Baixo-Alto;0,023;0,0;0,384
Serviços de lavagem, lubrificação e polimento de veículos automotores;"G - Comércio; reparação de veículos";Piripiri;Alto-Baixo;0,001;1,0;0,0
Serviços de lavagem, lubrificação e polimento de veículos automotores;"G - Comércio; reparação de veículos";Redenção do Gurguéia;Baixo-Alto;0,046;0,0;0,358
Serviços de lavagem, lubrificação e polimento de veículos automotores;"G - Comércio; reparação de veículos";Ribeiro Gonçalves;Baixo-Alto;0,035;0,0;0,462
Serviços de lavagem, lubrificação e polimento de veículos automotores;"G - Comércio; reparação de veículos";Santa Luz;Baixo-Alto;0,046;0,0;0,358
Serviços de lavagem, lubrificação e polimento de veículos automotores;"G - Comércio; reparação de veículos";São Lourenço do Piauí;Baixo-Alto;0,035;0,0;0,462
Serviços de lavagem, lubrificação e polimento de veículos automotores;"G - Comércio; reparação de veículos";Teresina;Baixo-Alto;0,003;0,0;0,369
Serviços de lavagem, lubrificação e polimento de veículos automotores;"G - Comércio; reparação de veículos";Uruçuí;Alto-Baixo;0,001;3,0;0,0
Serviços de lavagem, lubrificação e polimento de veículos automotores;"G - Comércio; reparação de veículos";Valença do Piauí;Alto-Baixo;0,001;1,0;0,0
Serviços de manutenção e reparação mecânica de veículos automotores;"G - Comércio; reparação de veículos";Altos;Alto-Alto;0,025;6,0;0,693
Serviços de manutenção e reparação mecânica de veículos automotores;"G - Comércio; reparação de veículos";Barras;Alto-Alto;0,02;3,0;0,531
Serviços de manutenção e reparação mecânica de veículos automotores;"G - Comércio; reparação de veículos";Batalha;Baixo-Alto;0,002;0,0;0,805
Serviços de manutenção e reparação mecânica de veículos automotores;"G - Comércio; reparação de veículos";Beneditinos;Baixo-Alto;0,021;0,0;0,562
Serviços de manutenção e reparação mecânica de veículos automotores;"G - Comércio; reparação de veículos";Boa Hora;Baixo-Alto;0,001;0,0;1,154
Serviços de manutenção e reparação mecânica de veículos automotores;"G - Comércio; reparação de veículos";Cabeceiras do Piauí;Baixo-Alto;0,003;0,0;0,78
Serviços de manutenção e reparação mecânica de veículos automotores;"G - Comércio; reparação de veículos";Campo Alegre do Fidalgo;Baixo-Alto;0,041;0,0;0,515
Serviços de manutenção e reparação mecânica de veículos automotores;"G - Comércio; reparação de veículos";Campo Largo do Piauí;Baixo-Alto;0,039;0,0;0,555
Serviços de manutenção e reparação mecânica de veículos automotores;"G - Comércio; reparação de veículos";Capitão Gervásio Oliveira;Baixo-Alto;0,02;0,0;0,773
Serviços de manutenção e reparação mecânica de veículos automotores;"G - Comércio; reparação de veículos";Capitão de Campos;Alto-Alto;0,007;1,0;0,73
Serviços de manutenção e reparação mecânica de veículos automotores;"G - Comércio; reparação de veículos";Cocal de Telha;Baixo-Alto;0,007;0,0;0,832
Serviços de manutenção e reparação mecânica de veículos automotores;"G - Comércio; reparação de veículos";Coivaras;Baixo-Alto;0,006;0,0;1,006
Serviços de manutenção e reparação mecânica de veículos automotores;"G - Comércio; reparação de veículos";Curimatá;Alto-Baixo;0,001;1,0;0,0
Serviços de manutenção e reparação mecânica de veículos automotores;"G - Comércio; reparação de veículos";Demerval Lobão;Alto-Baixo;0,001;16,0;0,0
Serviços de manutenção e reparação mecânica de veículos automotores;"G - Comércio; reparação de veículos";Dom Inocêncio;Baixo-Alto;0,041;0,0;0,618
Serviços de manutenção e reparação mecânica de veículos automotores;"G - Comércio; reparação de veículos";Domingos Mourão;Baixo-Alto;0,029;0,0;0,749
Serviços de manutenção e reparação mecânica de veículos automotores;"G - Comércio; reparação de veículos";José de Freitas;Alto-Alto;0,014;3,0;0,786
Serviços de manutenção e reparação mecânica de veículos automotores;"G - Comércio; reparação de veículos";João Costa;Baixo-Alto;0,03;0,0;0,631
Serviços de manutenção e reparação mecânica de veículos automotores;"G - Comércio; reparação de veículos";Lagoa de São Francisco;Baixo-Alto;0,004;0,0;1,498
Serviços de manutenção e reparação mecânica de veículos automotores;"G - Comércio; reparação de veículos";Lagoa do Piauí;Baixo-Alto;0,021;0,0;0,786
Serviços de manutenção e reparação mecânica de veículos automotores;"G - Comércio; reparação de veículos";Monsenhor Gil;Alto-Baixo;0,001;2,0;0,0
Serviços de manutenção e reparação mecânica de veículos automotores;"G - Comércio; reparação de veículos";Nossa Senhora de Nazaré;Baixo-Alto;0,021;0,0;0,866
Serviços de manutenção e reparação mecânica de veículos automotores;"G - Comércio; reparação de veículos";Nova Santa Rita;Baixo-Alto;0,018;0,0;0,757
Serviços de manutenção e reparação mecânica de veículos automotores;"G - Comércio; reparação de veículos";Pau D'Arco do Piauí;Baixo-Alto;0,011;0,0;0,797
Serviços de manutenção e reparação mecânica de veículos automotores;"G - Comércio; reparação de veículos";Pedro Laurentino;Baixo-Alto;0,021;0,0;0,757
Serviços de manutenção e reparação mecânica de veículos automotores;"G - Comércio; reparação de veículos";Pio IX;Alto-Baixo;0,001;1,0;0,0
Serviços de manutenção e reparação mecânica de veículos automotores;"G - Comércio; reparação de veículos";Rio Grande do Piauí;Alto-Baixo;0,001;2,0;0,0
Serviços de manutenção e reparação mecânica de veículos automotores;"G - Comércio; reparação de veículos";São João do Piauí;Alto-Baixo;0,001;10,0;0,0
Serviços de manutenção e reparação mecânica de veículos automotores;"G - Comércio; reparação de veículos";Teresina;Baixo-Alto;0,002;0,0;0,796
Serviços de manutenção e reparação mecânica de veículos automotores;"G - Comércio; reparação de veículos";Valença do Piauí;Alto-Baixo;0,001;1,0;0,0
Serviços de organização de feiras, congressos, exposições e festas;N - Atividades administrativas e serviços complementares;Altos;Baixo-Alto;0,028;0,0;0,578
Serviços de organização de feiras, congressos, exposições e festas;N - Atividades administrativas e serviços complementares;Boa Hora;Baixo-Alto;0,04;0,0;0,358
Serviços de organização de feiras, congressos, exposições e festas;N - Atividades administrativas e serviços complementares;Bom Princípio do Piauí;Baixo-Alto;0,002;0,0;0,842
Serviços de organização de feiras, congressos, exposições e festas;N - Atividades administrativas e serviços complementares;Brasileira;Baixo-Alto;0,04;0,0;0,358
Serviços de organização de feiras, congressos, exposições e festas;N - Atividades administrativas e serviços complementares;Buriti dos Lopes;Baixo-Alto;0,006;0,0;0,561
Serviços de organização de feiras, congressos, exposições e festas;N - Atividades administrativas e serviços complementares;Cabeceiras do Piauí;Baixo-Alto;0,046;0,0;0,361
Serviços de organização de feiras, congressos, exposições e festas;N - Atividades administrativas e serviços complementares;Corrente;Alto-Baixo;0,001;3,0;0,0
Serviços de organização de feiras, congressos, exposições e festas;N - Atividades administrativas e serviços complementares;Cristalândia do Piauí;Baixo-Alto;0,034;0,0;0,693
Serviços de organização de feiras, congressos, exposições e festas;N - Atividades administrativas e serviços complementares;Demerval Lobão;Alto-Baixo;0,001;2,0;0,0
Serviços de organização de feiras, congressos, exposições e festas;N - Atividades administrativas e serviços complementares;Domingos Mourão;Baixo-Alto;0,033;0,0;0,448
Serviços de organização de feiras, congressos, exposições e festas;N - Atividades administrativas e serviços complementares;Ilha Grande;Baixo-Alto;0,001;0,0;3,367
Serviços de organização de feiras, congressos, exposições e festas;N - Atividades administrativas e serviços complementares;Lagoa Alegre;Baixo-Alto;0,032;0,0;0,448
Serviços de organização de feiras, congressos, exposições e festas;N - Atividades administrativas e serviços complementares;Lagoa de São Francisco;Baixo-Alto;0,016;0,0;0,896
Serviços de organização de feiras, congressos, exposições e festas;N - Atividades administrativas e serviços complementares;Luís Correia;Baixo-Alto;0,002;0,0;0,842
Serviços de organização de feiras, congressos, exposições e festas;N - Atividades administrativas e serviços complementares;Parnaíba;Alto-Baixo;0,001;28,0;0,0
Serviços de organização de feiras, congressos, exposições e festas;N - Atividades administrativas e serviços complementares;União;Baixo-Alto;0,024;0,0;0,448
Serviços de organização de feiras, congressos, exposições e festas;N - Atividades administrativas e serviços complementares;Água Branca;Alto-Baixo;0,001;2,0;0,0
Serviços especializados para construção não especificados anteriormente;F - Construção;Alvorada do Gurguéia;Baixo-Alto;0,024;0,0;0,543
Serviços especializados para construção não especificados anteriormente;F - Construção;Antônio Almeida;Baixo-Alto;0,016;0,0;0,815
Serviços especializados para construção não especificados anteriormente;F - Construção;Baixa Grande do Ribeiro;Alto-Alto;0,031;8,0;0,465
Serviços especializados para construção não especificados anteriormente;F - Construção;Batalha;Alto-Baixo;0,001;2,0;0,0
Serviços especializados para construção não especificados anteriormente;F - Construção;Bom Princípio do Piauí;Baixo-Alto;0,034;0,0;0,66
Serviços especializados para construção não especificados anteriormente;F - Construção;Brasileira;Baixo-Alto;0,044;0,0;0,497
Serviços especializados para construção não especificados anteriormente;F - Construção;Buriti dos Lopes;Baixo-Alto;0,024;0,0;0,44
Serviços especializados para construção não especificados anteriormente;F - Construção;Currais;Baixo-Alto;0,044;0,0;0,439
Serviços especializados para construção não especificados anteriormente;F - Construção;Demerval Lobão;Alto-Baixo;0,001;1,0;0,0
Serviços especializados para construção não especificados anteriormente;F - Construção;Ilha Grande;Baixo-Alto;0,01;0,0;2,639
Serviços especializados para construção não especificados anteriormente;F - Construção;Lagoa do Barro do Piauí;Alto-Baixo;0,001;2,0;0,0
Serviços especializados para construção não especificados anteriormente;F - Construção;Luís Correia;Baixo-Alto;0,034;0,0;0,66
Serviços especializados para construção não especificados anteriormente;F - Construção;Manoel Emídio;Baixo-Alto;0,022;0,0;0,543
Serviços especializados para construção não especificados anteriormente;F - Construção;Palmeira do Piauí;Baixo-Alto;0,003;0,0;0,909
Serviços especializados para construção não especificados anteriormente;F - Construção;Ribeiro Gonçalves;Baixo-Alto;0,001;0,0;1,818
Serviços especializados para construção não especificados anteriormente;F - Construção;Santa Filomena;Baixo-Alto;0,031;0,0;0,732
Serviços especializados para construção não especificados anteriormente;F - Construção;Sebastião Leal;Baixo-Alto;0,023;0,0;0,543
Serviços especializados para construção não especificados anteriormente;F - Construção;União;Alto-Baixo;0,001;1,0;0,0
Soja em grão;IBGE/PAM;Angical do Piauí;Baixo-Alto;0,005;0,0;3,651
Soja em grão;IBGE/PAM;Barreiras do Piauí;Alto-Baixo;0,001;118985,0;0,0
Soja em grão;IBGE/PAM;Boa Hora;Alto-Alto;0,047;5592,0;2,864
Soja em grão;IBGE/PAM;Bom Princípio do Piauí;Baixo-Alto;0,029;0,0;3,972
Soja em grão;IBGE/PAM;Boqueirão do Piauí;Baixo-Alto;0,038;0,0;3,223
Soja em grão;IBGE/PAM;Caraúbas do Piauí;Baixo-Alto;0,004;0,0;4,229
Soja em grão;IBGE/PAM;Cocal dos Alves;Baixo-Alto;0,005;0,0;6,13
Soja em grão;IBGE/PAM;Hugo Napoleão;Baixo-Alto;0,013;0,0;3,829
Soja em grão;IBGE/PAM;Jardim do Mulato;Baixo-Alto;0,029;0,0;2,735
Soja em grão;IBGE/PAM;Lagoinha do Piauí;Baixo-Alto;0,044;0,0;3,195
Soja em grão;IBGE/PAM;Marcos Parente;Baixo-Alto;0,026;0,0;4,173
Soja em grão;IBGE/PAM;Miguel Leão;Baixo-Alto;0,01;0,0;4,085
Soja em grão;IBGE/PAM;Parnaguá;Alto-Baixo;0,001;1922,0;0,0
Soja em grão;IBGE/PAM;Passagem Franca do Piauí;Alto-Baixo;0,001;7307,0;0,0
Soja em grão;IBGE/PAM;Piripiri;Baixo-Alto;0,015;0,0;2,869
Soja em grão;IBGE/PAM;Santo Antônio dos Milagres;Baixo-Alto;0,035;0,0;3,416
Soja em grão;IBGE/PAM;São Gonçalo do Gurguéia;Baixo-Alto;0,034;0,0;2,922
Soja em grão;IBGE/PAM;São Pedro do Piauí;Alto-Alto;0,001;1299,0;4,466
Soja em grão;IBGE/PAM;Água Branca;Baixo-Alto;0,026;0,0;3,484
Tambacu tambatinga;IBGE/PPM;Alto Longá;Alto-Alto;0,003;1006,0;3,71
Tambacu tambatinga;IBGE/PPM;Altos;Baixo-Alto;0,001;0,0;5,697
Tambacu tambatinga;IBGE/PPM;Aroazes;Baixo-Alto;0,018;0,0;3,658
Tambacu tambatinga;IBGE/PPM;Barra D'Alcântara;Alto-Alto;0,026;151,0;3,77
Tambacu tambatinga;IBGE/PPM;Barras;Baixo-Alto;0,029;0,0;3,241
Tambacu tambatinga;IBGE/PPM;Beneditinos;Alto-Alto;0,003;146,0;4,123
Tambacu tambatinga;IBGE/PPM;Campo Largo do Piauí;Baixo-Alto;0,026;0,0;3,642
Tambacu tambatinga;IBGE/PPM;Campo Maior;Alto-Alto;0,001;113,0;4,499
Tambacu tambatinga;IBGE/PPM;Coivaras;Alto-Alto;0,019;347,0;4,174
Tambacu tambatinga;IBGE/PPM;Curralinhos;Alto-Alto;0,025;91,0;3,561
Tambacu tambatinga;IBGE/PPM;Demerval Lobão;Alto-Alto;0,004;288,0;5,344
Tambacu tambatinga;IBGE/PPM;Esperantina;Alto-Alto;0,045;447,0;3,2
Tambacu tambatinga;IBGE/PPM;Francinópolis;Alto-Alto;0,005;128,0;4,937
Tambacu tambatinga;IBGE/PPM;Ilha Grande;Alto-Baixo;0,001;49,0;0,0
Tambacu tambatinga;IBGE/PPM;Jardim do Mulato;Baixo-Alto;0,039;0,0;3,241
Tambacu tambatinga;IBGE/PPM;Jerumenha;Alto-Baixo;0,001;524,0;0,0
Tambacu tambatinga;IBGE/PPM;José de Freitas;Alto-Alto;0,011;471,0;3,924
Tambacu tambatinga;IBGE/PPM;Lagoa Alegre;Baixo-Alto;0,011;0,0;4,567
Tambacu tambatinga;IBGE/PPM;Lagoa do Piauí;Alto-Alto;0,001;103,0;5,693
Tambacu tambatinga;IBGE/PPM;Luzilândia;Baixo-Alto;0,024;0,0;3,508
Tambacu tambatinga;IBGE/PPM;Marcolândia;Alto-Baixo;0,001;160,0;0,0
Tambacu tambatinga;IBGE/PPM;Morro do Chapéu do Piauí;Baixo-Alto;0,006;0,0;4,78
Tambacu tambatinga;IBGE/PPM;Nazária;Alto-Alto;0,032;508,0;5,065
Tambacu tambatinga;IBGE/PPM;Nossa Senhora de Nazaré;Baixo-Alto;0,031;0,0;3,93
Tambacu tambatinga;IBGE/PPM;Nossa Senhora dos Remédios;Alto-Baixo;0,001;365,0;0,0
Tambacu tambatinga;IBGE/PPM;Novo Oriente do Piauí;Baixo-Alto;0,014;0,0;4,163
Tambacu tambatinga;IBGE/PPM;Novo Santo Antônio;Alto-Alto;0,001;77,0;5,411
Tambacu tambatinga;IBGE/PPM;Palmeirais;Alto-Alto;0,002;30,0;4,501
Tambacu tambatinga;IBGE/PPM;Pau D'Arco do Piauí;Alto-Alto;0,001;154,0;5,02
Tambacu tambatinga;IBGE/PPM;Prata do Piauí;Baixo-Alto;0,015;0,0;4,119
Tambacu tambatinga;IBGE/PPM;Regeneração;Alto-Alto;0,008;119,0;3,85
Tambacu tambatinga;IBGE/PPM;Sigefredo Pacheco;Alto-Alto;0,035;197,0;3,372
Tambacu tambatinga;IBGE/PPM;São José do Peixe;Alto-Baixo;0,041;20,0;0,327
Tambacu tambatinga;IBGE/PPM;São João da Serra;Alto-Alto;0,002;82,0;5,239
Tambacu tambatinga;IBGE/PPM;São Luis do Piauí;Alto-Baixo;0,001;24,0;0,0
Tambacu tambatinga;IBGE/PPM;São Miguel da Baixa Grande;Baixo-Alto;0,021;0,0;3,583
Tambacu tambatinga;IBGE/PPM;Teresina;Alto-Alto;0,001;808,0;4,846
Tambacu tambatinga;IBGE/PPM;Várzea Grande;Alto-Alto;0,008;103,0;4,648
Tambaqui;IBGE/PPM;Aroeiras do Itaim;Baixo-Alto;0,001;0,0;4,254
Tambaqui;IBGE/PPM;Canavieira;Alto-Alto;0,004;4,0;3,051
Tambaqui;IBGE/PPM;Dom Expedito Lopes;Alto-Alto;0,036;10,0;2,946
Tambaqui;IBGE/PPM;Flores do Piauí;Alto-Alto;0,023;6,0;2,872
Tambaqui;IBGE/PPM;Itainópolis;Alto-Alto;0,044;100,0;2,36
Tambaqui;IBGE/PPM;Lagoa Alegre;Alto-Baixo;0,001;277,0;0,0
Tambaqui;IBGE/PPM;Lagoa do Sítio;Alto-Baixo;0,001;24,0;0,0
Tambaqui;IBGE/PPM;Nossa Senhora de Nazaré;Alto-Baixo;0,001;21,0;0,0
Tambaqui;IBGE/PPM;Nossa Senhora dos Remédios;Alto-Baixo;0,001;832,0;0,0
Tambaqui;IBGE/PPM;Paquetá;Alto-Alto;0,046;42,0;2,662
Tambaqui;IBGE/PPM;Patos do Piauí;Baixo-Alto;0,028;0,0;2,513
Tambaqui;IBGE/PPM;Porto Alegre do Piauí;Baixo-Alto;0,034;0,0;3,099
Tambaqui;IBGE/PPM;Ribeira do Piauí;Baixo-Alto;0,034;0,0;2,501
Tambaqui;IBGE/PPM;Santa Cruz do Piauí;Alto-Alto;0,035;17,0;2,369
Tambaqui;IBGE/PPM;Santana do Piauí;Baixo-Alto;0,017;0,0;3,494
Tambaqui;IBGE/PPM;Sussuapara;Alto-Alto;0,015;219,0;2,887
Tambaqui;IBGE/PPM;Vera Mendes;Alto-Alto;0,039;43,0;3,332
Tilápia;IBGE/PPM;Agricolândia;Alto-Baixo;0,001;47,0;0,0
Tilápia;IBGE/PPM;Beneditinos;Baixo-Alto;0,008;0,0;3,148
Tilápia;IBGE/PPM;Boa Hora;Alto-Baixo;0,001;18,0;0,0
Tilápia;IBGE/PPM;Castelo do Piauí;Alto-Baixo;0,001;176,0;0,0
Tilápia;IBGE/PPM;Caxingó;Alto-Baixo;0,001;448,0;0,0
Tilápia;IBGE/PPM;Cocal;Alto-Baixo;0,001;24,0;0,0
Tilápia;IBGE/PPM;Coivaras;Alto-Alto;0,001;14,0;4,948
Tilápia;IBGE/PPM;Dom Expedito Lopes;Baixo-Alto;0,048;0,0;2,977
Tilápia;IBGE/PPM;Flores do Piauí;Alto-Baixo;0,001;4,0;0,0
Tilápia;IBGE/PPM;Ilha Grande;Alto-Baixo;0,001;3,0;0,0
Tilápia;IBGE/PPM;José de Freitas;Baixo-Alto;0,006;0,0;3,378
Tilápia;IBGE/PPM;Lagoa do Piauí;Alto-Alto;0,023;38,0;3,113
Tilápia;IBGE/PPM;Massapê do Piauí;Baixo-Alto;0,025;0,0;3,025
Tilápia;IBGE/PPM;Matias Olímpio;Baixo-Alto;0,018;0,0;3,417
Tilápia;IBGE/PPM;Miguel Leão;Baixo-Alto;0,023;0,0;2,896
Tilápia;IBGE/PPM;Nova Santa Rita;Alto-Baixo;0,001;7,0;0,0
Tilápia;IBGE/PPM;Novo Santo Antônio;Baixo-Alto;0,006;0,0;3,453
Tilápia;IBGE/PPM;Palmeirais;Baixo-Alto;0,018;0,0;2,815
Tilápia;IBGE/PPM;Pau D'Arco do Piauí;Alto-Alto;0,009;21,0;3,079
Tilápia;IBGE/PPM;Paulistana;Alto-Baixo;0,001;27,0;0,0
Tilápia;IBGE/PPM;Pimenteiras;Alto-Baixo;0,032;8,0;0,163
Tilápia;IBGE/PPM;Porto;Baixo-Alto;0,037;0,0;3,345
Tilápia;IBGE/PPM;Santana do Piauí;Baixo-Alto;0,015;0,0;3,486
Tilápia;IBGE/PPM;Santo Antônio de Lisboa;Baixo-Alto;0,01;0,0;3,236
Tilápia;IBGE/PPM;Sigefredo Pacheco;Baixo-Alto;0,041;0,0;2,537
Tilápia;IBGE/PPM;Sussuapara;Alto-Alto;0,009;229,0;3,082
Tilápia;IBGE/PPM;São Raimundo Nonato;Alto-Baixo;0,001;7,0;0,0
Tilápia;IBGE/PPM;Teresina;Baixo-Alto;0,001;0,0;4,04
Transporte escolar;H - Transporte, armazenagem e correio;Acauã;Baixo-Alto;0,016;0,0;0,536
Transporte escolar;H - Transporte, armazenagem e correio;Aroeiras do Itaim;Baixo-Alto;0,004;0,0;0,461
Transporte escolar;H - Transporte, armazenagem e correio;Barreiras do Piauí;Baixo-Alto;0,024;0,0;0,693
Transporte escolar;H - Transporte, armazenagem e correio;Betânia do Piauí;Baixo-Alto;0,015;0,0;0,536
Transporte escolar;H - Transporte, armazenagem e correio;Bom Jesus;Baixo-Alto;0,043;0,0;0,26
Transporte escolar;H - Transporte, armazenagem e correio;Caraúbas do Piauí;Baixo-Alto;0,038;0,0;0,299
Transporte escolar;H - Transporte, armazenagem e correio;Cocal dos Alves;Baixo-Alto;0,014;0,0;0,597
Transporte escolar;H - Transporte, armazenagem e correio;Cristalândia do Piauí;Baixo-Alto;0,024;0,0;0,549
Transporte escolar;H - Transporte, armazenagem e correio;Curral Novo do Piauí;Baixo-Alto;0,034;0,0;0,322
Transporte escolar;H - Transporte, armazenagem e correio;Dom Expedito Lopes;Baixo-Alto;0,004;0,0;0,576
Transporte escolar;H - Transporte, armazenagem e correio;Geminiano;Baixo-Alto;0,008;0,0;0,329
Transporte escolar;H - Transporte, armazenagem e correio;Ipiranga do Piauí;Baixo-Alto;0,002;0,0;0,428
Transporte escolar;H - Transporte, armazenagem e correio;Jacobina do Piauí;Baixo-Alto;0,04;0,0;0,268
Transporte escolar;H - Transporte, armazenagem e correio;Oeiras;Alto-Baixo;0,001;1,0;0,0
Transporte escolar;H - Transporte, armazenagem e correio;Paquetá;Baixo-Alto;0,004;0,0;0,461
Transporte escolar;H - Transporte, armazenagem e correio;Queimada Nova;Baixo-Alto;0,038;0,0;0,402
Transporte escolar;H - Transporte, armazenagem e correio;Riacho Frio;Baixo-Alto;0,006;0,0;0,454
Transporte escolar;H - Transporte, armazenagem e correio;Santa Filomena;Baixo-Alto;0,036;0,0;0,462
Transporte escolar;H - Transporte, armazenagem e correio;Santana do Piauí;Baixo-Alto;0,006;0,0;0,576
Transporte escolar;H - Transporte, armazenagem e correio;Sebastião Barros;Baixo-Alto;0,038;0,0;0,366
Transporte escolar;H - Transporte, armazenagem e correio;Sussuapara;Baixo-Alto;0,011;0,0;0,384
Transporte escolar;H - Transporte, armazenagem e correio;São Gonçalo do Gurguéia;Baixo-Alto;0,006;0,0;0,621
Transporte rodoviário coletivo de passageiros, sob regime de fretamento, intermunicipal, interestadual e internacional;H - Transporte, armazenagem e correio;Acauã;Baixo-Alto;0,011;0,0;1,059
Transporte rodoviário coletivo de passageiros, sob regime de fretamento, intermunicipal, interestadual e internacional;H - Transporte, armazenagem e correio;Alvorada do Gurguéia;Baixo-Alto;0,046;0,0;0,53
Transporte rodoviário coletivo de passageiros, sob regime de fretamento, intermunicipal, interestadual e internacional;H - Transporte, armazenagem e correio;Betânia do Piauí;Alto-Baixo;0,001;2,0;0,0
Transporte rodoviário coletivo de passageiros, sob regime de fretamento, intermunicipal, interestadual e internacional;H - Transporte, armazenagem e correio;Boa Hora;Baixo-Alto;0,036;0,0;0,555
Transporte rodoviário coletivo de passageiros, sob regime de fretamento, intermunicipal, interestadual e internacional;H - Transporte, armazenagem e correio;Brejo do Piauí;Baixo-Alto;0,005;0,0;0,629
Transporte rodoviário coletivo de passageiros, sob regime de fretamento, intermunicipal, interestadual e internacional;H - Transporte, armazenagem e correio;Cajazeiras do Piauí;Baixo-Alto;0,046;0,0;0,528
Transporte rodoviário coletivo de passageiros, sob regime de fretamento, intermunicipal, interestadual e internacional;H - Transporte, armazenagem e correio;Capitão de Campos;Baixo-Alto;0,034;0,0;0,462
Transporte rodoviário coletivo de passageiros, sob regime de fretamento, intermunicipal, interestadual e internacional;H - Transporte, armazenagem e correio;Caracol;Baixo-Alto;0,001;0,0;1,242
Transporte rodoviário coletivo de passageiros, sob regime de fretamento, intermunicipal, interestadual e internacional;H - Transporte, armazenagem e correio;Colônia do Gurguéia;Baixo-Alto;0,013;0,0;0,795
Transporte rodoviário coletivo de passageiros, sob regime de fretamento, intermunicipal, interestadual e internacional;H - Transporte, armazenagem e correio;Colônia do Piauí;Baixo-Alto;0,046;0,0;0,44
Transporte rodoviário coletivo de passageiros, sob regime de fretamento, intermunicipal, interestadual e internacional;H - Transporte, armazenagem e correio;Domingos Mourão;Baixo-Alto;0,033;0,0;0,52
Transporte rodoviário coletivo de passageiros, sob regime de fretamento, intermunicipal, interestadual e internacional;H - Transporte, armazenagem e correio;Eliseu Martins;Baixo-Alto;0,021;0,0;0,53
Transporte rodoviário coletivo de passageiros, sob regime de fretamento, intermunicipal, interestadual e internacional;H - Transporte, armazenagem e correio;Fronteiras;Alto-Baixo;0,001;3,0;0,0
Transporte rodoviário coletivo de passageiros, sob regime de fretamento, intermunicipal, interestadual e internacional;H - Transporte, armazenagem e correio;Guaribas;Baixo-Alto;0,014;0,0;0,636
Transporte rodoviário coletivo de passageiros, sob regime de fretamento, intermunicipal, interestadual e internacional;H - Transporte, armazenagem e correio;Inhuma;Alto-Alto;0,016;2,0;0,534
Transporte rodoviário coletivo de passageiros, sob regime de fretamento, intermunicipal, interestadual e internacional;H - Transporte, armazenagem e correio;Ipiranga do Piauí;Baixo-Alto;0,001;0,0;0,691
Transporte rodoviário coletivo de passageiros, sob regime de fretamento, intermunicipal, interestadual e internacional;H - Transporte, armazenagem e correio;Jurema;Alto-Baixo;0,001;5,0;0,0
Transporte rodoviário coletivo de passageiros, sob regime de fretamento, intermunicipal, interestadual e internacional;H - Transporte, armazenagem e correio;Lagoa de São Francisco;Baixo-Alto;0,008;0,0;1,04
Transporte rodoviário coletivo de passageiros, sob regime de fretamento, intermunicipal, interestadual e internacional;H - Transporte, armazenagem e correio;Lagoa do Sítio;Baixo-Alto;0,017;0,0;0,723
Transporte rodoviário coletivo de passageiros, sob regime de fretamento, intermunicipal, interestadual e internacional;H - Transporte, armazenagem e correio;Novo Oriente do Piauí;Baixo-Alto;0,001;0,0;0,967
Transporte rodoviário coletivo de passageiros, sob regime de fretamento, intermunicipal, interestadual e internacional;H - Transporte, armazenagem e correio;Pajeú do Piauí;Baixo-Alto;0,017;0,0;0,636
Transporte rodoviário coletivo de passageiros, sob regime de fretamento, intermunicipal, interestadual e internacional;H - Transporte, armazenagem e correio;Paulistana;Baixo-Alto;0,022;0,0;0,53
Transporte rodoviário coletivo de passageiros, sob regime de fretamento, intermunicipal, interestadual e internacional;H - Transporte, armazenagem e correio;Pavussu;Baixo-Alto;0,017;0,0;0,636
Transporte rodoviário coletivo de passageiros, sob regime de fretamento, intermunicipal, interestadual e internacional;H - Transporte, armazenagem e correio;Picos;Alto-Baixo;0,001;5,0;0,0
Transporte rodoviário coletivo de passageiros, sob regime de fretamento, intermunicipal, interestadual e internacional;H - Transporte, armazenagem e correio;Piripiri;Alto-Baixo;0,001;7,0;0,0
Transporte rodoviário coletivo de passageiros, sob regime de fretamento, intermunicipal, interestadual e internacional;H - Transporte, armazenagem e correio;Rio Grande do Piauí;Baixo-Alto;0,017;0,0;0,636
Transporte rodoviário coletivo de passageiros, sob regime de fretamento, intermunicipal, interestadual e internacional;H - Transporte, armazenagem e correio;Santa Rosa do Piauí;Baixo-Alto;0,013;0,0;0,88
Transporte rodoviário coletivo de passageiros, sob regime de fretamento, intermunicipal, interestadual e internacional;H - Transporte, armazenagem e correio;São Braz do Piauí;Baixo-Alto;0,03;0,0;0,497
Transporte rodoviário coletivo de passageiros, sob regime de fretamento, intermunicipal, interestadual e internacional;H - Transporte, armazenagem e correio;Tamboril do Piauí;Baixo-Alto;0,001;0,0;1,242
Transporte rodoviário coletivo de passageiros, sob regime de fretamento, intermunicipal, interestadual e internacional;H - Transporte, armazenagem e correio;Várzea Grande;Baixo-Alto;0,024;0,0;0,66
Transporte rodoviário coletivo de passageiros, sob regime de fretamento, intermunicipal, interestadual e internacional;H - Transporte, armazenagem e correio;Wall Ferraz;Baixo-Alto;0,028;0,0;0,528
Transporte rodoviário coletivo de passageiros, sob regime de fretamento, municipal;H - Transporte, armazenagem e correio;Altos;Baixo-Alto;0,004;0,0;0,761
Transporte rodoviário coletivo de passageiros, sob regime de fretamento, municipal;H - Transporte, armazenagem e correio;Anísio de Abreu;Alto-Baixo;0,001;2,0;0,0
Transporte rodoviário coletivo de passageiros, sob regime de fretamento, municipal;H - Transporte, armazenagem e correio;Bela Vista do Piauí;Baixo-Alto;0,025;0,0;0,542
Transporte rodoviário coletivo de passageiros, sob regime de fretamento, municipal;H - Transporte, armazenagem e correio;Bom Princípio do Piauí;Baixo-Alto;0,048;0,0;0,347
Transporte rodoviário coletivo de passageiros, sob regime de fretamento, municipal;H - Transporte, armazenagem e correio;Boqueirão do Piauí;Alto-Baixo;0,001;2,0;0,0
Transporte rodoviário coletivo de passageiros, sob regime de fretamento, municipal;H - Transporte, armazenagem e correio;Cabeceiras do Piauí;Baixo-Alto;0,001;0,0;0,7
Transporte rodoviário coletivo de passageiros, sob regime de fretamento, municipal;H - Transporte, armazenagem e correio;Campinas do Piauí;Baixo-Alto;0,036;0,0;0,402
Transporte rodoviário coletivo de passageiros, sob regime de fretamento, municipal;H - Transporte, armazenagem e correio;Campo Maior;Baixo-Alto;0,005;0,0;0,381
Transporte rodoviário coletivo de passageiros, sob regime de fretamento, municipal;H - Transporte, armazenagem e correio;Floriano;Alto-Baixo;0,001;1,0;0,0
Transporte rodoviário coletivo de passageiros, sob regime de fretamento, municipal;H - Transporte, armazenagem e correio;Ilha Grande;Baixo-Alto;0,012;0,0;1,386
Transporte rodoviário coletivo de passageiros, sob regime de fretamento, municipal;H - Transporte, armazenagem e correio;José de Freitas;Alto-Baixo;0,001;44,0;0,0
Transporte rodoviário coletivo de passageiros, sob regime de fretamento, municipal;H - Transporte, armazenagem e correio;Jurema;Baixo-Alto;0,039;0,0;0,358
Transporte rodoviário coletivo de passageiros, sob regime de fretamento, municipal;H - Transporte, armazenagem e correio;Lagoa Alegre;Baixo-Alto;0,001;0,0;1,125
Transporte rodoviário coletivo de passageiros, sob regime de fretamento, municipal;H - Transporte, armazenagem e correio;Luís Correia;Baixo-Alto;0,049;0,0;0,347
Transporte rodoviário coletivo de passageiros, sob regime de fretamento, municipal;H - Transporte, armazenagem e correio;Miguel Alves;Alto-Baixo;0,001;1,0;0,0
Transporte rodoviário coletivo de passageiros, sob regime de fretamento, municipal;H - Transporte, armazenagem e correio;Nova Santa Rita;Baixo-Alto;0,032;0,0;0,542
Transporte rodoviário coletivo de passageiros, sob regime de fretamento, municipal;H - Transporte, armazenagem e correio;Paes Landim;Baixo-Alto;0,033;0,0;0,402
Transporte rodoviário coletivo de passageiros, sob regime de fretamento, municipal;H - Transporte, armazenagem e correio;Parnaíba;Alto-Baixo;0,001;3,0;0,0
Transporte rodoviário coletivo de passageiros, sob regime de fretamento, municipal;H - Transporte, armazenagem e correio;Pedro Laurentino;Baixo-Alto;0,046;0,0;0,322
Transporte rodoviário coletivo de passageiros, sob regime de fretamento, municipal;H - Transporte, armazenagem e correio;Ribeiro Gonçalves;Baixo-Alto;0,016;0,0;0,597
Transporte rodoviário coletivo de passageiros, sob regime de fretamento, municipal;H - Transporte, armazenagem e correio;Santa Filomena;Alto-Baixo;0,001;1,0;0,0
Transporte rodoviário coletivo de passageiros, sob regime de fretamento, municipal;H - Transporte, armazenagem e correio;Tamboril do Piauí;Alto-Baixo;0,001;1,0;0,0
Transporte rodoviário coletivo de passageiros, sob regime de fretamento, municipal;H - Transporte, armazenagem e correio;Teresina;Baixo-Alto;0,021;0,0;0,381
Transporte rodoviário coletivo de passageiros, sob regime de fretamento, municipal;H - Transporte, armazenagem e correio;União;Baixo-Alto;0,001;0,0;1,125
Transporte rodoviário coletivo de passageiros, sob regime de fretamento, municipal;H - Transporte, armazenagem e correio;Uruçuí;Alto-Baixo;0,001;2,0;0,0
Transporte rodoviário coletivo de passageiros, sob regime de fretamento, municipal;H - Transporte, armazenagem e correio;Água Branca;Alto-Baixo;0,001;2,0;0,0
Transporte rodoviário de carga, exceto produtos perigosos e mudanças, intermunicipal, interestadual e internacional;H - Transporte, armazenagem e correio;Avelino Lopes;Baixo-Alto;0,027;0,0;1,359
Transporte rodoviário de carga, exceto produtos perigosos e mudanças, intermunicipal, interestadual e internacional;H - Transporte, armazenagem e correio;Barras;Alto-Alto;0,034;1,0;0,836
Transporte rodoviário de carga, exceto produtos perigosos e mudanças, intermunicipal, interestadual e internacional;H - Transporte, armazenagem e correio;Batalha;Baixo-Alto;0,004;0,0;1,368
Transporte rodoviário de carga, exceto produtos perigosos e mudanças, intermunicipal, interestadual e internacional;H - Transporte, armazenagem e correio;Boa Hora;Baixo-Alto;0,021;0,0;1,154
Transporte rodoviário de carga, exceto produtos perigosos e mudanças, intermunicipal, interestadual e internacional;H - Transporte, armazenagem e correio;Brasileira;Baixo-Alto;0,008;0,0;1,454
Transporte rodoviário de carga, exceto produtos perigosos e mudanças, intermunicipal, interestadual e internacional;H - Transporte, armazenagem e correio;Canto do Buriti;Alto-Baixo;0,001;2,0;0,0
Transporte rodoviário de carga, exceto produtos perigosos e mudanças, intermunicipal, interestadual e internacional;H - Transporte, armazenagem e correio;Capitão de Campos;Baixo-Alto;0,042;0,0;0,846
Transporte rodoviário de carga, exceto produtos perigosos e mudanças, intermunicipal, interestadual e internacional;H - Transporte, armazenagem e correio;Coronel José Dias;Baixo-Alto;0,044;0,0;0,94
Transporte rodoviário de carga, exceto produtos perigosos e mudanças, intermunicipal, interestadual e internacional;H - Transporte, armazenagem e correio;Cristalândia do Piauí;Baixo-Alto;0,034;0,0;1,748
Transporte rodoviário de carga, exceto produtos perigosos e mudanças, intermunicipal, interestadual e internacional;H - Transporte, armazenagem e correio;Dom Expedito Lopes;Alto-Baixo;0,001;3,0;0,0
Transporte rodoviário de carga, exceto produtos perigosos e mudanças, intermunicipal, interestadual e internacional;H - Transporte, armazenagem e correio;Domingos Mourão;Baixo-Alto;0,024;0,0;1,269
Transporte rodoviário de carga, exceto produtos perigosos e mudanças, intermunicipal, interestadual e internacional;H - Transporte, armazenagem e correio;Fartura do Piauí;Baixo-Alto;0,022;0,0;1,567
Transporte rodoviário de carga, exceto produtos perigosos e mudanças, intermunicipal, interestadual e internacional;H - Transporte, armazenagem e correio;Itaueira;Alto-Baixo;0,001;1,0;0,0
Transporte rodoviário de carga, exceto produtos perigosos e mudanças, intermunicipal, interestadual e internacional;H - Transporte, armazenagem e correio;Júlio Borges;Baixo-Alto;0,021;0,0;1,59
Transporte rodoviário de carga, exceto produtos perigosos e mudanças, intermunicipal, interestadual e internacional;H - Transporte, armazenagem e correio;Lagoa de São Francisco;Baixo-Alto;0,015;0,0;2,538
Transporte rodoviário de carga, exceto produtos perigosos e mudanças, intermunicipal, interestadual e internacional;H - Transporte, armazenagem e correio;Morro Cabeça no Tempo;Baixo-Alto;0,041;0,0;1,019
Transporte rodoviário de carga, exceto produtos perigosos e mudanças, intermunicipal, interestadual e internacional;H - Transporte, armazenagem e correio;Parnaguá;Alto-Alto;0,006;1,0;1,515
Transporte rodoviário de carga, exceto produtos perigosos e mudanças, intermunicipal, interestadual e internacional;H - Transporte, armazenagem e correio;Pedro II;Baixo-Alto;0,045;0,0;0,846
Transporte rodoviário de carga, exceto produtos perigosos e mudanças, intermunicipal, interestadual e internacional;H - Transporte, armazenagem e correio;Riacho Frio;Baixo-Alto;0,002;0,0;1,495
Transporte rodoviário de carga, exceto produtos perigosos e mudanças, intermunicipal, interestadual e internacional;H - Transporte, armazenagem e correio;Sebastião Barros;Baixo-Alto;0,035;0,0;1,397
Transporte rodoviário de carga, exceto produtos perigosos e mudanças, intermunicipal, interestadual e internacional;H - Transporte, armazenagem e correio;São Gonçalo do Gurguéia;Baixo-Alto;0,023;0,0;1,423
Transporte rodoviário de carga, exceto produtos perigosos e mudanças, intermunicipal, interestadual e internacional;H - Transporte, armazenagem e correio;São João do Piauí;Alto-Baixo;0,001;1,0;0,0
Transporte rodoviário de carga, exceto produtos perigosos e mudanças, intermunicipal, interestadual e internacional;H - Transporte, armazenagem e correio;São Lourenço do Piauí;Baixo-Alto;0,031;0,0;1,567
Transporte rodoviário de carga, exceto produtos perigosos e mudanças, intermunicipal, interestadual e internacional;H - Transporte, armazenagem e correio;Teresina;Baixo-Alto;0,043;0,0;0,714
Transporte rodoviário de carga, exceto produtos perigosos e mudanças, municipal;H - Transporte, armazenagem e correio;Aroeiras do Itaim;Baixo-Alto;0,031;0,0;0,567
Transporte rodoviário de carga, exceto produtos perigosos e mudanças, municipal;H - Transporte, armazenagem e correio;Barras;Baixo-Alto;0,046;0,0;0,441
Transporte rodoviário de carga, exceto produtos perigosos e mudanças, municipal;H - Transporte, armazenagem e correio;Batalha;Baixo-Alto;0,011;0,0;0,603
Transporte rodoviário de carga, exceto produtos perigosos e mudanças, municipal;H - Transporte, armazenagem e correio;Boa Hora;Baixo-Alto;0,025;0,0;0,705
Transporte rodoviário de carga, exceto produtos perigosos e mudanças, municipal;H - Transporte, armazenagem e correio;Brasileira;Alto-Alto;0,025;1,0;0,705
Transporte rodoviário de carga, exceto produtos perigosos e mudanças, municipal;H - Transporte, armazenagem e correio;Brejo do Piauí;Baixo-Alto;0,034;0,0;0,395
Transporte rodoviário de carga, exceto produtos perigosos e mudanças, municipal;H - Transporte, armazenagem e correio;Capitão Gervásio Oliveira;Baixo-Alto;0,04;0,0;0,486
Transporte rodoviário de carga, exceto produtos perigosos e mudanças, municipal;H - Transporte, armazenagem e correio;Capitão de Campos;Baixo-Alto;0,004;0,0;0,819
Transporte rodoviário de carga, exceto produtos perigosos e mudanças, municipal;H - Transporte, armazenagem e correio;Corrente;Alto-Baixo;0,001;4,0;0,0
Transporte rodoviário de carga, exceto produtos perigosos e mudanças, municipal;H - Transporte, armazenagem e correio;Cristalândia do Piauí;Baixo-Alto;0,031;0,0;0,805
Transporte rodoviário de carga, exceto produtos perigosos e mudanças, municipal;H - Transporte, armazenagem e correio;Dom Expedito Lopes;Baixo-Alto;0,027;0,0;0,708
Transporte rodoviário de carga, exceto produtos perigosos e mudanças, municipal;H - Transporte, armazenagem e correio;Domingos Mourão;Baixo-Alto;0,001;0,0;1,401
Transporte rodoviário de carga, exceto produtos perigosos e mudanças, municipal;H - Transporte, armazenagem e correio;Fartura do Piauí;Baixo-Alto;0,045;0,0;0,536
Transporte rodoviário de carga, exceto produtos perigosos e mudanças, municipal;H - Transporte, armazenagem e correio;Flores do Piauí;Alto-Baixo;0,001;1,0;0,0
Transporte rodoviário de carga, exceto produtos perigosos e mudanças, municipal;H - Transporte, armazenagem e correio;João Costa;Baixo-Alto;0,01;0,0;0,593
Transporte rodoviário de carga, exceto produtos perigosos e mudanças, municipal;H - Transporte, armazenagem e correio;Lagoa de São Francisco;Baixo-Alto;0,001;0,0;2,456
Transporte rodoviário de carga, exceto produtos perigosos e mudanças, municipal;H - Transporte, armazenagem e correio;Paquetá;Baixo-Alto;0,033;0,0;0,567
Transporte rodoviário de carga, exceto produtos perigosos e mudanças, municipal;H - Transporte, armazenagem e correio;Pedro II;Alto-Alto;0,016;3,0;0,588
Transporte rodoviário de carga, exceto produtos perigosos e mudanças, municipal;H - Transporte, armazenagem e correio;Picos;Alto-Baixo;0,001;16,0;0,0
Transporte rodoviário de carga, exceto produtos perigosos e mudanças, municipal;H - Transporte, armazenagem e correio;Ribeiro Gonçalves;Baixo-Alto;0,034;0,0;0,828
Transporte rodoviário de carga, exceto produtos perigosos e mudanças, municipal;H - Transporte, armazenagem e correio;Santana do Piauí;Baixo-Alto;0,029;0,0;0,708
Transporte rodoviário de carga, exceto produtos perigosos e mudanças, municipal;H - Transporte, armazenagem e correio;São Gonçalo do Piauí;Alto-Baixo;0,001;1,0;0,0
Transporte rodoviário de carga, exceto produtos perigosos e mudanças, municipal;H - Transporte, armazenagem e correio;São João do Piauí;Alto-Baixo;0,001;6,0;0,0
Transporte rodoviário de carga, exceto produtos perigosos e mudanças, municipal;H - Transporte, armazenagem e correio;São Lourenço do Piauí;Baixo-Alto;0,049;0,0;0,536
Transporte rodoviário de carga, exceto produtos perigosos e mudanças, municipal;H - Transporte, armazenagem e correio;São Raimundo Nonato;Alto-Baixo;0,001;4,0;0,0
Transporte rodoviário de produtos perigosos;H - Transporte, armazenagem e correio;Alvorada do Gurguéia;Baixo-Alto;0,017;0,0;0,414
Transporte rodoviário de produtos perigosos;H - Transporte, armazenagem e correio;Angical do Piauí;Baixo-Alto;0,002;0,0;0,594
Transporte rodoviário de produtos perigosos;H - Transporte, armazenagem e correio;Arraial;Baixo-Alto;0,003;0,0;0,578
Transporte rodoviário de produtos perigosos;H - Transporte, armazenagem e correio;Betânia do Piauí;Baixo-Alto;0,049;0,0;0,462
Transporte rodoviário de produtos perigosos;H - Transporte, armazenagem e correio;Brasileira;Baixo-Alto;0,049;0,0;0,358
Transporte rodoviário de produtos perigosos;H - Transporte, armazenagem e correio;Canavieira;Baixo-Alto;0,048;0,0;0,343
Transporte rodoviário de produtos perigosos;H - Transporte, armazenagem e correio;Caracol;Alto-Baixo;0,001;2,0;0,0
Transporte rodoviário de produtos perigosos;H - Transporte, armazenagem e correio;Cocal dos Alves;Baixo-Alto;0,035;0,0;0,597
Transporte rodoviário de produtos perigosos;H - Transporte, armazenagem e correio;Elesbão Veloso;Baixo-Alto;0,043;0,0;0,252
Transporte rodoviário de produtos perigosos;H - Transporte, armazenagem e correio;Flores do Piauí;Baixo-Alto;0,018;0,0;0,48
Transporte rodoviário de produtos perigosos;H - Transporte, armazenagem e correio;Floriano;Baixo-Alto;0,002;0,0;0,631
Transporte rodoviário de produtos perigosos;H - Transporte, armazenagem e correio;Francinópolis;Baixo-Alto;0,033;0,0;0,416
Transporte rodoviário de produtos perigosos;H - Transporte, armazenagem e correio;Guaribas;Baixo-Alto;0,013;0,0;0,497
Transporte rodoviário de produtos perigosos;H - Transporte, armazenagem e correio;Itaueira;Alto-Baixo;0,001;10,0;0,0
Transporte rodoviário de produtos perigosos;H - Transporte, armazenagem e correio;Jerumenha;Baixo-Alto;0,02;0,0;0,4
Transporte rodoviário de produtos perigosos;H - Transporte, armazenagem e correio;Palmeira do Piauí;Baixo-Alto;0,016;0,0;0,414
Transporte rodoviário de produtos perigosos;H - Transporte, armazenagem e correio;Pavussu;Baixo-Alto;0,011;0,0;0,48
Transporte rodoviário de produtos perigosos;H - Transporte, armazenagem e correio;Piracuruca;Alto-Baixo;0,001;5,0;0,0
Transporte rodoviário de produtos perigosos;H - Transporte, armazenagem e correio;Rio Grande do Piauí;Baixo-Alto;0,014;0,0;0,48
Transporte rodoviário de produtos perigosos;H - Transporte, armazenagem e correio;São José do Divino;Baixo-Alto;0,04;0,0;0,448
Transporte rodoviário de produtos perigosos;H - Transporte, armazenagem e correio;São João da Fronteira;Baixo-Alto;0,04;0,0;0,448
Transporte rodoviário de produtos perigosos;H - Transporte, armazenagem e correio;São Raimundo Nonato;Alto-Baixo;0,001;1,0;0,0
Transporte rodoviário de produtos perigosos;H - Transporte, armazenagem e correio;União;Alto-Baixo;0,001;2,0;0,0
Transporte rodoviário de produtos perigosos;H - Transporte, armazenagem e correio;Uruçuí;Alto-Baixo;0,001;2,0;0,0
Treinamento em desenvolvimento profissional e gerencial;P - Educação;Agricolândia;Alto-Baixo;0,001;5,0;0,0
Treinamento em desenvolvimento profissional e gerencial;P - Educação;Barras;Alto-Alto;0,003;5,0;0,784
Treinamento em desenvolvimento profissional e gerencial;P - Educação;Batalha;Baixo-Alto;0,002;0,0;0,809
Treinamento em desenvolvimento profissional e gerencial;P - Educação;Boa Hora;Baixo-Alto;0,014;0,0;0,774
Treinamento em desenvolvimento profissional e gerencial;P - Educação;Cabeceiras do Piauí;Baixo-Alto;0,021;0,0;0,524
Treinamento em desenvolvimento profissional e gerencial;P - Educação;Campo Largo do Piauí;Baixo-Alto;0,002;0,0;0,981
Treinamento em desenvolvimento profissional e gerencial;P - Educação;Colônia do Gurguéia;Alto-Baixo;0,001;3,0;0,0
Treinamento em desenvolvimento profissional e gerencial;P - Educação;Dirceu Arcoverde;Baixo-Alto;0,011;0,0;0,973
Treinamento em desenvolvimento profissional e gerencial;P - Educação;Dom Inocêncio;Baixo-Alto;0,044;0,0;0,528
Treinamento em desenvolvimento profissional e gerencial;P - Educação;Domingos Mourão;Baixo-Alto;0,027;0,0;0,693
Treinamento em desenvolvimento profissional e gerencial;P - Educação;João Costa;Baixo-Alto;0,005;0,0;0,764
Treinamento em desenvolvimento profissional e gerencial;P - Educação;Lagoa Alegre;Baixo-Alto;0,02;0,0;0,773
Treinamento em desenvolvimento profissional e gerencial;P - Educação;Lagoa de São Francisco;Baixo-Alto;0,008;0,0;1,386
Treinamento em desenvolvimento profissional e gerencial;P - Educação;Lagoinha do Piauí;Baixo-Alto;0,039;0,0;0,578
Treinamento em desenvolvimento profissional e gerencial;P - Educação;Luís Correia;Alto-Baixo;0,001;1,0;0,0
Treinamento em desenvolvimento profissional e gerencial;P - Educação;Miguel Alves;Alto-Alto;0,004;10,0;0,798
Treinamento em desenvolvimento profissional e gerencial;P - Educação;Nossa Senhora dos Remédios;Baixo-Alto;0,001;0,0;1,623
Treinamento em desenvolvimento profissional e gerencial;P - Educação;Porto;Alto-Alto;0,026;9,0;0,799
Treinamento em desenvolvimento profissional e gerencial;P - Educação;Queimada Nova;Alto-Baixo;0,001;1,0;0,0
Treinamento em desenvolvimento profissional e gerencial;P - Educação;Regeneração;Alto-Baixo;0,001;1,0;0,0
Treinamento em desenvolvimento profissional e gerencial;P - Educação;São João do Piauí;Alto-Baixo;0,001;1,0;0,0
Treinamento em desenvolvimento profissional e gerencial;P - Educação;São Lourenço do Piauí;Baixo-Alto;0,004;0,0;1,297
Treinamento em desenvolvimento profissional e gerencial;P - Educação;União;Alto-Alto;0,043;1,0;0,599
